split,piece,channel,pattern,method,gaps,works,performances,targets,pairs,moving_pairs,mse,rmse,step_mse,value_gain_percent,step_gain_percent,step_amplitude_percent,direction_percent
train,Bach/Fugue/bwv_848/midi_score.mid,articulation,abrupt,cnn,61,1,9,227,166,165,4.230024267781117,2.056702279811329,8.413185462072406,4.278581196437459,0.11891495864726487,9.257695608853039,47.878787878787875
train,Bach/Fugue/bwv_848/midi_score.mid,articulation,abrupt,visible_mean,61,1,9,227,166,165,4.419099006944185,2.102165313895219,8.423201909139435,0.0,0.0,0.0,0.0
train,Bach/Fugue/bwv_848/midi_score.mid,articulation,abrupt,linear_interpolation,61,1,9,227,166,165,6.961753336233253,2.6385134709213163,8.7517952984173,-57.537844825235496,-3.9010508453006576,20.647034405760465,47.878787878787875
train,Bach/Fugue/bwv_848/midi_score.mid,articulation,gradual,cnn,2,1,2,2,0,0,0.02482425482796391,0.15755714781616195,,34.031591776250515,,,
train,Bach/Fugue/bwv_848/midi_score.mid,articulation,gradual,visible_mean,2,1,2,2,0,0,0.03763051966293596,0.19398587490571564,,0.0,,,
train,Bach/Fugue/bwv_848/midi_score.mid,articulation,gradual,linear_interpolation,2,1,2,2,0,0,0.6451189866664677,0.8031929946572416,,-1614.3504592679737,,,
train,Bach/Fugue/bwv_848/midi_score.mid,articulation,mixed,cnn,79,1,9,303,224,221,1.0284826388252537,1.01414133079431,1.5318992589215654,9.836248971424244,1.6240061742200274,19.47498779741229,55.65610859728507
train,Bach/Fugue/bwv_848/midi_score.mid,articulation,mixed,visible_mean,79,1,9,303,224,221,1.140683065081548,1.068027651833766,1.5571880896415633,0.0,0.0,0.0,0.0
train,Bach/Fugue/bwv_848/midi_score.mid,articulation,mixed,linear_interpolation,79,1,9,303,224,221,1.1908850138943472,1.091276781524443,1.5419221599420143,-4.4010427041108136,0.980352328732681,22.476119884705334,53.84615384615385
train,Bach/Fugue/bwv_848/midi_score.mid,articulation,small,cnn,49,1,9,145,96,92,0.3780513191360436,0.6148587798316323,0.37916170359854545,-6.179990016457637,-1.1998240596731602,30.939068320671055,52.17391304347826
train,Bach/Fugue/bwv_848/midi_score.mid,articulation,small,visible_mean,49,1,9,145,96,92,0.3560476122454397,0.5966972534254198,0.3746663663910821,0.0,0.0,0.0,0.0
train,Bach/Fugue/bwv_848/midi_score.mid,articulation,small,linear_interpolation,49,1,9,145,96,92,0.33949332458121406,0.582660556912182,0.40518340241352746,4.6494589753951265,-8.145122903984191,20.98088904155716,47.82608695652174
train,Bach/Fugue/bwv_848/midi_score.mid,dynamics,abrupt,cnn,29,1,8,120,91,90,1.8144050172346913,1.3469985216156295,1.8893260371065868,16.29005089398119,5.5899023079536425,17.78434955988534,54.44444444444444
train,Bach/Fugue/bwv_848/midi_score.mid,dynamics,abrupt,visible_mean,29,1,8,120,91,90,2.1674902883249203,1.4722398881720737,2.0011906388120964,0.0,0.0,0.0,0.0
train,Bach/Fugue/bwv_848/midi_score.mid,dynamics,abrupt,linear_interpolation,29,1,8,120,91,90,1.8864614086048483,1.373485132283873,1.921173398412148,12.965635012706645,3.998481646278662,30.150805301506672,51.111111111111114
train,Bach/Fugue/bwv_848/midi_score.mid,dynamics,gradual,cnn,22,1,8,60,38,36,0.6334078738741683,0.7958692567715933,0.3866408061647883,27.179824786295427,6.156871902100858,24.981278291772373,50.0
train,Bach/Fugue/bwv_848/midi_score.mid,dynamics,gradual,visible_mean,22,1,8,60,38,36,0.8698247045071138,0.9326439323273988,0.4120075854264325,0.0,0.0,0.0,0.0
train,Bach/Fugue/bwv_848/midi_score.mid,dynamics,gradual,linear_interpolation,22,1,8,60,38,36,0.3856048119336809,0.6209708623870213,0.25388422796983967,55.668675546277576,38.37874909340161,82.91940373330827,72.22222222222223
train,Bach/Fugue/bwv_848/midi_score.mid,dynamics,mixed,cnn,91,1,9,361,270,266,0.9572197459039693,0.9783760759053592,0.9351927525863957,21.3360190311766,0.021787815084017836,19.31466053416841,54.51127819548872
train,Bach/Fugue/bwv_848/midi_score.mid,dynamics,mixed,visible_mean,91,1,9,361,270,266,1.2168463051511982,1.1031075673528843,0.935396555058114,0.0,0.0,0.0,0.0
train,Bach/Fugue/bwv_848/midi_score.mid,dynamics,mixed,linear_interpolation,91,1,9,361,270,266,0.8857741241180955,0.9411557385035144,0.8950962499681384,27.207395020356785,4.308365780486745,29.11012152298811,56.390977443609025
train,Bach/Fugue/bwv_848/midi_score.mid,dynamics,small,cnn,49,1,9,136,87,85,0.40400160648314243,0.6356112070150608,0.26761754145392364,40.04517282236001,3.5706460120288885,28.221817241830728,51.76470588235294
train,Bach/Fugue/bwv_848/midi_score.mid,dynamics,small,visible_mean,49,1,9,136,87,85,0.6738433342258283,0.8208796100682659,0.27752704999694083,0.0,0.0,0.0,0.0
train,Bach/Fugue/bwv_848/midi_score.mid,dynamics,small,linear_interpolation,49,1,9,136,87,85,0.2635783404756108,0.5133988123044412,0.293057757491791,60.884329177429166,-5.596105855274791,22.241021582543013,43.529411764705884
train,Bach/Fugue/bwv_848/midi_score.mid,pedal_changes,abrupt,cnn,32,1,7,119,87,34,3.56648686754248,1.8885144605065856,5.632115191724862,4.32753992871625,2.1923947802741206,8.924382975788701,58.8235294117647
train,Bach/Fugue/bwv_848/midi_score.mid,pedal_changes,abrupt,visible_mean,32,1,7,119,87,34,3.727809303623172,1.930753558490356,5.758361202150132,0.0,0.0,0.0,0.0
train,Bach/Fugue/bwv_848/midi_score.mid,pedal_changes,abrupt,linear_interpolation,32,1,7,119,87,34,5.4986978542475,2.3449302450707354,5.915425270720104,-47.504805272714655,-2.727582780172333,21.317343056940217,20.58823529411765
train,Bach/Fugue/bwv_848/midi_score.mid,pedal_changes,gradual,cnn,9,1,4,29,20,1,0.3042240349484496,0.551565077709285,0.21933078089806796,5.931693957239482,-19.958766636253557,36.92180513076209,0.0
train,Bach/Fugue/bwv_848/midi_score.mid,pedal_changes,gradual,visible_mean,9,1,4,29,20,1,0.3234075830069256,0.5686893554542107,0.18283847612666476,0.0,0.0,0.0,0.0
train,Bach/Fugue/bwv_848/midi_score.mid,pedal_changes,gradual,linear_interpolation,9,1,4,29,20,1,0.9921847803164264,0.9960847254708941,0.2441457943503381,-206.79082138132156,-33.53086260749709,74.66798741388675,100.0
train,Bach/Fugue/bwv_848/midi_score.mid,pedal_changes,mixed,cnn,6,1,5,24,18,7,1.2965952456309828,1.1386813626432035,1.4521988080731463,-0.24876511683928904,-2.1181532897607935,21.358039916983863,42.857142857142854
train,Bach/Fugue/bwv_848/midi_score.mid,pedal_changes,mixed,visible_mean,6,1,5,24,18,7,1.2933777729030471,1.137267678650478,1.422077036540726,0.0,0.0,0.0,0.0
train,Bach/Fugue/bwv_848/midi_score.mid,pedal_changes,mixed,linear_interpolation,6,1,5,24,18,7,1.676019364494427,1.2946116655176667,1.422077036540726,-29.584673527559,0.0,0.0,0.0
train,Bach/Fugue/bwv_848/midi_score.mid,pedal_changes,small,cnn,144,1,9,505,361,0,0.08618954485073682,0.2935805593882824,0.03799163571059859,-2.7552458775381705,,,
train,Bach/Fugue/bwv_848/midi_score.mid,pedal_changes,small,visible_mean,144,1,9,505,361,0,0.08387848631441741,0.28961782803276703,0.0,0.0,,,
train,Bach/Fugue/bwv_848/midi_score.mid,pedal_changes,small,linear_interpolation,144,1,9,505,361,0,0.0,0.0,0.0,100.0,,,
train,Bach/Fugue/bwv_848/midi_score.mid,pedal_depth,abrupt,cnn,39,1,8,147,108,73,1.687697521523011,1.2991141295217334,2.4869106894669417,1.561607109797003,1.0561572162300248,10.796502159299887,54.794520547945204
train,Bach/Fugue/bwv_848/midi_score.mid,pedal_depth,abrupt,visible_mean,39,1,8,147,108,73,1.7144708197394574,1.3093780278206357,2.513456744248139,0.0,0.0,0.0,0.0
train,Bach/Fugue/bwv_848/midi_score.mid,pedal_depth,abrupt,linear_interpolation,39,1,8,147,108,73,2.1194756166612176,1.4558418927415222,2.6047378985223113,-23.622729081111316,-3.6316978393625687,17.878883811055406,36.986301369863014
train,Bach/Fugue/bwv_848/midi_score.mid,pedal_depth,gradual,cnn,9,1,6,25,16,8,0.29473282223588976,0.5428930117766204,0.27448674543519225,9.417662055760223,2.5039521828217115,38.10000040266361,50.0
train,Bach/Fugue/bwv_848/midi_score.mid,pedal_depth,gradual,visible_mean,9,1,6,25,16,8,0.32537559630810137,0.5704170371825349,0.28153627924477687,0.0,0.0,0.0,0.0
train,Bach/Fugue/bwv_848/midi_score.mid,pedal_depth,gradual,linear_interpolation,9,1,6,25,16,8,0.4381786711662991,0.6619506561416033,0.16632930371047355,-34.66857260904821,40.92082762596241,69.44214649576605,100.0
train,Bach/Fugue/bwv_848/midi_score.mid,pedal_depth,mixed,cnn,12,1,7,50,38,26,0.505943169133894,0.7112968221030472,0.6444911006722776,-6.61721015984893,-0.8075664051470088,19.79016256635153,57.69230769230769
train,Bach/Fugue/bwv_848/midi_score.mid,pedal_depth,mixed,visible_mean,12,1,7,50,38,26,0.47454174459765375,0.6888699039714637,0.6393281017042499,0.0,0.0,0.0,0.0
train,Bach/Fugue/bwv_848/midi_score.mid,pedal_depth,mixed,linear_interpolation,12,1,7,50,38,26,0.703999835607671,0.8390469805724057,0.6301489777516575,-48.35361559277913,1.4357454221273547,10.259367175331867,26.923076923076923
train,Bach/Fugue/bwv_848/midi_score.mid,pedal_depth,small,cnn,131,1,9,455,324,66,0.1664352718527835,0.40796479241814915,0.03362856467346698,25.07991061930217,-453.7601117949674,216.71391871655513,50.0
train,Bach/Fugue/bwv_848/midi_score.mid,pedal_depth,small,visible_mean,131,1,9,455,324,66,0.22215039147519136,0.4713283266208295,0.006072767604091741,0.0,0.0,0.0,0.0
train,Bach/Fugue/bwv_848/midi_score.mid,pedal_depth,small,linear_interpolation,131,1,9,455,324,66,0.0047520871004722905,0.06893538351581349,0.0062626318765968605,97.86086935570268,-3.126486717146748,20.649522314529698,57.57575757575758
train,Bach/Fugue/bwv_848/midi_score.mid,pedal_down_ratio,abrupt,cnn,44,1,9,162,118,55,3.891452589659472,1.9726765040572345,6.21236637677396,4.522546623728219,1.816087468608385,7.198651960078831,60.0
train,Bach/Fugue/bwv_848/midi_score.mid,pedal_down_ratio,abrupt,visible_mean,44,1,9,162,118,55,4.075781718143922,2.0188565372863723,6.327275229317966,0.0,0.0,0.0,0.0
train,Bach/Fugue/bwv_848/midi_score.mid,pedal_down_ratio,abrupt,linear_interpolation,44,1,9,162,118,55,5.490394834868621,2.343159156964934,6.561189792766036,-34.707774227146345,-3.6969241098317784,17.88447444458302,21.818181818181817
train,Bach/Fugue/bwv_848/midi_score.mid,pedal_down_ratio,mixed,cnn,1,1,1,4,3,2,0.23102470907050993,0.48065029810716847,0.13804098304557272,8.44833727932155,11.812843544144592,21.513036020283938,50.0
train,Bach/Fugue/bwv_848/midi_score.mid,pedal_down_ratio,mixed,visible_mean,1,1,1,4,3,2,0.25234354265673997,0.5023380760570912,0.1565318449911389,0.0,0.0,0.0,0.0
train,Bach/Fugue/bwv_848/midi_score.mid,pedal_down_ratio,mixed,linear_interpolation,1,1,1,4,3,2,0.25234354265673997,0.5023380760570912,0.1565318449911389,0.0,0.0,0.0,0.0
train,Bach/Fugue/bwv_848/midi_score.mid,pedal_down_ratio,small,cnn,146,1,9,511,365,2,0.10264503775811651,0.3203826427229111,0.031206209108294403,-37.112467957152376,-4607.873017770327,677.9027508544486,50.0
train,Bach/Fugue/bwv_848/midi_score.mid,pedal_down_ratio,small,visible_mean,146,1,9,511,365,2,0.07486192852293569,0.27360907975236437,0.0006628515465583611,0.0,0.0,0.0,0.0
train,Bach/Fugue/bwv_848/midi_score.mid,pedal_down_ratio,small,linear_interpolation,146,1,9,511,365,2,0.000365408243535042,0.019115654410326685,0.0006793551783470679,99.51189042181421,-2.4897930576456284,15.779078102492688,0.0
train,Bach/Fugue/bwv_848/midi_score.mid,rubato,abrupt,cnn,64,1,9,256,192,191,2.909032112485443,1.7055884944749842,7.049804135619922,6.203018242996416,3.707408438564741,10.748990445638253,59.68586387434555
train,Bach/Fugue/bwv_848/midi_score.mid,rubato,abrupt,visible_mean,64,1,9,256,192,191,3.1014133482693147,1.7610830043667205,7.3212321127758875,0.0,0.0,0.0,0.0
train,Bach/Fugue/bwv_848/midi_score.mid,rubato,abrupt,linear_interpolation,64,1,9,256,192,191,5.603902970339797,2.3672564225997563,7.623219218569386,-80.68868419190073,-4.12481261544102,24.57412719099132,47.12041884816754
train,Bach/Fugue/bwv_848/midi_score.mid,rubato,gradual,cnn,6,1,3,9,3,3,0.47230132532241587,0.687241824485687,0.3287698284143126,43.91343375455764,-591.6735179674793,167.0626393455594,33.333333333333336
train,Bach/Fugue/bwv_848/midi_score.mid,rubato,gradual,visible_mean,6,1,3,9,3,3,0.8420934939314375,0.917656522851245,0.047532516407512736,0.0,0.0,0.0,0.0
train,Bach/Fugue/bwv_848/midi_score.mid,rubato,gradual,linear_interpolation,6,1,3,9,3,3,0.4331634446791579,0.6581515362582981,0.13344238849512582,48.561122036833396,-180.7391625368158,168.50369296756347,33.333333333333336
train,Bach/Fugue/bwv_848/midi_score.mid,rubato,mixed,cnn,81,1,9,299,218,215,0.9871022003620084,0.9935301708363005,1.623029442970479,2.6970007737034063,-4.029503425061098,24.902264402343977,50.23255813953488
train,Bach/Fugue/bwv_848/midi_score.mid,rubato,mixed,visible_mean,81,1,9,299,218,215,1.014462255234615,1.0072051703772251,1.5601626361118295,0.0,0.0,0.0,0.0
train,Bach/Fugue/bwv_848/midi_score.mid,rubato,mixed,linear_interpolation,81,1,9,299,218,215,1.2286831753223268,1.1084598212485317,1.5952042148054637,-21.116696947800094,-2.2460208879865995,19.925519551087834,48.83720930232558
train,Bach/Fugue/bwv_848/midi_score.mid,rubato,small,cnn,40,1,8,113,73,71,0.2628074423674304,0.5126474835278434,0.40230940397842274,18.474304447266142,-12.550785833268808,42.83923143449325,49.29577464788732
train,Bach/Fugue/bwv_848/midi_score.mid,rubato,small,visible_mean,40,1,8,113,73,71,0.3223614844198867,0.5677688653139469,0.3574469969267015,0.0,0.0,0.0,0.0
train,Bach/Fugue/bwv_848/midi_score.mid,rubato,small,linear_interpolation,40,1,8,113,73,71,0.3026990510572376,0.5501809257482829,0.3675538126319899,6.099498331208242,-2.827500522367199,22.531770696266683,53.521126760563384
train,Bach/Fugue/bwv_848/midi_score.mid,tempo,abrupt,cnn,4,1,3,16,12,12,0.8090618879886176,0.8994786756719793,1.7901512383933287,11.960615280504394,11.299206806812744,9.965455895750146,58.333333333333336
train,Bach/Fugue/bwv_848/midi_score.mid,tempo,abrupt,visible_mean,4,1,3,16,12,12,0.9189772174878198,0.9586329941577328,2.0181907894492457,0.0,0.0,0.0,0.0
train,Bach/Fugue/bwv_848/midi_score.mid,tempo,abrupt,linear_interpolation,4,1,3,16,12,12,2.4934018361398307,1.579050928925293,2.081942487085971,-171.32357458827627,-3.1588538591102555,36.086290654487996,50.0
train,Bach/Fugue/bwv_848/midi_score.mid,tempo,gradual,cnn,2,1,2,5,3,3,0.39328109092798896,0.6271212729034066,0.07011981608722495,-116.02878511394712,-689.3340401260965,196.0473840898815,0.0
train,Bach/Fugue/bwv_848/midi_score.mid,tempo,gradual,visible_mean,2,1,2,5,3,3,0.18205031830390003,0.42667355004019175,0.00888341469170939,0.0,0.0,0.0,0.0
train,Bach/Fugue/bwv_848/midi_score.mid,tempo,gradual,linear_interpolation,2,1,2,5,3,3,0.41697697781632276,0.6457375456145653,0.044438910678215114,-129.0449045632841,-400.2458201088883,252.50053327496283,66.66666666666667
train,Bach/Fugue/bwv_848/midi_score.mid,tempo,mixed,cnn,41,1,9,169,128,124,0.31188646153651417,0.5584679592747592,0.6068382954070716,-7.44384394769535,3.285995608864778,27.570407913123884,60.483870967741936
train,Bach/Fugue/bwv_848/midi_score.mid,tempo,mixed,visible_mean,41,1,9,169,128,124,0.29027857723365086,0.538775071095212,0.6274564880519974,0.0,0.0,0.0,0.0
train,Bach/Fugue/bwv_848/midi_score.mid,tempo,mixed,linear_interpolation,41,1,9,169,128,124,0.46952439853347916,0.6852185042258266,0.6383881540850902,-61.74958655510767,-1.7422189811171274,19.45071105681575,54.03225806451613
train,Bach/Fugue/bwv_848/midi_score.mid,tempo,small,cnn,144,1,9,487,343,338,0.1442341336885686,0.3797816921450646,0.23189915764808672,-40.69206927002915,-26.457147149254734,57.488950442573085,47.0414201183432
train,Bach/Fugue/bwv_848/midi_score.mid,tempo,small,visible_mean,144,1,9,487,343,338,0.10251760062732548,0.320183698253558,0.18338161414821497,0.0,0.0,0.0,0.0
train,Bach/Fugue/bwv_848/midi_score.mid,tempo,small,linear_interpolation,144,1,9,487,343,338,0.1274363716279696,0.35698231276629044,0.1942283022675308,-24.30682229018357,-5.914817671170236,20.41506178910413,46.15384615384615
train,Bach/Fugue/bwv_854/midi_score.mid,articulation,abrupt,cnn,9,1,4,42,33,31,1.2868938313423404,1.1344134305192002,2.3510352945981285,-4.025367260552737,-2.3242607323991082,14.650642701299777,64.51612903225806
train,Bach/Fugue/bwv_854/midi_score.mid,articulation,abrupt,visible_mean,9,1,4,42,33,31,1.2370961672445264,1.1122482489285053,2.297632328609354,0.0,0.0,0.0,0.0
train,Bach/Fugue/bwv_854/midi_score.mid,articulation,abrupt,linear_interpolation,9,1,4,42,33,31,3.206609142154939,1.7907007405356539,2.4777412968376713,-159.20451675937622,-7.838894238458449,16.62670559675056,45.16129032258065
train,Bach/Fugue/bwv_854/midi_score.mid,articulation,gradual,cnn,2,1,2,8,6,6,0.27156032947035275,0.5211145070618863,0.33269544603241535,15.022846942759372,16.198033319493277,33.26177573496082,66.66666666666667
train,Bach/Fugue/bwv_854/midi_score.mid,articulation,gradual,visible_mean,2,1,2,8,6,6,0.31956863662804713,0.5653040214150675,0.39700195497894447,0.0,0.0,0.0,0.0
train,Bach/Fugue/bwv_854/midi_score.mid,articulation,gradual,linear_interpolation,2,1,2,8,6,6,0.3348615373574418,0.5786722192722248,0.36195356067380313,-4.7854823585815165,8.82826743435059,71.30576490615553,66.66666666666667
train,Bach/Fugue/bwv_854/midi_score.mid,articulation,mixed,cnn,25,1,5,95,70,70,1.005460882790004,1.0027267238834339,1.5998655140581528,-9.934058517671707,-10.25959661614133,18.80169765771902,44.285714285714285
train,Bach/Fugue/bwv_854/midi_score.mid,articulation,mixed,visible_mean,25,1,5,95,70,70,0.914603623615313,0.9563491117867539,1.4509988818732376,0.0,0.0,0.0,0.0
train,Bach/Fugue/bwv_854/midi_score.mid,articulation,mixed,linear_interpolation,25,1,5,95,70,70,1.3125234549937426,1.1456541602917272,1.4977408003473809,-43.50735347029377,-3.2213614399068113,22.857685074987796,45.714285714285715
train,Bach/Fugue/bwv_854/midi_score.mid,articulation,small,cnn,12,1,5,31,19,17,0.4524602799168633,0.6726516780004814,0.4622065740752042,4.75870485883304,-40.406003411801606,37.70057071651512,35.294117647058826
train,Bach/Fugue/bwv_854/midi_score.mid,articulation,small,visible_mean,12,1,5,31,19,17,0.47506733213384505,0.6892512837375386,0.32919288552041653,0.0,0.0,0.0,0.0
train,Bach/Fugue/bwv_854/midi_score.mid,articulation,small,linear_interpolation,12,1,5,31,19,17,0.34024612797522746,0.5833062043003036,0.3177517603426437,28.379388570678053,3.4755080322242504,27.54559383671853,58.8235294117647
train,Bach/Fugue/bwv_854/midi_score.mid,dynamics,abrupt,cnn,17,1,5,70,53,53,2.9422651803317796,1.7153032327643354,2.402452091485369,-12.699097760077361,2.3013473004738882,10.659519422241539,47.16981132075472
train,Bach/Fugue/bwv_854/midi_score.mid,dynamics,abrupt,visible_mean,17,1,5,70,53,53,2.6107264732460447,1.6157742643222304,2.459043216157905,0.0,0.0,0.0,0.0
train,Bach/Fugue/bwv_854/midi_score.mid,dynamics,abrupt,linear_interpolation,17,1,5,70,53,53,3.228215069541724,1.7967234260012652,2.3700826602003406,-23.65198356179863,3.6176898141936586,27.473461223317752,54.716981132075475
train,Bach/Fugue/bwv_854/midi_score.mid,dynamics,gradual,cnn,5,1,3,12,7,5,0.7524334433570342,0.8674292151853281,0.0412430986873696,2.1244110907254976,-17.836512453625165,81.32169806914077,60.0
train,Bach/Fugue/bwv_854/midi_score.mid,dynamics,gradual,visible_mean,5,1,3,12,7,5,0.7687651760179959,0.8767925501610948,0.035000270992915646,0.0,0.0,0.0,0.0
train,Bach/Fugue/bwv_854/midi_score.mid,dynamics,gradual,linear_interpolation,5,1,3,12,7,5,0.19963296791844534,0.44680305271835974,0.2011475530339534,74.03199648656144,-474.7028446570239,284.1036937892439,80.0
train,Bach/Fugue/bwv_854/midi_score.mid,dynamics,mixed,cnn,17,1,5,69,52,49,0.6911094248488896,0.8313299133610492,1.0239147840199203,6.897798666819965,1.8795448877428678,18.04941793523851,57.142857142857146
train,Bach/Fugue/bwv_854/midi_score.mid,dynamics,mixed,visible_mean,17,1,5,69,52,49,0.7423126574372307,0.8615756829421491,1.0435283681149718,0.0,0.0,0.0,0.0
train,Bach/Fugue/bwv_854/midi_score.mid,dynamics,mixed,linear_interpolation,17,1,5,69,52,49,0.9606426326845664,0.9801237843683656,1.0157248855825487,-29.412131540515652,2.6643724676740033,30.568631909103217,53.06122448979592
train,Bach/Fugue/bwv_854/midi_score.mid,dynamics,small,cnn,9,1,3,25,16,14,0.19182875830450624,0.43798260045863263,0.22558481711950426,27.71486762658689,6.404099839844246,44.880995083276986,57.142857142857146
train,Bach/Fugue/bwv_854/midi_score.mid,dynamics,small,visible_mean,9,1,3,25,16,14,0.26537788893233316,0.5151484144713377,0.24101997708606562,0.0,0.0,0.0,0.0
train,Bach/Fugue/bwv_854/midi_score.mid,dynamics,small,linear_interpolation,9,1,3,25,16,14,0.1259319920948021,0.35486897877216894,0.25175224938627433,52.54616253017499,-4.452855912593634,21.264060370692924,57.142857142857146
train,Bach/Fugue/bwv_854/midi_score.mid,pedal_changes,abrupt,cnn,7,1,4,19,12,4,8.92485197210613,2.987449074395433,13.716767850757257,-1.9947857850251882,1.9508303811082595,3.87261973883725,75.0
train,Bach/Fugue/bwv_854/midi_score.mid,pedal_changes,abrupt,visible_mean,7,1,4,19,12,4,8.750302187914857,2.9580909701891955,13.989682833697719,0.0,0.0,0.0,0.0
train,Bach/Fugue/bwv_854/midi_score.mid,pedal_changes,abrupt,linear_interpolation,7,1,4,19,12,4,11.01050338537672,3.3182078574701617,14.118818358979562,-25.829978770144123,-0.9230768618341045,9.60768890958763,0.0
train,Bach/Fugue/bwv_854/midi_score.mid,pedal_changes,small,cnn,41,1,5,157,116,0,0.04389487991460271,0.20951104962412534,0.032039766511896314,-26.734549857081834,,,
train,Bach/Fugue/bwv_854/midi_score.mid,pedal_changes,small,visible_mean,41,1,5,157,116,0,0.0346352908217237,0.18610559051711398,0.0,0.0,,,
train,Bach/Fugue/bwv_854/midi_score.mid,pedal_changes,small,linear_interpolation,41,1,5,157,116,0,0.0,0.0,0.0,100.0,,,
train,Bach/Fugue/bwv_854/midi_score.mid,pedal_depth,abrupt,cnn,7,1,4,19,12,7,9.339216733844564,3.0560132090428804,15.845920343097669,1.7392794886196938,3.303861996063162,5.107564604992151,85.71428571428571
train,Bach/Fugue/bwv_854/midi_score.mid,pedal_depth,abrupt,visible_mean,7,1,4,19,12,7,9.504527022843192,3.0829412940961416,16.38733528577173,0.0,0.0,0.0,0.0
train,Bach/Fugue/bwv_854/midi_score.mid,pedal_depth,abrupt,linear_interpolation,7,1,4,19,12,7,9.733342853736692,3.1198305809349156,16.29991561056784,-2.40744047908501,0.533458757506422,1.5489987448799383,14.285714285714286
train,Bach/Fugue/bwv_854/midi_score.mid,pedal_depth,gradual,cnn,2,1,1,5,3,1,0.40225755105869865,0.634237771706084,0.3827950628574886,-15.763664025851432,36.551979619558836,37.066199103312755,100.0
train,Bach/Fugue/bwv_854/midi_score.mid,pedal_depth,gradual,visible_mean,2,1,1,5,3,1,0.34748170286737784,0.589475786497951,0.6033207349294875,0.0,0.0,0.0,0.0
train,Bach/Fugue/bwv_854/midi_score.mid,pedal_depth,gradual,linear_interpolation,2,1,1,5,3,1,0.47951702179799793,0.6924716758091972,0.40430409922458566,-37.99777595225311,32.986871523346814,51.84885098857014,100.0
train,Bach/Fugue/bwv_854/midi_score.mid,pedal_depth,mixed,cnn,2,1,1,8,6,4,0.21761828103808087,0.4664957460021269,0.18053866741019345,10.819330849469722,26.574991566749883,33.27422547630643,100.0
train,Bach/Fugue/bwv_854/midi_score.mid,pedal_depth,mixed,visible_mean,2,1,1,8,6,4,0.2440195651265607,0.49398336523263686,0.24588171150748891,0.0,0.0,0.0,0.0
train,Bach/Fugue/bwv_854/midi_score.mid,pedal_depth,mixed,linear_interpolation,2,1,1,8,6,4,0.22979364146186718,0.4793679604039752,0.2174999289561427,5.82982911936395,11.54286033610994,13.86980914101435,25.0
train,Bach/Fugue/bwv_854/midi_score.mid,pedal_depth,small,cnn,37,1,5,144,107,0,0.05026644501593477,0.22420179530042744,0.024859138505862518,-186.18389614029743,,,
train,Bach/Fugue/bwv_854/midi_score.mid,pedal_depth,small,visible_mean,37,1,5,144,107,0,0.017564386289329287,0.13253069942216894,0.0,0.0,,,
train,Bach/Fugue/bwv_854/midi_score.mid,pedal_depth,small,linear_interpolation,37,1,5,144,107,0,0.0028873066456531625,0.05373366398872463,0.0003885721142399574,83.56158536887077,,,
train,Bach/Fugue/bwv_854/midi_score.mid,pedal_down_ratio,abrupt,cnn,7,1,4,19,12,6,12.454172978105088,3.529047035405605,24.249074135348863,0.711446889079026,3.9828849220713725,3.421182894810506,83.33333333333333
train,Bach/Fugue/bwv_854/midi_score.mid,pedal_down_ratio,abrupt,visible_mean,7,1,4,19,12,6,12.54341269752598,3.5416680671014302,25.254949719816125,0.0,0.0,0.0,0.0
train,Bach/Fugue/bwv_854/midi_score.mid,pedal_down_ratio,abrupt,linear_interpolation,7,1,4,19,12,6,12.809064579116345,3.57897535324237,25.118365612618657,-2.1178596925441218,0.5408211408565955,1.5148683716164335,16.666666666666668
train,Bach/Fugue/bwv_854/midi_score.mid,pedal_down_ratio,small,cnn,41,1,5,157,116,0,0.04513353281784028,0.21244654108231623,0.029039658268344447,-252.91178934972461,,,
train,Bach/Fugue/bwv_854/midi_score.mid,pedal_down_ratio,small,visible_mean,41,1,5,157,116,0,0.012788899147008759,0.11308801504584276,0.0,0.0,,,
train,Bach/Fugue/bwv_854/midi_score.mid,pedal_down_ratio,small,linear_interpolation,41,1,5,157,116,0,0.0,0.0,0.0,100.0,,,
train,Bach/Fugue/bwv_854/midi_score.mid,rubato,abrupt,cnn,10,1,4,35,25,24,3.0107816940582195,1.7351604231477329,7.772205446349226,14.5236175247489,8.00962745415028,9.829713597561764,58.333333333333336
train,Bach/Fugue/bwv_854/midi_score.mid,rubato,abrupt,visible_mean,10,1,4,35,25,24,3.522355072677489,1.8767938279623282,8.448933547339873,0.0,0.0,0.0,0.0
train,Bach/Fugue/bwv_854/midi_score.mid,rubato,abrupt,linear_interpolation,10,1,4,35,25,24,5.00947437233215,2.2381855089183627,8.935391066603351,-42.21946024664229,-5.757620373480599,19.86117726132645,45.833333333333336
train,Bach/Fugue/bwv_854/midi_score.mid,rubato,mixed,cnn,28,1,5,106,78,77,1.114861041139327,1.0558698031193652,1.5772882217890178,11.389358628340995,-0.20357554839436354,19.670324280030744,50.64935064935065
train,Bach/Fugue/bwv_854/midi_score.mid,rubato,mixed,visible_mean,28,1,5,106,78,77,1.2581570609146964,1.1216760053218113,1.5740837721177423,0.0,0.0,0.0,0.0
train,Bach/Fugue/bwv_854/midi_score.mid,rubato,mixed,linear_interpolation,28,1,5,106,78,77,1.2286512945996149,1.1084454405155064,1.600978736468243,2.3451576302906396,-1.708610737681182,16.647424754937987,49.35064935064935
train,Bach/Fugue/bwv_854/midi_score.mid,rubato,small,cnn,10,1,4,35,25,20,0.27134855304023964,0.5209112717538752,0.6775020206842142,-38.356388067191816,-56.837495298802445,49.183450938864546,35.0
train,Bach/Fugue/bwv_854/midi_score.mid,rubato,small,visible_mean,10,1,4,35,25,20,0.19612289452689463,0.4428576458941345,0.43197707244269373,0.0,0.0,0.0,0.0
train,Bach/Fugue/bwv_854/midi_score.mid,rubato,small,linear_interpolation,10,1,4,35,25,20,0.4281847451565243,0.6543582697242577,0.4660759258933276,-118.32471226239561,-7.893672054818923,16.99030999938055,30.0
train,Bach/Fugue/bwv_854/midi_score.mid,tempo,abrupt,cnn,1,1,1,4,3,3,0.8973828370044203,0.9473029277925938,1.9544100483768014,17.31848162286933,32.30813657404481,20.06340668931105,100.0
train,Bach/Fugue/bwv_854/midi_score.mid,tempo,abrupt,visible_mean,1,1,1,4,3,3,1.085348763082987,1.0418007309860111,2.8872156112449687,0.0,0.0,0.0,0.0
train,Bach/Fugue/bwv_854/midi_score.mid,tempo,abrupt,linear_interpolation,1,1,1,4,3,3,1.8642707429691485,1.3653830022997755,2.988339155729012,-71.76697540738841,-3.5024590505188913,3.5611527891967394,33.333333333333336
train,Bach/Fugue/bwv_854/midi_score.mid,tempo,gradual,cnn,2,1,2,2,0,0,0.5190985532130097,0.7204849430855649,,-21.394064717593576,,,
train,Bach/Fugue/bwv_854/midi_score.mid,tempo,gradual,visible_mean,2,1,2,2,0,0,0.42761444261761916,0.6539223521318255,,0.0,,,
train,Bach/Fugue/bwv_854/midi_score.mid,tempo,gradual,linear_interpolation,2,1,2,2,0,0,0.30191532394850995,0.5494682192342975,,29.395433395478577,,,
train,Bach/Fugue/bwv_854/midi_score.mid,tempo,mixed,cnn,14,1,4,58,44,43,0.27554998901540295,0.524928556105879,0.5480685150444523,-9.00868602511451,-1.914035462049024,31.889981863366145,53.48837209302326
train,Bach/Fugue/bwv_854/midi_score.mid,tempo,mixed,visible_mean,14,1,4,58,44,43,0.2527780116090189,0.5027703368427964,0.5377753050005986,0.0,0.0,0.0,0.0
train,Bach/Fugue/bwv_854/midi_score.mid,tempo,mixed,linear_interpolation,14,1,4,58,44,43,0.45338491471606623,0.6733386330191268,0.5696924203263876,-79.36089924519759,-5.9350280738074135,24.89384057530069,55.81395348837209
train,Bach/Fugue/bwv_854/midi_score.mid,tempo,small,cnn,31,1,5,112,81,58,0.16996908049872422,0.41227306545386183,0.22704260612897767,-1.119301814362017,-45.044079153402386,62.05438353165859,48.275862068965516
train,Bach/Fugue/bwv_854/midi_score.mid,tempo,small,visible_mean,31,1,5,112,81,58,0.16808767213480053,0.4099849657424044,0.15653352239828522,0.0,0.0,0.0,0.0
train,Bach/Fugue/bwv_854/midi_score.mid,tempo,small,linear_interpolation,31,1,5,112,81,58,0.15056994866789233,0.3880334375642031,0.16527074534515282,10.421777661873733,-5.581694459437592,13.33834208504567,36.206896551724135
train,Bach/Fugue/bwv_857/midi_score.mid,articulation,abrupt,cnn,38,1,6,147,109,109,3.3789722005513187,1.838198085232198,5.721560314693803,8.804474230987491,13.4655673785249,18.19443891305437,55.96330275229358
train,Bach/Fugue/bwv_857/midi_score.mid,articulation,abrupt,visible_mean,38,1,6,147,109,109,3.705195153005484,1.924888348192041,6.611888633651124,0.0,0.0,0.0,0.0
train,Bach/Fugue/bwv_857/midi_score.mid,articulation,abrupt,linear_interpolation,38,1,6,147,109,109,6.888675961743855,2.624628728362138,7.50939812842315,-85.91938284697575,-13.574177432513967,22.836890304924967,44.03669724770642
train,Bach/Fugue/bwv_857/midi_score.mid,articulation,gradual,cnn,4,1,3,7,3,3,0.3319572713422757,0.5761573321084057,0.044757165931636735,65.78769968204794,-18.85670078052899,66.39898631455851,66.66666666666667
train,Bach/Fugue/bwv_857/midi_score.mid,articulation,gradual,visible_mean,4,1,3,7,3,3,0.9702863246763015,0.9850311287854315,0.03765640947268226,0.0,0.0,0.0,0.0
train,Bach/Fugue/bwv_857/midi_score.mid,articulation,gradual,linear_interpolation,4,1,3,7,3,3,0.41725704116357903,0.6459543646137698,0.46857085294716844,56.99650396466417,-1144.3322651010894,304.6315547464303,33.333333333333336
train,Bach/Fugue/bwv_857/midi_score.mid,articulation,mixed,cnn,63,1,6,243,180,180,1.1971355639517325,1.0941369036604753,1.6101286027912673,5.629502775454709,-3.000259140175099,22.14928425605194,52.77777777777778
train,Bach/Fugue/bwv_857/midi_score.mid,articulation,mixed,visible_mean,63,1,6,243,180,180,1.268548539172435,1.1262986012476597,1.5632277202332194,0.0,0.0,0.0,0.0
train,Bach/Fugue/bwv_857/midi_score.mid,articulation,mixed,linear_interpolation,63,1,6,243,180,180,1.453760412040191,1.2057198729556509,1.6236613199353747,-14.600298463043671,-3.8659498497850997,22.542985221099766,50.55555555555556
train,Bach/Fugue/bwv_857/midi_score.mid,articulation,small,cnn,31,1,6,83,52,52,0.41953598055759206,0.6477159721340767,0.48852492086881943,38.55639390759755,-7.356493410192155,45.701400816549295,57.69230769230769
train,Bach/Fugue/bwv_857/midi_score.mid,articulation,small,visible_mean,31,1,6,83,52,52,0.6827984345949187,0.8263161831859029,0.4550492525889823,0.0,0.0,0.0,0.0
train,Bach/Fugue/bwv_857/midi_score.mid,articulation,small,linear_interpolation,31,1,6,83,52,52,0.31970865683817773,0.565427852902718,0.46010027661532715,53.1767150245665,-1.1099950164970673,22.861235494410565,53.84615384615385
train,Bach/Fugue/bwv_857/midi_score.mid,dynamics,abrupt,cnn,45,1,6,169,124,124,2.2574595932162875,1.5024844735358458,2.8408101313823537,14.796589321782982,-2.4054462889923522,15.428761528905058,52.41935483870968
train,Bach/Fugue/bwv_857/midi_score.mid,dynamics,abrupt,visible_mean,45,1,6,169,124,124,2.6494943984600683,1.6277267579234753,2.774081100496815,0.0,0.0,0.0,0.0
train,Bach/Fugue/bwv_857/midi_score.mid,dynamics,abrupt,linear_interpolation,45,1,6,169,124,124,2.6059505732969366,1.614295689549141,2.5543177808021436,1.643476777623687,7.922022166378396,28.897512105857082,57.25806451612903
train,Bach/Fugue/bwv_857/midi_score.mid,dynamics,gradual,cnn,11,1,6,32,21,21,0.8305421253376946,0.9113408392789685,0.7849898910875046,41.71556813421673,-28.742276559425296,50.238487688705135,33.333333333333336
train,Bach/Fugue/bwv_857/midi_score.mid,dynamics,gradual,visible_mean,11,1,6,32,21,21,1.4249810777091514,1.1937257129295453,0.6097374631441804,0.0,0.0,0.0,0.0
train,Bach/Fugue/bwv_857/midi_score.mid,dynamics,gradual,linear_interpolation,11,1,6,32,21,21,0.47506260735092826,0.6892478562541404,0.18916563026260352,66.66183047745061,68.97588852632582,89.21524009457936,85.71428571428571
train,Bach/Fugue/bwv_857/midi_score.mid,dynamics,mixed,cnn,62,1,6,237,175,175,0.9460886610611213,0.972670890415212,0.9322671128213361,14.896172827751075,1.2304865686345257,22.349403460847036,58.285714285714285
train,Bach/Fugue/bwv_857/midi_score.mid,dynamics,mixed,visible_mean,62,1,6,237,175,175,1.111687561531459,1.0543659523768107,0.9438814472536251,0.0,0.0,0.0,0.0
train,Bach/Fugue/bwv_857/midi_score.mid,dynamics,mixed,linear_interpolation,62,1,6,237,175,175,0.9339428440456573,0.9664071833578521,0.9165749826581875,15.98872953484708,2.8929972799963566,30.114572378720343,50.285714285714285
train,Bach/Fugue/bwv_857/midi_score.mid,dynamics,small,cnn,18,1,6,42,24,24,0.31582801640741875,0.5619857795419905,0.2871311821488007,38.86030412001138,-16.362802822709945,46.67340416489727,54.166666666666664
train,Bach/Fugue/bwv_857/midi_score.mid,dynamics,small,visible_mean,18,1,6,42,24,24,0.5165678563847602,0.7187265518851799,0.24675512722589968,0.0,0.0,0.0,0.0
train,Bach/Fugue/bwv_857/midi_score.mid,dynamics,small,linear_interpolation,18,1,6,42,24,24,0.2677282975561221,0.5174246781475755,0.27810906183642353,48.17170788948443,-12.706497718209487,33.72416124035576,45.833333333333336
train,Bach/Fugue/bwv_857/midi_score.mid,pedal_changes,abrupt,cnn,7,1,3,29,22,19,1.9290359987143586,1.3888974039555113,3.2051798287450306,6.646385608552419,-5.130980607335345,13.916959525710487,57.89473684210526
train,Bach/Fugue/bwv_857/midi_score.mid,pedal_changes,abrupt,visible_mean,7,1,3,29,22,19,2.066375267084553,1.437489223293362,3.0487491034792025,0.0,0.0,0.0,0.0
train,Bach/Fugue/bwv_857/midi_score.mid,pedal_changes,abrupt,linear_interpolation,7,1,3,29,22,19,2.372101804148802,1.5401629148076517,3.1926652958276054,-14.795305670474779,-4.720499702129222,6.104677116476519,5.2631578947368425
train,Bach/Fugue/bwv_857/midi_score.mid,pedal_changes,gradual,cnn,25,1,6,51,26,7,0.467566564853308,0.6837883918679141,0.6027873023952959,-7.545616177568437,-25.400046283010404,46.64159535449205,57.142857142857146
train,Bach/Fugue/bwv_857/midi_score.mid,pedal_changes,gradual,visible_mean,25,1,6,51,26,7,0.43476115668100257,0.6593642063996215,0.48069145128933133,0.0,0.0,0.0,0.0
train,Bach/Fugue/bwv_857/midi_score.mid,pedal_changes,gradual,linear_interpolation,25,1,6,51,26,7,0.27923041940902793,0.528422576551218,0.25483767075092134,35.77383464045116,46.985187677587206,54.684280532436055,100.0
train,Bach/Fugue/bwv_857/midi_score.mid,pedal_changes,mixed,cnn,94,1,6,368,274,201,0.7056172925859763,0.8400102931428735,0.9492853658568277,-8.44284969943434,-13.312354086702815,28.477793843116206,45.77114427860697
train,Bach/Fugue/bwv_857/midi_score.mid,pedal_changes,mixed,visible_mean,94,1,6,368,274,201,0.6506812524216218,0.8066481590021897,0.837759813136056,0.0,0.0,0.0,0.0
train,Bach/Fugue/bwv_857/midi_score.mid,pedal_changes,mixed,linear_interpolation,94,1,6,368,274,201,0.6951893640993434,0.8337801653309722,0.8637541243122366,-6.840232681067282,-3.102835773283763,21.5259729118777,39.80099502487562
train,Bach/Fugue/bwv_857/midi_score.mid,pedal_changes,small,cnn,10,1,6,32,22,0,0.20457954305501297,0.452304701561915,0.05826896114492701,55.80471747285589,,,
train,Bach/Fugue/bwv_857/midi_score.mid,pedal_changes,small,visible_mean,10,1,6,32,22,0,0.4628990502082731,0.6803668497276106,0.0,0.0,,,
train,Bach/Fugue/bwv_857/midi_score.mid,pedal_changes,small,linear_interpolation,10,1,6,32,22,0,0.0,0.0,0.0,100.0,,,
train,Bach/Fugue/bwv_857/midi_score.mid,pedal_depth,abrupt,cnn,40,1,6,160,120,120,0.9297019339873256,0.9642105236862568,1.9207118343214886,-5.598222895912519,-2.024014334167079,14.211244121831124,47.5
train,Bach/Fugue/bwv_857/midi_score.mid,pedal_depth,abrupt,visible_mean,40,1,6,160,120,120,0.8804143748742124,0.938303988520891,1.8826075869063865,0.0,0.0,0.0,0.0
train,Bach/Fugue/bwv_857/midi_score.mid,pedal_depth,abrupt,linear_interpolation,40,1,6,160,120,120,1.1505654439939446,1.072644136698628,1.9323670763132739,-30.68453637621824,-2.643115312663502,14.851136671335032,43.333333333333336
train,Bach/Fugue/bwv_857/midi_score.mid,pedal_depth,gradual,cnn,9,1,5,15,6,6,0.29531023758867053,0.543424546361931,0.19892831035022865,-6.078914467512875,-35.58034244107515,51.86105252672834,33.333333333333336
train,Bach/Fugue/bwv_857/midi_score.mid,pedal_depth,gradual,visible_mean,9,1,5,15,6,6,0.27838731106087117,0.5276242138689914,0.14672356387998156,0.0,0.0,0.0,0.0
train,Bach/Fugue/bwv_857/midi_score.mid,pedal_depth,gradual,linear_interpolation,9,1,5,15,6,6,0.07798128290661094,0.2792512898924747,0.0619417624958735,71.98820499057881,57.783357452698425,52.92594541653675,83.33333333333333
train,Bach/Fugue/bwv_857/midi_score.mid,pedal_depth,mixed,cnn,67,1,6,256,189,188,0.3789049776114306,0.6155525790795053,0.5344485674926706,-3.897099515761804,-8.974195475222224,30.751203474201567,51.59574468085106
train,Bach/Fugue/bwv_857/midi_score.mid,pedal_depth,mixed,visible_mean,67,1,6,256,189,188,0.36469254616097196,0.6038977944660603,0.4904358918751455,0.0,0.0,0.0,0.0
train,Bach/Fugue/bwv_857/midi_score.mid,pedal_depth,mixed,linear_interpolation,67,1,6,256,189,188,0.41780062091269127,0.6463749847516466,0.4941100936341349,-14.56242396801768,-0.7491706499989981,23.180694680265283,52.12765957446808
train,Bach/Fugue/bwv_857/midi_score.mid,pedal_depth,small,cnn,20,1,6,49,29,27,0.2323269243276834,0.48200303352539536,0.13489728131826606,32.09400300807076,-107.98508576362637,115.23953245268916,55.55555555555556
train,Bach/Fugue/bwv_857/midi_score.mid,pedal_depth,small,visible_mean,20,1,6,49,29,27,0.3421302014832297,0.5849189700148472,0.06485911276906456,0.0,0.0,0.0,0.0
train,Bach/Fugue/bwv_857/midi_score.mid,pedal_depth,small,linear_interpolation,20,1,6,49,29,27,0.05623380067140044,0.23713667087019763,0.06399279117153407,83.56362565256991,1.3356975767076618,19.101385601406292,59.25925925925926
train,Bach/Fugue/bwv_857/midi_score.mid,pedal_down_ratio,abrupt,cnn,43,1,6,173,130,123,1.0948914409325083,1.046370604008211,2.217661024625599,-3.4764038151930077,2.2024302480174063,13.152134012437886,56.91056910569106
train,Bach/Fugue/bwv_857/midi_score.mid,pedal_down_ratio,abrupt,visible_mean,43,1,6,173,130,123,1.0581073564249148,1.0286434544704568,2.267603407988205,0.0,0.0,0.0,0.0
train,Bach/Fugue/bwv_857/midi_score.mid,pedal_down_ratio,abrupt,linear_interpolation,43,1,6,173,130,123,1.3272778779175731,1.1520754653743708,2.2948330893758517,-25.438866846377415,-1.2008132150323814,15.054164575183751,47.96747967479675
train,Bach/Fugue/bwv_857/midi_score.mid,pedal_down_ratio,gradual,cnn,10,1,5,20,10,5,0.3169986613784437,0.5630263416381543,0.3150930211855895,21.958321642544743,-0.6585187181527452,36.73376899233181,100.0
train,Bach/Fugue/bwv_857/midi_score.mid,pedal_down_ratio,gradual,visible_mean,10,1,5,20,10,5,0.4061914967108867,0.637331543790896,0.3130316491819839,0.0,0.0,0.0,0.0
train,Bach/Fugue/bwv_857/midi_score.mid,pedal_down_ratio,gradual,linear_interpolation,10,1,5,20,10,5,0.23255157016560837,0.48223601085527446,0.25545165731790814,42.74829186512227,18.394303583852977,54.542159378019974,80.0
train,Bach/Fugue/bwv_857/midi_score.mid,pedal_down_ratio,mixed,cnn,72,1,6,248,176,158,0.544766698954463,0.7380831246915641,0.6433906634302631,-7.827902064260939,-8.641232464048908,28.28210858294815,49.36708860759494
train,Bach/Fugue/bwv_857/midi_score.mid,pedal_down_ratio,mixed,visible_mean,72,1,6,248,176,158,0.5052186758023027,0.7107873632826506,0.5922159099614146,0.0,0.0,0.0,0.0
train,Bach/Fugue/bwv_857/midi_score.mid,pedal_down_ratio,mixed,linear_interpolation,72,1,6,248,176,158,0.5854270419003229,0.7651320421341161,0.6041301562038229,-15.875970137217688,-2.0118078629776326,22.119960325344447,41.77215189873418
train,Bach/Fugue/bwv_857/midi_score.mid,pedal_down_ratio,small,cnn,11,1,6,39,28,0,0.23508402282516608,0.4848546409236134,0.10272196777984423,36.831957661161596,,,
train,Bach/Fugue/bwv_857/midi_score.mid,pedal_down_ratio,small,visible_mean,11,1,6,39,28,0,0.3721565749404686,0.6100463711394968,0.0,0.0,,,
train,Bach/Fugue/bwv_857/midi_score.mid,pedal_down_ratio,small,linear_interpolation,11,1,6,39,28,0,0.0043704680953374694,0.06610951592121568,0.0006087437799284957,98.8256372748388,,,
train,Bach/Fugue/bwv_857/midi_score.mid,rubato,abrupt,cnn,35,1,6,124,89,89,4.056701736666918,2.0141255513663783,5.909311538499045,3.01301062310807,0.8218098233056637,18.716204732398232,55.056179775280896
train,Bach/Fugue/bwv_857/midi_score.mid,rubato,abrupt,visible_mean,35,1,6,124,89,89,4.182727768672718,2.045171818863324,5.95827724620817,0.0,0.0,0.0,0.0
train,Bach/Fugue/bwv_857/midi_score.mid,rubato,abrupt,linear_interpolation,35,1,6,124,89,89,6.537131716571426,2.556781515220146,6.255294246877244,-56.28872061749832,-4.984947634957648,23.89635614714418,43.82022471910113
train,Bach/Fugue/bwv_857/midi_score.mid,rubato,gradual,cnn,2,1,1,3,1,1,0.3561265062091487,0.5967633586348517,0.0009319502316751382,-18.624886307296684,99.73988753977852,94.89987784242892,100.0
train,Bach/Fugue/bwv_857/midi_score.mid,rubato,gradual,visible_mean,2,1,1,3,1,1,0.30021230560896495,0.5479163308471148,0.35828742340202613,0.0,0.0,0.0,0.0
train,Bach/Fugue/bwv_857/midi_score.mid,rubato,gradual,linear_interpolation,2,1,1,3,1,1,0.6032729674177189,0.7767064873024551,0.0035127556115819303,-100.94878062843269,99.01957049504348,90.09833597340067,100.0
train,Bach/Fugue/bwv_857/midi_score.mid,rubato,mixed,cnn,63,1,6,251,188,188,1.0457040434170808,1.0225967159232816,1.5682436644181579,5.297435771749736,-1.508121239684268,30.22300558342218,49.46808510638298
train,Bach/Fugue/bwv_857/midi_score.mid,rubato,mixed,visible_mean,63,1,6,251,188,188,1.1041982357486597,1.0508083725154933,1.5449440352808521,0.0,0.0,0.0,0.0
train,Bach/Fugue/bwv_857/midi_score.mid,rubato,mixed,linear_interpolation,63,1,6,251,188,188,1.3112945651485988,1.1451177079883965,1.569286999954516,-18.75535775145711,-1.5756534940917,21.200743667942156,56.38297872340426
train,Bach/Fugue/bwv_857/midi_score.mid,rubato,small,cnn,36,1,6,102,66,66,0.3301188466136756,0.5745596980416183,0.41518540944101145,28.39630830384987,-50.77346250930572,73.14371749331094,54.54545454545455
train,Bach/Fugue/bwv_857/midi_score.mid,rubato,small,visible_mean,36,1,6,102,66,66,0.4610360706184439,0.6789963701069719,0.27537034868810967,0.0,0.0,0.0,0.0
train,Bach/Fugue/bwv_857/midi_score.mid,rubato,small,linear_interpolation,36,1,6,102,66,66,0.2785193380030739,0.5277493135979182,0.2945062769927492,39.58838456404031,-6.949160792294795,20.056767764484214,50.0
train,Bach/Fugue/bwv_857/midi_score.mid,tempo,abrupt,cnn,16,1,6,63,47,47,2.0036354298113586,1.4154982973537475,2.7653443047410904,-0.019085000700447274,-1.295267939208311,28.01749444288052,42.5531914893617
train,Bach/Fugue/bwv_857/midi_score.mid,tempo,abrupt,visible_mean,16,1,6,63,47,47,2.0032531089414856,1.4153632427548362,2.729983701114936,0.0,0.0,0.0,0.0
train,Bach/Fugue/bwv_857/midi_score.mid,tempo,abrupt,linear_interpolation,16,1,6,63,47,47,3.0775773124477928,1.7543025145190303,2.8681941066827332,-53.6289797185927,-5.062682444270683,23.606848044239126,46.808510638297875
train,Bach/Fugue/bwv_857/midi_score.mid,tempo,gradual,cnn,5,1,4,9,4,4,0.11874604449121688,0.34459547949910324,0.35612272563751673,39.948292261601715,-161.3987231449984,122.43857105923159,75.0
train,Bach/Fugue/bwv_857/midi_score.mid,tempo,gradual,visible_mean,5,1,4,9,4,4,0.1977396629726289,0.4446792810246829,0.13623736235313388,0.0,0.0,0.0,0.0
train,Bach/Fugue/bwv_857/midi_score.mid,tempo,gradual,linear_interpolation,5,1,4,9,4,4,0.42810197432368674,0.6542950208611454,0.05990571999892502,-116.49777686884426,56.02842057111581,122.6069953575038,50.0
train,Bach/Fugue/bwv_857/midi_score.mid,tempo,mixed,cnn,62,1,6,246,184,184,0.645777153440423,0.8036026091548129,0.7741919471052946,-9.286853621688707,-4.471247599023487,34.967402021555074,50.0
train,Bach/Fugue/bwv_857/midi_score.mid,tempo,mixed,visible_mean,62,1,6,246,184,184,0.5909010389079993,0.7687008773951017,0.741057434363913,0.0,0.0,0.0,0.0
train,Bach/Fugue/bwv_857/midi_score.mid,tempo,mixed,linear_interpolation,62,1,6,246,184,184,0.7396739431938615,0.8600429891545315,0.7625352100390783,-25.17729611049566,-2.8982606042675663,20.1446651159908,51.630434782608695
train,Bach/Fugue/bwv_857/midi_score.mid,tempo,small,cnn,53,1,6,162,109,109,0.18508689192257388,0.43021726130244226,0.3342221313582498,9.018880560877863,-42.91965830543367,65.10277898326733,49.54128440366973
train,Bach/Fugue/bwv_857/midi_score.mid,tempo,small,visible_mean,53,1,6,162,109,109,0.20343439722833967,0.4510370242323125,0.23385315590664477,0.0,0.0,0.0,0.0
train,Bach/Fugue/bwv_857/midi_score.mid,tempo,small,linear_interpolation,53,1,6,162,109,109,0.14392193769429237,0.3793704491579337,0.24603207748522793,29.2538825021066,-5.2079355231986035,18.64434444246721,48.62385321100918
train,Bach/Fugue/bwv_883/midi_score.mid,articulation,abrupt,cnn,17,1,4,73,56,56,2.2143773774134745,1.4880784177634843,5.136534574637802,1.7277369220645156,7.425985775681143,14.624862282326987,55.357142857142854
train,Bach/Fugue/bwv_883/midi_score.mid,articulation,abrupt,visible_mean,17,1,4,73,56,56,2.2533086224516348,1.5011024690045762,5.54857064120749,0.0,0.0,0.0,0.0
train,Bach/Fugue/bwv_883/midi_score.mid,articulation,abrupt,linear_interpolation,17,1,4,73,56,56,3.4904415668601194,1.8682723481495196,5.862704987902369,-54.90295168987836,-5.661536402941358,16.324182940101277,42.857142857142854
train,Bach/Fugue/bwv_883/midi_score.mid,articulation,gradual,cnn,6,1,4,12,6,6,0.4347226321561932,0.6593349923644226,0.38179361408382934,22.619857247639185,-58.85755273661728,63.89783315216106,66.66666666666667
train,Bach/Fugue/bwv_883/midi_score.mid,articulation,gradual,visible_mean,6,1,4,12,6,6,0.5618012796221291,0.7495340416699758,0.24033708659533218,0.0,0.0,0.0,0.0
train,Bach/Fugue/bwv_883/midi_score.mid,articulation,gradual,linear_interpolation,6,1,4,12,6,6,0.1468632044360696,0.38322735345492964,0.07581850159028096,73.85851371950405,68.45326592564533,72.67818407563257,100.0
train,Bach/Fugue/bwv_883/midi_score.mid,articulation,mixed,cnn,58,1,6,238,180,180,0.8917814153016344,0.9443417894500032,1.2947584277461504,12.7163996414004,1.4551455776538602,29.972990653085862,55.55555555555556
train,Bach/Fugue/bwv_883/midi_score.mid,articulation,mixed,visible_mean,58,1,6,238,180,180,1.021705580014805,1.0107945290783904,1.3138772545109667,0.0,0.0,0.0,0.0
train,Bach/Fugue/bwv_883/midi_score.mid,articulation,mixed,linear_interpolation,58,1,6,238,180,180,1.1047142227803435,1.0510538629301276,1.3325173746563026,-8.124516924370306,-1.4187109245813012,16.10858581300889,51.111111111111114
train,Bach/Fugue/bwv_883/midi_score.mid,articulation,small,cnn,83,1,6,260,177,177,0.247873033738798,0.4978684904056472,0.321605161126704,-2.717580287544341,-26.66702977795612,58.06025788127075,47.45762711864407
train,Bach/Fugue/bwv_883/midi_score.mid,articulation,small,visible_mean,83,1,6,260,177,177,0.2413151020934392,0.4912383353255721,0.25389808357428856,0.0,0.0,0.0,0.0
train,Bach/Fugue/bwv_883/midi_score.mid,articulation,small,linear_interpolation,83,1,6,260,177,177,0.19700626475140678,0.44385387770234336,0.26930723044294136,18.361402563555963,-6.069028427362744,21.94754796008094,46.32768361581921
train,Bach/Fugue/bwv_883/midi_score.mid,dynamics,abrupt,cnn,4,1,3,16,12,12,2.505999292271656,1.5830348360891038,2.135943125825453,-36.05969785504253,2.355511746647576,13.3339568905057,58.333333333333336
train,Bach/Fugue/bwv_883/midi_score.mid,dynamics,abrupt,visible_mean,4,1,3,16,12,12,1.8418380547497155,1.3571433434791313,2.1874692202630492,0.0,0.0,0.0,0.0
train,Bach/Fugue/bwv_883/midi_score.mid,dynamics,abrupt,linear_interpolation,4,1,3,16,12,12,2.290200000109719,1.5133406754956793,2.3286915309262555,-24.343179586488173,-6.4559678991151115,23.253673877088136,50.0
train,Bach/Fugue/bwv_883/midi_score.mid,dynamics,gradual,cnn,6,1,4,19,13,13,0.49193022788773194,0.7013773790818548,0.41895863623851504,53.46728714659689,-39.538114463910375,51.484488059163645,46.15384615384615
train,Bach/Fugue/bwv_883/midi_score.mid,dynamics,gradual,visible_mean,6,1,4,19,13,13,1.0571707466046765,1.0281880891182684,0.3002467374939862,0.0,0.0,0.0,0.0
train,Bach/Fugue/bwv_883/midi_score.mid,dynamics,gradual,linear_interpolation,6,1,4,19,13,13,0.2883010929599864,0.5369367681207783,0.1908729431030959,72.7289944518494,36.42797097606465,94.30290228391115,61.53846153846154
train,Bach/Fugue/bwv_883/midi_score.mid,dynamics,mixed,cnn,61,1,6,253,192,191,0.648262359088004,0.8051474145074329,0.6650856323193561,17.32344847101155,-2.679441193951515,31.910540172369323,54.973821989528794
train,Bach/Fugue/bwv_883/midi_score.mid,dynamics,mixed,visible_mean,61,1,6,253,192,191,0.7840945795383194,0.8854911515866883,0.6477300855806897,0.0,0.0,0.0,0.0
train,Bach/Fugue/bwv_883/midi_score.mid,dynamics,mixed,linear_interpolation,61,1,6,253,192,191,0.6069899526319149,0.7790955991609213,0.6168559991788758,22.58715103102549,4.766504920662329,28.33800269354732,56.544502617801044
train,Bach/Fugue/bwv_883/midi_score.mid,dynamics,small,cnn,93,1,6,295,202,201,0.2128001400027774,0.4613026555340619,0.2601483301026848,10.933905599107296,-31.018544695666606,50.36539517749126,50.74626865671642
train,Bach/Fugue/bwv_883/midi_score.mid,dynamics,small,visible_mean,93,1,6,295,202,201,0.23892384799646554,0.48879837151576677,0.198558403092451,0.0,0.0,0.0,0.0
train,Bach/Fugue/bwv_883/midi_score.mid,dynamics,small,linear_interpolation,93,1,6,295,202,201,0.19001603410363402,0.4359082863443112,0.21260735313700244,20.470042778465135,-7.075474936213144,29.28490024917913,54.72636815920398
train,Bach/Fugue/bwv_883/midi_score.mid,pedal_changes,abrupt,cnn,10,1,2,38,28,25,1.6910040618996125,1.3003861203118143,3.8418267218592033,24.165760994187778,9.32195948214506,22.24686940816617,56.0
train,Bach/Fugue/bwv_883/midi_score.mid,pedal_changes,abrupt,visible_mean,10,1,2,38,28,25,2.2298688350653952,1.4932745343925862,4.236777393863875,0.0,0.0,0.0,0.0
train,Bach/Fugue/bwv_883/midi_score.mid,pedal_changes,abrupt,linear_interpolation,10,1,2,38,28,25,3.00383804406882,1.7331584013207852,4.433485086744883,-34.70918095416706,-4.642861179487512,13.36306324320864,24.0
train,Bach/Fugue/bwv_883/midi_score.mid,pedal_changes,gradual,cnn,8,1,3,27,19,3,0.9717859973253498,0.9857920659679452,0.29880789354779924,-2.255350571981718,10.665592000859226,47.315951842550405,66.66666666666667
train,Bach/Fugue/bwv_883/midi_score.mid,pedal_changes,gradual,visible_mean,8,1,3,27,19,3,0.950352223027459,0.97486010433675,0.3344824242308442,0.0,0.0,0.0,0.0
train,Bach/Fugue/bwv_883/midi_score.mid,pedal_changes,gradual,linear_interpolation,8,1,3,27,19,3,0.582484217399198,0.7632065365280869,0.3108621641281325,38.70859631983331,7.061734306975143,57.391873987550625,100.0
train,Bach/Fugue/bwv_883/midi_score.mid,pedal_changes,mixed,cnn,16,1,2,59,43,27,1.0325472525999009,1.0161433228634142,0.9180284927050063,-6.711916057647116,1.9234070324654295,40.69394026217131,59.25925925925926
train,Bach/Fugue/bwv_883/midi_score.mid,pedal_changes,mixed,visible_mean,16,1,2,59,43,27,0.9676025796801417,0.9836679214451093,0.9360322019025408,0.0,0.0,0.0,0.0
train,Bach/Fugue/bwv_883/midi_score.mid,pedal_changes,mixed,linear_interpolation,16,1,2,59,43,27,0.6125108813651695,0.7826307439432529,0.9367621460178027,36.69809338792318,-0.07798279949966513,27.501551676486468,40.74074074074074
train,Bach/Fugue/bwv_883/midi_score.mid,pedal_changes,small,cnn,130,1,6,459,329,0,0.07239963610153563,0.2690718047316285,0.05908223503923171,-131.56300963702878,,,
train,Bach/Fugue/bwv_883/midi_score.mid,pedal_changes,small,visible_mean,130,1,6,459,329,0,0.031265630989604457,0.17682090088449515,0.0,0.0,,,
train,Bach/Fugue/bwv_883/midi_score.mid,pedal_changes,small,linear_interpolation,130,1,6,459,329,0,0.0,0.0,0.0,100.0,,,
train,Bach/Fugue/bwv_883/midi_score.mid,pedal_depth,abrupt,cnn,2,1,1,6,4,2,0.5600217814437515,0.7483460305525456,1.5850697480102889,-9.37211614065001,-0.6975592320991764,8.286335841331285,50.0
train,Bach/Fugue/bwv_883/midi_score.mid,pedal_depth,abrupt,visible_mean,2,1,1,6,4,2,0.5120334151015021,0.7155651019309858,1.5740895410948739,0.0,0.0,0.0,0.0
train,Bach/Fugue/bwv_883/midi_score.mid,pedal_depth,abrupt,linear_interpolation,2,1,1,6,4,2,1.3715066163184166,1.1711134088201778,1.8993583315343479,-167.85490475197565,-20.663931876024666,46.31163613448823,50.0
train,Bach/Fugue/bwv_883/midi_score.mid,pedal_depth,gradual,cnn,10,1,6,42,32,23,0.1977060677174086,0.4446415047174618,0.12431159275685588,-31.26926641780081,-34.84699472700186,58.47753062983002,43.47826086956522
train,Bach/Fugue/bwv_883/midi_score.mid,pedal_depth,gradual,visible_mean,10,1,6,42,32,23,0.15061108598577388,0.3880864413835839,0.09218714366495528,0.0,0.0,0.0,0.0
train,Bach/Fugue/bwv_883/midi_score.mid,pedal_depth,gradual,linear_interpolation,10,1,6,42,32,23,0.07049086780455031,0.26550116347118013,0.05969052548978723,53.196760156680234,35.25070512356221,54.39610582176938,86.95652173913044
train,Bach/Fugue/bwv_883/midi_score.mid,pedal_depth,mixed,cnn,30,1,6,128,98,88,0.23151870487126805,0.48116390645108453,0.39959329606330396,-27.178929768895554,-25.90750222803184,52.08005011686472,53.40909090909091
train,Bach/Fugue/bwv_883/midi_score.mid,pedal_depth,mixed,visible_mean,30,1,6,128,98,88,0.18204171500104188,0.42666346808818995,0.3173705212097672,0.0,0.0,0.0,0.0
train,Bach/Fugue/bwv_883/midi_score.mid,pedal_depth,mixed,linear_interpolation,30,1,6,128,98,88,0.19809832958235013,0.4450823851629607,0.3166930507275488,-8.820294063487788,0.21346358182102732,17.415854844898536,63.63636363636363
train,Bach/Fugue/bwv_883/midi_score.mid,pedal_depth,small,cnn,122,1,6,407,285,136,0.10109572669051496,0.31795554200314696,0.052988899444818105,-96.6367588345916,-352.7862143662249,187.09657495556183,53.6764705882353
train,Bach/Fugue/bwv_883/midi_score.mid,pedal_depth,small,visible_mean,122,1,6,407,285,136,0.0514124252706766,0.2267430820789834,0.011702851757310647,0.0,0.0,0.0,0.0
train,Bach/Fugue/bwv_883/midi_score.mid,pedal_depth,small,linear_interpolation,122,1,6,407,285,136,0.011598949573445982,0.10769841954943435,0.011165253782438708,77.43940397213372,4.593734809433158,35.35994474378059,51.470588235294116
train,Bach/Fugue/bwv_883/midi_score.mid,pedal_down_ratio,abrupt,cnn,5,1,2,19,14,12,1.224238367490188,1.10645305706577,2.4405993684087646,2.3852410465877716,-5.924856452856786,21.054830240630594,50.0
train,Bach/Fugue/bwv_883/midi_score.mid,pedal_down_ratio,abrupt,visible_mean,5,1,2,19,14,12,1.254152938158122,1.1198896991034974,2.304085603830848,0.0,0.0,0.0,0.0
train,Bach/Fugue/bwv_883/midi_score.mid,pedal_down_ratio,abrupt,linear_interpolation,5,1,2,19,14,12,1.906112443644412,1.3806203111805981,2.386041855736302,-51.9840511990326,-3.5569968307249678,23.65329920827106,50.0
train,Bach/Fugue/bwv_883/midi_score.mid,pedal_down_ratio,gradual,cnn,5,1,3,17,12,2,0.34392409412951064,0.5864504191570764,0.298306707242509,10.391668665421271,-8.195535410213385,49.377601305617276,100.0
train,Bach/Fugue/bwv_883/midi_score.mid,pedal_down_ratio,gradual,visible_mean,5,1,3,17,12,2,0.38380816717294974,0.6195225316103925,0.2757107362253966,0.0,0.0,0.0,0.0
train,Bach/Fugue/bwv_883/midi_score.mid,pedal_down_ratio,gradual,linear_interpolation,5,1,3,17,12,2,0.2643498753924924,0.5141496624451799,0.14394021751116173,31.12447884065679,47.79303139160711,57.65887356407756,100.0
train,Bach/Fugue/bwv_883/midi_score.mid,pedal_down_ratio,mixed,cnn,19,1,2,73,54,53,0.30374789963911575,0.5511332866368314,0.548138114078167,-25.150579184378728,-24.419648106653003,53.476419844714144,58.490566037735846
train,Bach/Fugue/bwv_883/midi_score.mid,pedal_down_ratio,mixed,visible_mean,19,1,2,73,54,53,0.24270594800174083,0.4926519542250298,0.44055591091874885,0.0,0.0,0.0,0.0
train,Bach/Fugue/bwv_883/midi_score.mid,pedal_down_ratio,mixed,linear_interpolation,19,1,2,73,54,53,0.2785090070714308,0.5277395257808826,0.4543478860282648,-14.751619960065065,-3.130584510999701,15.071573990291135,52.83018867924528
train,Bach/Fugue/bwv_883/midi_score.mid,pedal_down_ratio,small,cnn,135,1,6,474,339,5,0.09728003889854721,0.31189748139179835,0.03984481713956465,-940.8220133979177,-2279.6485152782675,496.17628152033967,80.0
train,Bach/Fugue/bwv_883/midi_score.mid,pedal_down_ratio,small,visible_mean,135,1,6,474,339,5,0.009346462473536864,0.09667710418468721,0.0016743992603842732,0.0,0.0,0.0,0.0
train,Bach/Fugue/bwv_883/midi_score.mid,pedal_down_ratio,small,linear_interpolation,135,1,6,474,339,5,0.0007343668279329382,0.02709920345569106,0.0015912577114714343,92.14283660783757,4.965455425115151,8.046437123987118,80.0
train,Bach/Fugue/bwv_883/midi_score.mid,rubato,abrupt,cnn,40,1,6,154,114,114,4.208635217721177,2.0514958488188997,8.257099019146176,10.218067829975574,5.813252611492037,13.044094317578079,52.63157894736842
train,Bach/Fugue/bwv_883/midi_score.mid,rubato,abrupt,visible_mean,40,1,6,154,114,114,4.687619341663398,2.1650910700622727,8.766731252632313,0.0,0.0,0.0,0.0
train,Bach/Fugue/bwv_883/midi_score.mid,rubato,abrupt,linear_interpolation,40,1,6,154,114,114,5.491647112932264,2.3434263617473166,8.7931211513542,-17.152155767485123,-0.30102324300134153,14.477015096887392,44.73684210526316
train,Bach/Fugue/bwv_883/midi_score.mid,rubato,gradual,cnn,6,1,3,19,13,13,0.17826758774939927,0.42221746499807333,0.10391772289802378,44.43835795463844,-18.480590458889125,67.69703232342155,53.84615384615385
train,Bach/Fugue/bwv_883/midi_score.mid,rubato,gradual,visible_mean,6,1,3,19,13,13,0.32084650702702106,0.5664331443577618,0.08770864704129035,0.0,0.0,0.0,0.0
train,Bach/Fugue/bwv_883/midi_score.mid,rubato,gradual,linear_interpolation,6,1,3,19,13,13,0.6731127257628097,0.8204344737776501,0.2749611261845059,-109.79275479727177,-213.49374943050174,166.16821497314496,46.15384615384615
train,Bach/Fugue/bwv_883/midi_score.mid,rubato,mixed,cnn,80,1,6,304,224,224,0.9365179772801285,0.9677385893308835,1.4896946557217199,-1.5618068899433846,-1.0068156367157632,29.364350935083927,53.125
train,Bach/Fugue/bwv_883/midi_score.mid,rubato,mixed,visible_mean,80,1,6,304,224,224,0.922116301352317,0.9602688693029244,1.4748456788100337,0.0,0.0,0.0,0.0
train,Bach/Fugue/bwv_883/midi_score.mid,rubato,mixed,linear_interpolation,80,1,6,304,224,224,1.568826378992683,1.2525279952929926,1.535491404019654,-70.1332442222247,-4.11200480707592,20.701015709846263,51.339285714285715
train,Bach/Fugue/bwv_883/midi_score.mid,rubato,small,cnn,38,1,6,106,68,68,0.3808341619845282,0.6171176241078585,0.5508355312244216,-22.478179266707254,-88.76757324371684,82.54719313250789,39.705882352941174
train,Bach/Fugue/bwv_883/midi_score.mid,rubato,small,visible_mean,38,1,6,106,68,68,0.3109404175214162,0.5576203166325777,0.29180622591001937,0.0,0.0,0.0,0.0
train,Bach/Fugue/bwv_883/midi_score.mid,rubato,small,linear_interpolation,38,1,6,106,68,68,0.1814637700560074,0.4259856453637932,0.29235266852015,41.64034013252428,-0.1872621491973092,25.188749550603397,63.23529411764706
train,Bach/Fugue/bwv_883/midi_score.mid,tempo,small,cnn,164,1,6,583,419,419,0.09187899817464121,0.3031154865305321,0.1273077471666222,-452.22530616097043,-309.8282095717154,180.89132588504987,49.40334128878282
train,Bach/Fugue/bwv_883/midi_score.mid,tempo,small,visible_mean,164,1,6,583,419,419,0.01663795504291124,0.12898819730080438,0.03106368575742094,0.0,0.0,0.0,0.0
train,Bach/Fugue/bwv_883/midi_score.mid,tempo,small,linear_interpolation,164,1,6,583,419,419,0.022755851328475258,0.15085042700793147,0.03148929034404069,-36.77072254243532,-1.3701033095149473,16.74453098291745,50.83532219570406
train,Bach/Fugue/bwv_885/midi_score.mid,articulation,abrupt,cnn,8,1,4,36,28,28,1.4870619465335364,1.2194514941290353,3.6612649256552126,-0.45471418285227827,-11.823884241935456,14.627341621166176,46.42857142857143
train,Bach/Fugue/bwv_885/midi_score.mid,articulation,abrupt,visible_mean,8,1,4,36,28,28,1.4803306730102461,1.2166884042392474,3.274134994035728,0.0,0.0,0.0,0.0
train,Bach/Fugue/bwv_885/midi_score.mid,articulation,abrupt,linear_interpolation,8,1,4,36,28,28,2.5296859917162178,1.5904986613374492,3.4382686382438954,-70.88654837990434,-5.013038390511038,19.476559663809123,46.42857142857143
train,Bach/Fugue/bwv_885/midi_score.mid,articulation,gradual,cnn,4,1,2,16,12,12,0.2317901858645861,0.48144593244162537,0.2663005765214666,-51.849723633063746,-84.02105674927402,63.55038330181263,50.0
train,Bach/Fugue/bwv_885/midi_score.mid,articulation,gradual,visible_mean,4,1,2,16,12,12,0.15264445684780695,0.3906973980561004,0.1447120135193535,0.0,0.0,0.0,0.0
train,Bach/Fugue/bwv_885/midi_score.mid,articulation,gradual,linear_interpolation,4,1,2,16,12,12,0.4275867932917683,0.6539012106517071,0.15339141728407052,-180.11943710349772,-5.997707829250998,114.39683444204061,83.33333333333333
train,Bach/Fugue/bwv_885/midi_score.mid,articulation,mixed,cnn,59,1,6,244,185,185,0.8414300191890404,0.9172949466714838,1.33839498786709,0.9949176331919274,-3.668047350171788,27.179762409966955,48.108108108108105
train,Bach/Fugue/bwv_885/midi_score.mid,articulation,mixed,visible_mean,59,1,6,244,185,185,0.8498856816982294,0.9218924458407441,1.2910390637013114,0.0,0.0,0.0,0.0
train,Bach/Fugue/bwv_885/midi_score.mid,articulation,mixed,linear_interpolation,59,1,6,244,185,185,0.9804871576684613,0.9901955148698974,1.317439870719166,-15.36694625908579,-2.0449270483083204,18.812952096062745,51.891891891891895
train,Bach/Fugue/bwv_885/midi_score.mid,articulation,small,cnn,65,1,6,205,140,140,0.39351163866735456,0.6273050602915256,0.44039662639616645,-4.524656733181143,-12.504080417511965,39.116588699001895,47.857142857142854
train,Bach/Fugue/bwv_885/midi_score.mid,articulation,small,visible_mean,65,1,6,205,140,140,0.3764773317284046,0.6135774863278514,0.3914494698875082,0.0,0.0,0.0,0.0
train,Bach/Fugue/bwv_885/midi_score.mid,articulation,small,linear_interpolation,65,1,6,205,140,140,0.31408524365644275,0.5604330857974418,0.39494392682331236,16.57260153898782,-0.8926968113683653,15.996767072568996,55.714285714285715
train,Bach/Fugue/bwv_885/midi_score.mid,dynamics,abrupt,cnn,26,1,5,98,72,72,1.4196564012347674,1.1914933492196955,2.4750130705271634,11.878344348586477,0.4026749976838828,13.453041532820583,47.22222222222222
train,Bach/Fugue/bwv_885/midi_score.mid,dynamics,abrupt,visible_mean,26,1,5,98,72,72,1.6110187566726628,1.269259136926996,2.485019623237479,0.0,0.0,0.0,0.0
train,Bach/Fugue/bwv_885/midi_score.mid,dynamics,abrupt,linear_interpolation,26,1,5,98,72,72,1.9383506126878753,1.3922466062763001,2.4862752140872777,-20.31831439947176,-0.05052639576998974,23.2611949437225,43.05555555555556
train,Bach/Fugue/bwv_885/midi_score.mid,dynamics,gradual,cnn,8,1,4,17,9,9,0.7392556552319632,0.859799776245588,0.2404512234704266,45.25940056844586,25.992050566557268,30.841502013196525,88.88888888888889
train,Bach/Fugue/bwv_885/midi_score.mid,dynamics,gradual,visible_mean,8,1,4,17,9,9,1.3504705153188985,1.1620974637778445,0.3248991835487492,0.0,0.0,0.0,0.0
train,Bach/Fugue/bwv_885/midi_score.mid,dynamics,gradual,linear_interpolation,8,1,4,17,9,9,0.2360478442298452,0.48584755245842826,0.15543830016390786,82.52106643186467,52.157989913635696,79.91993011265463,88.88888888888889
train,Bach/Fugue/bwv_885/midi_score.mid,dynamics,mixed,cnn,47,1,6,196,149,149,0.7018654983731741,0.8377741332681345,0.726224250587674,7.219316020691746,-6.03531751040316,22.537204549826527,49.66442953020134
train,Bach/Fugue/bwv_885/midi_score.mid,dynamics,mixed,visible_mean,47,1,6,196,149,149,0.7564780386073707,0.8697574596445671,0.684889023429787,0.0,0.0,0.0,0.0
train,Bach/Fugue/bwv_885/midi_score.mid,dynamics,mixed,linear_interpolation,47,1,6,196,149,149,0.8119789501222654,0.9010987460441089,0.6997954727710721,-7.336751192019841,-2.1764766015137216,27.259449723205826,56.375838926174495
train,Bach/Fugue/bwv_885/midi_score.mid,dynamics,small,cnn,55,1,6,190,135,135,0.2686777134806366,0.5183413098342025,0.249679378848423,35.20857424246212,-4.985357322865669,45.05629351777584,56.2962962962963
train,Bach/Fugue/bwv_885/midi_score.mid,dynamics,small,visible_mean,55,1,6,190,135,135,0.4146809710378668,0.6439572742332109,0.23782305000932083,0.0,0.0,0.0,0.0
train,Bach/Fugue/bwv_885/midi_score.mid,dynamics,small,linear_interpolation,55,1,6,190,135,135,0.22566472208444965,0.4750418108803157,0.2396323717144911,45.58112432319857,-0.7607848377604087,21.3178445846269,53.333333333333336
train,Bach/Fugue/bwv_885/midi_score.mid,pedal_changes,abrupt,cnn,32,1,6,123,91,56,2.073223285886713,1.4398691905470833,3.134711157608337,2.2444257168473203,7.142166189226962,16.486216630534027,66.07142857142857
train,Bach/Fugue/bwv_885/midi_score.mid,pedal_changes,abrupt,visible_mean,32,1,6,123,91,56,2.1208235960862387,1.4563047744501283,3.3758176655254464,0.0,0.0,0.0,0.0
train,Bach/Fugue/bwv_885/midi_score.mid,pedal_changes,abrupt,linear_interpolation,32,1,6,123,91,56,3.0695843424555322,1.7520229286329367,3.220246004335311,-44.73548616302334,4.608414215579993,22.124261964865667,41.07142857142857
train,Bach/Fugue/bwv_885/midi_score.mid,pedal_changes,gradual,cnn,7,1,4,23,16,1,0.3922144531136159,0.6262702716189041,0.1574528584222268,13.715796535249769,-51.917699722161295,63.47309701245538,0.0
train,Bach/Fugue/bwv_885/midi_score.mid,pedal_changes,gradual,visible_mean,7,1,4,23,16,1,0.4545611332830437,0.6742114900259738,0.10364352455980352,0.0,0.0,0.0,0.0
train,Bach/Fugue/bwv_885/midi_score.mid,pedal_changes,gradual,linear_interpolation,7,1,4,23,16,1,0.5200201041946018,0.7211241947089293,0.1502831163684022,-14.400476881686753,-45.00000555431427,92.19544156068143,100.0
train,Bach/Fugue/bwv_885/midi_score.mid,pedal_changes,mixed,cnn,25,1,6,98,73,43,0.6708883718708303,0.8190777569137317,0.8810555781916776,-8.030151950561383,4.82203911651774,27.990339540660987,55.81395348837209
train,Bach/Fugue/bwv_885/midi_score.mid,pedal_changes,mixed,visible_mean,25,1,6,98,73,43,0.6210195577414848,0.7880479412710147,0.9256928494930396,0.0,0.0,0.0,0.0
train,Bach/Fugue/bwv_885/midi_score.mid,pedal_changes,mixed,linear_interpolation,25,1,6,98,73,43,0.6399458866872556,0.7999661784645996,0.9543439055008414,-3.047622045045073,-3.095093153576012,20.492404348807746,30.232558139534884
train,Bach/Fugue/bwv_885/midi_score.mid,pedal_changes,small,cnn,72,1,6,257,185,0,0.06933213780204132,0.26330996525395944,0.03650323371235824,8.998368534528566,,,
train,Bach/Fugue/bwv_885/midi_score.mid,pedal_changes,small,visible_mean,72,1,6,257,185,0,0.07618779651038221,0.27602136966253576,0.0,0.0,,,
train,Bach/Fugue/bwv_885/midi_score.mid,pedal_changes,small,linear_interpolation,72,1,6,257,185,0,0.0,0.0,0.0,100.0,,,
train,Bach/Fugue/bwv_885/midi_score.mid,pedal_depth,abrupt,cnn,49,1,6,187,138,124,1.6378819153375714,1.2797976071776238,3.018814406897106,-2.6815005536787284,2.264517680850331,14.056465961554384,58.87096774193548
train,Bach/Fugue/bwv_885/midi_score.mid,pedal_depth,abrupt,visible_mean,49,1,6,187,138,124,1.5951090571386197,1.2629762694281392,3.088759921437067,0.0,0.0,0.0,0.0
train,Bach/Fugue/bwv_885/midi_score.mid,pedal_depth,abrupt,linear_interpolation,49,1,6,187,138,124,2.548389469163711,1.5963675858534934,3.126429940885399,-59.76271075377939,-1.219583923855283,21.795185540653954,52.41935483870968
train,Bach/Fugue/bwv_885/midi_score.mid,pedal_depth,gradual,cnn,8,1,6,23,15,6,0.07372614359113054,0.2715255855184379,0.04376083226451775,51.992161677728596,-1484.6405431575076,354.059381163247,33.333333333333336
train,Bach/Fugue/bwv_885/midi_score.mid,pedal_depth,gradual,visible_mean,8,1,6,23,15,6,0.15357105457699416,0.39188142923210095,0.0027615620749751367,0.0,0.0,0.0,0.0
train,Bach/Fugue/bwv_885/midi_score.mid,pedal_depth,gradual,linear_interpolation,8,1,6,23,15,6,0.25691751900409177,0.5068703177382671,0.04372360283299671,-67.29553607075347,-1483.2924137108296,411.59191736192923,66.66666666666667
train,Bach/Fugue/bwv_885/midi_score.mid,pedal_depth,mixed,cnn,20,1,5,86,66,47,0.2576896280295094,0.5076313899174374,0.415708768529035,3.417609170285374,-3.6790965578900936,32.7096364479007,51.06382978723404
train,Bach/Fugue/bwv_885/midi_score.mid,pedal_depth,mixed,visible_mean,20,1,5,86,66,47,0.26680808563110076,0.5165346896686618,0.4009571671922512,0.0,0.0,0.0,0.0
train,Bach/Fugue/bwv_885/midi_score.mid,pedal_depth,mixed,linear_interpolation,20,1,5,86,66,47,0.387064093974851,0.6221447532325985,0.4194323600088066,-45.07210044227104,-4.607772183230963,26.4635971708208,40.42553191489362
train,Bach/Fugue/bwv_885/midi_score.mid,pedal_depth,small,cnn,59,1,6,205,146,9,0.10585872847408942,0.3253593835654497,0.02967903598281132,7.443367905519837,-555.3751755940516,223.60447339114913,22.22222222222222
train,Bach/Fugue/bwv_885/midi_score.mid,pedal_depth,small,visible_mean,59,1,6,205,146,9,0.11437184573227634,0.3381890680259732,0.004528556632605036,0.0,0.0,0.0,0.0
train,Bach/Fugue/bwv_885/midi_score.mid,pedal_depth,small,linear_interpolation,59,1,6,205,146,9,0.005923984105662427,0.07696742236597524,0.004568464499303252,94.82041750071133,-0.8812491470435502,15.92720666260084,33.333333333333336
train,Bach/Fugue/bwv_885/midi_score.mid,pedal_down_ratio,abrupt,cnn,38,1,5,141,103,78,2.071338544434322,1.4392145581650855,4.366590904317904,-2.8451418938864714,-0.5266110619169151,11.692739434347935,50.0
train,Bach/Fugue/bwv_885/midi_score.mid,pedal_down_ratio,abrupt,visible_mean,38,1,5,141,103,78,2.014036352413697,1.419167485680847,4.343716413187757,0.0,0.0,0.0,0.0
train,Bach/Fugue/bwv_885/midi_score.mid,pedal_down_ratio,abrupt,linear_interpolation,38,1,5,141,103,78,3.44345226549166,1.8556541341240451,4.366746325112159,-70.9726967621462,-0.5301891222567523,21.39221743485221,52.56410256410256
train,Bach/Fugue/bwv_885/midi_score.mid,pedal_down_ratio,gradual,cnn,8,1,5,23,15,6,0.5614223025054893,0.7492811905456385,0.3611499898794068,20.284789139095803,0.9195219590028003,31.943139730047506,50.0
train,Bach/Fugue/bwv_885/midi_score.mid,pedal_down_ratio,gradual,visible_mean,8,1,5,23,15,6,0.7042850372498171,0.8392169190678993,0.36450166270894585,0.0,0.0,0.0,0.0
train,Bach/Fugue/bwv_885/midi_score.mid,pedal_down_ratio,gradual,linear_interpolation,8,1,5,23,15,6,0.606379464834613,0.7787037079882264,0.17288789393299894,13.901413097957938,52.568695394114094,78.42519956213833,83.33333333333333
train,Bach/Fugue/bwv_885/midi_score.mid,pedal_down_ratio,mixed,cnn,15,1,5,64,49,30,0.5141336176855864,0.7170311134710867,0.7852335142723567,-11.120242252171785,-10.900049371661002,29.854320784352584,60.0
train,Bach/Fugue/bwv_885/midi_score.mid,pedal_down_ratio,mixed,visible_mean,15,1,5,64,49,30,0.46268223256644125,0.6802074922892583,0.7080551530151188,0.0,0.0,0.0,0.0
train,Bach/Fugue/bwv_885/midi_score.mid,pedal_down_ratio,mixed,linear_interpolation,15,1,5,64,49,30,0.683454175052828,0.8267128734045625,0.7117765778787514,-47.71567329520998,-0.5255840378797672,22.38251895235516,30.0
train,Bach/Fugue/bwv_885/midi_score.mid,pedal_down_ratio,small,cnn,75,1,6,273,198,4,0.07223944657414065,0.268773969301606,0.026773234357705848,1.1248270706666563,-9231.0341971272,959.0632799811758,25.0
train,Bach/Fugue/bwv_885/midi_score.mid,pedal_down_ratio,small,visible_mean,75,1,6,273,198,4,0.07306125939801957,0.27029846355097836,0.00028692676280136966,0.0,0.0,0.0,0.0
train,Bach/Fugue/bwv_885/midi_score.mid,pedal_down_ratio,small,linear_interpolation,75,1,6,273,198,4,0.0003140034814824756,0.017720143382108273,0.00028955835032905904,99.57021890387645,-0.9171634956586905,9.576865330883033,0.0
train,Bach/Fugue/bwv_885/midi_score.mid,rubato,abrupt,cnn,34,1,6,136,102,102,9.353800722641909,3.058398391747208,11.269597678249355,15.631987309535333,11.41680046684983,13.538075653356142,59.80392156862745
train,Bach/Fugue/bwv_885/midi_score.mid,rubato,abrupt,visible_mean,34,1,6,136,102,102,11.086904176538797,3.329700313322326,12.722048579913817,0.0,0.0,0.0,0.0
train,Bach/Fugue/bwv_885/midi_score.mid,rubato,abrupt,linear_interpolation,34,1,6,136,102,102,8.627225709237653,2.9372139365796377,11.731687363005074,22.18543994008819,7.784604898242353,20.466441210153924,55.88235294117647
train,Bach/Fugue/bwv_885/midi_score.mid,rubato,gradual,cnn,5,1,3,12,7,7,1.356455440844769,1.164669670269115,0.9463726851502992,45.09318945839161,-24.73265727069016,46.87084184191404,42.857142857142854
train,Bach/Fugue/bwv_885/midi_score.mid,rubato,gradual,visible_mean,5,1,3,12,7,7,2.4704684673258286,1.571772396794723,0.7587208561559916,0.0,0.0,0.0,0.0
train,Bach/Fugue/bwv_885/midi_score.mid,rubato,gradual,linear_interpolation,5,1,3,12,7,7,0.3031576615188665,0.5505975495031434,0.29982277739519153,87.7287378678012,60.483124331888874,83.08354243595494,100.0
train,Bach/Fugue/bwv_885/midi_score.mid,rubato,mixed,cnn,61,1,6,256,195,195,0.7108131389391911,0.8430973484356306,1.3608411171309953,15.67852075638918,4.326466426706133,26.29509374804682,59.48717948717949
train,Bach/Fugue/bwv_885/midi_score.mid,rubato,mixed,visible_mean,61,1,6,256,195,195,0.8429799207928987,0.9181393798290642,1.4223799062344427,0.0,0.0,0.0,0.0
train,Bach/Fugue/bwv_885/midi_score.mid,rubato,mixed,linear_interpolation,61,1,6,256,195,195,1.1170867923488867,1.0569232670108493,1.524794751358597,-32.516417626906915,-7.200245495261792,22.947123191710705,48.717948717948715
train,Bach/Fugue/bwv_885/midi_score.mid,rubato,small,cnn,36,1,6,97,61,61,0.9256606330668133,0.9621125885606182,0.3587866592780632,-25.535090496452284,-4.949323141638828,38.815428462530086,44.26229508196721
train,Bach/Fugue/bwv_885/midi_score.mid,rubato,small,visible_mean,36,1,6,97,61,61,0.7373720203698528,0.8587036860115675,0.3418665776375207,0.0,0.0,0.0,0.0
train,Bach/Fugue/bwv_885/midi_score.mid,rubato,small,linear_interpolation,36,1,6,97,61,61,0.3604214646692622,0.6003511178212815,0.3562724125081013,51.120810837319105,-4.213876352035517,16.086006037068756,52.459016393442624
train,Bach/Fugue/bwv_885/midi_score.mid,tempo,abrupt,cnn,4,1,3,19,15,15,1.826195713293373,1.3513680894905626,3.129818865624592,15.368739621533168,-9.128319705212128,37.867373765523126,40.0
train,Bach/Fugue/bwv_885/midi_score.mid,tempo,abrupt,visible_mean,4,1,3,19,15,15,2.1578264404036,1.468954199559537,2.8680170959098046,0.0,0.0,0.0,0.0
train,Bach/Fugue/bwv_885/midi_score.mid,tempo,abrupt,linear_interpolation,4,1,3,19,15,15,1.6701534677216414,1.2923441754121234,2.5486591973701325,22.600194508263794,11.135146265171203,19.355718081099855,73.33333333333333
train,Bach/Fugue/bwv_885/midi_score.mid,tempo,gradual,cnn,2,1,2,4,2,2,0.5151892639995825,0.7177668590841894,0.7418788377023322,27.006264808960967,-0.9222983312170641,1.9971559789501763,0.0
train,Bach/Fugue/bwv_885/midi_score.mid,tempo,gradual,visible_mean,2,1,2,4,2,2,0.70579928900916,0.8401186160353549,0.7350990316010826,0.0,0.0,0.0,0.0
train,Bach/Fugue/bwv_885/midi_score.mid,tempo,gradual,linear_interpolation,2,1,2,4,2,2,0.24159349836435684,0.4915216153582229,0.49050768453309956,65.77022644730641,33.27325116117359,51.37177286589644,50.0
train,Bach/Fugue/bwv_885/midi_score.mid,tempo,mixed,cnn,10,1,5,48,38,37,0.703436720541096,0.8387113451844418,0.7478705712564366,-53.99888242843076,-28.547565070381875,44.89061924819154,45.945945945945944
train,Bach/Fugue/bwv_885/midi_score.mid,tempo,mixed,visible_mean,10,1,5,48,38,37,0.45678040609678466,0.6758553144695872,0.5817850932041889,0.0,0.0,0.0,0.0
train,Bach/Fugue/bwv_885/midi_score.mid,tempo,mixed,linear_interpolation,10,1,5,48,38,37,0.4801492073929583,0.692927995821325,0.5849466744809657,-5.115981549178383,-0.5434276872520627,24.289840145092395,43.24324324324324
train,Bach/Fugue/bwv_885/midi_score.mid,tempo,small,cnn,120,1,6,430,310,310,0.14146027654604687,0.37611205317836716,0.18634418932446006,-36.58182871393034,-28.02183060151442,66.00793360655005,51.29032258064516
train,Bach/Fugue/bwv_885/midi_score.mid,tempo,small,visible_mean,120,1,6,430,310,310,0.10357181323317496,0.32182574979820205,0.1455565730070538,0.0,0.0,0.0,0.0
train,Bach/Fugue/bwv_885/midi_score.mid,tempo,small,linear_interpolation,120,1,6,430,310,310,0.10703348604976562,0.3271597255925087,0.15356664326530825,-3.342292375240419,-5.50306323704548,20.16232419669386,48.064516129032256
train,Bach/Fugue/bwv_889/midi_score.mid,articulation,abrupt,cnn,17,1,5,70,53,53,2.69926077099885,1.64294271689516,4.937155056247112,5.180043917774613,4.52882706246095,10.04777369376933,60.37735849056604
train,Bach/Fugue/bwv_889/midi_score.mid,articulation,abrupt,visible_mean,17,1,5,70,53,53,2.846722232879038,1.6872232314898459,5.171356865466804,0.0,0.0,0.0,0.0
train,Bach/Fugue/bwv_889/midi_score.mid,articulation,abrupt,linear_interpolation,17,1,5,70,53,53,4.968789109800488,2.2290780851734397,5.465350388630628,-74.54421974901618,-5.685036457782444,17.02554704998902,49.056603773584904
train,Bach/Fugue/bwv_889/midi_score.mid,articulation,gradual,cnn,2,1,2,8,6,6,0.4840130462852511,0.6957104615321312,0.34609165069568043,3.4640864496490176,-39.921903328749764,44.67415552456679,50.0
train,Bach/Fugue/bwv_889/midi_score.mid,articulation,gradual,visible_mean,2,1,2,8,6,6,0.501381328962926,0.7080828545890134,0.24734629994456983,0.0,0.0,0.0,0.0
train,Bach/Fugue/bwv_889/midi_score.mid,articulation,gradual,linear_interpolation,2,1,2,8,6,6,0.8051985926390793,0.8973285867724706,0.09870440914835049,-60.596046586852204,60.09464901214609,139.4610043992563,100.0
train,Bach/Fugue/bwv_889/midi_score.mid,articulation,mixed,cnn,22,1,6,90,68,68,1.0394916047868559,1.0195546109879823,1.6824840730886792,5.88586836514966,2.32421400723285,18.625122299496567,50.0
train,Bach/Fugue/bwv_889/midi_score.mid,articulation,mixed,visible_mean,22,1,6,90,68,68,1.1045010847254457,1.0509524654928242,1.7225191033663823,0.0,0.0,0.0,0.0
train,Bach/Fugue/bwv_889/midi_score.mid,articulation,mixed,linear_interpolation,22,1,6,90,68,68,1.451217620510531,1.2046649411809622,1.766132951680244,-31.391235425655672,-2.53198052948298,23.767313865280453,54.411764705882355
train,Bach/Fugue/bwv_889/midi_score.mid,articulation,small,cnn,16,1,5,46,30,30,0.3676311663321881,0.6063259571651111,0.49983255716228275,1.695407698962248,-4.617272631249514,25.27240075191639,56.666666666666664
train,Bach/Fugue/bwv_889/midi_score.mid,articulation,small,visible_mean,16,1,5,46,30,30,0.37397150807196544,0.6115320989710724,0.47777249835605173,0.0,0.0,0.0,0.0
train,Bach/Fugue/bwv_889/midi_score.mid,articulation,small,linear_interpolation,16,1,5,46,30,30,0.32945068865567906,0.5739779513671924,0.48915492526442395,11.904869343072788,-2.3823947480312357,14.073999177340385,56.666666666666664
train,Bach/Fugue/bwv_889/midi_score.mid,dynamics,abrupt,cnn,9,1,3,37,28,28,1.4004968993361815,1.1834259162855025,1.785923277863233,-10.83173470409915,0.882183154607219,12.634729547888787,67.85714285714286
train,Bach/Fugue/bwv_889/midi_score.mid,dynamics,abrupt,visible_mean,9,1,3,37,28,28,1.2636244511332941,1.1241105155336348,1.801818618189477,0.0,0.0,0.0,0.0
train,Bach/Fugue/bwv_889/midi_score.mid,dynamics,abrupt,linear_interpolation,9,1,3,37,28,28,1.429169401949165,1.1954787333738586,1.8476554100357598,-13.100803064344024,-2.543918204838014,18.305955289435396,50.0
train,Bach/Fugue/bwv_889/midi_score.mid,dynamics,gradual,cnn,2,1,2,5,3,3,0.07798115491416642,0.27925106072164957,0.0672730268798946,75.9173453107713,71.353996140746,73.73452505319831,100.0
train,Bach/Fugue/bwv_889/midi_score.mid,dynamics,gradual,visible_mean,2,1,2,5,3,3,0.3238063075705876,0.5690398119381346,0.2348426231122017,0.0,0.0,0.0,0.0
train,Bach/Fugue/bwv_889/midi_score.mid,dynamics,gradual,linear_interpolation,2,1,2,5,3,3,0.30616296025203127,0.5533199438408408,0.1835759328438904,5.448734909127795,21.830232344073842,134.1417964184012,66.66666666666667
train,Bach/Fugue/bwv_889/midi_score.mid,dynamics,mixed,cnn,23,1,6,93,70,70,0.8004430498595173,0.8946748291192266,0.911002122071786,4.444088926542644,3.809631237687272,20.115001070300483,52.857142857142854
train,Bach/Fugue/bwv_889/midi_score.mid,dynamics,mixed,visible_mean,23,1,6,93,70,70,0.8376698425743513,0.9152430510931789,0.9470824717627193,0.0,0.0,0.0,0.0
train,Bach/Fugue/bwv_889/midi_score.mid,dynamics,mixed,linear_interpolation,23,1,6,93,70,70,0.7653904236183352,0.8748659460845045,0.8508584920321773,8.628628521934711,10.160042298264582,28.909724128298613,67.14285714285714
train,Bach/Fugue/bwv_889/midi_score.mid,dynamics,small,cnn,23,1,6,79,56,56,0.30075048563449375,0.5484072260961682,0.3653285169134587,5.781042861589258,-21.85058434645697,30.0562305100191,42.857142857142854
train,Bach/Fugue/bwv_889/midi_score.mid,dynamics,small,visible_mean,23,1,6,79,56,56,0.3192037937680433,0.5649812331113692,0.2998167951946152,0.0,0.0,0.0,0.0
train,Bach/Fugue/bwv_889/midi_score.mid,dynamics,small,linear_interpolation,23,1,6,79,56,56,0.2655542940223335,0.5153196037628818,0.29971587625202384,16.807287630389332,0.033660203233720765,21.53290934944477,44.642857142857146
train,Bach/Fugue/bwv_889/midi_score.mid,pedal_changes,abrupt,cnn,21,1,6,87,66,29,1.7368911363249806,1.3179116572536191,3.2632789827679773,3.404043431392878,7.610013670131988,11.048140155204504,65.51724137931035
train,Bach/Fugue/bwv_889/midi_score.mid,pedal_changes,abrupt,visible_mean,21,1,6,87,66,29,1.7980992145270143,1.3409322184685601,3.5320699919976266,0.0,0.0,0.0,0.0
train,Bach/Fugue/bwv_889/midi_score.mid,pedal_changes,abrupt,linear_interpolation,21,1,6,87,66,29,3.204240423013985,1.7900392238758305,3.713828515768934,-78.20153621816985,-5.1459490945283015,24.090420491310518,24.137931034482758
train,Bach/Fugue/bwv_889/midi_score.mid,pedal_changes,gradual,cnn,2,1,2,8,6,0,0.10161969411535325,0.31877844048077225,0.019901693119673186,-41.48553417820586,,,
train,Bach/Fugue/bwv_889/midi_score.mid,pedal_changes,gradual,visible_mean,2,1,2,8,6,0,0.07182338088879092,0.267998844939285,0.0,0.0,,,
train,Bach/Fugue/bwv_889/midi_score.mid,pedal_changes,gradual,linear_interpolation,2,1,2,8,6,0,0.7664107894527403,0.8754489073913682,0.10218810335499177,-967.0770158250095,,,
train,Bach/Fugue/bwv_889/midi_score.mid,pedal_changes,mixed,cnn,9,1,4,33,24,12,1.0122036001376185,1.006083296818717,1.9752355406213555,-22.334440188182203,-21.680207547908225,17.47426854837826,16.666666666666668
train,Bach/Fugue/bwv_889/midi_score.mid,pedal_changes,mixed,visible_mean,9,1,4,33,24,12,0.8274069007718399,0.9096190965298826,1.6233006011628153,0.0,0.0,0.0,0.0
train,Bach/Fugue/bwv_889/midi_score.mid,pedal_changes,mixed,linear_interpolation,9,1,4,33,24,12,0.8322137255567916,0.9122574886274114,1.6233006011628153,-0.5809505311676455,0.0,0.0,0.0
train,Bach/Fugue/bwv_889/midi_score.mid,pedal_changes,small,cnn,25,1,6,86,61,0,0.062019842689547085,0.2490378338517003,0.0379886896583871,-68.61933947059389,,,
train,Bach/Fugue/bwv_889/midi_score.mid,pedal_changes,small,visible_mean,25,1,6,86,61,0,0.03678097831735543,0.19178367583648884,0.0,0.0,,,
train,Bach/Fugue/bwv_889/midi_score.mid,pedal_changes,small,linear_interpolation,25,1,6,86,61,0,0.0,0.0,0.0,100.0,,,
train,Bach/Fugue/bwv_889/midi_score.mid,pedal_depth,abrupt,cnn,18,1,6,70,52,36,2.301104385254824,1.5169391501490177,3.2984280792551695,0.24062055876247213,-1.973351625654285,12.345427950431363,52.77777777777778
train,Bach/Fugue/bwv_889/midi_score.mid,pedal_depth,abrupt,visible_mean,18,1,6,70,52,36,2.3066546706119713,1.51876748405145,3.234598085354445,0.0,0.0,0.0,0.0
train,Bach/Fugue/bwv_889/midi_score.mid,pedal_depth,abrupt,linear_interpolation,18,1,6,70,52,36,1.88378782664399,1.3725115032829378,2.9827998022214386,18.332472968560644,7.784530766684561,19.412144022124725,36.111111111111114
train,Bach/Fugue/bwv_889/midi_score.mid,pedal_depth,gradual,cnn,5,1,4,17,12,4,0.46027546491095744,0.6784360433459866,0.2289741939454607,33.384661291920935,8.628385789268222,30.30483043124836,75.0
train,Bach/Fugue/bwv_889/midi_score.mid,pedal_depth,gradual,visible_mean,5,1,4,17,12,4,0.6909451694420876,0.8312311167431641,0.2505966387081375,0.0,0.0,0.0,0.0
train,Bach/Fugue/bwv_889/midi_score.mid,pedal_depth,gradual,linear_interpolation,5,1,4,17,12,4,0.534803549598278,0.7313026388563616,0.18004131851934044,22.598264920194477,28.154934779859808,70.11064623987428,75.0
train,Bach/Fugue/bwv_889/midi_score.mid,pedal_depth,mixed,cnn,19,1,5,69,50,38,0.4490852039881448,0.6701381976787659,0.6081280526569289,-14.372591697417135,-3.9396299965655857,26.463556996417804,44.73684210526316
train,Bach/Fugue/bwv_889/midi_score.mid,pedal_depth,mixed,visible_mean,19,1,5,69,50,38,0.39265106903954716,0.626618758927266,0.5850781387975145,0.0,0.0,0.0,0.0
train,Bach/Fugue/bwv_889/midi_score.mid,pedal_depth,mixed,linear_interpolation,19,1,5,69,50,38,0.7536472283105083,0.8681285782132209,0.658549658471528,-91.93815775262853,-12.557556811986913,31.357332415759586,39.473684210526315
train,Bach/Fugue/bwv_889/midi_score.mid,pedal_depth,small,cnn,15,1,6,58,43,10,0.1133786097335682,0.33671740337197925,0.05907417034615082,-47.27268317172965,-146.53330662924486,112.47720649335872,50.0
train,Bach/Fugue/bwv_889/midi_score.mid,pedal_depth,small,visible_mean,15,1,6,58,43,10,0.07698549879841686,0.27746260792837807,0.02396194297389235,0.0,0.0,0.0,0.0
train,Bach/Fugue/bwv_889/midi_score.mid,pedal_depth,small,linear_interpolation,15,1,6,58,43,10,0.020181459431450298,0.14206146356929558,0.02072651218512427,73.7853754974108,13.502372459083267,32.63171055127643,30.0
train,Bach/Fugue/bwv_889/midi_score.mid,pedal_down_ratio,abrupt,cnn,20,1,6,80,60,30,3.294165340633107,1.81498356483829,5.555948363364807,-1.3689933606768623,-0.8484650539075655,7.673718996319116,50.0
train,Bach/Fugue/bwv_889/midi_score.mid,pedal_down_ratio,abrupt,visible_mean,20,1,6,80,60,30,3.249677471800743,1.8026861822848543,5.5092046868486575,0.0,0.0,0.0,0.0
train,Bach/Fugue/bwv_889/midi_score.mid,pedal_down_ratio,abrupt,linear_interpolation,20,1,6,80,60,30,2.813723849601201,1.6774158248929216,5.29878756097183,13.415288931980296,3.819373899450984,17.94042307979031,23.333333333333332
train,Bach/Fugue/bwv_889/midi_score.mid,pedal_down_ratio,gradual,cnn,2,1,2,8,6,0,0.282060298351389,0.5310934930418457,0.005302364255824236,-231.03889941756094,,,
train,Bach/Fugue/bwv_889/midi_score.mid,pedal_down_ratio,gradual,visible_mean,2,1,2,8,6,0,0.08520457832830333,0.2918982328283324,0.0,0.0,,,
train,Bach/Fugue/bwv_889/midi_score.mid,pedal_down_ratio,gradual,linear_interpolation,2,1,2,8,6,0,0.42411463834045515,0.6512408451106665,0.05654861922657165,-397.760386426996,,,
train,Bach/Fugue/bwv_889/midi_score.mid,pedal_down_ratio,mixed,cnn,6,1,4,23,17,6,0.45339979853627205,0.6733496851831684,0.3985523295131921,-0.15121256198389332,0.9241627213091519,26.026726088796316,66.66666666666667
train,Bach/Fugue/bwv_889/midi_score.mid,pedal_down_ratio,mixed,visible_mean,6,1,4,23,17,6,0.45271523622907867,0.6728411671628592,0.4022699585087558,0.0,0.0,0.0,0.0
train,Bach/Fugue/bwv_889/midi_score.mid,pedal_down_ratio,mixed,linear_interpolation,6,1,4,23,17,6,0.8346228849195749,0.9135769726298791,0.42074915961362186,-84.35935398852956,-4.593731327432415,21.432991689058273,33.333333333333336
train,Bach/Fugue/bwv_889/midi_score.mid,pedal_down_ratio,small,cnn,29,1,6,103,74,8,0.05517905732955701,0.2349022292988234,0.029871565821521444,-13.401808543946391,-378.20493728103594,196.74789190386474,25.0
train,Bach/Fugue/bwv_889/midi_score.mid,pedal_down_ratio,small,visible_mean,29,1,6,103,74,8,0.04865800469855256,0.22058559494797605,0.006246603389618757,0.0,0.0,0.0,0.0
train,Bach/Fugue/bwv_889/midi_score.mid,pedal_down_ratio,small,linear_interpolation,29,1,6,103,74,8,0.0033866857754907883,0.05819523842627323,0.006246603389618757,93.03981781317981,0.0,0.0,0.0
train,Bach/Fugue/bwv_889/midi_score.mid,rubato,abrupt,cnn,7,1,3,22,15,15,3.616468362973322,1.9017014389680946,4.734788822217821,7.557074058225,4.965513382610753,12.317645633165148,66.66666666666667
train,Bach/Fugue/bwv_889/midi_score.mid,rubato,abrupt,visible_mean,7,1,3,22,15,15,3.912109364919007,1.9779052972574311,4.982179617889846,0.0,0.0,0.0,0.0
train,Bach/Fugue/bwv_889/midi_score.mid,rubato,abrupt,linear_interpolation,7,1,3,22,15,15,3.5799426812820174,1.8920736458399334,5.244222956687617,8.490731026479537,-5.259612436629824,15.221478655310406,46.666666666666664
train,Bach/Fugue/bwv_889/midi_score.mid,rubato,gradual,cnn,3,1,2,6,3,3,0.29685687619316065,0.544845736142957,0.7035943930137804,23.113954863331788,1.92729738208961,14.707415894324475,100.0
train,Bach/Fugue/bwv_889/midi_score.mid,rubato,gradual,visible_mean,3,1,2,6,3,3,0.38609981260641635,0.6213693045254298,0.7174212336688348,0.0,0.0,0.0,0.0
train,Bach/Fugue/bwv_889/midi_score.mid,rubato,gradual,linear_interpolation,3,1,2,6,3,3,0.2614354839499679,0.5113076216427522,0.3572579930125513,32.288109081143,50.202478509652906,57.23877186643138,100.0
train,Bach/Fugue/bwv_889/midi_score.mid,rubato,mixed,cnn,35,1,6,155,120,120,0.797323860377676,0.8929299302731856,1.3052539424713383,2.0791927024729873,-5.539966510055683,26.348899046336278,49.166666666666664
train,Bach/Fugue/bwv_889/midi_score.mid,rubato,mixed,visible_mean,35,1,6,155,120,120,0.8142537652442459,0.902360108406974,1.2367390152118114,0.0,0.0,0.0,0.0
train,Bach/Fugue/bwv_889/midi_score.mid,rubato,mixed,linear_interpolation,35,1,6,155,120,120,1.0668470624369417,1.0328828890232142,1.2628976808640018,-31.021446626891212,-2.1151322413573537,25.484477079053985,52.5
train,Bach/Fugue/bwv_889/midi_score.mid,rubato,small,cnn,12,1,6,31,19,19,0.20600138614385868,0.45387375573374883,0.3435854807351604,-6.527576638259491,-49.12670017269556,58.538258899546605,57.89473684210526
train,Bach/Fugue/bwv_889/midi_score.mid,rubato,small,visible_mean,12,1,6,31,19,19,0.19337845902886433,0.4397481768340425,0.23039836617941162,0.0,0.0,0.0,0.0
train,Bach/Fugue/bwv_889/midi_score.mid,rubato,small,linear_interpolation,12,1,6,31,19,19,0.3387970006926559,0.5820627119930084,0.25659177617247636,-75.19893497656112,-11.368748150179098,21.981469654455204,47.36842105263158
train,Bach/Fugue/bwv_889/midi_score.mid,tempo,mixed,cnn,14,1,5,57,43,43,0.3796695177334941,0.6161732854753557,0.6714984155438702,-9.265810164852017,-32.81499299626907,36.90060681565971,46.51162790697674
train,Bach/Fugue/bwv_889/midi_score.mid,tempo,mixed,visible_mean,14,1,5,57,43,43,0.34747330126475734,0.5894686601209239,0.5055893166840987,0.0,0.0,0.0,0.0
train,Bach/Fugue/bwv_889/midi_score.mid,tempo,mixed,linear_interpolation,14,1,5,57,43,43,0.35790240929257183,0.5982494540679263,0.5246358749700832,-3.0014127675001,-3.7671995149939352,24.71865845169282,48.83720930232558
train,Bach/Fugue/bwv_889/midi_score.mid,tempo,small,cnn,43,1,6,157,114,114,0.17412830833505305,0.41728684179476955,0.18286698161280646,-80.21928815768146,-31.06565157737362,58.31578497857184,52.63157894736842
train,Bach/Fugue/bwv_889/midi_score.mid,tempo,small,visible_mean,43,1,6,157,114,114,0.09662023977294863,0.31083796385407725,0.13952319269923463,0.0,0.0,0.0,0.0
train,Bach/Fugue/bwv_889/midi_score.mid,tempo,small,linear_interpolation,43,1,6,157,114,114,0.13022081034497981,0.36086120648385,0.1435145296359103,-34.77591304988516,-2.860697823393177,22.30469283982959,42.98245614035088
train,Bach/Prelude/bwv_860/midi_score.mid,articulation,abrupt,cnn,32,1,6,122,90,90,4.9200573676314585,2.218120232907012,8.45194675449058,1.3980215492024661,4.04699504693321,8.881650470650346,64.44444444444444
train,Bach/Prelude/bwv_860/midi_score.mid,articulation,abrupt,visible_mean,32,1,6,122,90,90,4.989816071577683,2.2337896211545263,8.808423205322914,0.0,0.0,0.0,0.0
train,Bach/Prelude/bwv_860/midi_score.mid,articulation,abrupt,linear_interpolation,32,1,6,122,90,90,7.844666643113106,2.8008332051575486,9.47808599366555,-57.213543156366796,-7.602527407379345,18.66241460738039,46.666666666666664
train,Bach/Prelude/bwv_860/midi_score.mid,articulation,gradual,cnn,3,1,3,3,0,0,0.03103489568089805,0.1761672378193461,,-49.70345666829659,,,
train,Bach/Prelude/bwv_860/midi_score.mid,articulation,gradual,visible_mean,3,1,3,3,0,0,0.020730914550398927,0.14398234110611943,,0.0,,,
train,Bach/Prelude/bwv_860/midi_score.mid,articulation,gradual,linear_interpolation,3,1,3,3,0,0,0.2649727399859935,0.5147550291021872,,-1178.1526803451834,,,
train,Bach/Prelude/bwv_860/midi_score.mid,articulation,mixed,cnn,28,1,6,114,86,86,1.0136901850833266,1.0068218239009952,1.5975625958395747,15.518618275253427,6.509918221468092,20.45819079303165,59.30232558139535
train,Bach/Prelude/bwv_860/midi_score.mid,articulation,mixed,visible_mean,28,1,6,114,86,86,1.1998977341375479,1.095398436249362,1.7088043623964637,0.0,0.0,0.0,0.0
train,Bach/Prelude/bwv_860/midi_score.mid,articulation,mixed,linear_interpolation,28,1,6,114,86,86,1.5139523701877364,1.23042771839216,1.7411777735587137,-26.17345021289852,-1.8945065845249243,16.894227576765072,53.48837209302326
train,Bach/Prelude/bwv_860/midi_score.mid,articulation,small,cnn,13,1,6,38,25,25,0.5521868607294558,0.7430927672434013,0.5316747718949071,-38.512201551839944,-57.115162160381416,55.232530889717104,32.0
train,Bach/Prelude/bwv_860/midi_score.mid,articulation,small,visible_mean,13,1,6,38,25,25,0.3986557534592307,0.6313919174801264,0.3383981307623127,0.0,0.0,0.0,0.0
train,Bach/Prelude/bwv_860/midi_score.mid,articulation,small,linear_interpolation,13,1,6,38,25,25,0.2990035543817497,0.546812174683181,0.34419489903176964,24.99705528210121,-1.713002449628931,25.061669796139373,44.0
train,Bach/Prelude/bwv_860/midi_score.mid,dynamics,abrupt,cnn,19,1,6,81,62,61,2.4653459981835484,1.5701420312135932,3.2705101388450086,-3.830317380371273,1.8096075030298864,11.962684257926446,57.377049180327866
train,Bach/Prelude/bwv_860/midi_score.mid,dynamics,abrupt,visible_mean,19,1,6,81,62,61,2.374398981322591,1.5409084921962728,3.330784260737045,0.0,0.0,0.0,0.0
train,Bach/Prelude/bwv_860/midi_score.mid,dynamics,abrupt,linear_interpolation,19,1,6,81,62,61,2.2412628806032853,1.4970847940592027,3.2755127834437157,5.6071495046357445,1.6594133082969087,16.692990029250062,54.09836065573771
train,Bach/Prelude/bwv_860/midi_score.mid,dynamics,gradual,cnn,5,1,3,15,10,10,0.25523528090361874,0.5052081560145469,0.4125248429150773,50.83015779790843,-42.18354256135455,42.826095786096346,30.0
train,Bach/Prelude/bwv_860/midi_score.mid,dynamics,gradual,visible_mean,5,1,3,15,10,10,0.5190890787377015,0.7204783679873404,0.2901354372550297,0.0,0.0,0.0,0.0
train,Bach/Prelude/bwv_860/midi_score.mid,dynamics,gradual,linear_interpolation,5,1,3,15,10,10,0.33361046479916545,0.5775902222156859,0.2931068361410833,35.73155774911986,-1.0241420055977946,93.05079709539635,60.0
train,Bach/Prelude/bwv_860/midi_score.mid,dynamics,mixed,cnn,30,1,6,120,90,90,0.707161335393761,0.8409288527537636,0.6186513537953678,10.410062446598655,4.401610347132334,27.544511492271788,51.111111111111114
train,Bach/Prelude/bwv_860/midi_score.mid,dynamics,mixed,visible_mean,30,1,6,120,90,90,0.789331206947485,0.8884431365864025,0.6471357478319303,0.0,0.0,0.0,0.0
train,Bach/Prelude/bwv_860/midi_score.mid,dynamics,mixed,linear_interpolation,30,1,6,120,90,90,0.7274626839933871,0.8529142301505979,0.6557692903279483,7.8380941244369335,-1.3341161456375428,30.104262718318097,55.55555555555556
train,Bach/Prelude/bwv_860/midi_score.mid,dynamics,small,cnn,22,1,6,61,39,39,0.3187809108171821,0.5646068639479882,0.2689282170647147,12.238607764670595,-23.77565167882061,52.469017269746274,58.97435897435897
train,Bach/Prelude/bwv_860/midi_score.mid,dynamics,small,visible_mean,22,1,6,61,39,39,0.3632359317664208,0.6026905771342546,0.2172706937245973,0.0,0.0,0.0,0.0
train,Bach/Prelude/bwv_860/midi_score.mid,dynamics,small,linear_interpolation,22,1,6,61,39,39,0.262760577766488,0.5126017730816856,0.22872335139383126,27.661182502325676,-5.2711470069455535,27.773967169626612,51.282051282051285
train,Bach/Prelude/bwv_860/midi_score.mid,pedal_changes,abrupt,cnn,9,1,2,41,32,12,4.9351953113287825,2.2215299483303803,5.103938030541662,-8.412824861585676,-1.1637351368332771,10.741858568048023,66.66666666666667
train,Bach/Prelude/bwv_860/midi_score.mid,pedal_changes,abrupt,visible_mean,9,1,2,41,32,12,4.5522246262190045,2.1335942974752733,5.045224974777884,0.0,0.0,0.0,0.0
train,Bach/Prelude/bwv_860/midi_score.mid,pedal_changes,abrupt,linear_interpolation,9,1,2,41,32,12,5.4551020419161205,2.3356159876820763,4.958179280958445,-19.83376238722714,1.7253084699809906,14.065543310867948,16.666666666666668
train,Bach/Prelude/bwv_860/midi_score.mid,pedal_changes,small,cnn,67,1,6,236,169,0,0.11699153595155203,0.34204025487002554,0.05404483176458813,26.893621914931597,,,
train,Bach/Prelude/bwv_860/midi_score.mid,pedal_changes,small,visible_mean,67,1,6,236,169,0,0.1600291780498519,0.4000364708996567,0.0,0.0,,,
train,Bach/Prelude/bwv_860/midi_score.mid,pedal_changes,small,linear_interpolation,67,1,6,236,169,0,0.0,0.0,0.0,100.0,,,
train,Bach/Prelude/bwv_860/midi_score.mid,pedal_depth,abrupt,cnn,11,1,3,49,38,27,1.5349770285705675,1.2389418987872545,2.326529560193776,-3.12522165588045,11.958024037084304,13.639685497934401,62.96296296296296
train,Bach/Prelude/bwv_860/midi_score.mid,pedal_depth,abrupt,visible_mean,11,1,3,49,38,27,1.488459373879115,1.2200243333143461,2.642523108720024,0.0,0.0,0.0,0.0
train,Bach/Prelude/bwv_860/midi_score.mid,pedal_depth,abrupt,linear_interpolation,11,1,3,49,38,27,2.645201303618165,1.6264074838791676,2.705097137488346,-77.71404111114117,-2.367965243589931,20.02756001743393,44.44444444444444
train,Bach/Prelude/bwv_860/midi_score.mid,pedal_depth,gradual,cnn,7,1,5,25,18,7,0.4268520154681198,0.6533391274584125,0.13664506810841998,-2.5203535496508334,-35.99221414161082,56.873420841036435,42.857142857142854
train,Bach/Prelude/bwv_860/midi_score.mid,pedal_depth,gradual,visible_mean,7,1,5,25,18,7,0.4163583139238731,0.6452583311541766,0.10048006716482263,0.0,0.0,0.0,0.0
train,Bach/Prelude/bwv_860/midi_score.mid,pedal_depth,gradual,linear_interpolation,7,1,5,25,18,7,0.28263460385827205,0.5316339002154321,0.10006670816606081,32.117458831397585,0.41138407887783,84.6332330968651,85.71428571428571
train,Bach/Prelude/bwv_860/midi_score.mid,pedal_depth,mixed,cnn,16,1,5,67,51,44,0.4384407350389493,0.6621485747465967,0.3709123908190904,-25.90497352602148,3.9661975399261307,26.657390829645017,54.54545454545455
train,Bach/Prelude/bwv_860/midi_score.mid,pedal_depth,mixed,visible_mean,16,1,5,67,51,44,0.3482314659701146,0.5901114013219153,0.38623107834691595,0.0,0.0,0.0,0.0
train,Bach/Prelude/bwv_860/midi_score.mid,pedal_depth,mixed,linear_interpolation,16,1,5,67,51,44,0.4124494664534943,0.6422222874157314,0.38406258619821515,-18.4411825922965,0.5614494198607822,15.173111641848111,34.09090909090909
train,Bach/Prelude/bwv_860/midi_score.mid,pedal_depth,small,cnn,42,1,6,136,94,12,0.20877513113487256,0.45691917352511324,0.03904744473401266,-8.152918264818322,-1110.8335047711028,338.3424799280687,66.66666666666667
train,Bach/Prelude/bwv_860/midi_score.mid,pedal_depth,small,visible_mean,42,1,6,136,94,12,0.19303698363799604,0.4393597428508853,0.0032248401270820654,0.0,0.0,0.0,0.0
train,Bach/Prelude/bwv_860/midi_score.mid,pedal_depth,small,linear_interpolation,42,1,6,136,94,12,0.009123175395447899,0.09551531497853054,0.004563447984621676,95.27387176099027,-41.50927812817884,57.71793814461964,33.333333333333336
train,Bach/Prelude/bwv_860/midi_score.mid,pedal_down_ratio,abrupt,cnn,8,1,2,37,29,16,4.555758235103166,2.1344222251239717,6.119498622478826,-5.789335876043777,6.66219388101813,10.784011929546173,62.5
train,Bach/Prelude/bwv_860/midi_score.mid,pedal_down_ratio,abrupt,visible_mean,8,1,2,37,29,16,4.306443742534948,2.0751972779798424,6.5562914717301455,0.0,0.0,0.0,0.0
train,Bach/Prelude/bwv_860/midi_score.mid,pedal_down_ratio,abrupt,linear_interpolation,8,1,2,37,29,16,7.56078855045651,2.7496888097485703,6.6651925582165905,-75.56919357330145,-1.6610165511404151,25.169959091714222,18.75
train,Bach/Prelude/bwv_860/midi_score.mid,pedal_down_ratio,gradual,cnn,1,1,1,4,3,0,1.0777331340290104,1.0381392652380559,0.01712107046653936,-12.114444756851128,,,
train,Bach/Prelude/bwv_860/midi_score.mid,pedal_down_ratio,gradual,visible_mean,1,1,1,4,3,0,0.9612794643601461,0.9804486036300659,0.0,0.0,,,
train,Bach/Prelude/bwv_860/midi_score.mid,pedal_down_ratio,gradual,linear_interpolation,1,1,1,4,3,0,0.16221736584811902,0.4027621703289908,0.021628981674786035,83.12484851051143,,,
train,Bach/Prelude/bwv_860/midi_score.mid,pedal_down_ratio,small,cnn,67,1,6,236,169,0,0.14772668048536478,0.384352286952172,0.04226797551581366,-33.40533853948165,,,
train,Bach/Prelude/bwv_860/midi_score.mid,pedal_down_ratio,small,visible_mean,67,1,6,236,169,0,0.11073520902736939,0.332769002503793,0.0,0.0,,,
train,Bach/Prelude/bwv_860/midi_score.mid,pedal_down_ratio,small,linear_interpolation,67,1,6,236,169,0,0.0,0.0,0.0,100.0,,,
train,Bach/Prelude/bwv_860/midi_score.mid,rubato,abrupt,cnn,15,1,6,59,44,44,2.3574381005615828,1.5353950959155702,5.001868698237811,17.224606171262955,0.31867525525519635,16.08300237244028,50.0
train,Bach/Prelude/bwv_860/midi_score.mid,rubato,abrupt,visible_mean,15,1,6,59,44,44,2.847993819804882,1.687600017718915,5.017859374407551,0.0,0.0,0.0,0.0
train,Bach/Prelude/bwv_860/midi_score.mid,rubato,abrupt,linear_interpolation,15,1,6,59,44,44,4.50340188856735,2.1221220249003943,5.662521948643221,-58.125409446144126,-12.847362313970478,25.59569343769217,43.18181818181818
train,Bach/Prelude/bwv_860/midi_score.mid,rubato,gradual,cnn,2,1,2,2,0,0,0.10023741255658358,0.31660292569176235,,-55.286842823194625,,,
train,Bach/Prelude/bwv_860/midi_score.mid,rubato,gradual,visible_mean,2,1,2,2,0,0,0.06454984255859408,0.2540666104756666,,0.0,,,
train,Bach/Prelude/bwv_860/midi_score.mid,rubato,gradual,linear_interpolation,2,1,2,2,0,0,0.06985508791365835,0.26430113112443987,,-8.218835468496334,,,
train,Bach/Prelude/bwv_860/midi_score.mid,rubato,mixed,cnn,42,1,6,170,128,128,0.9122282187313319,0.9551063913152984,1.499792168791599,-6.612989165453498,0.3055162978382153,29.59219187822152,53.125
train,Bach/Prelude/bwv_860/midi_score.mid,rubato,mixed,visible_mean,42,1,6,170,128,128,0.8556445381300003,0.9250105610910614,1.5043883202928683,0.0,0.0,0.0,0.0
train,Bach/Prelude/bwv_860/midi_score.mid,rubato,mixed,linear_interpolation,42,1,6,170,128,128,1.4076919826411771,1.186461960048099,1.584434518532212,-64.51831571526994,-5.320846829212322,21.94127386688566,46.09375
train,Bach/Prelude/bwv_860/midi_score.mid,rubato,small,cnn,17,1,6,46,29,29,0.4215456905168359,0.6492655007905748,0.3797021691325398,0.7296424652172728,-74.9705255777166,67.5127164848358,51.724137931034484
train,Bach/Prelude/bwv_860/midi_score.mid,rubato,small,visible_mean,17,1,6,46,29,29,0.4246440740068183,0.651647200567008,0.21700921791189776,0.0,0.0,0.0,0.0
train,Bach/Prelude/bwv_860/midi_score.mid,rubato,small,linear_interpolation,17,1,6,46,29,29,0.4522137195622451,0.6724683781132352,0.2583909357331041,-6.492412644614953,-19.069106012817706,30.765094325175745,41.37931034482759
train,Bach/Prelude/bwv_860/midi_score.mid,tempo,abrupt,cnn,17,1,6,69,52,52,1.6785741935919847,1.2955980061701178,3.5236092970137074,7.673146126841202,-1.9164344933303212,18.106168495655847,50.0
train,Bach/Prelude/bwv_860/midi_score.mid,tempo,abrupt,visible_mean,17,1,6,69,52,52,1.8180779731735002,1.3483612176169635,3.4573514218104853,0.0,0.0,0.0,0.0
train,Bach/Prelude/bwv_860/midi_score.mid,tempo,abrupt,linear_interpolation,17,1,6,69,52,52,3.037614322429456,1.7428753031784736,3.8468511484533363,-67.07833037145403,-11.26584136589981,26.19323463822356,44.23076923076923
train,Bach/Prelude/bwv_860/midi_score.mid,tempo,gradual,cnn,2,1,2,2,0,0,0.002345992792250229,0.048435449747578775,,98.36591094206803,,,
train,Bach/Prelude/bwv_860/midi_score.mid,tempo,gradual,visible_mean,2,1,2,2,0,0,0.14356578552818888,0.37890075947164437,,0.0,,,
train,Bach/Prelude/bwv_860/midi_score.mid,tempo,gradual,linear_interpolation,2,1,2,2,0,0,0.011448685349169097,0.10699852965891211,,92.02547786225767,,,
train,Bach/Prelude/bwv_860/midi_score.mid,tempo,mixed,cnn,42,1,6,162,120,120,0.6565216421000245,0.8102602310986419,1.1390469679161008,-0.4909382188657663,-0.6470030535691729,31.585787895316038,53.333333333333336
train,Bach/Prelude/bwv_860/midi_score.mid,tempo,mixed,visible_mean,42,1,6,162,120,120,0.6533142726462989,0.8082785860372023,1.1317246747127139,0.0,0.0,0.0,0.0
train,Bach/Prelude/bwv_860/midi_score.mid,tempo,mixed,linear_interpolation,42,1,6,162,120,120,1.068399165308681,1.0336339609884542,1.193073919549311,-63.535255548765114,-5.420863060370262,20.10185146018083,48.333333333333336
train,Bach/Prelude/bwv_860/midi_score.mid,tempo,small,cnn,15,1,6,44,29,29,0.29913578441677907,0.5469330712406949,0.31084543228397155,-3.1278792119728838,-36.4590302974709,55.026601684406515,48.275862068965516
train,Bach/Prelude/bwv_860/midi_score.mid,tempo,small,visible_mean,15,1,6,44,29,29,0.2900629652258476,0.5385749392850058,0.22779396248555392,0.0,0.0,0.0,0.0
train,Bach/Prelude/bwv_860/midi_score.mid,tempo,small,linear_interpolation,15,1,6,44,29,29,0.2614955148928025,0.511366321625508,0.24482799570618044,9.848706576795173,-7.477824712631165,20.619012367664965,44.827586206896555
train,Bach/Prelude/bwv_885/midi_score.mid,articulation,abrupt,cnn,2,1,2,8,6,6,1.4100770334183896,1.1874666451814087,0.6177723787721968,2.167513352941275,31.05296880808729,32.200450123993555,33.333333333333336
train,Bach/Prelude/bwv_885/midi_score.mid,articulation,abrupt,visible_mean,2,1,2,8,6,6,1.4413177889522475,1.200548953167778,0.8960101226877187,0.0,0.0,0.0,0.0
train,Bach/Prelude/bwv_885/midi_score.mid,articulation,abrupt,linear_interpolation,2,1,2,8,6,6,3.141538084165872,1.77243845708839,1.3821048202153057,-117.96290229995594,-54.251027440345425,50.28519074004056,16.666666666666668
train,Bach/Prelude/bwv_885/midi_score.mid,articulation,gradual,cnn,2,1,2,3,1,1,0.5258384251400411,0.7251471748135279,0.027423469176057758,-15.343968195110635,45.98387329623998,26.504335703553217,100.0
train,Bach/Prelude/bwv_885/midi_score.mid,articulation,gradual,visible_mean,2,1,2,3,1,1,0.4558872330892558,0.6751942187913458,0.0507690403765082,0.0,0.0,0.0,0.0
train,Bach/Prelude/bwv_885/midi_score.mid,articulation,gradual,linear_interpolation,2,1,2,3,1,1,0.2194209885350548,0.46842394103531343,0.3641194600504605,51.86945968015395,-617.2076867124428,367.80733498402213,100.0
train,Bach/Prelude/bwv_885/midi_score.mid,articulation,mixed,cnn,17,1,6,69,52,52,1.0008031687127081,1.000401503753722,1.9929825199934383,10.31962033607079,4.859085154220466,21.210652933957988,53.84615384615385
train,Bach/Prelude/bwv_885/midi_score.mid,articulation,mixed,visible_mean,17,1,6,69,52,52,1.115966694680761,1.0563932481234253,2.09476913610091,0.0,0.0,0.0,0.0
train,Bach/Prelude/bwv_885/midi_score.mid,articulation,mixed,linear_interpolation,17,1,6,69,52,52,1.420573335463054,1.1918780707199266,2.1699154589009293,-27.295316449334585,-3.5873319644136314,14.687532146121368,48.07692307692308
train,Bach/Prelude/bwv_885/midi_score.mid,articulation,small,cnn,18,1,6,66,48,48,0.3517109296352924,0.5930522149316132,0.40420804161741786,-6.028453813689616,-5.582294438567814,36.97927893773391,56.25
train,Bach/Prelude/bwv_885/midi_score.mid,articulation,small,visible_mean,18,1,6,66,48,48,0.33171372116140585,0.5759459359709085,0.38283695553955116,0.0,0.0,0.0,0.0
train,Bach/Prelude/bwv_885/midi_score.mid,articulation,small,linear_interpolation,18,1,6,66,48,48,0.34830918436077185,0.5901772482574805,0.38736031340779453,-5.002947463632634,-1.1815363701940473,16.362402967699293,58.333333333333336
train,Bach/Prelude/bwv_885/midi_score.mid,dynamics,abrupt,cnn,5,1,3,18,13,13,1.1522024933511672,1.073406956075452,1.7932105539817382,-0.3967536675254957,-2.8681689622215956,17.86946992736031,46.15384615384615
train,Bach/Prelude/bwv_885/midi_score.mid,dynamics,abrupt,visible_mean,5,1,3,18,13,13,1.147649153245341,1.0712838807922673,1.7432122804094006,0.0,0.0,0.0,0.0
train,Bach/Prelude/bwv_885/midi_score.mid,dynamics,abrupt,linear_interpolation,5,1,3,18,13,13,1.9904644347132772,1.4108382028826967,1.9449422046801448,-73.43840921109116,-11.57230972600578,38.179566664507306,61.53846153846154
train,Bach/Prelude/bwv_885/midi_score.mid,dynamics,gradual,cnn,1,1,1,1,0,0,0.016142427425946824,0.12705285288393497,,-417.6807574252237,,,
train,Bach/Prelude/bwv_885/midi_score.mid,dynamics,gradual,visible_mean,1,1,1,1,0,0,0.0031182204851951667,0.055841028690338135,,0.0,,,
train,Bach/Prelude/bwv_885/midi_score.mid,dynamics,gradual,linear_interpolation,1,1,1,1,0,0,0.002783111846974329,0.052755206823349,,10.746790992230427,,,
train,Bach/Prelude/bwv_885/midi_score.mid,dynamics,mixed,cnn,15,1,6,69,54,54,0.7585554127942441,0.8709508670380001,0.59147720860911,-11.619394197285061,-7.101666164004405,30.149366895722412,59.25925925925926
train,Bach/Prelude/bwv_885/midi_score.mid,dynamics,mixed,visible_mean,15,1,6,69,54,54,0.6795910497897099,0.8243731253441671,0.5522577097011573,0.0,0.0,0.0,0.0
train,Bach/Prelude/bwv_885/midi_score.mid,dynamics,mixed,linear_interpolation,15,1,6,69,54,54,0.9141272331717392,0.9561000121178428,0.510759550717033,-34.51137025047686,7.5142742699925495,23.99486815818695,61.111111111111114
train,Bach/Prelude/bwv_885/midi_score.mid,dynamics,small,cnn,18,1,6,58,40,39,0.26598343812214503,0.5157358220272711,0.16115570684261496,51.63167260664898,-7.506815761127816,39.12130648190552,56.41025641025641
train,Bach/Prelude/bwv_885/midi_score.mid,dynamics,small,visible_mean,18,1,6,58,40,39,0.5499124167744295,0.7415607977599877,0.14990278123453216,0.0,0.0,0.0,0.0
train,Bach/Prelude/bwv_885/midi_score.mid,dynamics,small,linear_interpolation,18,1,6,58,40,39,0.16330609597794105,0.40411148953963316,0.14213072571293536,70.30325357339073,5.184730701851981,35.41619731550408,66.66666666666667
train,Bach/Prelude/bwv_885/midi_score.mid,pedal_changes,abrupt,cnn,2,1,1,9,7,6,0.6876769253910017,0.8292628807507313,0.6140936070931827,-6.674169645004624,-70.77402680019004,71.25306371080062,50.0
train,Bach/Prelude/bwv_885/midi_score.mid,pedal_changes,abrupt,visible_mean,2,1,1,9,7,6,0.6446517724763976,0.8029020939544234,0.359594265357277,0.0,0.0,0.0,0.0
train,Bach/Prelude/bwv_885/midi_score.mid,pedal_changes,abrupt,linear_interpolation,2,1,1,9,7,6,2.8665351304209796,1.6930845018548186,0.460339838522874,-344.66411988744375,-28.01645712161196,32.76050884274867,50.0
train,Bach/Prelude/bwv_885/midi_score.mid,pedal_changes,gradual,cnn,5,1,5,12,7,1,0.06159749021954525,0.24818841677150294,0.038770535925738016,58.04037172289236,-191.10710899543065,112.78248356074549,0.0
train,Bach/Prelude/bwv_885/midi_score.mid,pedal_changes,gradual,visible_mean,5,1,5,12,7,1,0.14680180151441344,0.38314723216332053,0.013318306124343593,0.0,0.0,0.0,0.0
train,Bach/Prelude/bwv_885/midi_score.mid,pedal_changes,gradual,linear_interpolation,5,1,5,12,7,1,0.11498137620683302,0.3390890387594872,0.02450568326879221,21.67577303501701,-84.00000000000001,111.35528725660045,100.0
train,Bach/Prelude/bwv_885/midi_score.mid,pedal_changes,mixed,cnn,32,1,6,125,93,62,0.4925689192682764,0.7018325436087133,0.5931655000307536,-89.07700788204326,-19.057132618131224,35.4463709837326,40.32258064516129
train,Bach/Prelude/bwv_885/midi_score.mid,pedal_changes,mixed,visible_mean,32,1,6,125,93,62,0.26051233028585274,0.5104040852950266,0.4982192053400927,0.0,0.0,0.0,0.0
train,Bach/Prelude/bwv_885/midi_score.mid,pedal_changes,mixed,linear_interpolation,32,1,6,125,93,62,0.4343633759352951,0.659062497746075,0.5512315724436949,-66.73428680273237,-10.64037004904601,19.611914847683366,25.806451612903224
train,Bach/Prelude/bwv_885/midi_score.mid,pedal_depth,abrupt,cnn,3,1,1,11,8,8,0.7828336707581532,0.8847788824096975,0.6627948496615617,-34.038772321189924,14.13100401616516,18.961461960878427,75.0
train,Bach/Prelude/bwv_885/midi_score.mid,pedal_depth,abrupt,visible_mean,3,1,1,11,8,8,0.5840352438339937,0.7642219859661156,0.771867473315206,0.0,0.0,0.0,0.0
train,Bach/Prelude/bwv_885/midi_score.mid,pedal_depth,abrupt,linear_interpolation,3,1,1,11,8,8,1.2362913410153935,1.111886388537693,0.8857758436147602,-111.68094803655326,-14.757503617857171,24.594211640463566,50.0
train,Bach/Prelude/bwv_885/midi_score.mid,pedal_depth,gradual,cnn,2,1,2,2,0,0,0.08225635147353216,0.28680368106691406,,66.2125069970163,,,
train,Bach/Prelude/bwv_885/midi_score.mid,pedal_depth,gradual,visible_mean,2,1,2,2,0,0,0.24345207105560718,0.4934086248289618,,0.0,,,
train,Bach/Prelude/bwv_885/midi_score.mid,pedal_depth,gradual,linear_interpolation,2,1,2,2,0,0,0.2575723541257222,0.5075158658857102,,-5.8000258567896035,,,
train,Bach/Prelude/bwv_885/midi_score.mid,pedal_depth,mixed,cnn,23,1,6,96,73,73,0.2295412419934684,0.47910462531003434,0.3547532628578407,-41.98152540366309,-12.192046220076392,32.697399313726734,56.16438356164384
train,Bach/Prelude/bwv_885/midi_score.mid,pedal_depth,mixed,visible_mean,23,1,6,96,73,73,0.16166979565888387,0.402081827068675,0.3162017939863181,0.0,0.0,0.0,0.0
train,Bach/Prelude/bwv_885/midi_score.mid,pedal_depth,mixed,linear_interpolation,23,1,6,96,73,73,0.21415754221993735,0.4627715875244907,0.3214983516501503,-32.46601899083259,-1.6750561712693512,16.34378111509297,45.205479452054796
train,Bach/Prelude/bwv_885/midi_score.mid,pedal_depth,small,cnn,11,1,5,37,26,26,0.14587542958322586,0.38193642086507784,0.13881700862089558,-155.54487472904358,-88.1694997996382,107.40759942161606,50.0
train,Bach/Prelude/bwv_885/midi_score.mid,pedal_depth,small,visible_mean,11,1,5,37,26,26,0.05708407563951295,0.23892273989621193,0.07377232164017396,0.0,0.0,0.0,0.0
train,Bach/Prelude/bwv_885/midi_score.mid,pedal_depth,small,linear_interpolation,11,1,5,37,26,26,0.05537051327823151,0.2353093990435391,0.07392848502667357,3.0018220354527836,-0.21168289546491525,19.025368152179926,46.15384615384615
train,Bach/Prelude/bwv_885/midi_score.mid,pedal_down_ratio,abrupt,cnn,4,1,1,18,14,14,1.0566801772115046,1.0279495012944482,1.3933180141550534,-20.06283735194099,0.2342122669437119,9.482836598537872,57.142857142857146
train,Bach/Prelude/bwv_885/midi_score.mid,pedal_down_ratio,abrupt,visible_mean,4,1,1,18,14,14,0.8801059516143626,0.938139622665178,1.3965889969045902,0.0,0.0,0.0,0.0
train,Bach/Prelude/bwv_885/midi_score.mid,pedal_down_ratio,abrupt,linear_interpolation,4,1,1,18,14,14,2.2879676598777303,1.512602941910973,1.5027473913067253,-159.96502531098128,-7.601262407009179,12.53404757909767,35.714285714285715
train,Bach/Prelude/bwv_885/midi_score.mid,pedal_down_ratio,gradual,cnn,3,1,3,3,0,0,0.12936526210511476,0.3596738273840825,,39.06562888140813,,,
train,Bach/Prelude/bwv_885/midi_score.mid,pedal_down_ratio,gradual,visible_mean,3,1,3,3,0,0,0.2123026130085779,0.46076307687202744,,0.0,,,
train,Bach/Prelude/bwv_885/midi_score.mid,pedal_down_ratio,gradual,linear_interpolation,3,1,3,3,0,0,0.1749622328112975,0.4182848704068765,,17.588281024017206,,,
train,Bach/Prelude/bwv_885/midi_score.mid,pedal_down_ratio,mixed,cnn,26,1,6,106,80,80,0.19999096265031535,0.44720349132169723,0.3214989937339505,-38.013529618229725,-2.9465578925608638,34.30886472608722,55.0
train,Bach/Prelude/bwv_885/midi_score.mid,pedal_down_ratio,mixed,visible_mean,26,1,6,106,80,80,0.14490678066384244,0.3806662326288509,0.31229698235222175,0.0,0.0,0.0,0.0
train,Bach/Prelude/bwv_885/midi_score.mid,pedal_down_ratio,mixed,linear_interpolation,26,1,6,106,80,80,0.2268625334593519,0.4763008854278479,0.3233210369618803,-56.557569231789095,-3.5299907564348976,15.772394877939242,52.5
train,Bach/Prelude/bwv_885/midi_score.mid,pedal_down_ratio,small,cnn,6,1,3,19,13,13,0.16421964571126774,0.4052402320985266,0.128113038277035,-110.86537307169712,-291.7973211730771,130.87589952055075,30.76923076923077
train,Bach/Prelude/bwv_885/midi_score.mid,pedal_down_ratio,small,visible_mean,6,1,3,19,13,13,0.07787890601432736,0.2790679236571759,0.03269880403813197,0.0,0.0,0.0,0.0
train,Bach/Prelude/bwv_885/midi_score.mid,pedal_down_ratio,small,linear_interpolation,6,1,3,19,13,13,0.03804287979778711,0.19504584024733035,0.033381627632729255,51.151240117846065,-2.088221923349276,11.123566248483847,46.15384615384615
train,Bach/Prelude/bwv_885/midi_score.mid,rubato,abrupt,cnn,8,1,3,35,27,27,3.3480202598658964,1.8297596180553053,4.875799119870184,15.92155651491135,4.644893983947007,19.2817058597931,51.851851851851855
train,Bach/Prelude/bwv_885/midi_score.mid,rubato,abrupt,visible_mean,8,1,3,35,27,27,3.982019791386444,1.9954998850880559,5.1133067997945965,0.0,0.0,0.0,0.0
train,Bach/Prelude/bwv_885/midi_score.mid,rubato,abrupt,linear_interpolation,8,1,3,35,27,27,4.4540623430929385,2.110464958982484,5.227113765622719,-11.854349712866208,-2.2257018849855426,17.631509008603224,51.851851851851855
train,Bach/Prelude/bwv_885/midi_score.mid,rubato,gradual,cnn,4,1,3,7,3,3,1.9763969860211057,1.405843869717084,0.4954687860846505,26.914330693802512,-163.29698254319865,101.00967359682454,66.66666666666667
train,Bach/Prelude/bwv_885/midi_score.mid,rubato,gradual,visible_mean,4,1,3,7,3,3,2.704219588851069,1.6444511512511002,0.18817867994494009,0.0,0.0,0.0,0.0
train,Bach/Prelude/bwv_885/midi_score.mid,rubato,gradual,linear_interpolation,4,1,3,7,3,3,0.1497157151312478,0.38693115037593934,0.05178245140686499,94.46362581838788,72.4822963887215,99.31962468090936,100.0
train,Bach/Prelude/bwv_885/midi_score.mid,rubato,mixed,cnn,19,1,6,80,61,61,1.2730620622113027,1.128300519458935,1.3921196530606612,8.303933117989004,-8.589581868735019,24.608790902203193,54.09836065573771
train,Bach/Prelude/bwv_885/midi_score.mid,rubato,mixed,visible_mean,19,1,6,80,61,61,1.3883496920859242,1.1782825179412297,1.2820011175137223,0.0,0.0,0.0,0.0
train,Bach/Prelude/bwv_885/midi_score.mid,rubato,mixed,linear_interpolation,19,1,6,80,61,61,1.4600907264376044,1.2083421396432406,1.3005594403679415,-5.167360554810441,-1.4476058250409984,25.80290091520735,52.459016393442624
train,Bach/Prelude/bwv_885/midi_score.mid,rubato,small,cnn,8,1,4,24,16,16,0.4006597788026606,0.63297691806468,0.33479027363271185,6.860977105005894,-14.326968586342147,48.188174926872975,75.0
train,Bach/Prelude/bwv_885/midi_score.mid,rubato,small,visible_mean,8,1,4,24,16,16,0.43017391244738373,0.6558764460227122,0.2928357829936435,0.0,0.0,0.0,0.0
train,Bach/Prelude/bwv_885/midi_score.mid,rubato,small,linear_interpolation,8,1,4,24,16,16,0.2956393376132694,0.5437272639966377,0.2541352866433552,31.274461547123643,13.21576753860314,17.19618074615604,43.75
train,Bach/Prelude/bwv_885/midi_score.mid,tempo,abrupt,cnn,3,1,1,13,10,10,0.7818648441739886,0.8842312164665918,2.24457880279495,30.18677041398641,0.6273592511889081,34.09720617135271,70.0
train,Bach/Prelude/bwv_885/midi_score.mid,tempo,abrupt,visible_mean,3,1,1,13,10,10,1.1199379384256816,1.0582712026818464,2.258749275334926,0.0,0.0,0.0,0.0
train,Bach/Prelude/bwv_885/midi_score.mid,tempo,abrupt,linear_interpolation,3,1,1,13,10,10,0.9775305021432881,0.9887014221408241,2.223205269705508,12.715654269430177,1.5736144784882167,7.8442339864179225,60.0
train,Bach/Prelude/bwv_885/midi_score.mid,tempo,gradual,cnn,2,1,2,3,1,1,0.03082439712139411,0.1755687817392207,0.17336062401468594,92.29198451379482,-1073.5676222764876,242.57373254184088,0.0
train,Bach/Prelude/bwv_885/midi_score.mid,tempo,gradual,visible_mean,2,1,2,3,1,1,0.399900560352527,0.6323769132032945,0.014772103517852755,0.0,0.0,0.0,0.0
train,Bach/Prelude/bwv_885/midi_score.mid,tempo,gradual,linear_interpolation,2,1,2,3,1,1,0.10055061452672509,0.3170971689036739,0.2727311097214602,74.85609561584859,-1746.2577749462173,329.681018308491,0.0
train,Bach/Prelude/bwv_885/midi_score.mid,tempo,mixed,cnn,14,1,6,58,44,44,0.7202153250581513,0.8486550094462126,0.8341738834244979,-17.44773817929639,-16.29102195038059,29.66761644865913,54.54545454545455
train,Bach/Prelude/bwv_885/midi_score.mid,tempo,mixed,visible_mean,14,1,6,58,44,44,0.613221962570847,0.7830849012532722,0.717315807733142,0.0,0.0,0.0,0.0
train,Bach/Prelude/bwv_885/midi_score.mid,tempo,mixed,linear_interpolation,14,1,6,58,44,44,0.8268149832088331,0.9092936726981186,0.7377445916905441,-34.83127377606099,-2.847948384402832,24.561544253464625,59.09090909090909
train,Bach/Prelude/bwv_885/midi_score.mid,tempo,small,cnn,20,1,6,72,52,52,0.18427085688181563,0.4292678148683123,0.2263229959459652,15.674785218916442,-49.3597264803965,71.26971615301156,51.92307692307692
train,Bach/Prelude/bwv_885/midi_score.mid,tempo,small,visible_mean,20,1,6,72,52,52,0.21852402909402682,0.46746553786779493,0.15152879646955575,0.0,0.0,0.0,0.0
train,Bach/Prelude/bwv_885/midi_score.mid,tempo,small,linear_interpolation,20,1,6,72,52,52,0.13561465866399122,0.3682589559861256,0.15767354006152787,37.940619516200314,-4.055165575875663,22.105539586872013,51.92307692307692
train,Bach/Prelude/bwv_889/midi_score.mid,articulation,abrupt,cnn,12,1,4,49,37,37,2.261188702085257,1.5037249422967143,4.336218086834434,4.572396249438626,3.332916026935917,17.2742379505027,64.86486486486487
train,Bach/Prelude/bwv_889/midi_score.mid,articulation,abrupt,visible_mean,12,1,4,49,37,37,2.369533146819643,1.539328797502224,4.48572348374831,0.0,0.0,0.0,0.0
train,Bach/Prelude/bwv_889/midi_score.mid,articulation,abrupt,linear_interpolation,12,1,4,49,37,37,4.241307430952075,2.059443476027462,4.8744926873293695,-78.99337836420237,-8.666811607749846,34.37390942562839,54.054054054054056
train,Bach/Prelude/bwv_889/midi_score.mid,articulation,gradual,cnn,3,1,2,6,3,3,0.533231664233854,0.7302271319485836,0.3204721714912749,-3.492528724473587,-77.24355312603666,48.87524698405798,33.333333333333336
train,Bach/Prelude/bwv_889/midi_score.mid,articulation,gradual,visible_mean,3,1,2,6,3,3,0.5152368685989572,0.7178000199212572,0.18080892976873994,0.0,0.0,0.0,0.0
train,Bach/Prelude/bwv_889/midi_score.mid,articulation,gradual,linear_interpolation,3,1,2,6,3,3,0.6459514891265749,0.803711073164091,0.5386967506995467,-25.369811147843425,-197.93702744026862,170.23466233331598,66.66666666666667
train,Bach/Prelude/bwv_889/midi_score.mid,articulation,mixed,cnn,21,1,6,92,71,71,0.9516041958392097,0.9755020224680263,1.2169498290124257,-2.0341153578247395,10.874501691507499,23.118610994188877,56.33802816901409
train,Bach/Prelude/bwv_889/midi_score.mid,articulation,mixed,visible_mean,21,1,6,92,71,71,0.9326333574824625,0.9657294432098787,1.3654339690760149,0.0,0.0,0.0,0.0
train,Bach/Prelude/bwv_889/midi_score.mid,articulation,mixed,linear_interpolation,21,1,6,92,71,71,1.0564728487179256,1.0278486506864353,1.2841819498112692,-13.278475431090486,5.9506370212635495,27.92283411281808,56.33802816901409
train,Bach/Prelude/bwv_889/midi_score.mid,articulation,small,cnn,25,1,6,75,50,50,0.29319637852328595,0.5414761107595477,0.4760607632273067,-5.574974145433442,-22.20470996637658,41.21276426824637,44.0
train,Bach/Prelude/bwv_889/midi_score.mid,articulation,small,visible_mean,25,1,6,75,50,50,0.27771390037888816,0.5269856737890397,0.3895600778057492,0.0,0.0,0.0,0.0
train,Bach/Prelude/bwv_889/midi_score.mid,articulation,small,linear_interpolation,25,1,6,75,50,50,0.4142806359608296,0.6436463593937509,0.39454062986474253,-49.17533310202404,-1.2785067933672734,22.975124162407717,54.0
train,Bach/Prelude/bwv_889/midi_score.mid,dynamics,abrupt,cnn,3,1,2,15,12,12,1.3079626173774932,1.1436619331679678,2.079981604392078,-7.817024840747955,3.055292681077837,21.130899487930456,41.666666666666664
train,Bach/Prelude/bwv_889/midi_score.mid,dynamics,abrupt,visible_mean,3,1,2,15,12,12,1.2131318029869869,1.101422626872622,2.1455339460147056,0.0,0.0,0.0,0.0
train,Bach/Prelude/bwv_889/midi_score.mid,dynamics,abrupt,linear_interpolation,3,1,2,15,12,12,1.0734655850562556,1.0360818428368752,2.0068514403759594,11.512864273019929,6.46377587715854,10.174439556452883,66.66666666666667
train,Bach/Prelude/bwv_889/midi_score.mid,dynamics,gradual,cnn,1,1,1,1,0,0,0.48399756352922907,0.6956993341445923,,-127.99317391194718,,,
train,Bach/Prelude/bwv_889/midi_score.mid,dynamics,gradual,visible_mean,1,1,1,1,0,0,0.212285988753397,0.46074503660202026,,0.0,,,
train,Bach/Prelude/bwv_889/midi_score.mid,dynamics,gradual,linear_interpolation,1,1,1,1,0,0,0.15994066788552175,0.3999258279800415,,24.657925459547137,,,
train,Bach/Prelude/bwv_889/midi_score.mid,dynamics,mixed,cnn,27,1,6,115,88,88,0.6548225907767562,0.8092110916051238,0.6760578286231079,-0.1637282407343621,-6.3111158803162315,30.440573197354404,61.36363636363637
train,Bach/Prelude/bwv_889/midi_score.mid,dynamics,mixed,visible_mean,27,1,6,115,88,88,0.6537522137783749,0.8085494504224061,0.6359239323423203,0.0,0.0,0.0,0.0
train,Bach/Prelude/bwv_889/midi_score.mid,dynamics,mixed,linear_interpolation,27,1,6,115,88,88,0.6737119182734311,0.8207995603516313,0.6576240975401256,-3.0530993355569302,-3.4123837921740785,26.5217332634921,54.54545454545455
train,Bach/Prelude/bwv_889/midi_score.mid,dynamics,small,cnn,30,1,6,91,61,61,0.3496348276861184,0.5912992708317155,0.3898391242017857,0.4374100253135782,-39.67639403203105,45.872695970392535,40.98360655737705
train,Bach/Prelude/bwv_889/midi_score.mid,dynamics,small,visible_mean,30,1,6,91,61,61,0.3511708843402048,0.5925967299439011,0.2791016527190604,0.0,0.0,0.0,0.0
train,Bach/Prelude/bwv_889/midi_score.mid,dynamics,small,linear_interpolation,30,1,6,91,61,61,0.22696418434782462,0.4764075821686979,0.29698312830410634,35.36930466936209,-6.406796739052334,17.042446612401882,49.18032786885246
train,Bach/Prelude/bwv_889/midi_score.mid,pedal_changes,abrupt,cnn,4,1,3,19,15,1,1.770145604831261,1.3304681900862045,1.0221116894850957,-17.793152953871182,-12.760867956573785,35.4965419515119,0.0
train,Bach/Prelude/bwv_889/midi_score.mid,pedal_changes,abrupt,visible_mean,4,1,3,19,15,1,1.502757639507676,1.2258701560555572,0.9064418428197352,0.0,0.0,0.0,0.0
train,Bach/Prelude/bwv_889/midi_score.mid,pedal_changes,abrupt,linear_interpolation,4,1,3,19,15,1,17.595110269300225,4.194652580286027,3.3119119798342345,-1070.8548209453538,-265.3750106605435,150.12495021849085,0.0
train,Bach/Prelude/bwv_889/midi_score.mid,pedal_changes,small,cnn,57,1,6,203,146,0,0.13157548233083843,0.36273334879886415,0.07843685268150363,-46.44657219787138,,,
train,Bach/Prelude/bwv_889/midi_score.mid,pedal_changes,small,visible_mean,57,1,6,203,146,0,0.08984538207767685,0.29974219268844493,0.0,0.0,,,
train,Bach/Prelude/bwv_889/midi_score.mid,pedal_changes,small,linear_interpolation,57,1,6,203,146,0,0.0,0.0,0.0,100.0,,,
train,Bach/Prelude/bwv_889/midi_score.mid,pedal_depth,abrupt,cnn,3,1,2,15,12,6,0.7178409561462037,0.8472549534503789,0.817439444906071,-33.88860342270081,-5.944959339830924,30.854055936653367,66.66666666666667
train,Bach/Prelude/bwv_889/midi_score.mid,pedal_depth,abrupt,visible_mean,3,1,2,15,12,6,0.5361479153531105,0.7322212202286345,0.7715699264974352,0.0,0.0,0.0,0.0
train,Bach/Prelude/bwv_889/midi_score.mid,pedal_depth,abrupt,linear_interpolation,3,1,2,15,12,6,2.196633165380587,1.4821043031381385,0.9946508855567705,-309.70655717907067,-28.912604211003657,55.33006175895782,33.333333333333336
train,Bach/Prelude/bwv_889/midi_score.mid,pedal_depth,gradual,cnn,6,1,4,20,14,12,0.4868730502993312,0.6977628897407279,0.10075180977847355,2.1561826851677734,-1.5601076826680105,65.94000411109334,50.0
train,Bach/Prelude/bwv_889/midi_score.mid,pedal_depth,gradual,visible_mean,6,1,4,20,14,12,0.4976022641601553,0.7054092883994052,0.09920411870109468,0.0,0.0,0.0,0.0
train,Bach/Prelude/bwv_889/midi_score.mid,pedal_depth,gradual,linear_interpolation,6,1,4,20,14,12,0.05319436397988094,0.23063903394673016,0.0487189406239469,89.30986295457045,50.89020369130167,62.96883364456218,100.0
train,Bach/Prelude/bwv_889/midi_score.mid,pedal_depth,mixed,cnn,12,1,5,55,43,37,0.5247889728967594,0.724423200137019,0.22282240879587806,4.421194082929347,-18.469560974812026,52.724871232366134,54.054054054054056
train,Bach/Prelude/bwv_889/midi_score.mid,pedal_depth,mixed,visible_mean,12,1,5,55,43,37,0.5490641652837709,0.7409886404552845,0.18808410106563375,0.0,0.0,0.0,0.0
train,Bach/Prelude/bwv_889/midi_score.mid,pedal_depth,mixed,linear_interpolation,12,1,5,55,43,37,0.2714222005271229,0.5209819579669942,0.16192463589857178,50.56639684601439,13.908387268700274,37.817739106420966,70.27027027027027
train,Bach/Prelude/bwv_889/midi_score.mid,pedal_depth,small,cnn,40,1,6,132,92,30,0.15253932724218444,0.39056283392328106,0.07964441661325598,4.549386015074286,-356.439172647859,202.46922579718407,53.333333333333336
train,Bach/Prelude/bwv_889/midi_score.mid,pedal_depth,small,visible_mean,40,1,6,132,92,30,0.15980968678344448,0.3997620376967334,0.017449075667898762,0.0,0.0,0.0,0.0
train,Bach/Prelude/bwv_889/midi_score.mid,pedal_depth,small,linear_interpolation,40,1,6,132,92,30,0.020204757590876494,0.1421434401964315,0.018708988204172904,87.3569881791611,-7.220511620521042,38.56946002977725,53.333333333333336
train,Bach/Prelude/bwv_889/midi_score.mid,pedal_down_ratio,abrupt,cnn,4,1,3,19,15,2,4.490436481498992,2.119065001716321,4.674339508623059,-5.2343068124449,-2.0683517438316645,12.149039351527655,50.0
train,Bach/Prelude/bwv_889/midi_score.mid,pedal_down_ratio,abrupt,visible_mean,4,1,3,19,15,2,4.2670842024000075,2.0656921848136056,4.5796169221528995,0.0,0.0,0.0,0.0
train,Bach/Prelude/bwv_889/midi_score.mid,pedal_down_ratio,abrupt,linear_interpolation,4,1,3,19,15,2,26.302795630216398,5.128625120850265,9.021021493822344,-516.411450597166,-96.98201066087246,67.98155495914997,0.0
train,Bach/Prelude/bwv_889/midi_score.mid,pedal_down_ratio,small,cnn,57,1,6,203,146,0,0.15153038905556065,0.38926904456373185,0.06791226643661498,-120.08340147489301,,,
train,Bach/Prelude/bwv_889/midi_score.mid,pedal_down_ratio,small,visible_mean,57,1,6,203,146,0,0.0688513481889488,0.2623954042832092,0.0,0.0,,,
train,Bach/Prelude/bwv_889/midi_score.mid,pedal_down_ratio,small,linear_interpolation,57,1,6,203,146,0,0.0,0.0,0.0,100.0,,,
train,Bach/Prelude/bwv_889/midi_score.mid,rubato,abrupt,cnn,16,1,6,60,44,44,7.092449173214163,2.663165254582254,11.653023794751526,11.505376766727105,10.163765815736292,14.69286614163289,63.63636363636363
train,Bach/Prelude/bwv_889/midi_score.mid,rubato,abrupt,visible_mean,16,1,6,60,44,44,8.01455378200592,2.8309987251862054,12.97140725072016,0.0,0.0,0.0,0.0
train,Bach/Prelude/bwv_889/midi_score.mid,rubato,abrupt,linear_interpolation,16,1,6,60,44,44,8.559708270450189,2.925697911687088,12.904994948604822,-6.802056649345034,0.5119899547649465,13.12232661025876,54.54545454545455
train,Bach/Prelude/bwv_889/midi_score.mid,rubato,gradual,cnn,2,1,2,5,3,3,0.27152524583401005,0.5210808438563157,0.9006600876715772,16.8321164876193,-14.00683152577571,30.289569747508455,33.333333333333336
train,Bach/Prelude/bwv_889/midi_score.mid,rubato,gradual,visible_mean,2,1,2,5,3,3,0.32647848468284,0.5713829579912583,0.7900053668871131,0.0,0.0,0.0,0.0
train,Bach/Prelude/bwv_889/midi_score.mid,rubato,gradual,linear_interpolation,2,1,2,5,3,3,0.3093184810064352,0.5561640774146018,0.5741554651730908,5.2560902116030705,27.322586752105693,43.381758179907024,66.66666666666667
train,Bach/Prelude/bwv_889/midi_score.mid,rubato,mixed,cnn,28,1,6,116,88,88,0.6705634220543868,0.8188793696597728,1.4872601253457105,27.323469918364086,3.0938554631416593,33.14532566034022,59.09090909090909
train,Bach/Prelude/bwv_889/midi_score.mid,rubato,mixed,visible_mean,28,1,6,116,88,88,0.922668461608112,0.9605563292218275,1.534742850882928,0.0,0.0,0.0,0.0
train,Bach/Prelude/bwv_889/midi_score.mid,rubato,mixed,linear_interpolation,28,1,6,116,88,88,1.1164186557829523,1.0566071435415114,1.6714833673899725,-20.99889637900427,-8.909669553331279,26.353103956749198,46.59090909090909
train,Bach/Prelude/bwv_889/midi_score.mid,rubato,small,cnn,15,1,6,41,26,26,0.3145729676958325,0.5608680483819991,0.45547905663991833,21.221925250751607,-23.12642164827381,49.79063606710476,42.30769230769231
train,Bach/Prelude/bwv_889/midi_score.mid,rubato,small,visible_mean,15,1,6,41,26,26,0.3993153789263348,0.6319140597631412,0.36992795741360196,0.0,0.0,0.0,0.0
train,Bach/Prelude/bwv_889/midi_score.mid,rubato,small,linear_interpolation,15,1,6,41,26,26,0.4172034463616788,0.6459128783061062,0.3605601133086459,-4.47968407413728,2.532342829791112,15.079792067513209,57.69230769230769
train,Bach/Prelude/bwv_889/midi_score.mid,tempo,abrupt,cnn,2,1,2,5,3,3,3.9738360185135706,1.9934482733478616,7.696390885588919,17.494240447674848,10.439137150077693,11.547067727714975,66.66666666666667
train,Bach/Prelude/bwv_889/midi_score.mid,tempo,abrupt,visible_mean,2,1,2,5,3,3,4.816434682954908,2.194637711093771,8.593475588199512,0.0,0.0,0.0,0.0
train,Bach/Prelude/bwv_889/midi_score.mid,tempo,abrupt,linear_interpolation,2,1,2,5,3,3,4.066871976291789,2.0166486992760513,8.439359433550274,15.562605038863698,1.793408884070935,2.0620491714444933,33.333333333333336
train,Bach/Prelude/bwv_889/midi_score.mid,tempo,gradual,cnn,1,1,1,4,3,3,0.41861956803761685,0.6470081669017917,0.11791585378590996,-617.5021063773513,-51.99977837714265,194.80547669694147,100.0
train,Bach/Prelude/bwv_889/midi_score.mid,tempo,gradual,visible_mean,1,1,1,4,3,3,0.05834401938570127,0.2415450669868902,0.07757633270578627,0.0,0.0,0.0,0.0
train,Bach/Prelude/bwv_889/midi_score.mid,tempo,gradual,linear_interpolation,1,1,1,4,3,3,0.09472917232506313,0.3077810460783171,0.09975552257548376,-62.36312362853593,-28.5901499801668,101.75522722045642,33.333333333333336
train,Bach/Prelude/bwv_889/midi_score.mid,tempo,mixed,cnn,15,1,6,64,49,49,0.44141352119212973,0.66438958540312,0.6565068027714651,-8.471616555785722,6.769453744214571,46.610828929101004,42.857142857142854
train,Bach/Prelude/bwv_889/midi_score.mid,tempo,mixed,visible_mean,15,1,6,64,49,49,0.4069391931345614,0.6379178576702187,0.7041756475075094,0.0,0.0,0.0,0.0
train,Bach/Prelude/bwv_889/midi_score.mid,tempo,mixed,linear_interpolation,15,1,6,64,49,49,0.6179115709275093,0.7860735149637782,0.7266766125888826,-51.84371064577853,-3.1953625719687073,20.497130752943153,48.97959183673469
train,Bach/Prelude/bwv_889/midi_score.mid,tempo,small,cnn,43,1,6,149,106,106,0.12355660177314462,0.35150619023446034,0.23016160740026625,-6.0645900507885875,-14.90329715422134,70.62293546056172,57.54716981132076
train,Bach/Prelude/bwv_889/midi_score.mid,tempo,small,visible_mean,43,1,6,149,106,106,0.11649184870650992,0.3413090223045824,0.20030896684483046,0.0,0.0,0.0,0.0
train,Bach/Prelude/bwv_889/midi_score.mid,tempo,small,linear_interpolation,43,1,6,149,106,106,0.12027406977881144,0.3468055215517934,0.2097428551262604,-3.2467688634854275,-4.709668483656992,16.88701718288087,46.22641509433962
train,Balakirev/Islamey/midi_score.mid,articulation,abrupt,cnn,188,1,10,811,623,623,3.1805115064071656,1.7833988635207676,6.625898664208993,2.807963986707207,2.662138271761416,9.24072945714347,55.53772070626003
train,Balakirev/Islamey/midi_score.mid,articulation,abrupt,visible_mean,188,1,10,811,623,623,3.272399300259717,1.8089774183940819,6.807113436196185,0.0,0.0,0.0,0.0
train,Balakirev/Islamey/midi_score.mid,articulation,abrupt,linear_interpolation,188,1,10,811,623,623,4.687940132379722,2.1651651512944046,7.006323631569649,-43.25697148290119,-2.9265003035527926,16.102771304090222,50.24077046548957
train,Balakirev/Islamey/midi_score.mid,articulation,gradual,cnn,36,1,9,56,20,20,0.838122757667992,0.9154904465192371,0.8703427454202384,16.3293131456963,10.460549812333975,27.101989952462404,50.0
train,Balakirev/Islamey/midi_score.mid,articulation,gradual,visible_mean,36,1,9,56,20,20,1.001692216447823,1.0008457505768924,0.9720215431254985,0.0,0.0,0.0,0.0
train,Balakirev/Islamey/midi_score.mid,articulation,gradual,linear_interpolation,36,1,9,56,20,20,0.46973171009262416,0.6853697615832086,0.4963346130962206,53.106183478356705,48.9378999255227,74.12240121950751,80.0
train,Balakirev/Islamey/midi_score.mid,articulation,mixed,cnn,488,1,10,1919,1431,1431,0.935940774076179,0.967440320679358,1.3921799552537455,5.885764583811892,-1.3657389327332403,19.545778567435462,52.969951083158634
train,Balakirev/Islamey/midi_score.mid,articulation,mixed,visible_mean,488,1,10,1919,1431,1431,0.9944731208167396,0.9972327315209523,1.3734225882549946,0.0,0.0,0.0,0.0
train,Balakirev/Islamey/midi_score.mid,articulation,mixed,linear_interpolation,488,1,10,1919,1431,1431,1.2491570312811981,1.1176569380991639,1.4136275569660777,-25.609934057874995,-2.927356012264637,21.92971104964346,49.406009783368276
train,Balakirev/Islamey/midi_score.mid,articulation,small,cnn,301,1,10,934,633,633,0.3393520135864173,0.5825392807239845,0.42131570783677696,11.484901669064696,-8.351646753246555,34.131932266246984,52.60663507109005
train,Balakirev/Islamey/midi_score.mid,articulation,small,visible_mean,301,1,10,934,633,633,0.38338319674872523,0.6191794543980971,0.3888410748350283,0.0,0.0,0.0,0.0
train,Balakirev/Islamey/midi_score.mid,articulation,small,linear_interpolation,301,1,10,934,633,633,0.3220490271516785,0.5674936362213047,0.4081297215006393,15.998137142470025,-4.960547615447908,20.11176815167538,48.49921011058452
train,Balakirev/Islamey/midi_score.mid,dynamics,abrupt,cnn,246,1,10,986,740,740,1.5684476283587279,1.252376791688,2.3585960602769296,8.107421743503295,2.3981285488343107,12.364407300861416,53.24324324324324
train,Balakirev/Islamey/midi_score.mid,dynamics,abrupt,visible_mean,246,1,10,986,740,740,1.7068273174148756,1.306456014343719,2.416547987460501,0.0,0.0,0.0,0.0
train,Balakirev/Islamey/midi_score.mid,dynamics,abrupt,linear_interpolation,246,1,10,986,740,740,2.14454298683789,1.4644258215552914,2.5059102346427475,-25.644988509204868,-3.697929759555718,22.666905274993297,47.567567567567565
train,Balakirev/Islamey/midi_score.mid,dynamics,gradual,cnn,54,1,10,112,58,58,0.43192610958218064,0.6572108562570924,0.3234272133726685,39.51585721061601,5.9493884612324965,30.814985106071358,51.724137931034484
train,Balakirev/Islamey/midi_score.mid,dynamics,gradual,visible_mean,54,1,10,112,58,58,0.7141146251939461,0.8450530309950649,0.34388634808541607,0.0,0.0,0.0,0.0
train,Balakirev/Islamey/midi_score.mid,dynamics,gradual,linear_interpolation,54,1,10,112,58,58,0.32627073291090225,0.5712011317486182,0.21707006768668718,54.31115378398943,36.87738146767887,79.42864592148035,70.6896551724138
train,Balakirev/Islamey/midi_score.mid,dynamics,mixed,cnn,501,1,10,2010,1509,1508,0.7303214077570661,0.8545884434960879,0.9304838660858361,15.313510496247474,-0.5057108815238465,19.10081819771135,51.326259946949605
train,Balakirev/Islamey/midi_score.mid,dynamics,mixed,visible_mean,501,1,10,2010,1509,1508,0.8623824319990321,0.9286454824092087,0.9258019847078051,0.0,0.0,0.0,0.0
train,Balakirev/Islamey/midi_score.mid,dynamics,mixed,linear_interpolation,501,1,10,2010,1509,1508,0.8844552910168975,0.9404548319918918,0.9167877454582528,-2.559520950200689,0.9736681707803063,24.250035660546246,54.97347480106101
train,Balakirev/Islamey/midi_score.mid,dynamics,small,cnn,212,1,10,612,400,400,0.2975686145285351,0.5454985009406855,0.3008924107877973,34.810502025114076,-6.455314520750366,37.281983553791854,52.75
train,Balakirev/Islamey/midi_score.mid,dynamics,small,visible_mean,212,1,10,612,400,400,0.45646710554999614,0.6756234939298634,0.28264667869554516,0.0,0.0,0.0,0.0
train,Balakirev/Islamey/midi_score.mid,dynamics,small,linear_interpolation,212,1,10,612,400,400,0.23919041473475117,0.4890709710612062,0.29791184147148875,47.59963821564948,-5.4007932611819465,23.098600427542667,51.0
train,Balakirev/Islamey/midi_score.mid,pedal_changes,abrupt,cnn,376,1,10,1521,1145,843,1.775612085502847,1.3325209512434868,3.487305906099389,2.1267024352973007,3.1694678237734863,11.111965584254465,58.60023724792408
train,Balakirev/Islamey/midi_score.mid,pedal_changes,abrupt,visible_mean,376,1,10,1521,1145,843,1.8141946063777141,1.346920415755034,3.6014527935803082,0.0,0.0,0.0,0.0
train,Balakirev/Islamey/midi_score.mid,pedal_changes,abrupt,linear_interpolation,376,1,10,1521,1145,843,2.5996801548328263,1.6123523668332633,3.784477298471822,-43.29665327488988,-5.0819631793525,16.890187922314038,30.723606168446025
train,Balakirev/Islamey/midi_score.mid,pedal_changes,gradual,cnn,129,1,10,374,245,35,0.292838309200056,0.541145367900397,0.2290955186966999,-5.4116450737754285,-26.281225719437185,49.88940221959814,54.285714285714285
train,Balakirev/Islamey/midi_score.mid,pedal_changes,gradual,visible_mean,129,1,10,374,245,35,0.27780451485706775,0.5270716411049524,0.18141692669794662,0.0,0.0,0.0,0.0
train,Balakirev/Islamey/midi_score.mid,pedal_changes,gradual,linear_interpolation,129,1,10,374,245,35,0.3800670334712909,0.6164957692241617,0.15050943455616017,-36.81096351757922,17.036719067149907,78.33015787485073,100.0
train,Balakirev/Islamey/midi_score.mid,pedal_changes,mixed,cnn,375,1,10,1420,1045,689,0.6474716045397886,0.8046562026976419,0.9256667911118663,4.9544749648767095,-2.6316927308879245,21.015950844359327,51.23367198838897
train,Balakirev/Islamey/midi_score.mid,pedal_changes,mixed,visible_mean,375,1,10,1420,1045,689,0.6812226081138705,0.8253621072679982,0.9019307452514409,0.0,0.0,0.0,0.0
train,Balakirev/Islamey/midi_score.mid,pedal_changes,mixed,linear_interpolation,375,1,10,1420,1045,689,0.7591385410177942,0.8712855680072947,0.9311757057237534,-11.43766104880941,-3.2424840406299227,21.10920254677175,28.88243831640058
train,Balakirev/Islamey/midi_score.mid,pedal_changes,small,cnn,133,1,10,405,272,0,0.08085516422646864,0.2843504250506207,0.041849833918811155,-18.607867536730183,,,
train,Balakirev/Islamey/midi_score.mid,pedal_changes,small,visible_mean,133,1,10,405,272,0,0.06817015254188734,0.2610941449781809,0.0,0.0,,,
train,Balakirev/Islamey/midi_score.mid,pedal_changes,small,linear_interpolation,133,1,10,405,272,0,0.0,0.0,0.0,100.0,,,
train,Balakirev/Islamey/midi_score.mid,pedal_depth,abrupt,cnn,265,1,10,1096,831,825,1.3626592972660727,1.1673299864503064,2.21522485436331,5.22649862330592,1.8207900223561557,11.214918909248839,53.21212121212121
train,Balakirev/Islamey/midi_score.mid,pedal_depth,abrupt,visible_mean,265,1,10,1096,831,825,1.4378062195359247,1.1990855764022537,2.256307475755543,0.0,0.0,0.0,0.0
train,Balakirev/Islamey/midi_score.mid,pedal_depth,abrupt,linear_interpolation,265,1,10,1096,831,825,1.8442292848761104,1.3580240369286953,2.338437384827635,-28.266887416258733,-3.640014047491036,20.38546439455878,48.96969696969697
train,Balakirev/Islamey/midi_score.mid,pedal_depth,gradual,cnn,66,1,10,139,73,59,0.6038863379653167,0.7771012404862809,0.20721488919411452,22.659298423222452,-5.12534611190214,37.02156323784838,47.45762711864407
train,Balakirev/Islamey/midi_score.mid,pedal_depth,gradual,visible_mean,66,1,10,139,73,59,0.7808131108893905,0.8836363001197894,0.19711220638792643,0.0,0.0,0.0,0.0
train,Balakirev/Islamey/midi_score.mid,pedal_depth,gradual,linear_interpolation,66,1,10,139,73,59,0.16872127971256065,0.4107569594207269,0.12055095353091871,78.39159238497193,38.84145698533323,71.20853113325938,84.7457627118644
train,Balakirev/Islamey/midi_score.mid,pedal_depth,mixed,cnn,435,1,10,1718,1283,1250,0.40290147382573605,0.6347452038619402,0.4675627657896612,17.848304919835954,-2.2981931383567744,25.59832140383457,52.8
train,Balakirev/Islamey/midi_score.mid,pedal_depth,mixed,visible_mean,435,1,10,1718,1283,1250,0.49043598361857627,0.7003113476294499,0.45705867468967865,0.0,0.0,0.0,0.0
train,Balakirev/Islamey/midi_score.mid,pedal_depth,mixed,linear_interpolation,435,1,10,1718,1283,1250,0.4122556890316957,0.6420714049322674,0.4686642052751753,15.940978475935664,-2.539177402852344,23.160495808650154,51.04
train,Balakirev/Islamey/midi_score.mid,pedal_depth,small,cnn,247,1,10,767,520,431,0.09895459929767583,0.3145704997256987,0.07714329230565105,44.646384048585865,-57.39561243408509,75.47542793303617,48.49187935034803
train,Balakirev/Islamey/midi_score.mid,pedal_depth,small,visible_mean,247,1,10,767,520,431,0.1787680851500864,0.42280975053809533,0.04901235244912402,0.0,0.0,0.0,0.0
train,Balakirev/Islamey/midi_score.mid,pedal_depth,small,linear_interpolation,247,1,10,767,520,431,0.039161721522391224,0.19789320736799235,0.05028619380828908,78.09356100138756,-2.5990210539013514,20.33418438596588,47.79582366589327
train,Balakirev/Islamey/midi_score.mid,pedal_down_ratio,abrupt,cnn,297,1,10,1220,923,874,1.5899570987432536,1.2609350097222511,2.560825563821269,6.44970613480308,0.6592692540587808,11.41048386945165,51.7162471395881
train,Balakirev/Islamey/midi_score.mid,pedal_down_ratio,abrupt,visible_mean,297,1,10,1220,923,874,1.6995746705342611,1.3036773644327269,2.577820340752725,0.0,0.0,0.0,0.0
train,Balakirev/Islamey/midi_score.mid,pedal_down_ratio,abrupt,linear_interpolation,297,1,10,1220,923,874,2.1240792031703313,1.4574221087832897,2.6577614767842666,-24.97710397758677,-3.101113555811197,21.70476679487456,48.62700228832952
train,Balakirev/Islamey/midi_score.mid,pedal_down_ratio,gradual,cnn,70,1,10,129,59,28,0.6067887781175478,0.7789664807406977,0.15454015626925205,13.67917214447002,-12.82172089989535,51.48969025450213,53.57142857142857
train,Balakirev/Islamey/midi_score.mid,pedal_down_ratio,gradual,visible_mean,70,1,10,129,59,28,0.7029459670302213,0.8384187301284611,0.13697730812524364,0.0,0.0,0.0,0.0
train,Balakirev/Islamey/midi_score.mid,pedal_down_ratio,gradual,linear_interpolation,70,1,10,129,59,28,0.3323663273261915,0.5765122091735712,0.11058126651311638,52.71808319345514,19.27037549021794,96.69372895245037,82.14285714285714
train,Balakirev/Islamey/midi_score.mid,pedal_down_ratio,mixed,cnn,442,1,10,1732,1290,1211,0.3464435394947372,0.5885945459267672,0.44101570991319694,19.390245229321323,-1.9242112144508772,25.810236273311343,52.270850536746494
train,Balakirev/Islamey/midi_score.mid,pedal_down_ratio,mixed,visible_mean,442,1,10,1732,1290,1211,0.4297786793674182,0.6555750753097758,0.43268984342227557,0.0,0.0,0.0,0.0
train,Balakirev/Islamey/midi_score.mid,pedal_down_ratio,mixed,linear_interpolation,442,1,10,1732,1290,1211,0.33978150655651995,0.58290780279262,0.4489377751863659,20.94035305412616,-3.7550989493029263,21.671392566521106,47.15111478117259
train,Balakirev/Islamey/midi_score.mid,pedal_down_ratio,small,cnn,204,1,10,639,435,315,0.077791928071176,0.2789120436108416,0.045252382865340175,26.943050861077012,-120.20260329291426,113.73603843637359,49.84126984126984
train,Balakirev/Islamey/midi_score.mid,pedal_down_ratio,small,visible_mean,204,1,10,639,435,315,0.10648121634979463,0.3263145972061235,0.02055033963660516,0.0,0.0,0.0,0.0
train,Balakirev/Islamey/midi_score.mid,pedal_down_ratio,small,linear_interpolation,204,1,10,639,435,315,0.016750234156625354,0.1294226956782517,0.021663089067789618,84.2693061454142,-5.414749589843182,23.614909862194903,46.34920634920635
train,Balakirev/Islamey/midi_score.mid,rubato,abrupt,cnn,287,1,10,1164,877,872,4.6693766078659795,2.1608740379452893,7.7874362229959475,11.811706286169322,4.718915316265237,11.792349183465827,55.96330275229358
train,Balakirev/Islamey/midi_score.mid,rubato,abrupt,visible_mean,287,1,10,1164,877,872,5.294780532910657,2.3010390116012065,8.173118776769472,0.0,0.0,0.0,0.0
train,Balakirev/Islamey/midi_score.mid,rubato,abrupt,linear_interpolation,287,1,10,1164,877,872,6.477994595376965,2.5451904831224255,8.246895956437672,-22.346800875160522,-0.902680869852257,19.278997042213515,51.26146788990825
train,Balakirev/Islamey/midi_score.mid,rubato,gradual,cnn,37,1,9,67,30,29,1.127658580807596,1.0619126992401946,1.0509456082757405,13.935608985460235,1.3998454244017577,27.033961711527187,62.06896551724138
train,Balakirev/Islamey/midi_score.mid,rubato,gradual,visible_mean,37,1,9,67,30,29,1.3102498809491243,1.1446614700203395,1.065866085909596,0.0,0.0,0.0,0.0
train,Balakirev/Islamey/midi_score.mid,rubato,gradual,linear_interpolation,37,1,9,67,30,29,0.7603036790434352,0.8719539431893379,0.607182260101957,41.97261987212063,43.03390753034462,63.26813208503869,82.75862068965517
train,Balakirev/Islamey/midi_score.mid,rubato,mixed,cnn,434,1,10,1719,1285,1280,0.962671761284109,0.981158377268476,1.3684911652214207,16.286367298459304,-0.8069356247017323,25.203622433137845,54.609375
train,Balakirev/Islamey/midi_score.mid,rubato,mixed,visible_mean,434,1,10,1719,1285,1280,1.1499581731404085,1.0723610274251898,1.357536717826869,0.0,0.0,0.0,0.0
train,Balakirev/Islamey/midi_score.mid,rubato,mixed,linear_interpolation,434,1,10,1719,1285,1280,1.2614252565653756,1.1231318963351435,1.3781384496261508,-9.693142414089984,-1.5175819208972152,24.863579969168782,51.40625
train,Balakirev/Islamey/midi_score.mid,rubato,small,cnn,255,1,10,770,515,514,0.3682542734459817,0.6068395780154602,0.4349751490865272,13.795147752781611,-13.999741827461953,46.68573493226483,55.83657587548638
train,Balakirev/Islamey/midi_score.mid,rubato,small,visible_mean,255,1,10,770,515,514,0.4271850874355676,0.6535939775086423,0.38155801242502807,0.0,0.0,0.0,0.0
train,Balakirev/Islamey/midi_score.mid,rubato,small,linear_interpolation,255,1,10,770,515,514,0.2841635543977842,0.5330699338715176,0.39093906751874785,33.47999198575848,-2.4586182934798195,19.165232029379684,51.945525291828794
train,Balakirev/Islamey/midi_score.mid,tempo,abrupt,cnn,299,1,10,1242,943,941,2.850807691315433,1.6884335021893617,4.713016099387795,12.637967675623319,4.6839278959866615,12.511517423978333,55.47290116896918
train,Balakirev/Islamey/midi_score.mid,tempo,abrupt,visible_mean,299,1,10,1242,943,941,3.263211277789803,1.806436070773002,4.94461846292274,0.0,0.0,0.0,0.0
train,Balakirev/Islamey/midi_score.mid,tempo,abrupt,linear_interpolation,299,1,10,1242,943,941,3.999960510437082,1.9999901275849044,4.976382519786323,-22.577429713539267,-0.6423965185942349,19.868691041094568,51.85972369819341
train,Balakirev/Islamey/midi_score.mid,tempo,gradual,cnn,38,1,10,68,30,30,0.5337779844192907,0.7306011117013789,0.1779731177274413,16.394123967925523,-12.934512893540418,41.4595926285646,46.666666666666664
train,Balakirev/Islamey/midi_score.mid,tempo,gradual,visible_mean,38,1,10,68,30,30,0.6384455372664388,0.7990278701437383,0.15758966251106124,0.0,0.0,0.0,0.0
train,Balakirev/Islamey/midi_score.mid,tempo,gradual,linear_interpolation,38,1,10,68,30,30,0.2077471475575916,0.45579287791451023,0.10264501617093315,67.46047463232661,34.86564122584597,87.7173628323611,70.0
train,Balakirev/Islamey/midi_score.mid,tempo,mixed,cnn,456,1,10,1761,1305,1303,0.635108371632593,0.7969368680344717,0.8838484067770143,13.15288763671938,-1.9417611218961017,27.283626947642002,52.72448196469686
train,Balakirev/Islamey/midi_score.mid,tempo,mixed,visible_mean,456,1,10,1761,1305,1303,0.7312947481499914,0.8551577329066208,0.8670130837941471,0.0,0.0,0.0,0.0
train,Balakirev/Islamey/midi_score.mid,tempo,mixed,linear_interpolation,456,1,10,1761,1305,1303,0.801434504455131,0.8952287442073846,0.8896511419567792,-9.591174623170362,-2.6110399699581732,24.27530028227728,51.95702225633154
train,Balakirev/Islamey/midi_score.mid,tempo,small,cnn,220,1,10,649,429,429,0.23070843400266047,0.48032117796601526,0.2584691017716897,13.500939095142028,-8.30358509912843,44.450597831722,53.37995337995338
train,Balakirev/Islamey/midi_score.mid,tempo,small,visible_mean,220,1,10,649,429,429,0.2667178482508859,0.5164473334725294,0.23865239690368265,0.0,0.0,0.0,0.0
train,Balakirev/Islamey/midi_score.mid,tempo,small,linear_interpolation,220,1,10,649,429,429,0.17964090159433524,0.4238406559006996,0.24655653482473588,32.64758891375072,-3.311987653844195,18.31501197005359,49.417249417249415
train,Beethoven/Piano_Sonatas/11-1/midi_score.mid,articulation,abrupt,cnn,128,1,6,518,390,390,4.36491864309783,2.0892387712030023,8.172112124667224,11.243657565877651,1.3019436536009565,8.803348062198642,48.717948717948715
train,Beethoven/Piano_Sonatas/11-1/midi_score.mid,articulation,abrupt,visible_mean,128,1,6,518,390,390,4.917866738748958,2.2176263749218346,8.279911912333601,0.0,0.0,0.0,0.0
train,Beethoven/Piano_Sonatas/11-1/midi_score.mid,articulation,abrupt,linear_interpolation,128,1,6,518,390,390,5.9608417937226434,2.4414835231315086,8.464142407714501,-21.20787549519907,-2.225029654077293,20.568141438476403,46.41025641025641
train,Beethoven/Piano_Sonatas/11-1/midi_score.mid,articulation,gradual,cnn,14,1,6,33,19,19,0.7095423331660886,0.8423433582370604,0.6384177719559733,23.532010382162362,2.758159257124393,20.947675585212913,57.89473684210526
train,Beethoven/Piano_Sonatas/11-1/midi_score.mid,articulation,gradual,visible_mean,14,1,6,33,19,19,0.9278945827033671,0.9632728495620372,0.6565257990581043,0.0,0.0,0.0,0.0
train,Beethoven/Piano_Sonatas/11-1/midi_score.mid,articulation,gradual,linear_interpolation,14,1,6,33,19,19,0.5725193877169725,0.7566501091766078,0.4060747064538166,38.29909147125631,38.14794376147922,55.450963864316925,68.42105263157895
train,Beethoven/Piano_Sonatas/11-1/midi_score.mid,articulation,mixed,cnn,168,1,6,670,502,502,1.124515245093471,1.0604316315036397,1.3537665547103417,14.471341357520128,-1.4562218640175262,20.41014164777259,51.99203187250996
train,Beethoven/Piano_Sonatas/11-1/midi_score.mid,articulation,mixed,visible_mean,168,1,6,670,502,502,1.3147818087432899,1.1466393542623983,1.3343356669882742,0.0,0.0,0.0,0.0
train,Beethoven/Piano_Sonatas/11-1/midi_score.mid,articulation,mixed,linear_interpolation,168,1,6,670,502,502,1.3898568499169202,1.1789219015341603,1.3652655338964632,-5.710076050214696,-2.3179974629622846,23.21272972463236,50.59760956175299
train,Beethoven/Piano_Sonatas/11-1/midi_score.mid,articulation,small,cnn,86,1,6,264,178,178,0.4525314012121597,0.6727045422859576,0.40930434641906066,19.359063864163883,-8.244666320410744,36.6091199156672,51.12359550561798
train,Beethoven/Piano_Sonatas/11-1/midi_score.mid,articulation,small,visible_mean,86,1,6,264,178,178,0.5611683381873077,0.7491116994062419,0.3781288818494716,0.0,0.0,0.0,0.0
train,Beethoven/Piano_Sonatas/11-1/midi_score.mid,articulation,small,linear_interpolation,86,1,6,264,178,178,0.2861028221396698,0.5348858028959731,0.402558823998184,49.01657797304774,-6.460744820449249,21.686564538786747,47.752808988764045
train,Beethoven/Piano_Sonatas/11-1/midi_score.mid,dynamics,abrupt,cnn,86,1,6,355,269,269,1.7021043645303144,1.3046472184197206,2.8082702579118637,11.44451103231895,2.0064333043498084,13.81647892371567,57.99256505576208
train,Beethoven/Piano_Sonatas/11-1/midi_score.mid,dynamics,abrupt,visible_mean,86,1,6,355,269,269,1.9220766373403566,1.3863897855005844,2.8657700220605595,0.0,0.0,0.0,0.0
train,Beethoven/Piano_Sonatas/11-1/midi_score.mid,dynamics,abrupt,linear_interpolation,86,1,6,355,269,269,2.3744116527532455,1.5409126038660483,2.9680531680388595,-23.533661802309847,-3.569133084334375,22.73939008848469,49.814126394052046
train,Beethoven/Piano_Sonatas/11-1/midi_score.mid,dynamics,gradual,cnn,10,1,5,29,19,19,0.6329874305104772,0.7956050719486881,0.32326905723722127,9.533326897683004,4.449279319605893,34.758767886408656,52.63157894736842
train,Beethoven/Piano_Sonatas/11-1/midi_score.mid,dynamics,gradual,visible_mean,10,1,5,29,19,19,0.6996912882985916,0.8364755156599574,0.33832194559632695,0.0,0.0,0.0,0.0
train,Beethoven/Piano_Sonatas/11-1/midi_score.mid,dynamics,gradual,linear_interpolation,10,1,5,29,19,19,0.328270381103481,0.5729488468471517,0.17264644549711985,53.0835403279464,48.96977634932524,83.56825489829174,84.21052631578948
train,Beethoven/Piano_Sonatas/11-1/midi_score.mid,dynamics,mixed,cnn,194,1,6,787,593,592,0.7259426116909389,0.8520226591417266,0.7765050552284325,26.715136875817336,1.1215178102056522,22.24045012263398,55.067567567567565
train,Beethoven/Piano_Sonatas/11-1/midi_score.mid,dynamics,mixed,visible_mean,194,1,6,787,593,592,0.9905764720619245,0.9952770830587452,0.7853124744956681,0.0,0.0,0.0,0.0
train,Beethoven/Piano_Sonatas/11-1/midi_score.mid,dynamics,mixed,linear_interpolation,194,1,6,787,593,592,0.7613134206098412,0.8725327619120334,0.7594447663028018,23.144407112240717,3.293938277177977,26.95901778619537,56.25
train,Beethoven/Piano_Sonatas/11-1/midi_score.mid,dynamics,small,cnn,106,1,6,314,208,206,0.2818962995064915,0.5309390732527524,0.2996594535696144,33.519688542343886,-30.06681683546293,38.839758803697755,44.1747572815534
train,Beethoven/Piano_Sonatas/11-1/midi_score.mid,dynamics,small,visible_mean,106,1,6,314,208,206,0.42402975155440137,0.6511756687364796,0.2303888577120246,0.0,0.0,0.0,0.0
train,Beethoven/Piano_Sonatas/11-1/midi_score.mid,dynamics,small,linear_interpolation,106,1,6,314,208,206,0.1914743683963063,0.4375778426706571,0.22900758628022239,54.84411938209461,0.5995391641416714,24.425773945949324,55.8252427184466
train,Beethoven/Piano_Sonatas/11-1/midi_score.mid,pedal_changes,abrupt,cnn,95,1,6,371,276,206,2.4953568758636924,1.5796698629345602,3.9638645326695707,0.22572700096157305,1.7640377417807773,10.99481321685026,52.42718446601942
train,Beethoven/Piano_Sonatas/11-1/midi_score.mid,pedal_changes,abrupt,visible_mean,95,1,6,371,276,206,2.5010023133796637,1.5814557576421997,4.035044235888188,0.0,0.0,0.0,0.0
train,Beethoven/Piano_Sonatas/11-1/midi_score.mid,pedal_changes,abrupt,linear_interpolation,95,1,6,371,276,206,3.2603996914305697,1.8056576894391057,4.187191737384618,-30.363721536295362,-3.7706526273791674,19.17666060567155,35.922330097087375
train,Beethoven/Piano_Sonatas/11-1/midi_score.mid,pedal_changes,gradual,cnn,59,1,6,180,121,21,0.360568918838153,0.6004739118714093,0.1839208520752672,11.242467444071647,-37.458273605759686,57.18099389711877,33.333333333333336
train,Beethoven/Piano_Sonatas/11-1/midi_score.mid,pedal_changes,gradual,visible_mean,59,1,6,180,121,21,0.40624035893623955,0.6373698760815729,0.13380122363733854,0.0,0.0,0.0,0.0
train,Beethoven/Piano_Sonatas/11-1/midi_score.mid,pedal_changes,gradual,linear_interpolation,59,1,6,180,121,21,0.3838601624369738,0.6195644941706826,0.1290461062756263,5.509102187155756,3.5538668723992806,84.85380555767922,100.0
train,Beethoven/Piano_Sonatas/11-1/midi_score.mid,pedal_changes,mixed,cnn,155,1,6,632,477,288,0.6287949720581634,0.7929659337311807,0.9000910235408274,-3.025935861378093,-3.81155924532679,23.895511823913584,54.513888888888886
train,Beethoven/Piano_Sonatas/11-1/midi_score.mid,pedal_changes,mixed,visible_mean,155,1,6,632,477,288,0.6103268723559183,0.7812341981479807,0.867043159821671,0.0,0.0,0.0,0.0
train,Beethoven/Piano_Sonatas/11-1/midi_score.mid,pedal_changes,mixed,linear_interpolation,155,1,6,632,477,288,0.7484026736092614,0.8651026954120888,0.9005679284371689,-22.62325444074873,-3.8665628389702222,18.897193498630003,23.958333333333332
train,Beethoven/Piano_Sonatas/11-1/midi_score.mid,pedal_changes,small,cnn,87,1,6,302,215,0,0.07005256875506101,0.2646744580707799,0.0368066402100267,15.539334421713669,,,
train,Beethoven/Piano_Sonatas/11-1/midi_score.mid,pedal_changes,small,visible_mean,87,1,6,302,215,0,0.08294105697063149,0.2879948905286889,0.0,0.0,,,
train,Beethoven/Piano_Sonatas/11-1/midi_score.mid,pedal_changes,small,linear_interpolation,87,1,6,302,215,0,0.0,0.0,0.0,100.0,,,
train,Beethoven/Piano_Sonatas/11-1/midi_score.mid,pedal_depth,abrupt,cnn,133,1,6,515,382,368,1.4439154116716368,1.2016303140615407,2.4022151279880184,7.91705877500527,0.011440319497957319,11.17746598845646,52.98913043478261
train,Beethoven/Piano_Sonatas/11-1/midi_score.mid,pedal_depth,abrupt,visible_mean,133,1,6,515,382,368,1.5680596128479274,1.2522218704558419,2.402489980517696,0.0,0.0,0.0,0.0
train,Beethoven/Piano_Sonatas/11-1/midi_score.mid,pedal_depth,abrupt,linear_interpolation,133,1,6,515,382,368,1.9074707795197976,1.3811121531287014,2.5506052420374625,-21.645297403931462,-6.165073016781131,19.078843427908,45.65217391304348
train,Beethoven/Piano_Sonatas/11-1/midi_score.mid,pedal_depth,gradual,cnn,37,1,6,117,80,68,0.4974287318882584,0.7052862765489333,0.2150755594901403,-2.101491639476216,-2.713150442154144,36.34501106865235,52.94117647058823
train,Beethoven/Piano_Sonatas/11-1/midi_score.mid,pedal_depth,gradual,visible_mean,37,1,6,117,80,68,0.4871904649980001,0.6979903043724892,0.20939437507689557,0.0,0.0,0.0,0.0
train,Beethoven/Piano_Sonatas/11-1/midi_score.mid,pedal_depth,gradual,linear_interpolation,37,1,6,117,80,68,0.22816694657047065,0.47766823902209643,0.13291800653003158,53.16678733205353,36.52264704760082,74.59012566882622,77.94117647058823
train,Beethoven/Piano_Sonatas/11-1/midi_score.mid,pedal_depth,mixed,cnn,173,1,6,690,517,502,0.4663597313444612,0.6829053604596036,0.505912755576422,13.281194815039687,-2.248307969010188,26.23318887552857,57.37051792828685
train,Beethoven/Piano_Sonatas/11-1/midi_score.mid,pedal_depth,mixed,visible_mean,173,1,6,690,517,502,0.5377838524755668,0.7333374751610385,0.494788388801266,0.0,0.0,0.0,0.0
train,Beethoven/Piano_Sonatas/11-1/midi_score.mid,pedal_depth,mixed,linear_interpolation,173,1,6,690,517,502,0.45647155084841134,0.6756267836967473,0.49634368926639527,15.119885294594216,-0.31433649219161364,22.963754375930527,50.199203187250994
train,Beethoven/Piano_Sonatas/11-1/midi_score.mid,pedal_depth,small,cnn,53,1,6,163,110,72,0.1628756828790509,0.40357859566514537,0.06258634592976428,21.413187707159807,-65.74186756930305,97.86803886701468,55.55555555555556
train,Beethoven/Piano_Sonatas/11-1/midi_score.mid,pedal_depth,small,visible_mean,53,1,6,163,110,72,0.2072557444779956,0.4552534947455051,0.03776133746266285,0.0,0.0,0.0,0.0
train,Beethoven/Piano_Sonatas/11-1/midi_score.mid,pedal_depth,small,linear_interpolation,53,1,6,163,110,72,0.048049611626419374,0.21920221628993483,0.03687976673606622,76.81627028122213,2.334585546574708,24.7570365907743,59.72222222222222
train,Beethoven/Piano_Sonatas/11-1/midi_score.mid,pedal_down_ratio,abrupt,cnn,115,1,6,451,336,293,2.249439612777438,1.4998131926268143,2.757015154995289,2.848688274372424,1.1923061807246338,11.174438028881472,56.31399317406143
train,Beethoven/Piano_Sonatas/11-1/midi_score.mid,pedal_down_ratio,abrupt,visible_mean,115,1,6,451,336,293,2.315398086574736,1.5216432192122882,2.790283882182312,0.0,0.0,0.0,0.0
train,Beethoven/Piano_Sonatas/11-1/midi_score.mid,pedal_down_ratio,abrupt,linear_interpolation,115,1,6,451,336,293,2.4120088640384862,1.553064346393441,2.897605274833981,-4.172534218799084,-3.846253542049327,20.742817460409444,46.75767918088737
train,Beethoven/Piano_Sonatas/11-1/midi_score.mid,pedal_down_ratio,gradual,cnn,36,1,6,113,77,19,0.37995058132597104,0.6164013151559389,0.24973375706786555,22.0486233637863,-3.791880171069484,29.56444233827458,52.63157894736842
train,Beethoven/Piano_Sonatas/11-1/midi_score.mid,pedal_down_ratio,gradual,visible_mean,36,1,6,113,77,19,0.48741997604370496,0.6981546934911381,0.24061011001655916,0.0,0.0,0.0,0.0
train,Beethoven/Piano_Sonatas/11-1/midi_score.mid,pedal_down_ratio,gradual,linear_interpolation,36,1,6,113,77,19,0.2672979673400783,0.5170086724031603,0.164542318862172,45.16064575159907,31.614544853976444,70.5018718486444,89.47368421052632
train,Beethoven/Piano_Sonatas/11-1/midi_score.mid,pedal_down_ratio,mixed,cnn,175,1,6,680,505,437,0.5143336403605702,0.7171705796814104,0.5500944879585602,18.49042481192481,1.2803090387267901,24.38767687006712,58.81006864988559
train,Beethoven/Piano_Sonatas/11-1/midi_score.mid,pedal_down_ratio,mixed,visible_mean,175,1,6,680,505,437,0.6310100858381322,0.7943614327484261,0.55722873785571,0.0,0.0,0.0,0.0
train,Beethoven/Piano_Sonatas/11-1/midi_score.mid,pedal_down_ratio,mixed,linear_interpolation,175,1,6,680,505,437,0.443834058159151,0.6662087196661051,0.5560592179514198,29.66292169963761,0.20988147682238223,26.641754014693337,46.910755148741416
train,Beethoven/Piano_Sonatas/11-1/midi_score.mid,pedal_down_ratio,small,cnn,70,1,6,241,171,40,0.08764096087076144,0.2960421606304775,0.03563690473148651,17.838209983103116,-243.48094808939607,164.33172547926407,60.0
train,Beethoven/Piano_Sonatas/11-1/midi_score.mid,pedal_down_ratio,small,visible_mean,70,1,6,241,171,40,0.10666875788944927,0.3266018338733714,0.010375220206452752,0.0,0.0,0.0,0.0
train,Beethoven/Piano_Sonatas/11-1/midi_score.mid,pedal_down_ratio,small,linear_interpolation,70,1,6,241,171,40,0.010220162586848528,0.10109481978246229,0.011216724245965199,90.41878541658784,-8.11071016101501,27.561228123609745,40.0
train,Beethoven/Piano_Sonatas/11-1/midi_score.mid,rubato,abrupt,cnn,117,1,6,475,358,346,3.5595525665025893,1.886677653045848,6.839657303365141,8.045459526137,4.780469516203545,13.52876453810406,55.49132947976879
train,Beethoven/Piano_Sonatas/11-1/midi_score.mid,rubato,abrupt,visible_mean,117,1,6,475,358,346,3.870991631472891,1.9674835784506286,7.183040358016728,0.0,0.0,0.0,0.0
train,Beethoven/Piano_Sonatas/11-1/midi_score.mid,rubato,abrupt,linear_interpolation,117,1,6,475,358,346,5.537432473725719,2.3531749772861597,7.526470007447911,-43.04945608003696,-4.781118193884204,18.289241629508002,45.664739884393065
train,Beethoven/Piano_Sonatas/11-1/midi_score.mid,rubato,gradual,cnn,8,1,4,14,6,5,0.768656124416095,0.8767303601541896,1.241359748177358,10.965308791846018,7.1790253866397595,21.46095409672802,60.0
train,Beethoven/Piano_Sonatas/11-1/midi_score.mid,rubato,gradual,visible_mean,8,1,4,14,6,5,0.8633220534443768,0.9291512543414968,1.337369870708815,0.0,0.0,0.0,0.0
train,Beethoven/Piano_Sonatas/11-1/midi_score.mid,rubato,gradual,linear_interpolation,8,1,4,14,6,5,0.38777334231753013,0.6227144950276412,0.5366250687835475,55.08358198769052,59.87459561212243,66.78217796592153,80.0
train,Beethoven/Piano_Sonatas/11-1/midi_score.mid,rubato,mixed,cnn,190,1,6,743,553,522,0.9058997773778461,0.9517876745250728,1.3510132986142411,11.482273750241179,-1.8615140324274915,25.410511475576257,54.59770114942529
train,Beethoven/Piano_Sonatas/11-1/midi_score.mid,rubato,mixed,visible_mean,190,1,6,743,553,522,1.0234105819909878,1.011637574426231,1.326323598708878,0.0,0.0,0.0,0.0
train,Beethoven/Piano_Sonatas/11-1/midi_score.mid,rubato,mixed,linear_interpolation,190,1,6,743,553,522,1.2826322147657454,1.1325335380313226,1.3699378416354453,-25.329192147931145,-3.28835609718654,25.347477156884434,48.46743295019157
train,Beethoven/Piano_Sonatas/11-1/midi_score.mid,rubato,small,cnn,81,1,6,253,172,154,0.37631248616180685,0.6134431401212397,0.32844845282748114,16.410523805477016,-10.72753063134233,49.15557765002143,58.44155844155844
train,Beethoven/Piano_Sonatas/11-1/midi_score.mid,rubato,small,visible_mean,81,1,6,253,172,154,0.4501912241752556,0.6709629081963142,0.2966276326716087,0.0,0.0,0.0,0.0
train,Beethoven/Piano_Sonatas/11-1/midi_score.mid,rubato,small,linear_interpolation,81,1,6,253,172,154,0.2807122719158723,0.5298228684342271,0.3123082170738222,37.64599200481229,-5.286285792387124,24.728727463811573,53.246753246753244
train,Beethoven/Piano_Sonatas/11-1/midi_score.mid,tempo,abrupt,cnn,114,1,6,462,348,335,2.314368626869414,1.5213049092372686,4.400806572613815,7.531462829325575,4.703195053966114,14.256867595704998,56.11940298507463
train,Beethoven/Piano_Sonatas/11-1/midi_score.mid,tempo,abrupt,visible_mean,114,1,6,462,348,335,2.5028714605895113,1.5820466050624145,4.618000126138511,0.0,0.0,0.0,0.0
train,Beethoven/Piano_Sonatas/11-1/midi_score.mid,tempo,abrupt,linear_interpolation,114,1,6,462,348,335,3.52286482412698,1.8769296268445923,4.8260076468864135,-40.75292637270418,-4.504277069429952,18.490993185249017,48.35820895522388
train,Beethoven/Piano_Sonatas/11-1/midi_score.mid,tempo,gradual,cnn,13,1,4,20,7,7,0.3569435399850033,0.5974475206953355,0.2155653592196162,25.897336948266947,32.52522783205214,38.84840552843586,71.42857142857143
train,Beethoven/Piano_Sonatas/11-1/midi_score.mid,tempo,gradual,visible_mean,13,1,4,20,7,7,0.48168787096870114,0.6940373700087777,0.3194754903107549,0.0,0.0,0.0,0.0
train,Beethoven/Piano_Sonatas/11-1/midi_score.mid,tempo,gradual,linear_interpolation,13,1,4,20,7,7,0.3830171214839204,0.618883770577255,0.30249998368956105,20.484374930667936,5.313555229129385,77.07774933100818,71.42857142857143
train,Beethoven/Piano_Sonatas/11-1/midi_score.mid,tempo,mixed,cnn,177,1,6,708,531,504,0.6113288949315052,0.7818752425620761,0.9816672988828428,6.344024749865795,-2.0220650471699964,25.984652945361674,56.54761904761905
train,Beethoven/Piano_Sonatas/11-1/midi_score.mid,tempo,mixed,visible_mean,177,1,6,708,531,504,0.6527388063588919,0.8079225249730891,0.9622107711983363,0.0,0.0,0.0,0.0
train,Beethoven/Piano_Sonatas/11-1/midi_score.mid,tempo,mixed,linear_interpolation,177,1,6,708,531,504,0.8474019526144272,0.9205443784057492,0.983012109479821,-29.822517729780063,-2.1618276269739445,23.378499591196373,50.992063492063494
train,Beethoven/Piano_Sonatas/11-1/midi_score.mid,tempo,small,cnn,92,1,6,295,203,184,0.2799762424660413,0.5291278129772062,0.3095747698025394,15.976599232568066,-28.45504459576098,47.91589603781383,52.17391304347826
train,Beethoven/Piano_Sonatas/11-1/midi_score.mid,tempo,small,visible_mean,92,1,6,295,203,184,0.33321222410526624,0.5772453759929708,0.2409985304794759,0.0,0.0,0.0,0.0
train,Beethoven/Piano_Sonatas/11-1/midi_score.mid,tempo,small,linear_interpolation,92,1,6,295,203,184,0.20542119358524275,0.45323414874129103,0.24545714261646986,38.351243224394004,-1.8500578107772725,20.289152872790606,47.28260869565217
train,Beethoven/Piano_Sonatas/16-1/midi_score.mid,articulation,abrupt,cnn,87,1,7,338,251,250,3.509258137253267,1.873301400536835,6.236781181121421,4.0726977305931555,2.5011821560029013,10.081749662943182,57.2
train,Beethoven/Piano_Sonatas/16-1/midi_score.mid,articulation,abrupt,visible_mean,87,1,7,338,251,250,3.6582475001722634,1.9126545689622743,6.3967762061490605,0.0,0.0,0.0,0.0
train,Beethoven/Piano_Sonatas/16-1/midi_score.mid,articulation,abrupt,linear_interpolation,87,1,7,338,251,250,6.445246052008943,2.538748914723341,7.013020493286774,-76.18398021745227,-9.633669637298459,22.757226282788274,46.4
train,Beethoven/Piano_Sonatas/16-1/midi_score.mid,articulation,gradual,cnn,15,1,7,30,15,15,1.1874736645225676,1.0897126522724088,0.8392762430437684,7.10623956951848,11.970723501870618,31.912591761002453,80.0
train,Beethoven/Piano_Sonatas/16-1/midi_score.mid,articulation,gradual,visible_mean,15,1,7,30,15,15,1.2783136983793781,1.13062535721581,0.9534058172812575,0.0,0.0,0.0,0.0
train,Beethoven/Piano_Sonatas/16-1/midi_score.mid,articulation,gradual,linear_interpolation,15,1,7,30,15,15,0.5417537357808274,0.736039221632127,0.473840847032049,57.619656546929555,50.3001934283075,72.89780346031519,73.33333333333333
train,Beethoven/Piano_Sonatas/16-1/midi_score.mid,articulation,mixed,cnn,135,1,7,522,387,383,0.9758104120236839,0.9878311657483195,1.391963244694156,19.164109803621376,-3.954080710331498,22.15010657960544,51.174934725848566
train,Beethoven/Piano_Sonatas/16-1/midi_score.mid,articulation,mixed,visible_mean,135,1,7,522,387,383,1.2071499548691793,1.098703761197339,1.3390174153652206,0.0,0.0,0.0,0.0
train,Beethoven/Piano_Sonatas/16-1/midi_score.mid,articulation,mixed,linear_interpolation,135,1,7,522,387,383,1.1767176080339339,1.084766153617421,1.3549982901109217,2.5210079917986183,-1.193477736907722,24.254654624441123,50.91383812010444
train,Beethoven/Piano_Sonatas/16-1/midi_score.mid,articulation,small,cnn,100,1,7,304,204,197,0.360926397888629,0.6007715022274517,0.4152434262422611,31.046329389115566,-15.742383232984514,39.61986903267676,52.79187817258883
train,Beethoven/Piano_Sonatas/16-1/midi_score.mid,articulation,small,visible_mean,100,1,7,304,204,197,0.5234331902726238,0.7234868279883359,0.3587652289882382,0.0,0.0,0.0,0.0
train,Beethoven/Piano_Sonatas/16-1/midi_score.mid,articulation,small,linear_interpolation,100,1,7,304,204,197,0.27328870727548055,0.522770224166871,0.3622177399973458,47.789190224421674,-0.9623315556092527,20.167044823703222,48.73096446700507
train,Beethoven/Piano_Sonatas/16-1/midi_score.mid,dynamics,abrupt,cnn,96,1,7,368,272,269,2.4470594427004855,1.5643079756558442,2.943174858571742,8.022580165571735,2.001765556333801,12.00459075523161,52.78810408921933
train,Beethoven/Piano_Sonatas/16-1/midi_score.mid,dynamics,abrupt,visible_mean,96,1,7,368,272,269,2.660500204403996,1.631103983320498,3.0032937585866524,0.0,0.0,0.0,0.0
train,Beethoven/Piano_Sonatas/16-1/midi_score.mid,dynamics,abrupt,linear_interpolation,96,1,7,368,272,269,2.777171360016423,1.6664847314081288,2.991858703848564,-4.38530902644918,0.3807504579062426,20.896686479875676,50.55762081784387
train,Beethoven/Piano_Sonatas/16-1/midi_score.mid,dynamics,gradual,cnn,19,1,7,39,20,17,0.6699562033533285,0.8185085236900888,0.4697532811146371,21.1821543968029,-26.97109607652619,45.396129621116025,64.70588235294117
train,Beethoven/Piano_Sonatas/16-1/midi_score.mid,dynamics,gradual,visible_mean,19,1,7,39,20,17,0.8500057293194436,0.9219575528837777,0.36996867447022286,0.0,0.0,0.0,0.0
train,Beethoven/Piano_Sonatas/16-1/midi_score.mid,dynamics,gradual,linear_interpolation,19,1,7,39,20,17,0.4514878635571791,0.6719284661012503,0.1569370252547733,46.884138778845355,57.58099642368385,90.72600595674781,82.3529411764706
train,Beethoven/Piano_Sonatas/16-1/midi_score.mid,dynamics,mixed,cnn,142,1,7,563,421,413,0.8619903761350783,0.9284343682431615,0.987239293180529,14.643432102179855,-0.8766645657283467,20.35514229490736,50.847457627118644
train,Beethoven/Piano_Sonatas/16-1/midi_score.mid,dynamics,mixed,visible_mean,142,1,7,563,421,413,1.0098700045753504,1.0049228848898557,0.9786597301076227,0.0,0.0,0.0,0.0
train,Beethoven/Piano_Sonatas/16-1/midi_score.mid,dynamics,mixed,linear_interpolation,142,1,7,563,421,413,0.9440339155085591,0.9716140774549117,0.9682577626287207,6.519263743700887,1.0628788698354041,24.21517306803992,53.026634382566584
train,Beethoven/Piano_Sonatas/16-1/midi_score.mid,dynamics,small,cnn,80,1,7,224,144,128,0.3363904877519824,0.5799917997282223,0.25368427337439914,40.01638330320036,4.30059213805799,36.89248282682015,64.0625
train,Beethoven/Piano_Sonatas/16-1/midi_score.mid,dynamics,small,visible_mean,80,1,7,224,144,128,0.5608039432706132,0.7488684418979166,0.2650844754863786,0.0,0.0,0.0,0.0
train,Beethoven/Piano_Sonatas/16-1/midi_score.mid,dynamics,small,linear_interpolation,80,1,7,224,144,128,0.24640078632116866,0.4963877378835709,0.27334665186560486,56.062936204735436,-3.1168088452055764,21.260709334720275,51.5625
train,Beethoven/Piano_Sonatas/16-1/midi_score.mid,pedal_changes,abrupt,cnn,113,1,7,438,325,185,2.0133009193639655,1.4189083548150547,3.0852591418639936,-1.1899770047127722,0.28213322233688887,13.21783711860963,58.37837837837838
train,Beethoven/Piano_Sonatas/16-1/midi_score.mid,pedal_changes,abrupt,visible_mean,113,1,7,438,325,185,1.9896248412727666,1.4105406202136705,3.093988310783935,0.0,0.0,0.0,0.0
train,Beethoven/Piano_Sonatas/16-1/midi_score.mid,pedal_changes,abrupt,linear_interpolation,113,1,7,438,325,185,2.8150186680031806,1.677801736798237,3.3358883380598856,-41.484897534874364,-7.818388532135723,21.634318794756332,25.405405405405407
train,Beethoven/Piano_Sonatas/16-1/midi_score.mid,pedal_changes,gradual,cnn,44,1,7,121,77,14,0.5439107082992247,0.7375030225695517,0.3476898180132608,9.789311550335766,-7.068329338209001,43.13051742208946,71.42857142857143
train,Beethoven/Piano_Sonatas/16-1/midi_score.mid,pedal_changes,gradual,visible_mean,44,1,7,121,77,14,0.6029337738650737,0.7764881028483783,0.3247363811150664,0.0,0.0,0.0,0.0
train,Beethoven/Piano_Sonatas/16-1/midi_score.mid,pedal_changes,gradual,linear_interpolation,44,1,7,121,77,14,0.4513507567997554,0.6718264335375287,0.25592319400927704,25.14090661957843,21.19047667819093,58.35033602301786,100.0
train,Beethoven/Piano_Sonatas/16-1/midi_score.mid,pedal_changes,mixed,cnn,62,1,7,248,186,101,0.8476945766955206,0.9207033054657296,1.0443615611828612,0.9786015754942201,-7.68341230648355,24.875695850345483,49.504950495049506
train,Beethoven/Piano_Sonatas/16-1/midi_score.mid,pedal_changes,mixed,visible_mean,62,1,7,248,186,101,0.8560721118696436,0.9252416505268467,0.9698444159723019,0.0,0.0,0.0,0.0
train,Beethoven/Piano_Sonatas/16-1/midi_score.mid,pedal_changes,mixed,linear_interpolation,62,1,7,248,186,101,0.693454760919614,0.8327393115012729,0.9732728298216674,18.99575382672807,-0.35350142691994435,14.689051233883182,21.782178217821784
train,Beethoven/Piano_Sonatas/16-1/midi_score.mid,pedal_changes,small,cnn,118,1,7,387,269,0,0.10913006806016547,0.3303484040526993,0.04919682209581388,21.87695393345991,,,
train,Beethoven/Piano_Sonatas/16-1/midi_score.mid,pedal_changes,small,visible_mean,118,1,7,387,269,0,0.13968998081208409,0.37375122850913023,0.0,0.0,,,
train,Beethoven/Piano_Sonatas/16-1/midi_score.mid,pedal_changes,small,linear_interpolation,118,1,7,387,269,0,0.0,0.0,0.0,100.0,,,
train,Beethoven/Piano_Sonatas/16-1/midi_score.mid,pedal_depth,abrupt,cnn,111,1,7,409,298,256,1.2341094671164952,1.1109047966034242,2.432546436973473,12.58370021078754,0.9206390353164062,11.00132145870326,51.953125
train,Beethoven/Piano_Sonatas/16-1/midi_score.mid,pedal_depth,abrupt,visible_mean,111,1,7,409,298,256,1.4117612734607985,1.1881756071645295,2.4551495016611415,0.0,0.0,0.0,0.0
train,Beethoven/Piano_Sonatas/16-1/midi_score.mid,pedal_depth,abrupt,linear_interpolation,111,1,7,409,298,256,1.7378935992974327,1.318291924915507,2.621156125170387,-23.101095912423773,-6.761568833055831,20.436313264319093,41.796875
train,Beethoven/Piano_Sonatas/16-1/midi_score.mid,pedal_depth,gradual,cnn,30,1,7,87,57,37,0.3121919559650252,0.5587414034819911,0.1612734604643825,37.15180371831296,-12.734337107037486,46.744379302558606,56.75675675675676
train,Beethoven/Piano_Sonatas/16-1/midi_score.mid,pedal_depth,gradual,visible_mean,30,1,7,87,57,37,0.4967397227531778,0.7047976466711405,0.1430562015113982,0.0,0.0,0.0,0.0
train,Beethoven/Piano_Sonatas/16-1/midi_score.mid,pedal_depth,gradual,linear_interpolation,30,1,7,87,57,37,0.2407450490435585,0.4906577718161188,0.10922680537078815,51.53497133081484,23.64762644555094,72.96172042631859,83.78378378378379
train,Beethoven/Piano_Sonatas/16-1/midi_score.mid,pedal_depth,mixed,cnn,107,1,7,418,311,281,0.47912466512926033,0.6921883162328445,0.531531837978913,25.129880408915774,-2.764255464822618,25.87661964108917,51.245551601423486
train,Beethoven/Piano_Sonatas/16-1/midi_score.mid,pedal_depth,mixed,visible_mean,107,1,7,418,311,281,0.639941097658292,0.7999631851893511,0.5172341643256126,0.0,0.0,0.0,0.0
train,Beethoven/Piano_Sonatas/16-1/midi_score.mid,pedal_depth,mixed,linear_interpolation,107,1,7,418,311,281,0.44716124598437557,0.6687011634387782,0.5147244330655897,30.124624341106887,0.48522147861118636,24.95281759492871,52.313167259786475
train,Beethoven/Piano_Sonatas/16-1/midi_score.mid,pedal_depth,small,cnn,89,1,7,280,191,93,0.13276661985839788,0.36437154095565405,0.0626781687639939,22.268513395119307,-119.27330652125607,116.00316597426877,51.61290322580645
train,Beethoven/Piano_Sonatas/16-1/midi_score.mid,pedal_depth,small,visible_mean,89,1,7,280,191,93,0.17080159618362628,0.41328149750941706,0.028584495649915307,0.0,0.0,0.0,0.0
train,Beethoven/Piano_Sonatas/16-1/midi_score.mid,pedal_depth,small,linear_interpolation,89,1,7,280,191,93,0.030198670537204805,0.17377764682836744,0.030310280604139882,82.31944477571588,-6.037486109116252,28.25067673008511,46.236559139784944
train,Beethoven/Piano_Sonatas/16-1/midi_score.mid,pedal_down_ratio,abrupt,cnn,116,1,7,441,325,266,1.4553441744323563,1.206376464637949,2.820828586921146,10.590302824336717,1.444605311441105,10.361421033814356,53.00751879699248
train,Beethoven/Piano_Sonatas/16-1/midi_score.mid,pedal_down_ratio,abrupt,visible_mean,116,1,7,441,325,266,1.627725202528134,1.2758233429939012,2.8621757295327543,0.0,0.0,0.0,0.0
train,Beethoven/Piano_Sonatas/16-1/midi_score.mid,pedal_down_ratio,abrupt,linear_interpolation,116,1,7,441,325,266,1.853815831410312,1.3615490558221954,2.9669669160970646,-13.889975318378124,-3.661242232021067,18.899248588384207,38.34586466165413
train,Beethoven/Piano_Sonatas/16-1/midi_score.mid,pedal_down_ratio,gradual,cnn,27,1,7,78,51,14,0.22308195266743375,0.47231552236554086,0.09295864852231439,20.250788588394954,-69.88776082660235,80.4589563372735,28.571428571428573
train,Beethoven/Piano_Sonatas/16-1/midi_score.mid,pedal_down_ratio,gradual,visible_mean,27,1,7,78,51,14,0.27972935245221875,0.5288944624896528,0.05471768423458919,0.0,0.0,0.0,0.0
train,Beethoven/Piano_Sonatas/16-1/midi_score.mid,pedal_down_ratio,gradual,linear_interpolation,27,1,7,78,51,14,0.45362105986142826,0.6735139641176182,0.08668095072062225,-62.16426909968713,-58.414874337514135,126.75341414395056,78.57142857142857
train,Beethoven/Piano_Sonatas/16-1/midi_score.mid,pedal_down_ratio,mixed,cnn,80,1,7,303,223,174,0.5467646345604091,0.7394353484655769,0.5594387866824285,18.579392826375795,-6.854014150607868,26.83590817341857,52.87356321839081
train,Beethoven/Piano_Sonatas/16-1/midi_score.mid,pedal_down_ratio,mixed,visible_mean,80,1,7,303,223,174,0.6715310208808303,0.819469963379275,0.5235543008182308,0.0,0.0,0.0,0.0
train,Beethoven/Piano_Sonatas/16-1/midi_score.mid,pedal_down_ratio,mixed,linear_interpolation,80,1,7,303,223,174,0.4218024019820904,0.649463164453605,0.5506899016841329,37.187949794363504,-5.1829582573371,22.230114739854848,40.229885057471265
train,Beethoven/Piano_Sonatas/16-1/midi_score.mid,pedal_down_ratio,small,cnn,114,1,7,372,258,39,0.09697428318422743,0.31140694145157943,0.036031321146028625,39.23723557219421,-486.760950270342,220.83967811369075,46.15384615384615
train,Beethoven/Piano_Sonatas/16-1/midi_score.mid,pedal_down_ratio,small,visible_mean,114,1,7,372,258,39,0.15959491655361685,0.3994933247923135,0.006140715589445359,0.0,0.0,0.0,0.0
train,Beethoven/Piano_Sonatas/16-1/midi_score.mid,pedal_down_ratio,small,linear_interpolation,114,1,7,372,258,39,0.005164780180202901,0.07186640508751568,0.00646451332068647,96.76381911671493,-5.272964144401238,22.130149628497055,33.333333333333336
train,Beethoven/Piano_Sonatas/16-1/midi_score.mid,rubato,abrupt,cnn,104,1,7,401,297,284,3.6920090630760467,1.9214601383000498,7.064095292862947,5.4107296017690825,3.2029765702641044,13.435588181724386,56.690140845070424
train,Beethoven/Piano_Sonatas/16-1/midi_score.mid,rubato,abrupt,visible_mean,104,1,7,401,297,284,3.9032006986968972,1.9756519680087627,7.2978435106433945,0.0,0.0,0.0,0.0
train,Beethoven/Piano_Sonatas/16-1/midi_score.mid,rubato,abrupt,linear_interpolation,104,1,7,401,297,284,6.186066966992816,2.487180525613856,7.806685452199559,-58.4870326821284,-6.972497297510616,24.488130849365405,42.95774647887324
train,Beethoven/Piano_Sonatas/16-1/midi_score.mid,rubato,gradual,cnn,18,1,6,40,22,16,1.0988791336600587,1.048274359917316,1.1364817772438183,-12.284854151364577,-15.834865032010569,32.58387330645661,31.25
train,Beethoven/Piano_Sonatas/16-1/midi_score.mid,rubato,gradual,visible_mean,18,1,6,40,22,16,0.9786530355899334,0.9892689399702861,0.9811223735873956,0.0,0.0,0.0,0.0
train,Beethoven/Piano_Sonatas/16-1/midi_score.mid,rubato,gradual,linear_interpolation,18,1,6,40,22,16,0.8170188932994611,0.9038909742327672,0.6271531085055954,16.515980272113406,36.07799338909579,75.25209872794088,81.25
train,Beethoven/Piano_Sonatas/16-1/midi_score.mid,rubato,mixed,cnn,147,1,7,548,401,384,0.8703083562611038,0.932903186971244,1.4648167412116944,9.734866488742078,3.503672755134224,23.604279912814764,57.291666666666664
train,Beethoven/Piano_Sonatas/16-1/midi_score.mid,rubato,mixed,visible_mean,147,1,7,548,401,384,0.9641689126317621,0.9819210317697458,1.5180025841756914,0.0,0.0,0.0,0.0
train,Beethoven/Piano_Sonatas/16-1/midi_score.mid,rubato,mixed,linear_interpolation,147,1,7,548,401,384,1.284795677838487,1.1334882786506824,1.5214011931910985,-33.254211062619035,-0.2238869057823445,18.931378597873085,52.34375
train,Beethoven/Piano_Sonatas/16-1/midi_score.mid,rubato,small,cnn,68,1,7,205,137,125,0.3126851165018697,0.5591825430947123,0.45741446547330544,16.832451321284957,-34.68883741277258,50.67905988271839,47.2
train,Beethoven/Piano_Sonatas/16-1/midi_score.mid,rubato,small,visible_mean,68,1,7,205,137,125,0.3759701006817035,0.6131640079796787,0.33960829587643965,0.0,0.0,0.0,0.0
train,Beethoven/Piano_Sonatas/16-1/midi_score.mid,rubato,small,linear_interpolation,68,1,7,205,137,125,0.30935372981103765,0.5561957657255561,0.3560164564468863,17.71852888032267,-4.831495805513675,21.376635262676917,48.8
train,Beethoven/Piano_Sonatas/16-1/midi_score.mid,tempo,abrupt,cnn,104,1,7,394,290,278,2.3402383937178755,1.5297837735176418,4.632583751267988,8.329501825149578,4.713335827841647,13.319851489886728,58.992805755395686
train,Beethoven/Piano_Sonatas/16-1/midi_score.mid,tempo,abrupt,visible_mean,104,1,7,394,290,278,2.5528806326045625,1.5977736487389453,4.86173358204471,0.0,0.0,0.0,0.0
train,Beethoven/Piano_Sonatas/16-1/midi_score.mid,tempo,abrupt,linear_interpolation,104,1,7,394,290,278,3.9435350018549156,1.9858335785898362,5.126155011894568,-54.4739284512314,-5.438830108387993,23.3681944015542,46.0431654676259
train,Beethoven/Piano_Sonatas/16-1/midi_score.mid,tempo,gradual,cnn,23,1,7,51,28,19,0.5282774295141729,0.726826959815177,0.7251806734398887,17.9833275727178,1.4972538407506009,38.39403099336051,42.10526315789474
train,Beethoven/Piano_Sonatas/16-1/midi_score.mid,tempo,gradual,visible_mean,23,1,7,51,28,19,0.6441098058233896,0.80256451816872,0.7362035087503946,0.0,0.0,0.0,0.0
train,Beethoven/Piano_Sonatas/16-1/midi_score.mid,tempo,gradual,linear_interpolation,23,1,7,51,28,19,0.6282878626273734,0.7926461143709552,0.5158937224290068,2.45640464606659,29.925120391688132,68.67333511685447,84.21052631578948
train,Beethoven/Piano_Sonatas/16-1/midi_score.mid,tempo,mixed,cnn,152,1,7,562,410,394,0.5656065363834157,0.7520681726967414,0.9996249536864517,2.996190523218112,-5.479335440654864,25.368524529164432,51.776649746192895
train,Beethoven/Piano_Sonatas/16-1/midi_score.mid,tempo,mixed,visible_mean,152,1,7,562,410,394,0.5830766229019028,0.7635945409062999,0.9476974324026378,0.0,0.0,0.0,0.0
train,Beethoven/Piano_Sonatas/16-1/midi_score.mid,tempo,mixed,linear_interpolation,152,1,7,562,410,394,0.7886114930256628,0.8880380020166158,0.9739831927308431,-35.25006183592776,-2.7736447762198413,21.560521583448864,54.31472081218274
train,Beethoven/Piano_Sonatas/16-1/midi_score.mid,tempo,small,cnn,58,1,7,187,129,113,0.17135668651619793,0.4139525172241352,0.22451414779347206,23.398224484285635,-16.23593390128415,44.43497180395305,52.21238938053097
train,Beethoven/Piano_Sonatas/16-1/midi_score.mid,tempo,small,visible_mean,58,1,7,187,129,113,0.22369806099474182,0.4729672937896888,0.19315382107580045,0.0,0.0,0.0,0.0
train,Beethoven/Piano_Sonatas/16-1/midi_score.mid,tempo,small,linear_interpolation,58,1,7,187,129,113,0.15932040364651306,0.3991496005841833,0.20330744946545945,28.77881777872987,-5.256757714192117,20.068744221719225,51.32743362831859
train,Beethoven/Piano_Sonatas/17-1_no_repeat/midi_score.mid,articulation,abrupt,cnn,202,1,11,813,611,608,3.415174497794769,1.848019073980236,6.814541435639871,2.2960315472839943,2.43315589275912,8.255746370858482,57.56578947368421
train,Beethoven/Piano_Sonatas/17-1_no_repeat/midi_score.mid,articulation,abrupt,visible_mean,202,1,11,813,611,608,3.495430689130655,1.8696070948545993,6.984484840105772,0.0,0.0,0.0,0.0
train,Beethoven/Piano_Sonatas/17-1_no_repeat/midi_score.mid,articulation,abrupt,linear_interpolation,202,1,11,813,611,608,5.586428479139114,2.3635626666409997,7.370492661626759,-59.82089121408123,-5.526646994843243,20.42997898498478,47.03947368421053
train,Beethoven/Piano_Sonatas/17-1_no_repeat/midi_score.mid,articulation,gradual,cnn,17,1,10,33,16,15,0.5430075031028339,0.7368904281525401,0.5093998978526766,-0.7091643420061633,-41.795476706777414,41.61035968040533,53.333333333333336
train,Beethoven/Piano_Sonatas/17-1_no_repeat/midi_score.mid,articulation,gradual,visible_mean,17,1,10,33,16,15,0.5391838038282117,0.7342913616734243,0.35924975160249856,0.0,0.0,0.0,0.0
train,Beethoven/Piano_Sonatas/17-1_no_repeat/midi_score.mid,articulation,gradual,linear_interpolation,17,1,10,33,16,15,0.5316019482611987,0.7291103813972194,0.13878089554096762,1.4061727212838715,61.36924384166995,94.64409577880868,86.66666666666667
train,Beethoven/Piano_Sonatas/17-1_no_repeat/midi_score.mid,articulation,mixed,cnn,267,1,11,1060,793,791,0.8765435855036113,0.9362390642905323,1.325007377125865,5.2754979347024555,-0.8240944586132226,18.824100063439385,53.47661188369153
train,Beethoven/Piano_Sonatas/17-1_no_repeat/midi_score.mid,articulation,mixed,visible_mean,267,1,11,1060,793,791,0.9253609851645072,0.9619568520284614,1.3141773146990778,0.0,0.0,0.0,0.0
train,Beethoven/Piano_Sonatas/17-1_no_repeat/midi_score.mid,articulation,mixed,linear_interpolation,267,1,11,1060,793,791,1.2731695019947575,1.1283481297874152,1.3688952332599023,-37.5862525442888,-4.163663300895881,22.827679941140367,48.798988621997474
train,Beethoven/Piano_Sonatas/17-1_no_repeat/midi_score.mid,articulation,small,cnn,163,1,11,498,335,327,0.3761501300574874,0.6133107940167752,0.445426932383357,8.678805977188231,-16.077682110491743,35.833043860353165,48.62385321100918
train,Beethoven/Piano_Sonatas/17-1_no_repeat/midi_score.mid,articulation,small,visible_mean,163,1,11,498,335,327,0.4118979543385363,0.6417927658820535,0.3837317598738448,0.0,0.0,0.0,0.0
train,Beethoven/Piano_Sonatas/17-1_no_repeat/midi_score.mid,articulation,small,linear_interpolation,163,1,11,498,335,327,0.33449592173464915,0.5783562239093214,0.4003697385853265,18.791555478391853,-4.335835719449332,22.158874858210723,51.07033639143731
train,Beethoven/Piano_Sonatas/17-1_no_repeat/midi_score.mid,dynamics,abrupt,cnn,183,1,11,741,558,550,1.7770847147237219,1.333073409352884,2.884899228999542,9.764398231287274,3.392013582934228,11.64791164568702,58.36363636363637
train,Beethoven/Piano_Sonatas/17-1_no_repeat/midi_score.mid,dynamics,abrupt,visible_mean,183,1,11,741,558,550,1.9693831258294863,1.4033471152318253,2.9861912415244434,0.0,0.0,0.0,0.0
train,Beethoven/Piano_Sonatas/17-1_no_repeat/midi_score.mid,dynamics,abrupt,linear_interpolation,183,1,11,741,558,550,2.4580606230996214,1.5678203414612344,3.031421168583766,-24.813734354726357,-1.5146359827990397,19.413492304586292,51.63636363636363
train,Beethoven/Piano_Sonatas/17-1_no_repeat/midi_score.mid,dynamics,gradual,cnn,34,1,11,91,57,53,0.7248779885082306,0.8513976676666613,0.6023152368397434,42.381572446151914,-14.820444436752144,33.848150722571745,50.943396226415096
train,Beethoven/Piano_Sonatas/17-1_no_repeat/midi_score.mid,dynamics,gradual,visible_mean,34,1,11,91,57,53,1.2580662459606105,1.1216355227793966,0.5245714208775107,0.0,0.0,0.0,0.0
train,Beethoven/Piano_Sonatas/17-1_no_repeat/midi_score.mid,dynamics,gradual,linear_interpolation,34,1,11,91,57,53,0.25914814929228164,0.5090659577032053,0.26900693195922554,79.40107286684206,48.71872136891735,76.4179330452029,75.47169811320755
train,Beethoven/Piano_Sonatas/17-1_no_repeat/midi_score.mid,dynamics,mixed,cnn,275,1,11,1103,828,813,0.7797167851893534,0.8830157332626375,0.9107433773901954,17.688147811204814,-0.9610075913500493,18.119095372044264,50.79950799507995
train,Beethoven/Piano_Sonatas/17-1_no_repeat/midi_score.mid,dynamics,mixed,visible_mean,275,1,11,1103,828,813,0.9472715829561826,0.9732787796701327,0.9020743741747526,0.0,0.0,0.0,0.0
train,Beethoven/Piano_Sonatas/17-1_no_repeat/midi_score.mid,dynamics,mixed,linear_interpolation,275,1,11,1103,828,813,0.853277815484081,0.9237303802972385,0.8751191500364337,9.922578610325472,2.988137664699586,25.792952341012388,56.580565805658054
train,Beethoven/Piano_Sonatas/17-1_no_repeat/midi_score.mid,dynamics,small,cnn,157,1,11,469,312,299,0.3241961826843116,0.5693822816740187,0.2962606668764276,33.94765934781386,-6.332359383981334,33.27879396518193,51.17056856187291
train,Beethoven/Piano_Sonatas/17-1_no_repeat/midi_score.mid,dynamics,small,visible_mean,157,1,11,469,312,299,0.49081709971708876,0.7005833995443289,0.27861759918877377,0.0,0.0,0.0,0.0
train,Beethoven/Piano_Sonatas/17-1_no_repeat/midi_score.mid,dynamics,small,linear_interpolation,157,1,11,469,312,299,0.2435731278042986,0.4935312835112873,0.28748407839779916,50.37395234503927,-3.182311251995973,21.13994372692598,47.82608695652174
train,Beethoven/Piano_Sonatas/17-1_no_repeat/midi_score.mid,pedal_changes,abrupt,cnn,211,1,11,862,651,432,2.1665237123308683,1.4719115844135708,4.478359863675913,2.4761702019258647,2.698050247940087,10.209504677617232,55.092592592592595
train,Beethoven/Piano_Sonatas/17-1_no_repeat/midi_score.mid,pedal_changes,abrupt,visible_mean,211,1,11,862,651,432,2.2215326416289405,1.4904806746915373,4.60253866966433,0.0,0.0,0.0,0.0
train,Beethoven/Piano_Sonatas/17-1_no_repeat/midi_score.mid,pedal_changes,abrupt,linear_interpolation,211,1,11,862,651,432,3.430329031038419,1.8521147456457494,4.897111191886315,-54.412722404255454,-6.400218300468241,16.43807909927576,25.694444444444443
train,Beethoven/Piano_Sonatas/17-1_no_repeat/midi_score.mid,pedal_changes,gradual,cnn,71,1,11,229,158,9,0.23588206293181663,0.48567691208437797,0.17033370398719452,-4.709835491163661,-11.478189185912191,54.44646500217451,77.77777777777777
train,Beethoven/Piano_Sonatas/17-1_no_repeat/midi_score.mid,pedal_changes,gradual,visible_mean,71,1,11,229,158,9,0.22527211682203668,0.4746283986678807,0.15279554254611097,0.0,0.0,0.0,0.0
train,Beethoven/Piano_Sonatas/17-1_no_repeat/midi_score.mid,pedal_changes,gradual,linear_interpolation,71,1,11,229,158,9,0.7123183362363338,0.8439895356201603,0.21280479608419742,-216.20350813281522,-39.274217387576414,97.19022547762486,100.0
train,Beethoven/Piano_Sonatas/17-1_no_repeat/midi_score.mid,pedal_changes,mixed,cnn,146,1,11,580,434,243,0.9590397745466189,0.9793057615201797,1.4923568113396182,1.0165455280442326,0.6355879363490358,17.043511832262492,57.61316872427984
train,Beethoven/Piano_Sonatas/17-1_no_repeat/midi_score.mid,pedal_changes,mixed,visible_mean,146,1,11,580,434,243,0.9688889720638477,0.9843215795987853,1.501902723868222,0.0,0.0,0.0,0.0
train,Beethoven/Piano_Sonatas/17-1_no_repeat/midi_score.mid,pedal_changes,mixed,linear_interpolation,146,1,11,580,434,243,1.1018566843291007,1.0496936145033466,1.528612249273835,-13.72373059237284,-1.77837918402739,15.976338710261665,17.695473251028808
train,Beethoven/Piano_Sonatas/17-1_no_repeat/midi_score.mid,pedal_changes,small,cnn,221,1,11,733,512,0,0.09737263435890196,0.3120458850215813,0.03714196470753471,11.751552850089775,,,
train,Beethoven/Piano_Sonatas/17-1_no_repeat/midi_score.mid,pedal_changes,small,visible_mean,221,1,11,733,512,0,0.1103392042621353,0.33217345508353807,0.0,0.0,,,
train,Beethoven/Piano_Sonatas/17-1_no_repeat/midi_score.mid,pedal_changes,small,linear_interpolation,221,1,11,733,512,0,0.0,0.0,0.0,100.0,,,
train,Beethoven/Piano_Sonatas/17-1_no_repeat/midi_score.mid,pedal_depth,abrupt,cnn,190,1,11,737,547,520,1.5668195551829407,1.251726629573303,2.5273263172088676,5.08424044401381,3.122599659525249,10.238043414754749,54.23076923076923
train,Beethoven/Piano_Sonatas/17-1_no_repeat/midi_score.mid,pedal_depth,abrupt,visible_mean,190,1,11,737,547,520,1.6507475286638253,1.284814200055333,2.608788332806828,0.0,0.0,0.0,0.0
train,Beethoven/Piano_Sonatas/17-1_no_repeat/midi_score.mid,pedal_depth,abrupt,linear_interpolation,190,1,11,737,547,520,2.0714279601954457,1.4392456219128984,2.6460374983607213,-25.484238154342975,-1.4278339520867434,19.95766638845325,48.26923076923077
train,Beethoven/Piano_Sonatas/17-1_no_repeat/midi_score.mid,pedal_depth,gradual,cnn,44,1,11,138,94,75,0.47593072316986335,0.6898773247251017,0.18535823140129348,31.222513790001784,-22.789053488085486,45.24147561082988,56.0
train,Beethoven/Piano_Sonatas/17-1_no_repeat/midi_score.mid,pedal_depth,gradual,visible_mean,44,1,11,138,94,75,0.691986214379375,0.8318570877136139,0.15095664160264843,0.0,0.0,0.0,0.0
train,Beethoven/Piano_Sonatas/17-1_no_repeat/midi_score.mid,pedal_depth,gradual,linear_interpolation,44,1,11,138,94,75,0.24716737953077095,0.49715931001115826,0.11434165736835468,64.28145902408632,24.255298637785383,81.88322212178566,77.33333333333333
train,Beethoven/Piano_Sonatas/17-1_no_repeat/midi_score.mid,pedal_depth,mixed,cnn,259,1,11,1034,775,705,0.5070813126858162,0.712096420919117,0.5184346452724804,14.953292319371736,3.211582945796454,22.35939975991482,55.88652482269504
train,Beethoven/Piano_Sonatas/17-1_no_repeat/midi_score.mid,pedal_depth,mixed,visible_mean,259,1,11,1034,775,705,0.5962386158321776,0.7721648890179983,0.5356370741988126,0.0,0.0,0.0,0.0
train,Beethoven/Piano_Sonatas/17-1_no_repeat/midi_score.mid,pedal_depth,mixed,linear_interpolation,259,1,11,1034,775,705,0.5257903479398479,0.7251140240954163,0.5470891162818501,11.815448718296151,-2.1380226714454054,24.393191195695138,51.773049645390074
train,Beethoven/Piano_Sonatas/17-1_no_repeat/midi_score.mid,pedal_depth,small,cnn,156,1,11,495,339,172,0.178528002468952,0.4225257417826185,0.05296055773131457,35.819090957918164,-68.13986424840894,91.77562850398968,53.48837209302326
train,Beethoven/Piano_Sonatas/17-1_no_repeat/midi_score.mid,pedal_depth,small,visible_mean,156,1,11,495,339,172,0.27816371742552853,0.5274122841056402,0.03149791869289898,0.0,0.0,0.0,0.0
train,Beethoven/Piano_Sonatas/17-1_no_repeat/midi_score.mid,pedal_depth,small,linear_interpolation,156,1,11,495,339,172,0.03117081082225264,0.1765525724033854,0.032410609678020355,88.79407741931769,-2.8976231541518738,28.553482862258306,40.116279069767444
train,Beethoven/Piano_Sonatas/17-1_no_repeat/midi_score.mid,pedal_down_ratio,abrupt,cnn,212,1,11,837,625,526,1.8273162653627457,1.3517826250410032,2.7717349470594783,6.9506171010510265,3.4021632802143653,10.399787842893799,58.745247148288975
train,Beethoven/Piano_Sonatas/17-1_no_repeat/midi_score.mid,pedal_down_ratio,abrupt,visible_mean,212,1,11,837,625,526,1.963813416524427,1.4013612726646998,2.869355092391793,0.0,0.0,0.0,0.0
train,Beethoven/Piano_Sonatas/17-1_no_repeat/midi_score.mid,pedal_down_ratio,abrupt,linear_interpolation,212,1,11,837,625,526,2.4295241753052745,1.5586930984979932,2.940836495842283,-23.714613356958637,-2.491201024231038,20.510478169772984,44.29657794676806
train,Beethoven/Piano_Sonatas/17-1_no_repeat/midi_score.mid,pedal_down_ratio,gradual,cnn,35,1,11,110,75,24,0.5975178581257593,0.7729927930619789,0.20485250798272595,-16.595157241141912,-10.8604730478582,50.442084796005396,45.833333333333336
train,Beethoven/Piano_Sonatas/17-1_no_repeat/midi_score.mid,pedal_down_ratio,gradual,visible_mean,35,1,11,110,75,24,0.5124722778065077,0.7158716908821774,0.18478408250548561,0.0,0.0,0.0,0.0
train,Beethoven/Piano_Sonatas/17-1_no_repeat/midi_score.mid,pedal_down_ratio,gradual,linear_interpolation,35,1,11,110,75,24,0.5188311132410077,0.7202993219773345,0.15891156140155124,-1.2408154957605166,14.001487981610271,84.03063886740924,91.66666666666667
train,Beethoven/Piano_Sonatas/17-1_no_repeat/midi_score.mid,pedal_down_ratio,mixed,cnn,203,1,11,788,585,484,0.4623569926481867,0.6799683762118549,0.5246573965790546,11.160505226327167,2.332104250119127,22.468636745941986,56.81818181818182
train,Beethoven/Piano_Sonatas/17-1_no_repeat/midi_score.mid,pedal_down_ratio,mixed,visible_mean,203,1,11,788,585,484,0.5204408172582314,0.7214158421175899,0.5371851134406104,0.0,0.0,0.0,0.0
train,Beethoven/Piano_Sonatas/17-1_no_repeat/midi_score.mid,pedal_down_ratio,mixed,linear_interpolation,203,1,11,788,585,484,0.4668019203451402,0.6832290394480757,0.5621438903366534,10.30643545517238,-4.646215293678702,22.074911121920827,39.46280991735537
train,Beethoven/Piano_Sonatas/17-1_no_repeat/midi_score.mid,pedal_down_ratio,small,cnn,199,1,11,669,470,63,0.1821755501136799,0.42682027847055237,0.029479345948760872,32.64482482743697,-311.599049440186,177.97590568314575,52.38095238095238
train,Beethoven/Piano_Sonatas/17-1_no_repeat/midi_score.mid,pedal_down_ratio,small,visible_mean,199,1,11,669,470,63,0.27047001161670003,0.5200673145052476,0.007162151124706337,0.0,0.0,0.0,0.0
train,Beethoven/Piano_Sonatas/17-1_no_repeat/midi_score.mid,pedal_down_ratio,small,linear_interpolation,199,1,11,669,470,63,0.006989032088632471,0.08360043115099629,0.007353822691070174,97.41596783804,-2.676173163990536,25.016364244209367,20.634920634920636
train,Beethoven/Piano_Sonatas/17-1_no_repeat/midi_score.mid,rubato,abrupt,cnn,173,1,11,669,496,489,6.24118576953855,2.498236531943793,14.2400555984611,2.6028795439185015,5.175303838816159,8.779548717189318,58.69120654396728
train,Beethoven/Piano_Sonatas/17-1_no_repeat/midi_score.mid,rubato,abrupt,visible_mean,173,1,11,669,496,489,6.407977710545188,2.531398370574096,15.01724358204716,0.0,0.0,0.0,0.0
train,Beethoven/Piano_Sonatas/17-1_no_repeat/midi_score.mid,rubato,abrupt,linear_interpolation,173,1,11,669,496,489,11.624364410516016,3.4094522156082516,16.385947610209584,-81.40456998448298,-9.114216072240344,19.47833776255912,44.989775051124745
train,Beethoven/Piano_Sonatas/17-1_no_repeat/midi_score.mid,rubato,gradual,cnn,18,1,10,46,28,25,0.47215891962547557,0.6871382099879729,0.6435841523343954,15.86859428123274,-8.496308858745572,49.635646372073495,48.0
train,Beethoven/Piano_Sonatas/17-1_no_repeat/midi_score.mid,rubato,gradual,visible_mean,18,1,10,46,28,25,0.5612160115377113,0.7491435186516074,0.5931852973655499,0.0,0.0,0.0,0.0
train,Beethoven/Piano_Sonatas/17-1_no_repeat/midi_score.mid,rubato,gradual,linear_interpolation,18,1,10,46,28,25,0.7163840543900389,0.8463947391082006,0.2536054729884862,-27.64854167777091,57.24683768886436,84.75567022330549,80.0
train,Beethoven/Piano_Sonatas/17-1_no_repeat/midi_score.mid,rubato,mixed,cnn,263,1,11,1056,793,774,0.8224032069607297,0.9068644920608203,1.3936149942456602,13.694013371238112,0.8915742548097239,22.944494357862638,55.16795865633075
train,Beethoven/Piano_Sonatas/17-1_no_repeat/midi_score.mid,rubato,mixed,visible_mean,263,1,11,1056,793,774,0.952892422744936,0.9761620883567114,1.4061518824127748,0.0,0.0,0.0,0.0
train,Beethoven/Piano_Sonatas/17-1_no_repeat/midi_score.mid,rubato,mixed,linear_interpolation,263,1,11,1056,793,774,1.225752964685339,1.1071372835765847,1.4462246819816098,-28.63497866363456,-2.849820141767001,21.330138688535445,50.90439276485788
train,Beethoven/Piano_Sonatas/17-1_no_repeat/midi_score.mid,rubato,small,cnn,195,1,11,633,438,424,0.3259889283673422,0.5709544013030657,0.37574587385408037,16.304957997685467,-14.313179708377666,43.12819983783359,53.301886792452834
train,Beethoven/Piano_Sonatas/17-1_no_repeat/midi_score.mid,rubato,small,visible_mean,195,1,11,633,438,424,0.3894961046298623,0.6240962302641014,0.3286986459589691,0.0,0.0,0.0,0.0
train,Beethoven/Piano_Sonatas/17-1_no_repeat/midi_score.mid,rubato,small,linear_interpolation,195,1,11,633,438,424,0.2689473207229103,0.5186013119178453,0.3487667792582516,30.949933124879227,-6.105328861557768,21.77937225217878,50.70754716981132
train,Beethoven/Piano_Sonatas/17-1_no_repeat/midi_score.mid,tempo,abrupt,cnn,153,1,11,576,423,420,3.9111108582940752,1.9776528659737218,8.775592668041682,0.7867655555335529,4.925504447149409,9.23939239593036,58.095238095238095
train,Beethoven/Piano_Sonatas/17-1_no_repeat/midi_score.mid,tempo,abrupt,visible_mean,153,1,11,576,423,420,3.94212614899001,1.985478821088256,9.230227956522212,0.0,0.0,0.0,0.0
train,Beethoven/Piano_Sonatas/17-1_no_repeat/midi_score.mid,tempo,abrupt,linear_interpolation,153,1,11,576,423,420,7.096343003470371,2.663896207338111,10.050478448945267,-80.0130877417123,-8.886568092215462,19.590747454051048,45.0
train,Beethoven/Piano_Sonatas/17-1_no_repeat/midi_score.mid,tempo,gradual,cnn,19,1,9,43,24,20,0.436768714711428,0.6608847968529976,0.3427181986322612,6.922153191029789,-30.34295955076507,45.91710972876991,50.0
train,Beethoven/Piano_Sonatas/17-1_no_repeat/midi_score.mid,tempo,gradual,visible_mean,19,1,9,43,24,20,0.4692509868732107,0.6850189682579678,0.26293571959195977,0.0,0.0,0.0,0.0
train,Beethoven/Piano_Sonatas/17-1_no_repeat/midi_score.mid,tempo,gradual,linear_interpolation,19,1,9,43,24,20,0.3376832643593611,0.5811052093720732,0.1265046434051719,28.03781477169244,51.88761587756514,104.16334917867385,90.0
train,Beethoven/Piano_Sonatas/17-1_no_repeat/midi_score.mid,tempo,mixed,cnn,277,1,11,1134,857,837,0.53021500932766,0.7281586429670803,0.8585282804534898,3.732904959686756,-1.1783805995835506,25.792112274734198,53.882915173237755
train,Beethoven/Piano_Sonatas/17-1_no_repeat/midi_score.mid,tempo,mixed,visible_mean,277,1,11,1134,857,837,0.5507749133861625,0.7421421113143779,0.8485293749176922,0.0,0.0,0.0,0.0
train,Beethoven/Piano_Sonatas/17-1_no_repeat/midi_score.mid,tempo,mixed,linear_interpolation,277,1,11,1134,857,837,0.7259534095603749,0.8520289957274781,0.8773099730425491,-31.805823380229057,-3.3918210701484153,20.887730325708446,48.38709677419355
train,Beethoven/Piano_Sonatas/17-1_no_repeat/midi_score.mid,tempo,small,cnn,200,1,11,651,451,439,0.17266046649448408,0.41552432719936394,0.2255193152453186,21.720593296801738,-16.63689784507021,46.5888958899518,52.16400911161731
train,Beethoven/Piano_Sonatas/17-1_no_repeat/midi_score.mid,tempo,small,visible_mean,200,1,11,651,451,439,0.22056946234804523,0.46964823256139826,0.19335160606284116,0.0,0.0,0.0,0.0
train,Beethoven/Piano_Sonatas/17-1_no_repeat/midi_score.mid,tempo,small,linear_interpolation,200,1,11,651,451,439,0.14932762323534343,0.38642932501991023,0.20754107220012147,32.29904917675617,-7.3386854271428215,22.384195638602485,50.79726651480638
train,Beethoven/Piano_Sonatas/24-1_no_2_repeat/midi_score.mid,articulation,abrupt,cnn,107,1,5,421,314,307,5.785665661043374,2.4053410695872994,7.803131868741245,6.6416415143417336,1.4499525333903196,11.712753050880158,51.14006514657981
train,Beethoven/Piano_Sonatas/24-1_no_2_repeat/midi_score.mid,articulation,abrupt,visible_mean,107,1,5,421,314,307,6.197265841956903,2.4894308269074084,7.917938214474295,0.0,0.0,0.0,0.0
train,Beethoven/Piano_Sonatas/24-1_no_2_repeat/midi_score.mid,articulation,abrupt,linear_interpolation,107,1,5,421,314,307,8.1874820126526,2.8613776424394946,7.911651573210005,-32.114423060916295,0.07939745289748945,25.791009335715742,52.76872964169381
train,Beethoven/Piano_Sonatas/24-1_no_2_repeat/midi_score.mid,articulation,gradual,cnn,7,1,3,10,3,3,0.3831975957886663,0.6190295597050809,0.3567142504066793,6.1345029135110085,-1.9288494147744473,22.788236750490633,33.333333333333336
train,Beethoven/Piano_Sonatas/24-1_no_2_repeat/midi_score.mid,articulation,gradual,visible_mean,7,1,3,10,3,3,0.4082411617503955,0.6389375257021578,0.3499639723736292,0.0,0.0,0.0,0.0
train,Beethoven/Piano_Sonatas/24-1_no_2_repeat/midi_score.mid,articulation,gradual,linear_interpolation,7,1,3,10,3,3,0.8148672839441525,0.9026999966457032,0.43928328703884606,-99.60439080916935,-25.522431368980357,115.56160829636559,66.66666666666667
train,Beethoven/Piano_Sonatas/24-1_no_2_repeat/midi_score.mid,articulation,mixed,cnn,87,1,5,331,244,232,1.1343749137050207,1.0650703796956429,1.5154953786291732,19.659555704362653,2.563873025421104,22.709006159233482,53.87931034482759
train,Beethoven/Piano_Sonatas/24-1_no_2_repeat/midi_score.mid,articulation,mixed,visible_mean,87,1,5,331,244,232,1.4119599706602812,1.1882592186304641,1.5553731718262633,0.0,0.0,0.0,0.0
train,Beethoven/Piano_Sonatas/24-1_no_2_repeat/midi_score.mid,articulation,mixed,linear_interpolation,87,1,5,331,244,232,1.2560008135397565,1.1207144210456812,1.5582394491418927,11.04557922046422,-0.18428229106355332,20.094691741283548,51.724137931034484
train,Beethoven/Piano_Sonatas/24-1_no_2_repeat/midi_score.mid,articulation,small,cnn,38,1,5,99,61,54,0.6397440968493495,0.7998400445397501,0.4200617034309705,8.044395659964765,-20.342570047723775,43.50741568489458,46.2962962962963
train,Beethoven/Piano_Sonatas/24-1_no_2_repeat/midi_score.mid,articulation,small,visible_mean,38,1,5,99,61,54,0.6957097410655813,0.8340921658099788,0.34905495475490367,0.0,0.0,0.0,0.0
train,Beethoven/Piano_Sonatas/24-1_no_2_repeat/midi_score.mid,articulation,small,linear_interpolation,38,1,5,99,61,54,0.3180014057721281,0.5639161336334758,0.3913793214932183,54.29108046050032,-12.12541640270759,28.48434927613469,33.333333333333336
train,Beethoven/Piano_Sonatas/24-1_no_2_repeat/midi_score.mid,dynamics,abrupt,cnn,109,1,5,415,306,284,2.7850667759016363,1.668851933486502,3.6448222563581396,10.379262390335153,4.160725035916868,14.149838788747171,53.16901408450704
train,Beethoven/Piano_Sonatas/24-1_no_2_repeat/midi_score.mid,dynamics,abrupt,visible_mean,109,1,5,415,306,284,3.1076142087021723,1.7628426500122387,3.8030570011345333,0.0,0.0,0.0,0.0
train,Beethoven/Piano_Sonatas/24-1_no_2_repeat/midi_score.mid,dynamics,abrupt,linear_interpolation,109,1,5,415,306,284,3.6003199041963607,1.8974508963860859,3.852488203215174,-15.85478963619349,-1.299775471834752,21.602090706231,52.816901408450704
train,Beethoven/Piano_Sonatas/24-1_no_2_repeat/midi_score.mid,dynamics,gradual,cnn,20,1,5,45,25,22,0.5277391338307618,0.7264565601815168,0.2890156368223157,38.67488662214199,4.922336763084156,51.086625051433785,77.27272727272727
train,Beethoven/Piano_Sonatas/24-1_no_2_repeat/midi_score.mid,dynamics,gradual,visible_mean,20,1,5,45,25,22,0.8605595730073395,0.92766350203473,0.3039784813622759,0.0,0.0,0.0,0.0
train,Beethoven/Piano_Sonatas/24-1_no_2_repeat/midi_score.mid,dynamics,gradual,linear_interpolation,20,1,5,45,25,22,0.26607728162994504,0.5158267942148266,0.1866719987453466,69.0808992223394,38.590390376062714,80.42199878204642,81.81818181818181
train,Beethoven/Piano_Sonatas/24-1_no_2_repeat/midi_score.mid,dynamics,mixed,cnn,80,1,5,321,241,228,1.094178037710439,1.0460296543169505,1.0351612645764896,15.58835704548882,-3.3799580338333524,25.49071781252717,51.31578947368421
train,Beethoven/Piano_Sonatas/24-1_no_2_repeat/midi_score.mid,dynamics,mixed,visible_mean,80,1,5,321,241,228,1.2962406599526604,1.138525651864138,1.0013171646265424,0.0,0.0,0.0,0.0
train,Beethoven/Piano_Sonatas/24-1_no_2_repeat/midi_score.mid,dynamics,mixed,linear_interpolation,80,1,5,321,241,228,1.089298516332679,1.043694647074842,0.9805671306490573,15.96479342250683,2.072273871907926,25.388259284549008,51.75438596491228
train,Beethoven/Piano_Sonatas/24-1_no_2_repeat/midi_score.mid,dynamics,small,cnn,30,1,5,80,50,39,0.23331964715909037,0.48303172479568085,0.2230763989213898,45.36067497460348,-24.139479064889624,51.00089256357382,51.282051282051285
train,Beethoven/Piano_Sonatas/24-1_no_2_repeat/midi_score.mid,dynamics,small,visible_mean,30,1,5,80,50,39,0.4270178064070936,0.6534659948360692,0.1796981915839878,0.0,0.0,0.0,0.0
train,Beethoven/Piano_Sonatas/24-1_no_2_repeat/midi_score.mid,dynamics,small,linear_interpolation,30,1,5,80,50,39,0.18355121287973658,0.42842877223610526,0.18202287843930376,57.01555997766761,-1.293661797497525,29.998110996314402,41.02564102564103
train,Beethoven/Piano_Sonatas/24-1_no_2_repeat/midi_score.mid,pedal_changes,abrupt,cnn,90,1,5,347,257,172,1.7724927393914274,1.331349968787857,3.837370422685263,2.076749939528977,1.9589766402554498,12.92756276595176,59.883720930232556
train,Beethoven/Piano_Sonatas/24-1_no_2_repeat/midi_score.mid,pedal_changes,abrupt,visible_mean,90,1,5,347,257,172,1.8100836505087927,1.3453934928149431,3.9140456629106137,0.0,0.0,0.0,0.0
train,Beethoven/Piano_Sonatas/24-1_no_2_repeat/midi_score.mid,pedal_changes,abrupt,linear_interpolation,90,1,5,347,257,172,2.534183912764602,1.5919120304729788,3.9779391627861687,-40.00369055055957,-1.632415801404874,15.798166391821116,31.3953488372093
train,Beethoven/Piano_Sonatas/24-1_no_2_repeat/midi_score.mid,pedal_changes,gradual,cnn,31,1,5,94,63,7,0.5565017478380206,0.7459904475514554,0.27324007498153524,-30.882898764416346,-33.23686398360515,61.08947828514347,71.42857142857143
train,Beethoven/Piano_Sonatas/24-1_no_2_repeat/midi_score.mid,pedal_changes,gradual,visible_mean,31,1,5,94,63,7,0.4251905734756839,0.6520663873223983,0.20507843461037745,0.0,0.0,0.0,0.0
train,Beethoven/Piano_Sonatas/24-1_no_2_repeat/midi_score.mid,pedal_changes,gradual,linear_interpolation,31,1,5,94,63,7,0.4506816779495846,0.6713282937204305,0.2043785595790106,-5.99521862997241,0.3412718810227533,64.09937816133419,100.0
train,Beethoven/Piano_Sonatas/24-1_no_2_repeat/midi_score.mid,pedal_changes,mixed,cnn,55,1,5,226,171,97,0.8137921003276583,0.902104262448448,1.073446053641155,2.125941204482773,-2.5279081455850116,26.591941664885294,52.577319587628864
train,Beethoven/Piano_Sonatas/24-1_no_2_repeat/midi_score.mid,pedal_changes,mixed,visible_mean,55,1,5,226,171,97,0.8314686346336861,0.911849019648366,1.0469793766950848,0.0,0.0,0.0,0.0
train,Beethoven/Piano_Sonatas/24-1_no_2_repeat/midi_score.mid,pedal_changes,mixed,linear_interpolation,55,1,5,226,171,97,0.8633408877419583,0.929161389502361,1.0337305655139755,-3.833247795608541,1.2654319154719929,18.084939742022048,22.68041237113402
train,Beethoven/Piano_Sonatas/24-1_no_2_repeat/midi_score.mid,pedal_changes,small,cnn,63,1,5,194,131,0,0.11233881236059015,0.33516982614876023,0.06464299545038395,-92.88270645082493,,,
train,Beethoven/Piano_Sonatas/24-1_no_2_repeat/midi_score.mid,pedal_changes,small,visible_mean,63,1,5,194,131,0,0.05824203446109914,0.2413338651352088,0.0,0.0,,,
train,Beethoven/Piano_Sonatas/24-1_no_2_repeat/midi_score.mid,pedal_changes,small,linear_interpolation,63,1,5,194,131,0,0.0,0.0,0.0,100.0,,,
train,Beethoven/Piano_Sonatas/24-1_no_2_repeat/midi_score.mid,pedal_depth,abrupt,cnn,75,1,5,296,221,216,1.1768042631316198,1.0848060947153735,2.156147892147267,6.598156247962239,5.150147712412334,15.432463095395882,55.55555555555556
train,Beethoven/Piano_Sonatas/24-1_no_2_repeat/midi_score.mid,pedal_depth,abrupt,visible_mean,75,1,5,296,221,216,1.25993686618841,1.1224690936450812,2.2732221929136593,0.0,0.0,0.0,0.0
train,Beethoven/Piano_Sonatas/24-1_no_2_repeat/midi_score.mid,pedal_depth,abrupt,linear_interpolation,75,1,5,296,221,216,1.573525784979046,1.2544025609743652,2.385278333960502,-24.889256533885895,-4.929396756557991,20.887563650814396,47.68518518518518
train,Beethoven/Piano_Sonatas/24-1_no_2_repeat/midi_score.mid,pedal_depth,gradual,cnn,20,1,5,42,22,22,0.4795468558940619,0.6924932172188129,0.3625105531781564,-26.571198250595618,-33.78843313134823,31.161880431850708,50.0
train,Beethoven/Piano_Sonatas/24-1_no_2_repeat/midi_score.mid,pedal_depth,gradual,visible_mean,20,1,5,42,22,22,0.37887518054827707,0.6155283750959635,0.27095806766961517,0.0,0.0,0.0,0.0
train,Beethoven/Piano_Sonatas/24-1_no_2_repeat/midi_score.mid,pedal_depth,gradual,linear_interpolation,20,1,5,42,22,22,0.17219210096615545,0.4149603607167261,0.16054058320461495,54.55176010289902,40.750764653235784,60.492717054021625,81.81818181818181
train,Beethoven/Piano_Sonatas/24-1_no_2_repeat/midi_score.mid,pedal_depth,mixed,cnn,106,1,5,411,305,279,0.6021628116017387,0.77599150227418,0.6356225787796903,-5.118483384483219,-5.213076302029407,26.671514753414993,50.53763440860215
train,Beethoven/Piano_Sonatas/24-1_no_2_repeat/midi_score.mid,pedal_depth,mixed,visible_mean,106,1,5,411,305,279,0.5728419895474114,0.7568632568353489,0.6041288793372446,0.0,0.0,0.0,0.0
train,Beethoven/Piano_Sonatas/24-1_no_2_repeat/midi_score.mid,pedal_depth,mixed,linear_interpolation,106,1,5,411,305,279,0.5042056270474581,0.7100743813485022,0.6048005739369673,11.981726855285391,-0.11118399114764532,18.97749276118505,46.95340501792115
train,Beethoven/Piano_Sonatas/24-1_no_2_repeat/midi_score.mid,pedal_depth,small,cnn,38,1,5,112,74,43,0.18574860160140597,0.4309856164669605,0.05595771385908679,1.511895800703189,-108.74749978881759,109.29714869460201,55.81395348837209
train,Beethoven/Piano_Sonatas/24-1_no_2_repeat/midi_score.mid,pedal_depth,small,visible_mean,38,1,5,112,74,43,0.18860003765077263,0.4342810583605652,0.02680641153340625,0.0,0.0,0.0,0.0
train,Beethoven/Piano_Sonatas/24-1_no_2_repeat/midi_score.mid,pedal_depth,small,linear_interpolation,38,1,5,112,74,43,0.02686681220294199,0.16391098865830195,0.025995190036417322,85.75460931100618,3.026221902092263,26.462908055322735,46.51162790697674
train,Beethoven/Piano_Sonatas/24-1_no_2_repeat/midi_score.mid,pedal_down_ratio,abrupt,cnn,87,1,5,330,243,212,1.6727753345111127,1.2933581617290366,2.8329698754769517,0.8918572818267245,4.3931202810988275,14.931383868915058,58.0188679245283
train,Beethoven/Piano_Sonatas/24-1_no_2_repeat/midi_score.mid,pedal_down_ratio,abrupt,visible_mean,87,1,5,330,243,212,1.6878283545963162,1.2991644832723515,2.96314437183424,0.0,0.0,0.0,0.0
train,Beethoven/Piano_Sonatas/24-1_no_2_repeat/midi_score.mid,pedal_down_ratio,abrupt,linear_interpolation,87,1,5,330,243,212,2.4192170241892414,1.5553832402945718,3.146302093038232,-43.33311901066232,-6.181194643938803,21.548977696984522,44.81132075471698
train,Beethoven/Piano_Sonatas/24-1_no_2_repeat/midi_score.mid,pedal_down_ratio,gradual,cnn,18,1,5,42,24,8,0.3101720292958393,0.5569309017246568,0.23202314421521386,1.5665752131200916,-5.766052897476559,39.0335543684818,50.0
train,Beethoven/Piano_Sonatas/24-1_no_2_repeat/midi_score.mid,pedal_down_ratio,gradual,visible_mean,18,1,5,42,24,8,0.315108440011509,0.5613452057437642,0.21937392751162185,0.0,0.0,0.0,0.0
train,Beethoven/Piano_Sonatas/24-1_no_2_repeat/midi_score.mid,pedal_down_ratio,gradual,linear_interpolation,18,1,5,42,24,8,0.22812897265937201,0.4776284881153678,0.12740108676549156,27.603026865595904,41.92514661582006,54.854578401071954,100.0
train,Beethoven/Piano_Sonatas/24-1_no_2_repeat/midi_score.mid,pedal_down_ratio,mixed,cnn,80,1,5,319,239,205,0.5119612206296964,0.7155146543780193,0.5625228387011622,4.1745127483476026,-10.52186920876026,29.484575561119286,45.853658536585364
train,Beethoven/Piano_Sonatas/24-1_no_2_repeat/midi_score.mid,pedal_down_ratio,mixed,visible_mean,80,1,5,319,239,205,0.5342641454931587,0.7309337490451229,0.5089697113596908,0.0,0.0,0.0,0.0
train,Beethoven/Piano_Sonatas/24-1_no_2_repeat/midi_score.mid,pedal_down_ratio,mixed,linear_interpolation,80,1,5,319,239,205,0.6043670732673314,0.777410492125834,0.49906111422402977,-13.121398537695871,1.946795047821348,25.51728546727936,39.02439024390244
train,Beethoven/Piano_Sonatas/24-1_no_2_repeat/midi_score.mid,pedal_down_ratio,small,cnn,54,1,5,170,116,58,0.12671841352744292,0.3559752990411595,0.05124303028822245,13.351994622388863,-264.71776349132415,166.74603273384002,50.0
train,Beethoven/Piano_Sonatas/24-1_no_2_repeat/midi_score.mid,pedal_down_ratio,small,visible_mean,54,1,5,170,116,58,0.14624504392825358,0.38241998369365265,0.014050050591912399,0.0,0.0,0.0,0.0
train,Beethoven/Piano_Sonatas/24-1_no_2_repeat/midi_score.mid,pedal_down_ratio,small,linear_interpolation,54,1,5,170,116,58,0.009375046584598897,0.09682482421672087,0.014787745352934497,93.58949449993108,-5.250477613559168,26.10789743585241,36.206896551724135
train,Beethoven/Piano_Sonatas/24-1_no_2_repeat/midi_score.mid,rubato,abrupt,cnn,89,1,5,351,262,245,4.569807426544982,2.1377107911373283,7.644270346089365,10.429640289597831,2.683722861961191,15.968852429249944,53.46938775510204
train,Beethoven/Piano_Sonatas/24-1_no_2_repeat/midi_score.mid,rubato,abrupt,visible_mean,89,1,5,351,262,245,5.101919252440238,2.2587428477895037,7.855078894198046,0.0,0.0,0.0,0.0
train,Beethoven/Piano_Sonatas/24-1_no_2_repeat/midi_score.mid,rubato,abrupt,linear_interpolation,89,1,5,351,262,245,6.840998370511689,2.6155302274131125,7.877078834345095,-34.08676288319641,-0.2800728094952465,27.08882255760614,47.755102040816325
train,Beethoven/Piano_Sonatas/24-1_no_2_repeat/midi_score.mid,rubato,gradual,cnn,14,1,5,26,12,7,0.41326203091861163,0.6428545954713334,0.6651959670191129,16.176307262630896,8.036346936364547,49.366312538980964,85.71428571428571
train,Beethoven/Piano_Sonatas/24-1_no_2_repeat/midi_score.mid,rubato,gradual,visible_mean,14,1,5,26,12,7,0.4930133920649584,0.7021491238084389,0.7233248624419278,0.0,0.0,0.0,0.0
train,Beethoven/Piano_Sonatas/24-1_no_2_repeat/midi_score.mid,rubato,gradual,linear_interpolation,14,1,5,26,12,7,0.7137712656727809,0.8448498480042361,0.5106346978790656,-44.777256999691375,29.404514569681073,77.53521158780731,85.71428571428571
train,Beethoven/Piano_Sonatas/24-1_no_2_repeat/midi_score.mid,rubato,mixed,cnn,88,1,5,349,261,254,1.085833568966138,1.0420333818866543,1.6049614207294511,21.62045599182083,-6.1542229330509235,29.180816841802955,50.0
train,Beethoven/Piano_Sonatas/24-1_no_2_repeat/midi_score.mid,rubato,mixed,visible_mean,88,1,5,349,261,254,1.3853532611172472,1.1770103062918553,1.511914812603983,0.0,0.0,0.0,0.0
train,Beethoven/Piano_Sonatas/24-1_no_2_repeat/midi_score.mid,rubato,mixed,linear_interpolation,88,1,5,349,261,254,1.285335043852696,1.133726176751995,1.5595141567926514,7.219690462480988,-3.1482821513394432,23.44680764424675,46.45669291338583
train,Beethoven/Piano_Sonatas/24-1_no_2_repeat/midi_score.mid,rubato,small,cnn,48,1,5,135,87,65,0.3680042098233622,0.6066335053583524,0.2979365467032302,29.960874067551615,-10.238834179248869,66.82236552820417,60.0
train,Beethoven/Piano_Sonatas/24-1_no_2_repeat/midi_score.mid,rubato,small,visible_mean,48,1,5,135,87,65,0.5254266168002958,0.7248631710883757,0.27026460223516513,0.0,0.0,0.0,0.0
train,Beethoven/Piano_Sonatas/24-1_no_2_repeat/midi_score.mid,rubato,small,linear_interpolation,48,1,5,135,87,65,0.2661236433918742,0.5158717315301103,0.2685943909153061,49.35093981106357,0.617991148691277,24.4031052703123,47.69230769230769
train,Beethoven/Piano_Sonatas/24-1_no_2_repeat/midi_score.mid,tempo,abrupt,cnn,109,1,5,430,321,307,3.3479934249843586,1.8297522851425432,5.268739232929834,10.997193547732397,1.5386805756009814,15.82105329316793,50.1628664495114
train,Beethoven/Piano_Sonatas/24-1_no_2_repeat/midi_score.mid,tempo,abrupt,visible_mean,109,1,5,430,321,307,3.761671747710444,1.9395029640891102,5.351075187424539,0.0,0.0,0.0,0.0
train,Beethoven/Piano_Sonatas/24-1_no_2_repeat/midi_score.mid,tempo,abrupt,linear_interpolation,109,1,5,430,321,307,4.981546711718654,2.2319378825851435,5.376539911805823,-32.42906467717954,-0.475880519136207,27.888311781500203,45.928338762214985
train,Beethoven/Piano_Sonatas/24-1_no_2_repeat/midi_score.mid,tempo,gradual,cnn,18,1,5,30,12,7,0.39106682537154297,0.6253533604063729,0.7095175538248802,23.1838529826204,-19.000066639089376,33.74492095825394,71.42857142857143
train,Beethoven/Piano_Sonatas/24-1_no_2_repeat/midi_score.mid,tempo,gradual,visible_mean,18,1,5,30,12,7,0.5090945596152647,0.7135086261673819,0.5962329046224387,0.0,0.0,0.0,0.0
train,Beethoven/Piano_Sonatas/24-1_no_2_repeat/midi_score.mid,tempo,gradual,linear_interpolation,18,1,5,30,12,7,0.369588622163142,0.6079380084870019,0.3658823295433773,27.402755503329445,38.63432784289718,77.32794873585118,100.0
train,Beethoven/Piano_Sonatas/24-1_no_2_repeat/midi_score.mid,tempo,mixed,cnn,83,1,5,324,241,221,0.7981280261772934,0.8933801129291459,1.039266009699451,25.351812958173603,-2.921359795868783,32.86445513884801,49.321266968325794
train,Beethoven/Piano_Sonatas/24-1_no_2_repeat/midi_score.mid,tempo,mixed,visible_mean,83,1,5,324,241,221,1.069186081813469,1.0340145462291472,1.0097670801869514,0.0,0.0,0.0,0.0
train,Beethoven/Piano_Sonatas/24-1_no_2_repeat/midi_score.mid,tempo,mixed,linear_interpolation,83,1,5,324,241,221,0.822659739697263,0.9070059204312081,1.007947575144052,23.05738414571087,0.18019056855789195,23.693623243586828,48.86877828054298
train,Beethoven/Piano_Sonatas/24-1_no_2_repeat/midi_score.mid,tempo,small,cnn,29,1,5,77,48,42,0.24604264306516946,0.49602685720147194,0.235384228430601,34.212520398431,-1.38925589238581,52.9452861372181,42.857142857142854
train,Beethoven/Piano_Sonatas/24-1_no_2_repeat/midi_score.mid,tempo,small,visible_mean,29,1,5,77,48,42,0.37399615330346453,0.6115522490380233,0.23215894658546163,0.0,0.0,0.0,0.0
train,Beethoven/Piano_Sonatas/24-1_no_2_repeat/midi_score.mid,tempo,small,linear_interpolation,29,1,5,77,48,42,0.214150632086991,0.462764121434442,0.2335676963109099,42.73988376740686,-0.6068039789841606,25.30800592369513,45.23809523809524
train,Beethoven/Piano_Sonatas/26-1/midi_score.mid,articulation,abrupt,cnn,143,1,7,563,420,417,3.2048151243155143,1.7901997442507678,6.615255827454199,-1.0427574111145255,1.0944493519631449,9.491023187723846,55.15587529976019
train,Beethoven/Piano_Sonatas/26-1/midi_score.mid,articulation,abrupt,visible_mean,143,1,7,563,420,417,3.1717415541977183,1.7809383914660604,6.688457608405725,0.0,0.0,0.0,0.0
train,Beethoven/Piano_Sonatas/26-1/midi_score.mid,articulation,abrupt,linear_interpolation,143,1,7,563,420,417,4.712401772447469,2.17080671006137,6.970012619224431,-48.57458251006381,-4.209565602462106,17.14380755434305,45.32374100719424
train,Beethoven/Piano_Sonatas/26-1/midi_score.mid,articulation,gradual,cnn,20,1,6,46,26,25,0.7576647521037237,0.8704394017412836,0.6354013849571172,-18.466397772822972,-24.16250282756467,41.12873265949978,40.0
train,Beethoven/Piano_Sonatas/26-1/midi_score.mid,articulation,gradual,visible_mean,20,1,6,46,26,25,0.6395608935089419,0.7997255113530779,0.5117498201848868,0.0,0.0,0.0,0.0
train,Beethoven/Piano_Sonatas/26-1/midi_score.mid,articulation,gradual,linear_interpolation,20,1,6,46,26,25,0.806757626874317,0.8981968753421028,0.39235760501736167,-26.142426008577946,23.330191913773547,105.23800690736958,84.0
train,Beethoven/Piano_Sonatas/26-1/midi_score.mid,articulation,mixed,cnn,229,1,7,924,695,684,0.9631681727977187,0.9814113168278216,1.4814499838075077,6.045866977185865,-3.686571316296061,17.949820995934274,50.73099415204678
train,Beethoven/Piano_Sonatas/26-1/midi_score.mid,articulation,mixed,visible_mean,229,1,7,924,695,684,1.0251472093982712,1.0124955354954763,1.4287770971694511,0.0,0.0,0.0,0.0
train,Beethoven/Piano_Sonatas/26-1/midi_score.mid,articulation,mixed,linear_interpolation,229,1,7,924,695,684,1.3374871305949896,1.1564977866796762,1.441506123422638,-30.46781167946133,-0.8909035761004658,23.366874606083627,50.73099415204678
train,Beethoven/Piano_Sonatas/26-1/midi_score.mid,articulation,small,cnn,121,1,7,341,220,212,0.32443917531964805,0.5695956243859744,0.43774706734665086,14.63593450670755,-12.717376006767523,36.200516413576075,50.0
train,Beethoven/Piano_Sonatas/26-1/midi_score.mid,articulation,small,visible_mean,121,1,7,341,220,212,0.38006528091746183,0.6164943478390227,0.38835810666881443,0.0,0.0,0.0,0.0
train,Beethoven/Piano_Sonatas/26-1/midi_score.mid,articulation,small,linear_interpolation,121,1,7,341,220,212,0.3112783109298343,0.5579232123956076,0.4103518636421026,18.098724993132397,-5.66326712269305,22.29352025832778,46.22641509433962
train,Beethoven/Piano_Sonatas/26-1/midi_score.mid,dynamics,abrupt,cnn,166,1,7,659,493,485,1.8493573989073904,1.35991080549696,3.0436574384696033,8.910127088280827,1.7754294843269403,11.393728822859863,54.22680412371134
train,Beethoven/Piano_Sonatas/26-1/midi_score.mid,dynamics,abrupt,visible_mean,166,1,7,659,493,485,2.0302557680585602,1.424870439042989,3.098672177939375,0.0,0.0,0.0,0.0
train,Beethoven/Piano_Sonatas/26-1/midi_score.mid,dynamics,abrupt,linear_interpolation,166,1,7,659,493,485,2.809595926410963,1.6761849320438849,3.1513027804265357,-38.38630435699486,-1.6984888837824785,22.08456885156746,49.69072164948454
train,Beethoven/Piano_Sonatas/26-1/midi_score.mid,dynamics,gradual,cnn,27,1,7,76,49,42,0.48812349834535707,0.6986583559547235,0.42163985161479073,42.54625154880836,13.170054571633072,28.202795409881126,64.28571428571429
train,Beethoven/Piano_Sonatas/26-1/midi_score.mid,dynamics,gradual,visible_mean,27,1,7,76,49,42,0.8495938237346339,0.9217341393995526,0.4855926714391819,0.0,0.0,0.0,0.0
train,Beethoven/Piano_Sonatas/26-1/midi_score.mid,dynamics,gradual,linear_interpolation,27,1,7,76,49,42,0.38915635445643215,0.6238239771413344,0.3020146386560124,54.19501135898287,37.804943027473534,76.66307015219525,76.19047619047619
train,Beethoven/Piano_Sonatas/26-1/midi_score.mid,dynamics,mixed,cnn,212,1,7,854,642,623,0.8570739922138892,0.9257829077131902,0.8739348629188299,29.268962060299096,1.8331666402835123,19.451275184004388,55.056179775280896
train,Beethoven/Piano_Sonatas/26-1/midi_score.mid,dynamics,mixed,visible_mean,212,1,7,854,642,623,1.2117367667424244,1.1007891563521255,0.8902547153746285,0.0,0.0,0.0,0.0
train,Beethoven/Piano_Sonatas/26-1/midi_score.mid,dynamics,mixed,linear_interpolation,212,1,7,854,642,623,0.953612595442428,0.9765308983552072,0.8683422263392608,21.302000433140698,2.4613729820174735,25.002954852450642,54.73515248796148
train,Beethoven/Piano_Sonatas/26-1/midi_score.mid,dynamics,small,cnn,108,1,7,285,177,162,0.344604730565619,0.5870304341050974,0.3146687582409662,46.83865634215725,-3.465508426100339,32.91119473181164,54.32098765432099
train,Beethoven/Piano_Sonatas/26-1/midi_score.mid,dynamics,small,visible_mean,108,1,7,285,177,162,0.6482242675873006,0.8051237591745138,0.3041291373595449,0.0,0.0,0.0,0.0
train,Beethoven/Piano_Sonatas/26-1/midi_score.mid,dynamics,small,linear_interpolation,108,1,7,285,177,162,0.2522661907615427,0.5022610782865249,0.3153297235884682,61.08350097714161,-3.682838917101816,22.67441024653895,45.06172839506173
train,Beethoven/Piano_Sonatas/26-1/midi_score.mid,pedal_changes,abrupt,cnn,158,1,7,606,448,309,2.3668714697021316,1.5384639968819978,5.118029265916209,2.131147228932795,3.4568212369486817,8.962520361089405,61.16504854368932
train,Beethoven/Piano_Sonatas/26-1/midi_score.mid,pedal_changes,abrupt,visible_mean,158,1,7,606,448,309,2.418411376741759,1.5551242319318925,5.301285219204906,0.0,0.0,0.0,0.0
train,Beethoven/Piano_Sonatas/26-1/midi_score.mid,pedal_changes,abrupt,linear_interpolation,158,1,7,606,448,309,3.7596865843404768,1.9389911253898189,5.6035566657005225,-55.46100305754314,-5.701852173517863,18.59255977761313,23.624595469255663
train,Beethoven/Piano_Sonatas/26-1/midi_score.mid,pedal_changes,gradual,cnn,68,1,7,232,164,11,0.30461518370803325,0.5519195445968853,0.2199598542707195,-9.105101319165598,-15.850353086513259,46.83120792624186,63.63636363636363
train,Beethoven/Piano_Sonatas/26-1/midi_score.mid,pedal_changes,gradual,visible_mean,68,1,7,232,164,11,0.27919426316918144,0.52838836396081,0.18986550183965403,0.0,0.0,0.0,0.0
train,Beethoven/Piano_Sonatas/26-1/midi_score.mid,pedal_changes,gradual,linear_interpolation,68,1,7,232,164,11,0.7309502784839826,0.8549563020903365,0.24435280856856328,-161.80705512600514,-28.697844632631096,84.51338100276432,100.0
train,Beethoven/Piano_Sonatas/26-1/midi_score.mid,pedal_changes,mixed,cnn,167,1,7,667,500,275,0.8689505673067607,0.9321751805893357,1.5299369103693694,5.2460715086792735,1.7316625777367922,17.98873205849814,54.54545454545455
train,Beethoven/Piano_Sonatas/26-1/midi_score.mid,pedal_changes,mixed,visible_mean,167,1,7,667,500,275,0.9170602012415293,0.9576326024324409,1.556897115085163,0.0,0.0,0.0,0.0
train,Beethoven/Piano_Sonatas/26-1/midi_score.mid,pedal_changes,mixed,linear_interpolation,167,1,7,667,500,275,1.1713026502007142,1.082267365395776,1.6006645150310133,-27.72363783915035,-2.8111941066482293,16.101040942125977,19.636363636363637
train,Beethoven/Piano_Sonatas/26-1/midi_score.mid,pedal_changes,small,cnn,120,1,7,369,249,0,0.07178283517531749,0.26792318894660366,0.03386348088140824,-28.316996379301294,,,
train,Beethoven/Piano_Sonatas/26-1/midi_score.mid,pedal_changes,small,visible_mean,120,1,7,369,249,0,0.05594179820351274,0.23652018561533547,0.0,0.0,,,
train,Beethoven/Piano_Sonatas/26-1/midi_score.mid,pedal_changes,small,linear_interpolation,120,1,7,369,249,0,0.0,0.0,0.0,100.0,,,
train,Beethoven/Piano_Sonatas/26-1/midi_score.mid,pedal_depth,abrupt,cnn,139,1,7,548,409,393,1.3831719058387533,1.1760832903492648,2.062714607495441,4.7833237064131335,2.1276676095137503,11.144872294573258,57.50636132315522
train,Beethoven/Piano_Sonatas/26-1/midi_score.mid,pedal_depth,abrupt,visible_mean,139,1,7,548,409,393,1.4526572021627204,1.2052622960014638,2.1075564024220075,0.0,0.0,0.0,0.0
train,Beethoven/Piano_Sonatas/26-1/midi_score.mid,pedal_depth,abrupt,linear_interpolation,139,1,7,548,409,393,1.953820254092741,1.3977912054712396,2.1674855923585015,-34.49974647727541,-2.843539080027613,20.60761687277902,47.32824427480916
train,Beethoven/Piano_Sonatas/26-1/midi_score.mid,pedal_depth,gradual,cnn,46,1,7,134,88,54,0.2672015961191306,0.5169154632230792,0.2493445457024116,18.801986947589555,-10.447789410695973,31.58055648724712,55.55555555555556
train,Beethoven/Piano_Sonatas/26-1/midi_score.mid,pedal_depth,gradual,visible_mean,46,1,7,134,88,54,0.3290740574485011,0.5736497689779898,0.22575784181178424,0.0,0.0,0.0,0.0
train,Beethoven/Piano_Sonatas/26-1/midi_score.mid,pedal_depth,gradual,linear_interpolation,46,1,7,134,88,54,0.28786954158082845,0.5365347533765435,0.1320590666290473,12.521350417943843,41.50410653768307,72.72269925756177,90.74074074074075
train,Beethoven/Piano_Sonatas/26-1/midi_score.mid,pedal_depth,mixed,cnn,256,1,7,1003,747,703,0.5012187338032743,0.7079680316252099,0.5250685228334767,10.994410790927,-1.1804356723293274,25.107038710644396,52.91607396870555
train,Beethoven/Piano_Sonatas/26-1/midi_score.mid,pedal_depth,mixed,visible_mean,256,1,7,1003,747,703,0.5631317519014652,0.7504210497457179,0.5189427376394187,0.0,0.0,0.0,0.0
train,Beethoven/Piano_Sonatas/26-1/midi_score.mid,pedal_depth,mixed,linear_interpolation,256,1,7,1003,747,703,0.5295556122395872,0.7277057181578191,0.513598828257491,5.962395043167989,1.0297686034178133,22.576858019562394,50.355618776671406
train,Beethoven/Piano_Sonatas/26-1/midi_score.mid,pedal_depth,small,cnn,72,1,7,189,117,68,0.1466723545715415,0.38297826905914845,0.048350589063644346,27.73245258191599,-35.81515098966883,75.33374831202632,51.470588235294116
train,Beethoven/Piano_Sonatas/26-1/midi_score.mid,pedal_depth,small,visible_mean,72,1,7,189,117,68,0.2029574266897546,0.450507965179035,0.0356002910657017,0.0,0.0,0.0,0.0
train,Beethoven/Piano_Sonatas/26-1/midi_score.mid,pedal_depth,small,linear_interpolation,72,1,7,189,117,68,0.039896029185087035,0.19973990383768345,0.03665161052070908,80.3426611010037,-2.9531203918168325,27.630729386204138,39.705882352941174
train,Beethoven/Piano_Sonatas/26-1/midi_score.mid,pedal_down_ratio,abrupt,cnn,155,1,7,633,478,408,1.530275887105585,1.2370432034110954,2.206956042703101,7.47308064057528,3.301845773310441,11.99693858927919,53.92156862745098
train,Beethoven/Piano_Sonatas/26-1/midi_score.mid,pedal_down_ratio,abrupt,visible_mean,155,1,7,633,478,408,1.653871000677288,1.2860291601193528,2.282314549178811,0.0,0.0,0.0,0.0
train,Beethoven/Piano_Sonatas/26-1/midi_score.mid,pedal_down_ratio,abrupt,linear_interpolation,155,1,7,633,478,408,1.9405086281586879,1.393021402620465,2.2929537415409387,-17.33131709571163,-0.4661580221690276,20.448402270430737,42.15686274509804
train,Beethoven/Piano_Sonatas/26-1/midi_score.mid,pedal_down_ratio,gradual,cnn,50,1,7,137,87,37,0.28173202570691047,0.5307843495308716,0.20407862510149033,7.46987930289198,-8.781476919223042,33.081775307716974,43.24324324324324
train,Beethoven/Piano_Sonatas/26-1/midi_score.mid,pedal_down_ratio,gradual,visible_mean,50,1,7,137,87,37,0.3044760166574773,0.551793454706992,0.18760420512862802,0.0,0.0,0.0,0.0
train,Beethoven/Piano_Sonatas/26-1/midi_score.mid,pedal_down_ratio,gradual,linear_interpolation,50,1,7,137,87,37,0.4344176004372823,0.6591036340646912,0.140673123193178,-42.67711631487343,25.016007452110365,84.18727010717348,75.67567567567568
train,Beethoven/Piano_Sonatas/26-1/midi_score.mid,pedal_down_ratio,mixed,cnn,212,1,7,817,605,505,0.4113009729607801,0.6413275083456035,0.6240537451287995,9.097596518236328,-3.7952704257721903,23.23901504749078,52.277227722772274
train,Beethoven/Piano_Sonatas/26-1/midi_score.mid,pedal_down_ratio,mixed,visible_mean,212,1,7,817,605,505,0.45246435430422144,0.6726547065948631,0.601235241807172,0.0,0.0,0.0,0.0
train,Beethoven/Piano_Sonatas/26-1/midi_score.mid,pedal_down_ratio,mixed,linear_interpolation,212,1,7,817,605,505,0.49477102000565115,0.7033996161540402,0.6043783179686258,-9.350275949690424,-0.5227697817590471,19.37372040454087,44.75247524752475
train,Beethoven/Piano_Sonatas/26-1/midi_score.mid,pedal_down_ratio,small,cnn,96,1,7,287,191,50,0.07430862649927687,0.2725960867277388,0.037810504662756476,42.17129458225345,-155.81209450774588,132.9589135833853,52.0
train,Beethoven/Piano_Sonatas/26-1/midi_score.mid,pedal_down_ratio,small,visible_mean,96,1,7,287,191,50,0.12849782121609268,0.3584659275525258,0.014780577413868755,0.0,0.0,0.0,0.0
train,Beethoven/Piano_Sonatas/26-1/midi_score.mid,pedal_down_ratio,small,linear_interpolation,96,1,7,287,191,50,0.010329886558679518,0.10163604950350795,0.01590278970081746,91.96104147065037,-7.592479343166403,21.002882756153774,28.0
train,Beethoven/Piano_Sonatas/26-1/midi_score.mid,rubato,abrupt,cnn,150,1,7,588,438,425,4.142564766311644,2.035329154292161,7.278739869976312,8.344151301908164,6.837446873378705,11.632232311839976,59.76470588235294
train,Beethoven/Piano_Sonatas/26-1/midi_score.mid,rubato,abrupt,visible_mean,150,1,7,588,438,425,4.519694951444912,2.125957419951047,7.81294589477755,0.0,0.0,0.0,0.0
train,Beethoven/Piano_Sonatas/26-1/midi_score.mid,rubato,abrupt,linear_interpolation,150,1,7,588,438,425,5.608994466660644,2.368331578698524,7.907205173222485,-24.101173351699146,-1.2064499065319367,15.299846800252148,49.411764705882355
train,Beethoven/Piano_Sonatas/26-1/midi_score.mid,rubato,gradual,cnn,16,1,6,47,31,30,0.4069731758725815,0.6379444927833311,0.5217002705153561,38.135596043104556,-30.835752799041273,56.249506575894785,50.0
train,Beethoven/Piano_Sonatas/26-1/midi_score.mid,rubato,gradual,visible_mean,16,1,6,47,31,30,0.6578470814268955,0.8110777283509242,0.39874442524641396,0.0,0.0,0.0,0.0
train,Beethoven/Piano_Sonatas/26-1/midi_score.mid,rubato,gradual,linear_interpolation,16,1,6,47,31,30,0.706707393732978,0.8406589045106094,0.3055100395937451,-7.427305476540624,23.38199100716013,89.71688075411892,73.33333333333333
train,Beethoven/Piano_Sonatas/26-1/midi_score.mid,rubato,mixed,cnn,255,1,7,991,736,724,0.8461039082122369,0.9198390664742594,1.5027922897031416,10.569443985589977,0.7430572377211786,24.734509630771516,55.93922651933702
train,Beethoven/Piano_Sonatas/26-1/midi_score.mid,rubato,mixed,visible_mean,255,1,7,991,736,724,0.9461015853193437,0.9726775340879134,1.5140424920222872,0.0,0.0,0.0,0.0
train,Beethoven/Piano_Sonatas/26-1/midi_score.mid,rubato,mixed,linear_interpolation,255,1,7,991,736,724,1.3047362909287072,1.1422505377230983,1.59414632159084,-37.90657485140048,-5.290725325783896,22.629291801584696,48.61878453038674
train,Beethoven/Piano_Sonatas/26-1/midi_score.mid,rubato,small,cnn,92,1,7,248,156,149,0.3209265052229509,0.5665037557006581,0.4731158999925466,32.21668790199719,-15.466269328611748,40.49929090586245,46.97986577181208
train,Beethoven/Piano_Sonatas/26-1/midi_score.mid,rubato,small,visible_mean,92,1,7,248,156,149,0.4734594626461264,0.6880839066902571,0.40974381760449907,0.0,0.0,0.0,0.0
train,Beethoven/Piano_Sonatas/26-1/midi_score.mid,rubato,small,linear_interpolation,92,1,7,248,156,149,0.28338482282327354,0.5323390111792236,0.4141555148633581,40.145916349531,-1.0766964794371559,19.39893448116774,46.97986577181208
train,Beethoven/Piano_Sonatas/26-1/midi_score.mid,tempo,abrupt,cnn,206,1,7,798,592,578,3.1255519783774974,1.767923069134372,5.480343483837768,7.663691398765737,6.34490760839318,10.999958358886499,59.86159169550173
train,Beethoven/Piano_Sonatas/26-1/midi_score.mid,tempo,abrupt,visible_mean,206,1,7,798,592,578,3.384965270677626,1.8398275111209816,5.85162359449971,0.0,0.0,0.0,0.0
train,Beethoven/Piano_Sonatas/26-1/midi_score.mid,tempo,abrupt,linear_interpolation,206,1,7,798,592,578,4.301992913869279,2.074124613871905,5.9764024979689925,-27.091197984671677,-2.132380893169028,16.65845498772174,47.40484429065744
train,Beethoven/Piano_Sonatas/26-1/midi_score.mid,tempo,gradual,cnn,18,1,7,44,26,24,0.31302450366807405,0.559485928034007,0.336428719585986,20.031277042768792,-25.835496259860836,47.03485966824986,58.333333333333336
train,Beethoven/Piano_Sonatas/26-1/midi_score.mid,tempo,gradual,visible_mean,18,1,7,44,26,24,0.39143366567887483,0.6256465980718466,0.2673559763226368,0.0,0.0,0.0,0.0
train,Beethoven/Piano_Sonatas/26-1/midi_score.mid,tempo,gradual,linear_interpolation,18,1,7,44,26,24,0.44640766630514095,0.6681374606360139,0.2458069007002817,-14.04426993547505,8.060068796199404,104.95533474634983,66.66666666666667
train,Beethoven/Piano_Sonatas/26-1/midi_score.mid,tempo,mixed,cnn,224,1,7,864,640,629,0.6518835870678747,0.8073930808892746,1.1098262487778208,14.702201276493776,4.022991286308408,23.619312651048123,54.848966613672495
train,Beethoven/Piano_Sonatas/26-1/midi_score.mid,tempo,mixed,visible_mean,224,1,7,864,640,629,0.7642443261413612,0.8742106875012231,1.1563459454008786,0.0,0.0,0.0,0.0
train,Beethoven/Piano_Sonatas/26-1/midi_score.mid,tempo,mixed,linear_interpolation,224,1,7,864,640,629,0.9706044947090854,0.9851926180748034,1.184829771710416,-27.001858111217956,-2.4632616582282996,21.76610148195441,49.60254372019078
train,Beethoven/Piano_Sonatas/26-1/midi_score.mid,tempo,small,cnn,65,1,7,168,103,95,0.2748170067355182,0.5242299178180487,0.2834636731507296,31.383638681981118,-11.56786340471594,46.845593897632945,47.36842105263158
train,Beethoven/Piano_Sonatas/26-1/midi_score.mid,tempo,small,visible_mean,65,1,7,168,103,95,0.4005123580683815,0.6328604570269669,0.25407287053840605,0.0,0.0,0.0,0.0
train,Beethoven/Piano_Sonatas/26-1/midi_score.mid,tempo,small,linear_interpolation,65,1,7,168,103,95,0.1709861935209704,0.4135047684380077,0.25681220405337946,57.308135422933184,-1.0781684440249295,24.096467832572074,50.526315789473685
train,Beethoven/Piano_Sonatas/26-2/midi_score.mid,articulation,abrupt,cnn,8,1,4,29,21,21,4.607107368852449,2.146417333337683,5.926502356947793,6.391552846349036,8.078142716170866,9.983856338491464,66.66666666666667
train,Beethoven/Piano_Sonatas/26-2/midi_score.mid,articulation,abrupt,visible_mean,8,1,4,29,21,21,4.921679088736769,2.218485764826263,6.447326601167775,0.0,0.0,0.0,0.0
train,Beethoven/Piano_Sonatas/26-2/midi_score.mid,articulation,abrupt,linear_interpolation,8,1,4,29,21,21,4.503925193745201,2.1222453189358674,6.794521321999029,8.48803604338193,-5.385095905772297,23.71233702979735,47.61904761904762
train,Beethoven/Piano_Sonatas/26-2/midi_score.mid,articulation,gradual,cnn,2,1,2,2,0,0,0.12200889787640101,0.34929772097224027,,76.8699402353069,,,
train,Beethoven/Piano_Sonatas/26-2/midi_score.mid,articulation,gradual,visible_mean,2,1,2,2,0,0,0.5274906295860142,0.7262855014290277,,0.0,,,
train,Beethoven/Piano_Sonatas/26-2/midi_score.mid,articulation,gradual,linear_interpolation,2,1,2,2,0,0,0.17064001559340847,0.41308596634769434,,67.65060722930181,,,
train,Beethoven/Piano_Sonatas/26-2/midi_score.mid,articulation,mixed,cnn,14,1,5,50,36,35,1.120890949885469,1.05872137500169,1.4732454957891534,-2.6771102898525134,-8.398374324818514,17.455861321909126,48.57142857142857
train,Beethoven/Piano_Sonatas/26-2/midi_score.mid,articulation,mixed,visible_mean,14,1,5,50,36,35,1.0916658510560415,1.0448281442687317,1.3591029431627226,0.0,0.0,0.0,0.0
train,Beethoven/Piano_Sonatas/26-2/midi_score.mid,articulation,mixed,linear_interpolation,14,1,5,50,36,35,0.9003811819715142,0.9488841773217184,1.2473332013265968,17.522272854782884,8.223787785789815,23.075439382142964,62.857142857142854
train,Beethoven/Piano_Sonatas/26-2/midi_score.mid,articulation,small,cnn,10,1,3,35,25,23,0.27163586295665304,0.5211869750450917,0.40899796151902157,15.397938044917625,9.32405124213197,26.30184528137524,65.21739130434783
train,Beethoven/Piano_Sonatas/26-2/midi_score.mid,articulation,small,visible_mean,10,1,3,35,25,23,0.32107475477473846,0.5666345866382836,0.4510545156921035,0.0,0.0,0.0,0.0
train,Beethoven/Piano_Sonatas/26-2/midi_score.mid,articulation,small,linear_interpolation,10,1,3,35,25,23,0.3363927418790017,0.579993742965389,0.4431374985963861,-4.770847560098623,1.755223996276678,10.121173649645012,34.78260869565217
train,Beethoven/Piano_Sonatas/26-2/midi_score.mid,dynamics,abrupt,cnn,11,1,3,38,27,27,2.1018642095347753,1.4497807453317813,2.8097224962250453,1.4155896346543795,0.4561379825902545,13.653207079678682,59.25925925925926
train,Beethoven/Piano_Sonatas/26-2/midi_score.mid,dynamics,abrupt,visible_mean,11,1,3,38,27,27,2.1320452206849354,1.4601524648765059,2.8225974352227143,0.0,0.0,0.0,0.0
train,Beethoven/Piano_Sonatas/26-2/midi_score.mid,dynamics,abrupt,linear_interpolation,11,1,3,38,27,27,3.0744590342792666,1.7534135377255609,2.797508510731962,-44.20233700725979,0.8888594660248605,26.78739516173627,59.25925925925926
train,Beethoven/Piano_Sonatas/26-2/midi_score.mid,dynamics,gradual,cnn,3,1,2,9,6,6,0.30527539567896933,0.5525173261346374,0.5238111369917838,-32.36824330621708,-3.581837185056247,25.53342036190907,50.0
train,Beethoven/Piano_Sonatas/26-2/midi_score.mid,dynamics,gradual,visible_mean,3,1,2,9,6,6,0.23062585711948566,0.4802352102037976,0.5056978628945906,0.0,0.0,0.0,0.0
train,Beethoven/Piano_Sonatas/26-2/midi_score.mid,dynamics,gradual,linear_interpolation,3,1,2,9,6,6,0.33939079291391483,0.582572564504985,0.463262057699325,-47.160772496589054,8.391533425188925,73.94468892696634,33.333333333333336
train,Beethoven/Piano_Sonatas/26-2/midi_score.mid,dynamics,mixed,cnn,10,1,4,40,30,30,0.6584181614716765,0.8114297021132986,0.8144064299914755,31.586904321689204,-0.23534853103812647,17.87740101392472,60.0
train,Beethoven/Piano_Sonatas/26-2/midi_score.mid,dynamics,mixed,visible_mean,10,1,4,40,30,30,0.9624153898365643,0.9810277212375623,0.8124942367405372,0.0,0.0,0.0,0.0
train,Beethoven/Piano_Sonatas/26-2/midi_score.mid,dynamics,mixed,linear_interpolation,10,1,4,40,30,30,0.9449626692143218,0.9720919036872603,0.8203704540164917,1.8134290875384096,-0.969387463910043,32.86179064245446,60.0
train,Beethoven/Piano_Sonatas/26-2/midi_score.mid,dynamics,small,cnn,10,1,4,29,19,16,0.24130715566735367,0.4912302471014521,0.1733124124949307,23.323261859922606,-42.55209806319024,45.42116456594177,43.75
train,Beethoven/Piano_Sonatas/26-2/midi_score.mid,dynamics,small,visible_mean,10,1,4,29,19,16,0.31470712176947346,0.5609876306742185,0.1215782965313531,0.0,0.0,0.0,0.0
train,Beethoven/Piano_Sonatas/26-2/midi_score.mid,dynamics,small,linear_interpolation,10,1,4,29,19,16,0.11647046477692093,0.3412776945200505,0.11827944617375896,62.99083918976678,2.7133546461094116,21.93303504756794,62.5
train,Beethoven/Piano_Sonatas/26-2/midi_score.mid,pedal_changes,abrupt,cnn,7,1,3,32,25,19,4.542078228044593,2.131215199843646,3.541361782832464,-2.260752749807704,2.462333508936687,5.8249088542792915,68.42105263157895
train,Beethoven/Piano_Sonatas/26-2/midi_score.mid,pedal_changes,abrupt,visible_mean,7,1,3,32,25,19,4.44166320500035,2.107525374699045,3.630763283799632,0.0,0.0,0.0,0.0
train,Beethoven/Piano_Sonatas/26-2/midi_score.mid,pedal_changes,abrupt,linear_interpolation,7,1,3,32,25,19,2.1899626339250577,1.4798522338142608,3.1643442982585968,50.69498670093593,12.846306660150065,34.15358172118839,47.36842105263158
train,Beethoven/Piano_Sonatas/26-2/midi_score.mid,pedal_changes,gradual,cnn,4,1,3,7,3,0,0.06299413422529035,0.2509863227853071,0.0490114351967536,34.73035061839028,,,
train,Beethoven/Piano_Sonatas/26-2/midi_score.mid,pedal_changes,gradual,visible_mean,4,1,3,7,3,0,0.09651367032322297,0.3106664937247385,0.0,0.0,,,
train,Beethoven/Piano_Sonatas/26-2/midi_score.mid,pedal_changes,gradual,linear_interpolation,4,1,3,7,3,0,0.3118812477924125,0.5584632913562112,0.06522330028947614,-223.14722541161936,,,
train,Beethoven/Piano_Sonatas/26-2/midi_score.mid,pedal_changes,mixed,cnn,20,1,5,71,51,39,0.6264411965894953,0.7914803829467255,0.9845585524846335,-12.274086999754763,-0.05337406945067347,24.197980342238743,56.41025641025641
train,Beethoven/Piano_Sonatas/26-2/midi_score.mid,pedal_changes,mixed,visible_mean,20,1,5,71,51,39,0.5579570614463011,0.7469652344294887,0.9840333338496068,0.0,0.0,0.0,0.0
train,Beethoven/Piano_Sonatas/26-2/midi_score.mid,pedal_changes,mixed,linear_interpolation,20,1,5,71,51,39,0.6945923453483581,0.8334220691512543,0.9792019766890208,-24.48849442784713,0.49097494916005013,11.77404636978002,23.076923076923077
train,Beethoven/Piano_Sonatas/26-2/midi_score.mid,pedal_changes,small,cnn,3,1,2,6,3,0,0.021353874116569072,0.1461296483146698,0.06182019585070083,56.536733674455505,,,
train,Beethoven/Piano_Sonatas/26-2/midi_score.mid,pedal_changes,small,visible_mean,3,1,2,6,3,0,0.049130854447584034,0.22165480921375028,0.0,0.0,,,
train,Beethoven/Piano_Sonatas/26-2/midi_score.mid,pedal_changes,small,linear_interpolation,3,1,2,6,3,0,0.0,0.0,0.0,100.0,,,
train,Beethoven/Piano_Sonatas/26-2/midi_score.mid,pedal_depth,abrupt,cnn,10,1,4,41,31,28,1.2925895505530578,1.1369210836962511,2.318775365625492,2.6803535607077045,4.8736710364573055,9.969643217420444,57.142857142857146
train,Beethoven/Piano_Sonatas/26-2/midi_score.mid,pedal_depth,abrupt,visible_mean,10,1,4,41,31,28,1.3281897313091569,1.1524711412044801,2.437574739706571,0.0,0.0,0.0,0.0
train,Beethoven/Piano_Sonatas/26-2/midi_score.mid,pedal_depth,abrupt,linear_interpolation,10,1,4,41,31,28,1.3015960503079083,1.1408751247651552,2.422939167849235,2.0022501585700403,0.6004153070234719,18.121340322254607,50.0
train,Beethoven/Piano_Sonatas/26-2/midi_score.mid,pedal_depth,gradual,cnn,2,1,1,2,0,0,0.7981770068198166,0.8934075256118098,,11.37293430535008,,,
train,Beethoven/Piano_Sonatas/26-2/midi_score.mid,pedal_depth,gradual,visible_mean,2,1,1,2,0,0,0.9006018653148296,0.9490004559086521,,0.0,,,
train,Beethoven/Piano_Sonatas/26-2/midi_score.mid,pedal_depth,gradual,linear_interpolation,2,1,1,2,0,0,0.029262268635903865,0.1710621776895871,,96.75080967929436,,,
train,Beethoven/Piano_Sonatas/26-2/midi_score.mid,pedal_depth,mixed,cnn,17,1,5,62,45,44,0.34469658956555854,0.5871086692985878,0.3229458668972719,25.026411324850095,-2.835735588620647,24.649711947936982,50.0
train,Beethoven/Piano_Sonatas/26-2/midi_score.mid,pedal_depth,mixed,visible_mean,17,1,5,62,45,44,0.4597573567661017,0.678054095752029,0.3140405084368431,0.0,0.0,0.0,0.0
train,Beethoven/Piano_Sonatas/26-2/midi_score.mid,pedal_depth,mixed,linear_interpolation,17,1,5,62,45,44,0.3210172895809913,0.5665838769158467,0.3696215284725751,30.17680198985776,-17.698678527935808,30.50978217860873,43.18181818181818
train,Beethoven/Piano_Sonatas/26-2/midi_score.mid,pedal_depth,small,cnn,5,1,2,11,6,6,0.20459853660190638,0.45232569748125784,0.11982711299127001,-8.985114832989716,15.066039506804984,22.227592902514143,66.66666666666667
train,Beethoven/Piano_Sonatas/26-2/midi_score.mid,pedal_depth,small,visible_mean,5,1,2,11,6,6,0.18773071617664117,0.43327902808310625,0.14108268623699782,0.0,0.0,0.0,0.0
train,Beethoven/Piano_Sonatas/26-2/midi_score.mid,pedal_depth,small,linear_interpolation,5,1,2,11,6,6,0.07621277037334141,0.2760666049585524,0.13765725291524591,59.40314300956982,2.427961511873744,5.191576249775835,50.0
train,Beethoven/Piano_Sonatas/26-2/midi_score.mid,pedal_down_ratio,abrupt,cnn,13,1,5,46,33,33,1.9694072109688645,1.403355696524892,3.85797533490559,2.5960263873981426,2.276554450756718,8.614502146730503,39.39393939393939
train,Beethoven/Piano_Sonatas/26-2/midi_score.mid,pedal_down_ratio,abrupt,visible_mean,13,1,5,46,33,33,2.0218961690430133,1.42193395382592,3.9478502965407,0.0,0.0,0.0,0.0
train,Beethoven/Piano_Sonatas/26-2/midi_score.mid,pedal_down_ratio,abrupt,linear_interpolation,13,1,5,46,33,33,2.027535969814151,1.4239157172438792,4.107797519255589,-0.27893622123074113,-4.051501721203632,16.297064564091787,48.484848484848484
train,Beethoven/Piano_Sonatas/26-2/midi_score.mid,pedal_down_ratio,gradual,cnn,2,1,2,2,0,0,0.16621642324916952,0.40769648422468585,,-422.80626476777155,,,
train,Beethoven/Piano_Sonatas/26-2/midi_score.mid,pedal_down_ratio,gradual,visible_mean,2,1,2,2,0,0,0.0317931200237247,0.17830625346219547,,0.0,,,
train,Beethoven/Piano_Sonatas/26-2/midi_score.mid,pedal_down_ratio,gradual,linear_interpolation,2,1,2,2,0,0,0.0033564202176395996,0.05793462019932123,,89.44293540509717,,,
train,Beethoven/Piano_Sonatas/26-2/midi_score.mid,pedal_down_ratio,mixed,cnn,16,1,5,62,46,40,0.6516753484821018,0.8072641132133286,0.6073569480899458,9.080588042154991,-2.2346926522444965,18.458224073780176,52.5
train,Beethoven/Piano_Sonatas/26-2/midi_score.mid,pedal_down_ratio,mixed,visible_mean,16,1,5,62,46,40,0.7167615082951181,0.8466176872090011,0.5940810622436117,0.0,0.0,0.0,0.0
train,Beethoven/Piano_Sonatas/26-2/midi_score.mid,pedal_down_ratio,mixed,linear_interpolation,16,1,5,62,46,40,0.5482668029871273,0.7404504054878539,0.5436682359987696,23.5077781602378,8.48584973479084,23.81244897812991,57.5
train,Beethoven/Piano_Sonatas/26-2/midi_score.mid,pedal_down_ratio,small,cnn,3,1,3,6,3,3,0.2032543166218639,0.45083735051774926,0.050707592837751704,-22.1363346050512,-191.40297132385277,109.50846243183551,33.333333333333336
train,Beethoven/Piano_Sonatas/26-2/midi_score.mid,pedal_down_ratio,small,visible_mean,3,1,3,6,3,3,0.1664159296077794,0.40794108595210093,0.017401192790651904,0.0,0.0,0.0,0.0
train,Beethoven/Piano_Sonatas/26-2/midi_score.mid,pedal_down_ratio,small,linear_interpolation,3,1,3,6,3,3,0.02965590418318159,0.17220889693387387,0.017816025359813716,82.17964815443048,-2.3839318037132795,17.238521185872607,66.66666666666667
train,Beethoven/Piano_Sonatas/26-2/midi_score.mid,rubato,abrupt,cnn,12,1,5,49,37,35,3.4045726234184333,1.8451484014621786,4.0468952665991775,3.8650740887247625,1.6978774399964536,17.05414904519123,45.714285714285715
train,Beethoven/Piano_Sonatas/26-2/midi_score.mid,rubato,abrupt,visible_mean,12,1,5,49,37,35,3.541452381791586,1.8818746987489858,4.1167933725225065,0.0,0.0,0.0,0.0
train,Beethoven/Piano_Sonatas/26-2/midi_score.mid,rubato,abrupt,linear_interpolation,12,1,5,49,37,35,3.6769261330868708,1.917531260002525,4.120691551587785,-3.8253726632560214,-0.09468969444268449,19.92051531167308,60.0
train,Beethoven/Piano_Sonatas/26-2/midi_score.mid,rubato,gradual,cnn,3,1,3,6,3,2,0.11661319751216141,0.3414867457342399,0.36078312145067026,60.34746662073921,-141.020677988629,119.68074873641723,50.0
train,Beethoven/Piano_Sonatas/26-2/midi_score.mid,rubato,gradual,visible_mean,3,1,3,6,3,2,0.2940876346961298,0.5422984738095156,0.14968969652790184,0.0,0.0,0.0,0.0
train,Beethoven/Piano_Sonatas/26-2/midi_score.mid,rubato,gradual,linear_interpolation,3,1,3,6,3,2,0.20579747239908197,0.45364906304221764,0.09967674276986282,30.021718658207064,33.4110863460243,118.65071194134889,100.0
train,Beethoven/Piano_Sonatas/26-2/midi_score.mid,rubato,mixed,cnn,10,1,5,37,27,24,1.158157196816013,1.0761771214888434,1.313861541293564,5.867462751876973,-5.38498011205637,28.525469080067378,58.333333333333336
train,Beethoven/Piano_Sonatas/26-2/midi_score.mid,rubato,mixed,visible_mean,10,1,5,37,27,24,1.2303473704987233,1.1092102463008189,1.2467256148803447,0.0,0.0,0.0,0.0
train,Beethoven/Piano_Sonatas/26-2/midi_score.mid,rubato,mixed,linear_interpolation,10,1,5,37,27,24,1.0802911403172168,1.0393705500528754,1.1906140627789543,12.196249106517044,4.500713824410818,28.449857543020457,62.5
train,Beethoven/Piano_Sonatas/26-2/midi_score.mid,rubato,small,cnn,9,1,3,24,15,14,0.256021309328971,0.505985483318416,0.3785151190983516,13.203182754732957,4.312493434874288,46.259293762401086,71.42857142857143
train,Beethoven/Piano_Sonatas/26-2/midi_score.mid,rubato,small,visible_mean,9,1,3,24,15,14,0.2949662412223204,0.5431079461969972,0.3955742318781513,0.0,0.0,0.0,0.0
train,Beethoven/Piano_Sonatas/26-2/midi_score.mid,rubato,small,linear_interpolation,9,1,3,24,15,14,0.2265431972450669,0.4759655420774354,0.3619468264846664,23.19690676930112,8.500908978278222,15.994867118192818,57.142857142857146
train,Beethoven/Piano_Sonatas/26-2/midi_score.mid,tempo,abrupt,cnn,10,1,5,41,31,29,2.0848011391891395,1.4438840463102083,2.960010073992852,-4.375657416105616,-3.62363040512772,15.156329003780785,37.93103448275862
train,Beethoven/Piano_Sonatas/26-2/midi_score.mid,tempo,abrupt,visible_mean,10,1,5,41,31,29,1.9974016842622977,1.4132946204745485,2.856501034001969,0.0,0.0,0.0,0.0
train,Beethoven/Piano_Sonatas/26-2/midi_score.mid,tempo,abrupt,linear_interpolation,10,1,5,41,31,29,2.2722457994882017,1.5073970278225315,2.9571482372091342,-13.760082280465902,-3.523443611926802,15.903736980802103,51.724137931034484
train,Beethoven/Piano_Sonatas/26-2/midi_score.mid,tempo,gradual,cnn,2,1,2,2,0,0,0.18668262477878272,0.4320678474253583,,61.610390571649035,,,
train,Beethoven/Piano_Sonatas/26-2/midi_score.mid,tempo,gradual,visible_mean,2,1,2,2,0,0,0.4862842512821097,0.6973408429757357,,0.0,,,
train,Beethoven/Piano_Sonatas/26-2/midi_score.mid,tempo,gradual,linear_interpolation,2,1,2,2,0,0,0.06625328265138819,0.2573971302314542,,86.37560593897324,,,
train,Beethoven/Piano_Sonatas/26-2/midi_score.mid,tempo,mixed,cnn,14,1,5,53,39,36,0.9121328908439603,0.9550564856823707,0.8827841733577861,10.984084047399811,6.162725402201974,30.380338763790217,63.888888888888886
train,Beethoven/Piano_Sonatas/26-2/midi_score.mid,tempo,mixed,visible_mean,14,1,5,53,39,36,1.0246851712784253,1.0122673418017718,0.9407606701511144,0.0,0.0,0.0,0.0
train,Beethoven/Piano_Sonatas/26-2/midi_score.mid,tempo,mixed,linear_interpolation,14,1,5,53,39,36,0.8911623259471454,0.9440139437249565,0.8524521214653115,13.030621411715481,9.38693033070972,24.66626915023263,61.111111111111114
train,Beethoven/Piano_Sonatas/26-2/midi_score.mid,tempo,small,cnn,8,1,3,20,12,8,0.11536534119330275,0.3396547382170647,0.15686078193619482,60.257878826904786,-174.00160961921617,109.41609535529028,62.5
train,Beethoven/Piano_Sonatas/26-2/midi_score.mid,tempo,small,visible_mean,8,1,3,20,12,8,0.29028481064418693,0.5387808558627403,0.05724812425525034,0.0,0.0,0.0,0.0
train,Beethoven/Piano_Sonatas/26-2/midi_score.mid,tempo,small,linear_interpolation,8,1,3,20,12,8,0.08615761529454882,0.293526174803115,0.06991693767285725,70.31962674748577,-22.129656792108833,48.417350554071376,37.5
train,Beethoven/Piano_Sonatas/27-1/midi_score.mid,articulation,abrupt,cnn,99,1,7,399,300,297,4.282237574381072,2.069356802096021,7.738120407133611,8.601894365700492,2.403197544219149,8.485695914717201,49.831649831649834
train,Beethoven/Piano_Sonatas/27-1/midi_score.mid,articulation,abrupt,visible_mean,99,1,7,399,300,297,4.685258567081341,2.164545810806817,7.928661813115852,0.0,0.0,0.0,0.0
train,Beethoven/Piano_Sonatas/27-1/midi_score.mid,articulation,abrupt,linear_interpolation,99,1,7,399,300,297,6.695252520461649,2.587518602920885,8.198903312131655,-42.90038478351097,-3.4084124835386698,23.218010413219172,48.484848484848484
train,Beethoven/Piano_Sonatas/27-1/midi_score.mid,articulation,gradual,cnn,9,1,7,19,10,9,0.6594155721422886,0.8120440703202558,0.5808259191798004,31.595051785430638,0.4116916928250558,32.397867187865124,77.77777777777777
train,Beethoven/Piano_Sonatas/27-1/midi_score.mid,articulation,gradual,visible_mean,9,1,7,19,10,9,0.9639881168740388,0.981828965183875,0.5832270163564514,0.0,0.0,0.0,0.0
train,Beethoven/Piano_Sonatas/27-1/midi_score.mid,articulation,gradual,linear_interpolation,9,1,7,19,10,9,0.47032473570455546,0.6858022569987324,0.34695033285116883,51.21052557891528,40.5119579304394,80.48424562804045,77.77777777777777
train,Beethoven/Piano_Sonatas/27-1/midi_score.mid,articulation,mixed,cnn,154,1,7,616,462,450,1.0750676094445353,1.0368546713231008,1.294068628485772,19.61396062403441,-1.8678257132269893,22.644053476160703,52.22222222222222
train,Beethoven/Piano_Sonatas/27-1/midi_score.mid,articulation,mixed,visible_mean,154,1,7,616,462,450,1.3373809902692717,1.1564518970840385,1.270340874977313,0.0,0.0,0.0,0.0
train,Beethoven/Piano_Sonatas/27-1/midi_score.mid,articulation,mixed,linear_interpolation,154,1,7,616,462,450,1.2159032923784177,1.1026800498686904,1.2566145575311074,9.083252923042927,1.080522379196125,24.95744054124994,53.77777777777778
train,Beethoven/Piano_Sonatas/27-1/midi_score.mid,articulation,small,cnn,73,1,7,230,157,143,0.3296832996885455,0.5741805462470367,0.44478236778841934,16.604393328314295,-17.440266540648565,33.04176017235558,43.35664335664335
train,Beethoven/Piano_Sonatas/27-1/midi_score.mid,articulation,small,visible_mean,73,1,7,230,157,143,0.3953245414790883,0.6287483928242587,0.37873072063785784,0.0,0.0,0.0,0.0
train,Beethoven/Piano_Sonatas/27-1/midi_score.mid,articulation,small,linear_interpolation,73,1,7,230,157,143,0.2675869026658138,0.5172880267953375,0.38188144413502817,32.31209434540797,-0.8319165373920301,19.882103927619333,45.45454545454545
train,Beethoven/Piano_Sonatas/27-1/midi_score.mid,dynamics,abrupt,cnn,95,1,7,389,294,286,1.4719105886598418,1.2132232229313127,2.2627170362330857,22.098485067717032,2.6953852431352177,14.078725120316223,56.99300699300699
train,Beethoven/Piano_Sonatas/27-1/midi_score.mid,dynamics,abrupt,visible_mean,95,1,7,389,294,286,1.889450532431008,1.3745728545373679,2.325395400708323,0.0,0.0,0.0,0.0
train,Beethoven/Piano_Sonatas/27-1/midi_score.mid,dynamics,abrupt,linear_interpolation,95,1,7,389,294,286,2.3998353635987657,1.5491402014016569,2.3602638189848495,-27.012341546252895,-1.4994619093985362,23.751649680083826,48.95104895104895
train,Beethoven/Piano_Sonatas/27-1/midi_score.mid,dynamics,gradual,cnn,11,1,5,33,22,22,1.0206974536964188,1.0102957258626897,0.41414564385101227,20.866704249798083,-42.419275238460855,44.683914420721784,50.0
train,Beethoven/Piano_Sonatas/27-1/midi_score.mid,dynamics,gradual,visible_mean,11,1,5,33,22,22,1.2898457520566675,1.135713763259329,0.290793253341294,0.0,0.0,0.0,0.0
train,Beethoven/Piano_Sonatas/27-1/midi_score.mid,dynamics,gradual,linear_interpolation,11,1,5,33,22,22,0.4749525867800998,0.6891680395811313,0.16701467074173626,63.17756708329001,42.56583712906266,91.44044512790506,72.72727272727273
train,Beethoven/Piano_Sonatas/27-1/midi_score.mid,dynamics,mixed,cnn,139,1,7,555,416,406,0.7142733341965374,0.8451469305372512,0.7221854322235658,11.850126578876575,-0.6035754502245361,23.525592375889765,53.44827586206897
train,Beethoven/Piano_Sonatas/27-1/midi_score.mid,dynamics,mixed,visible_mean,139,1,7,555,416,406,0.8102942255903177,0.9001634438202418,0.7178526498602231,0.0,0.0,0.0,0.0
train,Beethoven/Piano_Sonatas/27-1/midi_score.mid,dynamics,mixed,linear_interpolation,139,1,7,555,416,406,0.863549192528172,0.9292734756400679,0.7116191399156212,-6.572299944388327,0.8683550789727823,28.569938278582434,54.1871921182266
train,Beethoven/Piano_Sonatas/27-1/midi_score.mid,dynamics,small,cnn,90,1,7,287,197,183,0.29362104135212924,0.541868103279875,0.29382817408565615,20.27153608261112,-2.1956628521470956,36.25551418422101,55.73770491803279
train,Beethoven/Piano_Sonatas/27-1/midi_score.mid,dynamics,small,visible_mean,90,1,7,287,197,183,0.36827630550660856,0.6068577308616976,0.2875153072892691,0.0,0.0,0.0,0.0
train,Beethoven/Piano_Sonatas/27-1/midi_score.mid,dynamics,small,linear_interpolation,90,1,7,287,197,183,0.24500992010109723,0.4949847675445147,0.2918635592789582,33.47116921789023,-1.512354952744932,20.176286444220935,52.459016393442624
train,Beethoven/Piano_Sonatas/27-1/midi_score.mid,pedal_changes,abrupt,cnn,145,1,7,596,451,318,1.7416156324818035,1.319702857647055,3.3284013570315265,2.334329870528973,1.8303732266260253,11.394610844958544,53.144654088050316
train,Beethoven/Piano_Sonatas/27-1/midi_score.mid,pedal_changes,abrupt,visible_mean,145,1,7,596,451,318,1.7832423923094176,1.3353809914437968,3.3904594184871355,0.0,0.0,0.0,0.0
train,Beethoven/Piano_Sonatas/27-1/midi_score.mid,pedal_changes,abrupt,linear_interpolation,145,1,7,596,451,318,2.664627855423104,1.6323687865868743,3.5344442051095757,-49.426004390364106,-4.246763309931834,17.07229105242031,25.157232704402517
train,Beethoven/Piano_Sonatas/27-1/midi_score.mid,pedal_changes,gradual,cnn,51,1,7,137,86,12,0.47886724727248786,0.6920023462911725,0.28745259888762315,4.7710598781856355,-24.620671766336066,44.781144405771975,50.0
train,Beethoven/Piano_Sonatas/27-1/midi_score.mid,pedal_changes,gradual,visible_mean,51,1,7,137,86,12,0.5028589488236805,0.7091254817193361,0.23066205214059285,0.0,0.0,0.0,0.0
train,Beethoven/Piano_Sonatas/27-1/midi_score.mid,pedal_changes,gradual,linear_interpolation,51,1,7,137,86,12,0.4060632656142025,0.637230935857796,0.22328300529723483,19.2490724160142,3.199072745117326,81.90158903784689,100.0
train,Beethoven/Piano_Sonatas/27-1/midi_score.mid,pedal_changes,mixed,cnn,88,1,7,360,272,150,0.6723943135189532,0.8199965326261771,0.9912676760847411,-4.467084007128319,-8.73647071917012,21.718245427210146,44.666666666666664
train,Beethoven/Piano_Sonatas/27-1/midi_score.mid,pedal_changes,mixed,visible_mean,88,1,7,360,272,150,0.6436422725009462,0.8022731906906438,0.9116239193056518,0.0,0.0,0.0,0.0
train,Beethoven/Piano_Sonatas/27-1/midi_score.mid,pedal_changes,mixed,linear_interpolation,88,1,7,360,272,150,0.8778250704205675,0.9369231934478768,0.9323057117717283,-36.38399898901559,-2.268675934022113,17.002639285898507,18.666666666666668
train,Beethoven/Piano_Sonatas/27-1/midi_score.mid,pedal_changes,small,cnn,51,1,7,171,120,0,0.0731068087078547,0.2703827078565763,0.04275924346205066,-22.24011207757752,,,
train,Beethoven/Piano_Sonatas/27-1/midi_score.mid,pedal_changes,small,visible_mean,51,1,7,171,120,0,0.05980590778701083,0.24455246428325114,0.0,0.0,,,
train,Beethoven/Piano_Sonatas/27-1/midi_score.mid,pedal_changes,small,linear_interpolation,51,1,7,171,120,0,0.0,0.0,0.0,100.0,,,
train,Beethoven/Piano_Sonatas/27-1/midi_score.mid,pedal_depth,abrupt,cnn,104,1,7,404,300,278,1.661070128451594,1.2888250961443892,2.9911402559873594,1.6056600669094423,0.22010179963377619,9.841637283530174,53.597122302158276
train,Beethoven/Piano_Sonatas/27-1/midi_score.mid,pedal_depth,abrupt,visible_mean,104,1,7,404,300,278,1.6881765044423729,1.299298466266459,2.997738332004413,0.0,0.0,0.0,0.0
train,Beethoven/Piano_Sonatas/27-1/midi_score.mid,pedal_depth,abrupt,linear_interpolation,104,1,7,404,300,278,2.2267141900604903,1.492217876203234,3.09001756570433,-31.90055567062897,-3.078295150538213,17.334147024128566,51.07913669064748
train,Beethoven/Piano_Sonatas/27-1/midi_score.mid,pedal_depth,gradual,cnn,16,1,7,39,23,15,0.29078385658715655,0.5392437821497402,0.2243247172045987,26.880882526535675,-33.44803223212261,45.391412728999406,46.666666666666664
train,Beethoven/Piano_Sonatas/27-1/midi_score.mid,pedal_depth,gradual,visible_mean,16,1,7,39,23,15,0.3976851289167775,0.6306228103365573,0.16809893218537916,0.0,0.0,0.0,0.0
train,Beethoven/Piano_Sonatas/27-1/midi_score.mid,pedal_depth,gradual,linear_interpolation,16,1,7,39,23,15,0.21454766124573885,0.4631928985268868,0.1127860826634562,46.05087149471041,32.90493806404675,75.70144646453122,60.0
train,Beethoven/Piano_Sonatas/27-1/midi_score.mid,pedal_depth,mixed,cnn,170,1,7,680,510,483,0.36433972891762806,0.6036056070959149,0.4979063156628177,6.233985191514035,-7.493942397989395,28.23459781727717,51.966873706004144
train,Beethoven/Piano_Sonatas/27-1/midi_score.mid,pedal_depth,mixed,visible_mean,170,1,7,680,510,483,0.3885626681071816,0.62334795107322,0.4631947666588984,0.0,0.0,0.0,0.0
train,Beethoven/Piano_Sonatas/27-1/midi_score.mid,pedal_depth,mixed,linear_interpolation,170,1,7,680,510,483,0.3645723988300751,0.6037983097277394,0.4645713564088344,6.1741055552174124,-0.2971945818527999,23.806418740076076,51.5527950310559
train,Beethoven/Piano_Sonatas/27-1/midi_score.mid,pedal_depth,small,cnn,45,1,7,141,96,49,0.09114805868026327,0.30190736771444193,0.06025950334170755,49.76804166206812,-72.24396625108405,91.48496103989255,51.02040816326531
train,Beethoven/Piano_Sonatas/27-1/midi_score.mid,pedal_depth,small,visible_mean,45,1,7,141,96,49,0.18145432050861182,0.42597455382758703,0.03498497198669117,0.0,0.0,0.0,0.0
train,Beethoven/Piano_Sonatas/27-1/midi_score.mid,pedal_depth,small,linear_interpolation,45,1,7,141,96,49,0.027836346945036144,0.16684228164657827,0.03737934038379056,84.65930881832323,-6.843991180013642,21.714482388131483,40.816326530612244
train,Beethoven/Piano_Sonatas/27-1/midi_score.mid,pedal_down_ratio,abrupt,cnn,90,1,7,341,251,234,1.8671458190492802,1.3664354426936094,3.165357614281176,3.264265445598291,0.45195724100244306,11.622343501528333,52.56410256410256
train,Beethoven/Piano_Sonatas/27-1/midi_score.mid,pedal_down_ratio,abrupt,visible_mean,90,1,7,341,251,234,1.9301510735924015,1.389298770456665,3.1797286280599204,0.0,0.0,0.0,0.0
train,Beethoven/Piano_Sonatas/27-1/midi_score.mid,pedal_down_ratio,abrupt,linear_interpolation,90,1,7,341,251,234,2.443942761100702,1.5633114728360122,3.216324195629199,-26.619247298193628,-1.1509022262571778,17.936068043101812,51.70940170940171
train,Beethoven/Piano_Sonatas/27-1/midi_score.mid,pedal_down_ratio,gradual,cnn,16,1,6,45,29,17,0.0865251120116861,0.29415151199965994,0.05166676941369139,14.600016595273956,-30.73703147776845,89.61059896292298,58.8235294117647
train,Beethoven/Piano_Sonatas/27-1/midi_score.mid,pedal_down_ratio,gradual,visible_mean,16,1,6,45,29,17,0.10131748106042113,0.3183040701285818,0.039519613402326036,0.0,0.0,0.0,0.0
train,Beethoven/Piano_Sonatas/27-1/midi_score.mid,pedal_down_ratio,gradual,linear_interpolation,16,1,6,45,29,17,0.23712401097264157,0.48695380784284004,0.05292229837512747,-134.0405707789277,-33.914008308625256,123.33472346547907,70.58823529411765
train,Beethoven/Piano_Sonatas/27-1/midi_score.mid,pedal_down_ratio,mixed,cnn,187,1,7,747,560,503,0.2939145457640389,0.5421388620676799,0.4548444604827921,7.445184283678796,-11.62725483955973,30.83898174708442,49.90059642147117
train,Beethoven/Piano_Sonatas/27-1/midi_score.mid,pedal_down_ratio,mixed,visible_mean,187,1,7,747,560,503,0.31755726969937637,0.5635221998283443,0.4074672096313159,0.0,0.0,0.0,0.0
train,Beethoven/Piano_Sonatas/27-1/midi_score.mid,pedal_down_ratio,mixed,linear_interpolation,187,1,7,747,560,503,0.3351070816226173,0.578884342181249,0.41939621326098037,-5.526502964285762,-2.9275984294437007,20.53400710597114,44.33399602385686
train,Beethoven/Piano_Sonatas/27-1/midi_score.mid,pedal_down_ratio,small,cnn,42,1,7,131,89,41,0.05964722899336862,0.24422782190685938,0.040217483286182146,62.82249753523767,-227.37879174493568,135.10863672214782,43.90243902439025
train,Beethoven/Piano_Sonatas/27-1/midi_score.mid,pedal_down_ratio,small,visible_mean,42,1,7,131,89,41,0.1604390425362855,0.40054842720485806,0.012284694152550974,0.0,0.0,0.0,0.0
train,Beethoven/Piano_Sonatas/27-1/midi_score.mid,pedal_down_ratio,small,linear_interpolation,42,1,7,131,89,41,0.011612143635584403,0.10775965680895798,0.01282299521020555,92.76227067176734,-4.3818840825011085,21.730962672332343,29.26829268292683
train,Beethoven/Piano_Sonatas/27-1/midi_score.mid,rubato,abrupt,cnn,49,1,7,211,162,139,4.419750547205327,2.1023202770285327,5.364815314950993,9.356178130638803,3.505791631266719,13.538611649885034,56.115107913669064
train,Beethoven/Piano_Sonatas/27-1/midi_score.mid,rubato,abrupt,visible_mean,49,1,7,211,162,139,4.875953436269726,2.2081561168245614,5.559727786408099,0.0,0.0,0.0,0.0
train,Beethoven/Piano_Sonatas/27-1/midi_score.mid,rubato,abrupt,linear_interpolation,49,1,7,211,162,139,5.866517045208898,2.422089396617907,5.560843702780567,-20.315280321811024,-0.02007142103603865,22.759558967899313,50.35971223021583
train,Beethoven/Piano_Sonatas/27-1/midi_score.mid,rubato,gradual,cnn,14,1,7,42,28,24,2.243049014583307,1.4976812126027712,0.8093408849397988,-2.0037944948660735,-4.150114626690882,27.753298587435566,58.333333333333336
train,Beethoven/Piano_Sonatas/27-1/midi_score.mid,rubato,gradual,visible_mean,14,1,7,42,28,24,2.1989858570371137,1.482897790488985,0.7770907289355843,0.0,0.0,0.0,0.0
train,Beethoven/Piano_Sonatas/27-1/midi_score.mid,rubato,gradual,linear_interpolation,14,1,7,42,28,24,0.6041236136816255,0.7772538926770489,0.4613169893549657,72.52717148005607,40.6353760021237,71.18705637758698,70.83333333333333
train,Beethoven/Piano_Sonatas/27-1/midi_score.mid,rubato,mixed,cnn,139,1,7,579,440,386,0.9595757325247929,0.9795793650974856,1.295398390414557,15.404180776742516,-4.6692820000485025,25.67050591110396,53.10880829015544
train,Beethoven/Piano_Sonatas/27-1/midi_score.mid,rubato,mixed,visible_mean,139,1,7,579,440,386,1.1343063301891658,1.06503818250294,1.2376108497753493,0.0,0.0,0.0,0.0
train,Beethoven/Piano_Sonatas/27-1/midi_score.mid,rubato,mixed,linear_interpolation,139,1,7,579,440,386,1.156932069653554,1.0756077675684357,1.2470755259218773,-1.9946762935383555,-0.7647538116077435,21.733676760938494,50.51813471502591
train,Beethoven/Piano_Sonatas/27-1/midi_score.mid,rubato,small,cnn,133,1,7,432,299,264,0.2974885317695558,0.5454250927208574,0.3839164285571234,34.4759165821516,-14.153782736086917,42.49641251043397,55.303030303030305
train,Beethoven/Piano_Sonatas/27-1/midi_score.mid,rubato,small,visible_mean,133,1,7,432,299,264,0.4540140300360487,0.6738056322382951,0.33631511751538096,0.0,0.0,0.0,0.0
train,Beethoven/Piano_Sonatas/27-1/midi_score.mid,rubato,small,linear_interpolation,133,1,7,432,299,264,0.24743061642912284,0.4974239805529312,0.33992668840237633,45.501548397198896,-1.073865163622978,21.66188145736446,53.78787878787879
train,Beethoven/Piano_Sonatas/27-1/midi_score.mid,tempo,abrupt,cnn,60,1,7,249,189,158,2.904709753320822,1.7043209067898046,3.3329366782328,5.199789144820555,-0.1869217283490876,14.201385475558178,50.63291139240506
train,Beethoven/Piano_Sonatas/27-1/midi_score.mid,tempo,abrupt,visible_mean,60,1,7,249,189,158,3.064033009122914,1.7504379478070378,3.3267183188538927,0.0,0.0,0.0,0.0
train,Beethoven/Piano_Sonatas/27-1/midi_score.mid,tempo,abrupt,linear_interpolation,60,1,7,249,189,158,3.736901545230128,1.9331067081850728,3.3579402589866194,-21.960224779034743,-0.9385207023924869,23.456188591827022,51.265822784810126
train,Beethoven/Piano_Sonatas/27-1/midi_score.mid,tempo,gradual,cnn,21,1,7,66,45,33,0.856875226272331,0.9256755512987966,0.5766815232314823,6.707068853422471,-29.075269263290338,40.14413565076585,54.54545454545455
train,Beethoven/Piano_Sonatas/27-1/midi_score.mid,tempo,gradual,visible_mean,21,1,7,66,45,33,0.9184781909425146,0.9583726785246512,0.4467792525422943,0.0,0.0,0.0,0.0
train,Beethoven/Piano_Sonatas/27-1/midi_score.mid,tempo,gradual,linear_interpolation,21,1,7,66,45,33,0.26991608360673625,0.5195344874084262,0.24914495574780737,70.61268451788098,44.235334490107704,65.63424451783757,81.81818181818181
train,Beethoven/Piano_Sonatas/27-1/midi_score.mid,tempo,mixed,cnn,140,1,7,568,428,380,0.6978534094799842,0.8353762083516529,0.8355804539796424,10.824384502587247,-4.178095383268654,24.993568981363914,52.10526315789474
train,Beethoven/Piano_Sonatas/27-1/midi_score.mid,tempo,mixed,visible_mean,140,1,7,568,428,380,0.7825607993703514,0.8846246658161592,0.8020692362492925,0.0,0.0,0.0,0.0
train,Beethoven/Piano_Sonatas/27-1/midi_score.mid,tempo,mixed,linear_interpolation,140,1,7,568,428,380,0.7501870856122703,0.8661334109779337,0.8177240221338838,4.136894383686096,-1.9517998169082729,20.328522622694752,46.8421052631579
train,Beethoven/Piano_Sonatas/27-1/midi_score.mid,tempo,small,cnn,114,1,7,381,267,235,0.2246788604436849,0.4740030173360555,0.2749715172676053,37.688627650812414,-19.365315483191736,44.88066561691124,49.361702127659576
train,Beethoven/Piano_Sonatas/27-1/midi_score.mid,tempo,small,visible_mean,114,1,7,381,267,235,0.3605744055589144,0.6004784805127611,0.2303613207526143,0.0,0.0,0.0,0.0
train,Beethoven/Piano_Sonatas/27-1/midi_score.mid,tempo,small,linear_interpolation,114,1,7,381,267,235,0.17033055205799066,0.4127112211437807,0.23987267582321647,52.761330412798735,-4.128885456780496,22.9916740513184,48.93617021276596
train,Beethoven/Piano_Sonatas/28-1/midi_score.mid,articulation,abrupt,cnn,44,1,5,162,118,113,4.317235211734383,2.0777957579450352,7.698372516753114,0.8005851768430494,1.558372005093367,9.812236131224552,53.982300884955755
train,Beethoven/Piano_Sonatas/28-1/midi_score.mid,articulation,abrupt,visible_mean,44,1,5,162,118,113,4.35207729746262,2.086163295972446,7.820240962645831,0.0,0.0,0.0,0.0
train,Beethoven/Piano_Sonatas/28-1/midi_score.mid,articulation,abrupt,linear_interpolation,44,1,5,162,118,113,7.62943995513573,2.762144086599345,8.558490562757529,-75.30570882975589,-9.440241082570488,25.31234803734114,46.017699115044245
train,Beethoven/Piano_Sonatas/28-1/midi_score.mid,articulation,gradual,cnn,2,1,2,2,0,0,0.032613819236377434,0.18059296563370744,,59.66769808064556,,,
train,Beethoven/Piano_Sonatas/28-1/midi_score.mid,articulation,gradual,visible_mean,2,1,2,2,0,0,0.08086277669345446,0.2843638104496676,,0.0,,,
train,Beethoven/Piano_Sonatas/28-1/midi_score.mid,articulation,gradual,linear_interpolation,2,1,2,2,0,0,0.051871969064097745,0.22775418561268582,,35.85185769622898,,,
train,Beethoven/Piano_Sonatas/28-1/midi_score.mid,articulation,mixed,cnn,32,1,5,122,90,87,1.401546102911691,1.183869124063843,1.7537912685398327,12.062356752127258,-0.22450969470029225,23.323206710830355,58.62068965517241
train,Beethoven/Piano_Sonatas/28-1/midi_score.mid,articulation,mixed,visible_mean,32,1,5,122,90,87,1.593795388581323,1.2624560937241829,1.7498626572304103,0.0,0.0,0.0,0.0
train,Beethoven/Piano_Sonatas/28-1/midi_score.mid,articulation,mixed,linear_interpolation,32,1,5,122,90,87,1.5472360649459795,1.2438794414837715,1.8040736554859171,2.921286130510581,-3.0980144659643827,22.223910960738554,48.275862068965516
train,Beethoven/Piano_Sonatas/28-1/midi_score.mid,articulation,small,cnn,15,1,5,41,26,25,0.7433349413789789,0.8621687429842135,0.36310384506896304,32.88958052656136,-2.1976798768216455,54.15469860222477,60.0
train,Beethoven/Piano_Sonatas/28-1/midi_score.mid,articulation,small,visible_mean,15,1,5,41,26,25,1.1076297052102027,1.0524398819933625,0.3552955854835553,0.0,0.0,0.0,0.0
train,Beethoven/Piano_Sonatas/28-1/midi_score.mid,articulation,small,linear_interpolation,15,1,5,41,26,25,0.22516048640967698,0.47451078639971606,0.30609441577047714,79.67186277593136,13.847954132645812,23.111434220729247,68.0
train,Beethoven/Piano_Sonatas/28-1/midi_score.mid,dynamics,abrupt,cnn,19,1,5,78,59,58,2.403252330960752,1.5502426684105788,2.646957516292268,20.08531175240086,1.7968513180812495,18.39893804475165,53.44827586206897
train,Beethoven/Piano_Sonatas/28-1/midi_score.mid,dynamics,abrupt,visible_mean,19,1,5,78,59,58,3.0072723596377817,1.7341488862372174,2.695389660942336,0.0,0.0,0.0,0.0
train,Beethoven/Piano_Sonatas/28-1/midi_score.mid,dynamics,abrupt,linear_interpolation,19,1,5,78,59,58,2.0101593242809983,1.4178008761039043,2.4652686758151394,33.156725301624604,8.537577644589756,27.481015199426658,56.89655172413793
train,Beethoven/Piano_Sonatas/28-1/midi_score.mid,dynamics,gradual,cnn,5,1,4,14,9,7,0.530431431003718,0.7283072366822384,0.4066358008146586,-13.02863380219408,20.21019592667912,24.13287664819632,71.42857142857143
train,Beethoven/Piano_Sonatas/28-1/midi_score.mid,dynamics,gradual,visible_mean,5,1,4,14,9,7,0.46928942973158494,0.6850470273868685,0.5096337878471172,0.0,0.0,0.0,0.0
train,Beethoven/Piano_Sonatas/28-1/midi_score.mid,dynamics,gradual,linear_interpolation,5,1,4,14,9,7,0.5970907392725101,0.7727164675820686,0.3199635962334628,-27.23294015252431,37.21695777175448,74.36103533888932,85.71428571428571
train,Beethoven/Piano_Sonatas/28-1/midi_score.mid,dynamics,mixed,cnn,40,1,5,162,122,115,0.846924505636731,0.9202850132631364,0.8689098234239481,19.6083899978959,3.155394228765329,19.3879503114846,53.91304347826087
train,Beethoven/Piano_Sonatas/28-1/midi_score.mid,dynamics,mixed,visible_mean,40,1,5,162,122,115,1.0534986245636384,1.026400810874406,0.8972206727512299,0.0,0.0,0.0,0.0
train,Beethoven/Piano_Sonatas/28-1/midi_score.mid,dynamics,mixed,linear_interpolation,40,1,5,162,122,115,1.06538019199784,1.032172559215677,0.8890552324040757,-1.12781992849047,0.9100816103708054,26.40363526134098,50.43478260869565
train,Beethoven/Piano_Sonatas/28-1/midi_score.mid,dynamics,small,cnn,29,1,5,73,44,36,0.37130727810613484,0.6093498815181101,0.3000981987553714,35.29830198607312,-27.228435774741854,47.23856485071594,41.666666666666664
train,Beethoven/Piano_Sonatas/28-1/midi_score.mid,dynamics,small,visible_mean,29,1,5,73,44,36,0.5738756315579413,0.7575457950236021,0.23587352695799527,0.0,0.0,0.0,0.0
train,Beethoven/Piano_Sonatas/28-1/midi_score.mid,dynamics,small,linear_interpolation,29,1,5,73,44,36,0.2241379957008504,0.47343214476929046,0.263950390552882,60.94310624544783,-11.903355139929172,35.73138106635956,41.666666666666664
train,Beethoven/Piano_Sonatas/28-1/midi_score.mid,pedal_changes,abrupt,cnn,22,1,5,86,64,46,3.0663380302727417,1.7510962367250813,5.758643692676782,1.2522019657313366,1.817591046688516,10.673590619677036,52.17391304347826
train,Beethoven/Piano_Sonatas/28-1/midi_score.mid,pedal_changes,abrupt,visible_mean,22,1,5,86,64,46,3.1052216771543844,1.7621639189230904,5.8652499506456195,0.0,0.0,0.0,0.0
train,Beethoven/Piano_Sonatas/28-1/midi_score.mid,pedal_changes,abrupt,linear_interpolation,22,1,5,86,64,46,4.42040716445076,2.102476436122593,6.097413263648564,-42.35399672018288,-3.958285068096523,18.728196554199343,39.130434782608695
train,Beethoven/Piano_Sonatas/28-1/midi_score.mid,pedal_changes,gradual,cnn,13,1,5,33,20,2,0.38535973095417614,0.6207734940815177,0.30816352318316237,-1.0465100388847848,-10.991938737837792,42.82277190053648,100.0
train,Beethoven/Piano_Sonatas/28-1/midi_score.mid,pedal_changes,gradual,visible_mean,13,1,5,33,20,2,0.3813686695422551,0.6175505400712197,0.27764495934343714,0.0,0.0,0.0,0.0
train,Beethoven/Piano_Sonatas/28-1/midi_score.mid,pedal_changes,gradual,linear_interpolation,13,1,5,33,20,2,0.4982651974549527,0.7058790246599999,0.3282380411727623,-30.65184354367778,-18.222222347909888,76.30348769742436,100.0
train,Beethoven/Piano_Sonatas/28-1/midi_score.mid,pedal_changes,mixed,cnn,40,1,5,152,112,73,0.9027617650299158,0.9501377610798951,1.5288188798249995,-8.741687292400835,-2.1050748698329347,17.583533669173672,49.31506849315068
train,Beethoven/Piano_Sonatas/28-1/midi_score.mid,pedal_changes,mixed,visible_mean,40,1,5,152,112,73,0.8301892195239122,0.9111471997015149,1.497299602173536,0.0,0.0,0.0,0.0
train,Beethoven/Piano_Sonatas/28-1/midi_score.mid,pedal_changes,mixed,linear_interpolation,40,1,5,152,112,73,1.5451645622705894,1.243046484356313,1.5815198026570318,-86.12197387442508,-5.6248061751461575,19.867313907031498,24.65753424657534
train,Beethoven/Piano_Sonatas/28-1/midi_score.mid,pedal_changes,small,cnn,18,1,5,56,38,0,0.019588542465657558,0.1399590742526456,0.0319796581644063,35.485014418674375,,,
train,Beethoven/Piano_Sonatas/28-1/midi_score.mid,pedal_changes,small,visible_mean,18,1,5,56,38,0,0.030362778956161806,0.17424918638593928,0.0,0.0,,,
train,Beethoven/Piano_Sonatas/28-1/midi_score.mid,pedal_changes,small,linear_interpolation,18,1,5,56,38,0,0.0,0.0,0.0,100.0,,,
train,Beethoven/Piano_Sonatas/28-1/midi_score.mid,pedal_depth,abrupt,cnn,25,1,5,90,65,65,1.1480643332819525,1.071477640122253,2.15808683625611,7.5900392302615804,2.4386156880996657,10.050600957210865,50.76923076923077
train,Beethoven/Piano_Sonatas/28-1/midi_score.mid,pedal_depth,abrupt,visible_mean,25,1,5,90,65,65,1.24235994011796,1.1146120132664818,2.2120297405342075,0.0,0.0,0.0,0.0
train,Beethoven/Piano_Sonatas/28-1/midi_score.mid,pedal_depth,abrupt,linear_interpolation,25,1,5,90,65,65,1.4765089812005072,1.215116859071796,2.256609053677385,-18.84711777331738,-2.0153125577964115,18.610277616911986,46.15384615384615
train,Beethoven/Piano_Sonatas/28-1/midi_score.mid,pedal_depth,gradual,cnn,1,1,1,1,0,0,0.04362109701037653,0.20885664224624634,,-14115.989750786175,,,
train,Beethoven/Piano_Sonatas/28-1/midi_score.mid,pedal_depth,gradual,visible_mean,1,1,1,1,0,0,0.0003068453043022501,0.017517000436782837,,0.0,,,
train,Beethoven/Piano_Sonatas/28-1/midi_score.mid,pedal_depth,gradual,linear_interpolation,1,1,1,1,0,0,0.41756720052763185,0.6461943984031677,,-135983.9467552412,,,
train,Beethoven/Piano_Sonatas/28-1/midi_score.mid,pedal_depth,mixed,cnn,48,1,5,184,136,130,0.36063375135006853,0.6005278938984171,0.5271455086418962,-2.9116554533004546,-2.6630789472596117,22.50727186957901,47.69230769230769
train,Beethoven/Piano_Sonatas/28-1/midi_score.mid,pedal_depth,mixed,visible_mean,48,1,5,184,136,130,0.35043042477702435,0.5919716418689533,0.5134713609287941,0.0,0.0,0.0,0.0
train,Beethoven/Piano_Sonatas/28-1/midi_score.mid,pedal_depth,mixed,linear_interpolation,48,1,5,184,136,130,0.4881416911519329,0.6986713756494772,0.5286197324603028,-39.29774832266146,-2.950188206038895,19.32488096075889,46.92307692307692
train,Beethoven/Piano_Sonatas/28-1/midi_score.mid,pedal_depth,small,cnn,19,1,4,52,33,28,0.09848781834204562,0.3138276889346216,0.08957386816022382,35.984434695001035,-11.323184041303168,44.63507977177735,53.57142857142857
train,Beethoven/Piano_Sonatas/28-1/midi_score.mid,pedal_depth,small,visible_mean,19,1,4,52,33,28,0.15384979867444007,0.39223691651148807,0.08046290530729888,0.0,0.0,0.0,0.0
train,Beethoven/Piano_Sonatas/28-1/midi_score.mid,pedal_depth,small,linear_interpolation,19,1,4,52,33,28,0.05048026042275981,0.2246781262667993,0.081895974372793,67.18860807248728,-1.7810307246811874,14.382556996135209,39.285714285714285
train,Beethoven/Piano_Sonatas/28-1/midi_score.mid,pedal_down_ratio,abrupt,cnn,24,1,5,102,78,76,1.620056021253073,1.2728142131721631,2.5821189242821005,6.998598883628371,2.396087414010606,10.491031554189098,52.63157894736842
train,Beethoven/Piano_Sonatas/28-1/midi_score.mid,pedal_down_ratio,abrupt,visible_mean,24,1,5,102,78,76,1.741969477670465,1.3198369132852987,2.6455075988959402,0.0,0.0,0.0,0.0
train,Beethoven/Piano_Sonatas/28-1/midi_score.mid,pedal_down_ratio,abrupt,linear_interpolation,24,1,5,102,78,76,2.0007441023409256,1.414476617813432,2.722382680434213,-14.855290404773314,-2.9058726412411584,22.19063340216563,48.68421052631579
train,Beethoven/Piano_Sonatas/28-1/midi_score.mid,pedal_down_ratio,gradual,cnn,4,1,2,7,3,3,0.6290001072191806,0.7930952699513348,0.7140715611143899,34.64043505311335,18.97455277026827,30.87142743587706,66.66666666666667
train,Beethoven/Piano_Sonatas/28-1/midi_score.mid,pedal_down_ratio,gradual,visible_mean,4,1,2,7,3,3,0.9623688709224533,0.981004011675005,0.8812929586056839,0.0,0.0,0.0,0.0
train,Beethoven/Piano_Sonatas/28-1/midi_score.mid,pedal_down_ratio,gradual,linear_interpolation,4,1,2,7,3,3,0.18676211555934888,0.4321598264060981,0.1772403965985537,80.59349993518255,79.88859494815773,76.96736271307878,100.0
train,Beethoven/Piano_Sonatas/28-1/midi_score.mid,pedal_down_ratio,mixed,cnn,56,1,5,202,146,135,0.3769223190451272,0.6139399962904577,0.5542836238659313,-3.8471921396623143,-7.352084109826595,22.361553807860886,52.592592592592595
train,Beethoven/Piano_Sonatas/28-1/midi_score.mid,pedal_down_ratio,mixed,visible_mean,56,1,5,202,146,135,0.36295860415581654,0.6024604585828156,0.516323114229316,0.0,0.0,0.0,0.0
train,Beethoven/Piano_Sonatas/28-1/midi_score.mid,pedal_down_ratio,mixed,linear_interpolation,56,1,5,202,146,135,0.4658122672476676,0.6825044082258133,0.5267489957016853,-28.337574013728695,-2.0192552270164033,19.167755136899636,45.18518518518518
train,Beethoven/Piano_Sonatas/28-1/midi_score.mid,pedal_down_ratio,small,cnn,9,1,3,16,7,5,0.04381311978235125,0.20931583739017756,0.045760066031659566,47.84953872325233,-7.478919057201083,45.19967096016383,60.0
train,Beethoven/Piano_Sonatas/28-1/midi_score.mid,pedal_down_ratio,small,visible_mean,9,1,3,16,7,5,0.08401290939661585,0.2898498048931823,0.04257585248629614,0.0,0.0,0.0,0.0
train,Beethoven/Piano_Sonatas/28-1/midi_score.mid,pedal_down_ratio,small,linear_interpolation,9,1,3,16,7,5,0.016019359335038674,0.1265676077637508,0.04707872502134214,80.93226451733386,-10.57611832081422,16.137301379959105,60.0
train,Beethoven/Piano_Sonatas/28-1/midi_score.mid,rubato,abrupt,cnn,20,1,5,79,59,57,3.6949988536651093,1.9222379804969802,6.304489124446942,2.023395562214758,-0.16528718382513574,10.98002734932334,49.12280701754386
train,Beethoven/Piano_Sonatas/28-1/midi_score.mid,rubato,abrupt,visible_mean,20,1,5,79,59,57,3.7713073185868766,1.9419854063784507,6.29408580726857,0.0,0.0,0.0,0.0
train,Beethoven/Piano_Sonatas/28-1/midi_score.mid,rubato,abrupt,linear_interpolation,20,1,5,79,59,57,4.636485025713328,2.1532498753543043,6.422787505889245,-22.941055555521174,-2.0448036865345243,21.137986487542708,47.36842105263158
train,Beethoven/Piano_Sonatas/28-1/midi_score.mid,rubato,gradual,cnn,2,1,2,6,4,3,0.25410143590462897,0.5040847507162154,0.358536683573645,-15.64465513220281,-0.4006370981704199,20.31688970652592,66.66666666666667
train,Beethoven/Piano_Sonatas/28-1/midi_score.mid,rubato,gradual,visible_mean,2,1,2,6,4,3,0.21972605272084986,0.46874945623525777,0.35710598451987163,0.0,0.0,0.0,0.0
train,Beethoven/Piano_Sonatas/28-1/midi_score.mid,rubato,gradual,linear_interpolation,2,1,2,6,4,3,0.323255963681604,0.5685560338978067,0.24724436392294163,-47.117722126598835,30.764429989779853,125.01753045245343,100.0
train,Beethoven/Piano_Sonatas/28-1/midi_score.mid,rubato,mixed,cnn,43,1,5,166,123,113,1.2096571774502276,1.0998441605292213,1.470722140087539,2.2211361983226263,3.212463710939728,23.748989976134737,57.52212389380531
train,Beethoven/Piano_Sonatas/28-1/midi_score.mid,rubato,mixed,visible_mean,43,1,5,166,123,113,1.2371356450855755,1.1122659956528274,1.5195367053203648,0.0,0.0,0.0,0.0
train,Beethoven/Piano_Sonatas/28-1/midi_score.mid,rubato,mixed,linear_interpolation,43,1,5,166,123,113,1.6833851372427087,1.297453327577801,1.6193821746058585,-36.0711853974804,-6.570783643192302,24.76113997354673,47.78761061946903
train,Beethoven/Piano_Sonatas/28-1/midi_score.mid,rubato,small,cnn,28,1,5,76,48,29,0.41458506182356797,0.6438828013105863,0.22251537288176926,32.64845798428057,-105.25015386271157,118.71720118021443,58.62068965517241
train,Beethoven/Piano_Sonatas/28-1/midi_score.mid,rubato,small,visible_mean,28,1,5,76,48,29,0.615553927075354,0.7845724485828915,0.10841179345989972,0.0,0.0,0.0,0.0
train,Beethoven/Piano_Sonatas/28-1/midi_score.mid,rubato,small,linear_interpolation,28,1,5,76,48,29,0.16407657838468534,0.40506367201303717,0.10434463384009317,73.34488967290763,3.7515841127662486,27.00746136691288,44.827586206896555
train,Beethoven/Piano_Sonatas/28-1/midi_score.mid,tempo,abrupt,cnn,41,1,5,155,114,111,2.442948518015003,1.5629934478477518,4.077210631613302,2.571202885479129,3.2800754599096815,11.932296743223239,56.75675675675676
train,Beethoven/Piano_Sonatas/28-1/midi_score.mid,tempo,abrupt,visible_mean,41,1,5,155,114,111,2.507419356869904,1.5834832985762446,4.215481609400245,0.0,0.0,0.0,0.0
train,Beethoven/Piano_Sonatas/28-1/midi_score.mid,tempo,abrupt,linear_interpolation,41,1,5,155,114,111,3.37568558753063,1.8373038909039054,4.409293723183333,-34.62788257902787,-4.597626837011903,22.401821048046045,43.24324324324324
train,Beethoven/Piano_Sonatas/28-1/midi_score.mid,tempo,gradual,cnn,9,1,5,20,11,7,1.1560791375375017,1.0752112060137309,0.5214091130581612,4.351573086930172,-49.50870451402274,37.114440331468344,42.857142857142854
train,Beethoven/Piano_Sonatas/28-1/midi_score.mid,tempo,gradual,visible_mean,9,1,5,20,11,7,1.2086755369099853,1.0993978064877086,0.3487483319135155,0.0,0.0,0.0,0.0
train,Beethoven/Piano_Sonatas/28-1/midi_score.mid,tempo,gradual,linear_interpolation,9,1,5,20,11,7,0.20897220604897782,0.4571347788661215,0.21612043198257747,82.71064486146369,38.029687254196766,86.67573613001746,100.0
train,Beethoven/Piano_Sonatas/28-1/midi_score.mid,tempo,mixed,cnn,28,1,5,110,82,75,0.8086280005461178,0.8992374550396118,0.9150804405855107,7.576835716558028,1.6477773897613068,33.45825744976776,56.0
train,Beethoven/Piano_Sonatas/28-1/midi_score.mid,tempo,mixed,visible_mean,28,1,5,110,82,75,0.8749191902435083,0.9353711510643827,0.930411551767259,0.0,0.0,0.0,0.0
train,Beethoven/Piano_Sonatas/28-1/midi_score.mid,tempo,mixed,linear_interpolation,28,1,5,110,82,75,0.8705954743969826,0.9330570584894488,0.9322174234074015,0.49418459381629365,-0.19409385413502456,26.61474011574723,54.666666666666664
train,Beethoven/Piano_Sonatas/28-1/midi_score.mid,tempo,small,cnn,15,1,5,42,27,10,0.3925453827023013,0.6265344225996695,0.1328560618592906,34.14779292728668,-197.26022784542852,136.55380094139971,70.0
train,Beethoven/Piano_Sonatas/28-1/midi_score.mid,tempo,small,visible_mean,15,1,5,42,27,10,0.5961005714946757,0.7720754959812387,0.04469352083265375,0.0,0.0,0.0,0.0
train,Beethoven/Piano_Sonatas/28-1/midi_score.mid,tempo,small,linear_interpolation,15,1,5,42,27,10,0.09470329787231242,0.3077390093444645,0.050439115698370146,84.11286578121351,-12.855543171972661,26.452814602543956,20.0
train,Beethoven/Piano_Sonatas/32-1/midi_score.mid,articulation,abrupt,cnn,109,1,5,423,314,304,4.356329501453415,2.087182191724866,7.789072360751202,5.373855658050175,3.4041061161215747,11.225686367733203,53.94736842105263
train,Beethoven/Piano_Sonatas/32-1/midi_score.mid,articulation,abrupt,visible_mean,109,1,5,423,314,304,4.603727153577111,2.145629780175767,8.063564658467513,0.0,0.0,0.0,0.0
train,Beethoven/Piano_Sonatas/32-1/midi_score.mid,articulation,abrupt,linear_interpolation,109,1,5,423,314,304,7.995266195819669,2.8275901746575065,8.515022093143694,-73.66941891000904,-5.598732741630674,23.998214752255986,46.05263157894737
train,Beethoven/Piano_Sonatas/32-1/midi_score.mid,articulation,gradual,cnn,14,1,5,34,20,18,0.8686527373744113,0.9320154169188465,0.435433533126033,15.908745090212484,8.144214315616338,42.258995536709314,50.0
train,Beethoven/Piano_Sonatas/32-1/midi_score.mid,articulation,gradual,visible_mean,14,1,5,34,20,18,1.0329881963425276,1.0163602689708642,0.4740403991776653,0.0,0.0,0.0,0.0
train,Beethoven/Piano_Sonatas/32-1/midi_score.mid,articulation,gradual,linear_interpolation,14,1,5,34,20,18,0.5742795232056864,0.7578123271666187,0.2787963167189408,44.405993675530674,41.18722429510677,78.89288732252717,77.77777777777777
train,Beethoven/Piano_Sonatas/32-1/midi_score.mid,articulation,mixed,cnn,140,1,5,575,435,418,1.3321678632195124,1.1541957646861785,1.5540385523770823,10.64888648902178,-1.9814575327044448,30.10590505065982,52.87081339712919
train,Beethoven/Piano_Sonatas/32-1/midi_score.mid,articulation,mixed,visible_mean,140,1,5,575,435,418,1.490935938986182,1.2210388769347935,1.5238442261709366,0.0,0.0,0.0,0.0
train,Beethoven/Piano_Sonatas/32-1/midi_score.mid,articulation,mixed,linear_interpolation,140,1,5,575,435,418,1.29778740565769,1.139204725085746,1.5177113004760456,12.954851263417178,0.4024640832417381,22.7173330706359,51.67464114832536
train,Beethoven/Piano_Sonatas/32-1/midi_score.mid,articulation,small,cnn,88,1,5,260,172,154,0.5760738925572315,0.7589953178756977,0.4225725928964391,18.43544695748448,-1.5042221066292827,41.89327575440171,57.142857142857146
train,Beethoven/Piano_Sonatas/32-1/midi_score.mid,articulation,small,visible_mean,88,1,5,260,172,154,0.7062797147395058,0.840404494716387,0.41631036042277175,0.0,0.0,0.0,0.0
train,Beethoven/Piano_Sonatas/32-1/midi_score.mid,articulation,small,linear_interpolation,88,1,5,260,172,154,0.2763328592303607,0.5256737193643608,0.420425291639853,60.87486962126904,-0.9884287320888197,20.525647543216863,49.35064935064935
train,Beethoven/Piano_Sonatas/32-1/midi_score.mid,dynamics,abrupt,cnn,118,1,5,456,338,323,2.1251169876521887,1.457778099592729,3.7434329123683185,15.039512572142765,5.218846712228597,17.211069515492554,55.417956656346746
train,Beethoven/Piano_Sonatas/32-1/midi_score.mid,dynamics,abrupt,visible_mean,118,1,5,456,338,323,2.501300371489389,1.5815499901961332,3.9495540859295426,0.0,0.0,0.0,0.0
train,Beethoven/Piano_Sonatas/32-1/midi_score.mid,dynamics,abrupt,linear_interpolation,118,1,5,456,338,323,2.6308992649558713,1.6220047055899287,4.084325231580925,-5.181260713175084,-3.412312952783969,20.037982451734898,50.46439628482972
train,Beethoven/Piano_Sonatas/32-1/midi_score.mid,dynamics,gradual,cnn,16,1,5,38,22,20,0.7571304466525787,0.8701324305257095,0.37860147011094775,18.419160714883386,11.050967597620676,48.125901777415834,60.0
train,Beethoven/Piano_Sonatas/32-1/midi_score.mid,dynamics,gradual,visible_mean,16,1,5,38,22,20,0.9280738630384592,0.9633659029872602,0.4256386605739181,0.0,0.0,0.0,0.0
train,Beethoven/Piano_Sonatas/32-1/midi_score.mid,dynamics,gradual,linear_interpolation,16,1,5,38,22,20,0.6414194581749552,0.8008866699945475,0.31978884831423876,30.887024867289593,24.868467567526576,78.28840555281987,70.0
train,Beethoven/Piano_Sonatas/32-1/midi_score.mid,dynamics,mixed,cnn,133,1,5,535,402,382,0.74914673833175,0.8655326327364844,0.9212021214239016,23.64362864634042,-1.2489695558127734,28.265912076235,54.712041884816756
train,Beethoven/Piano_Sonatas/32-1/midi_score.mid,dynamics,mixed,visible_mean,133,1,5,535,402,382,0.9811188314095353,0.9905144276634921,0.9098385153599963,0.0,0.0,0.0,0.0
train,Beethoven/Piano_Sonatas/32-1/midi_score.mid,dynamics,mixed,linear_interpolation,133,1,5,535,402,382,0.8667786618330344,0.9310094853614728,0.9045794442133122,11.654059214441205,0.578022479582907,24.310672002526506,51.57068062827225
train,Beethoven/Piano_Sonatas/32-1/midi_score.mid,dynamics,small,cnn,84,1,5,263,179,155,0.34671124723924746,0.5888219147070254,0.30527130801787816,24.929129047491795,-16.88552381649917,52.96405867513403,52.25806451612903
train,Beethoven/Piano_Sonatas/32-1/midi_score.mid,dynamics,small,visible_mean,84,1,5,263,179,155,0.4618452441541354,0.6795919688711274,0.26117118531900446,0.0,0.0,0.0,0.0
train,Beethoven/Piano_Sonatas/32-1/midi_score.mid,dynamics,small,linear_interpolation,84,1,5,263,179,155,0.2559232808250069,0.5058886051543432,0.2752576425558933,44.586788742682046,-5.393572502909572,23.519362081818308,49.03225806451613
train,Beethoven/Piano_Sonatas/32-1/midi_score.mid,pedal_changes,abrupt,cnn,23,1,5,90,67,55,3.7908301462944003,1.9470054304737827,7.646857073690926,10.58000371961877,5.0909671722135785,12.817762722260447,56.36363636363637
train,Beethoven/Piano_Sonatas/32-1/midi_score.mid,pedal_changes,abrupt,visible_mean,23,1,5,90,67,55,4.239353952116088,2.0589691479272068,8.057038245839298,0.0,0.0,0.0,0.0
train,Beethoven/Piano_Sonatas/32-1/midi_score.mid,pedal_changes,abrupt,linear_interpolation,23,1,5,90,67,55,5.5236408736015115,2.3502427265287964,8.250973781172522,-30.2944018355525,-2.407032577180246,15.709581149087903,20.0
train,Beethoven/Piano_Sonatas/32-1/midi_score.mid,pedal_changes,gradual,cnn,74,1,5,231,157,20,0.4230407444064792,0.6504158242282234,0.43704499824642545,4.206656606781689,-27.835120636038813,46.08888971344094,45.0
train,Beethoven/Piano_Sonatas/32-1/midi_score.mid,pedal_changes,gradual,visible_mean,74,1,5,231,157,20,0.4416181014477759,0.6645435286328323,0.3418817896614988,0.0,0.0,0.0,0.0
train,Beethoven/Piano_Sonatas/32-1/midi_score.mid,pedal_changes,gradual,linear_interpolation,74,1,5,231,157,20,0.5507224345628774,0.7421067541552747,0.2858966792153817,-24.705584476139,16.375575458859217,64.78006019833825,100.0
train,Beethoven/Piano_Sonatas/32-1/midi_score.mid,pedal_changes,mixed,cnn,175,1,5,714,539,343,0.9597707162562492,0.9796788842555755,1.82149669358067,6.218174046936831,-0.029846551397172405,19.06987943127538,54.81049562682216
train,Beethoven/Piano_Sonatas/32-1/midi_score.mid,pedal_changes,mixed,visible_mean,175,1,5,714,539,343,1.0234080073644594,1.011636301921031,1.8209532018473622,0.0,0.0,0.0,0.0
train,Beethoven/Piano_Sonatas/32-1/midi_score.mid,pedal_changes,mixed,linear_interpolation,175,1,5,714,539,343,1.2712727313154235,1.1275073087636387,1.851513740487168,-24.2195411964071,-1.678271501365436,15.328164476245016,26.239067055393587
train,Beethoven/Piano_Sonatas/32-1/midi_score.mid,pedal_changes,small,cnn,79,1,5,257,178,0,0.16461833549731422,0.4057318517165176,0.10045128584262618,-126.21873550790563,,,
train,Beethoven/Piano_Sonatas/32-1/midi_score.mid,pedal_changes,small,visible_mean,79,1,5,257,178,0,0.07276954100539623,0.2697583010870958,0.0,0.0,,,
train,Beethoven/Piano_Sonatas/32-1/midi_score.mid,pedal_changes,small,linear_interpolation,79,1,5,257,178,0,0.0,0.0,0.0,100.0,,,
train,Beethoven/Piano_Sonatas/32-1/midi_score.mid,pedal_depth,abrupt,cnn,138,1,5,535,397,354,1.5141861721628076,1.230522723139564,2.6693901982388106,5.430679433386587,-0.33109397344175395,15.783072837697581,55.367231638418076
train,Beethoven/Piano_Sonatas/32-1/midi_score.mid,pedal_depth,abrupt,visible_mean,138,1,5,535,397,354,1.6011388927091152,1.2653611708556238,2.6605811743121373,0.0,0.0,0.0,0.0
train,Beethoven/Piano_Sonatas/32-1/midi_score.mid,pedal_depth,abrupt,linear_interpolation,138,1,5,535,397,354,2.1746032499629018,1.4746536033804352,2.7961265621299236,-35.816028194998694,-5.094578174365605,20.75316396825518,44.067796610169495
train,Beethoven/Piano_Sonatas/32-1/midi_score.mid,pedal_depth,gradual,cnn,33,1,5,97,64,35,0.4242222146268829,0.651323433193435,0.15196621488330733,-16.65446003301392,-16.71808900831575,65.00432471564665,68.57142857142857
train,Beethoven/Piano_Sonatas/32-1/midi_score.mid,pedal_depth,gradual,visible_mean,33,1,5,97,64,35,0.3636570899276594,0.6030398742435358,0.1301993685592987,0.0,0.0,0.0,0.0
train,Beethoven/Piano_Sonatas/32-1/midi_score.mid,pedal_depth,gradual,linear_interpolation,33,1,5,97,64,35,0.27065592304199687,0.5202460216493701,0.09850958648871184,25.57386325237404,24.33942838682347,83.56331490008539,77.14285714285714
train,Beethoven/Piano_Sonatas/32-1/midi_score.mid,pedal_depth,mixed,cnn,116,1,5,454,338,301,0.4402622896901114,0.663522636908577,0.589279134999345,-1.1739831615385166,-8.619608800030075,32.165370982559125,52.49169435215947
train,Beethoven/Piano_Sonatas/32-1/midi_score.mid,pedal_depth,mixed,visible_mean,116,1,5,454,338,301,0.43515365900655567,0.6596617762206294,0.5425163481155733,0.0,0.0,0.0,0.0
train,Beethoven/Piano_Sonatas/32-1/midi_score.mid,pedal_depth,mixed,linear_interpolation,116,1,5,454,338,301,0.4327169804548709,0.6578122683979608,0.5386819141999947,0.5599581897685613,0.706786796176273,23.17436099756408,47.50830564784053
train,Beethoven/Piano_Sonatas/32-1/midi_score.mid,pedal_depth,small,cnn,64,1,5,206,142,70,0.23606988982139898,0.48587023969512577,0.0792134004347993,-13.795080616385548,-110.7478624266677,105.11122804648959,54.285714285714285
train,Beethoven/Piano_Sonatas/32-1/midi_score.mid,pedal_depth,small,visible_mean,64,1,5,206,142,70,0.20745175322403778,0.4554687181618928,0.037586810856675985,0.0,0.0,0.0,0.0
train,Beethoven/Piano_Sonatas/32-1/midi_score.mid,pedal_depth,small,linear_interpolation,64,1,5,206,142,70,0.036093173899855224,0.18998203572931632,0.0389697645811418,82.60165395619657,-3.6793590436262846,26.781593701784278,45.714285714285715
train,Beethoven/Piano_Sonatas/32-1/midi_score.mid,pedal_down_ratio,abrupt,cnn,124,1,5,474,350,290,1.8852439372264373,1.373041855598888,3.4206540924828435,4.519266816383249,1.1543612535200753,13.871722277276605,61.03448275862069
train,Beethoven/Piano_Sonatas/32-1/midi_score.mid,pedal_down_ratio,abrupt,visible_mean,124,1,5,474,350,290,1.9744757652844676,1.4051604055354205,3.460601940421635,0.0,0.0,0.0,0.0
train,Beethoven/Piano_Sonatas/32-1/midi_score.mid,pedal_down_ratio,abrupt,linear_interpolation,124,1,5,474,350,290,2.591656663310136,1.6098623119105981,3.61011179693572,-31.257962689491393,-4.3203425036474785,19.575728764067886,41.03448275862069
train,Beethoven/Piano_Sonatas/32-1/midi_score.mid,pedal_down_ratio,gradual,cnn,44,1,5,128,84,36,0.40178687894891435,0.6338666097444433,0.14670748678111872,-63.039613723748936,-21.76480811048083,52.25756916720985,58.333333333333336
train,Beethoven/Piano_Sonatas/32-1/midi_score.mid,pedal_down_ratio,gradual,visible_mean,44,1,5,128,84,36,0.24643512688253422,0.496422327139437,0.1204843082806049,0.0,0.0,0.0,0.0
train,Beethoven/Piano_Sonatas/32-1/midi_score.mid,pedal_down_ratio,gradual,linear_interpolation,44,1,5,128,84,36,0.36149692266453565,0.6012461414965884,0.10713391486457212,-46.690501162541985,11.080607596584324,93.70326323243171,75.0
train,Beethoven/Piano_Sonatas/32-1/midi_score.mid,pedal_down_ratio,mixed,cnn,129,1,5,513,384,329,0.3879780969109103,0.6228788782025847,0.5710675012566967,-0.41059959944267366,-2.350667136248652,28.638824618753905,53.495440729483285
train,Beethoven/Piano_Sonatas/32-1/midi_score.mid,pedal_down_ratio,mixed,visible_mean,129,1,5,513,384,329,0.3863915746531044,0.621604033652537,0.5579519090935624,0.0,0.0,0.0,0.0
train,Beethoven/Piano_Sonatas/32-1/midi_score.mid,pedal_down_ratio,mixed,linear_interpolation,129,1,5,513,384,329,0.4135843754427876,0.6431052600024257,0.5669893043853417,-7.037627778011557,-1.6197444877393163,17.67731618324362,42.5531914893617
train,Beethoven/Piano_Sonatas/32-1/midi_score.mid,pedal_down_ratio,small,cnn,54,1,5,177,123,26,0.16451215975836012,0.4056009858942161,0.0826972028082932,-55.31968545290993,-910.4745935855552,305.1303394436426,46.15384615384615
train,Beethoven/Piano_Sonatas/32-1/midi_score.mid,pedal_down_ratio,small,visible_mean,54,1,5,177,123,26,0.10591842191712214,0.32545110526332854,0.008183996246244201,0.0,0.0,0.0,0.0
train,Beethoven/Piano_Sonatas/32-1/midi_score.mid,pedal_down_ratio,small,linear_interpolation,54,1,5,177,123,26,0.012989809498292957,0.11397284544264462,0.008346846085549912,87.73602432591275,-1.9898572091897826,27.373068913069904,26.923076923076923
train,Beethoven/Piano_Sonatas/32-1/midi_score.mid,rubato,abrupt,cnn,131,1,5,513,382,348,5.833953429360122,2.415357826360335,8.129874618750584,21.966603010976137,6.952983353515907,17.489491482837735,56.89655172413793
train,Beethoven/Piano_Sonatas/32-1/midi_score.mid,rubato,abrupt,visible_mean,131,1,5,513,382,348,7.476226403652173,2.7342688974664093,8.737383434483046,0.0,0.0,0.0,0.0
train,Beethoven/Piano_Sonatas/32-1/midi_score.mid,rubato,abrupt,linear_interpolation,131,1,5,513,382,348,7.736985659935387,2.781543754812314,8.670820270404425,-3.4878459025242003,0.7618203387517841,22.606719166617022,51.14942528735632
train,Beethoven/Piano_Sonatas/32-1/midi_score.mid,rubato,gradual,cnn,11,1,5,29,18,16,0.8630232765267217,0.928990460944956,0.9007574689397555,16.97752245606101,-1.965031840232001,40.58294968054999,56.25
train,Beethoven/Piano_Sonatas/32-1/midi_score.mid,rubato,gradual,visible_mean,11,1,5,29,18,16,1.0395055677180598,1.0195614585291364,0.8833984089282133,0.0,0.0,0.0,0.0
train,Beethoven/Piano_Sonatas/32-1/midi_score.mid,rubato,gradual,linear_interpolation,11,1,5,29,18,16,0.741497120601775,0.8611022706983038,0.6550794203106024,28.668287729374843,25.845528621069157,68.40278414785682,62.5
train,Beethoven/Piano_Sonatas/32-1/midi_score.mid,rubato,mixed,cnn,114,1,5,451,337,318,1.1870011380897139,1.0894958182984062,1.6234778538843786,10.672902305934805,-7.731051068885764,28.909152018714433,49.685534591194966
train,Beethoven/Piano_Sonatas/32-1/midi_score.mid,rubato,mixed,visible_mean,114,1,5,451,337,318,1.3288253718429912,1.1527468810814416,1.5069730015409288,0.0,0.0,0.0,0.0
train,Beethoven/Piano_Sonatas/32-1/midi_score.mid,rubato,mixed,linear_interpolation,114,1,5,451,337,318,1.1837376481097348,1.0879970809288666,1.5190060732273032,10.91849439419037,-0.7984928511705291,21.857532274440423,52.83018867924528
train,Beethoven/Piano_Sonatas/32-1/midi_score.mid,rubato,small,cnn,95,1,5,299,204,173,0.3144970579469914,0.5608003726344977,0.39138048744034004,20.1896537626849,-15.00552490167224,58.075074908923284,60.115606936416185
train,Beethoven/Piano_Sonatas/32-1/midi_score.mid,rubato,small,visible_mean,95,1,5,299,204,173,0.3940554987843784,0.6277383999600299,0.340314509042034,0.0,0.0,0.0,0.0
train,Beethoven/Piano_Sonatas/32-1/midi_score.mid,rubato,small,linear_interpolation,95,1,5,299,204,173,0.27915406427457023,0.5283503234356635,0.36579146535088,29.15869334757859,-7.486297419572918,19.661471171889165,42.774566473988436
train,Beethoven/Piano_Sonatas/32-1/midi_score.mid,tempo,abrupt,cnn,159,1,5,614,455,410,4.812447531970813,2.193729138241732,6.745112497689243,20.24410356920011,5.369977166453232,14.921662206306472,56.829268292682926
train,Beethoven/Piano_Sonatas/32-1/midi_score.mid,tempo,abrupt,visible_mean,159,1,5,614,455,410,6.033970837687628,2.4564142235558784,7.1278779141307265,0.0,0.0,0.0,0.0
train,Beethoven/Piano_Sonatas/32-1/midi_score.mid,tempo,abrupt,linear_interpolation,159,1,5,614,455,410,6.202881661098148,2.4905585038497184,7.06929014642968,-2.79933111965871,0.8219524577560366,22.54569499478874,50.24390243902439
train,Beethoven/Piano_Sonatas/32-1/midi_score.mid,tempo,gradual,cnn,13,1,5,29,16,13,0.4345775640046724,0.6592249722247121,0.4359542340185824,3.0145161590226066,12.260315376288222,56.7907577636502,61.53846153846154
train,Beethoven/Piano_Sonatas/32-1/midi_score.mid,tempo,gradual,visible_mean,13,1,5,29,16,13,0.4480851636696777,0.6693916369881519,0.49687235130631546,0.0,0.0,0.0,0.0
train,Beethoven/Piano_Sonatas/32-1/midi_score.mid,tempo,gradual,linear_interpolation,13,1,5,29,16,13,0.4960106602047774,0.7042802426625195,0.33473378362602013,-10.695622265777516,32.63183537059783,84.81010876126815,76.92307692307692
train,Beethoven/Piano_Sonatas/32-1/midi_score.mid,tempo,mixed,cnn,117,1,5,467,350,333,0.7644304453327503,0.874317130870001,1.031904579992924,11.73665297954527,-7.114673871119193,31.096390611847806,49.249249249249246
train,Beethoven/Piano_Sonatas/32-1/midi_score.mid,tempo,mixed,visible_mean,117,1,5,467,350,333,0.866079149656081,0.9306337355028996,0.9633643484127261,0.0,0.0,0.0,0.0
train,Beethoven/Piano_Sonatas/32-1/midi_score.mid,tempo,mixed,linear_interpolation,117,1,5,467,350,333,0.8141392707356053,0.9022966644821454,0.9914010754881618,5.997128431171783,-2.910293195054403,20.686601266384578,49.849849849849846
train,Beethoven/Piano_Sonatas/32-1/midi_score.mid,tempo,small,cnn,62,1,5,182,120,99,0.29610764817250995,0.5441577419944607,0.25492551245232997,12.357664646182108,-28.22358586631988,69.63936597885922,59.5959595959596
train,Beethoven/Piano_Sonatas/32-1/midi_score.mid,tempo,small,visible_mean,62,1,5,182,120,99,0.33785914875168926,0.5812565257712718,0.1988132766136363,0.0,0.0,0.0,0.0
train,Beethoven/Piano_Sonatas/32-1/midi_score.mid,tempo,small,linear_interpolation,62,1,5,182,120,99,0.17274376111202452,0.41562454344278627,0.21016980398644367,48.871071939217146,-5.712157440509902,19.31942140554598,41.41414141414141
train,Beethoven/Piano_Sonatas/7-1/midi_score.mid,articulation,abrupt,cnn,161,1,9,664,503,493,2.927600905473354,1.711023350358888,5.955670169620068,4.359107159134279,1.6624603207514799,9.310878207572394,52.94117647058823
train,Beethoven/Piano_Sonatas/7-1/midi_score.mid,articulation,abrupt,visible_mean,161,1,9,664,503,493,3.061034687687943,1.7495812892483569,6.0563546627726454,0.0,0.0,0.0,0.0
train,Beethoven/Piano_Sonatas/7-1/midi_score.mid,articulation,abrupt,linear_interpolation,161,1,9,664,503,493,4.637978219450606,2.153596577692908,6.278035887747509,-51.516682842746796,-3.6603078471856954,16.656342677252315,47.05882352941177
train,Beethoven/Piano_Sonatas/7-1/midi_score.mid,articulation,gradual,cnn,21,1,8,45,24,24,1.0891610289284748,1.0436287792737773,0.8458152576336037,1.299137198838618,-29.036751656467974,36.06122253046477,50.0
train,Beethoven/Piano_Sonatas/7-1/midi_score.mid,articulation,gradual,visible_mean,21,1,8,45,24,24,1.1034969685347664,1.0504746396437976,0.6554839972145309,0.0,0.0,0.0,0.0
train,Beethoven/Piano_Sonatas/7-1/midi_score.mid,articulation,gradual,linear_interpolation,21,1,8,45,24,24,0.6738064337648583,0.8208571335895536,0.2830017645592513,38.938986424263156,56.825526517525525,79.78389733284868,79.16666666666667
train,Beethoven/Piano_Sonatas/7-1/midi_score.mid,articulation,mixed,cnn,247,1,9,989,742,736,1.053284104159557,1.0262963042706317,1.4911297488298207,13.009199685608763,-1.7086007502785883,17.257545622792243,51.22282608695652
train,Beethoven/Piano_Sonatas/7-1/midi_score.mid,articulation,mixed,visible_mean,247,1,9,989,742,736,1.2107994182751622,1.1003633119452694,1.466080289995275,0.0,0.0,0.0,0.0
train,Beethoven/Piano_Sonatas/7-1/midi_score.mid,articulation,mixed,linear_interpolation,247,1,9,989,742,736,1.2320299162574921,1.1099684302976784,1.4843097816196087,-1.7534281617490155,-1.2434170044256287,23.39094825938567,50.13586956521739
train,Beethoven/Piano_Sonatas/7-1/midi_score.mid,articulation,small,cnn,132,1,9,388,256,246,0.37538302993535994,0.6126850985093076,0.42659430234229756,17.889294272394316,-13.920299573244254,41.21741834987817,52.84552845528455
train,Beethoven/Piano_Sonatas/7-1/midi_score.mid,articulation,small,visible_mean,132,1,9,388,256,246,0.45716697549848956,0.6761412393120905,0.374467328422027,0.0,0.0,0.0,0.0
train,Beethoven/Piano_Sonatas/7-1/midi_score.mid,articulation,small,linear_interpolation,132,1,9,388,256,246,0.2701167820972367,0.5197276037476138,0.3958854007033137,40.915071172255054,-5.719610405409892,20.936309516779943,51.21951219512195
train,Beethoven/Piano_Sonatas/7-1/midi_score.mid,dynamics,abrupt,cnn,158,1,9,633,475,469,1.8556372021576522,1.362217751373712,2.7412025686817985,10.659526539139785,-0.23311825762071248,11.258987247788152,50.53304904051173
train,Beethoven/Piano_Sonatas/7-1/midi_score.mid,dynamics,abrupt,visible_mean,158,1,9,633,475,469,2.0770398121637457,1.441193884306947,2.734827187194074,0.0,0.0,0.0,0.0
train,Beethoven/Piano_Sonatas/7-1/midi_score.mid,dynamics,abrupt,linear_interpolation,158,1,9,633,475,469,2.4528018100928097,1.5661423339188587,2.795025342905237,-18.09122751179313,-2.2011685415825433,20.96705152682869,48.18763326226013
train,Beethoven/Piano_Sonatas/7-1/midi_score.mid,dynamics,gradual,cnn,32,1,9,95,63,60,0.44156067442444075,0.6645003193561616,0.2663674701324372,34.42680116018671,-0.5275142451505843,34.71231298824942,40.0
train,Beethoven/Piano_Sonatas/7-1/midi_score.mid,dynamics,gradual,visible_mean,32,1,9,95,63,60,0.6733858988687063,0.820600937647957,0.2649697171292453,0.0,0.0,0.0,0.0
train,Beethoven/Piano_Sonatas/7-1/midi_score.mid,dynamics,gradual,linear_interpolation,32,1,9,95,63,60,0.28487350357851093,0.533735424698896,0.1670356056380651,57.695356547100154,36.960492146885784,93.70143463434361,73.33333333333333
train,Beethoven/Piano_Sonatas/7-1/midi_score.mid,dynamics,mixed,cnn,245,1,9,1008,763,749,0.8868988933105791,0.9417530957265705,0.9012997499435031,6.149077988135709,-3.10071184403955,18.2584134722463,49.532710280373834
train,Beethoven/Piano_Sonatas/7-1/midi_score.mid,dynamics,mixed,visible_mean,245,1,9,1008,763,749,0.9450081835087999,0.9721153138948074,0.8741935276905743,0.0,0.0,0.0,0.0
train,Beethoven/Piano_Sonatas/7-1/midi_score.mid,dynamics,mixed,linear_interpolation,245,1,9,1008,763,749,0.9712840834836288,0.9855374591985983,0.8491657289487846,-2.7804944373356566,2.8629585954391135,27.15424925296587,55.54072096128171
train,Beethoven/Piano_Sonatas/7-1/midi_score.mid,dynamics,small,cnn,126,1,9,350,224,216,0.33080749939278226,0.5751586732309462,0.36469190481215774,33.27214262150201,-9.245107273714304,31.081971279406762,52.77777777777778
train,Beethoven/Piano_Sonatas/7-1/midi_score.mid,dynamics,small,visible_mean,126,1,9,350,224,216,0.49575621395477293,0.70409957673242,0.33382905094176885,0.0,0.0,0.0,0.0
train,Beethoven/Piano_Sonatas/7-1/midi_score.mid,dynamics,small,linear_interpolation,126,1,9,350,224,216,0.26984655383406786,0.5194675676440906,0.3378088707009951,45.56869964746715,-1.1921729843459516,19.07851742390994,48.611111111111114
train,Beethoven/Piano_Sonatas/7-1/midi_score.mid,pedal_changes,abrupt,cnn,122,1,9,492,370,208,2.2473081582657333,1.4991024508904431,3.5744245201836913,4.871196661237809,3.0339791148957795,10.80963513334434,59.61538461538461
train,Beethoven/Piano_Sonatas/7-1/midi_score.mid,pedal_changes,abrupt,visible_mean,122,1,9,492,370,208,2.362384555877222,1.5370050604592107,3.6862650313546994,0.0,0.0,0.0,0.0
train,Beethoven/Piano_Sonatas/7-1/midi_score.mid,pedal_changes,abrupt,linear_interpolation,122,1,9,492,370,208,3.2572194451256316,1.8047768408104177,3.937161323689514,-37.87846000864712,-6.80624670773089,21.63998546890575,25.48076923076923
train,Beethoven/Piano_Sonatas/7-1/midi_score.mid,pedal_changes,gradual,cnn,84,1,9,297,213,32,0.4870418368770535,0.697883827636845,0.3919808601220917,13.969962551510573,-11.334350431341122,37.22196556918427,46.875
train,Beethoven/Piano_Sonatas/7-1/midi_score.mid,pedal_changes,gradual,visible_mean,84,1,9,297,213,32,0.5661299835754114,0.7524160973659532,0.3520754004522824,0.0,0.0,0.0,0.0
train,Beethoven/Piano_Sonatas/7-1/midi_score.mid,pedal_changes,gradual,linear_interpolation,84,1,9,297,213,32,0.6312442205700736,0.7945087920030046,0.27225606026814475,-11.501640768685517,22.671092635725277,60.41156889351473,100.0
train,Beethoven/Piano_Sonatas/7-1/midi_score.mid,pedal_changes,mixed,cnn,112,1,9,460,348,181,0.8766358428847552,0.9362883331991033,1.1990407310650408,5.3453037215056565,1.6284989718835963,17.88055333289099,56.9060773480663
train,Beethoven/Piano_Sonatas/7-1/midi_score.mid,pedal_changes,mixed,visible_mean,112,1,9,460,348,181,0.926140886137868,0.9623621387699477,1.218890347848136,0.0,0.0,0.0,0.0
train,Beethoven/Piano_Sonatas/7-1/midi_score.mid,pedal_changes,mixed,linear_interpolation,112,1,9,460,348,181,1.0219075936317357,1.0108944522707282,1.246442555766729,-10.340403811911125,-2.260433677831175,16.877313556012126,18.23204419889503
train,Beethoven/Piano_Sonatas/7-1/midi_score.mid,pedal_changes,small,cnn,243,1,9,837,594,0,0.12436209210028841,0.3526500986818073,0.033184489933938056,15.612975700764576,,,
train,Beethoven/Piano_Sonatas/7-1/midi_score.mid,pedal_changes,small,visible_mean,243,1,9,837,594,0,0.1473711072679869,0.3838894466744129,0.0,0.0,,,
train,Beethoven/Piano_Sonatas/7-1/midi_score.mid,pedal_changes,small,linear_interpolation,243,1,9,837,594,0,0.0,0.0,0.0,100.0,,,
train,Beethoven/Piano_Sonatas/7-1/midi_score.mid,pedal_depth,abrupt,cnn,162,1,9,654,492,416,1.3071885255338735,1.1433234562160761,2.0431660754005456,5.788038121334793,3.033765729297855,12.39471358340188,57.21153846153846
train,Beethoven/Piano_Sonatas/7-1/midi_score.mid,pedal_depth,abrupt,visible_mean,162,1,9,654,492,416,1.3874974042228212,1.177920797092411,2.107090257518516,0.0,0.0,0.0,0.0
train,Beethoven/Piano_Sonatas/7-1/midi_score.mid,pedal_depth,abrupt,linear_interpolation,162,1,9,654,492,416,1.7363749160065793,1.3177157948535714,2.288062188020103,-25.144372214460088,-8.588712792717024,22.834343568164208,44.95192307692308
train,Beethoven/Piano_Sonatas/7-1/midi_score.mid,pedal_depth,gradual,cnn,56,1,9,185,129,54,0.38453677378588563,0.6201102916303564,0.2563195841512254,32.51545405604265,-11.138582585775847,31.048448094479035,59.25925925925926
train,Beethoven/Piano_Sonatas/7-1/midi_score.mid,pedal_depth,gradual,visible_mean,56,1,9,185,129,54,0.5698145677755982,0.7548606280470576,0.2306306038709825,0.0,0.0,0.0,0.0
train,Beethoven/Piano_Sonatas/7-1/midi_score.mid,pedal_depth,gradual,linear_interpolation,56,1,9,185,129,54,0.344138370571916,0.5866330800184354,0.1614921111002689,39.605199650240785,29.978021828096367,64.36062545676229,85.18518518518519
train,Beethoven/Piano_Sonatas/7-1/midi_score.mid,pedal_depth,mixed,cnn,177,1,9,719,542,455,0.513758152551674,0.7167692463768754,0.6466443651054037,22.24013111404808,-3.176712787043723,19.995228122630834,47.252747252747255
train,Beethoven/Piano_Sonatas/7-1/midi_score.mid,pedal_depth,mixed,visible_mean,177,1,9,719,542,455,0.6606983266718052,0.8128335171926692,0.6267348005553102,0.0,0.0,0.0,0.0
train,Beethoven/Piano_Sonatas/7-1/midi_score.mid,pedal_depth,mixed,linear_interpolation,177,1,9,719,542,455,0.5193953115681882,0.7206908571420816,0.647101340232219,21.386918870434457,-3.249626422350138,20.823221723010494,45.714285714285715
train,Beethoven/Piano_Sonatas/7-1/midi_score.mid,pedal_depth,small,cnn,166,1,9,528,362,42,0.13860809986557543,0.37230108765027187,0.028813069991661805,31.46002313095536,-339.5845401988472,190.18578669505197,54.76190476190476
train,Beethoven/Piano_Sonatas/7-1/midi_score.mid,pedal_depth,small,visible_mean,166,1,9,528,362,42,0.2022295690738354,0.4496994208066488,0.006554614040481983,0.0,0.0,0.0,0.0
train,Beethoven/Piano_Sonatas/7-1/midi_score.mid,pedal_depth,small,linear_interpolation,166,1,9,528,362,42,0.01182270565366132,0.10873226592719072,0.006811406072893733,94.15381948950068,-3.9177292640844463,36.86538660244864,38.095238095238095
train,Beethoven/Piano_Sonatas/7-1/midi_score.mid,pedal_down_ratio,abrupt,cnn,172,1,9,680,508,372,1.6044176761188624,1.2666561001782854,2.6378249554430884,7.485435945676178,2.4744355543029117,10.689736113116172,55.913978494623656
train,Beethoven/Piano_Sonatas/7-1/midi_score.mid,pedal_down_ratio,abrupt,visible_mean,172,1,9,680,508,372,1.7342325422154732,1.3169026320178243,2.704752308213348,0.0,0.0,0.0,0.0
train,Beethoven/Piano_Sonatas/7-1/midi_score.mid,pedal_down_ratio,abrupt,linear_interpolation,172,1,9,680,508,372,2.2093900982033703,1.486401728404327,2.851536694926456,-27.39872216795596,-5.426906791700548,23.227704507549234,43.54838709677419
train,Beethoven/Piano_Sonatas/7-1/midi_score.mid,pedal_down_ratio,gradual,cnn,39,1,9,125,86,25,0.2947985114678756,0.5429535076485607,0.20913332374985977,31.662980218605142,-9.189751904029265,34.984321359993864,64.0
train,Beethoven/Piano_Sonatas/7-1/midi_score.mid,pedal_down_ratio,gradual,visible_mean,39,1,9,125,86,25,0.43138918321418546,0.6568022405672695,0.19153200744853274,0.0,0.0,0.0,0.0
train,Beethoven/Piano_Sonatas/7-1/midi_score.mid,pedal_down_ratio,gradual,linear_interpolation,39,1,9,125,86,25,0.411275125796028,0.6413073567300066,0.12733483890953884,4.662624423795714,33.5177234312884,73.77821087079126,84.0
train,Beethoven/Piano_Sonatas/7-1/midi_score.mid,pedal_down_ratio,mixed,cnn,132,1,9,550,418,319,0.5287663258114523,0.7271632043849938,0.6083874025525545,21.358002605296946,2.40260513040349,20.509199911216765,58.93416927899686
train,Beethoven/Piano_Sonatas/7-1/midi_score.mid,pedal_down_ratio,mixed,visible_mean,132,1,9,550,418,319,0.6723714342574257,0.8199825816792853,0.6233643873030048,0.0,0.0,0.0,0.0
train,Beethoven/Piano_Sonatas/7-1/midi_score.mid,pedal_down_ratio,mixed,linear_interpolation,132,1,9,550,418,319,0.5812420229255999,0.7623923025094101,0.6342419578625765,13.553432922454556,-1.7449778622474321,20.972555626897922,44.5141065830721
train,Beethoven/Piano_Sonatas/7-1/midi_score.mid,pedal_down_ratio,small,cnn,218,1,9,731,513,27,0.0997926747884673,0.31589978598990426,0.02859162753636019,30.68307056335202,-1000.8834341344636,313.9273738152427,44.44444444444444
train,Beethoven/Piano_Sonatas/7-1/midi_score.mid,pedal_down_ratio,small,visible_mean,218,1,9,731,513,27,0.1439658040243582,0.37942825939083424,0.002597153036355706,0.0,0.0,0.0,0.0
train,Beethoven/Piano_Sonatas/7-1/midi_score.mid,pedal_down_ratio,small,linear_interpolation,218,1,9,731,513,27,0.00214722272653455,0.0463381346898486,0.0026952064523831937,98.50851892149942,-3.7754192631280326,26.13786138353833,11.11111111111111
train,Beethoven/Piano_Sonatas/7-1/midi_score.mid,rubato,abrupt,cnn,183,1,9,743,560,549,3.3330189478971817,1.8256557583227955,6.79274965726933,4.8240091663032665,4.41597470548113,11.034497255079245,57.377049180327866
train,Beethoven/Piano_Sonatas/7-1/midi_score.mid,rubato,abrupt,visible_mean,183,1,9,743,560,549,3.5019535060276334,1.8713507170029977,7.106574175275762,0.0,0.0,0.0,0.0
train,Beethoven/Piano_Sonatas/7-1/midi_score.mid,rubato,abrupt,linear_interpolation,183,1,9,743,560,549,5.571079529123695,2.3603134387457305,7.449516931893441,-59.08490845280041,-4.825711350636408,17.813545811830114,45.3551912568306
train,Beethoven/Piano_Sonatas/7-1/midi_score.mid,rubato,gradual,cnn,22,1,8,38,16,16,0.6337617025591883,0.7960915164471911,0.5801832159939417,26.589276684103524,-11.59007521503761,40.25356659705659,56.25
train,Beethoven/Piano_Sonatas/7-1/midi_score.mid,rubato,gradual,visible_mean,22,1,8,38,16,16,0.8633094375490951,0.9291444653815116,0.5199236714160379,0.0,0.0,0.0,0.0
train,Beethoven/Piano_Sonatas/7-1/midi_score.mid,rubato,gradual,linear_interpolation,22,1,8,38,16,16,0.6240858289253284,0.7899910309144834,0.4038390189254819,27.710065269634264,22.327248954523206,74.34497080736563,81.25
train,Beethoven/Piano_Sonatas/7-1/midi_score.mid,rubato,mixed,cnn,264,1,9,1057,793,778,0.8660484127708229,0.9306172214024534,1.3740327476939502,9.854074800507995,0.013907310959082597,23.953617085341772,54.88431876606684
train,Beethoven/Piano_Sonatas/7-1/midi_score.mid,rubato,mixed,visible_mean,264,1,9,1057,793,778,0.9607183140605265,0.9801623916783007,1.3742238652801686,0.0,0.0,0.0,0.0
train,Beethoven/Piano_Sonatas/7-1/midi_score.mid,rubato,mixed,linear_interpolation,264,1,9,1057,793,778,1.3123510922431036,1.1455789332224575,1.4512954440829644,-36.60102790134005,-5.6083714415105845,23.502112601015444,49.22879177377892
train,Beethoven/Piano_Sonatas/7-1/midi_score.mid,rubato,small,cnn,92,1,9,248,156,151,0.3305625918477436,0.574945729480395,0.5456369094977627,8.407786655341653,-21.376968454620805,38.64034094841672,50.33112582781457
train,Beethoven/Piano_Sonatas/7-1/midi_score.mid,rubato,small,visible_mean,92,1,9,248,156,151,0.3609068716396753,0.6007552510296312,0.4495390817919133,0.0,0.0,0.0,0.0
train,Beethoven/Piano_Sonatas/7-1/midi_score.mid,rubato,small,linear_interpolation,92,1,9,248,156,151,0.3123158022020102,0.5588522185712518,0.4594613059638921,13.463603288268155,-2.2071994569254683,17.63189271078648,49.66887417218543
train,Beethoven/Piano_Sonatas/7-1/midi_score.mid,tempo,abrupt,cnn,191,1,9,775,584,575,2.153781330510061,1.467576686415419,4.302933095818757,4.989938507795455,4.716414495510223,11.750717505615496,58.95652173913044
train,Beethoven/Piano_Sonatas/7-1/midi_score.mid,tempo,abrupt,visible_mean,191,1,9,775,584,575,2.266898154451543,1.5056221818409634,4.515922730065612,0.0,0.0,0.0,0.0
train,Beethoven/Piano_Sonatas/7-1/midi_score.mid,tempo,abrupt,linear_interpolation,191,1,9,775,584,575,3.6669642155964537,1.9149319088668542,4.756879055069038,-61.76131284925965,-5.335705223634868,18.20959834213427,45.73913043478261
train,Beethoven/Piano_Sonatas/7-1/midi_score.mid,tempo,gradual,cnn,18,1,7,28,10,10,0.3601117277970025,0.6000930992746063,0.3142452785390586,16.521727136364362,-71.66728977366607,61.08174156257058,30.0
train,Beethoven/Piano_Sonatas/7-1/midi_score.mid,tempo,gradual,visible_mean,18,1,7,28,10,10,0.4313837786093829,0.6567981262224968,0.18305483761838018,0.0,0.0,0.0,0.0
train,Beethoven/Piano_Sonatas/7-1/midi_score.mid,tempo,gradual,linear_interpolation,18,1,7,28,10,10,0.24854511498335,0.49854299211136244,0.19686879898808662,42.384223211970365,-7.546351437324383,101.01450354270851,60.0
train,Beethoven/Piano_Sonatas/7-1/midi_score.mid,tempo,mixed,cnn,267,1,9,1052,785,776,0.6203898774014515,0.7876483208903904,1.005501531733603,5.261067092171212,-1.2839327127811107,23.22089848105417,53.22164948453608
train,Beethoven/Piano_Sonatas/7-1/midi_score.mid,tempo,mixed,visible_mean,267,1,9,1052,785,776,0.6548415296222798,0.8092227935632311,0.9927552226718757,0.0,0.0,0.0,0.0
train,Beethoven/Piano_Sonatas/7-1/midi_score.mid,tempo,mixed,linear_interpolation,267,1,9,1052,785,776,0.8971386514556081,0.9471740344074092,1.029704423210919,-37.0008789719076,-3.7218842767302807,21.79434365285471,50.38659793814433
train,Beethoven/Piano_Sonatas/7-1/midi_score.mid,tempo,small,cnn,85,1,9,231,146,139,0.19722340733291305,0.4440984207728204,0.26548739242521896,17.53792159815798,-16.8844332382597,44.14392926833459,43.884892086330936
train,Beethoven/Piano_Sonatas/7-1/midi_score.mid,tempo,small,visible_mean,85,1,9,231,146,139,0.2391686107786819,0.4890486793548081,0.22713665547237058,0.0,0.0,0.0,0.0
train,Beethoven/Piano_Sonatas/7-1/midi_score.mid,tempo,small,linear_interpolation,85,1,9,231,146,139,0.18055574931285212,0.4249185207929305,0.23911415133690195,24.506920567460266,-5.2732553623377365,22.569988304952677,48.92086330935252
train,Chopin/Ballades/1/midi_score.mid,articulation,abrupt,cnn,281,1,17,1086,805,803,2.8712896847882843,1.6944880302876986,5.9802701901046245,1.6064492914097284,1.7217620881426199,8.521183405802255,54.17185554171856
train,Chopin/Ballades/1/midi_score.mid,articulation,abrupt,visible_mean,281,1,17,1086,805,803,2.9181685833171236,1.7082647872379515,6.0850401036576764,0.0,0.0,0.0,0.0
train,Chopin/Ballades/1/midi_score.mid,articulation,abrupt,linear_interpolation,281,1,17,1086,805,803,4.42262534597214,2.1030038863426146,6.376840572937079,-51.55482693000823,-4.795374628739135,18.771469898250725,49.439601494396015
train,Chopin/Ballades/1/midi_score.mid,articulation,gradual,cnn,43,1,16,78,35,35,0.8395904399929992,0.9162916784479707,0.7730761591684487,6.01001234295987,-11.600455945496947,30.192005542814336,54.285714285714285
train,Chopin/Ballades/1/midi_score.mid,articulation,gradual,visible_mean,43,1,16,78,35,35,0.8932764658471698,0.9451330413477088,0.6927177426103,0.0,0.0,0.0,0.0
train,Chopin/Ballades/1/midi_score.mid,articulation,gradual,linear_interpolation,43,1,16,78,35,35,0.47231046516565356,0.6872484741093672,0.3722073731803018,47.12605971123156,46.268537632983175,87.95709092704762,77.14285714285714
train,Chopin/Ballades/1/midi_score.mid,articulation,mixed,cnn,506,1,17,1967,1461,1458,0.90121381113324,0.9493228171350565,1.4761310126789,7.900212783964056,0.4181801825940412,16.69872654429563,52.81207133058985
train,Chopin/Ballades/1/midi_score.mid,articulation,mixed,visible_mean,506,1,17,1967,1461,1458,0.9785188851949108,0.9892011348532264,1.4823298222361732,0.0,0.0,0.0,0.0
train,Chopin/Ballades/1/midi_score.mid,articulation,mixed,linear_interpolation,506,1,17,1967,1461,1458,1.3052595862943095,1.142479578064444,1.5367521909599333,-33.391353610340936,-3.671407530724924,22.581643583393245,50.480109739369
train,Chopin/Ballades/1/midi_score.mid,articulation,small,cnn,256,1,17,713,457,452,0.36965018864684723,0.6079886418732239,0.38779614300863846,12.5161576264899,-3.820928207460028,31.742969298444322,49.336283185840706
train,Chopin/Ballades/1/midi_score.mid,articulation,small,visible_mean,256,1,17,713,457,452,0.42253538324098167,0.650027217307846,0.37352405695480334,0.0,0.0,0.0,0.0
train,Chopin/Ballades/1/midi_score.mid,articulation,small,linear_interpolation,256,1,17,713,457,452,0.31360565999634166,0.5600050535453601,0.3878861987256994,25.780024008667436,-3.8450379576579374,21.928238888341507,48.67256637168141
train,Chopin/Ballades/1/midi_score.mid,dynamics,abrupt,cnn,212,1,17,823,611,608,1.7569672137266419,1.3255063989761204,2.994625379408794,8.317794990396099,0.22729482705557968,9.60364486610719,54.60526315789474
train,Chopin/Ballades/1/midi_score.mid,dynamics,abrupt,visible_mean,212,1,17,823,611,608,1.9163666641117498,1.3843289580557614,3.00144751434569,0.0,0.0,0.0,0.0
train,Chopin/Ballades/1/midi_score.mid,dynamics,abrupt,linear_interpolation,212,1,17,823,611,608,2.2212167697269782,1.490374707825847,3.0363799692902647,-15.907712825746145,-1.1638535998917954,19.20328583882845,49.3421052631579
train,Chopin/Ballades/1/midi_score.mid,dynamics,gradual,cnn,58,1,17,124,66,66,0.7690844839128241,0.8769746198795174,0.6531322692862376,35.242240789507804,-2.1988495667104146,22.28353826430683,60.60606060606061
train,Chopin/Ballades/1/midi_score.mid,dynamics,gradual,visible_mean,58,1,17,124,66,66,1.1876329466758562,1.0897857342963597,0.6390798644557195,0.0,0.0,0.0,0.0
train,Chopin/Ballades/1/midi_score.mid,dynamics,gradual,linear_interpolation,58,1,17,124,66,66,0.29907148541316464,0.5468742866629995,0.24578540378807862,74.817852077087,61.540737322806294,75.0720905536753,84.84848484848484
train,Chopin/Ballades/1/midi_score.mid,dynamics,mixed,cnn,485,1,17,1966,1481,1473,0.7380443420630572,0.8590950716091074,0.8449866201702263,18.921991434839047,0.09341035570237244,18.719823917147405,55.26137135098438
train,Chopin/Ballades/1/midi_score.mid,dynamics,mixed,visible_mean,485,1,17,1966,1481,1473,0.9102891833732005,0.9540907626495503,0.8457766631597314,0.0,0.0,0.0,0.0
train,Chopin/Ballades/1/midi_score.mid,dynamics,mixed,linear_interpolation,485,1,17,1966,1481,1473,0.8212038095208214,0.9062029626528604,0.8245101054756512,9.786491532532683,2.5144412952505246,25.998262545313917,57.09436524100475
train,Chopin/Ballades/1/midi_score.mid,dynamics,small,cnn,331,1,17,931,600,591,0.2975378553203145,0.5454703065431834,0.29280081191172724,37.87803846922373,-5.908638988988413,30.72424147175734,51.43824027072758
train,Chopin/Ballades/1/midi_score.mid,dynamics,small,visible_mean,331,1,17,931,600,591,0.47895759887251665,0.6920676259387638,0.2764654656190705,0.0,0.0,0.0,0.0
train,Chopin/Ballades/1/midi_score.mid,dynamics,small,linear_interpolation,331,1,17,931,600,591,0.22765681925722583,0.47713396363833277,0.2897489374891643,52.468272808879505,-4.804749063449587,23.032625685198127,52.11505922165821
train,Chopin/Ballades/1/midi_score.mid,pedal_changes,abrupt,cnn,96,1,17,380,284,213,3.1329594958051095,1.7700168066448152,7.034581195242553,3.1828649578525936,2.473962430028509,6.973481000854115,56.8075117370892
train,Chopin/Ballades/1/midi_score.mid,pedal_changes,abrupt,visible_mean,96,1,17,380,284,213,3.2359555924075196,1.7988762026352785,7.213028818273775,0.0,0.0,0.0,0.0
train,Chopin/Ballades/1/midi_score.mid,pedal_changes,abrupt,linear_interpolation,96,1,17,380,284,213,5.104446146034485,2.2593021369516926,7.503096069514315,-57.74153879030295,-4.0214348028899005,15.582101054668819,32.863849765258216
train,Chopin/Ballades/1/midi_score.mid,pedal_changes,gradual,cnn,146,1,17,409,263,12,0.2655327444415613,0.5152986943914775,0.1193658729360326,-3.1439659982811285,-65.76520152882867,73.25309724534227,33.333333333333336
train,Chopin/Ballades/1/midi_score.mid,pedal_changes,gradual,visible_mean,146,1,17,409,263,12,0.2574389513449447,0.5073844216616674,0.0720090054095421,0.0,0.0,0.0,0.0
train,Chopin/Ballades/1/midi_score.mid,pedal_changes,gradual,linear_interpolation,146,1,17,409,263,12,0.7257225287781498,0.8518934961473469,0.15433006414851602,-181.90082541384652,-114.32050515179779,139.79685852210616,100.0
train,Chopin/Ballades/1/midi_score.mid,pedal_changes,mixed,cnn,542,1,17,2104,1562,990,1.0077919284072434,1.0038884043593908,1.9915084167646724,-0.6135132549177635,1.0507454434918295,13.223641688709254,56.56565656565657
train,Chopin/Ballades/1/midi_score.mid,pedal_changes,mixed,visible_mean,542,1,17,2104,1562,990,1.0016466931771562,1.000823007917562,2.0126563112482643,0.0,0.0,0.0,0.0
train,Chopin/Ballades/1/midi_score.mid,pedal_changes,mixed,linear_interpolation,542,1,17,2104,1562,990,1.5268830653225332,1.235671099169408,2.1205703742942936,-52.43728908836731,-5.3617730182208945,16.720391839846318,25.151515151515152
train,Chopin/Ballades/1/midi_score.mid,pedal_changes,small,cnn,302,1,17,951,649,0,0.07907907148582943,0.2812100131322308,0.03487895694257522,-2.1822937770753725,,,
train,Chopin/Ballades/1/midi_score.mid,pedal_changes,small,visible_mean,302,1,17,951,649,0,0.07739019018143323,0.27819092397386586,0.0,0.0,,,
train,Chopin/Ballades/1/midi_score.mid,pedal_changes,small,linear_interpolation,302,1,17,951,649,0,0.0,0.0,0.0,100.0,,,
train,Chopin/Ballades/1/midi_score.mid,pedal_depth,abrupt,cnn,256,1,17,987,731,716,1.9638053070828634,1.4013583792459599,3.6866494978017657,6.411492683220777,2.4680864293250337,8.483851098574434,53.63128491620112
train,Chopin/Ballades/1/midi_score.mid,pedal_depth,abrupt,visible_mean,256,1,17,987,731,716,2.098340237905235,1.4485648890903144,3.7799417265921815,0.0,0.0,0.0,0.0
train,Chopin/Ballades/1/midi_score.mid,pedal_depth,abrupt,linear_interpolation,256,1,17,987,731,716,2.7650806341444336,1.6628531607284012,3.900245327637898,-31.774656187540074,-3.1826840133373446,19.10393809008087,47.20670391061452
train,Chopin/Ballades/1/midi_score.mid,pedal_depth,gradual,cnn,53,1,17,99,46,37,0.3395818875669947,0.5827365507388349,0.19607682290993633,15.965521517508297,-11.92364871475229,35.731867369742254,43.24324324324324
train,Chopin/Ballades/1/midi_score.mid,pedal_depth,gradual,visible_mean,53,1,17,99,46,37,0.4040982864405417,0.635687255213239,0.1751880189410695,0.0,0.0,0.0,0.0
train,Chopin/Ballades/1/midi_score.mid,pedal_depth,gradual,linear_interpolation,53,1,17,99,46,37,0.25995559234876536,0.5098584042150971,0.14668043717299958,35.67020671169939,16.272563580765997,83.06108820712778,72.97297297297297
train,Chopin/Ballades/1/midi_score.mid,pedal_depth,mixed,cnn,466,1,17,1806,1340,1302,0.3647738516844157,0.6039651080024538,0.44168552130002936,14.926528278158912,-4.222977569970521,22.054635470574414,49.46236559139785
train,Chopin/Ballades/1/midi_score.mid,pedal_depth,mixed,visible_mean,466,1,17,1806,1340,1302,0.4287750861715057,0.6548091982948206,0.4237890066070143,0.0,0.0,0.0,0.0
train,Chopin/Ballades/1/midi_score.mid,pedal_depth,mixed,linear_interpolation,466,1,17,1806,1340,1302,0.3806075840830624,0.616934019229822,0.4321432821483686,11.233745532774918,-1.9713289894519148,23.13755652803005,50.614439324116745
train,Chopin/Ballades/1/midi_score.mid,pedal_depth,small,cnn,311,1,17,952,641,547,0.08686952704814926,0.2947363687232189,0.0630722855395372,26.343529567844513,-37.42383715210846,62.82792278048095,52.285191956124315
train,Chopin/Ballades/1/midi_score.mid,pedal_depth,small,visible_mean,311,1,17,952,641,547,0.11793875886051891,0.3434221292527884,0.045896175544658406,0.0,0.0,0.0,0.0
train,Chopin/Ballades/1/midi_score.mid,pedal_depth,small,linear_interpolation,311,1,17,952,641,547,0.0369829806078975,0.19230959572495987,0.047753145484900714,68.64221654932312,-4.046023264913257,19.967099943274683,49.90859232175503
train,Chopin/Ballades/1/midi_score.mid,pedal_down_ratio,abrupt,cnn,235,1,17,920,685,658,2.3390297975690846,1.5293887006150806,4.0620034019681075,6.583333846522754,2.8835751388876174,9.116706377555433,53.64741641337386
train,Chopin/Ballades/1/midi_score.mid,pedal_down_ratio,abrupt,visible_mean,235,1,17,920,685,658,2.503867772080645,1.5823614543082896,4.182612166559094,0.0,0.0,0.0,0.0
train,Chopin/Ballades/1/midi_score.mid,pedal_down_ratio,abrupt,linear_interpolation,235,1,17,920,685,658,3.1334304168220064,1.7701498289190116,4.263487890453827,-25.143605894899657,-1.9336175737581396,19.34704313981281,44.224924012158056
train,Chopin/Ballades/1/midi_score.mid,pedal_down_ratio,gradual,cnn,60,1,17,118,58,32,0.4386165395968013,0.6622813145460178,0.09604658577965278,34.989030719421436,17.175115689527765,37.50795621565792,65.625
train,Chopin/Ballades/1/midi_score.mid,pedal_down_ratio,gradual,visible_mean,60,1,17,118,58,32,0.674680818407416,0.8213895655579123,0.11596344091422874,0.0,0.0,0.0,0.0
train,Chopin/Ballades/1/midi_score.mid,pedal_down_ratio,gradual,linear_interpolation,60,1,17,118,58,32,0.2913298580279242,0.5397498105862791,0.10724239808419797,56.819602680329886,7.520510568913874,89.07247732611727,68.75
train,Chopin/Ballades/1/midi_score.mid,pedal_down_ratio,mixed,cnn,529,1,17,1992,1463,1398,0.2925116483300532,0.540843460097331,0.40973111452977834,13.498881443883093,-4.110702731931792,24.23803343867948,51.430615164520745
train,Chopin/Ballades/1/midi_score.mid,pedal_down_ratio,mixed,visible_mean,529,1,17,1992,1463,1398,0.33815938245964833,0.5815147310770797,0.3935533079483381,0.0,0.0,0.0,0.0
train,Chopin/Ballades/1/midi_score.mid,pedal_down_ratio,mixed,linear_interpolation,529,1,17,1992,1463,1398,0.32002155435661966,0.5657044761680958,0.4097132355363506,5.3636921061011815,-4.106159765815964,20.469932112844074,46.85264663805437
train,Chopin/Ballades/1/midi_score.mid,pedal_down_ratio,small,cnn,262,1,17,814,552,420,0.07046755475624575,0.2654572559871848,0.0385650009612273,21.99445180082321,-70.33353398453872,95.79916447221338,52.857142857142854
train,Chopin/Ballades/1/midi_score.mid,pedal_down_ratio,small,visible_mean,262,1,17,814,552,420,0.09033659320785263,0.30056046514445744,0.022640874089260587,0.0,0.0,0.0,0.0
train,Chopin/Ballades/1/midi_score.mid,pedal_down_ratio,small,linear_interpolation,262,1,17,814,552,420,0.016616620372813497,0.128905470686133,0.023922663155164746,81.60588109119763,-5.661393905777512,21.24196534511937,45.95238095238095
train,Chopin/Ballades/1/midi_score.mid,rubato,abrupt,cnn,153,1,17,607,454,425,3.167256088419501,1.7796786475146296,5.072868843408049,10.793619526225495,2.965096313886939,13.125022628361549,56.94117647058823
train,Chopin/Ballades/1/midi_score.mid,rubato,abrupt,visible_mean,153,1,17,607,454,425,3.5504815592766175,1.8842721563714244,5.227880536489924,0.0,0.0,0.0,0.0
train,Chopin/Ballades/1/midi_score.mid,rubato,abrupt,linear_interpolation,153,1,17,607,454,425,4.567720092334842,2.1372225182078823,5.514012202677033,-28.65072008050309,-5.473186775978278,23.394138094568838,47.529411764705884
train,Chopin/Ballades/1/midi_score.mid,rubato,gradual,cnn,67,1,16,182,115,103,1.0773663455281288,1.0379625935110228,0.6070667979940048,24.457386420246984,-7.943090288654275,37.2624828137007,51.45631067961165
train,Chopin/Ballades/1/midi_score.mid,rubato,gradual,visible_mean,67,1,16,182,115,103,1.4261703354898028,1.1942237376177893,0.5623952365738528,0.0,0.0,0.0,0.0
train,Chopin/Ballades/1/midi_score.mid,rubato,gradual,linear_interpolation,67,1,16,182,115,103,0.5792881772638742,0.7611098325891436,0.3357370651880546,59.38155752868581,40.302292168513745,71.1917470091797,78.64077669902913
train,Chopin/Ballades/1/midi_score.mid,rubato,mixed,cnn,472,1,17,1888,1416,1373,1.0024859361136398,1.0012421965307094,1.2042979647821728,12.288860418544123,0.4710594847743721,24.150423455340253,51.784413692643845
train,Chopin/Ballades/1/midi_score.mid,rubato,mixed,visible_mean,472,1,17,1888,1416,1373,1.1429402706399086,1.0690838464030352,1.2099977740624528,0.0,0.0,0.0,0.0
train,Chopin/Ballades/1/midi_score.mid,rubato,mixed,linear_interpolation,472,1,17,1888,1416,1373,1.1897633598536732,1.0907627422375927,1.2216737098200536,-4.0967223236914485,-0.9649551435454207,24.160516747503628,53.02257829570284
train,Chopin/Ballades/1/midi_score.mid,rubato,small,cnn,394,1,17,1167,773,741,0.3313727199682749,0.5756498240842908,0.3358621464826083,30.517227427264558,-16.837119362091734,43.809675070999546,50.607287449392715
train,Chopin/Ballades/1/midi_score.mid,rubato,small,visible_mean,394,1,17,1167,773,741,0.4769134962502968,0.6905892384408381,0.2874618514358718,0.0,0.0,0.0,0.0
train,Chopin/Ballades/1/midi_score.mid,rubato,small,linear_interpolation,394,1,17,1167,773,741,0.2577210201878994,0.5076623092055381,0.2950056750753502,45.96063600333915,-2.6242868755617543,23.912279550487042,53.30634278002699
train,Chopin/Ballades/1/midi_score.mid,tempo,abrupt,cnn,245,1,17,946,701,660,2.411466729387131,1.5528897994987059,3.667015251955048,10.225118651393107,2.8045966716346737,12.113949747892997,54.24242424242424
train,Chopin/Ballades/1/midi_score.mid,tempo,abrupt,visible_mean,245,1,17,946,701,660,2.686126334183734,1.6389406133791833,3.7728278564433646,0.0,0.0,0.0,0.0
train,Chopin/Ballades/1/midi_score.mid,tempo,abrupt,linear_interpolation,245,1,17,946,701,660,3.4134035612918905,1.8475398673078454,3.977553320464021,-27.0753172645978,-5.426313412922323,23.66023706572867,47.121212121212125
train,Chopin/Ballades/1/midi_score.mid,tempo,gradual,cnn,69,1,16,179,110,97,0.9219191100647964,0.9601661887740041,0.5453321126732372,24.786550714190625,-4.770260402720572,33.295669331275654,57.7319587628866
train,Chopin/Ballades/1/midi_score.mid,tempo,gradual,visible_mean,69,1,16,179,110,97,1.2257370441309308,1.1071300935892452,0.5205027749067965,0.0,0.0,0.0,0.0
train,Chopin/Ballades/1/midi_score.mid,tempo,gradual,linear_interpolation,69,1,16,179,110,97,0.39623796874426886,0.6294743590840447,0.2837828293870261,67.67349321442686,45.47909385538983,70.5082682319269,81.44329896907216
train,Chopin/Ballades/1/midi_score.mid,tempo,mixed,cnn,510,1,17,1999,1489,1442,0.7700318750785048,0.8775146010628568,0.878229516041269,13.41653763320554,0.02358865841778357,23.62976520052331,54.230235783633844
train,Chopin/Ballades/1/midi_score.mid,tempo,mixed,visible_mean,510,1,17,1999,1489,1442,0.8893521395765053,0.9430546853584395,0.8784367274803306,0.0,0.0,0.0,0.0
train,Chopin/Ballades/1/midi_score.mid,tempo,mixed,linear_interpolation,510,1,17,1999,1489,1442,0.8456669523193482,0.9196015182237077,0.8737705684146962,4.912023630815043,0.5311889769247902,24.722774982519816,55.409153952843276
train,Chopin/Ballades/1/midi_score.mid,tempo,small,cnn,262,1,17,720,458,436,0.25380548481751186,0.5037911122851533,0.22886071634058547,29.847767919548275,-20.853747376261445,47.57222043528025,47.477064220183486
train,Chopin/Ballades/1/midi_score.mid,tempo,small,visible_mean,262,1,17,720,458,436,0.36179245804530297,0.6014918603317113,0.18936997925935986,0.0,0.0,0.0,0.0
train,Chopin/Ballades/1/midi_score.mid,tempo,small,linear_interpolation,262,1,17,720,458,436,0.1610365871260363,0.40129364202044904,0.19667990407591787,55.489236012246664,-3.8601286461284356,23.97991555283875,51.37614678899082
train,Chopin/Ballades/4/midi_score.mid,articulation,abrupt,cnn,89,1,12,365,276,276,2.850171614992684,1.688245128822436,5.181458689933929,1.4921808080983312,0.8108911800368435,10.509362521300055,52.53623188405797
train,Chopin/Ballades/4/midi_score.mid,articulation,abrupt,visible_mean,89,1,12,365,276,276,2.8933455621835518,1.70098370426749,5.223818170741635,0.0,0.0,0.0,0.0
train,Chopin/Ballades/4/midi_score.mid,articulation,abrupt,linear_interpolation,89,1,12,365,276,276,4.43061829857023,2.104903394118179,5.447450139572838,-53.1313216257006,-4.281005990670872,18.36498501880552,48.55072463768116
train,Chopin/Ballades/4/midi_score.mid,articulation,gradual,cnn,34,1,12,78,44,44,0.537407866452668,0.733081077680135,0.3071913869969061,12.19955239671069,-6.03514872423252,50.51232620233835,61.36363636363637
train,Chopin/Ballades/4/midi_score.mid,articulation,gradual,visible_mean,34,1,12,78,44,44,0.6120787320821527,0.7823546076314453,0.28970713078907845,0.0,0.0,0.0,0.0
train,Chopin/Ballades/4/midi_score.mid,articulation,gradual,linear_interpolation,34,1,12,78,44,44,0.525366484067496,0.7248216912230869,0.20417488716891236,14.166845451349264,29.52369290572897,110.26446609448301,84.0909090909091
train,Chopin/Ballades/4/midi_score.mid,articulation,mixed,cnn,295,1,12,1208,913,913,1.0182879606049833,1.0091025520753494,1.4116715051758244,6.8907774419764145,-0.4263086658981452,17.954999618902775,50.82146768893757
train,Chopin/Ballades/4/midi_score.mid,articulation,mixed,visible_mean,295,1,12,1208,913,913,1.0936488702506446,1.0457766827820578,1.4056789738954003,0.0,0.0,0.0,0.0
train,Chopin/Ballades/4/midi_score.mid,articulation,mixed,linear_interpolation,295,1,12,1208,913,913,1.3354475642435362,1.1556156645890259,1.419393707644858,-22.109353428717537,-0.9756661374432873,24.54066538042791,53.45016429353779
train,Chopin/Ballades/4/midi_score.mid,articulation,small,cnn,146,1,12,418,272,272,0.37706933363878115,0.6140597150430739,0.4516270562078919,4.838711821195318,-11.927318902879836,32.73138178318491,51.470588235294116
train,Chopin/Ballades/4/midi_score.mid,articulation,small,visible_mean,146,1,12,418,272,272,0.3962423595299396,0.6294778467348471,0.4035002898620059,0.0,0.0,0.0,0.0
train,Chopin/Ballades/4/midi_score.mid,articulation,small,linear_interpolation,146,1,12,418,272,272,0.2827547726480092,0.5317469065711705,0.4151979965217317,28.640952728163683,-2.899057808292116,19.19955375056671,51.10294117647059
train,Chopin/Ballades/4/midi_score.mid,dynamics,abrupt,cnn,80,1,12,324,244,244,1.888492073241542,1.3742241713932781,2.3571779613096338,8.087939095540285,2.1503053457276544,12.625502259367028,48.36065573770492
train,Chopin/Ballades/4/midi_score.mid,dynamics,abrupt,visible_mean,80,1,12,324,244,244,2.054672754215121,1.4334129740640418,2.408978351581104,0.0,0.0,0.0,0.0
train,Chopin/Ballades/4/midi_score.mid,dynamics,abrupt,linear_interpolation,80,1,12,324,244,244,2.355952723136673,1.534911307905663,2.4067147696377265,-14.663160754114358,0.09396439539989254,22.68836712515416,53.278688524590166
train,Chopin/Ballades/4/midi_score.mid,dynamics,gradual,cnn,38,1,12,91,53,53,0.62657053823815,0.7915620874183844,0.42676829128850396,23.44543348068885,-0.4324208798957896,34.65611726001268,62.264150943396224
train,Chopin/Ballades/4/midi_score.mid,dynamics,gradual,visible_mean,38,1,12,91,53,53,0.8184626557582237,0.9046892592256326,0.4249308017765137,0.0,0.0,0.0,0.0
train,Chopin/Ballades/4/midi_score.mid,dynamics,gradual,linear_interpolation,38,1,12,91,53,53,0.26954491804878294,0.519177154783204,0.24432320119835854,67.06692527112595,42.502826300914556,75.55149318941072,73.58490566037736
train,Chopin/Ballades/4/midi_score.mid,dynamics,mixed,cnn,299,1,12,1208,909,909,0.8223089330948964,0.9068125126479544,0.8299183468731346,19.495290836259272,-1.453783652316809,20.492329853335338,53.135313531353134
train,Chopin/Ballades/4/midi_score.mid,dynamics,mixed,visible_mean,299,1,12,1208,909,909,1.0214420269780489,1.010664151426204,0.818026018346712,0.0,0.0,0.0,0.0
train,Chopin/Ballades/4/midi_score.mid,dynamics,mixed,linear_interpolation,299,1,12,1208,909,909,0.8607290287771252,0.927754832257491,0.7963115092536687,15.73393241674179,2.6545010312666872,26.531305449223947,55.775577557755774
train,Chopin/Ballades/4/midi_score.mid,dynamics,small,cnn,147,1,12,446,299,299,0.3420362125113492,0.5848386209129397,0.35187229586960195,27.86997548301835,-10.335256949804418,27.15984581817234,47.15719063545151
train,Chopin/Ballades/4/midi_score.mid,dynamics,small,visible_mean,147,1,12,446,299,299,0.47419395016401694,0.6886174193004537,0.3189119286047266,0.0,0.0,0.0,0.0
train,Chopin/Ballades/4/midi_score.mid,dynamics,small,linear_interpolation,147,1,12,446,299,299,0.261134848310302,0.511013550026124,0.3344398217817913,44.93079293399269,-4.869022380254284,19.23900097946212,50.16722408026756
train,Chopin/Ballades/4/midi_score.mid,pedal_changes,abrupt,cnn,138,1,12,559,421,318,2.3589187963775613,1.5358772074542812,4.114771179971575,1.8757396318418218,2.1046442432514634,9.699099475903541,55.0314465408805
train,Chopin/Ballades/4/midi_score.mid,pedal_changes,abrupt,visible_mean,138,1,12,559,421,318,2.404011798434959,1.5504876002196726,4.20323430888387,0.0,0.0,0.0,0.0
train,Chopin/Ballades/4/midi_score.mid,pedal_changes,abrupt,linear_interpolation,138,1,12,559,421,318,3.2881758827587477,1.8133328108096285,4.345323124364598,-36.7786915563139,-3.38046382949464,18.542365224028277,36.477987421383645
train,Chopin/Ballades/4/midi_score.mid,pedal_changes,gradual,cnn,67,1,12,164,97,8,0.17415418731127336,0.417317849260337,0.09560443694038752,-9.821237555819007,-77.93834416404526,89.37697517540185,62.5
train,Chopin/Ballades/4/midi_score.mid,pedal_changes,gradual,visible_mean,67,1,12,164,97,8,0.1585796984146675,0.39822066547916307,0.053728968530946705,0.0,0.0,0.0,0.0
train,Chopin/Ballades/4/midi_score.mid,pedal_changes,gradual,linear_interpolation,67,1,12,164,97,8,0.34312052691370387,0.5857649075471352,0.09353602734284891,-116.37103005233591,-74.08863393492138,135.15178988768372,87.5
train,Chopin/Ballades/4/midi_score.mid,pedal_changes,mixed,cnn,295,1,12,1157,862,601,0.6561477463878944,0.8100294725427554,1.010521109567906,-2.8931707337229495,-0.49031684777529616,19.352300270662973,52.24625623960067
train,Chopin/Ballades/4/midi_score.mid,pedal_changes,mixed,visible_mean,295,1,12,1157,862,601,0.637698052950412,0.7985599870707347,1.0055905297807581,0.0,0.0,0.0,0.0
train,Chopin/Ballades/4/midi_score.mid,pedal_changes,mixed,linear_interpolation,295,1,12,1157,862,601,0.9047088802143217,0.95116185805273,1.0532168406428133,-41.871043204309835,-4.736153479134164,18.59202101719187,31.94675540765391
train,Chopin/Ballades/4/midi_score.mid,pedal_changes,small,cnn,64,1,12,189,125,0,0.06584662698772097,0.25660597613407404,0.044727817161069924,11.965650136004346,,,
train,Chopin/Ballades/4/midi_score.mid,pedal_changes,small,visible_mean,64,1,12,189,125,0,0.07479651646141248,0.27348951801012866,0.0,0.0,,,
train,Chopin/Ballades/4/midi_score.mid,pedal_changes,small,linear_interpolation,64,1,12,189,125,0,0.0,0.0,0.0,100.0,,,
train,Chopin/Ballades/4/midi_score.mid,pedal_depth,abrupt,cnn,106,1,12,447,341,339,1.8678436039559703,1.3666907492026024,2.40911955341669,14.642958844506381,1.4054460656790502,10.996631120971319,54.57227138643068
train,Chopin/Ballades/4/midi_score.mid,pedal_depth,abrupt,visible_mean,106,1,12,447,341,339,2.188271264643942,1.4792806578347268,2.443461081046659,0.0,0.0,0.0,0.0
train,Chopin/Ballades/4/midi_score.mid,pedal_depth,abrupt,linear_interpolation,106,1,12,447,341,339,2.1629174479837783,1.4706860467087386,2.426576325925789,1.1586231135877645,0.6910179683990436,22.84575564401787,52.21238938053097
train,Chopin/Ballades/4/midi_score.mid,pedal_depth,gradual,cnn,34,1,11,84,50,46,0.34866567760915446,0.5904791932059541,0.24480150297248102,-7.255376609081754,-4.76600538342431,32.61780146697092,50.0
train,Chopin/Ballades/4/midi_score.mid,pedal_depth,gradual,visible_mean,34,1,11,84,50,46,0.3250799061383665,0.5701577905618466,0.2336650157429908,0.0,0.0,0.0,0.0
train,Chopin/Ballades/4/midi_score.mid,pedal_depth,gradual,linear_interpolation,34,1,11,84,50,46,0.12330772721127066,0.35115200015274106,0.1139178225175318,62.06848689110112,51.247377723488356,79.62673970792805,84.78260869565217
train,Chopin/Ballades/4/midi_score.mid,pedal_depth,mixed,cnn,282,1,12,1121,839,835,0.4165876917955791,0.6454360477968202,0.41794764334190654,4.077325286523803,-4.953701180796299,23.706513726932126,51.25748502994012
train,Chopin/Ballades/4/midi_score.mid,pedal_depth,mixed,visible_mean,282,1,12,1121,839,835,0.43429532489574396,0.6590108685717891,0.39822096661644907,0.0,0.0,0.0,0.0
train,Chopin/Ballades/4/midi_score.mid,pedal_depth,mixed,linear_interpolation,282,1,12,1121,839,835,0.3511846980608513,0.5926083850747063,0.4033322370329357,19.13689189604886,-1.2835261939910803,25.795553826512,51.73652694610779
train,Chopin/Ballades/4/midi_score.mid,pedal_depth,small,cnn,142,1,12,417,275,274,0.10737573919403127,0.3276823754705634,0.08141056743672599,2.452278427200405,-44.3739564108905,62.21092653036672,49.63503649635037
train,Chopin/Ballades/4/midi_score.mid,pedal_depth,small,visible_mean,142,1,12,417,275,274,0.11007508680138373,0.33177565733697784,0.056388679413224826,0.0,0.0,0.0,0.0
train,Chopin/Ballades/4/midi_score.mid,pedal_depth,small,linear_interpolation,142,1,12,417,275,274,0.04698719266436257,0.21676529395722594,0.057830123973669,57.313508415264856,-2.5562658594663112,21.800259639549946,51.824817518248175
train,Chopin/Ballades/4/midi_score.mid,pedal_down_ratio,abrupt,cnn,98,1,12,410,312,301,3.456915885651789,1.859278323880475,3.4862115966225176,8.333055464345406,0.8791195289879594,9.127170482074403,52.159468438538205
train,Chopin/Ballades/4/midi_score.mid,pedal_down_ratio,abrupt,visible_mean,98,1,12,410,312,301,3.7711695346267313,1.9419499310298223,3.5171313854925472,0.0,0.0,0.0,0.0
train,Chopin/Ballades/4/midi_score.mid,pedal_down_ratio,abrupt,linear_interpolation,98,1,12,410,312,301,4.127248767628914,2.031563134049472,3.4786523879781486,-9.442143338629494,1.094044927440485,25.91663109534928,52.49169435215947
train,Chopin/Ballades/4/midi_score.mid,pedal_down_ratio,gradual,cnn,37,1,12,79,42,33,0.14865323454055504,0.38555574764300304,0.11364632696241841,13.29138911501262,-12.837041663491089,39.31923214137175,39.39393939393939
train,Chopin/Ballades/4/midi_score.mid,pedal_down_ratio,gradual,visible_mean,37,1,12,79,42,33,0.17143999081905795,0.41405312559991375,0.10071721598421626,0.0,0.0,0.0,0.0
train,Chopin/Ballades/4/midi_score.mid,pedal_down_ratio,gradual,linear_interpolation,37,1,12,79,42,33,0.18835474321252707,0.43399855208574956,0.0865996438115065,-9.866281672472432,14.017039723300307,90.11287580928564,72.72727272727273
train,Chopin/Ballades/4/midi_score.mid,pedal_down_ratio,mixed,cnn,293,1,12,1172,879,867,0.24189977366820864,0.49183307500432366,0.32650260548507515,-1.679813836112043,-6.852254398545132,29.917925756748552,51.21107266435986
train,Chopin/Ballades/4/midi_score.mid,pedal_down_ratio,mixed,visible_mean,293,1,12,1172,879,867,0.23790343878688028,0.4877534610711443,0.305564545477218,0.0,0.0,0.0,0.0
train,Chopin/Ballades/4/midi_score.mid,pedal_down_ratio,mixed,linear_interpolation,293,1,12,1172,879,867,0.2620070138966351,0.5118662070274176,0.31726261217333734,-10.131663179256268,-3.828345555551871,22.1353032092674,49.7116493656286
train,Chopin/Ballades/4/midi_score.mid,pedal_down_ratio,small,cnn,136,1,12,408,272,263,0.08861944846122494,0.2976901887218068,0.04413782556676086,-34.86214908967868,-90.33746296349283,100.37232091859076,54.372623574144484
train,Chopin/Ballades/4/midi_score.mid,pedal_down_ratio,small,visible_mean,136,1,12,408,272,263,0.06571113471007796,0.25634183176001135,0.023189247602415818,0.0,0.0,0.0,0.0
train,Chopin/Ballades/4/midi_score.mid,pedal_down_ratio,small,linear_interpolation,136,1,12,408,272,263,0.02204967964712299,0.14849134536101083,0.024122666408981825,66.44453068051908,-4.0252224762513,20.352227396727656,49.80988593155894
train,Chopin/Ballades/4/midi_score.mid,rubato,abrupt,cnn,82,1,10,338,256,248,3.4446198406348842,1.855968706803777,4.780057409593831,13.184496733667538,4.403244752837421,13.98212794600784,57.66129032258065
train,Chopin/Ballades/4/midi_score.mid,rubato,abrupt,visible_mean,82,1,10,338,256,248,3.967747361974606,1.9919205209984172,5.000229764321116,0.0,0.0,0.0,0.0
train,Chopin/Ballades/4/midi_score.mid,rubato,abrupt,linear_interpolation,82,1,10,338,256,248,4.3258532914508105,2.079868575523658,5.17725922738261,-9.02542165129152,-3.5404265684884972,18.478510660235013,48.79032258064516
train,Chopin/Ballades/4/midi_score.mid,rubato,gradual,cnn,42,1,11,109,67,61,0.7199152117095878,0.8484781739736078,0.67026656200835,30.712663529089525,-9.010913039844937,42.576919498436794,50.81967213114754
train,Chopin/Ballades/4/midi_score.mid,rubato,gradual,visible_mean,42,1,11,109,67,61,1.0390285561227142,1.019327501896576,0.6148618916377286,0.0,0.0,0.0,0.0
train,Chopin/Ballades/4/midi_score.mid,rubato,gradual,linear_interpolation,42,1,11,109,67,61,0.4392653997593408,0.6627710009945673,0.3076224575553585,57.72345262592942,49.968852885648175,81.5241658470003,86.88524590163935
train,Chopin/Ballades/4/midi_score.mid,rubato,mixed,cnn,269,1,12,1102,833,820,0.9670760450731913,0.9834002466306337,1.19940948575333,16.712757410691058,-2.0283811397218576,25.18999785160793,51.58536585365854
train,Chopin/Ballades/4/midi_score.mid,rubato,mixed,visible_mean,269,1,12,1102,833,820,1.1611334641511217,1.0775590304717053,1.1755645560138892,0.0,0.0,0.0,0.0
train,Chopin/Ballades/4/midi_score.mid,rubato,mixed,linear_interpolation,269,1,12,1102,833,820,1.1318932032877371,1.0639046965248988,1.180564508810239,2.518251498742352,-0.4253235409974909,23.24242789124212,53.78048780487805
train,Chopin/Ballades/4/midi_score.mid,rubato,small,cnn,171,1,12,520,349,346,0.34350481403461813,0.5860928373855273,0.3636047594037409,16.984609817340278,-6.001684662480344,40.69291804286675,55.202312138728324
train,Chopin/Ballades/4/midi_score.mid,rubato,small,visible_mean,171,1,12,520,349,346,0.4137844961985971,0.6432608306111892,0.34301790632997364,0.0,0.0,0.0,0.0
train,Chopin/Ballades/4/midi_score.mid,rubato,small,linear_interpolation,171,1,12,520,349,346,0.2764990353605376,0.5258317557551442,0.3608673177477943,33.17800983344937,-5.203638378181341,21.22283297845189,49.421965317919074
train,Chopin/Ballades/4/midi_score.mid,tempo,abrupt,cnn,123,1,12,528,405,394,2.468481467380543,1.5711401806906165,3.455201547716362,11.588612361660989,2.7626628982721613,13.557345833078072,56.34517766497462
train,Chopin/Ballades/4/midi_score.mid,tempo,abrupt,visible_mean,123,1,12,528,405,394,2.792040180930383,1.6709399094313306,3.5533691591138457,0.0,0.0,0.0,0.0
train,Chopin/Ballades/4/midi_score.mid,tempo,abrupt,linear_interpolation,123,1,12,528,405,394,3.157100417414999,1.7768231249662976,3.6606280874868204,-13.075035201068186,-3.018513516893462,18.913386717682883,46.954314720812185
train,Chopin/Ballades/4/midi_score.mid,tempo,gradual,cnn,40,1,11,88,48,44,0.615855160296006,0.7847643979539375,0.48059513522323555,28.417927197178507,-2.2703148178991217,37.56643647581493,50.0
train,Chopin/Ballades/4/midi_score.mid,tempo,gradual,visible_mean,40,1,11,88,48,44,0.8603483193235099,0.9275496317305667,0.46992632816176966,0.0,0.0,0.0,0.0
train,Chopin/Ballades/4/midi_score.mid,tempo,gradual,linear_interpolation,40,1,11,88,48,44,0.37400969215096447,0.6115633181862402,0.2034561346055721,56.52810800571476,56.70467424086667,86.27237580632271,90.9090909090909
train,Chopin/Ballades/4/midi_score.mid,tempo,mixed,cnn,288,1,12,1138,850,835,0.7468709166317318,0.8642169384082516,0.8819256735936192,20.881716132192206,-1.1628949033406721,24.880030638581193,55.209580838323355
train,Chopin/Ballades/4/midi_score.mid,tempo,mixed,visible_mean,288,1,12,1138,850,835,0.9439928169822499,0.9715929276102466,0.8717876988754456,0.0,0.0,0.0,0.0
train,Chopin/Ballades/4/midi_score.mid,tempo,mixed,linear_interpolation,288,1,12,1138,850,835,0.7984027906230655,0.8935338777142507,0.8730757033426935,15.422789637807377,-0.14774290448342775,25.13010546032125,53.053892215568865
train,Chopin/Ballades/4/midi_score.mid,tempo,small,cnn,113,1,12,315,202,202,0.252748573986374,0.5027410605733075,0.24089717502865485,5.772623637513563,-17.01140667705563,46.96194225980465,50.495049504950494
train,Chopin/Ballades/4/midi_score.mid,tempo,small,visible_mean,113,1,12,315,202,202,0.2682326344459248,0.5179118018021261,0.20587495003244977,0.0,0.0,0.0,0.0
train,Chopin/Ballades/4/midi_score.mid,tempo,small,linear_interpolation,113,1,12,315,202,202,0.17594412125766903,0.41945693611820156,0.21873100369538587,34.406146507449286,-6.24459345875239,22.53528104532479,51.48514851485149
train,Chopin/Barcarolle/midi_score.mid,articulation,abrupt,cnn,131,1,9,528,397,394,3.5043072872652616,1.8719795103753838,7.6440395898459,5.243126645548102,3.1425527226169647,8.482526677668194,58.629441624365484
train,Chopin/Barcarolle/midi_score.mid,articulation,abrupt,visible_mean,131,1,9,528,397,394,3.6982090725565517,1.9230728203987886,7.892051468127885,0.0,0.0,0.0,0.0
train,Chopin/Barcarolle/midi_score.mid,articulation,abrupt,linear_interpolation,131,1,9,528,397,394,4.940018648861231,2.2226152723449983,8.161699952372887,-33.57867421611789,-3.4167096519071016,14.875416396273133,46.192893401015226
train,Chopin/Barcarolle/midi_score.mid,articulation,gradual,cnn,16,1,8,26,10,10,0.49011152069086267,0.7000796531044612,0.21010956291530264,32.80237715853567,-2.338125958427484,45.04703818133683,50.0
train,Chopin/Barcarolle/midi_score.mid,articulation,gradual,visible_mean,16,1,8,26,10,10,0.729358420679785,0.8540248361024315,0.20530917578132596,0.0,0.0,0.0,0.0
train,Chopin/Barcarolle/midi_score.mid,articulation,gradual,linear_interpolation,16,1,8,26,10,10,0.41961213625256816,0.6477747573443783,0.3487890502492487,42.46832224662924,-69.88478421477988,135.39733907208148,70.0
train,Chopin/Barcarolle/midi_score.mid,articulation,mixed,cnn,199,1,9,772,573,567,1.0620425364391664,1.030554480092715,1.5755541822467223,0.3193404879747619,-1.897522282867281,18.598014980387394,50.264550264550266
train,Chopin/Barcarolle/midi_score.mid,articulation,mixed,visible_mean,199,1,9,772,573,567,1.065444933488872,1.0322039204967552,1.5462144191033298,0.0,0.0,0.0,0.0
train,Chopin/Barcarolle/midi_score.mid,articulation,mixed,linear_interpolation,199,1,9,772,573,567,1.422080827579096,1.192510305020085,1.5871659252766082,-33.472954150938186,-2.6485011177832973,21.10338549954167,51.67548500881834
train,Chopin/Barcarolle/midi_score.mid,articulation,small,cnn,75,1,9,197,122,121,0.38360950595199556,0.6193621767205321,0.44263938597243885,8.977123065458736,-17.848615074568652,44.9988774025674,53.71900826446281
train,Chopin/Barcarolle/midi_score.mid,articulation,small,visible_mean,75,1,9,197,122,121,0.4214429590353058,0.6491863823551028,0.3755999896073102,0.0,0.0,0.0,0.0
train,Chopin/Barcarolle/midi_score.mid,articulation,small,linear_interpolation,75,1,9,197,122,121,0.3050143288779375,0.552281023463542,0.3848964062394471,27.62618941929331,-2.4750843688404522,24.07793388002296,58.67768595041322
train,Chopin/Barcarolle/midi_score.mid,dynamics,abrupt,cnn,109,1,9,435,326,323,1.7618447923925817,1.327345016336213,2.4045462198345704,24.300193478195187,1.608572710400169,12.442290933860207,57.27554179566563
train,Chopin/Barcarolle/midi_score.mid,dynamics,abrupt,visible_mean,109,1,9,435,326,323,2.3274099014838225,1.5255851013574504,2.443857443755911,0.0,0.0,0.0,0.0
train,Chopin/Barcarolle/midi_score.mid,dynamics,abrupt,linear_interpolation,109,1,9,435,326,323,2.2732577824547024,1.5077326627936076,2.4445756477149394,2.3267117233881196,-0.02938812821768888,25.030044989491547,51.39318885448916
train,Chopin/Barcarolle/midi_score.mid,dynamics,gradual,cnn,30,1,9,58,28,27,0.6235004194690623,0.7896204274644003,0.44106819017661136,41.629007839789,16.193587485281014,22.773204935606916,59.25925925925926
train,Chopin/Barcarolle/midi_score.mid,dynamics,gradual,visible_mean,30,1,9,58,28,27,1.0681682739908536,1.0335222658418413,0.5262940829249149,0.0,0.0,0.0,0.0
train,Chopin/Barcarolle/midi_score.mid,dynamics,gradual,linear_interpolation,30,1,9,58,28,27,0.48499737362251794,0.6964175282275124,0.25000526723831745,54.595414839415945,52.497040086619194,80.31963454840569,74.07407407407408
train,Chopin/Barcarolle/midi_score.mid,dynamics,mixed,cnn,193,1,9,804,611,599,0.8452357365740464,0.9193670303932192,0.8770490950888723,27.332297806115747,-2.9570185130135984,21.15374221104346,47.57929883138564
train,Chopin/Barcarolle/midi_score.mid,dynamics,mixed,visible_mean,193,1,9,804,611,599,1.163151869476866,1.0784951875075133,0.8518594533485008,0.0,0.0,0.0,0.0
train,Chopin/Barcarolle/midi_score.mid,dynamics,mixed,linear_interpolation,193,1,9,804,611,599,0.9043904436234672,0.9509944498384137,0.8279953432367904,22.246572665509124,2.8014140147068933,24.663765687744394,54.924874791318864
train,Chopin/Barcarolle/midi_score.mid,dynamics,small,cnn,89,1,9,226,137,130,0.380194617265428,0.6165992355374988,0.35307943639486294,6.930493884976352,-8.888128976684385,28.383459273835122,53.07692307692308
train,Chopin/Barcarolle/midi_score.mid,dynamics,small,visible_mean,89,1,9,226,137,130,0.40850610810757865,0.6391448256127704,0.3242588881938323,0.0,0.0,0.0,0.0
train,Chopin/Barcarolle/midi_score.mid,dynamics,small,linear_interpolation,89,1,9,226,137,130,0.25629270468673293,0.5062535972086845,0.32981148258996906,37.26098591915322,-1.71239543411299,19.53744761649327,48.46153846153846
train,Chopin/Barcarolle/midi_score.mid,pedal_changes,abrupt,cnn,57,1,9,237,180,127,2.0931176194956915,1.4467610789261962,3.901698856272044,-2.2370206733580034,0.5919418968726164,10.772948218406531,49.60629921259842
train,Chopin/Barcarolle/midi_score.mid,pedal_changes,abrupt,visible_mean,57,1,9,237,180,127,2.047318677432018,1.4308454414897571,3.9249321742351753,0.0,0.0,0.0,0.0
train,Chopin/Barcarolle/midi_score.mid,pedal_changes,abrupt,linear_interpolation,57,1,9,237,180,127,3.6310951363513477,1.9055432654105096,4.148855834583742,-77.35857032799038,-5.705159997884568,19.21682654361225,37.00787401574803
train,Chopin/Barcarolle/midi_score.mid,pedal_changes,gradual,cnn,74,1,9,192,118,14,0.34841839798482366,0.5902697671275597,0.32746119358727654,4.418256753369631,-21.351614235134477,47.76719465021021,57.142857142857146
train,Chopin/Barcarolle/midi_score.mid,pedal_changes,gradual,visible_mean,74,1,9,192,118,14,0.3645240044281226,0.6037582334247067,0.2698449424436811,0.0,0.0,0.0,0.0
train,Chopin/Barcarolle/midi_score.mid,pedal_changes,gradual,linear_interpolation,74,1,9,192,118,14,0.5482390002042824,0.7404316310128048,0.2542892933717317,-50.39860024153362,5.764662080037331,75.18444345134336,100.0
train,Chopin/Barcarolle/midi_score.mid,pedal_changes,mixed,cnn,210,1,9,842,632,400,0.8578723918723076,0.92621400975817,1.5360856624461108,-5.2913045131709024,0.951028199044246,16.88992501505911,55.5
train,Chopin/Barcarolle/midi_score.mid,pedal_changes,mixed,visible_mean,210,1,9,842,632,400,0.8147609110161572,0.9026410754093552,1.5508345362059464,0.0,0.0,0.0,0.0
train,Chopin/Barcarolle/midi_score.mid,pedal_changes,mixed,linear_interpolation,210,1,9,842,632,400,1.1032604422584154,1.050362052940992,1.6399678519927101,-35.409103129707816,-5.747442019496463,18.568005288693097,24.0
train,Chopin/Barcarolle/midi_score.mid,pedal_changes,small,cnn,80,1,9,252,172,0,0.06278523126827172,0.2505698131624632,0.03180440972889427,-9.932392872065021,,,
train,Chopin/Barcarolle/midi_score.mid,pedal_changes,small,visible_mean,80,1,9,252,172,0,0.05711258495149714,0.23898239464759144,0.0,0.0,,,
train,Chopin/Barcarolle/midi_score.mid,pedal_changes,small,linear_interpolation,80,1,9,252,172,0,0.0,0.0,0.0,100.0,,,
train,Chopin/Barcarolle/midi_score.mid,pedal_depth,abrupt,cnn,70,1,9,287,217,213,1.602067148016247,1.2657279123161687,1.97921191041355,11.56918885272522,4.94151044974005,13.853237877737016,55.86854460093897
train,Chopin/Barcarolle/midi_score.mid,pedal_depth,abrupt,visible_mean,70,1,9,287,217,213,1.8116617129612507,1.345979833786989,2.0820990526754457,0.0,0.0,0.0,0.0
train,Chopin/Barcarolle/midi_score.mid,pedal_depth,abrupt,linear_interpolation,70,1,9,287,217,213,1.8552289002072055,1.3620678765051342,2.231456143402248,-2.404819119058499,-7.173390263776458,19.026253088393275,46.948356807511736
train,Chopin/Barcarolle/midi_score.mid,pedal_depth,gradual,cnn,29,1,9,52,23,23,0.4687849214855756,0.6846786994536749,0.2986301954395278,18.222238693716662,-17.6025768666346,34.01130661496241,47.82608695652174
train,Chopin/Barcarolle/midi_score.mid,pedal_depth,gradual,visible_mean,29,1,9,52,23,23,0.5732425466256397,0.7571278271372937,0.2539316768357761,0.0,0.0,0.0,0.0
train,Chopin/Barcarolle/midi_score.mid,pedal_depth,gradual,linear_interpolation,29,1,9,52,23,23,0.13181976596759531,0.36306991884153017,0.10707870373126245,77.00453904834089,57.83168722171166,76.8860112621819,78.26086956521739
train,Chopin/Barcarolle/midi_score.mid,pedal_depth,mixed,cnn,243,1,9,959,716,697,0.5115487558754749,0.7152263668765819,0.5013356480658475,17.390610428482113,-0.7921916839152443,25.517208446375438,52.22381635581062
train,Chopin/Barcarolle/midi_score.mid,pedal_depth,mixed,visible_mean,243,1,9,959,716,697,0.6192380291499539,0.7869167866743941,0.4973953236755068,0.0,0.0,0.0,0.0
train,Chopin/Barcarolle/midi_score.mid,pedal_depth,mixed,linear_interpolation,243,1,9,959,716,697,0.44066365717473466,0.6638250199975402,0.5065101559300588,28.837759241039095,-1.8325126555669646,24.383593539553296,50.50215208034433
train,Chopin/Barcarolle/midi_score.mid,pedal_depth,small,cnn,79,1,9,225,146,140,0.13420469037478738,0.3663395834124227,0.09068646340401382,19.760742850570743,-49.67396473354286,64.3290754670445,45.714285714285715
train,Chopin/Barcarolle/midi_score.mid,pedal_depth,small,visible_mean,79,1,9,225,146,140,0.16725564909562723,0.40896900750011267,0.06058933734097204,0.0,0.0,0.0,0.0
train,Chopin/Barcarolle/midi_score.mid,pedal_depth,small,linear_interpolation,79,1,9,225,146,140,0.05473372076108965,0.23395238994524004,0.06449787312751669,67.27541278453559,-6.450864059709049,20.877072607452344,45.0
train,Chopin/Barcarolle/midi_score.mid,pedal_down_ratio,abrupt,cnn,48,1,9,204,156,136,3.425479338122447,1.8508050513553411,4.870337298387583,12.354332909891674,3.167483134788285,8.045721874690557,58.088235294117645
train,Chopin/Barcarolle/midi_score.mid,pedal_down_ratio,abrupt,visible_mean,48,1,9,204,156,136,3.9083270763410574,1.9769489311413833,5.029650633956941,0.0,0.0,0.0,0.0
train,Chopin/Barcarolle/midi_score.mid,pedal_down_ratio,abrupt,linear_interpolation,48,1,9,204,156,136,4.4472399180285285,2.1088480073320905,4.954601016302738,-13.788836787733661,1.492143751447006,29.128861020222267,52.94117647058823
train,Chopin/Barcarolle/midi_score.mid,pedal_down_ratio,gradual,cnn,31,1,9,63,32,16,0.24570155815098796,0.4956829209797206,0.08767208163290488,32.96910704870152,-48.13424991308584,79.21977062816441,56.25
train,Chopin/Barcarolle/midi_score.mid,pedal_down_ratio,gradual,visible_mean,31,1,9,63,32,16,0.3665497315237964,0.605433507103626,0.05918420735538496,0.0,0.0,0.0,0.0
train,Chopin/Barcarolle/midi_score.mid,pedal_down_ratio,gradual,linear_interpolation,31,1,9,63,32,16,0.19986873290841517,0.4470668103409323,0.05156721502554482,45.472956131345654,12.869974390469041,128.39604983816645,81.25
train,Chopin/Barcarolle/midi_score.mid,pedal_down_ratio,mixed,cnn,259,1,9,1030,771,721,0.255482521751084,0.505452788844897,0.3373985024502709,-1.0770486673922886,-2.465205557347039,32.42203831822593,55.89459084604716
train,Chopin/Barcarolle/midi_score.mid,pedal_down_ratio,mixed,visible_mean,259,1,9,1030,771,721,0.25276017169019627,0.5027525949114497,0.32928104776156236,0.0,0.0,0.0,0.0
train,Chopin/Barcarolle/midi_score.mid,pedal_down_ratio,mixed,linear_interpolation,259,1,9,1030,771,721,0.26354089669656183,0.5133623444474301,0.34733993085639936,-4.265199273396325,-5.484337230338787,20.637249132936915,48.12760055478502
train,Chopin/Barcarolle/midi_score.mid,pedal_down_ratio,small,cnn,83,1,9,226,143,123,0.07920981241008081,0.28144237848995096,0.05738016196637899,-46.47647639897847,-103.12543673125086,98.17418297619693,56.09756097560975
train,Chopin/Barcarolle/midi_score.mid,pedal_down_ratio,small,visible_mean,83,1,9,226,143,123,0.05407681448748532,0.23254422049899523,0.02824863438560723,0.0,0.0,0.0,0.0
train,Chopin/Barcarolle/midi_score.mid,pedal_down_ratio,small,linear_interpolation,83,1,9,226,143,123,0.01876862650074833,0.1369986368572634,0.02948831287190089,65.2926551265481,-4.388454568711064,22.020034295775524,43.08943089430894
train,Chopin/Barcarolle/midi_score.mid,rubato,abrupt,cnn,100,1,9,388,288,285,4.07753788736789,2.0192914320047737,8.435034717609781,10.117431932492583,5.229064626139158,11.001170914929428,59.64912280701754
train,Chopin/Barcarolle/midi_score.mid,rubato,abrupt,visible_mean,100,1,9,388,288,285,4.5365168964747475,2.129910067696462,8.90044472425486,0.0,0.0,0.0,0.0
train,Chopin/Barcarolle/midi_score.mid,rubato,abrupt,linear_interpolation,100,1,9,388,288,285,5.716352813064991,2.390889544304586,9.105741953300669,-26.007528319955654,-2.306595180422244,15.987152862703935,44.56140350877193
train,Chopin/Barcarolle/midi_score.mid,rubato,gradual,cnn,26,1,8,56,30,28,0.5354959957661783,0.7317759190942118,0.6862820101739984,22.523254416263182,-43.4312457385003,60.21160680984872,57.142857142857146
train,Chopin/Barcarolle/midi_score.mid,rubato,gradual,visible_mean,26,1,8,56,30,28,0.6911699655574906,0.8313663245269745,0.4784745517899272,0.0,0.0,0.0,0.0
train,Chopin/Barcarolle/midi_score.mid,rubato,gradual,linear_interpolation,26,1,8,56,30,28,0.4724686025814306,0.6873635156025016,0.3788625630681856,31.642197125805037,20.818659707000663,90.96393433746323,71.42857142857143
train,Chopin/Barcarolle/midi_score.mid,rubato,mixed,cnn,204,1,9,848,644,633,0.9570752896654805,0.978302248625383,1.173933890094344,16.988868284596858,4.126926906986627,28.673986072922858,54.976303317535546
train,Chopin/Barcarolle/midi_score.mid,rubato,mixed,visible_mean,204,1,9,848,644,633,1.152948128627778,1.0737542217042866,1.2244667373449332,0.0,0.0,0.0,0.0
train,Chopin/Barcarolle/midi_score.mid,rubato,mixed,linear_interpolation,204,1,9,848,644,633,1.2036870161613507,1.097126709255294,1.228089808029304,-4.400795341414132,-0.2958896778386011,24.533705559942987,51.65876777251185
train,Chopin/Barcarolle/midi_score.mid,rubato,small,cnn,91,1,9,231,140,129,0.37669014868311923,0.6137508848735936,0.35770242638781996,27.713389048256552,-4.9930636227878855,46.86119526700045,56.58914728682171
train,Chopin/Barcarolle/midi_score.mid,rubato,small,visible_mean,91,1,9,231,140,129,0.5211063898604781,0.7218769908097072,0.34069148384216075,0.0,0.0,0.0,0.0
train,Chopin/Barcarolle/midi_score.mid,rubato,small,linear_interpolation,91,1,9,231,140,129,0.27281883702246496,0.522320626648484,0.3509399623558654,47.646230725455126,-3.008140502406187,22.341643631710507,52.713178294573645
train,Chopin/Barcarolle/midi_score.mid,tempo,abrupt,cnn,130,1,9,498,368,364,3.0208708461223317,1.7380652594544117,6.143707798571724,9.065896761253068,5.5764031567827725,11.114690790056114,60.43956043956044
train,Chopin/Barcarolle/midi_score.mid,tempo,abrupt,visible_mean,130,1,9,498,368,364,3.32204391810084,1.822647502426303,6.506538623785806,0.0,0.0,0.0,0.0
train,Chopin/Barcarolle/midi_score.mid,tempo,abrupt,linear_interpolation,130,1,9,498,368,364,4.267528269310128,2.065799668242332,6.688372206785243,-28.460922688517808,-2.7946285039285312,16.80374525284265,45.879120879120876
train,Chopin/Barcarolle/midi_score.mid,tempo,gradual,cnn,29,1,9,59,30,28,0.5525335047434528,0.7433259747536425,0.5403550570457759,15.43910858888684,-98.64294208854226,63.566760261433274,46.42857142857143
train,Chopin/Barcarolle/midi_score.mid,tempo,gradual,visible_mean,29,1,9,59,30,28,0.6534149481196667,0.8083408613448084,0.2720232852798366,0.0,0.0,0.0,0.0
train,Chopin/Barcarolle/midi_score.mid,tempo,gradual,linear_interpolation,29,1,9,59,30,28,0.3032591108925758,0.5506896684091466,0.14318035420300784,53.58858689026551,47.364669882684886,84.25214777345133,85.71428571428571
train,Chopin/Barcarolle/midi_score.mid,tempo,mixed,cnn,190,1,9,799,609,602,0.7707121683858977,0.8779021405520651,0.8742781363739562,17.236863675836812,3.251889347988024,27.8584255082747,54.48504983388705
train,Chopin/Barcarolle/midi_score.mid,tempo,mixed,visible_mean,190,1,9,799,609,602,0.9312263921067522,0.9650007212985657,0.9036642994699915,0.0,0.0,0.0,0.0
train,Chopin/Barcarolle/midi_score.mid,tempo,mixed,linear_interpolation,190,1,9,799,609,602,0.9210663931382921,0.959722039518887,0.8909513131266773,1.0910342591853195,1.4068262241598406,24.675085021937644,53.32225913621262
train,Chopin/Barcarolle/midi_score.mid,tempo,small,cnn,72,1,9,167,95,90,0.291647667694358,0.5400441349504298,0.2180006910975405,31.530429302145734,-2.881769824188618,48.47532020303234,58.888888888888886
train,Chopin/Barcarolle/midi_score.mid,tempo,small,visible_mean,72,1,9,167,95,90,0.4259522364779451,0.6526501639300684,0.2118943827172442,0.0,0.0,0.0,0.0
train,Chopin/Barcarolle/midi_score.mid,tempo,small,linear_interpolation,72,1,9,167,95,90,0.17148915326811137,0.4141124886647484,0.21142688439078391,59.73981620894935,0.2206279942230105,19.94835598921379,52.22222222222222
train,Chopin/Etudes_op_10/1/midi_score.mid,articulation,abrupt,cnn,129,1,23,513,384,384,2.5733436011022,1.6041644557532746,5.702640393970888,0.2721794278978229,2.352194133977026,9.653296884210707,56.25
train,Chopin/Etudes_op_10/1/midi_score.mid,articulation,abrupt,visible_mean,129,1,23,513,384,384,2.5803668287744235,1.606352025172074,5.840008736904092,0.0,0.0,0.0,0.0
train,Chopin/Etudes_op_10/1/midi_score.mid,articulation,abrupt,linear_interpolation,129,1,23,513,384,384,3.88516844887783,1.9710830649360849,6.006676534733528,-50.566516572495935,-2.8538963782062776,14.95303948169982,49.21875
train,Chopin/Etudes_op_10/1/midi_score.mid,articulation,gradual,cnn,39,1,19,103,64,64,0.7617839494569201,0.8728023541770038,0.4960372711267537,9.53690529194462,-1.2437685454568914,35.7449722081331,56.25
train,Chopin/Etudes_op_10/1/midi_score.mid,articulation,gradual,visible_mean,39,1,19,103,64,64,0.8420936205149372,0.9176565918223097,0.4899435078851699,0.0,0.0,0.0,0.0
train,Chopin/Etudes_op_10/1/midi_score.mid,articulation,gradual,linear_interpolation,39,1,19,103,64,64,0.6055885532726905,0.7781957037099925,0.3379666210959321,28.085365033121224,31.019267393753736,89.982427216332,71.875
train,Chopin/Etudes_op_10/1/midi_score.mid,articulation,mixed,cnn,369,1,24,1459,1090,1090,0.8817887521954922,0.9390360760883962,1.348630081858361,3.5117737856352416,-0.7873023271461888,18.701011226254867,55.22935779816514
train,Chopin/Etudes_op_10/1/midi_score.mid,articulation,mixed,visible_mean,369,1,24,1459,1090,1090,0.9138822287358157,0.9559718765402128,1.3380952269967832,0.0,0.0,0.0,0.0
train,Chopin/Etudes_op_10/1/midi_score.mid,articulation,mixed,linear_interpolation,369,1,24,1459,1090,1090,1.2607552403871296,1.122833576442711,1.3500849901431355,-37.955986093650985,-0.896032128689539,22.826224829306387,53.669724770642205
train,Chopin/Etudes_op_10/1/midi_score.mid,articulation,small,cnn,171,1,23,463,292,292,0.32866490456121905,0.573293035507339,0.3469697512469067,11.765847911911042,-2.1398981400684747,33.4149143653139,54.10958904109589
train,Chopin/Etudes_op_10/1/midi_score.mid,articulation,small,visible_mean,171,1,23,463,292,292,0.37249171299690736,0.6103209917714673,0.3397005064280497,0.0,0.0,0.0,0.0
train,Chopin/Etudes_op_10/1/midi_score.mid,articulation,small,linear_interpolation,171,1,23,463,292,292,0.3356740165295875,0.5793738141559277,0.35936564320855763,9.884165253261767,-5.788963044914697,19.304019958577037,50.68493150684932
train,Chopin/Etudes_op_10/1/midi_score.mid,dynamics,abrupt,cnn,191,1,24,781,590,590,1.635072124957378,1.278699388033551,2.5732290358264103,9.045314028150141,1.3228356627067561,11.375935091616832,54.23728813559322
train,Chopin/Etudes_op_10/1/midi_score.mid,dynamics,abrupt,visible_mean,191,1,24,781,590,590,1.7976777199400447,1.3407750444948043,2.6077249514697547,0.0,0.0,0.0,0.0
train,Chopin/Etudes_op_10/1/midi_score.mid,dynamics,abrupt,linear_interpolation,191,1,24,781,590,590,2.0604520822023358,1.435427491098849,2.6224269386567767,-14.617434445983735,-0.5637859613505602,20.613847480306625,52.03389830508475
train,Chopin/Etudes_op_10/1/midi_score.mid,dynamics,gradual,cnn,39,1,22,90,51,51,0.2489025956136665,0.4989013886668051,0.20978986692978133,52.11611034753331,15.344787932456082,34.49478976874024,66.66666666666667
train,Chopin/Etudes_op_10/1/midi_score.mid,dynamics,gradual,visible_mean,39,1,22,90,51,51,0.5198044632968628,0.7209746620352637,0.24781683467096643,0.0,0.0,0.0,0.0
train,Chopin/Etudes_op_10/1/midi_score.mid,dynamics,gradual,linear_interpolation,39,1,22,90,51,51,0.37473014450621805,0.6121520599542388,0.18158024830432698,27.909402291490547,26.728041480549003,92.67511708537435,70.58823529411765
train,Chopin/Etudes_op_10/1/midi_score.mid,dynamics,mixed,cnn,294,1,24,1169,875,875,0.6941515064292386,0.8331575519847604,0.8603749766805313,16.679079866789547,0.46878244190822205,19.115939946804218,54.17142857142857
train,Chopin/Etudes_op_10/1/midi_score.mid,dynamics,mixed,visible_mean,294,1,24,1169,875,875,0.8331059058390792,0.9127463535063173,0.8644272598980015,0.0,0.0,0.0,0.0
train,Chopin/Etudes_op_10/1/midi_score.mid,dynamics,mixed,linear_interpolation,294,1,24,1169,875,875,0.840287792662938,0.9166721293150228,0.8633308497498201,-0.8620616866982012,0.12683660026070465,25.41068984492959,55.65714285714286
train,Chopin/Etudes_op_10/1/midi_score.mid,dynamics,small,cnn,184,1,24,498,314,313,0.3065859706805301,0.5537020594873475,0.32563121315089416,23.536928581457918,-10.768386856150581,32.668841970965,46.96485623003195
train,Chopin/Etudes_op_10/1/midi_score.mid,dynamics,small,visible_mean,184,1,24,498,314,313,0.4009595285577083,0.6332136515882363,0.2939748626779004,0.0,0.0,0.0,0.0
train,Chopin/Etudes_op_10/1/midi_score.mid,dynamics,small,linear_interpolation,184,1,24,498,314,313,0.23439766614167648,0.484146327200441,0.2993999833438359,41.54081660440183,-1.845436924952204,22.34112374216819,52.3961661341853
train,Chopin/Etudes_op_10/1/midi_score.mid,pedal_changes,abrupt,cnn,196,1,24,745,549,297,2.9773668895412775,1.7255048216511242,6.944304280565329,5.746895634212235,8.163315131227812,9.869243735671214,72.72727272727273
train,Chopin/Etudes_op_10/1/midi_score.mid,pedal_changes,abrupt,visible_mean,196,1,24,745,549,297,3.158905915699483,1.7773311215694962,7.561579874630954,0.0,0.0,0.0,0.0
train,Chopin/Etudes_op_10/1/midi_score.mid,pedal_changes,abrupt,linear_interpolation,196,1,24,745,549,297,5.213977035752619,2.2834134614109245,8.00302108221852,-65.05642063727237,-5.837949408808041,15.418333260756878,14.814814814814815
train,Chopin/Etudes_op_10/1/midi_score.mid,pedal_changes,gradual,cnn,59,1,22,184,125,3,0.15165405935439374,0.38942786155383613,0.1276653432365381,-10.88750861292751,-42.2328347483681,68.75417886638638,66.66666666666667
train,Chopin/Etudes_op_10/1/midi_score.mid,pedal_changes,gradual,visible_mean,59,1,22,184,125,3,0.13676388012627202,0.36981600847755636,0.0897579967821058,0.0,0.0,0.0,0.0
train,Chopin/Etudes_op_10/1/midi_score.mid,pedal_changes,gradual,linear_interpolation,59,1,22,184,125,3,1.2103914911738862,1.100177936142098,0.21974087993919644,-785.0227779852034,-144.81482187334655,136.4904042275677,100.0
train,Chopin/Etudes_op_10/1/midi_score.mid,pedal_changes,mixed,cnn,26,1,17,103,77,36,0.875810494437223,0.93584747391721,1.4385956913742515,15.045814456079798,15.374835415552102,19.49592762776927,72.22222222222223
train,Chopin/Etudes_op_10/1/midi_score.mid,pedal_changes,mixed,visible_mean,26,1,17,103,77,36,1.030920947366908,1.0153427733366245,1.6999620602671552,0.0,0.0,0.0,0.0
train,Chopin/Etudes_op_10/1/midi_score.mid,pedal_changes,mixed,linear_interpolation,26,1,17,103,77,36,1.54680043476418,1.2437043196693416,1.6889527941934919,-50.04064460178912,0.6476183399018454,15.491933634248195,11.11111111111111
train,Chopin/Etudes_op_10/1/midi_score.mid,pedal_changes,small,cnn,427,1,24,1506,1079,0,0.04304540152714812,0.207473857454736,0.0422502242384519,-141.29969987339717,,,
train,Chopin/Etudes_op_10/1/midi_score.mid,pedal_changes,small,visible_mean,427,1,24,1506,1079,0,0.017838978477690927,0.13356263877930433,0.0,0.0,,,
train,Chopin/Etudes_op_10/1/midi_score.mid,pedal_changes,small,linear_interpolation,427,1,24,1506,1079,0,0.0,0.0,0.0,100.0,,,
train,Chopin/Etudes_op_10/1/midi_score.mid,pedal_depth,abrupt,cnn,171,1,23,665,494,413,1.8329119041708208,1.3538507687964803,2.228792596864895,5.22614107955699,9.391746565389592,14.04643123170613,59.56416464891041
train,Chopin/Etudes_op_10/1/midi_score.mid,pedal_depth,abrupt,visible_mean,171,1,23,665,494,413,1.9339846715637492,1.3906777741675995,2.459811896135219,0.0,0.0,0.0,0.0
train,Chopin/Etudes_op_10/1/midi_score.mid,pedal_depth,abrupt,linear_interpolation,171,1,23,665,494,413,2.650803675289981,1.6281288878003428,2.4896435791635603,-37.06435807201296,-1.2127627756907566,23.64830019851848,44.067796610169495
train,Chopin/Etudes_op_10/1/midi_score.mid,pedal_depth,gradual,cnn,46,1,19,96,50,18,0.1344007572046779,0.36660708831755817,0.07940356863467814,33.128846888519156,-47.890826308776035,54.08294921931598,33.333333333333336
train,Chopin/Etudes_op_10/1/midi_score.mid,pedal_depth,gradual,visible_mean,46,1,19,96,50,18,0.2009846562397668,0.4483131229841112,0.05369066534856884,0.0,0.0,0.0,0.0
train,Chopin/Etudes_op_10/1/midi_score.mid,pedal_depth,gradual,linear_interpolation,46,1,19,96,50,18,0.24906296253394225,0.49906208284535325,0.07179354038821965,-23.921381459498047,-33.71698771494802,110.12173613621927,72.22222222222223
train,Chopin/Etudes_op_10/1/midi_score.mid,pedal_depth,mixed,cnn,284,1,24,1155,871,700,0.2910069012329108,0.5394505549472637,0.41459895229670474,16.013895700686454,4.419634094568082,28.04956653075387,56.0
train,Chopin/Etudes_op_10/1/midi_score.mid,pedal_depth,mixed,visible_mean,284,1,24,1155,871,700,0.3464941059723487,0.5886374996314359,0.4337699990674996,0.0,0.0,0.0,0.0
train,Chopin/Etudes_op_10/1/midi_score.mid,pedal_depth,mixed,linear_interpolation,284,1,24,1155,871,700,0.3806272173633574,0.6169499310019877,0.4488035648158701,-9.850993365449234,-3.4657919590310504,19.59530477791438,44.0
train,Chopin/Etudes_op_10/1/midi_score.mid,pedal_depth,small,cnn,207,1,24,622,415,243,0.07460073883663706,0.2731313582081652,0.05970382196015072,33.84080797545002,-42.63014460706258,80.93815329456305,55.1440329218107
train,Chopin/Etudes_op_10/1/midi_score.mid,pedal_depth,small,visible_mean,207,1,24,622,415,243,0.11275944665248427,0.3357967341301643,0.041859189110851104,0.0,0.0,0.0,0.0
train,Chopin/Etudes_op_10/1/midi_score.mid,pedal_depth,small,linear_interpolation,207,1,24,622,415,243,0.03245360293263756,0.18014883550175273,0.04405525450850518,71.21872810119669,-5.246316147784125,20.85410616280049,36.21399176954733
train,Chopin/Etudes_op_10/1/midi_score.mid,pedal_down_ratio,abrupt,cnn,133,1,21,506,373,244,2.492857310954215,1.5788784978440282,3.0695175258922,8.489340395090084,8.096727509317203,12.812104225796295,65.1639344262295
train,Chopin/Etudes_op_10/1/midi_score.mid,pedal_down_ratio,abrupt,visible_mean,133,1,21,506,373,244,2.7241168643269873,1.6504898861631923,3.3399436632720443,0.0,0.0,0.0,0.0
train,Chopin/Etudes_op_10/1/midi_score.mid,pedal_down_ratio,abrupt,linear_interpolation,133,1,21,506,373,244,3.5332828219383177,1.879702854692283,3.3263292259177115,-29.703790179032595,0.4076247603827854,25.54288314395079,37.704918032786885
train,Chopin/Etudes_op_10/1/midi_score.mid,pedal_down_ratio,gradual,cnn,61,1,21,136,75,14,0.09729852024297458,0.31192710725901107,0.03394306850471852,38.99564097218223,-2617.064741386936,522.1399056123275,50.0
train,Chopin/Etudes_op_10/1/midi_score.mid,pedal_down_ratio,gradual,visible_mean,61,1,21,136,75,14,0.15949437350633716,0.3993674667600469,0.0012492550504112077,0.0,0.0,0.0,0.0
train,Chopin/Etudes_op_10/1/midi_score.mid,pedal_down_ratio,gradual,linear_interpolation,61,1,21,136,75,14,0.29075094917506616,0.5392132687305331,0.050738907431486596,-82.29542696909857,-3961.5331044517498,640.7425504809661,64.28571428571429
train,Chopin/Etudes_op_10/1/midi_score.mid,pedal_down_ratio,mixed,cnn,337,1,24,1371,1034,617,0.267944778800357,0.5176338269475411,0.45091728785135426,17.1245368468547,6.434749856272193,27.04376209527522,60.94003241491086
train,Chopin/Etudes_op_10/1/midi_score.mid,pedal_down_ratio,mixed,visible_mean,337,1,24,1371,1034,617,0.32331014344405257,0.5686036787113258,0.48192815939538397,0.0,0.0,0.0,0.0
train,Chopin/Etudes_op_10/1/midi_score.mid,pedal_down_ratio,mixed,linear_interpolation,337,1,24,1371,1034,617,0.39847299543621467,0.6312471745966193,0.5057371613620841,-23.24791025468358,-4.940363309869755,17.751934820049662,23.66288492706645
train,Chopin/Etudes_op_10/1/midi_score.mid,pedal_down_ratio,small,cnn,177,1,24,525,348,169,0.07397023041167511,0.27197468707891753,0.04506106543248555,25.053393575281213,-92.35798937620494,117.82718606404015,57.98816568047337
train,Chopin/Etudes_op_10/1/midi_score.mid,pedal_down_ratio,small,visible_mean,177,1,24,525,348,169,0.09869723786089712,0.31416116542452716,0.023425627174942645,0.0,0.0,0.0,0.0
train,Chopin/Etudes_op_10/1/midi_score.mid,pedal_down_ratio,small,linear_interpolation,177,1,24,525,348,169,0.015508225011148808,0.12453202403859341,0.02443361460013003,84.2870729239597,-4.302926097387827,17.5028128845469,13.609467455621301
train,Chopin/Etudes_op_10/1/midi_score.mid,rubato,abrupt,cnn,248,1,24,991,743,743,2.9426785265532596,1.7154237163316997,4.940005005304981,14.375894402448285,15.688136584497581,18.76820217226728,63.25706594885599
train,Chopin/Etudes_op_10/1/midi_score.mid,rubato,abrupt,visible_mean,248,1,24,991,743,743,3.436740747266154,1.853844855230921,5.859205104932673,0.0,0.0,0.0,0.0
train,Chopin/Etudes_op_10/1/midi_score.mid,rubato,abrupt,linear_interpolation,248,1,24,991,743,743,5.250715995341693,2.2914440851440587,6.001009320633215,-52.781847147432146,-2.420195455884633,18.336483962523342,49.79811574697174
train,Chopin/Etudes_op_10/1/midi_score.mid,rubato,gradual,cnn,30,1,16,58,28,28,0.756166978263603,0.8695786210939198,0.41376511853123027,14.796866951608278,4.977060122107901,35.410282547766755,57.142857142857146
train,Chopin/Etudes_op_10/1/midi_score.mid,rubato,gradual,visible_mean,30,1,16,58,28,28,0.8874872920859995,0.9420654393862453,0.4354370839956471,0.0,0.0,0.0,0.0
train,Chopin/Etudes_op_10/1/midi_score.mid,rubato,gradual,linear_interpolation,30,1,16,58,28,28,0.43922781478115486,0.6627426459653513,0.2681809597687999,50.5088333435435,38.41108862205205,88.79118074994481,75.0
train,Chopin/Etudes_op_10/1/midi_score.mid,rubato,mixed,cnn,298,1,24,1167,869,869,0.862197715775397,0.928546022432597,1.2784467268731488,13.39094477858842,11.949224401477032,26.724963712861783,63.521288837744535
train,Chopin/Etudes_op_10/1/midi_score.mid,rubato,mixed,visible_mean,298,1,24,1167,869,869,0.9955052777925275,0.9977501078890082,1.4519426071865225,0.0,0.0,0.0,0.0
train,Chopin/Etudes_op_10/1/midi_score.mid,rubato,mixed,linear_interpolation,298,1,24,1167,869,869,1.4354685319763618,1.1981104005793297,1.48307693959685,-44.19496952938573,-2.144322527366116,25.164596305709914,51.208285385500574
train,Chopin/Etudes_op_10/1/midi_score.mid,rubato,small,cnn,132,1,22,322,190,190,0.344377544905979,0.5868368980440638,0.3969177673021851,7.194586667059832,-4.424170059113952,41.48647805943228,55.78947368421053
train,Chopin/Etudes_op_10/1/midi_score.mid,rubato,small,visible_mean,132,1,22,322,190,190,0.3710748463244507,0.609159130543449,0.3801014334875653,0.0,0.0,0.0,0.0
train,Chopin/Etudes_op_10/1/midi_score.mid,rubato,small,linear_interpolation,132,1,22,322,190,190,0.31339743733978137,0.5598191112670068,0.390172442928377,15.54333567903411,-2.649558395085916,24.156070909150937,57.36842105263158
train,Chopin/Etudes_op_10/1/midi_score.mid,tempo,abrupt,cnn,190,1,24,772,582,582,1.8036973299877195,1.3430179931734791,2.9609269445594055,13.764836897353483,16.496274204950957,19.68716234396498,65.29209621993127
train,Chopin/Etudes_op_10/1/midi_score.mid,tempo,abrupt,visible_mean,190,1,24,772,582,582,2.0916030828871532,1.446237561013803,3.545862075455991,0.0,0.0,0.0,0.0
train,Chopin/Etudes_op_10/1/midi_score.mid,tempo,abrupt,linear_interpolation,190,1,24,772,582,582,3.204813274382066,1.7901992275671628,3.652671299791616,-53.222822274591806,-3.012221627991263,18.04714369624362,50.171821305841924
train,Chopin/Etudes_op_10/1/midi_score.mid,tempo,gradual,cnn,40,1,17,70,30,30,0.5173823054387262,0.7192929204703229,0.4179608563077781,22.47659450143351,37.47695899220973,34.74781000442875,73.33333333333333
train,Chopin/Etudes_op_10/1/midi_score.mid,tempo,gradual,visible_mean,40,1,17,70,30,30,0.6673885159086481,0.8169385019134844,0.6684909268180043,0.0,0.0,0.0,0.0
train,Chopin/Etudes_op_10/1/midi_score.mid,tempo,gradual,linear_interpolation,40,1,17,70,30,30,0.3449947609549318,0.5873625464352761,0.3648685548548351,48.30675794814627,45.41907149112735,64.42725916030864,83.33333333333333
train,Chopin/Etudes_op_10/1/midi_score.mid,tempo,mixed,cnn,350,1,24,1388,1038,1038,0.549602383156018,0.7413517270203246,0.8181619638944029,10.322607024162178,9.228950570641015,27.62792526615308,57.129094412331405
train,Chopin/Etudes_op_10/1/midi_score.mid,tempo,mixed,visible_mean,350,1,24,1388,1038,1038,0.6128661471058818,0.7828576799814139,0.9013468160144203,0.0,0.0,0.0,0.0
train,Chopin/Etudes_op_10/1/midi_score.mid,tempo,mixed,linear_interpolation,350,1,24,1388,1038,1038,0.8587887138666557,0.9267085377111056,0.9183472678734689,-40.12663579512201,-1.8861165931912005,23.322021144559088,51.63776493256262
train,Chopin/Etudes_op_10/1/midi_score.mid,tempo,small,cnn,128,1,24,308,180,180,0.23989414915883064,0.48978990307970893,0.27164531035261036,-15.859974828499922,-4.246429505126836,40.17545732180409,55.55555555555556
train,Chopin/Etudes_op_10/1/midi_score.mid,tempo,small,visible_mean,128,1,24,308,180,180,0.2070552401844818,0.4550332297585329,0.26057996580041226,0.0,0.0,0.0,0.0
train,Chopin/Etudes_op_10/1/midi_score.mid,tempo,small,linear_interpolation,128,1,24,308,180,180,0.19826016931999435,0.4452641567878492,0.2672576133767783,4.247692961864291,-2.562609737035837,20.06863201694219,53.888888888888886
train,Chopin/Etudes_op_10/2/midi_score.mid,articulation,abrupt,cnn,59,1,11,242,183,183,2.386822764533471,1.544934550242654,5.173875700596067,4.798918989246781,2.9585321713576085,9.468589451473084,54.6448087431694
train,Chopin/Etudes_op_10/2/midi_score.mid,articulation,abrupt,visible_mean,59,1,11,242,183,183,2.507138300523996,1.583394549859256,5.3316131921378105,0.0,0.0,0.0,0.0
train,Chopin/Etudes_op_10/2/midi_score.mid,articulation,abrupt,linear_interpolation,59,1,11,242,183,183,3.743924335343492,1.9349223073145578,5.586482529863768,-49.33058677142004,-4.780341869170046,15.431754543830827,46.994535519125684
train,Chopin/Etudes_op_10/2/midi_score.mid,articulation,gradual,cnn,8,1,7,12,4,4,0.7989256481242579,0.8938264082719071,0.2950398228330448,3.67711452409315,-109.25705916114627,72.72811045495659,50.0
train,Chopin/Etudes_op_10/2/midi_score.mid,articulation,gradual,visible_mean,8,1,7,12,4,4,0.82942453828804,0.9107274775079754,0.14099396408215709,0.0,0.0,0.0,0.0
train,Chopin/Etudes_op_10/2/midi_score.mid,articulation,gradual,linear_interpolation,8,1,7,12,4,4,0.29069577384933415,0.5391621034988774,0.07397755325711027,64.95211313022642,47.531404100388585,65.24783755727957,75.0
train,Chopin/Etudes_op_10/2/midi_score.mid,articulation,mixed,cnn,89,1,11,334,245,242,0.7918645742316596,0.8898677285033206,1.5348834864964418,-2.247040909580944,-2.890159288381744,17.162032408079295,49.17355371900826
train,Chopin/Etudes_op_10/2/midi_score.mid,articulation,mixed,visible_mean,89,1,11,334,245,242,0.7744620941469796,0.8800352800581234,1.4917689865698938,0.0,0.0,0.0,0.0
train,Chopin/Etudes_op_10/2/midi_score.mid,articulation,mixed,linear_interpolation,89,1,11,334,245,242,1.1894313902234812,1.0906105584595636,1.5642796718158936,-53.581614802408595,-4.860718107079531,24.424702486376663,50.82644628099174
train,Chopin/Etudes_op_10/2/midi_score.mid,articulation,small,cnn,27,1,9,74,47,46,0.4871396555699269,0.6979539064794514,0.5139424444330835,-3.6429185234826633,-6.435882702179141,24.95168909960342,52.17391304347826
train,Chopin/Etudes_op_10/2/midi_score.mid,articulation,small,visible_mean,27,1,9,74,47,46,0.47001730799345864,0.6855780830754865,0.48286576987495694,0.0,0.0,0.0,0.0
train,Chopin/Etudes_op_10/2/midi_score.mid,articulation,small,linear_interpolation,27,1,9,74,47,46,0.38004709205195314,0.6164795958115347,0.4900853009901306,19.1418942263202,-1.4951424527448243,19.79734699316143,56.52173913043478
train,Chopin/Etudes_op_10/2/midi_score.mid,dynamics,abrupt,cnn,25,1,10,110,85,84,1.409747799298818,1.1873280083021784,2.0957351134369246,7.948549263253801,1.648284581667181,13.050932177795605,55.95238095238095
train,Chopin/Etudes_op_10/2/midi_score.mid,dynamics,abrupt,visible_mean,25,1,10,110,85,84,1.5314780897158182,1.2375290258074023,2.13085771257049,0.0,0.0,0.0,0.0
train,Chopin/Etudes_op_10/2/midi_score.mid,dynamics,abrupt,linear_interpolation,25,1,10,110,85,84,1.9055302238326284,1.3804094406489071,2.19144474363437,-24.424256319998648,-2.8433165999991905,20.572735926249752,53.57142857142857
train,Chopin/Etudes_op_10/2/midi_score.mid,dynamics,gradual,cnn,13,1,8,27,14,14,0.3615438309697544,0.6012851494671678,0.3783164706114418,-3.172277389824152,-6.635083031964961,15.505849183680024,35.714285714285715
train,Chopin/Etudes_op_10/2/midi_score.mid,dynamics,gradual,visible_mean,13,1,8,27,14,14,0.3504273048114506,0.5919690066307953,0.35477673937576204,0.0,0.0,0.0,0.0
train,Chopin/Etudes_op_10/2/midi_score.mid,dynamics,gradual,linear_interpolation,13,1,8,27,14,14,0.19379374788107326,0.44022011299016456,0.2925080715235419,44.69787450343087,17.55150801650167,75.87548331846597,64.28571428571429
train,Chopin/Etudes_op_10/2/midi_score.mid,dynamics,mixed,cnn,92,1,11,376,284,279,0.7284855897750325,0.8535136728694114,0.7924934229844319,21.74803765604114,1.6065079553867045,22.22950086381562,56.272401433691755
train,Chopin/Etudes_op_10/2/midi_score.mid,dynamics,mixed,visible_mean,92,1,11,376,284,279,0.9309486534956812,0.9648568046584328,0.8054327644201325,0.0,0.0,0.0,0.0
train,Chopin/Etudes_op_10/2/midi_score.mid,dynamics,mixed,linear_interpolation,92,1,11,376,284,279,0.8200657485433015,0.9055748166459254,0.8047811907238681,11.910743362270104,0.08089734178289287,28.19627400340131,54.48028673835125
train,Chopin/Etudes_op_10/2/midi_score.mid,dynamics,small,cnn,53,1,11,149,96,93,0.27902583633261113,0.5282289620350357,0.3836781197950781,21.625504887534763,-9.885526424714719,27.152319649093414,50.53763440860215
train,Chopin/Etudes_op_10/2/midi_score.mid,dynamics,small,visible_mean,53,1,11,149,96,93,0.3560161196984003,0.5966708637920912,0.3491616523837154,0.0,0.0,0.0,0.0
train,Chopin/Etudes_op_10/2/midi_score.mid,dynamics,small,linear_interpolation,53,1,11,149,96,93,0.2553098658958014,0.505281966723335,0.3585243525461967,28.286992703564206,-2.681480081951282,21.313404957820897,51.61290322580645
train,Chopin/Etudes_op_10/2/midi_score.mid,pedal_changes,abrupt,cnn,6,1,4,21,15,9,2.594508967162407,1.6107479527109159,3.199068565594304,-8.684094277824151,-10.357660676272552,11.886577972733736,44.44444444444444
train,Chopin/Etudes_op_10/2/midi_score.mid,pedal_changes,abrupt,visible_mean,6,1,4,21,15,9,2.3872020872991615,1.5450573087426762,2.8988187553001654,0.0,0.0,0.0,0.0
train,Chopin/Etudes_op_10/2/midi_score.mid,pedal_changes,abrupt,linear_interpolation,6,1,4,21,15,9,4.972973381618532,2.230016453217001,3.238680250918276,-108.31807277970617,-11.724137461050699,24.91364382137562,33.333333333333336
train,Chopin/Etudes_op_10/2/midi_score.mid,pedal_changes,gradual,cnn,34,1,11,93,59,6,0.45509178752800084,0.6746049121730443,0.43332018970466424,7.1398881602318,-13.67248480921468,31.772657903760944,50.0
train,Chopin/Etudes_op_10/2/midi_score.mid,pedal_changes,gradual,visible_mean,34,1,11,93,59,6,0.49008317835463083,0.7000594105892948,0.38120059610902235,0.0,0.0,0.0,0.0
train,Chopin/Etudes_op_10/2/midi_score.mid,pedal_changes,gradual,linear_interpolation,34,1,11,93,59,6,0.5295780927972676,0.7277211641812182,0.30000486882029315,-8.058818622429387,21.300000083291437,53.36457394321902,100.0
train,Chopin/Etudes_op_10/2/midi_score.mid,pedal_changes,mixed,cnn,81,1,11,353,272,159,1.013863467822303,1.0069078745457813,1.743838603144035,4.206617392362045,-2.3769978429917016,14.642935713448194,49.685534591194966
train,Chopin/Etudes_op_10/2/midi_score.mid,pedal_changes,mixed,visible_mean,81,1,11,353,272,159,1.0583857049656622,1.0287787444177015,1.7033500101443058,0.0,0.0,0.0,0.0
train,Chopin/Etudes_op_10/2/midi_score.mid,pedal_changes,mixed,linear_interpolation,81,1,11,353,272,159,1.4933407580362872,1.222023223198433,1.785559644469737,-41.0960816108846,-4.826350065214524,20.203993543622396,25.78616352201258
train,Chopin/Etudes_op_10/2/midi_score.mid,pedal_changes,small,cnn,62,1,11,195,133,0,0.17186380325661405,0.41456459479388014,0.03577879034984332,23.979408869474174,,,
train,Chopin/Etudes_op_10/2/midi_score.mid,pedal_changes,small,visible_mean,62,1,11,195,133,0,0.22607533130270896,0.47547379665204365,0.0,0.0,,,
train,Chopin/Etudes_op_10/2/midi_score.mid,pedal_changes,small,linear_interpolation,62,1,11,195,133,0,0.0,0.0,0.0,100.0,,,
train,Chopin/Etudes_op_10/2/midi_score.mid,pedal_depth,abrupt,cnn,65,1,11,264,199,187,1.2285250111047885,1.1083884748159323,2.0955035900795385,8.66584420947596,1.7531576227540202,11.372362678396634,52.94117647058823
train,Chopin/Etudes_op_10/2/midi_score.mid,pedal_depth,abrupt,visible_mean,65,1,11,264,199,187,1.3450882645944908,1.15977940341881,2.1328966299326666,0.0,0.0,0.0,0.0
train,Chopin/Etudes_op_10/2/midi_score.mid,pedal_depth,abrupt,linear_interpolation,65,1,11,264,199,187,1.8785546264614132,1.3706037452383577,2.1984729247119317,-39.660323854490585,-3.0745181861596027,19.203720499882273,50.80213903743316
train,Chopin/Etudes_op_10/2/midi_score.mid,pedal_depth,gradual,cnn,19,1,10,55,36,22,0.5029527208752391,0.7091915967319685,0.14850886650931264,29.234445968408973,-14.29369267556031,50.14746417052195,63.63636363636363
train,Chopin/Etudes_op_10/2/midi_score.mid,pedal_depth,gradual,visible_mean,19,1,10,55,36,22,0.7107309873539772,0.8430486269213522,0.12993618723202618,0.0,0.0,0.0,0.0
train,Chopin/Etudes_op_10/2/midi_score.mid,pedal_depth,gradual,linear_interpolation,19,1,10,55,36,22,0.2794600496244028,0.528639810858398,0.09449271165333523,60.67991200653551,27.277601670272023,71.23417891948621,81.81818181818181
train,Chopin/Etudes_op_10/2/midi_score.mid,pedal_depth,mixed,cnn,68,1,11,265,197,183,0.42519663351557707,0.6520710341025563,0.6302244061438004,22.107486357826044,1.0530431710541133,19.878621351593296,49.72677595628415
train,Chopin/Etudes_op_10/2/midi_score.mid,pedal_depth,mixed,visible_mean,68,1,11,265,197,183,0.5458761229209574,0.7388343000436278,0.6369315705517836,0.0,0.0,0.0,0.0
train,Chopin/Etudes_op_10/2/midi_score.mid,pedal_depth,mixed,linear_interpolation,68,1,11,265,197,183,0.4763006703594325,0.6901453979846801,0.6413185934201292,12.745648626144323,-0.6887745985875826,16.02314612741838,51.36612021857923
train,Chopin/Etudes_op_10/2/midi_score.mid,pedal_depth,small,cnn,31,1,9,78,47,21,0.09345792713841632,0.30570889280231334,0.050724919495531415,43.87656417021185,-121.4978070616302,115.09637917020858,57.142857142857146
train,Chopin/Etudes_op_10/2/midi_score.mid,pedal_depth,small,visible_mean,31,1,9,78,47,21,0.16652210570617357,0.4080712017603957,0.022900867583496014,0.0,0.0,0.0,0.0
train,Chopin/Etudes_op_10/2/midi_score.mid,pedal_depth,small,linear_interpolation,31,1,9,78,47,21,0.036446485209842304,0.19090962576528797,0.02378575171631012,78.11312494801638,-3.8639764611006155,41.96075042222683,52.38095238095238
train,Chopin/Etudes_op_10/2/midi_score.mid,pedal_down_ratio,abrupt,cnn,71,1,11,290,219,167,1.3022392723945855,1.1411569884965809,2.6021029487256797,4.268549654549925,-0.8292868693690725,11.101005032844185,50.29940119760479
train,Chopin/Etudes_op_10/2/midi_score.mid,pedal_down_ratio,abrupt,visible_mean,71,1,11,290,219,167,1.3603045474558386,1.1663209453044383,2.5807015298014297,0.0,0.0,0.0,0.0
train,Chopin/Etudes_op_10/2/midi_score.mid,pedal_down_ratio,abrupt,linear_interpolation,71,1,11,290,219,167,1.845581546483788,1.3585218240734258,2.601866665530408,-35.67414370080266,-0.8201310955399999,18.41730325321775,37.125748502994014
train,Chopin/Etudes_op_10/2/midi_score.mid,pedal_down_ratio,gradual,cnn,9,1,6,21,12,5,0.3913616965135387,0.6255890795990118,0.42041256460205284,31.03801734912871,-34.954338970335044,46.37422362798138,20.0
train,Chopin/Etudes_op_10/2/midi_score.mid,pedal_down_ratio,gradual,visible_mean,9,1,6,21,12,5,0.5675035453879806,0.7533283118189443,0.3115220805864313,0.0,0.0,0.0,0.0
train,Chopin/Etudes_op_10/2/midi_score.mid,pedal_down_ratio,gradual,linear_interpolation,9,1,6,21,12,5,0.18456079956227567,0.4296053998290474,0.21195728817490647,67.47847637919187,31.960749691995193,46.74432524021142,80.0
train,Chopin/Etudes_op_10/2/midi_score.mid,pedal_down_ratio,mixed,cnn,43,1,10,158,115,96,0.4397659318639554,0.6631484991040509,0.531626989040281,25.04378236756082,3.4938318098799215,22.601618141920472,59.375
train,Chopin/Etudes_op_10/2/midi_score.mid,pedal_down_ratio,mixed,visible_mean,43,1,10,158,115,96,0.5866970689748834,0.7659615323075196,0.5508735856064244,0.0,0.0,0.0,0.0
train,Chopin/Etudes_op_10/2/midi_score.mid,pedal_down_ratio,mixed,linear_interpolation,43,1,10,158,115,96,0.602729675268902,0.7763566675625978,0.5577332003069932,-2.732689004571265,-1.2452248355704798,25.378976547441116,48.958333333333336
train,Chopin/Etudes_op_10/2/midi_score.mid,pedal_down_ratio,small,cnn,60,1,11,193,133,14,0.13306240855135792,0.36477720399081676,0.02380740091989722,49.94856662683187,-1157.4650300386538,347.18636411461887,71.42857142857143
train,Chopin/Etudes_op_10/2/midi_score.mid,pedal_down_ratio,small,visible_mean,60,1,11,193,133,14,0.26585134447456366,0.5156077428380645,0.0018932853281148814,0.0,0.0,0.0,0.0
train,Chopin/Etudes_op_10/2/midi_score.mid,pedal_down_ratio,small,linear_interpolation,60,1,11,193,133,14,0.005301740276649565,0.07281305018092268,0.0020700558205899115,98.00575006038503,-9.336706403943772,45.888276591229335,35.714285714285715
train,Chopin/Etudes_op_10/2/midi_score.mid,rubato,abrupt,cnn,66,1,11,274,208,207,3.9516801256207263,1.9878833279699104,6.2221248808040786,5.41978415780342,1.9245986585154862,12.781003799618434,52.65700483091788
train,Chopin/Etudes_op_10/2/midi_score.mid,rubato,abrupt,visible_mean,66,1,11,274,208,207,4.178125510110858,2.044046357133531,6.344225764765958,0.0,0.0,0.0,0.0
train,Chopin/Etudes_op_10/2/midi_score.mid,rubato,abrupt,linear_interpolation,66,1,11,274,208,207,6.868469363201757,2.6207764809692864,6.378143803836574,-64.39116887657872,-0.5346285004387274,23.935433551667508,49.75845410628019
train,Chopin/Etudes_op_10/2/midi_score.mid,rubato,gradual,cnn,7,1,6,11,4,4,0.43949845833992035,0.6629467990268302,0.08216337857715397,16.141239264541486,4.588799260467125,103.03257489163953,75.0
train,Chopin/Etudes_op_10/2/midi_score.mid,rubato,gradual,visible_mean,7,1,6,11,4,4,0.5240936718900074,0.7239431413377763,0.08611502416939003,0.0,0.0,0.0,0.0
train,Chopin/Etudes_op_10/2/midi_score.mid,rubato,gradual,linear_interpolation,7,1,6,11,4,4,0.7125551734899598,0.8441298321288969,0.3271494660397309,-35.959507185102034,-279.898245625782,262.4565448971292,75.0
train,Chopin/Etudes_op_10/2/midi_score.mid,rubato,mixed,cnn,84,1,11,317,233,233,0.9907657064167593,0.9953721446859759,1.7804184750555023,6.194328816903916,-4.154917453120777,19.681534408659623,49.35622317596567
train,Chopin/Etudes_op_10/2/midi_score.mid,rubato,mixed,visible_mean,84,1,11,317,233,233,1.0561895607387293,1.0277108351762811,1.7093945428518564,0.0,0.0,0.0,0.0
train,Chopin/Etudes_op_10/2/midi_score.mid,rubato,mixed,linear_interpolation,84,1,11,317,233,233,1.519955849300504,1.2328648949907302,1.821077672455332,-43.909380077322815,-6.533490473015657,21.695879654762233,46.78111587982833
train,Chopin/Etudes_op_10/2/midi_score.mid,rubato,small,cnn,26,1,9,60,34,34,0.2810697840781334,0.5301601494625312,0.3896794248136764,8.112436739598728,2.393938078239344,39.12249571139985,58.8235294117647
train,Chopin/Etudes_op_10/2/midi_score.mid,rubato,small,visible_mean,26,1,9,60,34,34,0.30588446804450165,0.5530682309123366,0.3992369092055335,0.0,0.0,0.0,0.0
train,Chopin/Etudes_op_10/2/midi_score.mid,rubato,small,linear_interpolation,26,1,9,60,34,34,0.3221644811597509,0.5675953498397877,0.4287486747755172,-5.322275177725189,-7.392043393159975,21.647897444450777,55.88235294117647
train,Chopin/Etudes_op_10/2/midi_score.mid,tempo,abrupt,cnn,35,1,11,145,110,110,1.9668569588081035,1.4024467757487638,3.0257041030048435,5.81152781200508,3.4769771897929957,13.273910900507376,57.27272727272727
train,Chopin/Etudes_op_10/2/midi_score.mid,tempo,abrupt,visible_mean,35,1,11,145,110,110,2.0882141021274525,1.4450654317806695,3.1346967955554796,0.0,0.0,0.0,0.0
train,Chopin/Etudes_op_10/2/midi_score.mid,tempo,abrupt,linear_interpolation,35,1,11,145,110,110,3.2991321556250983,1.816351330449343,3.1459883994129365,-57.98821357752417,-0.36021358982682994,24.330517883102875,52.72727272727273
train,Chopin/Etudes_op_10/2/midi_score.mid,tempo,gradual,cnn,6,1,6,13,7,7,0.26205489798262593,0.5119129789159735,0.03365474084558311,-67.88363238612625,-45.75603966378694,131.9603420049978,57.142857142857146
train,Chopin/Etudes_op_10/2/midi_score.mid,tempo,gradual,visible_mean,6,1,6,13,7,7,0.15609317850587673,0.3950862924803602,0.023089774477417162,0.0,0.0,0.0,0.0
train,Chopin/Etudes_op_10/2/midi_score.mid,tempo,gradual,linear_interpolation,6,1,6,13,7,7,0.2630656656210561,0.5128992743424932,0.05918874033111005,-68.53117358434211,-156.341786226623,236.7228509960245,71.42857142857143
train,Chopin/Etudes_op_10/2/midi_score.mid,tempo,mixed,cnn,95,1,11,381,286,284,0.47923698385145247,0.6922694445455848,0.8467218668620632,-4.347128452661586,-7.786202323227065,27.238187858680558,47.88732394366197
train,Chopin/Etudes_op_10/2/midi_score.mid,tempo,mixed,visible_mean,95,1,11,381,286,284,0.4592718467273055,0.6776959839982125,0.7855568232406324,0.0,0.0,0.0,0.0
train,Chopin/Etudes_op_10/2/midi_score.mid,tempo,mixed,linear_interpolation,95,1,11,381,286,284,0.7529229543783658,0.8677113312492616,0.8269621855707616,-63.93840810046796,-5.270829697503099,19.009302729152687,50.352112676056336
train,Chopin/Etudes_op_10/2/midi_score.mid,tempo,small,cnn,47,1,11,123,76,75,0.16992104086045054,0.4122147994194902,0.2262258199620154,11.175724462496605,11.592206322578368,42.515888507323716,60.0
train,Chopin/Etudes_op_10/2/midi_score.mid,tempo,small,visible_mean,47,1,11,123,76,75,0.1913002271419669,0.4373788142354027,0.25588900090353794,0.0,0.0,0.0,0.0
train,Chopin/Etudes_op_10/2/midi_score.mid,tempo,small,linear_interpolation,47,1,11,123,76,75,0.21468884845126515,0.4633452799492676,0.27110643746594837,-12.226133580040743,-5.946889670395383,18.00801276990982,49.333333333333336
train,Chopin/Etudes_op_10/4/midi_score.mid,articulation,abrupt,cnn,216,1,22,885,669,669,2.9166529447595186,1.707821110292152,6.121028720083755,2.3043301998037613,1.6571695563924793,7.422078442654042,52.76532137518684
train,Chopin/Etudes_op_10/4/midi_score.mid,articulation,abrupt,visible_mean,216,1,22,885,669,669,2.9854475134103233,1.7278447596385282,6.224173833997712,0.0,0.0,0.0,0.0
train,Chopin/Etudes_op_10/4/midi_score.mid,articulation,abrupt,linear_interpolation,216,1,22,885,669,669,4.363517404918396,2.0889033976989926,6.493680061900579,-46.15957525020702,-4.329991981116743,17.462628235873787,47.6831091180867
train,Chopin/Etudes_op_10/4/midi_score.mid,articulation,gradual,cnn,23,1,12,48,25,25,0.7133629716907527,0.8446081764290189,0.6011767165558561,8.281293634836405,-1.4032469344609666,17.892875807120042,56.0
train,Chopin/Etudes_op_10/4/midi_score.mid,articulation,gradual,visible_mean,23,1,12,48,25,25,0.7777726049150872,0.8819141709458393,0.5928574623891573,0.0,0.0,0.0,0.0
train,Chopin/Etudes_op_10/4/midi_score.mid,articulation,gradual,linear_interpolation,23,1,12,48,25,25,0.7422500550450906,0.8615393520002964,0.40249290121614156,4.5672153590283315,32.1096677109984,78.03972238528358,68.0
train,Chopin/Etudes_op_10/4/midi_score.mid,articulation,mixed,cnn,297,1,22,1139,842,842,0.9117394108044012,0.9548504651537859,1.3960196629049815,2.476236279412347,0.031913570919694934,17.02383089928382,52.49406175771971
train,Chopin/Etudes_op_10/4/midi_score.mid,articulation,mixed,visible_mean,297,1,22,1139,842,842,0.934889483363868,0.9668968318098203,1.3964653248567986,0.0,0.0,0.0,0.0
train,Chopin/Etudes_op_10/4/midi_score.mid,articulation,mixed,linear_interpolation,297,1,22,1139,842,842,1.2863439895580056,1.1341710583320337,1.4174487080963274,-37.59316073698393,-1.5026068220978184,22.468300338852266,51.42517814726841
train,Chopin/Etudes_op_10/4/midi_score.mid,articulation,small,cnn,190,1,22,577,387,387,0.2960772940947609,0.5441298503985615,0.35281045695938185,12.974253310201323,-6.03960438489568,32.439263790656135,49.09560723514212
train,Chopin/Etudes_op_10/4/midi_score.mid,articulation,small,visible_mean,190,1,22,577,387,387,0.340218045069032,0.5832821316215953,0.33271574239260016,0.0,0.0,0.0,0.0
train,Chopin/Etudes_op_10/4/midi_score.mid,articulation,small,linear_interpolation,190,1,22,577,387,387,0.2804421116138125,0.5295678536446604,0.34870970553040365,17.569889170073473,-4.807095397046424,20.22349607069451,50.3875968992248
train,Chopin/Etudes_op_10/4/midi_score.mid,dynamics,abrupt,cnn,111,1,21,456,345,345,1.815167017715042,1.347281343192669,2.3773033290102545,2.1584924049170895,0.03885901167433037,10.935409568645682,51.30434782608695
train,Chopin/Etudes_op_10/4/midi_score.mid,dynamics,abrupt,visible_mean,111,1,21,456,345,345,1.855211619619672,1.3620615329784744,2.3782274847061786,0.0,0.0,0.0,0.0
train,Chopin/Etudes_op_10/4/midi_score.mid,dynamics,abrupt,linear_interpolation,111,1,21,456,345,345,2.093687955013833,1.4469581732081385,2.387540765741155,-12.85440069866799,-0.391605979447629,20.867807169802184,51.30434782608695
train,Chopin/Etudes_op_10/4/midi_score.mid,dynamics,gradual,cnn,33,1,18,78,45,45,0.4819367362458867,0.6942166349533023,0.3886121478533874,26.91414430150334,5.562040612599706,28.084634123233354,66.66666666666667
train,Chopin/Etudes_op_10/4/midi_score.mid,dynamics,gradual,visible_mean,33,1,18,78,45,45,0.6594117721410216,0.8120417305416154,0.4114999417334246,0.0,0.0,0.0,0.0
train,Chopin/Etudes_op_10/4/midi_score.mid,dynamics,gradual,linear_interpolation,33,1,18,78,45,45,0.23059557794178281,0.4802036838069683,0.2136008863716314,65.03010900259333,48.09212232890058,78.3716834672403,86.66666666666667
train,Chopin/Etudes_op_10/4/midi_score.mid,dynamics,mixed,cnn,355,1,22,1473,1118,1117,0.6867605131410158,0.8287101502582286,0.7810587694240352,4.8224458975111295,0.18460074670852977,17.298534413713345,52.73052820053715
train,Chopin/Etudes_op_10/4/midi_score.mid,dynamics,mixed,visible_mean,355,1,22,1473,1118,1117,0.7215572196796526,0.8494452423079739,0.7825032763151316,0.0,0.0,0.0,0.0
train,Chopin/Etudes_op_10/4/midi_score.mid,dynamics,mixed,linear_interpolation,355,1,22,1473,1118,1117,0.8251795821502091,0.9083939575702874,0.7841088747330975,-14.360934884216302,-0.20518743710911114,24.957503259608135,53.44673231871083
train,Chopin/Etudes_op_10/4/midi_score.mid,dynamics,small,cnn,227,1,22,642,415,414,0.292660345960288,0.5409809109019356,0.27983899006217333,32.94710433297605,-2.746335218784335,29.581536711853644,52.89855072463768
train,Chopin/Etudes_op_10/4/midi_score.mid,dynamics,small,visible_mean,227,1,22,642,415,414,0.436461905259993,0.6606526358533605,0.27235909627948707,0.0,0.0,0.0,0.0
train,Chopin/Etudes_op_10/4/midi_score.mid,dynamics,small,linear_interpolation,227,1,22,642,415,414,0.22806109687030957,0.47755742782445504,0.2832008386313753,47.747765813729515,-3.9806793677868324,23.87024485647159,53.86473429951691
train,Chopin/Etudes_op_10/4/midi_score.mid,pedal_changes,abrupt,cnn,231,1,22,920,689,436,1.6690366316473026,1.291912006154948,2.9077419818482544,3.797471893221682,-1.4837258432603528,10.584425025295682,49.31192660550459
train,Chopin/Etudes_op_10/4/midi_score.mid,pedal_changes,abrupt,visible_mean,231,1,22,920,689,436,1.7349197203994313,1.3171635131597865,2.865229826444494,0.0,0.0,0.0,0.0
train,Chopin/Etudes_op_10/4/midi_score.mid,pedal_changes,abrupt,linear_interpolation,231,1,22,920,689,436,2.350273227187892,1.5330600859678958,2.984032127912773,-35.468702070363676,-4.1463445749377215,18.40642177724594,31.422018348623855
train,Chopin/Etudes_op_10/4/midi_score.mid,pedal_changes,gradual,cnn,123,1,22,378,255,37,0.6612516939486437,0.8131738399313173,0.23952380736759646,-7.649421724711392,-21.659534919002343,40.579314726203734,45.945945945945944
train,Chopin/Etudes_op_10/4/midi_score.mid,pedal_changes,gradual,visible_mean,123,1,22,378,255,37,0.6142640465265504,0.7837499898096015,0.19688042332815509,0.0,0.0,0.0,0.0
train,Chopin/Etudes_op_10/4/midi_score.mid,pedal_changes,gradual,linear_interpolation,123,1,22,378,255,37,0.39805958481170434,0.6309196341941693,0.16741924506422856,35.19731668122319,14.963995792929296,68.37378894673918,100.0
train,Chopin/Etudes_op_10/4/midi_score.mid,pedal_changes,mixed,cnn,186,1,22,742,556,341,0.7488167461163523,0.8653419821760368,0.9517978966923363,-0.13358140614341263,-1.0417299093230303,18.064121597683375,53.37243401759531
train,Chopin/Etudes_op_10/4/midi_score.mid,pedal_changes,mixed,visible_mean,186,1,22,742,556,341,0.7478178005829429,0.8647645925816707,0.9419849576472016,0.0,0.0,0.0,0.0
train,Chopin/Etudes_op_10/4/midi_score.mid,pedal_changes,mixed,linear_interpolation,186,1,22,742,556,341,0.8594973861504099,0.9270908187175677,0.943145737858313,-14.93406354868927,-0.12322704324394529,18.601534938203635,31.671554252199414
train,Chopin/Etudes_op_10/4/midi_score.mid,pedal_changes,small,cnn,186,1,22,609,423,0,0.14682681436731465,0.3831798720800907,0.0254136142455799,1.1412529450934072,,,
train,Chopin/Etudes_op_10/4/midi_score.mid,pedal_changes,small,visible_mean,186,1,22,609,423,0,0.1485218240584886,0.3853852929971363,0.0,0.0,,,
train,Chopin/Etudes_op_10/4/midi_score.mid,pedal_changes,small,linear_interpolation,186,1,22,609,423,0,0.0,0.0,0.0,100.0,,,
train,Chopin/Etudes_op_10/4/midi_score.mid,pedal_depth,abrupt,cnn,206,1,22,827,621,561,1.447189412428492,1.2029918588371626,2.135679166639375,4.985782381792747,1.3452362264270046,9.77969365794454,55.61497326203209
train,Chopin/Etudes_op_10/4/midi_score.mid,pedal_depth,abrupt,visible_mean,206,1,22,827,621,561,1.5231293260169645,1.2341512573493432,2.1648008519295314,0.0,0.0,0.0,0.0
train,Chopin/Etudes_op_10/4/midi_score.mid,pedal_depth,abrupt,linear_interpolation,206,1,22,827,621,561,2.0477443234449186,1.4309941730995688,2.228945418107294,-34.443233970147524,-2.9630700727315995,20.99341650327733,47.415329768270944
train,Chopin/Etudes_op_10/4/midi_score.mid,pedal_depth,gradual,cnn,60,1,20,165,105,71,0.25849929868033766,0.5084282630620938,0.15840923000903293,31.018115218238563,3.8815550122415,34.22590619428691,56.33802816901409
train,Chopin/Etudes_op_10/4/midi_score.mid,pedal_depth,gradual,visible_mean,60,1,20,165,105,71,0.37473504746667047,0.6121560646327622,0.16480627628672903,0.0,0.0,0.0,0.0
train,Chopin/Etudes_op_10/4/midi_score.mid,pedal_depth,gradual,linear_interpolation,60,1,20,165,105,71,0.25246048142492145,0.5024544570654353,0.11870103037956589,32.62960506853161,27.97541874373127,74.37234430982404,81.69014084507042
train,Chopin/Etudes_op_10/4/midi_score.mid,pedal_depth,mixed,cnn,278,1,22,1119,841,789,0.4734141394293566,0.6880509715343455,0.4854509296171455,8.409320551929678,-2.9680903517867785,20.793559977682765,50.19011406844106
train,Chopin/Etudes_op_10/4/midi_score.mid,pedal_depth,mixed,visible_mean,278,1,22,1119,841,789,0.5168802571202356,0.7189438483777684,0.4714576408658448,0.0,0.0,0.0,0.0
train,Chopin/Etudes_op_10/4/midi_score.mid,pedal_depth,mixed,linear_interpolation,278,1,22,1119,841,789,0.403225656039111,0.635000516566019,0.4660162543646731,21.988574629323963,1.1541623317798955,24.800115162184206,53.865652724968314
train,Chopin/Etudes_op_10/4/midi_score.mid,pedal_depth,small,cnn,182,1,22,538,356,175,0.20134298508010748,0.44871258627333765,0.05037091447236709,24.948927660671373,-57.59708539369362,74.48987369808148,44.57142857142857
train,Chopin/Etudes_op_10/4/midi_score.mid,pedal_depth,small,visible_mean,182,1,22,538,356,175,0.26827462793572737,0.5179523413748869,0.031961831239794444,0.0,0.0,0.0,0.0
train,Chopin/Etudes_op_10/4/midi_score.mid,pedal_depth,small,linear_interpolation,182,1,22,538,356,175,0.028935809759582886,0.17010529021633303,0.03339526839170742,89.21410869815267,-4.484840499777931,25.07759175323417,41.714285714285715
train,Chopin/Etudes_op_10/4/midi_score.mid,pedal_down_ratio,abrupt,cnn,199,1,22,792,593,510,1.8126446531409124,1.3463449235396228,2.510410033290522,4.184075835408885,-0.3546612648851699,9.664739740972013,50.98039215686274
train,Chopin/Etudes_op_10/4/midi_score.mid,pedal_down_ratio,abrupt,visible_mean,199,1,22,792,593,510,1.891798956118379,1.3754268268862502,2.5015380468121147,0.0,0.0,0.0,0.0
train,Chopin/Etudes_op_10/4/midi_score.mid,pedal_down_ratio,abrupt,linear_interpolation,199,1,22,792,593,510,2.4197797911431342,1.5555641391929598,2.5751301701994223,-27.908929398506178,-2.9418750388822357,22.702857529343653,48.03921568627451
train,Chopin/Etudes_op_10/4/midi_score.mid,pedal_down_ratio,gradual,cnn,55,1,18,150,95,40,0.29691966409661463,0.544903352987128,0.16927905379220895,17.939332545464715,-5.4135154394696405,29.751455709772923,50.0
train,Chopin/Etudes_op_10/4/midi_score.mid,pedal_down_ratio,gradual,visible_mean,55,1,18,150,95,40,0.36182945289973345,0.6015226121267042,0.16058572099268623,0.0,0.0,0.0,0.0
train,Chopin/Etudes_op_10/4/midi_score.mid,pedal_down_ratio,gradual,linear_interpolation,55,1,18,150,95,40,0.2639836189856519,0.5137933621463515,0.0988349166132188,27.041976027638515,38.453483907376686,72.97249212488526,77.5
train,Chopin/Etudes_op_10/4/midi_score.mid,pedal_down_ratio,mixed,cnn,297,1,22,1168,871,787,0.4189962117081462,0.647299167084391,0.4518554314652325,9.458160279472239,-2.0981876891461804,21.9773206833035,54.510800508259216
train,Chopin/Etudes_op_10/4/midi_score.mid,pedal_down_ratio,mixed,visible_mean,297,1,22,1168,871,787,0.46276529502984115,0.6802685462593733,0.44256949285033015,0.0,0.0,0.0,0.0
train,Chopin/Etudes_op_10/4/midi_score.mid,pedal_down_ratio,mixed,linear_interpolation,297,1,22,1168,871,787,0.37613703275246635,0.6133001163806072,0.44420917463844267,18.719697265065793,-0.3704913724514203,23.274926982636728,49.04701397712834
train,Chopin/Etudes_op_10/4/midi_score.mid,pedal_down_ratio,small,cnn,175,1,22,539,364,91,0.09520375022724442,0.30855104962914065,0.02736641910878032,28.446908835105333,-200.68355464614044,143.00351640148662,42.857142857142854
train,Chopin/Etudes_op_10/4/midi_score.mid,pedal_down_ratio,small,visible_mean,175,1,22,539,364,91,0.13305330164960535,0.36476472094982726,0.009101402017475316,0.0,0.0,0.0,0.0
train,Chopin/Etudes_op_10/4/midi_score.mid,pedal_down_ratio,small,linear_interpolation,175,1,22,539,364,91,0.00736064375492174,0.08579419417956986,0.009496306703221387,94.46789845598425,-4.338943439569265,24.868834471138783,36.26373626373626
train,Chopin/Etudes_op_10/4/midi_score.mid,rubato,abrupt,cnn,203,1,22,830,627,627,3.7905346975118976,1.9469295563815086,6.629893512737586,2.9403383928913285,2.6209299207084147,10.574749027333723,55.18341307814992
train,Chopin/Etudes_op_10/4/midi_score.mid,rubato,abrupt,visible_mean,203,1,22,830,627,627,3.9053656634985403,1.9761998035367123,6.808335207287509,0.0,0.0,0.0,0.0
train,Chopin/Etudes_op_10/4/midi_score.mid,rubato,abrupt,linear_interpolation,203,1,22,830,627,627,5.634970844494514,2.3738093530219553,7.066470113965493,-44.287918981869254,-3.7914541340690944,20.284414768809043,47.36842105263158
train,Chopin/Etudes_op_10/4/midi_score.mid,rubato,gradual,cnn,29,1,19,50,21,21,0.5084084128958966,0.7130276382412511,0.29039916173827424,21.93543421726545,10.62412297280183,39.15823614366762,66.66666666666667
train,Chopin/Etudes_op_10/4/midi_score.mid,rubato,gradual,visible_mean,29,1,19,50,21,21,0.6512665609527295,0.8070108803186792,0.3249189506133766,0.0,0.0,0.0,0.0
train,Chopin/Etudes_op_10/4/midi_score.mid,rubato,gradual,linear_interpolation,29,1,19,50,21,21,0.537134431536101,0.7328945569016739,0.1989804192454582,17.524641407915386,38.759983414378794,99.16584179389989,85.71428571428571
train,Chopin/Etudes_op_10/4/midi_score.mid,rubato,mixed,cnn,349,1,22,1382,1033,1033,0.8819179164860709,0.9391048485052512,1.4730501110607943,10.511281601983969,-4.247631472855606,22.715521134312592,49.95159728944821
train,Chopin/Etudes_op_10/4/midi_score.mid,rubato,mixed,visible_mean,349,1,22,1382,1033,1033,0.9855073715142433,0.9927272392325313,1.413029812043598,0.0,0.0,0.0,0.0
train,Chopin/Etudes_op_10/4/midi_score.mid,rubato,mixed,linear_interpolation,349,1,22,1382,1033,1033,1.2206422488891784,1.1048267958776066,1.4651160868421158,-23.8592712922733,-3.686141251555619,23.749082074499498,49.08034849951597
train,Chopin/Etudes_op_10/4/midi_score.mid,rubato,small,cnn,145,1,22,387,242,242,0.3722546510150487,0.6101267499586038,0.4489687562049336,5.248896751358522,-28.301626674487103,42.441897012440435,45.86776859504132
train,Chopin/Etudes_op_10/4/midi_score.mid,rubato,small,visible_mean,145,1,22,387,242,242,0.39287632360142044,0.6267984712819746,0.3499322400206259,0.0,0.0,0.0,0.0
train,Chopin/Etudes_op_10/4/midi_score.mid,rubato,small,linear_interpolation,145,1,22,387,242,242,0.317381036579353,0.5633658106233933,0.3644516340775307,19.216043952462414,-4.149201587155549,19.126040429740414,50.0
train,Chopin/Etudes_op_10/4/midi_score.mid,tempo,abrupt,cnn,125,1,20,533,408,408,2.138615307761372,1.4624005291852749,3.8514143978695152,3.3889319538552676,2.637421480771718,10.980849848949266,57.35294117647059
train,Chopin/Etudes_op_10/4/midi_score.mid,tempo,abrupt,visible_mean,125,1,20,533,408,408,2.2136338527381736,1.4878285696739977,3.9557440409293325,0.0,0.0,0.0,0.0
train,Chopin/Etudes_op_10/4/midi_score.mid,tempo,abrupt,linear_interpolation,125,1,20,533,408,408,3.1416745210970296,1.7724769451524693,4.100358034013511,-41.92385598055921,-3.6557975336089843,19.67460972077662,48.529411764705884
train,Chopin/Etudes_op_10/4/midi_score.mid,tempo,gradual,cnn,33,1,18,53,20,20,0.3334919364431167,0.5774876071770862,0.1619134921694264,11.24860903171948,18.86303202950431,41.07678381130796,55.0
train,Chopin/Etudes_op_10/4/midi_score.mid,tempo,gradual,visible_mean,33,1,18,53,20,20,0.3757596729523999,0.6129923922467553,0.19955575888453703,0.0,0.0,0.0,0.0
train,Chopin/Etudes_op_10/4/midi_score.mid,tempo,gradual,linear_interpolation,33,1,18,53,20,20,0.29142882987861723,0.5398414858813809,0.12299838049793503,22.442760398204165,38.36390330929918,78.26978653306227,80.0
train,Chopin/Etudes_op_10/4/midi_score.mid,tempo,mixed,cnn,370,1,22,1492,1122,1122,0.4903525677666242,0.7002517888350048,0.8001042858384346,5.401790749172386,-2.1207482832344304,25.705520791138785,50.71301247771836
train,Chopin/Etudes_op_10/4/midi_score.mid,tempo,mixed,visible_mean,370,1,22,1492,1122,1122,0.5183529071532972,0.719967295891485,0.783488467612209,0.0,0.0,0.0,0.0
train,Chopin/Etudes_op_10/4/midi_score.mid,tempo,mixed,linear_interpolation,370,1,22,1492,1122,1122,0.6999372142265672,0.8366225040163379,0.8169751266962846,-35.031019324363214,-4.274046200849746,22.36446415217037,49.376114081996434
train,Chopin/Etudes_op_10/4/midi_score.mid,tempo,small,cnn,198,1,22,571,373,373,0.20937674786867638,0.45757704036443564,0.25845093771522565,-3.4097615328724684,-27.556267958195345,47.23261155951778,48.257372654155496
train,Chopin/Etudes_op_10/4/midi_score.mid,tempo,small,visible_mean,198,1,22,571,373,373,0.20247290465138396,0.44996989304995055,0.20261719933663241,0.0,0.0,0.0,0.0
train,Chopin/Etudes_op_10/4/midi_score.mid,tempo,small,linear_interpolation,198,1,22,571,373,373,0.17808009288307677,0.4219953706891543,0.21516484883206913,12.047444970627808,-6.192785971041781,24.36392709144816,50.134048257372655
train,Chopin/Etudes_op_10/8/midi_score.mid,articulation,abrupt,cnn,193,1,28,772,579,579,2.4904217198594445,1.578107005199408,5.1715375963489345,2.214384111648504,1.7086015195484805,9.206942830153618,55.95854922279793
train,Chopin/Etudes_op_10/8/midi_score.mid,articulation,abrupt,visible_mean,193,1,28,772,579,579,2.546818054204341,1.5958753253949198,5.261434546968487,0.0,0.0,0.0,0.0
train,Chopin/Etudes_op_10/8/midi_score.mid,articulation,abrupt,linear_interpolation,193,1,28,772,579,579,4.461031772923246,2.112115473387581,5.575189775887159,-75.16099218626475,-5.9633019496450945,19.31384678507784,46.80483592400691
train,Chopin/Etudes_op_10/8/midi_score.mid,articulation,gradual,cnn,43,1,24,78,35,35,0.3645934459604387,0.6038157384173078,0.35599090046617016,5.276527104949446,-16.856063018641287,58.47962941183832,60.0
train,Chopin/Etudes_op_10/8/midi_score.mid,articulation,gradual,visible_mean,43,1,24,78,35,35,0.38490295469254193,0.6204054760336517,0.3046405049683911,0.0,0.0,0.0,0.0
train,Chopin/Etudes_op_10/8/midi_score.mid,articulation,gradual,linear_interpolation,43,1,24,78,35,35,0.48450298681822557,0.6960624877252225,0.21603872677521904,-25.876660833960983,29.08404389704029,92.47513224997836,77.14285714285714
train,Chopin/Etudes_op_10/8/midi_score.mid,articulation,mixed,cnn,503,1,28,2003,1500,1500,0.8416953464586351,0.9174395601120736,1.3902296404551129,1.594036316380365,-0.6958774128205114,17.23462902622945,52.4
train,Chopin/Etudes_op_10/8/midi_score.mid,articulation,mixed,visible_mean,503,1,28,2003,1500,1500,0.8553296110840701,0.9248403165325731,1.38062220239228,0.0,0.0,0.0,0.0
train,Chopin/Etudes_op_10/8/midi_score.mid,articulation,mixed,linear_interpolation,503,1,28,2003,1500,1500,1.2945394996384123,1.1377783174407976,1.4138254246234434,-51.34978175228548,-2.4049462752105732,21.669583365504817,50.666666666666664
train,Chopin/Etudes_op_10/8/midi_score.mid,articulation,small,cnn,292,1,28,877,585,585,0.30355718963017403,0.5509602432391778,0.37819559834264155,17.066768252794784,-5.517152985632068,34.74765833264049,52.30769230769231
train,Chopin/Etudes_op_10/8/midi_score.mid,articulation,small,visible_mean,292,1,28,877,585,585,0.3660259985472032,0.6050008252450596,0.3584209653516137,0.0,0.0,0.0,0.0
train,Chopin/Etudes_op_10/8/midi_score.mid,articulation,small,linear_interpolation,292,1,28,877,585,585,0.29728500574708977,0.5452384852035757,0.3720648996526007,18.780357972645078,-3.8066786320945845,22.812672054348823,52.64957264957265
train,Chopin/Etudes_op_10/8/midi_score.mid,dynamics,abrupt,cnn,214,1,28,846,632,631,1.7104285616582933,1.307833537442091,2.396720172177837,6.095238508028233,2.9950167943468053,11.543320000188041,55.467511885895405
train,Chopin/Etudes_op_10/8/midi_score.mid,dynamics,abrupt,visible_mean,214,1,28,846,632,631,1.8214503018619812,1.349611166915116,2.470718609472593,0.0,0.0,0.0,0.0
train,Chopin/Etudes_op_10/8/midi_score.mid,dynamics,abrupt,linear_interpolation,214,1,28,846,632,631,2.1639523979864324,1.4710378642259458,2.4846942276586166,-18.803812312327572,-0.5656499340896959,19.13021945219335,50.55467511885895
train,Chopin/Etudes_op_10/8/midi_score.mid,dynamics,gradual,cnn,60,1,27,128,68,68,0.47038122945514216,0.6858434438376897,0.36136327523912326,41.45020475783762,8.676637062490922,33.56877883773784,69.11764705882354
train,Chopin/Etudes_op_10/8/midi_score.mid,dynamics,gradual,visible_mean,60,1,27,128,68,68,0.8033866344188599,0.8963183778205487,0.39569641723158794,0.0,0.0,0.0,0.0
train,Chopin/Etudes_op_10/8/midi_score.mid,dynamics,gradual,linear_interpolation,60,1,27,128,68,68,0.2055441285270181,0.45336974813833586,0.18257738564148168,74.41529150211703,53.859227000626284,79.62705686673326,88.23529411764706
train,Chopin/Etudes_op_10/8/midi_score.mid,dynamics,mixed,cnn,465,1,28,1942,1477,1475,0.7262856370602275,0.852223935981751,0.7858713606625394,18.4371744800637,0.6541608678763744,18.838022321275506,51.932203389830505
train,Chopin/Etudes_op_10/8/midi_score.mid,dynamics,mixed,visible_mean,465,1,28,1942,1477,1475,0.89046159501022,0.9436427263589859,0.7910460745289801,0.0,0.0,0.0,0.0
train,Chopin/Etudes_op_10/8/midi_score.mid,dynamics,mixed,linear_interpolation,465,1,28,1942,1477,1475,0.8350842484102344,0.913829441641182,0.7656285135480287,6.218948342106778,3.2131580952583616,26.301359636523085,57.49152542372882
train,Chopin/Etudes_op_10/8/midi_score.mid,dynamics,small,cnn,292,1,28,814,522,521,0.30454055345628883,0.5518519307353095,0.30201157081951063,27.516906434495247,-7.802408971190333,32.39905627608918,51.63147792706334
train,Chopin/Etudes_op_10/8/midi_score.mid,dynamics,small,visible_mean,292,1,28,814,522,521,0.4201539124169253,0.6481928049715804,0.2801528961196236,0.0,0.0,0.0,0.0
train,Chopin/Etudes_op_10/8/midi_score.mid,dynamics,small,linear_interpolation,292,1,28,814,522,521,0.2319102611098086,0.48157061902675147,0.2882098508146585,44.80349837140623,-2.8759134053694124,22.481129676369918,52.591170825335894
train,Chopin/Etudes_op_10/8/midi_score.mid,pedal_changes,abrupt,cnn,107,1,28,446,339,274,2.308275284781576,1.51930091975934,4.996853682870447,2.9060900754073415,2.506324839306484,8.963617783059131,58.02919708029197
train,Chopin/Etudes_op_10/8/midi_score.mid,pedal_changes,abrupt,visible_mean,107,1,28,446,339,274,2.377363612789188,1.5418701672933386,5.12531061592909,0.0,0.0,0.0,0.0
train,Chopin/Etudes_op_10/8/midi_score.mid,pedal_changes,abrupt,linear_interpolation,107,1,28,446,339,274,3.3130679628766235,1.8201834970344675,5.370670739771603,-39.35890770152915,-4.787224467526929,15.274801640528638,34.306569343065696
train,Chopin/Etudes_op_10/8/midi_score.mid,pedal_changes,gradual,cnn,160,1,28,448,288,43,0.39847241107890874,0.6312467117371058,0.20571403204765001,16.594477272593434,-8.447367377030846,40.86276493834106,51.16279069767442
train,Chopin/Etudes_op_10/8/midi_score.mid,pedal_changes,gradual,visible_mean,160,1,28,448,288,43,0.47775302887463716,0.6911968090744033,0.18969020366576483,0.0,0.0,0.0,0.0
train,Chopin/Etudes_op_10/8/midi_score.mid,pedal_changes,gradual,linear_interpolation,160,1,28,448,288,43,0.4525389938144436,0.6727101856033129,0.17530267452821416,5.277629556757812,7.584750745959223,79.88219074776622,100.0
train,Chopin/Etudes_op_10/8/midi_score.mid,pedal_changes,mixed,cnn,595,1,28,2357,1762,1164,0.9336357516119744,0.9662482867317149,1.6056699825553906,3.328673622732259,-0.111643353213009,16.3512693324919,53.69415807560137
train,Chopin/Etudes_op_10/8/midi_score.mid,pedal_changes,mixed,visible_mean,595,1,28,2357,1762,1164,0.9657835333389186,0.9827428622681106,1.6038793578587858,0.0,0.0,0.0,0.0
train,Chopin/Etudes_op_10/8/midi_score.mid,pedal_changes,mixed,linear_interpolation,595,1,28,2357,1762,1164,1.3009125035283702,1.1405755141718457,1.6578386079620773,-34.7002157958564,-3.3642960637219277,19.053258908830273,32.560137457044675
train,Chopin/Etudes_op_10/8/midi_score.mid,pedal_changes,small,cnn,169,1,27,479,310,0,0.0799346829676573,0.28272722360546976,0.029895039547333527,0.2470070807043756,,,
train,Chopin/Etudes_op_10/8/midi_score.mid,pedal_changes,small,visible_mean,169,1,27,479,310,0,0.08013261620363393,0.2830770499415909,0.0,0.0,,,
train,Chopin/Etudes_op_10/8/midi_score.mid,pedal_changes,small,linear_interpolation,169,1,27,479,310,0,0.0,0.0,0.0,100.0,,,
train,Chopin/Etudes_op_10/8/midi_score.mid,pedal_depth,abrupt,cnn,251,1,28,1022,771,757,1.1675782832904276,1.0805453638281124,1.7633653156365254,8.046288189742723,4.135696788065579,12.073136702377717,57.85997357992074
train,Chopin/Etudes_op_10/8/midi_score.mid,pedal_depth,abrupt,visible_mean,251,1,28,1022,771,757,1.2697456799782891,1.1268299250456073,1.8394389324857672,0.0,0.0,0.0,0.0
train,Chopin/Etudes_op_10/8/midi_score.mid,pedal_depth,abrupt,linear_interpolation,251,1,28,1022,771,757,1.691318385067106,1.300506972325449,1.887935256417884,-33.201349824322726,-2.6364737135676553,24.55367711188228,50.33025099075297
train,Chopin/Etudes_op_10/8/midi_score.mid,pedal_depth,gradual,cnn,79,1,27,169,90,84,0.3750449084797316,0.6124091022182244,0.17147244352658034,38.285804121126475,-17.44252216545481,42.62863141242928,45.23809523809524
train,Chopin/Etudes_op_10/8/midi_score.mid,pedal_depth,gradual,visible_mean,79,1,27,169,90,84,0.6077125418855532,0.7795591971656503,0.14600541640702108,0.0,0.0,0.0,0.0
train,Chopin/Etudes_op_10/8/midi_score.mid,pedal_depth,gradual,linear_interpolation,79,1,27,169,90,84,0.16659341775500644,0.4081585693759307,0.0885552900541283,72.58680605173689,39.34794185493665,83.0921523585743,77.38095238095238
train,Chopin/Etudes_op_10/8/midi_score.mid,pedal_depth,mixed,cnn,539,1,28,2128,1589,1572,0.4277999576411828,0.6540641846494752,0.4363621905534284,19.813707551173763,-0.18575935719504777,23.411118239135668,53.30788804071247
train,Chopin/Etudes_op_10/8/midi_score.mid,pedal_depth,mixed,visible_mean,539,1,28,2128,1589,1572,0.5335075916051346,0.7304160400793062,0.43555310989624213,0.0,0.0,0.0,0.0
train,Chopin/Etudes_op_10/8/midi_score.mid,pedal_depth,mixed,linear_interpolation,539,1,28,2128,1589,1572,0.43570008396695675,0.6600758168323975,0.4439501546222006,18.332917689870143,-1.927903747021542,23.744552397278675,52.162849872773535
train,Chopin/Etudes_op_10/8/midi_score.mid,pedal_depth,small,cnn,162,1,27,411,249,226,0.23438863961758327,0.4841370050074496,0.07444733417687015,35.75220933396783,-16.049928076337604,60.695723270948186,48.67256637168141
train,Chopin/Etudes_op_10/8/midi_score.mid,pedal_depth,small,visible_mean,162,1,27,411,249,226,0.36481976607719313,0.6040031176055246,0.06415112478820212,0.0,0.0,0.0,0.0
train,Chopin/Etudes_op_10/8/midi_score.mid,pedal_depth,small,linear_interpolation,162,1,27,411,249,226,0.047377747524859154,0.21766430006976145,0.06557315411022119,87.01338251644117,-2.2166864988166113,21.90073822540887,52.65486725663717
train,Chopin/Etudes_op_10/8/midi_score.mid,pedal_down_ratio,abrupt,cnn,253,1,28,1015,762,725,1.4457271753461647,1.202383955043548,2.2917397348920328,6.2615120678166765,1.8047567801140363,10.442274111099138,55.44827586206897
train,Chopin/Etudes_op_10/8/midi_score.mid,pedal_down_ratio,abrupt,visible_mean,253,1,28,1015,762,725,1.5422983741663299,1.2418930606804799,2.333860235734843,0.0,0.0,0.0,0.0
train,Chopin/Etudes_op_10/8/midi_score.mid,pedal_down_ratio,abrupt,linear_interpolation,253,1,28,1015,762,725,2.031150713918828,1.4251844490867938,2.3734692707720293,-31.69635317917916,-1.6971468312760862,22.51610694885754,49.793103448275865
train,Chopin/Etudes_op_10/8/midi_score.mid,pedal_down_ratio,gradual,cnn,79,1,25,185,106,86,0.7199326308073055,0.8484884388177045,0.35137423415862723,24.574807960737544,10.035475990747077,26.43952075027716,66.27906976744185
train,Chopin/Etudes_op_10/8/midi_score.mid,pedal_down_ratio,gradual,visible_mean,79,1,25,185,106,86,0.9544989032743142,0.9769845972554092,0.39056976961550766,0.0,0.0,0.0,0.0
train,Chopin/Etudes_op_10/8/midi_score.mid,pedal_down_ratio,gradual,linear_interpolation,79,1,25,185,106,86,0.3220985877577833,0.56753730076338,0.2244320784494979,66.25469273428646,42.5372632729774,60.64947604229556,79.06976744186046
train,Chopin/Etudes_op_10/8/midi_score.mid,pedal_down_ratio,mixed,cnn,563,1,28,2203,1640,1564,0.37167879048231534,0.6096546485366247,0.45672972036209253,23.398381670645097,-2.6574354944968848,23.62961932633087,53.70843989769821
train,Chopin/Etudes_op_10/8/midi_score.mid,pedal_down_ratio,mixed,visible_mean,563,1,28,2203,1640,1564,0.4852101020689303,0.6965702420208103,0.44490661408211024,0.0,0.0,0.0,0.0
train,Chopin/Etudes_op_10/8/midi_score.mid,pedal_down_ratio,mixed,linear_interpolation,563,1,28,2203,1640,1564,0.39017802108434513,0.6246423145163519,0.45797308429865025,19.585758948416256,-2.9369017683626764,21.88343469021153,46.41943734015345
train,Chopin/Etudes_op_10/8/midi_score.mid,pedal_down_ratio,small,cnn,136,1,27,327,191,134,0.20217890669294125,0.4496430881187225,0.048095955844286324,28.187467680429425,-102.15805099376642,103.03010405371613,50.74626865671642
train,Chopin/Etudes_op_10/8/midi_score.mid,pedal_down_ratio,small,visible_mean,136,1,27,327,191,134,0.28153708017596646,0.53060067864258,0.023791264116297485,0.0,0.0,0.0,0.0
train,Chopin/Etudes_op_10/8/midi_score.mid,pedal_down_ratio,small,linear_interpolation,136,1,27,327,191,134,0.019823932645914942,0.14079748806677958,0.025431203652066903,92.95867790007463,-6.8930323658003,20.671020921246512,42.53731343283582
train,Chopin/Etudes_op_10/8/midi_score.mid,rubato,abrupt,cnn,294,1,28,1192,898,898,4.0479710155543165,2.011957011358423,7.107156893109055,4.1620202567497095,1.5720846252663123,11.211740803034962,54.788418708240535
train,Chopin/Etudes_op_10/8/midi_score.mid,rubato,abrupt,visible_mean,294,1,28,1192,898,898,4.223764969168612,2.05518003327412,7.220671966942269,0.0,0.0,0.0,0.0
train,Chopin/Etudes_op_10/8/midi_score.mid,rubato,abrupt,linear_interpolation,294,1,28,1192,898,898,6.454746468335177,2.540619308030067,7.449697974167602,-52.81973583879838,-3.1718101621824424,20.568902979907293,49.220489977728285
train,Chopin/Etudes_op_10/8/midi_score.mid,rubato,gradual,cnn,50,1,20,100,50,50,0.8335171839508706,0.9129716227522466,0.9047382099817086,12.804145536866807,-27.469571071525102,46.10898367799465,56.0
train,Chopin/Etudes_op_10/8/midi_score.mid,rubato,gradual,visible_mean,50,1,20,100,50,50,0.9559137748954402,0.9777084304103346,0.7097679880589277,0.0,0.0,0.0,0.0
train,Chopin/Etudes_op_10/8/midi_score.mid,rubato,gradual,linear_interpolation,50,1,20,100,50,50,0.6730823951543903,0.8204159890899191,0.46285246850056205,29.58754096539581,34.788201738096106,95.89483617378333,78.0
train,Chopin/Etudes_op_10/8/midi_score.mid,rubato,mixed,cnn,485,1,28,1914,1429,1429,0.8741258083819193,0.934946954849268,1.3252691495369935,11.152347183013267,-0.3980640234310995,23.810850079087846,52.414275717284816
train,Chopin/Etudes_op_10/8/midi_score.mid,rubato,mixed,visible_mean,485,1,28,1914,1429,1429,0.9838479472074424,0.9918910964452914,1.3200146461267417,0.0,0.0,0.0,0.0
train,Chopin/Etudes_op_10/8/midi_score.mid,rubato,mixed,linear_interpolation,485,1,28,1914,1429,1429,1.2458207186140213,1.116163392435902,1.3586003007777205,-26.627363725275167,-2.9231232217156844,23.601570146528715,51.01469559132261
train,Chopin/Etudes_op_10/8/midi_score.mid,rubato,small,cnn,202,1,28,524,322,322,0.3521956339697102,0.5934607265604946,0.42641346563100757,19.513791776143176,-21.28484701912261,44.72052015621703,48.75776397515528
train,Chopin/Etudes_op_10/8/midi_score.mid,rubato,small,visible_mean,202,1,28,524,322,322,0.4375850741907808,0.6615021346834647,0.3515801652977938,0.0,0.0,0.0,0.0
train,Chopin/Etudes_op_10/8/midi_score.mid,rubato,small,linear_interpolation,202,1,28,524,322,322,0.31044536873118345,0.5571762456630608,0.368913860212561,29.054854234851312,-4.930225486436446,21.968763757901797,47.82608695652174
train,Chopin/Etudes_op_10/8/midi_score.mid,tempo,abrupt,cnn,242,1,28,967,725,725,2.340559600289459,1.5298887542202075,4.18038641775483,4.936279270193278,2.2494754294738684,12.169262089344532,53.6551724137931
train,Chopin/Etudes_op_10/8/midi_score.mid,tempo,abrupt,visible_mean,242,1,28,967,725,725,2.462095510591128,1.5691065963124138,4.276587195947699,0.0,0.0,0.0,0.0
train,Chopin/Etudes_op_10/8/midi_score.mid,tempo,abrupt,linear_interpolation,242,1,28,967,725,725,3.7847374018070234,1.9454401563160517,4.419150273923628,-53.720169892935644,-3.333571173552019,20.669889633722654,48.41379310344828
train,Chopin/Etudes_op_10/8/midi_score.mid,tempo,gradual,cnn,48,1,22,95,47,47,0.5083663954917953,0.7129981735543194,0.5304434518329022,15.178995691345055,-24.280167235129312,51.291828273610584,42.5531914893617
train,Chopin/Etudes_op_10/8/midi_score.mid,tempo,gradual,visible_mean,48,1,22,95,47,47,0.5993402219595303,0.7741706672042866,0.42681263119749474,0.0,0.0,0.0,0.0
train,Chopin/Etudes_op_10/8/midi_score.mid,tempo,gradual,linear_interpolation,48,1,22,95,47,47,0.38332241749934265,0.6191303719729332,0.2858235786965742,36.042600937731486,33.03300844338931,92.46988332817733,72.34042553191489
train,Chopin/Etudes_op_10/8/midi_score.mid,tempo,mixed,cnn,513,1,28,2060,1547,1547,0.5436623380794674,0.7373346174427642,0.8216047026959586,7.602239547414702,-1.8332212604506681,26.41386672522355,53.975436328377505
train,Chopin/Etudes_op_10/8/midi_score.mid,tempo,mixed,visible_mean,513,1,28,2060,1547,1547,0.5883934149664292,0.7670680641028077,0.8068140166111472,0.0,0.0,0.0,0.0
train,Chopin/Etudes_op_10/8/midi_score.mid,tempo,mixed,linear_interpolation,513,1,28,2060,1547,1547,0.7710939514685191,0.8781195542000639,0.8248270178347057,-31.050744596200808,-2.2326088606167804,22.67141672909282,52.55332902391726
train,Chopin/Etudes_op_10/8/midi_score.mid,tempo,small,cnn,228,1,28,608,380,380,0.20621971805344808,0.4541142125649098,0.2974488474517616,14.115262424416342,-23.286851872702318,47.55277851560035,48.1578947368421
train,Chopin/Etudes_op_10/8/midi_score.mid,tempo,small,visible_mean,228,1,28,608,380,380,0.24011218276351198,0.4900124312336494,0.2412656685879912,0.0,0.0,0.0,0.0
train,Chopin/Etudes_op_10/8/midi_score.mid,tempo,small,linear_interpolation,228,1,28,608,380,380,0.2001026736361708,0.4473283733860069,0.2546440667540731,16.662840122005306,-5.5450898772208435,21.26164286291523,46.8421052631579
train,Chopin/Etudes_op_25/10/midi_score.mid,articulation,abrupt,cnn,96,1,12,387,291,291,2.785377090786868,1.668944903460527,5.539515068345339,-2.272462609073056,1.0115489847696502,10.448646607549508,51.89003436426117
train,Chopin/Etudes_op_25/10/midi_score.mid,articulation,abrupt,visible_mean,96,1,12,387,291,291,2.723486870003035,1.6502990244204336,5.596122589586769,0.0,0.0,0.0,0.0
train,Chopin/Etudes_op_25/10/midi_score.mid,articulation,abrupt,linear_interpolation,96,1,12,387,291,291,3.9480822054433116,1.9869781592768734,5.8061700259934454,-44.96424597923294,-3.753445944832068,18.187072772456194,45.70446735395189
train,Chopin/Etudes_op_25/10/midi_score.mid,articulation,gradual,cnn,12,1,5,18,6,6,0.7257598444510731,0.8519153974727027,0.34787314377529177,7.878347965084398,14.50922508889324,41.8690516996751,66.66666666666667
train,Chopin/Etudes_op_25/10/midi_score.mid,articulation,gradual,visible_mean,12,1,5,18,6,6,0.7878276479192952,0.8875965569555209,0.4069130782087424,0.0,0.0,0.0,0.0
train,Chopin/Etudes_op_25/10/midi_score.mid,articulation,gradual,linear_interpolation,12,1,5,18,6,6,0.24169394690198207,0.49162378594000317,0.2165156395448317,69.32146929086434,46.790690410358025,77.03763319694602,83.33333333333333
train,Chopin/Etudes_op_25/10/midi_score.mid,articulation,mixed,cnn,188,1,12,778,590,590,0.8762529777758737,0.9360838518935544,1.3943359079529158,2.7030412558507133,-4.105578946936683,20.404148561292082,51.86440677966102
train,Chopin/Etudes_op_25/10/midi_score.mid,articulation,mixed,visible_mean,188,1,12,778,590,590,0.9005964719617354,0.9489976143077155,1.3393479216552058,0.0,0.0,0.0,0.0
train,Chopin/Etudes_op_25/10/midi_score.mid,articulation,mixed,linear_interpolation,188,1,12,778,590,590,1.2053737903168336,1.0978951636275813,1.368968855970311,-33.841717999540144,-2.211593704382575,23.116972256081315,51.355932203389834
train,Chopin/Etudes_op_25/10/midi_score.mid,articulation,small,cnn,174,1,12,527,353,353,0.31742963592692136,0.5634089420012087,0.3683315196500761,4.997423967021575,-8.080855193899694,37.07008420915824,51.55807365439094
train,Chopin/Etudes_op_25/10/midi_score.mid,articulation,small,visible_mean,174,1,12,527,353,353,0.33412739862625557,0.5780375408451043,0.34079256588900997,0.0,0.0,0.0,0.0
train,Chopin/Etudes_op_25/10/midi_score.mid,articulation,small,linear_interpolation,174,1,12,527,353,353,0.276661048855001,0.5259857876929765,0.34741732149700205,17.19893370239136,-1.9439260920232737,21.018746120285844,50.991501416430594
train,Chopin/Etudes_op_25/10/midi_score.mid,dynamics,abrupt,cnn,86,1,12,365,279,279,1.8577363804272407,1.3629880338532838,2.611642671728677,13.738175975361976,1.8049378719409148,12.62419780155574,56.272401433691755
train,Chopin/Etudes_op_25/10/midi_score.mid,dynamics,abrupt,visible_mean,86,1,12,365,279,279,2.153602015065941,1.4675155927846018,2.6596476595969323,0.0,0.0,0.0,0.0
train,Chopin/Etudes_op_25/10/midi_score.mid,dynamics,abrupt,linear_interpolation,86,1,12,365,279,279,2.152516021086589,1.4671455350736644,2.7088522766000454,0.0504268649339612,-1.850042686126696,19.515362509197,53.04659498207885
train,Chopin/Etudes_op_25/10/midi_score.mid,dynamics,gradual,cnn,22,1,10,49,27,27,0.57611198728426,0.7590204129562393,0.38337872741779494,41.52196474942694,8.381102574749733,40.216906471520616,48.148148148148145
train,Chopin/Etudes_op_25/10/midi_score.mid,dynamics,gradual,visible_mean,22,1,10,49,27,27,0.9851767160364958,0.9925606863242649,0.41844940093345345,0.0,0.0,0.0,0.0
train,Chopin/Etudes_op_25/10/midi_score.mid,dynamics,gradual,linear_interpolation,22,1,10,49,27,27,0.5225137216468687,0.7228511061393409,0.37417021611286927,46.96243697790435,10.581729767519954,91.66222708784514,62.96296296296296
train,Chopin/Etudes_op_25/10/midi_score.mid,dynamics,mixed,cnn,230,1,12,947,717,717,0.7384867775072261,0.8593525338923638,0.8583503158167117,22.665319454037082,1.3697952536275593,21.85470736510392,53.55648535564853
train,Chopin/Etudes_op_25/10/midi_score.mid,dynamics,mixed,visible_mean,230,1,12,947,717,717,0.9549231629247057,0.9772017002260617,0.8702712500941872,0.0,0.0,0.0,0.0
train,Chopin/Etudes_op_25/10/midi_score.mid,dynamics,mixed,linear_interpolation,230,1,12,947,717,717,0.7815296305528245,0.8840416452593308,0.8607723237453936,18.157851762734232,1.0914903080810223,24.568795975048978,52.58019525801953
train,Chopin/Etudes_op_25/10/midi_score.mid,dynamics,small,cnn,132,1,12,349,217,216,0.35713315762407966,0.5976061894124589,0.3103803881688852,34.55361643686754,-15.941612861491805,38.43517506020124,50.925925925925924
train,Chopin/Etudes_op_25/10/midi_score.mid,dynamics,small,visible_mean,132,1,12,349,217,216,0.5456881468165056,0.7387070778167119,0.26770404560412425,0.0,0.0,0.0,0.0
train,Chopin/Etudes_op_25/10/midi_score.mid,dynamics,small,linear_interpolation,132,1,12,349,217,216,0.23997953724825358,0.48987706340290477,0.2801689158452507,56.022585674936856,-4.656212876050181,21.88976855923809,50.0
train,Chopin/Etudes_op_25/10/midi_score.mid,pedal_changes,abrupt,cnn,98,1,12,394,296,224,1.8578088767167273,1.3630146282108375,4.42893148587805,-2.0434253461866003,0.7674989950333999,12.369666723173902,53.125
train,Chopin/Etudes_op_25/10/midi_score.mid,pedal_changes,abrupt,visible_mean,98,1,12,394,296,224,1.8206061492095476,1.349298391464819,4.463186396618565,0.0,0.0,0.0,0.0
train,Chopin/Etudes_op_25/10/midi_score.mid,pedal_changes,abrupt,linear_interpolation,98,1,12,394,296,224,3.2734706709942185,1.8092735202268944,4.779532663396612,-79.80114328491426,-7.0879017514867915,17.32333090127128,30.803571428571427
train,Chopin/Etudes_op_25/10/midi_score.mid,pedal_changes,gradual,cnn,69,1,12,202,133,12,0.284365503583151,0.5332593211404288,0.18577038821370961,10.483010841974815,-61.885760222788974,70.64502908543423,41.666666666666664
train,Chopin/Etudes_op_25/10/midi_score.mid,pedal_changes,gradual,visible_mean,69,1,12,202,133,12,0.3176665192359831,0.5636191260381279,0.11475400180846687,0.0,0.0,0.0,0.0
train,Chopin/Etudes_op_25/10/midi_score.mid,pedal_changes,gradual,linear_interpolation,69,1,12,202,133,12,0.5659013718407394,0.7522641636026134,0.13311309027629187,-78.14322176658206,-15.998647697243463,94.51559497680424,100.0
train,Chopin/Etudes_op_25/10/midi_score.mid,pedal_changes,mixed,cnn,244,1,12,937,693,477,0.8716468370590371,0.9336202852653948,1.5367255671172324,-5.315368757381567,-2.2218585802262103,17.677976079455675,51.36268343815514
train,Chopin/Etudes_op_25/10/midi_score.mid,pedal_changes,mixed,visible_mean,244,1,12,937,693,477,0.8276539761894375,0.9097548989642417,1.503323837446345,0.0,0.0,0.0,0.0
train,Chopin/Etudes_op_25/10/midi_score.mid,pedal_changes,mixed,linear_interpolation,244,1,12,937,693,477,1.2091261327924285,1.099602715889893,1.5480431310314786,-46.09077797938082,-2.9746946380559747,18.51160195780504,31.446540880503143
train,Chopin/Etudes_op_25/10/midi_score.mid,pedal_changes,small,cnn,59,1,12,177,118,0,0.07985335893955954,0.28258336635329323,0.0621217525722362,27.89282371871944,,,
train,Chopin/Etudes_op_25/10/midi_score.mid,pedal_changes,small,visible_mean,59,1,12,177,118,0,0.1107425960324145,0.332780101617291,0.0,0.0,,,
train,Chopin/Etudes_op_25/10/midi_score.mid,pedal_changes,small,linear_interpolation,59,1,12,177,118,0,0.0,0.0,0.0,100.0,,,
train,Chopin/Etudes_op_25/10/midi_score.mid,pedal_depth,abrupt,cnn,97,1,12,400,303,301,1.2912782278632862,1.1363442382760984,2.0270048520417077,13.392665928840476,1.759675406293626,13.536682475236569,51.82724252491694
train,Chopin/Etudes_op_25/10/midi_score.mid,pedal_depth,abrupt,visible_mean,97,1,12,400,303,301,1.4909571362655363,1.221047556922144,2.0633124538470478,0.0,0.0,0.0,0.0
train,Chopin/Etudes_op_25/10/midi_score.mid,pedal_depth,abrupt,linear_interpolation,97,1,12,400,303,301,1.9187040079654847,1.385172916269115,2.1958879844344588,-28.689414423498725,-6.4253734493883385,25.50166616434591,45.51495016611295
train,Chopin/Etudes_op_25/10/midi_score.mid,pedal_depth,gradual,cnn,22,1,12,37,15,15,0.18653777100454888,0.43190018639096334,0.1387480806160509,20.365021632212922,-6.860178294277941,39.769085246948755,46.666666666666664
train,Chopin/Etudes_op_25/10/midi_score.mid,pedal_depth,gradual,visible_mean,22,1,12,37,15,15,0.23424100166517375,0.4839845056044395,0.12984077214802894,0.0,0.0,0.0,0.0
train,Chopin/Etudes_op_25/10/midi_score.mid,pedal_depth,gradual,linear_interpolation,22,1,12,37,15,15,0.16020545304189956,0.4002567339119975,0.07307321733699969,31.606571051596376,43.72090050905556,79.23432852639523,86.66666666666667
train,Chopin/Etudes_op_25/10/midi_score.mid,pedal_depth,mixed,cnn,284,1,12,1093,809,805,0.5079060910594756,0.7126753054929542,0.5146095513321289,14.496802189295877,-4.991581988508487,27.043352163552438,49.93788819875776
train,Chopin/Etudes_op_25/10/midi_score.mid,pedal_depth,mixed,visible_mean,284,1,12,1093,809,805,0.5940199946485405,0.770726926121399,0.4901436301707063,0.0,0.0,0.0,0.0
train,Chopin/Etudes_op_25/10/midi_score.mid,pedal_depth,mixed,linear_interpolation,284,1,12,1093,809,805,0.3913336041011278,0.6255666264284947,0.5063635713065094,34.12113941843569,-3.3092220601039113,22.563525699903344,50.43478260869565
train,Chopin/Etudes_op_25/10/midi_score.mid,pedal_depth,small,cnn,67,1,12,180,113,111,0.14530967631634897,0.3811950633420493,0.10947460372767573,33.91736796000939,-43.216856644671765,67.97863645675388,57.65765765765766
train,Chopin/Etudes_op_25/10/midi_score.mid,pedal_depth,small,visible_mean,67,1,12,180,113,111,0.21989087273099728,0.4689252314932491,0.07643974759150575,0.0,0.0,0.0,0.0
train,Chopin/Etudes_op_25/10/midi_score.mid,pedal_depth,small,linear_interpolation,67,1,12,180,113,111,0.059163630731043804,0.2432357513422807,0.07750832229225131,73.09409435860422,-1.3979307028275656,17.801963796973855,49.549549549549546
train,Chopin/Etudes_op_25/10/midi_score.mid,pedal_down_ratio,abrupt,cnn,96,1,12,397,301,290,2.1076645067355217,1.45177977211956,2.5650478116632733,13.524986758285795,3.882808641507407,13.242943682283911,55.172413793103445
train,Chopin/Etudes_op_25/10/midi_score.mid,pedal_down_ratio,abrupt,visible_mean,96,1,12,397,301,290,2.4373104180327747,1.5611887835981832,2.668667046352093,0.0,0.0,0.0,0.0
train,Chopin/Etudes_op_25/10/midi_score.mid,pedal_down_ratio,abrupt,linear_interpolation,96,1,12,397,301,290,2.530697311411057,1.5908165549211062,2.8651369899114334,-3.831555171936518,-7.36210026004942,26.356172189258874,42.06896551724138
train,Chopin/Etudes_op_25/10/midi_score.mid,pedal_down_ratio,gradual,cnn,37,1,12,87,50,32,0.1850027044508754,0.43011940720092534,0.08659511393066759,-89.0522524010571,-165.1782916919246,104.60472558571286,46.875
train,Chopin/Etudes_op_25/10/midi_score.mid,pedal_down_ratio,gradual,visible_mean,37,1,12,87,50,32,0.09785797423794193,0.31282259227546516,0.03265543094729297,0.0,0.0,0.0,0.0
train,Chopin/Etudes_op_25/10/midi_score.mid,pedal_down_ratio,gradual,linear_interpolation,37,1,12,87,50,32,0.1736589038430668,0.4167240139985537,0.04918932266251875,-77.4601458853161,-50.63136891965097,137.74030954361962,68.75
train,Chopin/Etudes_op_25/10/midi_score.mid,pedal_down_ratio,mixed,cnn,309,1,12,1151,842,810,0.32249339515457814,0.567885019308115,0.5496212986603907,-9.08761004443781,-3.905497422955606,25.177549065917116,50.24691358024691
train,Chopin/Etudes_op_25/10/midi_score.mid,pedal_down_ratio,mixed,visible_mean,309,1,12,1151,842,810,0.29562788571791754,0.5437167329758369,0.5289626750191219,0.0,0.0,0.0,0.0
train,Chopin/Etudes_op_25/10/midi_score.mid,pedal_down_ratio,mixed,linear_interpolation,309,1,12,1151,842,810,0.4176104840605328,0.6462278886434203,0.5533907962005129,-41.26220976968617,-4.61811812723989,17.389324491327713,46.04938271604938
train,Chopin/Etudes_op_25/10/midi_score.mid,pedal_down_ratio,small,cnn,28,1,9,75,47,28,0.08705954530243412,0.2950585455505977,0.04464442468795251,-76.85679044789336,-91.46139889922888,94.9578109043856,46.42857142857143
train,Chopin/Etudes_op_25/10/midi_score.mid,pedal_down_ratio,small,visible_mean,28,1,9,75,47,28,0.04922601223394029,0.22186935848363623,0.023317715709081407,0.0,0.0,0.0,0.0
train,Chopin/Etudes_op_25/10/midi_score.mid,pedal_down_ratio,small,linear_interpolation,28,1,9,75,47,28,0.02546041403533512,0.1595631976219301,0.024427940858922564,48.278536326814816,-4.761294646922742,18.67349579274343,39.285714285714285
train,Chopin/Etudes_op_25/10/midi_score.mid,rubato,abrupt,cnn,59,1,12,261,202,201,5.022381988771299,2.241067154007505,7.137686149729411,3.1820345414724227,7.974433408055804,13.654813153061445,59.701492537313435
train,Chopin/Etudes_op_25/10/midi_score.mid,rubato,abrupt,visible_mean,59,1,12,261,202,201,5.187448388308324,2.2775970645196053,7.756199080391465,0.0,0.0,0.0,0.0
train,Chopin/Etudes_op_25/10/midi_score.mid,rubato,abrupt,linear_interpolation,59,1,12,261,202,201,7.096315213909305,2.663890991371326,8.018313710107822,-36.79779889286727,-3.379421118509107,16.43024426565603,52.23880597014925
train,Chopin/Etudes_op_25/10/midi_score.mid,rubato,gradual,cnn,32,1,11,71,39,39,0.7938578667998503,0.8909870183116307,0.5146404277582456,14.241577427122753,-22.960803287962463,61.31139846414497,53.84615384615385
train,Chopin/Etudes_op_25/10/midi_score.mid,rubato,gradual,visible_mean,32,1,11,71,39,39,0.925690845263895,0.9621282894000649,0.4185402290785356,0.0,0.0,0.0,0.0
train,Chopin/Etudes_op_25/10/midi_score.mid,rubato,gradual,linear_interpolation,32,1,11,71,39,39,0.30579925502312455,0.5529911889199723,0.23481001342742003,66.9652933711419,43.89786283044255,77.2058850938438,82.05128205128206
train,Chopin/Etudes_op_25/10/midi_score.mid,rubato,mixed,cnn,209,1,12,842,633,633,0.8596945323163081,0.9271971377847906,1.0484947042428652,18.898795609129827,-1.8489558976522824,28.75967640865697,53.55450236966825
train,Chopin/Etudes_op_25/10/midi_score.mid,rubato,mixed,visible_mean,209,1,12,842,633,633,1.0600268377926663,1.0295760476004996,1.0294604348192773,0.0,0.0,0.0,0.0
train,Chopin/Etudes_op_25/10/midi_score.mid,rubato,mixed,linear_interpolation,209,1,12,842,633,633,1.0281388807100114,1.0139718342784534,1.0092956226210925,3.008221673807465,1.9587748607089228,24.948822836073038,52.60663507109005
train,Chopin/Etudes_op_25/10/midi_score.mid,rubato,small,cnn,170,1,12,536,366,366,0.33004276821112083,0.5744934883974934,0.3205708677863029,10.669365871123194,-4.981608398099846,53.925354951994095,57.650273224043715
train,Chopin/Etudes_op_25/10/midi_score.mid,rubato,small,visible_mean,170,1,12,536,366,366,0.3694620232237129,0.6078338779828851,0.3053590744872844,0.0,0.0,0.0,0.0
train,Chopin/Etudes_op_25/10/midi_score.mid,rubato,small,linear_interpolation,170,1,12,536,366,366,0.28484365802001066,0.5337074648344453,0.32775931169733785,22.903129384008437,-7.335703793203052,24.439247849262298,51.36612021857923
train,Chopin/Etudes_op_25/10/midi_score.mid,tempo,abrupt,cnn,100,1,12,423,323,322,4.151321538297207,2.037479211746026,5.950482388875495,2.809043820100421,6.875206491316643,11.979500224632918,58.69565217391305
train,Chopin/Etudes_op_25/10/midi_score.mid,tempo,abrupt,visible_mean,100,1,12,423,323,322,4.271304349154821,2.066713417277495,6.389793914894047,0.0,0.0,0.0,0.0
train,Chopin/Etudes_op_25/10/midi_score.mid,tempo,abrupt,linear_interpolation,100,1,12,423,323,322,5.79918384682589,2.4081494652172006,6.590102106093404,-35.77079441724624,-3.1348145787997383,17.526409902965938,48.13664596273292
train,Chopin/Etudes_op_25/10/midi_score.mid,tempo,gradual,cnn,37,1,11,83,46,46,0.6372257658910557,0.7982642206005827,0.5313975315970473,20.519635705050444,-30.36109870353101,54.871078614965306,52.17391304347826
train,Chopin/Etudes_op_25/10/midi_score.mid,tempo,gradual,visible_mean,37,1,11,83,46,46,0.8017398656180381,0.8953992772043309,0.4076350513166192,0.0,0.0,0.0,0.0
train,Chopin/Etudes_op_25/10/midi_score.mid,tempo,gradual,linear_interpolation,37,1,11,83,46,46,0.24590392713505435,0.49588701045203265,0.24039004608262707,69.32871400307702,41.02812177063969,82.99701320442698,76.08695652173913
train,Chopin/Etudes_op_25/10/midi_score.mid,tempo,mixed,cnn,237,1,12,937,700,700,0.765031478030855,0.8746607788342032,0.8551500377729662,21.37100085245556,-2.164923268037011,25.523504298132277,52.285714285714285
train,Chopin/Etudes_op_25/10/midi_score.mid,tempo,mixed,visible_mean,237,1,12,937,700,700,0.9729635202341841,0.9863891322567296,0.8370290021453044,0.0,0.0,0.0,0.0
train,Chopin/Etudes_op_25/10/midi_score.mid,tempo,mixed,linear_interpolation,237,1,12,937,700,700,0.8648076816714055,0.9299503651654778,0.8304531060101424,11.116124737826382,0.7856234513150651,26.74307708446509,52.142857142857146
train,Chopin/Etudes_op_25/10/midi_score.mid,tempo,small,cnn,96,1,12,267,171,171,0.3400404369682264,0.5831298628678061,0.2531141815751842,10.330962759851491,-11.04094900015391,51.660010415446514,54.3859649122807
train,Chopin/Etudes_op_25/10/midi_score.mid,tempo,small,visible_mean,96,1,12,267,171,171,0.37921722752251913,0.6158061606727552,0.22794670241410978,0.0,0.0,0.0,0.0
train,Chopin/Etudes_op_25/10/midi_score.mid,tempo,small,linear_interpolation,96,1,12,267,171,171,0.18632944318427705,0.43165894313019515,0.23037683278896015,50.8647208879211,-1.0660958676364407,20.236262990799197,54.97076023391813
train,Chopin/Etudes_op_25/12/midi_score.mid,articulation,abrupt,cnn,106,1,9,407,301,298,2.5406963181183353,1.5939561845039327,5.193802165526464,3.8760794658156517,3.64608875828355,10.016623017037588,61.74496644295302
train,Chopin/Etudes_op_25/12/midi_score.mid,articulation,abrupt,visible_mean,106,1,9,407,301,298,2.6431467880201502,1.6257757496100593,5.390338698858969,0.0,0.0,0.0,0.0
train,Chopin/Etudes_op_25/12/midi_score.mid,articulation,abrupt,linear_interpolation,106,1,9,407,301,298,4.412637994975158,2.10062800014071,5.715259119689949,-66.94638432398399,-6.027829399658313,18.04709171250679,45.97315436241611
train,Chopin/Etudes_op_25/12/midi_score.mid,articulation,gradual,cnn,14,1,8,25,11,10,0.6001225856453947,0.7746757938940616,0.649494820750898,-4.1434161962721205,6.054703365565539,18.647464658406598,80.0
train,Chopin/Etudes_op_25/12/midi_score.mid,articulation,gradual,visible_mean,14,1,8,25,11,10,0.5762463029966136,0.7591088874440962,0.6913542710693128,0.0,0.0,0.0,0.0
train,Chopin/Etudes_op_25/12/midi_score.mid,articulation,gradual,linear_interpolation,14,1,8,25,11,10,0.43857468817997114,0.6622497173876114,0.6481035562298895,23.891105956032742,6.255940933514125,73.2824024240129,60.0
train,Chopin/Etudes_op_25/12/midi_score.mid,articulation,mixed,cnn,135,1,9,511,376,369,0.9269812665165514,0.962798663541112,1.5662830200469005,3.303322516022489,0.5188537190772835,17.319629471984335,53.65853658536585
train,Chopin/Etudes_op_25/12/midi_score.mid,articulation,mixed,visible_mean,135,1,9,511,376,369,0.9586485188905801,0.9791059793968068,1.5744521234444835,0.0,0.0,0.0,0.0
train,Chopin/Etudes_op_25/12/midi_score.mid,articulation,mixed,linear_interpolation,135,1,9,511,376,369,1.5859694257081742,1.2593527804821707,1.6243270027850174,-65.43805101202022,-3.167760937145614,21.045354267862994,49.59349593495935
train,Chopin/Etudes_op_25/12/midi_score.mid,articulation,small,cnn,52,1,8,153,101,98,0.32965341445670643,0.5741545214110104,0.36532914363955515,-4.17842559112096,2.025300507914063,31.407043312714933,58.16326530612245
train,Chopin/Etudes_op_25/12/midi_score.mid,articulation,small,visible_mean,52,1,8,153,101,98,0.3164315572885779,0.5625224949178281,0.37288110658513957,0.0,0.0,0.0,0.0
train,Chopin/Etudes_op_25/12/midi_score.mid,articulation,small,linear_interpolation,52,1,8,153,101,98,0.30007037359948036,0.5477867957513035,0.38804430408159835,5.17052844832937,-4.0664965933307595,22.143250857485587,50.0
train,Chopin/Etudes_op_25/12/midi_score.mid,dynamics,abrupt,cnn,104,1,9,407,303,296,1.7780531040077705,1.3334365766723855,2.5666513315931545,0.6475954857244504,2.4504252919275604,12.06907959559842,51.351351351351354
train,Chopin/Etudes_op_25/12/midi_score.mid,dynamics,abrupt,visible_mean,104,1,9,407,303,296,1.7896427496651972,1.3377752986451787,2.6311250861668376,0.0,0.0,0.0,0.0
train,Chopin/Etudes_op_25/12/midi_score.mid,dynamics,abrupt,linear_interpolation,104,1,9,407,303,296,2.7505592554150207,1.6584810084577455,2.7832371665107445,-53.6932025081313,-5.781256130452994,22.29001036697164,43.24324324324324
train,Chopin/Etudes_op_25/12/midi_score.mid,dynamics,gradual,cnn,12,1,7,25,13,13,0.5724582798482651,0.7566097275665078,0.29385943551305743,-41.3029188126538,12.665096042214364,17.644457056972442,69.23076923076923
train,Chopin/Etudes_op_25/12/midi_score.mid,dynamics,gradual,visible_mean,12,1,7,25,13,13,0.4051284181944308,0.6364969899335194,0.3364742184351607,0.0,0.0,0.0,0.0
train,Chopin/Etudes_op_25/12/midi_score.mid,dynamics,gradual,linear_interpolation,12,1,7,25,13,13,0.40499111094386697,0.6363891191274934,0.23711038377144156,0.03389227820052021,29.530890992430304,95.21481163417792,69.23076923076923
train,Chopin/Etudes_op_25/12/midi_score.mid,dynamics,mixed,cnn,145,1,9,560,415,411,0.7890247224233852,0.8882706357993521,0.9728813285154491,12.798268524018786,-0.04218481986351108,17.07325640592621,48.175182481751825
train,Chopin/Etudes_op_25/12/midi_score.mid,dynamics,mixed,visible_mean,145,1,9,560,415,411,0.9048268985813815,0.9512238950853692,0.9724710933365003,0.0,0.0,0.0,0.0
train,Chopin/Etudes_op_25/12/midi_score.mid,dynamics,mixed,linear_interpolation,145,1,9,560,415,411,0.9457875513411056,0.9725160931013459,0.9434907136829571,-4.526904850413227,2.9800762050533502,25.77514491410733,57.66423357664234
train,Chopin/Etudes_op_25/12/midi_score.mid,dynamics,small,cnn,46,1,9,104,58,56,0.3509270025563222,0.5923909203864642,0.3154346860672582,32.93740738321296,4.164597440838358,27.327675901939884,58.92857142857143
train,Chopin/Etudes_op_25/12/midi_score.mid,dynamics,small,visible_mean,46,1,9,104,58,56,0.5232827853250613,0.7233828760242126,0.32914213082428734,0.0,0.0,0.0,0.0
train,Chopin/Etudes_op_25/12/midi_score.mid,dynamics,small,linear_interpolation,46,1,9,104,58,56,0.23436930047961557,0.48411703180079874,0.33253134166568976,55.21173119921645,-1.0297104271989266,24.6101743379909,51.785714285714285
train,Chopin/Etudes_op_25/12/midi_score.mid,pedal_changes,abrupt,cnn,104,1,9,408,304,176,1.894166513776567,1.3762872206689152,4.7397117090382475,7.767481545767607,8.895938207932996,13.480273967485825,65.9090909090909
train,Chopin/Etudes_op_25/12/midi_score.mid,pedal_changes,abrupt,visible_mean,104,1,9,408,304,176,2.0536862112428276,1.4330688089700465,5.2025251298410975,0.0,0.0,0.0,0.0
train,Chopin/Etudes_op_25/12/midi_score.mid,pedal_changes,abrupt,linear_interpolation,104,1,9,408,304,176,3.7725220950567713,1.9422981478281782,5.716722660131259,-83.69515627091624,-9.883614542114994,20.167386705218053,18.181818181818183
train,Chopin/Etudes_op_25/12/midi_score.mid,pedal_changes,gradual,cnn,35,1,9,114,79,7,0.285744990644724,0.5345512048856723,0.35464436286374185,-4.02515313700782,-7.806250402138959,30.458442728439167,42.857142857142854
train,Chopin/Etudes_op_25/12/midi_score.mid,pedal_changes,gradual,visible_mean,35,1,9,114,79,7,0.27468836336955876,0.5241072059889644,0.3289645651721001,0.0,0.0,0.0,0.0
train,Chopin/Etudes_op_25/12/midi_score.mid,pedal_changes,gradual,linear_interpolation,35,1,9,114,79,7,1.158649710406617,1.0764059226920935,0.33794583744790724,-321.80516720608176,-2.730164043993155,77.37765675664768,100.0
train,Chopin/Etudes_op_25/12/midi_score.mid,pedal_changes,mixed,cnn,17,1,7,65,48,24,1.132181280240431,1.0640400745462697,1.7996966568970043,3.4865003894891333,3.049258633766405,18.68152540820276,54.166666666666664
train,Chopin/Etudes_op_25/12/midi_score.mid,pedal_changes,mixed,visible_mean,17,1,7,65,48,24,1.1730807449832956,1.0830885213052974,1.856300046328279,0.0,0.0,0.0,0.0
train,Chopin/Etudes_op_25/12/midi_score.mid,pedal_changes,mixed,linear_interpolation,17,1,7,65,48,24,1.3955115206663649,1.1813177052200499,1.8783848216772048,-18.96125024933697,-1.189720131322991,11.78190588559799,8.333333333333334
train,Chopin/Etudes_op_25/12/midi_score.mid,pedal_changes,small,cnn,151,1,9,509,358,0,0.03393615387408461,0.184217680677194,0.028557959513137797,-27.79224917580734,,,
train,Chopin/Etudes_op_25/12/midi_score.mid,pedal_changes,small,visible_mean,151,1,9,509,358,0,0.02655572156602213,0.16295926351705856,0.0,0.0,,,
train,Chopin/Etudes_op_25/12/midi_score.mid,pedal_changes,small,linear_interpolation,151,1,9,509,358,0,0.0,0.0,0.0,100.0,,,
train,Chopin/Etudes_op_25/12/midi_score.mid,pedal_depth,abrupt,cnn,76,1,9,278,202,147,2.8201701749485557,1.6793362304638568,2.3028538224210564,18.93872451241847,5.825500706971354,13.160562276546347,56.46258503401361
train,Chopin/Etudes_op_25/12/midi_score.mid,pedal_depth,abrupt,visible_mean,76,1,9,278,202,147,3.479059708825581,1.8652237691026727,2.4453050875859845,0.0,0.0,0.0,0.0
train,Chopin/Etudes_op_25/12/midi_score.mid,pedal_depth,abrupt,linear_interpolation,76,1,9,278,202,147,2.728442925812264,1.651799904895343,2.3431002648248898,21.575277397774272,4.179634814484102,30.724196540280303,42.17687074829932
train,Chopin/Etudes_op_25/12/midi_score.mid,pedal_depth,gradual,cnn,23,1,9,59,36,8,0.1393500036001576,0.373296133920722,0.15206055796463433,-5.63782553738863,-47.49919502862219,57.06831207464689,25.0
train,Chopin/Etudes_op_25/12/midi_score.mid,pedal_depth,gradual,visible_mean,23,1,9,59,36,8,0.13191297993050524,0.3631982653186896,0.10309246632507181,0.0,0.0,0.0,0.0
train,Chopin/Etudes_op_25/12/midi_score.mid,pedal_depth,gradual,linear_interpolation,23,1,9,59,36,8,0.3474941223576376,0.5894863207553146,0.12444669696282243,-163.42678524941627,-20.713667447256846,95.50304535008155,75.0
train,Chopin/Etudes_op_25/12/midi_score.mid,pedal_depth,mixed,cnn,102,1,9,424,322,231,0.30513904444266116,0.5523939214389141,0.4441920339380524,-9.74543169690103,6.6614828740535925,24.160801453184074,61.47186147186147
train,Chopin/Etudes_op_25/12/midi_score.mid,pedal_depth,mixed,visible_mean,102,1,9,424,322,231,0.2780425934132779,0.5272974430179592,0.47589360492912214,0.0,0.0,0.0,0.0
train,Chopin/Etudes_op_25/12/midi_score.mid,pedal_depth,mixed,linear_interpolation,102,1,9,424,322,231,0.4049754061023437,0.6363767799836381,0.5039978097419826,-45.65229058282987,-5.905564714837097,19.30663840624493,33.333333333333336
train,Chopin/Etudes_op_25/12/midi_score.mid,pedal_depth,small,cnn,106,1,8,335,229,137,0.053594871857759435,0.23150566269048245,0.05329154669461395,-67.69420275590186,-39.54659247758223,79.99976442970778,56.2043795620438
train,Chopin/Etudes_op_25/12/midi_score.mid,pedal_depth,small,visible_mean,106,1,8,335,229,137,0.03195988351235547,0.17877327404384435,0.03818907058097824,0.0,0.0,0.0,0.0
train,Chopin/Etudes_op_25/12/midi_score.mid,pedal_depth,small,linear_interpolation,106,1,8,335,229,137,0.024061286172548185,0.15511700800540276,0.04047774152218674,24.71409927621839,-5.992999846266156,16.75253587779945,25.547445255474454
train,Chopin/Etudes_op_25/12/midi_score.mid,pedal_down_ratio,abrupt,cnn,58,1,9,209,151,115,4.56813082156199,2.137318605534044,3.3985244326717226,14.96151429017073,0.1850096286466818,10.792039795207048,51.30434782608695
train,Chopin/Etudes_op_25/12/midi_score.mid,pedal_down_ratio,abrupt,visible_mean,58,1,9,209,151,115,5.371839330664348,2.3177228761576196,3.4048236843261686,0.0,0.0,0.0,0.0
train,Chopin/Etudes_op_25/12/midi_score.mid,pedal_down_ratio,abrupt,linear_interpolation,58,1,9,209,151,115,4.355363640182544,2.086950799655455,3.427454735438976,18.92230254690238,-0.6646761539220947,25.398589012215183,34.78260869565217
train,Chopin/Etudes_op_25/12/midi_score.mid,pedal_down_ratio,gradual,cnn,37,1,9,93,56,16,0.14571651645486827,0.3817283280749128,0.16356498905052463,-25.07888677187824,-48.17144676621123,58.15033975911044,43.75
train,Chopin/Etudes_op_25/12/midi_score.mid,pedal_down_ratio,gradual,visible_mean,37,1,9,93,56,16,0.11649969088758315,0.34132051049941775,0.11038900720771239,0.0,0.0,0.0,0.0
train,Chopin/Etudes_op_25/12/midi_score.mid,pedal_down_ratio,gradual,linear_interpolation,37,1,9,93,56,16,0.27297948831864516,0.5224743901079221,0.10997188560494467,-134.3177790763907,0.377865163677793,78.4686583116725,75.0
train,Chopin/Etudes_op_25/12/midi_score.mid,pedal_down_ratio,mixed,cnn,141,1,9,585,444,281,0.23561186237584858,0.4853986633436979,0.34585489072415004,-4.840279773931688,9.250589951875465,25.60319408626465,66.19217081850533
train,Chopin/Etudes_op_25/12/midi_score.mid,pedal_down_ratio,mixed,visible_mean,141,1,9,585,444,281,0.22473410304121774,0.4740612861658477,0.3811097951388805,0.0,0.0,0.0,0.0
train,Chopin/Etudes_op_25/12/midi_score.mid,pedal_down_ratio,mixed,linear_interpolation,141,1,9,585,444,281,0.34875287167160907,0.5905530218969411,0.40731613897958857,-55.184667993021705,-6.876323876996704,17.949204390001693,19.572953736654803
train,Chopin/Etudes_op_25/12/midi_score.mid,pedal_down_ratio,small,cnn,71,1,8,209,138,52,0.05118084069485005,0.22623182953521384,0.04296825561800214,-107.15876127651657,-119.07751012956949,116.72183153673205,51.92307692307692
train,Chopin/Etudes_op_25/12/midi_score.mid,pedal_down_ratio,small,visible_mean,71,1,8,209,138,52,0.024706095160770727,0.15718172654851048,0.01961326636978361,0.0,0.0,0.0,0.0
train,Chopin/Etudes_op_25/12/midi_score.mid,pedal_down_ratio,small,linear_interpolation,71,1,8,209,138,52,0.01836560961460103,0.13551977573255142,0.020620391354238186,25.66364901013317,-5.134917180374199,20.419673530909787,11.538461538461538
train,Chopin/Etudes_op_25/12/midi_score.mid,rubato,abrupt,cnn,106,1,9,398,292,289,2.821790814457452,1.6798186849947383,5.039439083269917,13.659804393853214,12.70706786624486,19.212743178553637,64.01384083044982
train,Chopin/Etudes_op_25/12/midi_score.mid,rubato,abrupt,visible_mean,106,1,9,398,292,289,3.268223791534428,1.8078229425290597,5.773020747599823,0.0,0.0,0.0,0.0
train,Chopin/Etudes_op_25/12/midi_score.mid,rubato,abrupt,linear_interpolation,106,1,9,398,292,289,4.352966176245883,2.0863763266117363,5.9558161755942995,-33.19057854976846,-3.1663740004827634,17.723846348303027,47.75086505190311
train,Chopin/Etudes_op_25/12/midi_score.mid,rubato,gradual,cnn,14,1,8,20,6,6,0.37830200988244883,0.6150626064738848,0.9017428749455871,16.400118333694003,-65.93012271630394,70.91735465757453,66.66666666666667
train,Chopin/Etudes_op_25/12/midi_score.mid,rubato,gradual,visible_mean,14,1,8,20,6,6,0.4525150064116888,0.672692356439174,0.5434473621690293,0.0,0.0,0.0,0.0
train,Chopin/Etudes_op_25/12/midi_score.mid,rubato,gradual,linear_interpolation,14,1,8,20,6,6,0.4892012902487915,0.699429260360754,0.30596105522986466,-8.107197179606086,43.69996497752784,91.46078773623854,83.33333333333333
train,Chopin/Etudes_op_25/12/midi_score.mid,rubato,mixed,cnn,132,1,9,536,404,401,0.9208609554056852,0.9596150037414407,1.3182562768396864,13.069888199647718,14.61101298382098,29.25265195275919,62.8428927680798
train,Chopin/Etudes_op_25/12/midi_score.mid,rubato,mixed,visible_mean,132,1,9,536,404,401,1.0593118268622237,1.0292287534179287,1.543824704923494,0.0,0.0,0.0,0.0
train,Chopin/Etudes_op_25/12/midi_score.mid,rubato,mixed,linear_interpolation,132,1,9,536,404,401,1.2463618698837637,1.1164057819107547,1.6012172649698513,-17.65769420092278,-3.717556783702425,23.65884480392247,49.12718204488778
train,Chopin/Etudes_op_25/12/midi_score.mid,rubato,small,cnn,55,1,9,142,87,85,0.27377253153077064,0.5232327699320548,0.4464932694119406,-2.90929540097864,-0.4817256494728417,49.07688842412826,50.588235294117645
train,Chopin/Etudes_op_25/12/midi_score.mid,rubato,small,visible_mean,55,1,9,142,87,85,0.26603285005891425,0.5157837241120684,0.44435270844125185,0.0,0.0,0.0,0.0
train,Chopin/Etudes_op_25/12/midi_score.mid,rubato,small,linear_interpolation,55,1,9,142,87,85,0.3129221895301665,0.5593944847155418,0.48566539324145647,-17.625394555923577,-9.297273093062874,19.125106333145332,47.05882352941177
train,Chopin/Etudes_op_25/12/midi_score.mid,tempo,abrupt,cnn,98,1,9,382,284,281,1.6184003455378582,1.272163647310305,2.7826043262072613,11.295852544873863,14.896619305262382,20.27936840277855,67.25978647686833
train,Chopin/Etudes_op_25/12/midi_score.mid,tempo,abrupt,visible_mean,98,1,9,382,284,281,1.8244923061309826,1.3507376896092678,3.2696754271000708,0.0,0.0,0.0,0.0
train,Chopin/Etudes_op_25/12/midi_score.mid,tempo,abrupt,linear_interpolation,98,1,9,382,284,281,2.488848329555243,1.5776084208558354,3.402522837719933,-36.41319950716009,-4.0630152313829715,19.098716241067578,46.619217081850536
train,Chopin/Etudes_op_25/12/midi_score.mid,tempo,gradual,cnn,17,1,8,23,6,6,0.15535928431975082,0.3941564211322084,0.17658595259747956,46.00437353576767,-24.44994098335758,48.954311990091746,16.666666666666668
train,Chopin/Etudes_op_25/12/midi_score.mid,tempo,gradual,visible_mean,17,1,8,23,6,6,0.28772568167657725,0.5364006727033228,0.14189315896991386,0.0,0.0,0.0,0.0
train,Chopin/Etudes_op_25/12/midi_score.mid,tempo,gradual,linear_interpolation,17,1,8,23,6,6,0.2671784584868288,0.516893082258632,0.08368533248412043,7.141254499779026,41.022292341898925,80.34762731916787,83.33333333333333
train,Chopin/Etudes_op_25/12/midi_score.mid,tempo,mixed,cnn,148,1,9,564,416,405,0.537155919267003,0.7329092162519196,0.8004548429203057,14.99130905902456,10.095450676438045,30.604501619895547,58.02469135802469
train,Chopin/Etudes_op_25/12/midi_score.mid,tempo,mixed,visible_mean,148,1,9,564,416,405,0.631883532520186,0.7949110217629304,0.8903385300776148,0.0,0.0,0.0,0.0
train,Chopin/Etudes_op_25/12/midi_score.mid,tempo,mixed,linear_interpolation,148,1,9,564,416,405,0.7597626128662922,0.8716436272160155,0.9373442824318332,-20.237761195655303,-5.279537026227632,22.907904661921272,47.901234567901234
train,Chopin/Etudes_op_25/12/midi_score.mid,tempo,small,cnn,44,1,9,127,83,80,0.26472200686894404,0.5145114254017534,0.2727861927489477,-3.1352995522349936,1.777501673048576,47.471280149030356,51.25
train,Chopin/Etudes_op_25/12/midi_score.mid,tempo,small,visible_mean,44,1,9,127,83,80,0.25667449265018144,0.5066305287388251,0.27772271872064314,0.0,0.0,0.0,0.0
train,Chopin/Etudes_op_25/12/midi_score.mid,tempo,small,linear_interpolation,44,1,9,127,83,80,0.22869432039851742,0.47821994981234045,0.30242551419455393,10.901033430617456,-8.894769426032777,19.171855473229158,55.0
train,Chopin/Scherzos/31/midi_score.mid,articulation,abrupt,cnn,431,1,12,1679,1248,1248,2.7190664332191714,1.6489591969539972,5.594580846052211,-0.3706470153157504,0.4513467697675355,8.407733635704135,51.842948717948715
train,Chopin/Scherzos/31/midi_score.mid,articulation,abrupt,visible_mean,431,1,12,1679,1248,1248,2.709025511018439,1.6459117567532104,5.619946292104294,0.0,0.0,0.0,0.0
train,Chopin/Scherzos/31/midi_score.mid,articulation,abrupt,linear_interpolation,431,1,12,1679,1248,1248,4.550438191480738,2.133175611964645,5.945411654874276,-67.9732499001101,-5.791253970295807,19.946889673845533,46.63461538461539
train,Chopin/Scherzos/31/midi_score.mid,articulation,gradual,cnn,62,1,12,100,38,38,0.4323441751381612,0.6575288397767517,0.3568170110316962,11.358460374701707,-23.652245059307695,29.91278401584136,31.57894736842105
train,Chopin/Scherzos/31/midi_score.mid,articulation,gradual,visible_mean,62,1,12,100,38,38,0.48774443332747597,0.6983870225938308,0.28856492727694105,0.0,0.0,0.0,0.0
train,Chopin/Scherzos/31/midi_score.mid,articulation,gradual,linear_interpolation,62,1,12,100,38,38,0.41879674735133876,0.6471450744240729,0.19141659451074022,14.136027243973714,33.66602229971135,94.25198223568768,73.6842105263158
train,Chopin/Scherzos/31/midi_score.mid,articulation,mixed,cnn,743,1,12,2873,2130,2130,0.856036468105322,0.9252223884587543,1.5729625821734827,-0.05240395394237041,-1.6150597545628864,15.382111562945363,50.89201877934272
train,Chopin/Scherzos/31/midi_score.mid,articulation,mixed,visible_mean,743,1,12,2873,2130,2130,0.8555881061082605,0.924980057140834,1.547962069768749,0.0,0.0,0.0,0.0
train,Chopin/Scherzos/31/midi_score.mid,articulation,mixed,linear_interpolation,743,1,12,2873,2130,2130,1.3349906857807428,1.155417970165231,1.598254523500717,-56.031935957256266,-3.24894612821367,22.010538403543976,51.455399061032864
train,Chopin/Scherzos/31/midi_score.mid,articulation,small,cnn,259,1,12,672,413,413,0.34751021526343173,0.5894999705372611,0.469862383833524,7.06944296742229,-7.1185055356989935,30.37299201048142,51.81598062953995
train,Chopin/Scherzos/31/midi_score.mid,articulation,small,visible_mean,259,1,12,672,413,413,0.373946123169808,0.6115113434514589,0.4386379192687063,0.0,0.0,0.0,0.0
train,Chopin/Scherzos/31/midi_score.mid,articulation,small,linear_interpolation,259,1,12,672,413,413,0.3486620109674425,0.5904760883960014,0.46608560338899774,6.761431830885456,-6.257480923229797,20.491222339359805,48.426150121065376
train,Chopin/Scherzos/31/midi_score.mid,dynamics,abrupt,cnn,540,1,12,2058,1518,1515,1.6803086569939618,1.296267201233589,3.028399646472366,6.074405869494981,1.125605868236812,10.144675702739612,52.73927392739274
train,Chopin/Scherzos/31/midi_score.mid,dynamics,abrupt,visible_mean,540,1,12,2058,1518,1515,1.7889784701912612,1.337526997929859,3.0628755534386625,0.0,0.0,0.0,0.0
train,Chopin/Scherzos/31/midi_score.mid,dynamics,abrupt,linear_interpolation,540,1,12,2058,1518,1515,2.435622906938973,1.5606482329272582,3.1814890341415385,-36.146015590594494,-3.872618349436685,19.99535744686266,47.194719471947195
train,Chopin/Scherzos/31/midi_score.mid,dynamics,gradual,cnn,57,1,11,127,70,68,0.491491635710636,0.7010646444591512,0.32711009563539356,29.751576360278786,1.8831411088718775,25.12506355017019,55.88235294117647
train,Chopin/Scherzos/31/midi_score.mid,dynamics,gradual,visible_mean,57,1,11,127,70,68,0.6996479212563104,0.8364495927767018,0.33338826714617886,0.0,0.0,0.0,0.0
train,Chopin/Scherzos/31/midi_score.mid,dynamics,gradual,linear_interpolation,57,1,11,127,70,68,0.28559948701905913,0.5344150886895496,0.19756346947441178,59.17954183209356,40.74072517141485,78.93361215198733,75.0
train,Chopin/Scherzos/31/midi_score.mid,dynamics,mixed,cnn,601,1,12,2365,1764,1759,0.7137245361729694,0.8448221920457402,0.9352114229962324,20.2845686445012,0.46277233820257724,15.820891180858542,54.405912450255826
train,Chopin/Scherzos/31/midi_score.mid,dynamics,mixed,visible_mean,601,1,12,2365,1764,1759,0.8953404930973085,0.946224335502585,0.9395594442049829,0.0,0.0,0.0,0.0
train,Chopin/Scherzos/31/midi_score.mid,dynamics,mixed,linear_interpolation,601,1,12,2365,1764,1759,0.8444508045570424,0.9189400440491438,0.932804943247548,5.683836365338523,0.7189008634946203,24.540428384428484,53.38260375213189
train,Chopin/Scherzos/31/midi_score.mid,dynamics,small,cnn,297,1,12,774,477,472,0.2934464559473401,0.5417069834766209,0.33681440970392007,34.85489713885133,-7.915900333306891,27.26131091419261,49.57627118644068
train,Chopin/Scherzos/31/midi_score.mid,dynamics,small,visible_mean,297,1,12,774,477,472,0.4504505220796053,0.6711561085765407,0.3121082330441036,0.0,0.0,0.0,0.0
train,Chopin/Scherzos/31/midi_score.mid,dynamics,small,linear_interpolation,297,1,12,774,477,472,0.2507309101251088,0.5007303766750214,0.3279178221103078,44.33774680345499,-5.0654187850181165,21.77075446842463,52.75423728813559
train,Chopin/Scherzos/31/midi_score.mid,pedal_changes,abrupt,cnn,411,1,12,1595,1184,756,2.4877800772707896,1.5772698175235553,5.881946597373743,0.016217968256493354,0.35114955760653377,7.683470185128346,52.116402116402114
train,Chopin/Scherzos/31/midi_score.mid,pedal_changes,abrupt,visible_mean,411,1,12,1595,1184,756,2.488183610098839,1.5773977336419749,5.902673810345728,0.0,0.0,0.0,0.0
train,Chopin/Scherzos/31/midi_score.mid,pedal_changes,abrupt,linear_interpolation,411,1,12,1595,1184,756,4.4066039392845,2.099191258386072,6.2219430831984885,-77.10123647625244,-5.408892361512008,16.45165413965471,21.825396825396826
train,Chopin/Scherzos/31/midi_score.mid,pedal_changes,gradual,cnn,219,1,12,690,471,22,0.23903692460423331,0.4889140257798229,0.20582957106324712,-8.727990056590906,-14.094338879595082,36.79174256857996,36.36363636363637
train,Chopin/Scherzos/31/midi_score.mid,pedal_changes,gradual,visible_mean,219,1,12,690,471,22,0.21984856381491005,0.46888011667686447,0.1804029657251103,0.0,0.0,0.0,0.0
train,Chopin/Scherzos/31/midi_score.mid,pedal_changes,gradual,linear_interpolation,219,1,12,690,471,22,0.9794271737508249,0.9896601304239879,0.29751048091823845,-345.50082873200034,-64.91440687930327,106.62379608194914,100.0
train,Chopin/Scherzos/31/midi_score.mid,pedal_changes,mixed,cnn,322,1,12,1289,967,539,0.9702475865190453,0.9850114651713681,1.7007878306164543,-0.04692123093643641,-0.3440569752700462,14.345614543854063,54.73098330241187
train,Chopin/Scherzos/31/midi_score.mid,pedal_changes,mixed,visible_mean,322,1,12,1289,967,539,0.9697925479180324,0.9847804567100387,1.694956215529153,0.0,0.0,0.0,0.0
train,Chopin/Scherzos/31/midi_score.mid,pedal_changes,mixed,linear_interpolation,322,1,12,1289,967,539,1.355207725943223,1.1641338951955753,1.733219037546148,-39.74202305973649,-2.25745194279543,16.46762039846483,18.738404452690165
train,Chopin/Scherzos/31/midi_score.mid,pedal_changes,small,cnn,543,1,12,1750,1207,0,0.0443323795623714,0.2105525577198515,0.02535118263836739,-26.16272039345846,,,
train,Chopin/Scherzos/31/midi_score.mid,pedal_changes,small,visible_mean,543,1,12,1750,1207,0,0.03513904854311467,0.1874541238359793,0.0,0.0,,,
train,Chopin/Scherzos/31/midi_score.mid,pedal_changes,small,linear_interpolation,543,1,12,1750,1207,0,0.0,0.0,0.0,100.0,,,
train,Chopin/Scherzos/31/midi_score.mid,pedal_depth,abrupt,cnn,274,1,12,1054,780,721,1.7860384389199953,1.3364274910820995,2.238556061869572,9.077845842834432,1.7291613457119048,9.690128690587999,51.73370319001387
train,Chopin/Scherzos/31/midi_score.mid,pedal_depth,abrupt,visible_mean,274,1,12,1054,780,721,1.964360012668307,1.4015562823762402,2.277945413435109,0.0,0.0,0.0,0.0
train,Chopin/Scherzos/31/midi_score.mid,pedal_depth,abrupt,linear_interpolation,274,1,12,1054,780,721,2.1704136860132075,1.4732323937563983,2.307434528584152,-10.489608422898279,-1.2945488059160182,25.163448199201095,49.65325936199723
train,Chopin/Scherzos/31/midi_score.mid,pedal_depth,gradual,cnn,104,1,12,235,131,87,0.2820101255199599,0.5310462555370858,0.15247286610882088,-10.38899038887202,-7.667728206645519,45.247535742271914,47.12643678160919
train,Chopin/Scherzos/31/midi_score.mid,pedal_depth,gradual,visible_mean,104,1,12,235,131,87,0.2554694308975114,0.5054398390486363,0.14161426887003814,0.0,0.0,0.0,0.0
train,Chopin/Scherzos/31/midi_score.mid,pedal_depth,gradual,linear_interpolation,104,1,12,235,131,87,0.25181591039885237,0.5018126247902223,0.1136935818234451,1.4301204202097795,19.716012566654793,91.30364813383466,59.770114942528735
train,Chopin/Scherzos/31/midi_score.mid,pedal_depth,mixed,cnn,720,1,12,2785,2065,1981,0.3490072870786461,0.5907683870000544,0.4599720278416121,4.785978357833209,-2.8026558609120844,21.261677825063416,48.763250883392224
train,Chopin/Scherzos/31/midi_score.mid,pedal_depth,mixed,visible_mean,720,1,12,2785,2065,1981,0.36655030536393557,0.6054339810119148,0.44743204734315034,0.0,0.0,0.0,0.0
train,Chopin/Scherzos/31/midi_score.mid,pedal_depth,mixed,linear_interpolation,720,1,12,2785,2065,1981,0.3705012948356002,0.6086881753702795,0.45137629588908396,-1.0778846488046945,-0.8815301830422229,21.870713464406336,48.763250883392224
train,Chopin/Scherzos/31/midi_score.mid,pedal_depth,small,cnn,397,1,12,1250,853,511,0.07370149117140143,0.2714801855962999,0.05752392265034799,8.470158153288532,-48.59047626889814,70.18941589110653,51.663405088062625
train,Chopin/Scherzos/31/midi_score.mid,pedal_depth,small,visible_mean,397,1,12,1250,853,511,0.08052181636545613,0.28376366287010063,0.038713061627347695,0.0,0.0,0.0,0.0
train,Chopin/Scherzos/31/midi_score.mid,pedal_depth,small,linear_interpolation,397,1,12,1250,853,511,0.03313017117290214,0.18201695298213882,0.04022709768728828,58.85565841866058,-3.910917908055711,21.127368566281017,46.37964774951077
train,Chopin/Scherzos/31/midi_score.mid,pedal_down_ratio,abrupt,cnn,259,1,12,1001,742,635,2.214229866662766,1.4880288527655523,2.7463293485564173,9.510677175310944,0.8777397684301302,10.314225167961997,51.496062992125985
train,Chopin/Scherzos/31/midi_score.mid,pedal_down_ratio,abrupt,visible_mean,259,1,12,1001,742,635,2.446951527035449,1.5642734821748558,2.7706484316846995,0.0,0.0,0.0,0.0
train,Chopin/Scherzos/31/midi_score.mid,pedal_down_ratio,abrupt,linear_interpolation,259,1,12,1001,742,635,2.6100318631935613,1.6155593035210938,2.8258907131316247,-6.664632885298261,-1.9938394498263623,26.677795305441805,45.196850393700785
train,Chopin/Scherzos/31/midi_score.mid,pedal_down_ratio,gradual,cnn,131,1,12,330,199,76,0.1450644788351866,0.38087331074149394,0.09390006411659013,-15.246523893428643,-48.04056077402332,60.29073995477488,44.73684210526316
train,Chopin/Scherzos/31/midi_score.mid,pedal_down_ratio,gradual,visible_mean,131,1,12,330,199,76,0.12587319246984957,0.3547861221494572,0.06342860606960547,0.0,0.0,0.0,0.0
train,Chopin/Scherzos/31/midi_score.mid,pedal_down_ratio,gradual,linear_interpolation,131,1,12,330,199,76,0.26921553799665277,0.5188598442707364,0.07527818415274169,-113.87837450864531,-18.68175704528756,104.80820563771309,60.526315789473685
train,Chopin/Scherzos/31/midi_score.mid,pedal_down_ratio,mixed,cnn,747,1,12,2868,2121,1760,0.27586292721185934,0.5252265484644311,0.46635343151511405,3.5272484852151287,-2.7334598820790923,21.761026629247716,52.38636363636363
train,Chopin/Scherzos/31/midi_score.mid,pedal_down_ratio,mixed,visible_mean,747,1,12,2868,2121,1760,0.2859490611393852,0.5347420510296391,0.4539450263335919,0.0,0.0,0.0,0.0
train,Chopin/Scherzos/31/midi_score.mid,pedal_down_ratio,mixed,linear_interpolation,747,1,12,2868,2121,1760,0.3592074929115909,0.5993392135607272,0.4683941942910773,-25.619399301505673,-3.1830215376932314,18.796263625982828,39.94318181818182
train,Chopin/Scherzos/31/midi_score.mid,pedal_down_ratio,small,cnn,358,1,12,1125,767,321,0.060816881037076706,0.24661078856586283,0.03662196790598158,-6.259370964899902,-107.98399969489982,105.57487444840493,52.64797507788162
train,Chopin/Scherzos/31/midi_score.mid,pedal_down_ratio,small,visible_mean,358,1,12,1125,767,321,0.057234369528844684,0.239237057181459,0.017608069832152393,0.0,0.0,0.0,0.0
train,Chopin/Scherzos/31/midi_score.mid,pedal_down_ratio,small,linear_interpolation,358,1,12,1125,767,321,0.014298000606800233,0.1195742472558378,0.01850985790950212,75.01850597027298,-5.121447642734012,21.208490258938674,31.152647975077883
train,Chopin/Scherzos/31/midi_score.mid,rubato,abrupt,cnn,350,1,12,1373,1023,1018,2.989718503195219,1.7290802477604152,5.572766389491621,6.276688769844164,2.6408103316702847,11.698346615541212,56.777996070726914
train,Chopin/Scherzos/31/midi_score.mid,rubato,abrupt,visible_mean,350,1,12,1373,1023,1018,3.189941183206154,1.7860406443320807,5.7239243757843274,0.0,0.0,0.0,0.0
train,Chopin/Scherzos/31/midi_score.mid,rubato,abrupt,linear_interpolation,350,1,12,1373,1023,1018,4.57613989708596,2.1391914119792927,5.888429770296393,-43.45530636043144,-2.8739966448198206,20.473778415077884,48.919449901768175
train,Chopin/Scherzos/31/midi_score.mid,rubato,gradual,cnn,69,1,12,147,78,77,0.6412258858579325,0.8007658121185822,0.6102570347674858,20.00113449928451,-7.213741515727867,29.052881005696868,55.84415584415584
train,Chopin/Scherzos/31/midi_score.mid,rubato,gradual,visible_mean,69,1,12,147,78,77,0.8015437242071859,0.8952897431598252,0.5691966590662852,0.0,0.0,0.0,0.0
train,Chopin/Scherzos/31/midi_score.mid,rubato,gradual,linear_interpolation,69,1,12,147,78,77,0.5335052023833365,0.7304144045563016,0.3325834601949374,33.44028700230529,41.56967457600508,82.38205241882302,79.22077922077922
train,Chopin/Scherzos/31/midi_score.mid,rubato,mixed,cnn,732,1,12,2865,2133,2131,0.9097668741905681,0.953817002464607,1.3675185850814962,10.052061582810767,-2.2200831160167356,21.459968957414127,52.557484748944155
train,Chopin/Scherzos/31/midi_score.mid,rubato,mixed,visible_mean,732,1,12,2865,2133,2131,1.0114371604282482,1.005702321976164,1.3378179154182486,0.0,0.0,0.0,0.0
train,Chopin/Scherzos/31/midi_score.mid,rubato,mixed,linear_interpolation,732,1,12,2865,2133,2131,1.2857383738891732,1.1339040408646461,1.3599355198658605,-27.11994617093012,-1.653259699448495,22.840999617196054,53.16752698263726
train,Chopin/Scherzos/31/midi_score.mid,rubato,small,cnn,344,1,12,939,595,593,0.32113759493910954,0.5666900342683905,0.39769987200116846,16.495812219754235,-2.8456004442045435,37.08099152593461,52.44519392917369
train,Chopin/Scherzos/31/midi_score.mid,rubato,small,visible_mean,344,1,12,939,595,593,0.3845766343889638,0.6201424307277835,0.38669604755424347,0.0,0.0,0.0,0.0
train,Chopin/Scherzos/31/midi_score.mid,rubato,small,linear_interpolation,344,1,12,939,595,593,0.3024991532857784,0.5499992302592599,0.39753023104147617,21.342295335647343,-2.8017311156284697,19.871265306295104,51.09612141652614
train,Chopin/Scherzos/31/midi_score.mid,tempo,abrupt,cnn,528,1,12,2056,1528,1521,2.3786073895342805,1.542273448365847,4.343375819203141,6.589318948632739,1.6101997359042386,10.8716787118327,52.99145299145299
train,Chopin/Scherzos/31/midi_score.mid,tempo,abrupt,visible_mean,528,1,12,2056,1528,1521,2.546397652562094,1.5957436048946252,4.414457400609358,0.0,0.0,0.0,0.0
train,Chopin/Scherzos/31/midi_score.mid,tempo,abrupt,linear_interpolation,528,1,12,2056,1528,1521,3.559156826865906,1.8865727727458346,4.545942082496371,-39.772231696994,-2.978501545147161,20.58557696579716,49.83563445101907
train,Chopin/Scherzos/31/midi_score.mid,tempo,gradual,cnn,72,1,12,141,69,68,0.6040767432512648,0.7772237407923569,0.45292493902707687,18.284724369861184,-2.3241739817467577,30.563766298018923,55.88235294117647
train,Chopin/Scherzos/31/midi_score.mid,tempo,gradual,visible_mean,72,1,12,141,69,68,0.7392458002411301,0.8597940452463776,0.4426372785651536,0.0,0.0,0.0,0.0
train,Chopin/Scherzos/31/midi_score.mid,tempo,gradual,linear_interpolation,72,1,12,141,69,68,0.4498750397634304,0.6707272469218992,0.29000623877449094,39.14405200317832,34.48219279800138,89.3466970852075,76.47058823529412
train,Chopin/Scherzos/31/midi_score.mid,tempo,mixed,cnn,675,1,12,2575,1900,1899,0.7053867970421714,0.8398730838895668,0.9656072357660889,7.9222257442703725,-1.2566101698813226,21.187988205164185,51.65876777251185
train,Chopin/Scherzos/31/midi_score.mid,tempo,mixed,visible_mean,675,1,12,2575,1900,1899,0.766077158949439,0.8752583384061182,0.9536239008456435,0.0,0.0,0.0,0.0
train,Chopin/Scherzos/31/midi_score.mid,tempo,mixed,linear_interpolation,675,1,12,2575,1900,1899,0.9576472503730912,0.9785945280723223,0.9540979605306203,-25.006631405948987,-0.04971138879346082,24.312754464300117,54.34439178515008
train,Chopin/Scherzos/31/midi_score.mid,tempo,small,cnn,220,1,12,552,332,331,0.26783583978507575,0.5175285883746672,0.2599669017580662,19.01691050567732,-1.6326394335521188,36.842748181587034,57.40181268882175
train,Chopin/Scherzos/31/midi_score.mid,tempo,small,visible_mean,220,1,12,552,332,331,0.33073057777556436,0.575091799433416,0.2557907609277763,0.0,0.0,0.0,0.0
train,Chopin/Scherzos/31/midi_score.mid,tempo,small,linear_interpolation,220,1,12,552,332,331,0.20794861144478347,0.45601382812891045,0.265705717694797,37.12446764269297,-3.8761981594089834,20.14251852292694,49.848942598187314
train,Chopin/Sonata_3/2nd/midi_score.mid,articulation,abrupt,cnn,82,1,9,310,228,227,3.6818346343312176,1.9188107343693952,5.508115345420103,-4.325931417047202,1.0219001234064495,8.539838863646992,48.89867841409691
train,Chopin/Sonata_3/2nd/midi_score.mid,articulation,abrupt,visible_mean,82,1,9,310,228,227,3.529165361211042,1.8786072929729198,5.564983922996756,0.0,0.0,0.0,0.0
train,Chopin/Sonata_3/2nd/midi_score.mid,articulation,abrupt,linear_interpolation,82,1,9,310,228,227,6.126184788074604,2.4751130859164,5.848492947448988,-73.58735454584617,-5.0945165049023355,22.20522923803286,47.57709251101321
train,Chopin/Sonata_3/2nd/midi_score.mid,articulation,gradual,cnn,11,1,6,21,10,9,0.44916306539978634,0.67019628870935,0.264040744932155,18.945274541392244,14.578263827564797,39.54094655284147,77.77777777777777
train,Chopin/Sonata_3/2nd/midi_score.mid,articulation,gradual,visible_mean,11,1,6,21,10,9,0.5541479079207549,0.7444111148557327,0.3091025267844632,0.0,0.0,0.0,0.0
train,Chopin/Sonata_3/2nd/midi_score.mid,articulation,gradual,linear_interpolation,11,1,6,21,10,9,0.4824915989233617,0.6946161522188796,0.1939049388016246,12.930899489679259,37.26840708201836,85.87419972099426,77.77777777777777
train,Chopin/Sonata_3/2nd/midi_score.mid,articulation,mixed,cnn,168,1,9,673,505,501,0.915778877879317,0.9569633628720156,1.5351701885466504,7.278584477082561,2.7411036543826373,17.134257198063853,52.69461077844311
train,Chopin/Sonata_3/2nd/midi_score.mid,articulation,mixed,visible_mean,168,1,9,673,505,501,0.9876670591304433,0.9938143987337089,1.5784367767153133,0.0,0.0,0.0,0.0
train,Chopin/Sonata_3/2nd/midi_score.mid,articulation,mixed,linear_interpolation,168,1,9,673,505,501,1.3753995297473147,1.1727742876390643,1.5903787092389654,-39.25740633268025,-0.7565670478422826,19.290500942489118,52.89421157684631
train,Chopin/Sonata_3/2nd/midi_score.mid,articulation,small,cnn,84,1,9,257,173,170,0.3015374373629344,0.5491242458341595,0.376726509822559,10.784612461454834,-9.859001213868645,32.723579757388045,50.588235294117645
train,Chopin/Sonata_3/2nd/midi_score.mid,articulation,small,visible_mean,84,1,9,257,173,170,0.337988149446368,0.5813674822746522,0.34291820029308706,0.0,0.0,0.0,0.0
train,Chopin/Sonata_3/2nd/midi_score.mid,articulation,small,linear_interpolation,84,1,9,257,173,170,0.3380045417421005,0.5813815801537752,0.36172675398845167,-0.004849961680397641,-5.48485139583994,20.428730594588366,49.411764705882355
train,Chopin/Sonata_3/2nd/midi_score.mid,dynamics,abrupt,cnn,102,1,9,429,327,319,1.7447397897496728,1.3208859866580738,2.7019698069933167,13.895262542650677,1.9606409165078276,9.605582720700026,55.172413793103445
train,Chopin/Sonata_3/2nd/midi_score.mid,dynamics,abrupt,visible_mean,102,1,9,429,327,319,2.026299413100125,1.4234814410803271,2.756005172057753,0.0,0.0,0.0,0.0
train,Chopin/Sonata_3/2nd/midi_score.mid,dynamics,abrupt,linear_interpolation,102,1,9,429,327,319,2.3091097956027067,1.5195755313911536,2.787161711030074,-13.956988817851833,-1.1304963897821096,18.40982286841512,48.58934169278997
train,Chopin/Sonata_3/2nd/midi_score.mid,dynamics,gradual,cnn,18,1,9,40,22,21,1.132364903363466,1.064126356859685,0.6948238141126223,38.70906790533505,-2.0462070596110493,29.097381954273526,66.66666666666667
train,Chopin/Sonata_3/2nd/midi_score.mid,dynamics,gradual,visible_mean,18,1,9,40,22,21,1.847524363986679,1.3592366843146484,0.6808913668949359,0.0,0.0,0.0,0.0
train,Chopin/Sonata_3/2nd/midi_score.mid,dynamics,gradual,linear_interpolation,18,1,9,40,22,21,0.412798790242212,0.6424941947147943,0.26334393950269425,77.65665242154347,61.32364833708793,77.8751627878876,85.71428571428571
train,Chopin/Sonata_3/2nd/midi_score.mid,dynamics,mixed,cnn,133,1,9,522,389,376,0.7906036640030957,0.8891589644169909,0.9481246985879458,20.136640108260696,-4.560454758576271,17.09353407805115,47.87234042553192
train,Chopin/Sonata_3/2nd/midi_score.mid,dynamics,mixed,visible_mean,133,1,9,522,389,376,0.9899454081005575,0.9949600032667432,0.9067717817191099,0.0,0.0,0.0,0.0
train,Chopin/Sonata_3/2nd/midi_score.mid,dynamics,mixed,linear_interpolation,133,1,9,522,389,376,0.8850715356521466,0.9407824061132024,0.8769535227387807,10.593904632542927,3.2883973212970985,23.78474992750726,59.308510638297875
train,Chopin/Sonata_3/2nd/midi_score.mid,dynamics,small,cnn,92,1,9,270,178,169,0.31578913402801867,0.5619511847376235,0.29261103933252136,39.454356260236324,-3.2641846655216966,29.19276055761031,54.437869822485204
train,Chopin/Sonata_3/2nd/midi_score.mid,dynamics,small,visible_mean,92,1,9,270,178,169,0.5215720149666564,0.7221994288052687,0.2833615936447902,0.0,0.0,0.0,0.0
train,Chopin/Sonata_3/2nd/midi_score.mid,dynamics,small,linear_interpolation,92,1,9,270,178,169,0.2853812570562524,0.5342108732104321,0.3025083532944297,45.284400069950735,-6.757005917196057,19.865081202220143,44.97041420118343
train,Chopin/Sonata_3/2nd/midi_score.mid,pedal_changes,abrupt,cnn,75,1,9,280,205,133,2.2037754822094207,1.4845118666448647,4.522697436826814,4.126836183639593,3.272324455918696,8.258555087349169,60.150375939849624
train,Chopin/Sonata_3/2nd/midi_score.mid,pedal_changes,abrupt,visible_mean,75,1,9,280,205,133,2.2986364426552433,1.5161254706175353,4.675701562543704,0.0,0.0,0.0,0.0
train,Chopin/Sonata_3/2nd/midi_score.mid,pedal_changes,abrupt,linear_interpolation,75,1,9,280,205,133,3.286603167625651,1.8128991057490351,5.012590160609311,-42.980556065193575,-7.205091975167277,19.549714624142975,25.56390977443609
train,Chopin/Sonata_3/2nd/midi_score.mid,pedal_changes,gradual,cnn,65,1,9,217,152,11,0.2711806254452721,0.5207500604371277,0.24167774366274775,-4.407993759839024,-14.277507678501422,40.91540991626135,54.54545454545455
train,Chopin/Sonata_3/2nd/midi_score.mid,pedal_changes,gradual,visible_mean,65,1,9,217,152,11,0.25973166965457284,0.5096387638853356,0.2114832118518574,0.0,0.0,0.0,0.0
train,Chopin/Sonata_3/2nd/midi_score.mid,pedal_changes,gradual,linear_interpolation,65,1,9,217,152,11,0.7480354480708009,0.8648904254706494,0.2730435706198372,-188.00317229918173,-29.108863171182797,89.2266321726306,100.0
train,Chopin/Sonata_3/2nd/midi_score.mid,pedal_changes,mixed,cnn,137,1,9,559,422,223,0.8222227374341481,0.9067649846758244,1.5048505027465904,3.8936254892256272,2.5517273503078197,14.186198900800278,56.053811659192824
train,Chopin/Sonata_3/2nd/midi_score.mid,pedal_changes,mixed,visible_mean,137,1,9,559,422,223,0.8555340284342634,0.9249508248735515,1.544255697744627,0.0,0.0,0.0,0.0
train,Chopin/Sonata_3/2nd/midi_score.mid,pedal_changes,mixed,linear_interpolation,137,1,9,559,422,223,1.1216868433999185,1.059097183170609,1.594137135962186,-31.10955334561605,-3.2301281640346735,16.837702990825008,16.143497757847534
train,Chopin/Sonata_3/2nd/midi_score.mid,pedal_changes,small,cnn,68,1,9,205,137,0,0.08900163150957958,0.2983314122072625,0.03173351266920767,-65.67355248651661,,,
train,Chopin/Sonata_3/2nd/midi_score.mid,pedal_changes,small,visible_mean,68,1,9,205,137,0,0.05372108593906261,0.23177809633151836,0.0,0.0,,,
train,Chopin/Sonata_3/2nd/midi_score.mid,pedal_changes,small,linear_interpolation,68,1,9,205,137,0,0.0,0.0,0.0,100.0,,,
train,Chopin/Sonata_3/2nd/midi_score.mid,pedal_depth,abrupt,cnn,114,1,9,444,330,309,1.8369855052781126,1.3553543836495725,2.0589025861233345,7.4035445058743825,0.24009033421567016,10.355433178834494,50.80906148867314
train,Chopin/Sonata_3/2nd/midi_score.mid,pedal_depth,abrupt,visible_mean,114,1,9,444,330,309,1.9838615803114106,1.4084962123880242,2.0638577089945955,0.0,0.0,0.0,0.0
train,Chopin/Sonata_3/2nd/midi_score.mid,pedal_depth,abrupt,linear_interpolation,114,1,9,444,330,309,1.9618217129561293,1.400650460663234,1.8880146662209454,1.110957920351563,8.520114638102239,25.501801198817997,54.36893203883495
train,Chopin/Sonata_3/2nd/midi_score.mid,pedal_depth,gradual,cnn,23,1,9,55,32,16,0.3580034121030483,0.5983338634099262,0.10717821053022719,21.773773162661094,6.357334436705719,41.12355280009462,43.75
train,Chopin/Sonata_3/2nd/midi_score.mid,pedal_depth,gradual,visible_mean,23,1,9,55,32,16,0.4576513869798029,0.6764993621429387,0.11445446355623448,0.0,0.0,0.0,0.0
train,Chopin/Sonata_3/2nd/midi_score.mid,pedal_depth,gradual,linear_interpolation,23,1,9,55,32,16,0.2547053733921713,0.5046834387932413,0.08849519292634742,44.345110571376466,22.68087222053389,97.52189073750831,100.0
train,Chopin/Sonata_3/2nd/midi_score.mid,pedal_depth,mixed,cnn,171,1,9,672,501,459,0.5028694605350426,0.7091328934233996,0.49092166086081535,18.57980621482208,-7.264738376304258,21.03904454653658,48.80174291938998
train,Chopin/Sonata_3/2nd/midi_score.mid,pedal_depth,mixed,visible_mean,171,1,9,672,501,459,0.6176225296906467,0.7858896421830782,0.45767292056274134,0.0,0.0,0.0,0.0
train,Chopin/Sonata_3/2nd/midi_score.mid,pedal_depth,mixed,linear_interpolation,171,1,9,672,501,459,0.5096977351958325,0.713931183795632,0.4514207557489466,17.474232125060485,1.3660770678997736,26.002418796495125,50.54466230936819
train,Chopin/Sonata_3/2nd/midi_score.mid,pedal_depth,small,cnn,37,1,9,90,53,35,0.2848503377631482,0.5337137226670757,0.0749881896358967,27.802015939326207,-58.28498823817825,90.52420757683326,54.285714285714285
train,Chopin/Sonata_3/2nd/midi_score.mid,pedal_depth,small,visible_mean,37,1,9,90,53,35,0.3945405698914882,0.628124645187154,0.04737542736716051,0.0,0.0,0.0,0.0
train,Chopin/Sonata_3/2nd/midi_score.mid,pedal_depth,small,linear_interpolation,37,1,9,90,53,35,0.05771139505548428,0.24023196093668361,0.049925071277764424,85.37250679407778,-5.381785563313501,21.040970473683167,37.142857142857146
train,Chopin/Sonata_3/2nd/midi_score.mid,pedal_down_ratio,abrupt,cnn,149,1,9,588,439,318,1.8147891982080402,1.3471411203760504,2.251249406337617,6.421670225725384,0.8347221028198071,9.634655742526764,51.886792452830186
train,Chopin/Sonata_3/2nd/midi_score.mid,pedal_down_ratio,abrupt,visible_mean,149,1,9,588,439,318,1.9393263403884127,1.3925969770139575,2.2701992613501587,0.0,0.0,0.0,0.0
train,Chopin/Sonata_3/2nd/midi_score.mid,pedal_down_ratio,abrupt,linear_interpolation,149,1,9,588,439,318,2.425770603972513,1.5574885566104533,2.206514842336022,-25.083156632971537,2.8052347694035196,23.230494096089917,46.540880503144656
train,Chopin/Sonata_3/2nd/midi_score.mid,pedal_down_ratio,gradual,cnn,36,1,9,104,68,23,0.22873487134231724,0.4782623457291168,0.17242004242168563,12.48066297184539,-12.414710073971857,41.37423196427329,60.869565217391305
train,Chopin/Sonata_3/2nd/midi_score.mid,pedal_down_ratio,gradual,visible_mean,36,1,9,104,68,23,0.2613535238146676,0.5112274677818746,0.15337854121424915,0.0,0.0,0.0,0.0
train,Chopin/Sonata_3/2nd/midi_score.mid,pedal_down_ratio,gradual,linear_interpolation,36,1,9,104,68,23,0.3570041831796243,0.597498270440697,0.13244974896462522,-36.59819005646352,13.645189270896264,75.49380412207918,69.56521739130434
train,Chopin/Sonata_3/2nd/midi_score.mid,pedal_down_ratio,mixed,cnn,112,1,9,440,328,242,0.5477366753890343,0.7400923424742579,0.6260032759352506,17.147723448543182,-5.722628162332777,19.918496095761316,48.760330578512395
train,Chopin/Sonata_3/2nd/midi_score.mid,pedal_down_ratio,mixed,visible_mean,112,1,9,440,328,242,0.6611003320456175,0.8130807660039792,0.5921185339566551,0.0,0.0,0.0,0.0
train,Chopin/Sonata_3/2nd/midi_score.mid,pedal_down_ratio,mixed,linear_interpolation,112,1,9,440,328,242,0.5396862721604497,0.734633427064444,0.5789695970295476,18.365451354332386,2.2206595762580994,19.387464363269732,41.32231404958678
train,Chopin/Sonata_3/2nd/midi_score.mid,pedal_down_ratio,small,cnn,48,1,9,129,81,21,0.08803336430365115,0.29670416967688734,0.0462149343332453,42.282514626312796,-110.67272096269991,107.88743996215315,52.38095238095238
train,Chopin/Sonata_3/2nd/midi_score.mid,pedal_down_ratio,small,visible_mean,48,1,9,129,81,21,0.1525246010523262,0.3905439809449458,0.02193683839182376,0.0,0.0,0.0,0.0
train,Chopin/Sonata_3/2nd/midi_score.mid,pedal_down_ratio,small,linear_interpolation,48,1,9,129,81,21,0.012764622882510296,0.11298063056343019,0.022125562924480983,91.6311055433404,-0.8603087158063794,9.275282830223466,0.0
train,Chopin/Sonata_3/2nd/midi_score.mid,rubato,abrupt,cnn,59,1,9,226,167,166,3.0793994487972403,1.754821771234116,5.390453510562901,8.13437189254207,0.6842717177197422,10.6121692918893,53.6144578313253
train,Chopin/Sonata_3/2nd/midi_score.mid,rubato,abrupt,visible_mean,59,1,9,226,167,166,3.3520692257121194,1.830865703898601,5.427592994376357,0.0,0.0,0.0,0.0
train,Chopin/Sonata_3/2nd/midi_score.mid,rubato,abrupt,linear_interpolation,59,1,9,226,167,166,4.549412228847801,2.132935120637241,5.695280851407915,-35.719518975068794,-4.931981033008825,19.444254241872827,48.19277108433735
train,Chopin/Sonata_3/2nd/midi_score.mid,rubato,gradual,cnn,21,1,7,37,16,14,1.1583240063207079,1.0762546196512737,1.0360946376864963,52.4234315620574,-12.70930589964907,38.06391697600716,57.142857142857146
train,Chopin/Sonata_3/2nd/midi_score.mid,rubato,gradual,visible_mean,21,1,7,37,16,14,2.4346522760076525,1.5603372315008228,0.9192627258382595,0.0,0.0,0.0,0.0
train,Chopin/Sonata_3/2nd/midi_score.mid,rubato,gradual,linear_interpolation,21,1,7,37,16,14,0.4529700899331942,0.6730305267468885,0.4673197671755456,81.39487538335555,49.16363363374655,80.57014851407645,71.42857142857143
train,Chopin/Sonata_3/2nd/midi_score.mid,rubato,mixed,cnn,168,1,9,692,524,517,0.8148764112515199,0.9027050521912016,1.277672098373517,1.8791319658745365,-3.994891639389353,21.51242019767027,51.83752417794971
train,Chopin/Sonata_3/2nd/midi_score.mid,rubato,mixed,visible_mean,168,1,9,692,524,517,0.8304822690399701,0.9113079989992242,1.228591210810573,0.0,0.0,0.0,0.0
train,Chopin/Sonata_3/2nd/midi_score.mid,rubato,mixed,linear_interpolation,168,1,9,692,524,517,1.2351125766887954,1.1113561880372986,1.2501448132514628,-48.72232951060764,-1.7543347413880417,24.53751647465882,51.25725338491296
train,Chopin/Sonata_3/2nd/midi_score.mid,rubato,small,cnn,97,1,9,306,209,195,0.3261146947244198,0.5710645276362556,0.38090908436999915,3.7505301453195528,-14.600542148592034,35.22544073602319,48.717948717948715
train,Chopin/Sonata_3/2nd/midi_score.mid,rubato,small,visible_mean,97,1,9,306,209,195,0.33882232828585435,0.5820844683427435,0.3323798275544885,0.0,0.0,0.0,0.0
train,Chopin/Sonata_3/2nd/midi_score.mid,rubato,small,linear_interpolation,97,1,9,306,209,195,0.29513310692278993,0.5432615455954801,0.34579430651100335,12.894433960150675,-4.0358884157359665,21.096479604534334,47.69230769230769
train,Chopin/Sonata_3/2nd/midi_score.mid,tempo,abrupt,cnn,53,1,9,204,151,147,1.9085115907917327,1.381488903607891,3.1286493736966294,7.998121912588674,0.03915091294334205,12.04085665453674,57.82312925170068
train,Chopin/Sonata_3/2nd/midi_score.mid,tempo,abrupt,visible_mean,53,1,9,204,151,147,2.074426773090924,1.4402870453805117,3.1298747482345464,0.0,0.0,0.0,0.0
train,Chopin/Sonata_3/2nd/midi_score.mid,tempo,abrupt,linear_interpolation,53,1,9,204,151,147,2.8944076546367112,1.7012958751013039,3.2848476948665355,-39.52807070282864,-4.951410490768171,20.607204654652715,48.29931972789116
train,Chopin/Sonata_3/2nd/midi_score.mid,tempo,gradual,cnn,28,1,9,57,29,25,0.5172530768833626,0.7192030845897163,0.49700278614841864,48.70997536725351,0.3953188612176972,43.89076229136343,40.0
train,Chopin/Sonata_3/2nd/midi_score.mid,tempo,gradual,visible_mean,28,1,9,57,29,25,1.0084867000690005,1.0042343850262252,0.4989753297397029,0.0,0.0,0.0,0.0
train,Chopin/Sonata_3/2nd/midi_score.mid,tempo,gradual,linear_interpolation,28,1,9,57,29,25,0.3615317728625285,0.6012751224377477,0.21666775973927374,64.15106189920078,56.57746048240474,80.60476693728017,76.0
train,Chopin/Sonata_3/2nd/midi_score.mid,tempo,mixed,cnn,188,1,9,769,581,568,0.5173730431170859,0.7192864819507495,0.8672951996953524,0.2790325242162939,-1.9306172131721588,21.750093832817658,51.936619718309856
train,Chopin/Sonata_3/2nd/midi_score.mid,tempo,mixed,visible_mean,188,1,9,769,581,568,0.518820721672927,0.7202921085732698,0.8508681919207242,0.0,0.0,0.0,0.0
train,Chopin/Sonata_3/2nd/midi_score.mid,tempo,mixed,linear_interpolation,188,1,9,769,581,568,0.7644843581205653,0.8743479616952082,0.8790573741406366,-47.35039025725509,-3.3129904828477663,21.181655976698867,49.647887323943664
train,Chopin/Sonata_3/2nd/midi_score.mid,tempo,small,cnn,76,1,9,231,155,143,0.24473613125585678,0.4947081273396029,0.23717485814912168,-3.943952908377746,-25.373346584988752,39.99249614927555,47.55244755244755
train,Chopin/Sonata_3/2nd/midi_score.mid,tempo,small,visible_mean,76,1,9,231,155,143,0.23545009056138308,0.4852319966380856,0.18917486420316962,0.0,0.0,0.0,0.0
train,Chopin/Sonata_3/2nd/midi_score.mid,tempo,small,linear_interpolation,76,1,9,231,155,143,0.1748720869323626,0.41817709996168206,0.19538705212453084,25.728596444615704,-3.283833688755533,21.386455044037262,51.04895104895105
train,Chopin/Sonata_3/4th/midi_score.mid,articulation,abrupt,cnn,116,1,9,448,332,330,3.0372093398030744,1.7427591169760308,5.621460803239034,3.1505575427477672,1.9703818843892273,9.55787357828693,53.93939393939394
train,Chopin/Sonata_3/4th/midi_score.mid,articulation,abrupt,visible_mean,116,1,9,448,332,330,3.1360111764645926,1.7708786453240077,5.734451394689094,0.0,0.0,0.0,0.0
train,Chopin/Sonata_3/4th/midi_score.mid,articulation,abrupt,linear_interpolation,116,1,9,448,332,330,5.082872880602344,2.254522761163068,5.9332120058511615,-62.08082798775487,-3.4660789233674105,18.642029458809066,47.27272727272727
train,Chopin/Sonata_3/4th/midi_score.mid,articulation,gradual,cnn,16,1,9,24,8,8,0.4674431370942629,0.6836981330194364,0.17505297380121673,9.13145857544545,-102.94182064089559,76.82285152147094,37.5
train,Chopin/Sonata_3/4th/midi_score.mid,articulation,gradual,visible_mean,16,1,9,24,8,8,0.5144169035467209,0.717228627110436,0.08625771329359068,0.0,0.0,0.0,0.0
train,Chopin/Sonata_3/4th/midi_score.mid,articulation,gradual,linear_interpolation,16,1,9,24,8,8,0.40176025077277644,0.6338456048382575,0.3162099379717199,21.899873817756966,-266.5874342106119,261.74694554093196,87.5
train,Chopin/Sonata_3/4th/midi_score.mid,articulation,mixed,cnn,257,1,9,1041,784,774,0.9532037816638653,0.9763215564883658,1.36832449020955,4.849287937232926,-0.02504811652681571,17.936237829107675,51.16279069767442
train,Chopin/Sonata_3/4th/midi_score.mid,articulation,mixed,visible_mean,257,1,9,1041,784,774,1.0017831301515383,1.0008911679855799,1.3679818365250713,0.0,0.0,0.0,0.0
train,Chopin/Sonata_3/4th/midi_score.mid,articulation,mixed,linear_interpolation,257,1,9,1041,784,774,1.2574181989460211,1.121346600719876,1.39434923666613,-25.518004955405193,-1.9274671225194773,21.701541216261106,52.84237726098191
train,Chopin/Sonata_3/4th/midi_score.mid,articulation,small,cnn,131,1,9,369,238,232,0.3618585196163596,0.6015467725924225,0.43469553470843497,15.872692830137447,-15.85173216680522,36.93779292642313,48.275862068965516
train,Chopin/Sonata_3/4th/midi_score.mid,articulation,small,visible_mean,131,1,9,369,238,232,0.43013206031393153,0.6558445397454579,0.37521712155546644,0.0,0.0,0.0,0.0
train,Chopin/Sonata_3/4th/midi_score.mid,articulation,small,linear_interpolation,131,1,9,369,238,232,0.3016385312590976,0.5492162882317836,0.39009665468619,29.873041540091904,-3.965579467440161,21.810237315809466,46.55172413793103
train,Chopin/Sonata_3/4th/midi_score.mid,dynamics,abrupt,cnn,171,1,9,690,519,512,2.105336945411413,1.4509779272654058,2.882555271957333,7.381369492660383,3.52020953764951,11.832207458091112,55.859375
train,Chopin/Sonata_3/4th/midi_score.mid,dynamics,abrupt,visible_mean,171,1,9,690,519,512,2.2731246768376416,1.5076885211600046,2.987729614817311,0.0,0.0,0.0,0.0
train,Chopin/Sonata_3/4th/midi_score.mid,dynamics,abrupt,linear_interpolation,171,1,9,690,519,512,2.9090042372974882,1.7055803227340214,2.9745170794981743,-27.973809221255674,0.44222660757555765,22.06007820151931,52.1484375
train,Chopin/Sonata_3/4th/midi_score.mid,dynamics,gradual,cnn,31,1,9,69,38,36,0.579387318760703,0.761174959362631,0.34843433234814664,52.814809127054744,18.769091600681453,35.17534637320161,63.888888888888886
train,Chopin/Sonata_3/4th/midi_score.mid,dynamics,gradual,visible_mean,31,1,9,69,38,36,1.227900763018654,1.1081068373666205,0.42894304546650824,0.0,0.0,0.0,0.0
train,Chopin/Sonata_3/4th/midi_score.mid,dynamics,gradual,linear_interpolation,31,1,9,69,38,36,0.2772014479001375,0.5264992382711845,0.23662270848408903,77.42476784372465,44.83586784190805,83.12217635204165,77.77777777777777
train,Chopin/Sonata_3/4th/midi_score.mid,dynamics,mixed,cnn,223,1,9,881,658,649,0.8986180124660273,0.9479546468402522,0.8825298618952804,15.897040589788569,-0.8095631259766867,19.488927729778123,50.847457627118644
train,Chopin/Sonata_3/4th/midi_score.mid,dynamics,mixed,visible_mean,223,1,9,881,658,649,1.0684737121829757,1.033670020936554,0.8754426014052128,0.0,0.0,0.0,0.0
train,Chopin/Sonata_3/4th/midi_score.mid,dynamics,mixed,linear_interpolation,223,1,9,881,658,649,0.9194281088886164,0.9588681394689347,0.866061200849428,13.949393569060998,1.071618006791808,28.59305198444897,53.15870570107858
train,Chopin/Sonata_3/4th/midi_score.mid,dynamics,small,cnn,95,1,9,242,147,137,0.2547491860936349,0.5047268430484304,0.2672654303850445,39.125187505653415,-5.7939466161140984,34.86770526919412,46.715328467153284
train,Chopin/Sonata_3/4th/midi_score.mid,dynamics,small,visible_mean,95,1,9,242,147,137,0.41848044479363833,0.6469006452258633,0.2526282825565142,0.0,0.0,0.0,0.0
train,Chopin/Sonata_3/4th/midi_score.mid,dynamics,small,linear_interpolation,95,1,9,242,147,137,0.24736313435472504,0.4973561443821973,0.256733294617251,40.890156892108756,-1.6249218097021512,21.79181428671916,54.01459854014598
train,Chopin/Sonata_3/4th/midi_score.mid,pedal_changes,abrupt,cnn,55,1,8,229,174,146,2.5740303013090435,1.6043784781992818,5.707653441539383,3.893068314679249,1.0548022778759991,7.365699662979383,54.10958904109589
train,Chopin/Sonata_3/4th/midi_score.mid,pedal_changes,abrupt,visible_mean,55,1,8,229,174,146,2.678298283142669,1.6365507273355964,5.7684997078571305,0.0,0.0,0.0,0.0
train,Chopin/Sonata_3/4th/midi_score.mid,pedal_changes,abrupt,linear_interpolation,55,1,8,229,174,146,3.7932273695920244,1.947620951209969,5.96113356023172,-41.628264240274106,-3.339409935519422,14.049140866088235,30.82191780821918
train,Chopin/Sonata_3/4th/midi_score.mid,pedal_changes,gradual,cnn,77,1,9,185,108,10,0.23091845862450688,0.4805397575898449,0.19228106736086725,11.914352081017432,-10.767931455887435,45.672943317649064,40.0
train,Chopin/Sonata_3/4th/midi_score.mid,pedal_changes,gradual,visible_mean,77,1,9,185,108,10,0.26215219400656037,0.512008001897002,0.17358911088579987,0.0,0.0,0.0,0.0
train,Chopin/Sonata_3/4th/midi_score.mid,pedal_changes,gradual,linear_interpolation,77,1,9,185,108,10,0.5190494791902853,0.7204508860361581,0.19493578827298935,-97.9954740250223,-12.297244497803185,83.91477998497092,100.0
train,Chopin/Sonata_3/4th/midi_score.mid,pedal_changes,mixed,cnn,326,1,9,1286,960,625,0.9685569229416521,0.9841528961201365,1.758735158757179,-0.2291529607459042,1.284782275722518,15.6070515478597,55.2
train,Chopin/Sonata_3/4th/midi_score.mid,pedal_changes,mixed,visible_mean,326,1,9,1286,960,625,0.9663425204451055,0.9830272226368431,1.7816251630721422,0.0,0.0,0.0,0.0
train,Chopin/Sonata_3/4th/midi_score.mid,pedal_changes,mixed,linear_interpolation,326,1,9,1286,960,625,1.3591766572890254,1.1658373202505679,1.861505533075396,-40.651645615570885,-4.483567680729883,16.78223095826613,27.04
train,Chopin/Sonata_3/4th/midi_score.mid,pedal_changes,small,cnn,62,1,8,182,120,0,0.08184191151611,0.28608025362843553,0.027783632389621993,-45.81881216090458,,,
train,Chopin/Sonata_3/4th/midi_score.mid,pedal_changes,small,visible_mean,62,1,8,182,120,0,0.05612575654902544,0.23690875152477048,0.0,0.0,,,
train,Chopin/Sonata_3/4th/midi_score.mid,pedal_changes,small,linear_interpolation,62,1,8,182,120,0,0.0,0.0,0.0,100.0,,,
train,Chopin/Sonata_3/4th/midi_score.mid,pedal_depth,abrupt,cnn,132,1,9,518,386,377,2.1913568717783054,1.4803232321956936,3.1056728418218356,1.4734637451477073,2.2873091643830223,8.84243251805935,51.9893899204244
train,Chopin/Sonata_3/4th/midi_score.mid,pedal_depth,abrupt,visible_mean,132,1,9,518,386,377,2.2241286003499225,1.4913512665867563,3.1783720366953556,0.0,0.0,0.0,0.0
train,Chopin/Sonata_3/4th/midi_score.mid,pedal_depth,abrupt,linear_interpolation,132,1,9,518,386,377,3.039670478006572,1.7434650779429373,3.231402921668533,-36.66792817323334,-1.668492056968729,20.998457082629724,49.3368700265252
train,Chopin/Sonata_3/4th/midi_score.mid,pedal_depth,gradual,cnn,19,1,9,40,21,17,0.28763343000033414,0.5363146744219611,0.06621134153545151,-94.2691022284087,-2.95119506857362,48.88692796917399,58.8235294117647
train,Chopin/Sonata_3/4th/midi_score.mid,pedal_depth,gradual,visible_mean,19,1,9,40,21,17,0.14805927792992726,0.3847847163413943,0.06431332972031022,0.0,0.0,0.0,0.0
train,Chopin/Sonata_3/4th/midi_score.mid,pedal_depth,gradual,linear_interpolation,19,1,9,40,21,17,0.20020971617301803,0.44744800387644823,0.05147544304518675,-35.222674980065925,19.96147102156529,108.29168612563271,82.3529411764706
train,Chopin/Sonata_3/4th/midi_score.mid,pedal_depth,mixed,cnn,203,1,9,808,605,586,0.27340943274207336,0.5228856784633457,0.3619679748028428,18.1599766609005,-7.708005561392972,29.427277075192627,48.4641638225256
train,Chopin/Sonata_3/4th/midi_score.mid,pedal_depth,mixed,visible_mean,203,1,9,808,605,586,0.3340779017244617,0.577994724651066,0.33606413275986535,0.0,0.0,0.0,0.0
train,Chopin/Sonata_3/4th/midi_score.mid,pedal_depth,mixed,linear_interpolation,203,1,9,808,605,586,0.3156569355540145,0.56183354790722,0.34580600452694477,5.5139732605362095,-2.8988132970561464,21.811733413106,48.4641638225256
train,Chopin/Sonata_3/4th/midi_score.mid,pedal_depth,small,cnn,166,1,9,516,350,341,0.09091603538318363,0.30152286046531135,0.0814044376076999,-21.85402525367035,-31.49368291848098,61.68624905113242,51.31964809384164
train,Chopin/Sonata_3/4th/midi_score.mid,pedal_depth,small,visible_mean,166,1,9,516,350,341,0.07461061314463649,0.2731494337256376,0.0619074892427846,0.0,0.0,0.0,0.0
train,Chopin/Sonata_3/4th/midi_score.mid,pedal_depth,small,linear_interpolation,166,1,9,516,350,341,0.05504565304928011,0.2346181004297838,0.06643432434903088,26.222757421157638,-7.312257630887342,19.776403724295623,44.57478005865103
train,Chopin/Sonata_3/4th/midi_score.mid,pedal_down_ratio,abrupt,cnn,114,1,9,444,330,314,2.602112227814727,1.6131063907302354,3.882012678793575,2.73967329918281,1.0161183687224962,8.899812108596008,49.681528662420384
train,Chopin/Sonata_3/4th/midi_score.mid,pedal_down_ratio,abrupt,visible_mean,114,1,9,444,330,314,2.675409713375828,1.6356679716176592,3.921863453743275,0.0,0.0,0.0,0.0
train,Chopin/Sonata_3/4th/midi_score.mid,pedal_down_ratio,abrupt,linear_interpolation,114,1,9,444,330,314,3.623241330444986,1.9034813711841223,3.9783391656351026,-35.427531429314655,-1.440022391343665,19.620736801511303,51.59235668789809
train,Chopin/Sonata_3/4th/midi_score.mid,pedal_down_ratio,gradual,cnn,22,1,8,38,16,12,0.44096278079540063,0.6640502848394846,0.10792211956298307,-7.233097138056177,-38.872885229859456,71.14923014800763,41.666666666666664
train,Chopin/Sonata_3/4th/midi_score.mid,pedal_down_ratio,gradual,visible_mean,22,1,8,38,16,12,0.4112189170734177,0.6412635316883517,0.07771288065654622,0.0,0.0,0.0,0.0
train,Chopin/Sonata_3/4th/midi_score.mid,pedal_down_ratio,gradual,linear_interpolation,22,1,8,38,16,12,0.13710309504229623,0.37027435104567563,0.070882924106214,66.65934144809339,8.788705929609486,72.87757693441417,66.66666666666667
train,Chopin/Sonata_3/4th/midi_score.mid,pedal_down_ratio,mixed,cnn,284,1,9,1130,846,821,0.2218923170461312,0.4710544735443356,0.32815692989740114,5.967580901722647,-4.7249253882075015,28.264081197314873,50.182704019488426
train,Chopin/Sonata_3/4th/midi_score.mid,pedal_down_ratio,mixed,visible_mean,284,1,9,1130,846,821,0.23597427267528012,0.4857718319080267,0.31335131410306366,0.0,0.0,0.0,0.0
train,Chopin/Sonata_3/4th/midi_score.mid,pedal_down_ratio,mixed,linear_interpolation,284,1,9,1130,846,821,0.26190003480942325,0.5117616972863671,0.32614157066015687,-10.986690133724487,-4.0817625398201995,20.051139465835348,48.721071863580995
train,Chopin/Sonata_3/4th/midi_score.mid,pedal_down_ratio,small,cnn,100,1,9,270,170,160,0.07059657832179027,0.265700166205801,0.06478753128307026,-18.218529673115725,-73.42268700861044,75.41210989598277,48.75
train,Chopin/Sonata_3/4th/midi_score.mid,pedal_down_ratio,small,visible_mean,100,1,9,270,170,160,0.05971701603546906,0.24437065297508426,0.037358163686999936,0.0,0.0,0.0,0.0
train,Chopin/Sonata_3/4th/midi_score.mid,pedal_down_ratio,small,linear_interpolation,100,1,9,270,170,160,0.028892964953698842,0.16997930742798914,0.03971126673921237,51.61686421749908,-6.298765303154541,18.460650527390623,46.875
train,Chopin/Sonata_3/4th/midi_score.mid,rubato,abrupt,cnn,108,1,9,421,313,312,2.782205531470628,1.667994463860905,4.505099564494886,9.643508855539284,3.089316745701831,13.444213562973426,53.205128205128204
train,Chopin/Sonata_3/4th/midi_score.mid,rubato,abrupt,visible_mean,108,1,9,421,313,312,3.0791429550119163,1.7547486871378237,4.648713034736629,0.0,0.0,0.0,0.0
train,Chopin/Sonata_3/4th/midi_score.mid,rubato,abrupt,linear_interpolation,108,1,9,421,313,312,4.524159469788761,2.1270071626087113,4.846818566333342,-46.92917918685111,-4.261513457948629,22.127521228331545,49.03846153846154
train,Chopin/Sonata_3/4th/midi_score.mid,rubato,gradual,cnn,24,1,7,45,21,20,0.8563970907299682,0.9254172522327256,0.6278540015652421,9.405837431514874,17.987803935090252,37.36950136909597,70.0
train,Chopin/Sonata_3/4th/midi_score.mid,rubato,gradual,visible_mean,24,1,7,45,21,20,0.9453115592106394,0.9722713403215377,0.7655617477531242,0.0,0.0,0.0,0.0
train,Chopin/Sonata_3/4th/midi_score.mid,rubato,gradual,linear_interpolation,24,1,7,45,21,20,0.5622791920741133,0.7498527802669757,0.3613357902045,40.519166766179026,52.80122194388657,75.36677459835064,80.0
train,Chopin/Sonata_3/4th/midi_score.mid,rubato,mixed,cnn,253,1,9,1026,773,769,0.9608787418883622,0.9802442256337766,1.2523701483208656,12.97055960082092,1.21707455070299,26.08339051252957,55.916775032509754
train,Chopin/Sonata_3/4th/midi_score.mid,rubato,mixed,visible_mean,253,1,9,1026,773,769,1.1040847068314894,1.05075435132646,1.2678002221787592,0.0,0.0,0.0,0.0
train,Chopin/Sonata_3/4th/midi_score.mid,rubato,mixed,linear_interpolation,253,1,9,1026,773,769,1.3061301535056091,1.1428605135823047,1.2867088555622215,-18.299813902318363,-1.4914521272892056,24.456214861708517,52.145643693107935
train,Chopin/Sonata_3/4th/midi_score.mid,rubato,small,cnn,135,1,9,390,255,248,0.4179732691990278,0.6465085221395211,0.40338862514753576,18.760641588515835,-17.386122115986225,45.22960712563427,58.064516129032256
train,Chopin/Sonata_3/4th/midi_score.mid,rubato,small,visible_mean,135,1,9,390,255,248,0.5144960243062952,0.7172837822691206,0.3436425174254907,0.0,0.0,0.0,0.0
train,Chopin/Sonata_3/4th/midi_score.mid,rubato,small,linear_interpolation,135,1,9,390,255,248,0.30266673871049743,0.5501515597637595,0.3540119421767891,41.172190957434736,-3.017503430304358,21.635922905908902,48.38709677419355
train,Chopin/Sonata_3/4th/midi_score.mid,tempo,abrupt,cnn,29,1,8,114,85,84,1.2726849604702748,1.1281333965760765,2.047197110928943,-3.2186390834811895,2.583203862951944,15.672791935989277,52.38095238095238
train,Chopin/Sonata_3/4th/midi_score.mid,tempo,abrupt,visible_mean,29,1,8,114,85,84,1.2329991673702967,1.1104049564777243,2.1014826930346815,0.0,0.0,0.0,0.0
train,Chopin/Sonata_3/4th/midi_score.mid,tempo,abrupt,linear_interpolation,29,1,8,114,85,84,2.2747382168058032,1.508223530119393,2.246658861337368,-84.48822002510319,-6.908273324537473,23.4643698977139,48.80952380952381
train,Chopin/Sonata_3/4th/midi_score.mid,tempo,gradual,cnn,24,1,9,61,37,31,0.29786398516265233,0.5457691683877465,0.24594141178495707,9.596403648556128,-33.74973884930634,67.01994477978339,45.16129032258065
train,Chopin/Sonata_3/4th/midi_score.mid,tempo,gradual,visible_mean,24,1,9,61,37,31,0.3294824511236328,0.5740056194181663,0.18388178840637234,0.0,0.0,0.0,0.0
train,Chopin/Sonata_3/4th/midi_score.mid,tempo,gradual,linear_interpolation,24,1,9,61,37,31,0.25648764790760475,0.5064460957570951,0.11995242226838741,22.154382719654453,34.76655665144134,75.215897859263,70.96774193548387
train,Chopin/Sonata_3/4th/midi_score.mid,tempo,mixed,cnn,244,1,9,1009,765,751,0.5010394906435649,0.7078414304373296,0.6945053145794569,4.226793367585979,-1.6653911920834652,28.757803470446724,52.5965379494008
train,Chopin/Sonata_3/4th/midi_score.mid,tempo,mixed,visible_mean,244,1,9,1009,765,751,0.5231520466539232,0.7232925042152194,0.6831285518463995,0.0,0.0,0.0,0.0
train,Chopin/Sonata_3/4th/midi_score.mid,tempo,mixed,linear_interpolation,244,1,9,1009,765,751,0.6582104938013982,0.8113017279664811,0.6951581504214416,-25.816289549339967,-1.7609567836870177,23.72951362241714,50.59920106524634
train,Chopin/Sonata_3/4th/midi_score.mid,tempo,small,cnn,223,1,9,698,475,457,0.19947154934889427,0.44662237891634393,0.23289522049213318,4.487125081795307,-15.538019865059605,54.391760911847996,52.29759299781182
train,Chopin/Sonata_3/4th/midi_score.mid,tempo,small,visible_mean,223,1,9,698,475,457,0.20884257700306655,0.4569929725970264,0.20157452998081382,0.0,0.0,0.0,0.0
train,Chopin/Sonata_3/4th/midi_score.mid,tempo,small,linear_interpolation,223,1,9,698,475,457,0.1572334065046956,0.3965266781752466,0.20630494199322214,24.711996585645046,-2.346731014507908,20.695402190330125,47.4835886214442
train,Haydn/Keyboard_Sonatas/50-1_no_repeat/midi_score.mid,articulation,abrupt,cnn,214,1,18,856,642,642,4.217682602335727,2.0536997351939563,7.344466758281836,5.209811985867418,3.2213098958728703,8.794994401690877,56.54205607476636
train,Haydn/Keyboard_Sonatas/50-1_no_repeat/midi_score.mid,articulation,abrupt,visible_mean,214,1,18,856,642,642,4.449492812174714,2.109382092503564,7.5889297017553154,0.0,0.0,0.0,0.0
train,Haydn/Keyboard_Sonatas/50-1_no_repeat/midi_score.mid,articulation,abrupt,linear_interpolation,214,1,18,856,642,642,5.911419362797699,2.4313410626231975,7.922520835977203,-32.85602679529804,-4.395759973171542,20.58930066100593,49.06542056074766
train,Haydn/Keyboard_Sonatas/50-1_no_repeat/midi_score.mid,articulation,gradual,cnn,25,1,15,72,47,47,0.9120852656426991,0.9550315521712878,0.43475370478880915,3.6609368284958643,-13.802748860061476,35.73528296880468,38.297872340425535
train,Haydn/Keyboard_Sonatas/50-1_no_repeat/midi_score.mid,articulation,gradual,visible_mean,25,1,15,72,47,47,0.9467450020963898,0.9730082230363677,0.3820239046452276,0.0,0.0,0.0,0.0
train,Haydn/Keyboard_Sonatas/50-1_no_repeat/midi_score.mid,articulation,gradual,linear_interpolation,25,1,15,72,47,47,0.565821531310998,0.7522110949135209,0.23266048086458418,40.23506540218411,39.09792606286041,99.17413823790984,74.46808510638297
train,Haydn/Keyboard_Sonatas/50-1_no_repeat/midi_score.mid,articulation,mixed,cnn,402,1,18,1640,1238,1238,0.8930958836316972,0.9450375038228362,1.2596504211467183,9.165833766570897,-0.3373502116557514,19.02711608943676,52.58481421647819
train,Haydn/Keyboard_Sonatas/50-1_no_repeat/midi_score.mid,articulation,mixed,visible_mean,402,1,18,1640,1238,1238,0.983215810377546,0.9915723929081255,1.2554152750591476,0.0,0.0,0.0,0.0
train,Haydn/Keyboard_Sonatas/50-1_no_repeat/midi_score.mid,articulation,mixed,linear_interpolation,402,1,18,1640,1238,1238,1.155140329501803,1.0747745482201385,1.269131148387569,-17.4859392322261,-1.0925367566341881,23.294992574303087,53.47334410339257
train,Haydn/Keyboard_Sonatas/50-1_no_repeat/midi_score.mid,articulation,small,cnn,233,1,18,816,583,583,0.3604187291705958,0.6003488395679597,0.3856087611664169,21.282494879343005,-6.912077591437571,37.60982254144257,51.6295025728988
train,Haydn/Keyboard_Sonatas/50-1_no_repeat/midi_score.mid,articulation,small,visible_mean,233,1,18,816,583,583,0.4578635064947135,0.6766561213014433,0.3606783909298006,0.0,0.0,0.0,0.0
train,Haydn/Keyboard_Sonatas/50-1_no_repeat/midi_score.mid,articulation,small,linear_interpolation,233,1,18,816,583,583,0.3457184511241818,0.5879782743640974,0.37980535356662143,24.49311940780905,-5.303052003618247,22.872711515521523,49.74271012006861
train,Haydn/Keyboard_Sonatas/50-1_no_repeat/midi_score.mid,dynamics,abrupt,cnn,144,1,18,603,459,456,2.0428042123672743,1.4292670192680144,2.675572847651677,8.20555054014428,0.6518179049719408,11.453247654034506,53.28947368421053
train,Haydn/Keyboard_Sonatas/50-1_no_repeat/midi_score.mid,dynamics,abrupt,visible_mean,144,1,18,603,459,456,2.2254114757348695,1.4917813096211086,2.693127132505002,0.0,0.0,0.0,0.0
train,Haydn/Keyboard_Sonatas/50-1_no_repeat/midi_score.mid,dynamics,abrupt,linear_interpolation,144,1,18,603,459,456,2.569588703160018,1.6029936690954267,2.6606651622633115,-15.465779303195838,1.2053634546207337,21.456737707339858,54.166666666666664
train,Haydn/Keyboard_Sonatas/50-1_no_repeat/midi_score.mid,dynamics,gradual,cnn,50,1,17,151,101,100,0.5870418457864254,0.7661865606929068,0.37919552315559796,35.64795997584547,4.735502557654147,29.10348024183792,60.0
train,Haydn/Keyboard_Sonatas/50-1_no_repeat/midi_score.mid,dynamics,gradual,visible_mean,50,1,17,151,101,100,0.9122350209349684,0.9551099522751129,0.3980449520400686,0.0,0.0,0.0,0.0
train,Haydn/Keyboard_Sonatas/50-1_no_repeat/midi_score.mid,dynamics,gradual,linear_interpolation,50,1,17,151,101,100,0.2526344814686043,0.5026275773061047,0.20037733725924456,72.3059874187165,49.65962104725452,83.71039472618523,81.0
train,Haydn/Keyboard_Sonatas/50-1_no_repeat/midi_score.mid,dynamics,mixed,cnn,466,1,18,1921,1455,1452,0.885265319987084,0.9408853915260265,0.8328918246737204,17.12486030599821,1.282064133584826,18.880485774215767,52.892561983471076
train,Haydn/Keyboard_Sonatas/50-1_no_repeat/midi_score.mid,dynamics,mixed,visible_mean,466,1,18,1921,1455,1452,1.068191647405641,1.0335335734293496,0.8437087114552184,0.0,0.0,0.0,0.0
train,Haydn/Keyboard_Sonatas/50-1_no_repeat/midi_score.mid,dynamics,mixed,linear_interpolation,466,1,18,1921,1455,1452,0.8899079227858036,0.9433493111174691,0.796827185187776,16.690237660333906,5.556600948991242,29.1733610831448,56.887052341597794
train,Haydn/Keyboard_Sonatas/50-1_no_repeat/midi_score.mid,dynamics,small,cnn,214,1,18,709,495,493,0.32814067927854124,0.5728356477023242,0.3208855720643715,31.14288502046293,-11.899269014510928,32.10830880403031,44.827586206896555
train,Haydn/Keyboard_Sonatas/50-1_no_repeat/midi_score.mid,dynamics,small,visible_mean,214,1,18,709,495,493,0.4765530466620014,0.6903282166201823,0.2867628849503562,0.0,0.0,0.0,0.0
train,Haydn/Keyboard_Sonatas/50-1_no_repeat/midi_score.mid,dynamics,small,linear_interpolation,214,1,18,709,495,493,0.2685878047674242,0.5182545752498711,0.2985980532783272,43.63947379022382,-4.127161829195547,21.90065768057228,48.073022312373226
train,Haydn/Keyboard_Sonatas/50-1_no_repeat/midi_score.mid,pedal_changes,abrupt,cnn,266,1,18,1058,792,498,2.2087140634140874,1.4861743045195228,4.036915427216053,2.328872581131769,4.944484307353248,11.060332454319521,65.46184738955823
train,Haydn/Keyboard_Sonatas/50-1_no_repeat/midi_score.mid,pedal_changes,abrupt,visible_mean,266,1,18,1058,792,498,2.2613786917211374,1.5037881139712261,4.246902873336722,0.0,0.0,0.0,0.0
train,Haydn/Keyboard_Sonatas/50-1_no_repeat/midi_score.mid,pedal_changes,abrupt,linear_interpolation,266,1,18,1058,792,498,2.938592271817434,1.7142322689231568,4.401880389359165,-29.946933814118015,-3.649189083071258,17.953904338167018,25.502008032128515
train,Haydn/Keyboard_Sonatas/50-1_no_repeat/midi_score.mid,pedal_changes,gradual,cnn,89,1,18,328,239,30,0.6216180645820741,0.7884275899422052,0.26822025618957107,11.524782682944313,-25.31057342716072,49.37218938257671,46.666666666666664
train,Haydn/Keyboard_Sonatas/50-1_no_repeat/midi_score.mid,pedal_changes,gradual,visible_mean,89,1,18,328,239,30,0.7025900398237762,0.8382064422466438,0.21404439294620214,0.0,0.0,0.0,0.0
train,Haydn/Keyboard_Sonatas/50-1_no_repeat/midi_score.mid,pedal_changes,gradual,linear_interpolation,89,1,18,328,239,30,0.47007386435978366,0.6856193290447576,0.1740800595668521,33.0941462708911,18.671048948894764,68.02865851152546,100.0
train,Haydn/Keyboard_Sonatas/50-1_no_repeat/midi_score.mid,pedal_changes,mixed,cnn,128,1,18,523,395,212,0.6510413403973729,0.8068713282781667,0.9381773780267809,7.172693632993732,2.2055818260107274,22.4830234598222,57.54716981132076
train,Haydn/Keyboard_Sonatas/50-1_no_repeat/midi_score.mid,pedal_changes,mixed,visible_mean,128,1,18,523,395,212,0.7013467974858456,0.8374645052095316,0.9593363256762146,0.0,0.0,0.0,0.0
train,Haydn/Keyboard_Sonatas/50-1_no_repeat/midi_score.mid,pedal_changes,mixed,linear_interpolation,128,1,18,523,395,212,0.8093319252506745,0.899628770799753,0.9591900670177607,-15.396823390643387,0.015245816773468146,14.874578853041989,18.39622641509434
train,Haydn/Keyboard_Sonatas/50-1_no_repeat/midi_score.mid,pedal_changes,small,cnn,391,1,18,1475,1084,0,0.08807054497877462,0.29676681920116105,0.03253443359245541,16.82397264909673,,,
train,Haydn/Keyboard_Sonatas/50-1_no_repeat/midi_score.mid,pedal_changes,small,visible_mean,391,1,18,1475,1084,0,0.10588452921323394,0.32539903075029886,0.0,0.0,,,
train,Haydn/Keyboard_Sonatas/50-1_no_repeat/midi_score.mid,pedal_changes,small,linear_interpolation,391,1,18,1475,1084,0,0.0,0.0,0.0,100.0,,,
train,Haydn/Keyboard_Sonatas/50-1_no_repeat/midi_score.mid,pedal_depth,abrupt,cnn,206,1,18,840,634,525,1.3585818663294023,1.1655822005887884,1.980219920805208,5.55770883541059,1.600748042304767,11.80626774493769,53.714285714285715
train,Haydn/Keyboard_Sonatas/50-1_no_repeat/midi_score.mid,pedal_depth,abrupt,visible_mean,206,1,18,840,634,525,1.4385312443995373,1.1993878623696077,2.0124339173397003,0.0,0.0,0.0,0.0
train,Haydn/Keyboard_Sonatas/50-1_no_repeat/midi_score.mid,pedal_depth,abrupt,linear_interpolation,206,1,18,840,634,525,1.7242447372263963,1.3131049985535796,2.0707301465293724,-19.861472869580933,-2.896802160179046,25.020728781786712,44.76190476190476
train,Haydn/Keyboard_Sonatas/50-1_no_repeat/midi_score.mid,pedal_depth,gradual,cnn,66,1,18,214,148,86,0.4551528865536541,0.6746501956967433,0.1619163829793117,24.98124624957304,-22.71699560432696,47.02881177460168,54.651162790697676
train,Haydn/Keyboard_Sonatas/50-1_no_repeat/midi_score.mid,pedal_depth,gradual,visible_mean,66,1,18,214,148,86,0.6067188053641369,0.7789215656047385,0.1319429164493028,0.0,0.0,0.0,0.0
train,Haydn/Keyboard_Sonatas/50-1_no_repeat/midi_score.mid,pedal_depth,gradual,linear_interpolation,66,1,18,214,148,86,0.33428194468391287,0.5781712070692494,0.11079474357746392,44.903315715871784,16.028274530345687,83.78394341242308,82.55813953488372
train,Haydn/Keyboard_Sonatas/50-1_no_repeat/midi_score.mid,pedal_depth,mixed,cnn,271,1,18,1100,829,736,0.5461517651736469,0.739020815115276,0.5475447214227079,23.232684627687796,-3.347815479236149,23.789361214767723,54.891304347826086
train,Haydn/Keyboard_Sonatas/50-1_no_repeat/midi_score.mid,pedal_depth,mixed,visible_mean,271,1,18,1100,829,736,0.7114378854137036,0.8434677737849287,0.5298077360258441,0.0,0.0,0.0,0.0
train,Haydn/Keyboard_Sonatas/50-1_no_repeat/midi_score.mid,pedal_depth,mixed,linear_interpolation,271,1,18,1100,829,736,0.4469442143431797,0.6685388652450803,0.5340966051141736,37.17733852713225,-0.8095142438841796,24.44136554430087,47.28260869565217
train,Haydn/Keyboard_Sonatas/50-1_no_repeat/midi_score.mid,pedal_depth,small,cnn,331,1,18,1230,899,138,0.1375379069564123,0.3708610345620207,0.03058874875374582,41.402247207321516,-267.28525826824426,161.89822643192034,50.72463768115942
train,Haydn/Keyboard_Sonatas/50-1_no_repeat/midi_score.mid,pedal_depth,small,visible_mean,331,1,18,1230,899,138,0.2347153267857006,0.48447427876586036,0.008328335555304411,0.0,0.0,0.0,0.0
train,Haydn/Keyboard_Sonatas/50-1_no_repeat/midi_score.mid,pedal_depth,small,linear_interpolation,331,1,18,1230,899,138,0.00841349268421275,0.09172509299102809,0.008439010856060525,96.41544810923472,-1.3289005950969823,30.84272779452576,42.7536231884058
train,Haydn/Keyboard_Sonatas/50-1_no_repeat/midi_score.mid,pedal_down_ratio,abrupt,cnn,219,1,18,884,665,500,1.7696218135331359,1.3302713307942617,2.4975025005376725,8.368941405180363,2.613225365783034,10.622133014110421,57.0
train,Haydn/Keyboard_Sonatas/50-1_no_repeat/midi_score.mid,pedal_down_ratio,abrupt,visible_mean,219,1,18,884,665,500,1.9312467199120424,1.3896930308208508,2.5645191658911064,0.0,0.0,0.0,0.0
train,Haydn/Keyboard_Sonatas/50-1_no_repeat/midi_score.mid,pedal_down_ratio,abrupt,linear_interpolation,219,1,18,884,665,500,2.1817265417775515,1.4770668711258645,2.6115024731529997,-12.969850992260422,-1.8320513212295664,25.588472767480674,45.8
train,Haydn/Keyboard_Sonatas/50-1_no_repeat/midi_score.mid,pedal_down_ratio,gradual,cnn,43,1,16,144,101,23,0.36067990111530857,0.6005663170003032,0.17908013196539332,11.521396817898621,-37.19295913075189,42.4025815472204,39.130434782608695
train,Haydn/Keyboard_Sonatas/50-1_no_repeat/midi_score.mid,pedal_down_ratio,gradual,visible_mean,43,1,16,144,101,23,0.40764646834780915,0.6384719792972978,0.1305315761829445,0.0,0.0,0.0,0.0
train,Haydn/Keyboard_Sonatas/50-1_no_repeat/midi_score.mid,pedal_down_ratio,gradual,linear_interpolation,43,1,16,144,101,23,0.38430028115629356,0.619919576361558,0.1247220722571393,5.72706720265177,4.45065025313337,77.96674095963276,78.26086956521739
train,Haydn/Keyboard_Sonatas/50-1_no_repeat/midi_score.mid,pedal_down_ratio,mixed,cnn,223,1,18,891,668,524,0.612139873808223,0.7823936821116483,0.6728205159523154,19.707837401437377,-0.6535873439935003,21.72719425325513,54.961832061068705
train,Haydn/Keyboard_Sonatas/50-1_no_repeat/midi_score.mid,pedal_down_ratio,mixed,visible_mean,223,1,18,891,668,524,0.7623905671450696,0.8731497965097796,0.6684516008881882,0.0,0.0,0.0,0.0
train,Haydn/Keyboard_Sonatas/50-1_no_repeat/midi_score.mid,pedal_down_ratio,mixed,linear_interpolation,223,1,18,891,668,524,0.4803795681391307,0.6930941986044399,0.6808656041835648,36.99035785056836,-1.8571282167447523,20.95972034279141,37.595419847328245
train,Haydn/Keyboard_Sonatas/50-1_no_repeat/midi_score.mid,pedal_down_ratio,small,cnn,389,1,18,1465,1076,60,0.09013928302740191,0.30023204863472175,0.026431345086772667,38.76150825614082,-1006.1326994432105,315.3291524091709,55.0
train,Haydn/Keyboard_Sonatas/50-1_no_repeat/midi_score.mid,pedal_down_ratio,small,visible_mean,389,1,18,1465,1076,60,0.14719383260519447,0.3836584843388642,0.0023895275042567048,0.0,0.0,0.0,0.0
train,Haydn/Keyboard_Sonatas/50-1_no_repeat/midi_score.mid,pedal_down_ratio,small,linear_interpolation,389,1,18,1465,1076,60,0.0025844681608331176,0.050837664785404114,0.0024944789978696316,98.24417360762308,-4.392144196958037,27.204646193400073,33.333333333333336
train,Haydn/Keyboard_Sonatas/50-1_no_repeat/midi_score.mid,rubato,abrupt,cnn,163,1,18,691,528,528,7.417900926868537,2.7235823701273545,11.900494619922624,8.08833061558757,4.255195746971852,8.120370756468718,57.38636363636363
train,Haydn/Keyboard_Sonatas/50-1_no_repeat/midi_score.mid,rubato,abrupt,visible_mean,163,1,18,691,528,528,8.070684578520517,2.840895031239366,12.429389472114611,0.0,0.0,0.0,0.0
train,Haydn/Keyboard_Sonatas/50-1_no_repeat/midi_score.mid,rubato,abrupt,linear_interpolation,163,1,18,691,528,528,10.963667551360912,3.311142937319516,12.977677044799766,-35.84557102553405,-4.411218860871968,16.453777116446496,44.696969696969695
train,Haydn/Keyboard_Sonatas/50-1_no_repeat/midi_score.mid,rubato,gradual,cnn,25,1,13,54,29,29,0.6116858126058025,0.7821034539022331,0.6378947351577582,28.688869283978246,-47.88383183220801,37.62859871861852,41.37931034482759
train,Haydn/Keyboard_Sonatas/50-1_no_repeat/midi_score.mid,rubato,gradual,visible_mean,25,1,13,54,29,29,0.8577704580813393,0.9261589809969665,0.43134853029878645,0.0,0.0,0.0,0.0
train,Haydn/Keyboard_Sonatas/50-1_no_repeat/midi_score.mid,rubato,gradual,linear_interpolation,25,1,13,54,29,29,0.4026284856024725,0.6345301297830328,0.23406810617780763,53.0610454336383,45.73573578292399,77.53885037415532,82.75862068965517
train,Haydn/Keyboard_Sonatas/50-1_no_repeat/midi_score.mid,rubato,mixed,cnn,457,1,18,1871,1414,1414,0.8081422774976569,0.8989673395055333,1.310676228758606,22.65841907268056,2.5503561162673605,22.86782011370527,56.15275813295615
train,Haydn/Keyboard_Sonatas/50-1_no_repeat/midi_score.mid,rubato,mixed,visible_mean,457,1,18,1871,1414,1414,1.044900127212419,1.0222035644686527,1.3449779563303241,0.0,0.0,0.0,0.0
train,Haydn/Keyboard_Sonatas/50-1_no_repeat/midi_score.mid,rubato,mixed,linear_interpolation,457,1,18,1871,1414,1414,1.1084629524099814,1.0528356720827716,1.4154178730750844,-6.083148383485715,-5.23725436638014,22.53290261559468,48.23196605374823
train,Haydn/Keyboard_Sonatas/50-1_no_repeat/midi_score.mid,rubato,small,cnn,229,1,18,768,539,539,0.3615656049190535,0.6013032553704108,0.3819686402765593,27.41094426618207,-10.108936495311283,46.12496695488963,56.40074211502783
train,Haydn/Keyboard_Sonatas/50-1_no_repeat/midi_score.mid,rubato,small,visible_mean,229,1,18,768,539,539,0.4980993364136112,0.7057615294230843,0.34690067167511374,0.0,0.0,0.0,0.0
train,Haydn/Keyboard_Sonatas/50-1_no_repeat/midi_score.mid,rubato,small,linear_interpolation,229,1,18,768,539,539,0.29276502380085284,0.5410776504355478,0.3595617684813588,41.22356678713843,-3.6497758119369283,20.578702341604085,51.20593692022263
train,Haydn/Keyboard_Sonatas/50-1_no_repeat/midi_score.mid,tempo,abrupt,cnn,149,1,18,638,489,489,4.522560215127136,2.126631189258527,7.267570328843036,8.179030858036395,5.008411788367573,8.840147961849972,59.918200408997954
train,Haydn/Keyboard_Sonatas/50-1_no_repeat/midi_score.mid,tempo,abrupt,visible_mean,149,1,18,638,489,489,4.925411109672394,2.219326724408192,7.6507514672263035,0.0,0.0,0.0,0.0
train,Haydn/Keyboard_Sonatas/50-1_no_repeat/midi_score.mid,tempo,abrupt,linear_interpolation,149,1,18,638,489,489,6.773630497916652,2.6026199295933803,7.974378973169235,-37.524164929395894,-4.230009396191492,15.920557768433452,44.58077709611452
train,Haydn/Keyboard_Sonatas/50-1_no_repeat/midi_score.mid,tempo,gradual,cnn,26,1,15,54,28,28,0.42182636593369693,0.6494816132375858,0.2908436779866218,28.5174675536358,-8.025813682618566,43.79703982375573,42.857142857142854
train,Haydn/Keyboard_Sonatas/50-1_no_repeat/midi_score.mid,tempo,gradual,visible_mean,26,1,15,54,28,28,0.5901111103614127,0.7681868980667483,0.26923535039608665,0.0,0.0,0.0,0.0
train,Haydn/Keyboard_Sonatas/50-1_no_repeat/midi_score.mid,tempo,gradual,linear_interpolation,26,1,15,54,28,28,0.29331222164430953,0.5415830699387764,0.17990841316743195,50.295424625258974,33.17801213594018,91.31759029831522,67.85714285714286
train,Haydn/Keyboard_Sonatas/50-1_no_repeat/midi_score.mid,tempo,mixed,cnn,476,1,18,1939,1463,1463,0.4879426179969745,0.6985288956063125,0.7915809728413883,21.21876583633362,2.0045392221538227,24.783151544409325,55.84415584415584
train,Haydn/Keyboard_Sonatas/50-1_no_repeat/midi_score.mid,tempo,mixed,visible_mean,476,1,18,1939,1463,1463,0.6193640188262142,0.7869968353343069,0.8077731014866976,0.0,0.0,0.0,0.0
train,Haydn/Keyboard_Sonatas/50-1_no_repeat/midi_score.mid,tempo,mixed,linear_interpolation,476,1,18,1939,1463,1463,0.6743069965020292,0.8211619794547415,0.8479538269924768,-8.870870119310448,-4.974258914022633,22.507727380519405,49.077238550922765
train,Haydn/Keyboard_Sonatas/50-1_no_repeat/midi_score.mid,tempo,small,cnn,223,1,18,753,530,530,0.22629637889370227,0.47570618967352346,0.25962509425885194,25.697517034278626,-13.381677521567092,49.46533633846235,55.84905660377358
train,Haydn/Keyboard_Sonatas/50-1_no_repeat/midi_score.mid,tempo,small,visible_mean,223,1,18,753,530,530,0.3045609915863802,0.5518704481908596,0.2289832889528971,0.0,0.0,0.0,0.0
train,Haydn/Keyboard_Sonatas/50-1_no_repeat/midi_score.mid,tempo,small,linear_interpolation,223,1,18,753,530,530,0.17361602436042525,0.41667256252413026,0.2411734238428372,42.994661444952676,-5.3235914924986805,19.462721594858635,47.35849056603774
train,Liszt/Gran_Etudes_de_Paganini/2_La_campanella/midi_score.mid,articulation,abrupt,cnn,135,1,28,565,430,429,3.2863229854413065,1.8128218294805771,5.113549334067801,7.913439090512064,2.0278754402150656,11.18378409901577,57.34265734265734
train,Liszt/Gran_Etudes_de_Paganini/2_La_campanella/midi_score.mid,articulation,abrupt,visible_mean,135,1,28,565,430,429,3.568732454534207,1.8891089048898708,5.219392104687278,0.0,0.0,0.0,0.0
train,Liszt/Gran_Etudes_de_Paganini/2_La_campanella/midi_score.mid,articulation,abrupt,linear_interpolation,135,1,28,565,430,429,4.408798414305641,2.099713888677608,5.395626335336639,-23.53961723031659,-3.3765279004636106,21.54374599295483,45.45454545454545
train,Liszt/Gran_Etudes_de_Paganini/2_La_campanella/midi_score.mid,articulation,gradual,cnn,28,1,19,56,28,28,0.42026680128459193,0.6482798788213251,0.28826784307449316,18.13800807558148,8.579732157945031,34.98241814481111,50.0
train,Liszt/Gran_Etudes_de_Paganini/2_La_campanella/midi_score.mid,articulation,gradual,visible_mean,28,1,19,56,28,28,0.5133845285277392,0.7165085683561218,0.3153215910201969,0.0,0.0,0.0,0.0
train,Liszt/Gran_Etudes_de_Paganini/2_La_campanella/midi_score.mid,articulation,gradual,linear_interpolation,28,1,19,56,28,28,0.5738260320014037,0.7575130573141322,0.2934582513117046,-11.77314471220936,6.93366402146941,105.66800686253526,71.42857142857143
train,Liszt/Gran_Etudes_de_Paganini/2_La_campanella/midi_score.mid,articulation,mixed,cnn,377,1,29,1499,1122,1121,1.109346164830615,1.0532550331380406,1.4756139355420288,5.8421251432023364,-0.9119336768232511,20.62495375361345,52.185548617305976
train,Liszt/Gran_Etudes_de_Paganini/2_La_campanella/midi_score.mid,articulation,mixed,visible_mean,377,1,29,1499,1122,1121,1.1781767234209477,1.0854384936148835,1.4622789216068084,0.0,0.0,0.0,0.0
train,Liszt/Gran_Etudes_de_Paganini/2_La_campanella/midi_score.mid,articulation,mixed,linear_interpolation,377,1,29,1499,1122,1121,1.2402109880347088,1.1136476049607025,1.453006520987208,-5.265276709392008,0.6341061532509462,20.35666695042737,52.007136485281
train,Liszt/Gran_Etudes_de_Paganini/2_La_campanella/midi_score.mid,articulation,small,cnn,258,1,29,757,499,496,0.3733926788186446,0.6110586541557567,0.4246164514167306,12.139536378852112,-6.40324324867918,36.87321359402749,55.443548387096776
train,Liszt/Gran_Etudes_de_Paganini/2_La_campanella/midi_score.mid,articulation,small,visible_mean,258,1,29,757,499,496,0.4249837337857724,0.6519077647840777,0.39906344811721844,0.0,0.0,0.0,0.0
train,Liszt/Gran_Etudes_de_Paganini/2_La_campanella/midi_score.mid,articulation,small,linear_interpolation,258,1,29,757,499,496,0.2988403976696568,0.546662965335733,0.41861561468748343,29.681920997875764,-4.8995132634953364,20.82533176528493,51.00806451612903
train,Liszt/Gran_Etudes_de_Paganini/2_La_campanella/midi_score.mid,dynamics,abrupt,cnn,163,1,29,649,486,485,2.187673174761431,1.479078488370861,2.8459266469965465,3.004535987321344,3.0746916746776987,13.974177665009154,54.63917525773196
train,Liszt/Gran_Etudes_de_Paganini/2_La_campanella/midi_score.mid,dynamics,abrupt,visible_mean,163,1,29,649,486,485,2.255438640383711,1.5018117859384748,2.936205926159568,0.0,0.0,0.0,0.0
train,Liszt/Gran_Etudes_de_Paganini/2_La_campanella/midi_score.mid,dynamics,abrupt,linear_interpolation,163,1,29,649,486,485,2.6845812913630134,1.6384691914598253,2.9294696095613832,-19.027015113401347,0.22942248492071604,19.137144273118416,49.27835051546392
train,Liszt/Gran_Etudes_de_Paganini/2_La_campanella/midi_score.mid,dynamics,gradual,cnn,40,1,24,108,68,67,0.500041630593224,0.7071362178486009,0.37104746401471733,41.73955346390318,1.2782811152507234,39.80717112600901,61.19402985074627
train,Liszt/Gran_Etudes_de_Paganini/2_La_campanella/midi_score.mid,dynamics,gradual,visible_mean,40,1,24,108,68,67,0.8582866426940443,0.9264376086353815,0.37585190797567997,0.0,0.0,0.0,0.0
train,Liszt/Gran_Etudes_de_Paganini/2_La_campanella/midi_score.mid,dynamics,gradual,linear_interpolation,40,1,24,108,68,67,0.20728185312038083,0.45528216868265425,0.22226647430002183,75.84934416901194,40.86328429270502,83.01494131118024,88.05970149253731
train,Liszt/Gran_Etudes_de_Paganini/2_La_campanella/midi_score.mid,dynamics,mixed,cnn,372,1,29,1508,1136,1135,0.7728332573610796,0.8791093546090154,0.9015391539709731,12.77327001548808,-1.0222623674368325,21.40371163528497,53.74449339207048
train,Liszt/Gran_Etudes_de_Paganini/2_La_campanella/midi_score.mid,dynamics,mixed,visible_mean,372,1,29,1508,1136,1135,0.886005078372541,0.9412784276570567,0.8924163177933065,0.0,0.0,0.0,0.0
train,Liszt/Gran_Etudes_de_Paganini/2_La_campanella/midi_score.mid,dynamics,mixed,linear_interpolation,372,1,29,1508,1136,1135,0.8546133539142119,0.9244530025448627,0.8769881304393657,3.5430637165185352,1.728810539019543,24.917852655484424,55.06607929515418
train,Liszt/Gran_Etudes_de_Paganini/2_La_campanella/midi_score.mid,dynamics,small,cnn,223,1,29,612,389,386,0.3067624781498521,0.5538614250422682,0.3071936812656664,25.7228642399004,-10.276757106379964,37.11971391405665,53.10880829015544
train,Liszt/Gran_Etudes_de_Paganini/2_La_campanella/midi_score.mid,dynamics,small,visible_mean,223,1,29,612,389,386,0.412997182794762,0.6426485686553437,0.27856611794389985,0.0,0.0,0.0,0.0
train,Liszt/Gran_Etudes_de_Paganini/2_La_campanella/midi_score.mid,dynamics,small,linear_interpolation,223,1,29,612,389,386,0.2715772445690715,0.5211307365422534,0.29739493314222326,34.24234937117448,-6.759190721864927,22.503290912265744,49.22279792746114
train,Liszt/Gran_Etudes_de_Paganini/2_La_campanella/midi_score.mid,pedal_changes,abrupt,cnn,69,1,24,266,197,155,3.086430825494775,1.7568240735756029,5.272947705480176,2.1258155705873083,2.0623798029891116,11.36482201297722,55.483870967741936
train,Liszt/Gran_Etudes_de_Paganini/2_La_campanella/midi_score.mid,pedal_changes,abrupt,visible_mean,69,1,24,266,197,155,3.1534677335888537,1.7758005894775613,5.3839859441889,0.0,0.0,0.0,0.0
train,Liszt/Gran_Etudes_de_Paganini/2_La_campanella/midi_score.mid,pedal_changes,abrupt,linear_interpolation,69,1,24,266,197,155,5.092461745169168,2.256648343266883,5.534032318085476,-61.487675644412306,-2.7869012930564097,21.772733533244587,41.935483870967744
train,Liszt/Gran_Etudes_de_Paganini/2_La_campanella/midi_score.mid,pedal_changes,gradual,cnn,130,1,28,358,228,31,0.3411461874648637,0.58407721019131,0.23338150633007115,-5.632377891991913,-27.67884011013051,51.40740670741645,48.38709677419355
train,Liszt/Gran_Etudes_de_Paganini/2_La_campanella/midi_score.mid,pedal_changes,gradual,visible_mean,130,1,28,358,228,31,0.32295608058135583,0.5682922492708798,0.18278792799869256,0.0,0.0,0.0,0.0
train,Liszt/Gran_Etudes_de_Paganini/2_La_campanella/midi_score.mid,pedal_changes,gradual,linear_interpolation,130,1,28,358,228,31,0.36194921946522923,0.6016221567273177,0.15318991755025635,-12.073820939888025,16.192541144537685,70.15990701399838,100.0
train,Liszt/Gran_Etudes_de_Paganini/2_La_campanella/midi_score.mid,pedal_changes,mixed,cnn,496,1,29,1968,1472,1017,0.8060901791271493,0.8978252497714404,1.311346811321473,2.47503079962611,-2.7750225550424945,19.8068311800004,50.63913470993117
train,Liszt/Gran_Etudes_de_Paganini/2_La_campanella/midi_score.mid,pedal_changes,mixed,visible_mean,496,1,29,1968,1472,1017,0.8265474839278995,0.9091465690018851,1.2759392104430474,0.0,0.0,0.0,0.0
train,Liszt/Gran_Etudes_de_Paganini/2_La_campanella/midi_score.mid,pedal_changes,mixed,linear_interpolation,496,1,29,1968,1472,1017,1.0119703705684722,1.0059673804694027,1.3239508985873618,-22.433422186395212,-3.762850749577895,17.923339474076595,30.48180924287119
train,Liszt/Gran_Etudes_de_Paganini/2_La_campanella/midi_score.mid,pedal_changes,small,cnn,103,1,29,285,182,0,0.11099141528678616,0.3331537412168534,0.044350745056655004,3.5090448361355,,,
train,Liszt/Gran_Etudes_de_Paganini/2_La_campanella/midi_score.mid,pedal_changes,small,visible_mean,103,1,29,285,182,0,0.11502779208506791,0.33915747387470013,0.0,0.0,,,
train,Liszt/Gran_Etudes_de_Paganini/2_La_campanella/midi_score.mid,pedal_changes,small,linear_interpolation,103,1,29,285,182,0,0.0,0.0,0.0,100.0,,,
train,Liszt/Gran_Etudes_de_Paganini/2_La_campanella/midi_score.mid,pedal_depth,abrupt,cnn,232,1,29,897,665,662,1.488207677247023,1.219921176653239,2.2773973578614304,12.031559741105314,3.0519250204854242,12.672051771491521,55.740181268882175
train,Liszt/Gran_Etudes_de_Paganini/2_La_campanella/midi_score.mid,pedal_depth,abrupt,visible_mean,232,1,29,897,665,662,1.6917518065196648,1.3006735972255548,2.349089817763428,0.0,0.0,0.0,0.0
train,Liszt/Gran_Etudes_de_Paganini/2_La_campanella/midi_score.mid,pedal_depth,abrupt,linear_interpolation,232,1,29,897,665,662,1.8538344117839811,1.361555879053071,2.3958242506223746,-9.580755559987185,-1.9894698153109625,19.56497871327291,49.546827794561935
train,Liszt/Gran_Etudes_de_Paganini/2_La_campanella/midi_score.mid,pedal_depth,gradual,cnn,40,1,25,96,56,50,0.4105779778671887,0.6407635896859221,0.20217062757949883,2.47831909562245,-7.138543757602522,33.43229946362376,60.0
train,Liszt/Gran_Etudes_de_Paganini/2_La_campanella/midi_score.mid,pedal_depth,gradual,visible_mean,40,1,25,96,56,50,0.4210119986239477,0.6488543739730416,0.18870018248232243,0.0,0.0,0.0,0.0
train,Liszt/Gran_Etudes_de_Paganini/2_La_campanella/midi_score.mid,pedal_depth,gradual,linear_interpolation,40,1,25,96,56,50,0.1969362222523702,0.4437749680326395,0.1449124223636891,53.22313309453309,23.204937876907138,78.01428350471754,78.0
train,Liszt/Gran_Etudes_de_Paganini/2_La_campanella/midi_score.mid,pedal_depth,mixed,cnn,353,1,29,1367,1014,991,0.46616825392851796,0.6827651528369898,0.4766381039839164,11.369129708056713,-5.439794806384968,26.870290858430142,49.848637739656915
train,Liszt/Gran_Etudes_de_Paganini/2_La_campanella/midi_score.mid,pedal_depth,mixed,visible_mean,353,1,29,1367,1014,991,0.5259660120599013,0.725235142598524,0.45204763994386427,0.0,0.0,0.0,0.0
train,Liszt/Gran_Etudes_de_Paganini/2_La_campanella/midi_score.mid,pedal_depth,mixed,linear_interpolation,353,1,29,1367,1014,991,0.45669147420670175,0.6757895191601463,0.45008921431493104,13.170915280607531,0.43323434432185337,24.889841898746752,54.89404641775984
train,Liszt/Gran_Etudes_de_Paganini/2_La_campanella/midi_score.mid,pedal_depth,small,cnn,173,1,29,517,344,314,0.1397477798518196,0.373828543388302,0.07225060442502772,17.345328661918213,-66.76492704994045,79.9394934296548,47.77070063694268
train,Liszt/Gran_Etudes_de_Paganini/2_La_campanella/midi_score.mid,pedal_depth,small,visible_mean,173,1,29,517,344,314,0.16907426717627405,0.41118641414360235,0.043324819974520846,0.0,0.0,0.0,0.0
train,Liszt/Gran_Etudes_de_Paganini/2_La_campanella/midi_score.mid,pedal_depth,small,linear_interpolation,173,1,29,517,344,314,0.03441407190990161,0.18551030135790736,0.04479499881962439,79.64558860159242,-3.393387083819732,23.563459717990128,47.77070063694268
train,Liszt/Gran_Etudes_de_Paganini/2_La_campanella/midi_score.mid,pedal_down_ratio,abrupt,cnn,234,1,29,902,668,656,1.6943345633425957,1.3016660721331703,2.5525145676223477,10.455029128269056,2.4694324960910286,11.81852656984788,55.640243902439025
train,Liszt/Gran_Etudes_de_Paganini/2_La_campanella/midi_score.mid,pedal_down_ratio,abrupt,visible_mean,234,1,29,902,668,656,1.8921604941606962,1.3755582481889657,2.6171431510639414,0.0,0.0,0.0,0.0
train,Liszt/Gran_Etudes_de_Paganini/2_La_campanella/midi_score.mid,pedal_down_ratio,abrupt,linear_interpolation,234,1,29,902,668,656,2.0708157836669687,1.4390329334893517,2.6839705122266704,-9.441867645879508,-2.5534469192318276,19.768705563057523,49.08536585365854
train,Liszt/Gran_Etudes_de_Paganini/2_La_campanella/midi_score.mid,pedal_down_ratio,gradual,cnn,48,1,24,106,58,42,0.5618545962678586,0.7495696073533522,0.15321817276749694,25.986653073885634,5.7336196690222385,36.433957933215915,57.142857142857146
train,Liszt/Gran_Etudes_de_Paganini/2_La_campanella/midi_score.mid,pedal_down_ratio,gradual,visible_mean,48,1,24,106,58,42,0.7591260490202446,0.8712783992618229,0.16253745209006024,0.0,0.0,0.0,0.0
train,Liszt/Gran_Etudes_de_Paganini/2_La_campanella/midi_score.mid,pedal_down_ratio,gradual,linear_interpolation,48,1,24,106,58,42,0.2025171326735873,0.4500190359013575,0.10583362148028198,73.32233126040619,34.886624516766304,83.27614826162667,83.33333333333333
train,Liszt/Gran_Etudes_de_Paganini/2_La_campanella/midi_score.mid,pedal_down_ratio,mixed,cnn,339,1,29,1329,990,934,0.45239446145524104,0.672602751596543,0.49383930001204124,13.457932311890042,-2.956109685945063,25.583059839333806,52.24839400428265
train,Liszt/Gran_Etudes_de_Paganini/2_La_campanella/midi_score.mid,pedal_down_ratio,mixed,visible_mean,339,1,29,1329,990,934,0.5227451498913004,0.7230111685799192,0.47966002359494475,0.0,0.0,0.0,0.0
train,Liszt/Gran_Etudes_de_Paganini/2_La_campanella/midi_score.mid,pedal_down_ratio,mixed,linear_interpolation,339,1,29,1329,990,934,0.5046238452803602,0.7103688093380509,0.47728036868530727,3.4665658045241243,0.4961128283742511,24.71246963320065,54.81798715203426
train,Liszt/Gran_Etudes_de_Paganini/2_La_campanella/midi_score.mid,pedal_down_ratio,small,cnn,177,1,29,540,363,262,0.10822676682561297,0.3289783683247471,0.06037526745810767,29.93164015442602,-143.7414253205119,113.1826528168919,46.56488549618321
train,Liszt/Gran_Etudes_de_Paganini/2_La_campanella/midi_score.mid,pedal_down_ratio,small,visible_mean,177,1,29,540,363,262,0.1544588271569901,0.3930125025453899,0.024770211866413844,0.0,0.0,0.0,0.0
train,Liszt/Gran_Etudes_de_Paganini/2_La_campanella/midi_score.mid,pedal_down_ratio,small,linear_interpolation,177,1,29,540,363,262,0.020376378303141967,0.1427458521398852,0.02543610031132883,86.80789005187016,-2.6882630173134414,20.741598373036492,43.12977099236641
train,Liszt/Gran_Etudes_de_Paganini/2_La_campanella/midi_score.mid,rubato,abrupt,cnn,171,1,28,674,503,485,8.146543286792697,2.854215003603039,10.322538767267124,10.80133973301638,4.648374229560437,12.567222998831,60.0
train,Liszt/Gran_Etudes_de_Paganini/2_La_campanella/midi_score.mid,rubato,abrupt,visible_mean,171,1,28,674,503,485,9.133033234365847,3.022090871295211,10.825760634767558,0.0,0.0,0.0,0.0
train,Liszt/Gran_Etudes_de_Paganini/2_La_campanella/midi_score.mid,rubato,abrupt,linear_interpolation,171,1,28,674,503,485,12.678702813217237,3.560716615123596,10.776937104059392,-38.82247537991779,0.45099399806943774,29.520534803475527,52.78350515463917
train,Liszt/Gran_Etudes_de_Paganini/2_La_campanella/midi_score.mid,rubato,gradual,cnn,45,1,24,101,56,55,0.8128330336467136,0.9015725337690327,0.7099383547330842,20.842474589623617,-0.33094026001914134,29.165715190010832,56.36363636363637
train,Liszt/Gran_Etudes_de_Paganini/2_La_campanella/midi_score.mid,rubato,gradual,visible_mean,45,1,24,101,56,55,1.0268550329646398,1.0133385579186454,0.7075966325972801,0.0,0.0,0.0,0.0
train,Liszt/Gran_Etudes_de_Paganini/2_La_campanella/midi_score.mid,rubato,gradual,linear_interpolation,45,1,24,101,56,55,0.6167946820551431,0.7853627709887597,0.3775224510043193,39.9336165033548,46.64722334550996,78.90313315000593,78.18181818181819
train,Liszt/Gran_Etudes_de_Paganini/2_La_campanella/midi_score.mid,rubato,mixed,cnn,297,1,29,1205,908,893,1.0675715266817678,1.033233529596174,1.2416933551824638,15.294575874578664,-3.0198345740965804,25.7788221648201,52.183650615901456
train,Liszt/Gran_Etudes_de_Paganini/2_La_campanella/midi_score.mid,rubato,mixed,visible_mean,297,1,29,1205,908,893,1.2603343147199637,1.1226461217676582,1.2052954271532839,0.0,0.0,0.0,0.0
train,Liszt/Gran_Etudes_de_Paganini/2_La_campanella/midi_score.mid,rubato,mixed,linear_interpolation,297,1,29,1205,908,893,1.1923938588094811,1.0919678835979936,1.185612156946774,5.390669373750923,1.63306603203488,23.991037966224255,55.99104143337066
train,Liszt/Gran_Etudes_de_Paganini/2_La_campanella/midi_score.mid,rubato,small,cnn,285,1,29,897,612,605,0.35347971533842437,0.5945416010157947,0.3833445796874716,25.263563234592944,-28.9834713060104,53.09567164674205,48.925619834710744
train,Liszt/Gran_Etudes_de_Paganini/2_La_campanella/midi_score.mid,rubato,small,visible_mean,285,1,29,897,612,605,0.4729683814709749,0.6877269672413427,0.2972044214704031,0.0,0.0,0.0,0.0
train,Liszt/Gran_Etudes_de_Paganini/2_La_campanella/midi_score.mid,rubato,small,linear_interpolation,285,1,29,897,612,605,0.2631957944123618,0.5130261147469608,0.31005954159022864,44.35234896806446,-4.325346189745605,21.455894982893344,49.421487603305785
train,Liszt/Gran_Etudes_de_Paganini/2_La_campanella/midi_score.mid,tempo,abrupt,cnn,199,1,28,789,590,572,5.469040215212026,2.338597916532901,6.948308374166218,11.14569479374181,4.609846676541118,12.584681823550051,56.29370629370629
train,Liszt/Gran_Etudes_de_Paganini/2_La_campanella/midi_score.mid,tempo,abrupt,visible_mean,199,1,28,789,590,572,6.155064971265827,2.480940340126265,7.284093936409945,0.0,0.0,0.0,0.0
train,Liszt/Gran_Etudes_de_Paganini/2_La_campanella/midi_score.mid,tempo,abrupt,linear_interpolation,199,1,28,789,590,572,8.492786390355068,2.914238560988971,7.2023672914255075,-37.98045073451879,1.1219877955708668,29.864620970604065,54.19580419580419
train,Liszt/Gran_Etudes_de_Paganini/2_La_campanella/midi_score.mid,tempo,gradual,cnn,47,1,22,111,64,63,0.6171012417034275,0.7855579174723067,0.49661219692390146,31.623007752334477,-3.339825183758105,36.00553055570164,50.79365079365079
train,Liszt/Gran_Etudes_de_Paganini/2_La_campanella/midi_score.mid,tempo,gradual,visible_mean,47,1,22,111,64,63,0.9024983717743099,0.949999143038724,0.48056225762026344,0.0,0.0,0.0,0.0
train,Liszt/Gran_Etudes_de_Paganini/2_La_campanella/midi_score.mid,tempo,gradual,linear_interpolation,47,1,22,111,64,63,0.29509975729243276,0.5432308508290309,0.23550180321348568,67.30190695942562,50.99452787247862,72.75412163620767,80.95238095238095
train,Liszt/Gran_Etudes_de_Paganini/2_La_campanella/midi_score.mid,tempo,mixed,cnn,314,1,29,1261,947,933,0.727025766090224,0.8526580593005756,0.785315665809803,15.796105868649345,-4.881373547129209,29.172390564674693,51.98285101822079
train,Liszt/Gran_Etudes_de_Paganini/2_La_campanella/midi_score.mid,tempo,mixed,visible_mean,314,1,29,1261,947,933,0.8634110970641427,0.9291991697500287,0.7487656189560826,0.0,0.0,0.0,0.0
train,Liszt/Gran_Etudes_de_Paganini/2_La_campanella/midi_score.mid,tempo,mixed,linear_interpolation,314,1,29,1261,947,933,0.7561088923004182,0.869545221538488,0.7482841351147979,12.427707395536636,0.06430367916144819,24.268317009098343,54.769560557341904
train,Liszt/Gran_Etudes_de_Paganini/2_La_campanella/midi_score.mid,tempo,small,cnn,238,1,29,716,478,470,0.24106729601395518,0.4909860446224059,0.2369511740988335,22.062091286289544,-22.296975121659244,53.078678283843495,50.638297872340424
train,Liszt/Gran_Etudes_de_Paganini/2_La_campanella/midi_score.mid,tempo,small,visible_mean,238,1,29,716,478,470,0.3093068572053535,0.5561536273417207,0.19375064171711356,0.0,0.0,0.0,0.0
train,Liszt/Gran_Etudes_de_Paganini/2_La_campanella/midi_score.mid,tempo,small,linear_interpolation,238,1,29,716,478,470,0.1800873629815776,0.42436701448342756,0.2056951611968326,41.777119133826744,-6.164892861185289,21.941498798514463,48.297872340425535
train,Liszt/Transcendental_Etudes/5/midi_score.mid,articulation,abrupt,cnn,52,1,11,212,160,159,2.129240278383829,1.4591916523828627,3.814240811069247,6.18674453625947,3.25407039108353,15.555948053772099,57.23270440251572
train,Liszt/Transcendental_Etudes/5/midi_score.mid,articulation,abrupt,visible_mean,52,1,11,212,160,159,2.2696582352445867,1.506538494444993,3.9425336306011496,0.0,0.0,0.0,0.0
train,Liszt/Transcendental_Etudes/5/midi_score.mid,articulation,abrupt,linear_interpolation,52,1,11,212,160,159,3.607696466208978,1.899393710163582,4.266589498184287,-58.953291301154835,-8.219482646080213,22.18783467888642,46.540880503144656
train,Liszt/Transcendental_Etudes/5/midi_score.mid,articulation,gradual,cnn,12,1,7,28,16,15,1.572867833284527,1.2541402765578207,0.7600564906705662,10.792838518407667,-299.9419267027594,133.50046480245706,60.0
train,Liszt/Transcendental_Etudes/5/midi_score.mid,articulation,gradual,visible_mean,12,1,7,28,16,15,1.7631631891001085,1.3278415527087968,0.19004171353993785,0.0,0.0,0.0,0.0
train,Liszt/Transcendental_Etudes/5/midi_score.mid,articulation,gradual,linear_interpolation,12,1,7,28,16,15,0.41793230827169964,0.6464768427961667,0.20139472599643993,76.29644772217563,-5.973958161620252,121.27516927727335,80.0
train,Liszt/Transcendental_Etudes/5/midi_score.mid,articulation,mixed,cnn,166,1,11,640,474,472,0.9825200666989009,0.9912215023388571,1.4162646291577832,7.533383561284024,-1.79597577767463,23.60477897068592,51.271186440677965
train,Liszt/Transcendental_Etudes/5/midi_score.mid,articulation,mixed,visible_mean,166,1,11,640,474,472,1.062567340019503,1.030809070594309,1.391277620100569,0.0,0.0,0.0,0.0
train,Liszt/Transcendental_Etudes/5/midi_score.mid,articulation,mixed,linear_interpolation,166,1,11,640,474,472,1.2698380230662132,1.1268708990235807,1.4271600828623798,-19.50659268737789,-2.5791015569715636,22.839893342765365,52.11864406779661
train,Liszt/Transcendental_Etudes/5/midi_score.mid,articulation,small,cnn,69,1,11,177,108,105,0.3440392350863323,0.5865485786244241,0.4146794712628263,1.780807765199477,-9.626096808062968,64.48144430038295,57.142857142857146
train,Liszt/Transcendental_Etudes/5/midi_score.mid,articulation,small,visible_mean,69,1,11,177,108,105,0.35027699501323534,0.5918420355240369,0.3782671127923682,0.0,0.0,0.0,0.0
train,Liszt/Transcendental_Etudes/5/midi_score.mid,articulation,small,linear_interpolation,69,1,11,177,108,105,0.3073725737135074,0.5544119170017068,0.4103594072144999,12.248712279293928,-8.484029760141286,28.117527553365967,45.714285714285715
train,Liszt/Transcendental_Etudes/5/midi_score.mid,dynamics,abrupt,cnn,82,1,11,331,249,248,1.9381334151469238,1.3921686015518824,2.8106035754461858,7.452875796788206,4.437966915464974,14.86429544317493,58.46774193548387
train,Liszt/Transcendental_Etudes/5/midi_score.mid,dynamics,abrupt,visible_mean,82,1,11,331,249,248,2.094212469413136,1.4471394091148013,2.941129949547956,0.0,0.0,0.0,0.0
train,Liszt/Transcendental_Etudes/5/midi_score.mid,dynamics,abrupt,linear_interpolation,82,1,11,331,249,248,2.3334260580680524,1.5275555826443934,3.002158001242215,-11.422603587206769,-2.074986577986415,20.460270062159747,50.403225806451616
train,Liszt/Transcendental_Etudes/5/midi_score.mid,dynamics,gradual,cnn,20,1,10,36,16,16,0.48751942530056624,0.6982259127965434,0.8462027810978723,19.92379169054206,4.3253732864074195,27.23985261336594,56.25
train,Liszt/Transcendental_Etudes/5/midi_score.mid,dynamics,gradual,visible_mean,20,1,10,36,16,16,0.6088193179883424,0.780268747284128,0.8844589314479672,0.0,0.0,0.0,0.0
train,Liszt/Transcendental_Etudes/5/midi_score.mid,dynamics,gradual,linear_interpolation,20,1,10,36,16,16,0.41997175904502726,0.6480522811047171,0.49520496374440737,31.018654198967322,44.01040612098331,62.4041734381942,75.0
train,Liszt/Transcendental_Etudes/5/midi_score.mid,dynamics,mixed,cnn,143,1,11,545,402,400,0.7980265209549702,0.8933233014731957,0.9839257938531203,7.897922193136231,-3.67760398892778,28.55238278549528,50.25
train,Liszt/Transcendental_Etudes/5/midi_score.mid,dynamics,mixed,visible_mean,143,1,11,545,402,400,0.8664587596258316,0.9308376655603444,0.9490244334332788,0.0,0.0,0.0,0.0
train,Liszt/Transcendental_Etudes/5/midi_score.mid,dynamics,mixed,linear_interpolation,143,1,11,545,402,400,0.9048205266249645,0.9512205457331988,0.952522112968413,-4.427419836542357,-0.3685552670631198,27.16571759829739,57.75
train,Liszt/Transcendental_Etudes/5/midi_score.mid,dynamics,small,cnn,54,1,11,145,91,88,0.40550203693307757,0.6367904183741128,0.27809780901846004,25.916422033952212,-5.6644183494176215,35.678492355076216,51.13636363636363
train,Liszt/Transcendental_Etudes/5/midi_score.mid,dynamics,small,visible_mean,54,1,11,145,91,88,0.5473575224983296,0.7398361457095277,0.2631896463943321,0.0,0.0,0.0,0.0
train,Liszt/Transcendental_Etudes/5/midi_score.mid,dynamics,small,linear_interpolation,54,1,11,145,91,88,0.19781191695472863,0.44476051640712067,0.2717463850331087,63.86056483670007,-3.251168408789229,24.38237982708285,47.72727272727273
train,Liszt/Transcendental_Etudes/5/midi_score.mid,pedal_changes,abrupt,cnn,40,1,11,150,110,95,2.3078541565461332,1.51916232067088,4.116510407318611,7.290272362404016,1.2998475524919506,17.052521832615426,58.94736842105263
train,Liszt/Transcendental_Etudes/5/midi_score.mid,pedal_changes,abrupt,visible_mean,40,1,11,150,110,95,2.4893333368075217,1.577762129348883,4.170723454057383,0.0,0.0,0.0,0.0
train,Liszt/Transcendental_Etudes/5/midi_score.mid,pedal_changes,abrupt,linear_interpolation,40,1,11,150,110,95,3.3742441272777137,1.8369115730697854,4.441160202990149,-35.54810347757835,-6.484168799772094,18.183165691959605,34.73684210526316
train,Liszt/Transcendental_Etudes/5/midi_score.mid,pedal_changes,gradual,cnn,51,1,11,142,91,14,0.5989339661460071,0.7739082414253043,0.2663686002239765,-9.432389181878476,-10.239165963974784,40.799726679582726,50.0
train,Liszt/Transcendental_Etudes/5/midi_score.mid,pedal_changes,gradual,visible_mean,51,1,11,142,91,14,0.5473095951058592,0.7398037544550982,0.24162791680683024,0.0,0.0,0.0,0.0
train,Liszt/Transcendental_Etudes/5/midi_score.mid,pedal_changes,gradual,linear_interpolation,51,1,11,142,91,14,0.4087527458733272,0.6393377400664904,0.17063317289362367,25.31599125459013,29.38184662245108,70.76554378779963,100.0
train,Liszt/Transcendental_Etudes/5/midi_score.mid,pedal_changes,mixed,cnn,165,1,11,631,466,325,0.7972492491535926,0.8928881504161609,1.2550923266895548,-3.7106043071814643,-2.199443386836575,28.252241093202617,55.38461538461539
train,Liszt/Transcendental_Etudes/5/midi_score.mid,pedal_changes,mixed,visible_mean,165,1,11,631,466,325,0.768724909549473,0.8767695874911909,1.2280813721645107,0.0,0.0,0.0,0.0
train,Liszt/Transcendental_Etudes/5/midi_score.mid,pedal_changes,mixed,linear_interpolation,165,1,11,631,466,325,0.8715866988055119,0.9335880776903226,1.2723987972855189,-13.380832073767856,-3.6086717155311865,19.380476480575343,35.69230769230769
train,Liszt/Transcendental_Etudes/5/midi_score.mid,pedal_changes,small,cnn,43,1,11,134,91,0,0.0811923174106326,0.2849426563549807,0.056897417046348424,35.458413115883225,,,
train,Liszt/Transcendental_Etudes/5/midi_score.mid,pedal_changes,small,visible_mean,43,1,11,134,91,0,0.12579845233184597,0.354680775249866,0.0,0.0,,,
train,Liszt/Transcendental_Etudes/5/midi_score.mid,pedal_changes,small,linear_interpolation,43,1,11,134,91,0,0.0,0.0,0.0,100.0,,,
train,Liszt/Transcendental_Etudes/5/midi_score.mid,pedal_depth,abrupt,cnn,79,1,11,309,230,211,1.3836728231820132,1.1762962310498208,1.9043753381340838,6.418183205912165,2.7346995026561682,14.814047135514633,55.45023696682465
train,Liszt/Transcendental_Etudes/5/midi_score.mid,pedal_depth,abrupt,visible_mean,79,1,11,309,230,211,1.4785701652133652,1.2159647055788112,1.957918526336213,0.0,0.0,0.0,0.0
train,Liszt/Transcendental_Etudes/5/midi_score.mid,pedal_depth,abrupt,linear_interpolation,79,1,11,309,230,211,1.5201394794100955,1.2329393656664935,2.0266832244792448,-2.811453603943903,-3.512132768451237,21.17362951559792,46.44549763033175
train,Liszt/Transcendental_Etudes/5/midi_score.mid,pedal_depth,gradual,cnn,32,1,10,78,46,28,0.336930582664236,0.5804572186339283,0.1831006003792132,13.936556585619275,-4.667385023049175,46.605745499930805,50.0
train,Liszt/Transcendental_Etudes/5/midi_score.mid,pedal_depth,gradual,visible_mean,32,1,10,78,46,28,0.3914909388902475,0.6256923676138678,0.1749356787110827,0.0,0.0,0.0,0.0
train,Liszt/Transcendental_Etudes/5/midi_score.mid,pedal_depth,gradual,linear_interpolation,32,1,10,78,46,28,0.24893840463880104,0.4989372752549172,0.10745669534207815,36.412728901347656,38.57359680208538,69.98407745329982,85.71428571428571
train,Liszt/Transcendental_Etudes/5/midi_score.mid,pedal_depth,mixed,cnn,149,1,11,554,405,389,0.5026403357737412,0.7089713222505839,0.6057362554954971,3.5334930299866896,-9.302692348564578,33.372829977697826,55.526992287917736
train,Liszt/Transcendental_Etudes/5/midi_score.mid,pedal_depth,mixed,visible_mean,149,1,11,554,405,389,0.5210516598574336,0.7218390816916425,0.5541823741759386,0.0,0.0,0.0,0.0
train,Liszt/Transcendental_Etudes/5/midi_score.mid,pedal_depth,mixed,linear_interpolation,149,1,11,554,405,389,0.49069745259322056,0.7004980032756842,0.570625988941158,5.825565793710041,-2.967184726809613,24.72327799520269,47.55784061696658
train,Liszt/Transcendental_Etudes/5/midi_score.mid,pedal_depth,small,cnn,39,1,11,116,77,35,0.13312790595690174,0.36486697021914954,0.062150727911099254,15.381224069168297,-68.59823995078781,86.16731513582332,62.857142857142854
train,Liszt/Transcendental_Etudes/5/midi_score.mid,pedal_depth,small,visible_mean,39,1,11,116,77,35,0.15732667424274954,0.39664426662029234,0.0368632127649971,0.0,0.0,0.0,0.0
train,Liszt/Transcendental_Etudes/5/midi_score.mid,pedal_depth,small,linear_interpolation,39,1,11,116,77,35,0.0361269772902056,0.19007097961079067,0.03965009194605878,77.03696625884118,-7.5600550576750525,27.79607549266045,42.857142857142854
train,Liszt/Transcendental_Etudes/5/midi_score.mid,pedal_down_ratio,abrupt,cnn,86,1,11,319,233,214,1.4099486344033936,1.187412579688877,1.9960863512780047,9.671425299233348,-2.4551868789676634,16.60480689074867,53.73831775700935
train,Liszt/Transcendental_Etudes/5/midi_score.mid,pedal_down_ratio,abrupt,visible_mean,86,1,11,319,233,214,1.5609109731601098,1.2493642275814167,1.9482530968744618,0.0,0.0,0.0,0.0
train,Liszt/Transcendental_Etudes/5/midi_score.mid,pedal_down_ratio,abrupt,linear_interpolation,86,1,11,319,233,214,1.796013971472994,1.3401544580655596,2.0508243109726,-15.061909510246508,-5.264778701632289,24.118967840549782,45.32710280373832
train,Liszt/Transcendental_Etudes/5/midi_score.mid,pedal_down_ratio,gradual,cnn,37,1,10,89,52,24,0.36535589776884136,0.6044467700044739,0.2960052922281457,1.5324967321727057,-9.924268425942362,37.185763562221624,45.833333333333336
train,Liszt/Transcendental_Etudes/5/midi_score.mid,pedal_down_ratio,gradual,visible_mean,37,1,10,89,52,24,0.37104210591700426,0.6091322565067493,0.26928111186618353,0.0,0.0,0.0,0.0
train,Liszt/Transcendental_Etudes/5/midi_score.mid,pedal_down_ratio,gradual,linear_interpolation,37,1,10,89,52,24,0.33834308178158223,0.5816726586161518,0.2061268298468906,8.812752950129122,23.452919360596226,64.90957423907709,79.16666666666667
train,Liszt/Transcendental_Etudes/5/midi_score.mid,pedal_down_ratio,mixed,cnn,139,1,11,538,399,368,0.5449289602140042,0.7381930372294256,0.6595824361282017,-4.828393969396183,-11.166763008075886,35.70672563594785,54.34782608695652
train,Liszt/Transcendental_Etudes/5/midi_score.mid,pedal_down_ratio,mixed,visible_mean,139,1,11,538,399,368,0.5198295419589198,0.7209920540192658,0.5933270145504599,0.0,0.0,0.0,0.0
train,Liszt/Transcendental_Etudes/5/midi_score.mid,pedal_down_ratio,mixed,linear_interpolation,139,1,11,538,399,368,0.5195691601267309,0.720811459486273,0.600020618100009,0.0500898489161794,-1.1281474440567152,20.495525149722965,44.83695652173913
train,Liszt/Transcendental_Etudes/5/midi_score.mid,pedal_down_ratio,small,cnn,37,1,11,111,74,27,0.09609781989559782,0.3099964836826344,0.03610008392801646,28.047196762308246,-123.92542033249434,125.8685072415076,59.25925925925926
train,Liszt/Transcendental_Etudes/5/midi_score.mid,pedal_down_ratio,small,visible_mean,37,1,11,111,74,27,0.13355674215797328,0.36545415876409626,0.01612147646051684,0.0,0.0,0.0,0.0
train,Liszt/Transcendental_Etudes/5/midi_score.mid,pedal_down_ratio,small,linear_interpolation,37,1,11,111,74,27,0.015011443581483387,0.12252119645793288,0.01600048595990188,88.76025025847996,0.7504926791989441,23.345910165307572,40.74074074074074
train,Liszt/Transcendental_Etudes/5/midi_score.mid,rubato,abrupt,cnn,104,1,11,399,295,285,6.532357918771502,2.555847788654775,7.854540404804392,16.91572531132618,1.680034453392143,14.990508288461582,54.3859649122807
train,Liszt/Transcendental_Etudes/5/midi_score.mid,rubato,abrupt,visible_mean,104,1,11,399,295,285,7.86232767060793,2.8039842493508997,7.988754228235571,0.0,0.0,0.0,0.0
train,Liszt/Transcendental_Etudes/5/midi_score.mid,rubato,abrupt,linear_interpolation,104,1,11,399,295,285,8.792086946944547,2.9651453500536102,8.595182287797101,-11.825496408810032,-7.591021606574921,30.673523600649883,51.228070175438596
train,Liszt/Transcendental_Etudes/5/midi_score.mid,rubato,gradual,cnn,10,1,7,21,11,10,0.8683066107622298,0.9318297112467652,0.8866007370566193,56.087404973040314,-9.576377963894057,41.7436837683151,50.0
train,Liszt/Transcendental_Etudes/5/midi_score.mid,rubato,gradual,visible_mean,10,1,7,21,11,10,1.9773520791224974,1.4061835154497073,0.8091166668684363,0.0,0.0,0.0,0.0
train,Liszt/Transcendental_Etudes/5/midi_score.mid,rubato,gradual,linear_interpolation,10,1,7,21,11,10,0.5962591623705006,0.7721781934051885,0.47549019996559794,69.84557435845686,41.233419179719675,86.81814910765098,90.0
train,Liszt/Transcendental_Etudes/5/midi_score.mid,rubato,mixed,cnn,100,1,11,407,307,302,1.1989708136830528,1.0949752571099736,1.3586240630163886,23.89467363531236,5.219929834179283,33.8244573871858,57.94701986754967
train,Liszt/Transcendental_Etudes/5/midi_score.mid,rubato,mixed,visible_mean,100,1,11,407,307,302,1.575409857567298,1.2551533203426974,1.4334491002585596,0.0,0.0,0.0,0.0
train,Liszt/Transcendental_Etudes/5/midi_score.mid,rubato,mixed,linear_interpolation,100,1,11,407,307,302,1.4343705328620475,1.1976520917453648,1.4614028490406987,8.952548064098009,-1.9501040376736611,23.398199386847285,55.29801324503311
train,Liszt/Transcendental_Etudes/5/midi_score.mid,rubato,small,cnn,85,1,11,230,145,140,1.4175691448072367,1.1906171277145465,0.3906863137967995,50.20919093180124,-47.229932793217124,74.92701176635047,53.57142857142857
train,Liszt/Transcendental_Etudes/5/midi_score.mid,rubato,small,visible_mean,85,1,11,230,145,140,2.847049829749872,1.6873203103589645,0.2653579380121801,0.0,0.0,0.0,0.0
train,Liszt/Transcendental_Etudes/5/midi_score.mid,rubato,small,linear_interpolation,85,1,11,230,145,140,0.23987054472293942,0.4897658059960285,0.2864047812982376,91.57476830168395,-7.931491872344676,24.23906664450573,50.714285714285715
train,Liszt/Transcendental_Etudes/5/midi_score.mid,tempo,abrupt,cnn,101,1,11,389,288,278,4.037206439356637,2.0092800798685673,5.405266421010967,17.60184537229158,-0.6743685504125407,15.03696332267748,49.64028776978417
train,Liszt/Transcendental_Etudes/5/midi_score.mid,tempo,abrupt,visible_mean,101,1,11,389,288,278,4.899632106565438,2.2135112619016506,5.3690591744852,0.0,0.0,0.0,0.0
train,Liszt/Transcendental_Etudes/5/midi_score.mid,tempo,abrupt,linear_interpolation,101,1,11,389,288,278,5.724932335348621,2.3926830829319248,5.765190873733528,-16.844126473848764,-7.378046811829186,30.16079710303774,50.719424460431654
train,Liszt/Transcendental_Etudes/5/midi_score.mid,tempo,gradual,cnn,13,1,8,27,14,14,0.7821578361865607,0.884396877078702,0.5650661337384967,19.067799535662022,-87.7550707458574,103.60911689883885,57.142857142857146
train,Liszt/Transcendental_Etudes/5/midi_score.mid,tempo,gradual,visible_mean,13,1,8,27,14,14,0.9664358953531866,0.9830747150411238,0.30095918661145626,0.0,0.0,0.0,0.0
train,Liszt/Transcendental_Etudes/5/midi_score.mid,tempo,gradual,linear_interpolation,13,1,8,27,14,14,0.3186204626117717,0.5644647576348515,0.19620045937135325,67.0313919274148,34.80828361466448,96.63168929202982,71.42857142857143
train,Liszt/Transcendental_Etudes/5/midi_score.mid,tempo,mixed,cnn,111,1,11,446,335,328,0.8853234497830674,0.9409162820267633,0.8717620510942662,21.07277716970882,2.8793369021377857,39.05454197378895,55.18292682926829
train,Liszt/Transcendental_Etudes/5/midi_score.mid,tempo,mixed,visible_mean,111,1,11,446,335,328,1.1216959346038113,1.0591014751211574,0.8976071860381019,0.0,0.0,0.0,0.0
train,Liszt/Transcendental_Etudes/5/midi_score.mid,tempo,mixed,linear_interpolation,111,1,11,446,335,328,0.8714417328706917,0.9335104353303673,0.9209485672045287,22.31034222491951,-2.6004004345655973,23.278851435908848,51.21951219512195
train,Liszt/Transcendental_Etudes/5/midi_score.mid,tempo,small,cnn,74,1,11,195,121,117,1.085834320010141,1.042033742260845,0.20813180612185742,52.31778903963428,-14.110003669512317,60.93534544691555,55.55555555555556
train,Liszt/Transcendental_Etudes/5/midi_score.mid,tempo,small,visible_mean,74,1,11,195,121,117,2.2772314834828133,1.5090498611652345,0.18239575797811114,0.0,0.0,0.0,0.0
train,Liszt/Transcendental_Etudes/5/midi_score.mid,tempo,small,linear_interpolation,74,1,11,195,121,117,0.14879215620099262,0.3857358632548867,0.19327519598187376,93.46609436589077,-5.964742888959207,21.645416326201747,43.58974358974359
train,Mozart/Piano_Sonatas/8-1/midi_score.mid,articulation,abrupt,cnn,90,1,5,370,280,271,4.386765643756382,2.094460704753465,7.6323833359265,3.5496115659978122,3.273979817048167,8.77488863978203,56.08856088560886
train,Mozart/Piano_Sonatas/8-1/midi_score.mid,articulation,abrupt,visible_mean,90,1,5,370,280,271,4.548209411057065,2.1326531389461967,7.890724048699901,0.0,0.0,0.0,0.0
train,Mozart/Piano_Sonatas/8-1/midi_score.mid,articulation,abrupt,linear_interpolation,90,1,5,370,280,271,6.320477128174635,2.514055911903042,8.163221046850161,-38.966273470369316,-3.453383953975142,21.392683271205087,48.708487084870846
train,Mozart/Piano_Sonatas/8-1/midi_score.mid,articulation,gradual,cnn,10,1,5,19,9,8,0.3096544777078096,0.5564660615956822,0.035675950559521157,-22.38222153072107,36.55277932990795,68.99147686300877,75.0
train,Mozart/Piano_Sonatas/8-1/midi_score.mid,articulation,gradual,visible_mean,10,1,5,19,9,8,0.2530224356403584,0.5030133553300135,0.0562293354740095,0.0,0.0,0.0,0.0
train,Mozart/Piano_Sonatas/8-1/midi_score.mid,articulation,gradual,linear_interpolation,10,1,5,19,9,8,0.8533077450356698,0.9237465805271864,0.16091138424791873,-237.2458821195391,-186.1698131259184,193.54706351492678,62.5
train,Mozart/Piano_Sonatas/8-1/midi_score.mid,articulation,mixed,cnn,119,1,5,479,360,345,1.1559314063429194,1.0751425051326542,1.5027148493792437,15.301332863515693,1.0829189581395782,18.645879050913955,51.594202898550726
train,Mozart/Piano_Sonatas/8-1/midi_score.mid,articulation,mixed,visible_mean,119,1,5,479,360,345,1.3647574931494961,1.1682283565936482,1.5191661880351224,0.0,0.0,0.0,0.0
train,Mozart/Piano_Sonatas/8-1/midi_score.mid,articulation,mixed,linear_interpolation,119,1,5,479,360,345,1.4040648253129806,1.184932413816493,1.5974140413137832,-2.8801697269141613,-5.150710560499383,23.08738132540314,50.14492753623188
train,Mozart/Piano_Sonatas/8-1/midi_score.mid,articulation,small,cnn,54,1,5,131,77,70,0.3231187157065921,0.568435322360066,0.4862855546985519,8.70591591261648,-20.992065990649888,39.026055850185884,50.0
train,Mozart/Piano_Sonatas/8-1/midi_score.mid,articulation,small,visible_mean,54,1,5,131,77,70,0.3539317130311687,0.5949216024243604,0.40191524189373823,0.0,0.0,0.0,0.0
train,Mozart/Piano_Sonatas/8-1/midi_score.mid,articulation,small,linear_interpolation,54,1,5,131,77,70,0.3196550678066753,0.5653804628802408,0.40655384568117586,9.684536299654756,-1.1541248760762457,22.957654759614282,40.0
train,Mozart/Piano_Sonatas/8-1/midi_score.mid,dynamics,abrupt,cnn,86,1,5,349,263,253,2.17126940277545,1.4735227866495482,2.719046956020862,15.549926218016486,1.5673095286299676,12.795763265578437,52.17391304347826
train,Mozart/Piano_Sonatas/8-1/midi_score.mid,dynamics,abrupt,visible_mean,86,1,5,349,263,253,2.5710686865482244,1.6034552337212986,2.7623413959326037,0.0,0.0,0.0,0.0
train,Mozart/Piano_Sonatas/8-1/midi_score.mid,dynamics,abrupt,linear_interpolation,86,1,5,349,263,253,2.6491897181968254,1.6276331645050814,2.88901840941807,-3.0384653687911323,-4.585856537211197,25.6780051307684,47.03557312252964
train,Mozart/Piano_Sonatas/8-1/midi_score.mid,dynamics,gradual,cnn,18,1,5,54,36,29,0.5940163874765358,0.7707245860075672,0.3912697994720206,43.08308493227213,17.565983023176813,28.50129202056469,68.96551724137932
train,Mozart/Piano_Sonatas/8-1/midi_score.mid,dynamics,gradual,visible_mean,18,1,5,54,36,29,1.0436552767655984,1.0215944776503045,0.4746460427641521,0.0,0.0,0.0,0.0
train,Mozart/Piano_Sonatas/8-1/midi_score.mid,dynamics,gradual,linear_interpolation,18,1,5,54,36,29,0.4044256471506358,0.6359446887510232,0.2779403447763432,61.2491158571061,41.442607809868626,76.75233443086057,82.75862068965517
train,Mozart/Piano_Sonatas/8-1/midi_score.mid,dynamics,mixed,cnn,108,1,5,447,339,324,0.962600559200446,0.9811220918929743,0.9634877621785944,13.521910130432746,1.5526332034380808,21.928001116776088,56.17283950617284
train,Mozart/Piano_Sonatas/8-1/midi_score.mid,dynamics,mixed,visible_mean,108,1,5,447,339,324,1.1131149643248508,1.0550426362592418,0.9786831212759693,0.0,0.0,0.0,0.0
train,Mozart/Piano_Sonatas/8-1/midi_score.mid,dynamics,mixed,linear_interpolation,108,1,5,447,339,324,0.8872882488601511,0.941959791530483,0.9534738384391247,20.28781596712005,2.5758370905567207,28.462160415218897,55.864197530864196
train,Mozart/Piano_Sonatas/8-1/midi_score.mid,dynamics,small,cnn,61,1,5,149,88,78,0.4278978235920211,0.6541389940922503,0.2584445154468487,40.87273361076412,0.45103438670844875,37.323627030537004,48.717948717948715
train,Mozart/Piano_Sonatas/8-1/midi_score.mid,dynamics,small,visible_mean,61,1,5,149,88,78,0.7236895086188526,0.8506994231917949,0.25961547049198247,0.0,0.0,0.0,0.0
train,Mozart/Piano_Sonatas/8-1/midi_score.mid,dynamics,small,linear_interpolation,61,1,5,149,88,78,0.21727481428724318,0.4661274657078718,0.2558090727912408,69.97679091660345,1.4661675182639722,26.184914048300467,42.30769230769231
train,Mozart/Piano_Sonatas/8-1/midi_score.mid,pedal_changes,abrupt,cnn,17,1,4,61,44,34,2.1872087012030175,1.4789214655291936,5.251407999975714,-7.947862256739957,-7.060310880114518,9.551612832985061,38.23529411764706
train,Mozart/Piano_Sonatas/8-1/midi_score.mid,pedal_changes,abrupt,visible_mean,17,1,4,61,44,34,2.0261713900373737,1.4234364720764232,4.9050931730024665,0.0,0.0,0.0,0.0
train,Mozart/Piano_Sonatas/8-1/midi_score.mid,pedal_changes,abrupt,linear_interpolation,17,1,4,61,44,34,2.6641190020680465,1.6322129156663496,5.071411598238542,-31.485372617906005,-3.390729174146756,16.91427555673126,23.529411764705884
train,Mozart/Piano_Sonatas/8-1/midi_score.mid,pedal_changes,gradual,cnn,38,1,5,120,82,9,0.4485474564629113,0.6697368561329974,0.18465511222773007,6.473053258078587,-17.709004885254153,58.032912272680356,77.77777777777777
train,Mozart/Piano_Sonatas/8-1/midi_score.mid,pedal_changes,gradual,visible_mean,38,1,5,120,82,9,0.4795916814227184,0.6925255817821594,0.15687424458964438,0.0,0.0,0.0,0.0
train,Mozart/Piano_Sonatas/8-1/midi_score.mid,pedal_changes,gradual,linear_interpolation,38,1,5,120,82,9,0.5654828400245759,0.7519859307357923,0.17992846372070043,-17.90922610397654,-14.695987344105998,82.92771756923347,100.0
train,Mozart/Piano_Sonatas/8-1/midi_score.mid,pedal_changes,mixed,cnn,136,1,5,583,447,253,0.9048098065541746,0.9512149108136261,1.4319214499775694,0.8415098265656007,2.0086981676934124,20.279906395759326,56.91699604743083
train,Mozart/Piano_Sonatas/8-1/midi_score.mid,pedal_changes,mixed,visible_mean,136,1,5,583,447,253,0.9124884868371893,0.9552426324432916,1.461274034738338,0.0,0.0,0.0,0.0
train,Mozart/Piano_Sonatas/8-1/midi_score.mid,pedal_changes,mixed,linear_interpolation,136,1,5,583,447,253,1.2290128659797732,1.1086085269290387,1.4878573563929685,-34.68804085843329,-1.8191879840929737,17.309067605929712,22.92490118577075
train,Mozart/Piano_Sonatas/8-1/midi_score.mid,pedal_changes,small,cnn,82,1,5,235,153,0,0.13353456094989244,0.36542381004785723,0.04824039627272401,-0.19410850601933038,,,
train,Mozart/Piano_Sonatas/8-1/midi_score.mid,pedal_changes,small,visible_mean,82,1,5,235,153,0,0.13327586116689696,0.365069666182904,0.0,0.0,,,
train,Mozart/Piano_Sonatas/8-1/midi_score.mid,pedal_changes,small,linear_interpolation,82,1,5,235,153,0,0.0,0.0,0.0,100.0,,,
train,Mozart/Piano_Sonatas/8-1/midi_score.mid,pedal_depth,abrupt,cnn,63,1,5,264,201,179,1.2457378274596689,1.116126259640758,1.7045835296954843,10.8553855394382,-1.1936252994457774,15.254428756705954,46.927374301675975
train,Mozart/Piano_Sonatas/8-1/midi_score.mid,pedal_depth,abrupt,visible_mean,63,1,5,264,201,179,1.3974347581151882,1.1821314470545095,1.6844771838654744,0.0,0.0,0.0,0.0
train,Mozart/Piano_Sonatas/8-1/midi_score.mid,pedal_depth,abrupt,linear_interpolation,63,1,5,264,201,179,1.434016464634244,1.1975042649753878,1.6718037110956,-2.6177756282801834,0.7523683247992574,23.26336559600974,55.3072625698324
train,Mozart/Piano_Sonatas/8-1/midi_score.mid,pedal_depth,gradual,cnn,21,1,5,47,26,11,0.4198309487546007,0.6479436308465426,0.38598926680254875,15.195537159450478,-38.11591563865082,33.066402511335745,54.54545454545455
train,Mozart/Piano_Sonatas/8-1/midi_score.mid,pedal_depth,gradual,visible_mean,21,1,5,47,26,11,0.4950576121730438,0.7036033059708032,0.2794676232769601,0.0,0.0,0.0,0.0
train,Mozart/Piano_Sonatas/8-1/midi_score.mid,pedal_depth,gradual,linear_interpolation,21,1,5,47,26,11,0.29067255098551276,0.5391405670003999,0.15273180714654844,41.28510625064173,45.3490156191771,65.80543323754074,90.9090909090909
train,Mozart/Piano_Sonatas/8-1/midi_score.mid,pedal_depth,mixed,cnn,125,1,5,512,387,337,0.4919032023636493,0.7013581127809454,0.5667366005783093,-6.917839354949651,-3.000713447950676,23.99207652756769,53.11572700296736
train,Mozart/Piano_Sonatas/8-1/midi_score.mid,pedal_depth,mixed,visible_mean,125,1,5,512,387,337,0.46007589129313725,0.6782889438087114,0.550225898061083,0.0,0.0,0.0,0.0
train,Mozart/Piano_Sonatas/8-1/midi_score.mid,pedal_depth,mixed,linear_interpolation,125,1,5,512,387,337,0.4747412314609143,0.6890146816004099,0.5648674059722815,-3.1875915355088713,-2.6609994118403035,23.56564811656915,47.47774480712166
train,Mozart/Piano_Sonatas/8-1/midi_score.mid,pedal_depth,small,cnn,64,1,5,176,112,52,0.19583598915221295,0.4425336022859879,0.061482936709498406,15.135619182150318,-86.46263583026095,89.17926554333833,51.92307692307692
train,Mozart/Piano_Sonatas/8-1/midi_score.mid,pedal_depth,small,visible_mean,64,1,5,176,112,52,0.23076346903720343,0.4803784643769987,0.03297332810712116,0.0,0.0,0.0,0.0
train,Mozart/Piano_Sonatas/8-1/midi_score.mid,pedal_depth,small,linear_interpolation,64,1,5,176,112,52,0.03404597391518016,0.1845155113132231,0.034299930335990235,85.24637627557449,-4.023258509299743,24.714135359655252,34.61538461538461
train,Mozart/Piano_Sonatas/8-1/midi_score.mid,pedal_down_ratio,abrupt,cnn,63,1,5,261,198,164,1.5418822795128664,1.2417255250307397,2.073358757196074,1.845957531176745,0.7253676555326494,12.402103333488174,54.26829268292683
train,Mozart/Piano_Sonatas/8-1/midi_score.mid,pedal_down_ratio,abrupt,visible_mean,63,1,5,261,198,164,1.570880058253959,1.2533475408895807,2.088508119578671,0.0,0.0,0.0,0.0
train,Mozart/Piano_Sonatas/8-1/midi_score.mid,pedal_down_ratio,abrupt,linear_interpolation,63,1,5,261,198,164,1.8027048352105113,1.3426484406614083,2.097162846182158,-14.757637016172097,-0.41439755595649164,21.487580560478474,43.90243902439025
train,Mozart/Piano_Sonatas/8-1/midi_score.mid,pedal_down_ratio,gradual,cnn,22,1,5,57,35,12,0.4332926108291236,0.6582496569153102,0.35339146320163817,23.610911031024052,-38.26547021775204,50.803344998506404,41.666666666666664
train,Mozart/Piano_Sonatas/8-1/midi_score.mid,pedal_down_ratio,gradual,visible_mean,22,1,5,57,35,12,0.5672179321383157,0.7531387203817871,0.2555890944030261,0.0,0.0,0.0,0.0
train,Mozart/Piano_Sonatas/8-1/midi_score.mid,pedal_down_ratio,gradual,linear_interpolation,22,1,5,57,35,12,0.4092380280966141,0.6397171469459093,0.16479273268760197,27.851711853703943,35.52434892713055,69.75797709746504,66.66666666666667
train,Mozart/Piano_Sonatas/8-1/midi_score.mid,pedal_down_ratio,mixed,cnn,114,1,5,471,357,277,0.5498916361282457,0.7415467862031672,0.5923619697270601,-9.19923257878892,-0.9001113993789556,24.98306096492483,53.068592057761734
train,Mozart/Piano_Sonatas/8-1/midi_score.mid,pedal_down_ratio,mixed,visible_mean,114,1,5,471,357,277,0.503567308251448,0.709624765810388,0.5870776171716954,0.0,0.0,0.0,0.0
train,Mozart/Piano_Sonatas/8-1/midi_score.mid,pedal_down_ratio,mixed,linear_interpolation,114,1,5,471,357,277,0.47946787257205403,0.6924361866425339,0.5926855160152201,4.785742697053785,-0.9552227302654481,19.751166823008607,42.238267148014444
train,Mozart/Piano_Sonatas/8-1/midi_score.mid,pedal_down_ratio,small,cnn,74,1,5,210,136,17,0.10161788489423165,0.3187756027274227,0.029492998958473376,36.527378634801146,-292.46521161144534,174.8669382877719,58.8235294117647
train,Mozart/Piano_Sonatas/8-1/midi_score.mid,pedal_down_ratio,small,visible_mean,74,1,5,210,136,17,0.1600971926298089,0.4001214723428485,0.007514805920600297,0.0,0.0,0.0,0.0
train,Mozart/Piano_Sonatas/8-1/midi_score.mid,pedal_down_ratio,small,linear_interpolation,74,1,5,210,136,17,0.00688055594738221,0.08294911661604486,0.007577809986614474,95.7022632100164,-0.8383991107669742,20.127682036412644,29.41176470588235
train,Mozart/Piano_Sonatas/8-1/midi_score.mid,rubato,abrupt,cnn,118,1,5,476,358,351,5.122736300940713,2.263346261830194,9.78887314136866,3.423318442724377,4.267060569396386,9.939757741502463,60.3988603988604
train,Mozart/Piano_Sonatas/8-1/midi_score.mid,rubato,abrupt,visible_mean,118,1,5,476,358,351,5.304320068092866,2.3031109543599646,10.225188111417566,0.0,0.0,0.0,0.0
train,Mozart/Piano_Sonatas/8-1/midi_score.mid,rubato,abrupt,linear_interpolation,118,1,5,476,358,351,9.09654145808415,3.0160473235816694,10.842457758528743,-71.49307246375788,-6.0367559049786745,18.50985343397406,46.72364672364672
train,Mozart/Piano_Sonatas/8-1/midi_score.mid,rubato,gradual,cnn,15,1,5,32,17,16,0.4632733440081748,0.6806418617806098,0.5383818049711743,43.480982040884875,-1.4664259138575053,46.12839586131777,75.0
train,Mozart/Piano_Sonatas/8-1/midi_score.mid,rubato,gradual,visible_mean,15,1,5,32,17,16,0.8196769171454796,0.90536010357508,0.5306009353559444,0.0,0.0,0.0,0.0
train,Mozart/Piano_Sonatas/8-1/midi_score.mid,rubato,gradual,linear_interpolation,15,1,5,32,17,16,0.6868162423065117,0.8287437736155318,0.2863965084148987,16.20890768787957,46.02412296488423,83.70700824047051,68.75
train,Mozart/Piano_Sonatas/8-1/midi_score.mid,rubato,mixed,cnn,112,1,5,424,312,304,0.9446226600704578,0.9719170026655866,1.7524915234130554,13.08362898905382,-1.3660080168091504,22.56167305468675,48.026315789473685
train,Mozart/Piano_Sonatas/8-1/midi_score.mid,rubato,mixed,visible_mean,112,1,5,424,312,304,1.0868178791674272,1.0425055775234142,1.7288749529550835,0.0,0.0,0.0,0.0
train,Mozart/Piano_Sonatas/8-1/midi_score.mid,rubato,mixed,linear_interpolation,112,1,5,424,312,304,1.3539867549325182,1.1636093652650439,1.8009128041694675,-24.58267211887972,-4.166747345795785,19.609285508356034,44.73684210526316
train,Mozart/Piano_Sonatas/8-1/midi_score.mid,rubato,small,cnn,28,1,5,67,39,36,0.2552727717165049,0.5052452589747923,0.5149171468862019,25.622566953748116,-29.960020301579494,49.37173455489929,41.666666666666664
train,Mozart/Piano_Sonatas/8-1/midi_score.mid,rubato,small,visible_mean,28,1,5,67,39,36,0.34321266715101956,0.5858435517704531,0.3962119624876234,0.0,0.0,0.0,0.0
train,Mozart/Piano_Sonatas/8-1/midi_score.mid,rubato,small,linear_interpolation,28,1,5,67,39,36,0.37318911793976567,0.6108920673406766,0.407086632541061,-8.73407471745673,-2.7446596980971405,15.636799566396245,36.111111111111114
train,Mozart/Piano_Sonatas/8-1/midi_score.mid,tempo,abrupt,cnn,76,1,5,303,227,221,2.5707390486397426,1.6033524405568922,4.80232035765609,1.1243838814425922,4.839865343361593,11.814645439078806,64.70588235294117
train,Mozart/Piano_Sonatas/8-1/midi_score.mid,tempo,abrupt,visible_mean,76,1,5,303,227,221,2.599972722857456,1.6124430913546859,5.046567425512863,0.0,0.0,0.0,0.0
train,Mozart/Piano_Sonatas/8-1/midi_score.mid,tempo,abrupt,linear_interpolation,76,1,5,303,227,221,4.538475666342471,2.1303698426194617,5.412996018818564,-74.55858772835649,-7.26094714306651,17.91398277173576,48.86877828054298
train,Mozart/Piano_Sonatas/8-1/midi_score.mid,tempo,gradual,cnn,11,1,5,12,1,1,0.6794516522335231,0.8242885733974014,0.1964568182835818,18.22772276790382,19.842863408716504,10.469481967720364,100.0
train,Mozart/Piano_Sonatas/8-1/midi_score.mid,tempo,gradual,visible_mean,11,1,5,12,1,1,0.8309070937391403,0.9115410543355358,0.24508961601922424,0.0,0.0,0.0,0.0
train,Mozart/Piano_Sonatas/8-1/midi_score.mid,tempo,gradual,linear_interpolation,11,1,5,12,1,1,0.2853396686761091,0.5341719467326126,0.2767739373365142,65.65925711476832,-12.927647377277985,206.26742086701734,100.0
train,Mozart/Piano_Sonatas/8-1/midi_score.mid,tempo,mixed,cnn,135,1,5,549,414,402,0.5962690971182588,0.7721846263156622,1.1003382902309988,3.6925628265695343,-2.3343318191468176,24.737870306443252,52.985074626865675
train,Mozart/Piano_Sonatas/8-1/midi_score.mid,tempo,mixed,visible_mean,135,1,5,549,414,402,0.6191308943716333,0.7868487112346523,1.0752386522399953,0.0,0.0,0.0,0.0
train,Mozart/Piano_Sonatas/8-1/midi_score.mid,tempo,mixed,linear_interpolation,135,1,5,549,414,402,0.8686123640605844,0.9319937575223262,1.1224611366068666,-40.29543218678406,-4.3918142515147585,20.952563615135393,48.25870646766169
train,Mozart/Piano_Sonatas/8-1/midi_score.mid,tempo,small,cnn,51,1,5,135,84,75,0.23676336193814254,0.48658335559094346,0.3359147956870656,-8.946776666192658,-34.81391557567488,47.92886490743563,38.666666666666664
train,Mozart/Piano_Sonatas/8-1/midi_score.mid,tempo,small,visible_mean,51,1,5,135,84,75,0.21732020825505774,0.4661761558199408,0.24916923023314097,0.0,0.0,0.0,0.0
train,Mozart/Piano_Sonatas/8-1/midi_score.mid,tempo,small,linear_interpolation,51,1,5,135,84,75,0.18534680143940394,0.4305192230776739,0.2524123043785212,14.712578766779128,-1.3015548277553135,19.443122056389544,40.0
train,Schubert/Impromptu_op.90_D.899/3/midi_score.mid,articulation,abrupt,cnn,66,1,12,272,206,206,2.25842619450674,1.5028061067572025,4.701433903958434,1.1414705499078415,3.4039226660507294,10.496144478606496,62.62135922330097
train,Schubert/Impromptu_op.90_D.899/3/midi_score.mid,articulation,abrupt,visible_mean,66,1,12,272,206,206,2.2845031248890733,1.5114572851685466,4.867106443364949,0.0,0.0,0.0,0.0
train,Schubert/Impromptu_op.90_D.899/3/midi_score.mid,articulation,abrupt,linear_interpolation,66,1,12,272,206,206,3.635763789956543,1.9067678909496413,5.00737976763241,-59.14899613600144,-2.882068142534422,15.08214192505103,46.116504854368934
train,Schubert/Impromptu_op.90_D.899/3/midi_score.mid,articulation,gradual,cnn,14,1,7,20,6,6,0.6475683051403974,0.8047162886013911,0.3053770338467911,1.5589137574971934,-3.852422627433283,37.720145762221016,33.333333333333336
train,Schubert/Impromptu_op.90_D.899/3/midi_score.mid,articulation,gradual,visible_mean,14,1,7,20,6,6,0.6578232015290422,0.811063007126476,0.29404902275830375,0.0,0.0,0.0,0.0
train,Schubert/Impromptu_op.90_D.899/3/midi_score.mid,articulation,gradual,linear_interpolation,14,1,7,20,6,6,0.42268330447372693,0.6501409881508218,0.24669899819635824,35.745151054076054,16.10276549052343,94.82580864717251,66.66666666666667
train,Schubert/Impromptu_op.90_D.899/3/midi_score.mid,articulation,mixed,cnn,240,1,12,943,703,703,0.9271389732734465,0.9628805602323928,1.5465464236504662,2.809727166205067,1.0634941469883752,18.801515424278552,55.61877667140825
train,Schubert/Impromptu_op.90_D.899/3/midi_score.mid,articulation,mixed,visible_mean,240,1,12,943,703,703,0.9539421448676728,0.9766996185458827,1.563170652042377,0.0,0.0,0.0,0.0
train,Schubert/Impromptu_op.90_D.899/3/midi_score.mid,articulation,mixed,linear_interpolation,240,1,12,943,703,703,1.319484807469677,1.1486882986562008,1.619585383058902,-38.319164801415795,-3.6089937424820473,21.885500499826694,50.924608819345664
train,Schubert/Impromptu_op.90_D.899/3/midi_score.mid,articulation,small,cnn,88,1,12,239,151,151,0.37974596822843765,0.6162353188745657,0.5321494866044242,-2.1712797892256663,-18.495366423815685,32.7874262714083,41.72185430463576
train,Schubert/Impromptu_op.90_D.899/3/midi_score.mid,articulation,small,visible_mean,88,1,12,239,151,151,0.37167584570912193,0.609652233416004,0.4490888569440894,0.0,0.0,0.0,0.0
train,Schubert/Impromptu_op.90_D.899/3/midi_score.mid,articulation,small,linear_interpolation,88,1,12,239,151,151,0.3247403135330327,0.5698599069359351,0.47028867063439994,12.628082432029109,-4.720627858497473,16.41534675431855,47.682119205298015
train,Schubert/Impromptu_op.90_D.899/3/midi_score.mid,dynamics,abrupt,cnn,48,1,10,186,138,137,1.8812792335997088,1.371597329247804,2.1827021736087047,14.29705788282154,2.4454253147157767,12.737977140472204,58.394160583941606
train,Schubert/Impromptu_op.90_D.899/3/midi_score.mid,dynamics,abrupt,visible_mean,48,1,10,186,138,137,2.1951162785374456,1.481592480588858,2.237416523674269,0.0,0.0,0.0,0.0
train,Schubert/Impromptu_op.90_D.899/3/midi_score.mid,dynamics,abrupt,linear_interpolation,48,1,10,186,138,137,2.1941237856574562,1.4812575014687541,2.3470555916742786,0.045213681375033676,-4.900252896137602,20.747642131762586,51.824817518248175
train,Schubert/Impromptu_op.90_D.899/3/midi_score.mid,dynamics,gradual,cnn,24,1,10,60,36,36,0.35473341201444963,0.5955950067071161,0.34574652562795055,34.258986732249795,-3.431990004418206,41.344365279049846,69.44444444444444
train,Schubert/Impromptu_op.90_D.899/3/midi_score.mid,dynamics,gradual,visible_mean,24,1,10,60,36,36,0.5395922490115725,0.7345694310353328,0.3342742662238072,0.0,0.0,0.0,0.0
train,Schubert/Impromptu_op.90_D.899/3/midi_score.mid,dynamics,gradual,linear_interpolation,24,1,10,60,36,36,0.24288835873600387,0.4928370508961394,0.1800068089177556,54.986685005033365,46.14996513155596,86.81183239255404,86.11111111111111
train,Schubert/Impromptu_op.90_D.899/3/midi_score.mid,dynamics,mixed,cnn,220,1,12,925,705,705,0.8162958099355406,0.9034909019661131,0.7827814654495242,11.955586417367458,1.8561898570190416,21.002224370257633,50.92198581560284
train,Schubert/Impromptu_op.90_D.899/3/midi_score.mid,dynamics,mixed,visible_mean,220,1,12,925,705,705,0.9271409470737408,0.9628815851773991,0.7975861792089871,0.0,0.0,0.0,0.0
train,Schubert/Impromptu_op.90_D.899/3/midi_score.mid,dynamics,mixed,linear_interpolation,220,1,12,925,705,705,0.8067784542487342,0.8982084692590769,0.7690618682841759,12.982113798867035,3.5763296391495225,27.349238340613734,56.87943262411348
train,Schubert/Impromptu_op.90_D.899/3/midi_score.mid,dynamics,small,cnn,116,1,12,303,187,187,0.3956087592981475,0.6289743709390292,0.33421095632463904,27.223286782568913,-6.287303329666871,30.01801716265147,55.080213903743314
train,Schubert/Impromptu_op.90_D.899/3/midi_score.mid,dynamics,small,visible_mean,116,1,12,303,187,187,0.5435925061856096,0.7372872616461034,0.31444109113205265,0.0,0.0,0.0,0.0
train,Schubert/Impromptu_op.90_D.899/3/midi_score.mid,dynamics,small,linear_interpolation,116,1,12,303,187,187,0.24566546942116202,0.49564651660347825,0.31966549481568124,54.807053698183324,-1.661488854659443,19.670893698715364,54.54545454545455
train,Schubert/Impromptu_op.90_D.899/3/midi_score.mid,pedal_changes,abrupt,cnn,153,1,12,565,412,207,2.221125882637886,1.4903442161587659,4.245869330741215,0.05631884668148013,0.012257581943797557,10.965178738042658,48.309178743961354
train,Schubert/Impromptu_op.90_D.899/3/midi_score.mid,pedal_changes,abrupt,visible_mean,153,1,12,565,412,207,2.222377500014803,1.4907640658450294,4.2463898354549485,0.0,0.0,0.0,0.0
train,Schubert/Impromptu_op.90_D.899/3/midi_score.mid,pedal_changes,abrupt,linear_interpolation,153,1,12,565,412,207,3.5005398554119136,1.8709729702515516,4.469210755295285,-57.51328725154015,-5.247302496344264,18.719929959642105,14.97584541062802
train,Schubert/Impromptu_op.90_D.899/3/midi_score.mid,pedal_changes,gradual,cnn,31,1,12,111,80,1,0.07535722356208355,0.27451270200499567,0.06165760949194661,-30.88489878698615,-150.0119601629136,118.29156319644243,0.0
train,Schubert/Impromptu_op.90_D.899/3/midi_score.mid,pedal_changes,gradual,visible_mean,31,1,12,111,80,1,0.05757518572461646,0.23994829802400444,0.024661863957135922,0.0,0.0,0.0,0.0
train,Schubert/Impromptu_op.90_D.899/3/midi_score.mid,pedal_changes,gradual,linear_interpolation,31,1,12,111,80,1,0.6234176867832191,0.7895680380962866,0.08468000938883682,-982.7888419935654,-243.36418989260795,185.30089229858774,100.0
train,Schubert/Impromptu_op.90_D.899/3/midi_score.mid,pedal_changes,mixed,cnn,50,1,12,193,143,66,0.5882178239342131,0.7669535995966204,0.9302711155229233,4.288580568734002,-3.7328582413736155,21.341090110376292,54.54545454545455
train,Schubert/Impromptu_op.90_D.899/3/midi_score.mid,pedal_changes,mixed,visible_mean,50,1,12,193,143,66,0.6145743396446384,0.7839479189618647,0.8967950283971707,0.0,0.0,0.0,0.0
train,Schubert/Impromptu_op.90_D.899/3/midi_score.mid,pedal_changes,mixed,linear_interpolation,50,1,12,193,143,66,0.5720785574034062,0.7563587491418382,0.890586448841868,6.914669145770757,0.6923075350227181,4.803844883862166,4.545454545454546
train,Schubert/Impromptu_op.90_D.899/3/midi_score.mid,pedal_changes,small,cnn,174,1,12,605,431,0,0.0580976258968319,0.24103449109376837,0.044717306488910015,-58.74242030001704,,,
train,Schubert/Impromptu_op.90_D.899/3/midi_score.mid,pedal_changes,small,visible_mean,174,1,12,605,431,0,0.03659867714441397,0.1913078073273905,0.0,0.0,,,
train,Schubert/Impromptu_op.90_D.899/3/midi_score.mid,pedal_changes,small,linear_interpolation,174,1,12,605,431,0,0.0,0.0,0.0,100.0,,,
train,Schubert/Impromptu_op.90_D.899/3/midi_score.mid,pedal_depth,abrupt,cnn,58,1,12,235,177,176,1.1242746605319567,1.0603181883434598,1.3158633050312862,-2.6645506336651525,0.9525290666667185,13.344848473115572,52.27272727272727
train,Schubert/Impromptu_op.90_D.899/3/midi_score.mid,pedal_depth,abrupt,visible_mean,58,1,12,235,177,176,1.0950952919899999,1.0464680081063156,1.3285178234555484,0.0,0.0,0.0,0.0
train,Schubert/Impromptu_op.90_D.899/3/midi_score.mid,pedal_depth,abrupt,linear_interpolation,58,1,12,235,177,176,1.3743714642657225,1.1723359007834413,1.3707588344657582,-25.50245392510306,-3.1795592249066473,18.266512022212726,48.29545454545455
train,Schubert/Impromptu_op.90_D.899/3/midi_score.mid,pedal_depth,gradual,cnn,26,1,11,38,12,12,0.37647755737895966,0.6135776702088821,0.32554664702321995,0.5816157597955063,6.719943044528131,31.094919401796954,66.66666666666667
train,Schubert/Impromptu_op.90_D.899/3/midi_score.mid,pedal_depth,gradual,visible_mean,26,1,11,38,12,12,0.3786800200547951,0.6153698238090612,0.3489991940920692,0.0,0.0,0.0,0.0
train,Schubert/Impromptu_op.90_D.899/3/midi_score.mid,pedal_depth,gradual,linear_interpolation,26,1,11,38,12,12,0.12383163709158475,0.35189719676573833,0.0917608326403313,67.2991363331854,73.70743709622323,67.98174888251151,91.66666666666667
train,Schubert/Impromptu_op.90_D.899/3/midi_score.mid,pedal_depth,mixed,cnn,263,1,12,1059,796,785,0.3962972305392681,0.6295214297696847,0.4783561674949741,0.19314687688141152,2.579176163732566,24.43869895561238,56.43312101910828
train,Schubert/Impromptu_op.90_D.899/3/midi_score.mid,pedal_depth,mixed,visible_mean,263,1,12,1059,796,785,0.39706414753945635,0.6301302623580749,0.4910204498977903,0.0,0.0,0.0,0.0
train,Schubert/Impromptu_op.90_D.899/3/midi_score.mid,pedal_depth,mixed,linear_interpolation,263,1,12,1059,796,785,0.41806566403349327,0.6465799749709956,0.5019876119247886,-5.289199899860009,-2.233544861376169,23.575035946733244,50.70063694267516
train,Schubert/Impromptu_op.90_D.899/3/midi_score.mid,pedal_depth,small,cnn,61,1,12,142,81,75,0.10914724351166218,0.33037439899553683,0.11714109075906445,36.34176299228249,-42.126566847666666,51.17206884797232,53.333333333333336
train,Schubert/Impromptu_op.90_D.899/3/midi_score.mid,pedal_depth,small,visible_mean,61,1,12,142,81,75,0.1714581625916374,0.41407506878781947,0.08242026340129498,0.0,0.0,0.0,0.0
train,Schubert/Impromptu_op.90_D.899/3/midi_score.mid,pedal_depth,small,linear_interpolation,61,1,12,142,81,75,0.05492307211020413,0.2343567197888811,0.08762331756729592,67.9670706369258,-6.312833702881848,20.013043312460084,42.666666666666664
train,Schubert/Impromptu_op.90_D.899/3/midi_score.mid,pedal_down_ratio,abrupt,cnn,92,1,12,357,265,261,1.8777130967348066,1.3702967185010722,3.8176864813588947,2.4037608265040866,4.206734618378527,9.854560301206664,59.00383141762452
train,Schubert/Impromptu_op.90_D.899/3/midi_score.mid,pedal_down_ratio,abrupt,visible_mean,92,1,12,357,265,261,1.9239605056879432,1.3870690342185363,3.9853391218578724,0.0,0.0,0.0,0.0
train,Schubert/Impromptu_op.90_D.899/3/midi_score.mid,pedal_down_ratio,abrupt,linear_interpolation,92,1,12,357,265,261,2.9403327092620177,1.7147398371945575,4.122101863979814,-52.82708249827894,-3.431646290069934,15.462529194936234,42.52873563218391
train,Schubert/Impromptu_op.90_D.899/3/midi_score.mid,pedal_down_ratio,gradual,cnn,25,1,12,43,18,9,0.123427703678869,0.35132279128867944,0.012939740871572073,9.302394226370348,-46.195868107741525,163.67651518451027,88.88888888888889
train,Schubert/Impromptu_op.90_D.899/3/midi_score.mid,pedal_down_ratio,gradual,visible_mean,25,1,12,43,18,9,0.13608705833639065,0.36889979443798915,0.008850962095615391,0.0,0.0,0.0,0.0
train,Schubert/Impromptu_op.90_D.899/3/midi_score.mid,pedal_down_ratio,gradual,linear_interpolation,25,1,12,43,18,9,0.234948675567621,0.4847150457409188,0.042924064700066995,-72.64586246464117,-384.9649590221476,230.6289095817161,55.55555555555556
train,Schubert/Impromptu_op.90_D.899/3/midi_score.mid,pedal_down_ratio,mixed,cnn,261,1,12,1008,747,721,0.3576804112263446,0.5980638855727243,0.5715494238696258,0.5411741945308912,3.7287751395232993,21.828723736409668,58.11373092926491
train,Schubert/Impromptu_op.90_D.899/3/midi_score.mid,pedal_down_ratio,mixed,visible_mean,261,1,12,1008,747,721,0.35962661767788157,0.5996887673434292,0.5936866646268987,0.0,0.0,0.0,0.0
train,Schubert/Impromptu_op.90_D.899/3/midi_score.mid,pedal_down_ratio,mixed,linear_interpolation,261,1,12,1008,747,721,0.4633428026822605,0.6806928842600461,0.6313439493470059,-28.839963424864678,-6.342956135585909,20.184946014397287,45.49237170596394
train,Schubert/Impromptu_op.90_D.899/3/midi_score.mid,pedal_down_ratio,small,cnn,30,1,11,66,36,30,0.14490145736336088,0.38065924048072297,0.09893797024850495,-3.6631466261817014,-151.0889222277064,95.31916133352192,30.0
train,Schubert/Impromptu_op.90_D.899/3/midi_score.mid,pedal_down_ratio,small,visible_mean,30,1,11,66,36,30,0.13978107174952745,0.37387306903483625,0.0394035584567847,0.0,0.0,0.0,0.0
train,Schubert/Impromptu_op.90_D.899/3/midi_score.mid,pedal_down_ratio,small,linear_interpolation,30,1,11,66,36,30,0.02855972479952047,0.16899622717540314,0.03955215525161357,79.56824594198532,-0.37711516585956506,13.011656946925646,40.0
train,Schubert/Impromptu_op.90_D.899/3/midi_score.mid,rubato,abrupt,cnn,92,1,12,369,277,277,3.1202072924151594,1.7664108504012195,5.992527755539978,5.607471800063513,3.704811842109046,12.913710888559295,61.371841155234655
train,Schubert/Impromptu_op.90_D.899/3/midi_score.mid,rubato,abrupt,visible_mean,92,1,12,369,277,277,3.305565972135132,1.8181215504292148,6.223081204965606,0.0,0.0,0.0,0.0
train,Schubert/Impromptu_op.90_D.899/3/midi_score.mid,rubato,abrupt,linear_interpolation,92,1,12,369,277,277,4.770196048706195,2.1840778485910697,6.487283536880992,-44.307997145342966,-4.245522807971236,17.848520007072015,45.12635379061372
train,Schubert/Impromptu_op.90_D.899/3/midi_score.mid,rubato,gradual,cnn,19,1,10,40,21,21,0.6094058724791351,0.7806445237617023,0.4853761982702729,8.21862711462984,-37.00731205736232,46.32159185569305,47.61904761904762
train,Schubert/Impromptu_op.90_D.899/3/midi_score.mid,rubato,gradual,visible_mean,19,1,10,40,21,21,0.663975546803216,0.814846946857639,0.35427028746250805,0.0,0.0,0.0,0.0
train,Schubert/Impromptu_op.90_D.899/3/midi_score.mid,rubato,gradual,linear_interpolation,19,1,10,40,21,21,0.4434663595764848,0.6659326989842779,0.14749114739418845,33.210437988024886,58.367621385748514,102.65486505758254,80.95238095238095
train,Schubert/Impromptu_op.90_D.899/3/midi_score.mid,rubato,mixed,cnn,231,1,12,880,649,649,0.8740321116079899,0.9348968454369658,1.3500150556130412,12.823938730455497,8.780262544104101,27.384457566299307,61.633281972265024
train,Schubert/Impromptu_op.90_D.899/3/midi_score.mid,rubato,mixed,visible_mean,231,1,12,880,649,649,1.002605645264841,1.0013019750628884,1.4799593742152175,0.0,0.0,0.0,0.0
train,Schubert/Impromptu_op.90_D.899/3/midi_score.mid,rubato,mixed,linear_interpolation,231,1,12,880,649,649,1.3208352897828444,1.1492759850370338,1.5255424357208824,-31.740260592083747,-3.0800211343528616,23.4173816401634,49.76887519260401
train,Schubert/Impromptu_op.90_D.899/3/midi_score.mid,rubato,small,cnn,66,1,12,185,119,119,0.31340880219612655,0.5598292616469119,0.42462854560986046,10.738893071003531,-0.8203232295868945,48.24870601691521,58.8235294117647
train,Schubert/Impromptu_op.90_D.899/3/midi_score.mid,rubato,small,visible_mean,66,1,12,185,119,119,0.3511146264917265,0.5925492608144293,0.42117356105167525,0.0,0.0,0.0,0.0
train,Schubert/Impromptu_op.90_D.899/3/midi_score.mid,rubato,small,linear_interpolation,66,1,12,185,119,119,0.31994905703492293,0.5656403955119568,0.4397360628499753,8.876180912257702,-4.407328359346496,17.389495728886466,45.378151260504204
train,Schubert/Impromptu_op.90_D.899/3/midi_score.mid,tempo,abrupt,cnn,33,1,10,146,113,113,1.514913796552015,1.2308183442539418,3.021696744336298,4.32068775214619,2.4969069598590465,14.008483426520446,56.63716814159292
train,Schubert/Impromptu_op.90_D.899/3/midi_score.mid,tempo,abrupt,visible_mean,33,1,10,146,113,113,1.5833242954628326,1.2583021479210916,3.099077834476798,0.0,0.0,0.0,0.0
train,Schubert/Impromptu_op.90_D.899/3/midi_score.mid,tempo,abrupt,linear_interpolation,33,1,10,146,113,113,2.1866043809550186,1.4787171402790389,3.190650852846108,-38.10211762814117,-2.95484732105058,13.673709709349687,43.36283185840708
train,Schubert/Impromptu_op.90_D.899/3/midi_score.mid,tempo,gradual,cnn,18,1,9,34,16,16,0.2526173184087905,0.5026105036793307,0.16708385644985096,36.601413137537754,-71.28267355850055,72.83778658988105,56.25
train,Schubert/Impromptu_op.90_D.899/3/midi_score.mid,tempo,gradual,visible_mean,18,1,9,34,16,16,0.398458910380482,0.6312360179683048,0.09754860370788437,0.0,0.0,0.0,0.0
train,Schubert/Impromptu_op.90_D.899/3/midi_score.mid,tempo,gradual,linear_interpolation,18,1,9,34,16,16,0.24538775045924965,0.4953662790897758,0.12038735236638679,38.41579543925048,-23.412686384414606,119.53337463896057,68.75
train,Schubert/Impromptu_op.90_D.899/3/midi_score.mid,tempo,mixed,cnn,213,1,12,862,649,649,0.39798894278267366,0.6308636483287602,0.6198172827817283,0.8194219881251685,6.946529947839652,33.58335161761945,62.40369799691834
train,Schubert/Impromptu_op.90_D.899/3/midi_score.mid,tempo,mixed,visible_mean,213,1,12,862,649,649,0.40127709553681234,0.633464360115715,0.6660872318187542,0.0,0.0,0.0,0.0
train,Schubert/Impromptu_op.90_D.899/3/midi_score.mid,tempo,mixed,linear_interpolation,213,1,12,862,649,649,0.5929368976312436,0.7700239591280544,0.6895184676837756,-47.76245747045105,-3.5177428339291605,22.51494053022503,49.46070878274268
train,Schubert/Impromptu_op.90_D.899/3/midi_score.mid,tempo,small,cnn,144,1,12,432,288,288,0.18460313164736775,0.42965466557151194,0.2722019204997736,-6.975820023324197,-17.20060063528843,55.183014309615096,52.77777777777778
train,Schubert/Impromptu_op.90_D.899/3/midi_score.mid,tempo,small,visible_mean,144,1,12,432,288,288,0.17256528775111823,0.4154097829265919,0.23225300811113347,0.0,0.0,0.0,0.0
train,Schubert/Impromptu_op.90_D.899/3/midi_score.mid,tempo,small,linear_interpolation,144,1,12,432,288,288,0.18942508259938545,0.4352299192373905,0.2464996639715476,-9.770096331646494,-6.134110372252777,23.191045861913075,50.0
train,Schubert/Piano_Sonatas/894-2_no_repeat/midi_score.mid,articulation,abrupt,cnn,69,1,6,271,202,202,3.065807878706905,1.750944853131276,6.535987471304818,1.750116372371191,2.3788468678511587,9.676516966347295,54.45544554455446
train,Schubert/Piano_Sonatas/894-2_no_repeat/midi_score.mid,articulation,abrupt,visible_mean,69,1,6,271,202,202,3.1204188397071753,1.7664707299321931,6.695257392070664,0.0,0.0,0.0,0.0
train,Schubert/Piano_Sonatas/894-2_no_repeat/midi_score.mid,articulation,abrupt,linear_interpolation,69,1,6,271,202,202,5.491933769575521,2.343487522811999,7.216252120597692,-75.99989141492595,-7.781548908695468,24.578921652914346,45.04950495049505
train,Schubert/Piano_Sonatas/894-2_no_repeat/midi_score.mid,articulation,gradual,cnn,10,1,6,23,13,13,0.4914543955392659,0.7010380842288569,0.7147928295949435,12.543235766024207,-11.903443418309735,31.763270378311166,69.23076923076923
train,Schubert/Piano_Sonatas/894-2_no_repeat/midi_score.mid,articulation,gradual,visible_mean,10,1,6,23,13,13,0.5619398337496946,0.7496264628131097,0.6387585652060359,0.0,0.0,0.0,0.0
train,Schubert/Piano_Sonatas/894-2_no_repeat/midi_score.mid,articulation,gradual,linear_interpolation,10,1,6,23,13,13,0.25263407931419374,0.5026271772538705,0.25163124821819693,55.04250381603579,60.60620366992158,74.35008395323754,92.3076923076923
train,Schubert/Piano_Sonatas/894-2_no_repeat/midi_score.mid,articulation,mixed,cnn,126,1,6,518,392,392,0.9135712960772531,0.9558092362376779,1.4266775761133297,11.046106391822141,-1.1644751959188016,20.847834901800162,51.275510204081634
train,Schubert/Piano_Sonatas/894-2_no_repeat/midi_score.mid,articulation,mixed,visible_mean,126,1,6,518,392,392,1.0270166476369564,1.0134182984518074,1.4102555006096498,0.0,0.0,0.0,0.0
train,Schubert/Piano_Sonatas/894-2_no_repeat/midi_score.mid,articulation,mixed,linear_interpolation,126,1,6,518,392,392,1.2306989612658743,1.1093687219612216,1.4170417405089466,-19.83242570581176,-0.48120641233897476,21.613244624056456,53.826530612244895
train,Schubert/Piano_Sonatas/894-2_no_repeat/midi_score.mid,articulation,small,cnn,71,1,6,212,141,141,0.32205167796102385,0.5674959717575305,0.4271340168854381,11.663314430084725,-5.264286303350496,36.00109482011378,55.319148936170215
train,Schubert/Piano_Sonatas/894-2_no_repeat/midi_score.mid,articulation,small,visible_mean,71,1,6,212,141,141,0.3645729697500725,0.6037987825013168,0.4057729662029188,0.0,0.0,0.0,0.0
train,Schubert/Piano_Sonatas/894-2_no_repeat/midi_score.mid,articulation,small,linear_interpolation,71,1,6,212,141,141,0.32244997157584,0.5678467853002603,0.41919959056582207,11.554065075946053,-3.3089006615065752,19.484179140239725,51.06382978723404
train,Schubert/Piano_Sonatas/894-2_no_repeat/midi_score.mid,dynamics,abrupt,cnn,107,1,6,428,321,320,2.1677180848836635,1.47231725008018,3.2395990663130436,7.524793962279408,1.2882536907866005,11.77309845999481,52.1875
train,Schubert/Piano_Sonatas/894-2_no_repeat/midi_score.mid,dynamics,abrupt,visible_mean,107,1,6,428,321,320,2.34410733186088,1.5310477888886682,3.28187798052426,0.0,0.0,0.0,0.0
train,Schubert/Piano_Sonatas/894-2_no_repeat/midi_score.mid,dynamics,abrupt,linear_interpolation,107,1,6,428,321,320,2.6604114305599946,1.6310767702839724,3.3760728823258375,-13.493584291126105,-2.8701524663793387,17.884633697940842,50.3125
train,Schubert/Piano_Sonatas/894-2_no_repeat/midi_score.mid,dynamics,gradual,cnn,7,1,5,14,7,7,0.6717349336995401,0.8195943714420811,0.5514545395009528,29.89743592981615,-5.438243870032,41.060800856605226,57.142857142857146
train,Schubert/Piano_Sonatas/894-2_no_repeat/midi_score.mid,dynamics,gradual,visible_mean,7,1,5,14,7,7,0.9582173528303847,0.9788857710838301,0.5230118781006073,0.0,0.0,0.0,0.0
train,Schubert/Piano_Sonatas/894-2_no_repeat/midi_score.mid,dynamics,gradual,linear_interpolation,7,1,5,14,7,7,0.5671533758349049,0.7530958609864383,0.36573973163987156,40.811615009930065,30.070473166286803,99.14488192037119,71.42857142857143
train,Schubert/Piano_Sonatas/894-2_no_repeat/midi_score.mid,dynamics,mixed,cnn,104,1,6,421,317,317,0.8454449003240861,0.919480777571824,1.0373616164772475,22.565632422496464,-1.7246511973687983,18.564060986658852,51.10410094637224
train,Schubert/Piano_Sonatas/894-2_no_repeat/midi_score.mid,dynamics,mixed,visible_mean,104,1,6,421,317,317,1.0918212762283956,1.0449025199646116,1.019774070755506,0.0,0.0,0.0,0.0
train,Schubert/Piano_Sonatas/894-2_no_repeat/midi_score.mid,dynamics,mixed,linear_interpolation,104,1,6,421,317,317,0.9212626429146541,0.9598242771021445,1.0101024562230592,15.621479176786323,0.9484075747564047,28.116196075856237,54.25867507886435
train,Schubert/Piano_Sonatas/894-2_no_repeat/midi_score.mid,dynamics,small,cnn,58,1,6,161,103,100,0.30600871328496854,0.5531805431185812,0.29897696732923557,32.97866123194231,-33.286807109004535,40.76384015953628,41.0
train,Schubert/Piano_Sonatas/894-2_no_repeat/midi_score.mid,dynamics,small,visible_mean,58,1,6,161,103,100,0.45658400579549746,0.6757100012546043,0.22431099807554578,0.0,0.0,0.0,0.0
train,Schubert/Piano_Sonatas/894-2_no_repeat/midi_score.mid,dynamics,small,linear_interpolation,58,1,6,161,103,100,0.2252218719651492,0.4745754649843892,0.2311023072511513,50.672413158067265,-3.0276309382379463,22.087283976991866,52.0
train,Schubert/Piano_Sonatas/894-2_no_repeat/midi_score.mid,pedal_changes,abrupt,cnn,69,1,6,278,209,163,1.8972499424131066,1.3774069632512778,3.6324867874554423,2.5754200932124216,-0.646323008487415,10.869639488149325,50.920245398773005
train,Schubert/Piano_Sonatas/894-2_no_repeat/midi_score.mid,pedal_changes,abrupt,visible_mean,69,1,6,278,209,163,1.9474037704122809,1.3954940954415682,3.6091599562451155,0.0,0.0,0.0,0.0
train,Schubert/Piano_Sonatas/894-2_no_repeat/midi_score.mid,pedal_changes,abrupt,linear_interpolation,69,1,6,278,209,163,3.077762156362031,1.7543551967495155,3.824830222051412,-58.0443769866197,-5.975636115354521,22.40822612840898,36.809815950920246
train,Schubert/Piano_Sonatas/894-2_no_repeat/midi_score.mid,pedal_changes,gradual,cnn,25,1,6,67,42,4,0.18189709432290088,0.4264939557870673,0.10818107807691127,25.45135547740738,-12.036910254873213,60.428295606271476,100.0
train,Schubert/Piano_Sonatas/894-2_no_repeat/midi_score.mid,pedal_changes,gradual,visible_mean,25,1,6,67,42,4,0.2439978560143711,0.4939613912183533,0.09655842688879022,0.0,0.0,0.0,0.0
train,Schubert/Piano_Sonatas/894-2_no_repeat/midi_score.mid,pedal_changes,gradual,linear_interpolation,25,1,6,67,42,4,0.3431537838837673,0.5857932945022223,0.10695702282362148,-40.63803243564406,-10.769226746835558,71.25252899453317,100.0
train,Schubert/Piano_Sonatas/894-2_no_repeat/midi_score.mid,pedal_changes,mixed,cnn,164,1,6,643,479,340,0.7041739053754607,0.8391507048054364,1.2501661305183744,4.332592353401699,0.9502577528752831,19.151848084849544,55.588235294117645
train,Schubert/Piano_Sonatas/894-2_no_repeat/midi_score.mid,pedal_changes,mixed,visible_mean,164,1,6,643,479,340,0.7360645832243363,0.8579420628599208,1.262159902848879,0.0,0.0,0.0,0.0
train,Schubert/Piano_Sonatas/894-2_no_repeat/midi_score.mid,pedal_changes,mixed,linear_interpolation,164,1,6,643,479,340,0.9850254205546556,0.9924844686717549,1.326235863033416,-33.82323277119848,-5.076691157745383,19.499498266755218,28.823529411764707
train,Schubert/Piano_Sonatas/894-2_no_repeat/midi_score.mid,pedal_changes,small,cnn,18,1,6,36,18,0,0.08168340888078696,0.28580309459623937,0.0624292766179583,-13.74830092737822,,,
train,Schubert/Piano_Sonatas/894-2_no_repeat/midi_score.mid,pedal_changes,small,visible_mean,18,1,6,36,18,0,0.07181066285371343,0.26797511610915187,0.0,0.0,,,
train,Schubert/Piano_Sonatas/894-2_no_repeat/midi_score.mid,pedal_changes,small,linear_interpolation,18,1,6,36,18,0,0.0,0.0,0.0,100.0,,,
train,Schubert/Piano_Sonatas/894-2_no_repeat/midi_score.mid,pedal_depth,abrupt,cnn,59,1,6,228,169,169,1.4059219270471381,1.185715786791733,1.825302856224272,2.8774453888070206,1.9696571835850163,12.217641440343991,53.25443786982248
train,Schubert/Piano_Sonatas/894-2_no_repeat/midi_score.mid,pedal_depth,abrupt,visible_mean,59,1,6,228,169,169,1.4475751103082202,1.2031521559255172,1.8619774283994737,0.0,0.0,0.0,0.0
train,Schubert/Piano_Sonatas/894-2_no_repeat/midi_score.mid,pedal_depth,abrupt,linear_interpolation,59,1,6,228,169,169,1.6726969719460492,1.2933278671497221,1.8713986135803966,-15.551653246503783,-0.5059774107477377,21.23670035381111,50.29585798816568
train,Schubert/Piano_Sonatas/894-2_no_repeat/midi_score.mid,pedal_depth,gradual,cnn,20,1,6,36,16,16,0.3715486613514641,0.6095479155500937,0.24036661716795016,-6.259248482833857,-13.091282365859879,52.00342469450827,56.25
train,Schubert/Piano_Sonatas/894-2_no_repeat/midi_score.mid,pedal_depth,gradual,visible_mean,20,1,6,36,16,16,0.3496624215364064,0.5913226036068691,0.21254212715560494,0.0,0.0,0.0,0.0
train,Schubert/Piano_Sonatas/894-2_no_repeat/midi_score.mid,pedal_depth,gradual,linear_interpolation,20,1,6,36,16,16,0.09389799736796882,0.306427801232148,0.14111592344478943,73.14609989961637,33.605668987458394,58.77154121952124,75.0
train,Schubert/Piano_Sonatas/894-2_no_repeat/midi_score.mid,pedal_depth,mixed,cnn,171,1,6,693,522,522,0.4148301725686773,0.6440731111983152,0.48425855681037766,6.177067092677346,-4.565918356691578,26.915407301191735,52.87356321839081
train,Schubert/Piano_Sonatas/894-2_no_repeat/midi_score.mid,pedal_depth,mixed,visible_mean,171,1,6,693,522,522,0.44214155293828045,0.6649372548882191,0.463113186801929,0.0,0.0,0.0,0.0
train,Schubert/Piano_Sonatas/894-2_no_repeat/midi_score.mid,pedal_depth,mixed,linear_interpolation,171,1,6,693,522,522,0.44604415120917695,0.6678653690746189,0.4677260246957092,-0.8826581091420982,-0.9960497833444437,22.441262468599117,55.55555555555556
train,Schubert/Piano_Sonatas/894-2_no_repeat/midi_score.mid,pedal_depth,small,cnn,26,1,6,67,41,41,0.15221084601539983,0.39014208439413434,0.06347654064559384,-16.509816154073278,-30.07055658613609,75.09119019576794,51.21951219512195
train,Schubert/Piano_Sonatas/894-2_no_repeat/midi_score.mid,pedal_depth,small,visible_mean,26,1,6,67,41,41,0.13064207895935162,0.36144443412418403,0.04880162145193715,0.0,0.0,0.0,0.0
train,Schubert/Piano_Sonatas/894-2_no_repeat/midi_score.mid,pedal_depth,small,linear_interpolation,26,1,6,67,41,41,0.05168901862067092,0.22735219071007634,0.04882129510846869,60.43463252237926,-0.040313530465208025,27.169004468787644,58.53658536585366
train,Schubert/Piano_Sonatas/894-2_no_repeat/midi_score.mid,pedal_down_ratio,abrupt,cnn,64,1,6,267,203,203,1.9057936811993303,1.3805048646054567,3.3050401019100124,3.1589174727337133,0.6653868438882715,8.583204293416841,49.26108374384236
train,Schubert/Piano_Sonatas/894-2_no_repeat/midi_score.mid,pedal_down_ratio,abrupt,visible_mean,64,1,6,267,203,203,1.9679599106740062,1.402839944781302,3.3271787113278393,0.0,0.0,0.0,0.0
train,Schubert/Piano_Sonatas/894-2_no_repeat/midi_score.mid,pedal_down_ratio,abrupt,linear_interpolation,64,1,6,267,203,203,2.9054638071673455,1.7045421107052021,3.3403962733887864,-47.6383635361888,-0.3972603580308487,21.021780773362696,52.216748768472904
train,Schubert/Piano_Sonatas/894-2_no_repeat/midi_score.mid,pedal_down_ratio,gradual,cnn,16,1,6,30,14,13,0.4043979586295316,0.6359229187798877,0.09315732254844145,-34.380972714511216,-50.560422267462066,106.92940151155315,46.15384615384615
train,Schubert/Piano_Sonatas/894-2_no_repeat/midi_score.mid,pedal_down_ratio,gradual,visible_mean,16,1,6,30,14,13,0.30093394210552726,0.5485744635922523,0.06187371232457939,0.0,0.0,0.0,0.0
train,Schubert/Piano_Sonatas/894-2_no_repeat/midi_score.mid,pedal_down_ratio,gradual,linear_interpolation,16,1,6,30,14,13,0.11988808866380424,0.3462485937354898,0.049733987607018734,60.16132715871459,19.620165432902493,112.35381521261112,69.23076923076923
train,Schubert/Piano_Sonatas/894-2_no_repeat/midi_score.mid,pedal_down_ratio,mixed,cnn,165,1,6,642,477,471,0.33070424716840974,0.5750689064524439,0.5152231931204433,-0.9352297994907888,-8.589253216927318,27.692640475908124,50.530785562632694
train,Schubert/Piano_Sonatas/894-2_no_repeat/midi_score.mid,pedal_down_ratio,mixed,visible_mean,165,1,6,642,477,471,0.32764005969507204,0.5723985147561723,0.47446978209822355,0.0,0.0,0.0,0.0
train,Schubert/Piano_Sonatas/894-2_no_repeat/midi_score.mid,pedal_down_ratio,mixed,linear_interpolation,165,1,6,642,477,471,0.3891796998985726,0.6238426884227887,0.4854839580085622,-18.78269716492369,-2.3213650955032916,19.387115394505386,51.38004246284501
train,Schubert/Piano_Sonatas/894-2_no_repeat/midi_score.mid,pedal_down_ratio,small,cnn,31,1,6,85,54,51,0.15653834244141154,0.39564926695421987,0.0601493942918596,-93.61854443662263,-100.50160117187713,78.21212479100454,31.372549019607842
train,Schubert/Piano_Sonatas/894-2_no_repeat/midi_score.mid,pedal_down_ratio,small,visible_mean,31,1,6,85,54,51,0.08084883754130866,0.28433930002957497,0.029999458328663117,0.0,0.0,0.0,0.0
train,Schubert/Piano_Sonatas/894-2_no_repeat/midi_score.mid,pedal_down_ratio,small,linear_interpolation,31,1,6,85,54,51,0.026854478317920396,0.1638733606109315,0.030498325438889404,66.78433588584443,-1.6629203926313618,20.114010678649592,41.1764705882353
train,Schubert/Piano_Sonatas/894-2_no_repeat/midi_score.mid,rubato,abrupt,cnn,53,1,6,211,158,149,3.325048280291806,1.8234714914941241,5.080621606808912,8.84929941145578,2.397998850914318,12.82271953437221,56.375838926174495
train,Schubert/Piano_Sonatas/894-2_no_repeat/midi_score.mid,rubato,abrupt,visible_mean,53,1,6,211,158,149,3.647858172040969,1.909936693202413,5.205448194702826,0.0,0.0,0.0,0.0
train,Schubert/Piano_Sonatas/894-2_no_repeat/midi_score.mid,rubato,abrupt,linear_interpolation,53,1,6,211,158,149,5.944430407088075,2.4381202609978194,5.443704013731044,-62.95673040824881,-4.577047165135029,26.571232961003012,47.651006711409394
train,Schubert/Piano_Sonatas/894-2_no_repeat/midi_score.mid,rubato,gradual,cnn,14,1,5,31,17,14,0.8908540278178461,0.9438506385111185,0.7991306312099918,27.87010797930375,-26.715823696216056,48.923848727705824,28.571428571428573
train,Schubert/Piano_Sonatas/894-2_no_repeat/midi_score.mid,rubato,gradual,visible_mean,14,1,5,31,17,14,1.2350691271827123,1.1113366398993207,0.6306478606222051,0.0,0.0,0.0,0.0
train,Schubert/Piano_Sonatas/894-2_no_repeat/midi_score.mid,rubato,gradual,linear_interpolation,14,1,5,31,17,14,0.6663796107072538,0.816320776844038,0.4977125913922494,46.0451568223297,21.079159627815137,84.50342658788144,71.42857142857143
train,Schubert/Piano_Sonatas/894-2_no_repeat/midi_score.mid,rubato,mixed,cnn,154,1,6,622,468,441,0.9482715420398369,0.9737923505757461,1.2576801400703552,17.67378397884489,-0.4212528663129378,25.36597533958988,54.42176870748299
train,Schubert/Piano_Sonatas/894-2_no_repeat/midi_score.mid,rubato,mixed,visible_mean,154,1,6,622,468,441,1.1518463836551927,1.0732410650246256,1.2524043508445943,0.0,0.0,0.0,0.0
train,Schubert/Piano_Sonatas/894-2_no_repeat/midi_score.mid,rubato,mixed,linear_interpolation,154,1,6,622,468,441,1.1964433945684978,1.093820549527434,1.2583717347388064,-3.871784601327133,-0.47647422257737215,23.45038413469279,51.92743764172336
train,Schubert/Piano_Sonatas/894-2_no_repeat/midi_score.mid,rubato,small,cnn,55,1,6,160,105,98,0.4005007939759417,0.6328513205927137,0.38644168898090425,28.456149978787526,-19.311102816224523,46.312581786025284,51.02040816326531
train,Schubert/Piano_Sonatas/894-2_no_repeat/midi_score.mid,rubato,small,visible_mean,55,1,6,160,105,98,0.5597976539663364,0.7481962670090893,0.3238941555809289,0.0,0.0,0.0,0.0
train,Schubert/Piano_Sonatas/894-2_no_repeat/midi_score.mid,rubato,small,linear_interpolation,55,1,6,160,105,98,0.30139733492194515,0.5489966620316968,0.3419742200004523,46.15959306251938,-5.5820903551332846,19.73623086752319,43.87755102040816
train,Schubert/Piano_Sonatas/894-2_no_repeat/midi_score.mid,tempo,abrupt,cnn,62,1,6,243,181,174,1.9341846051140867,1.3907496558022536,3.038227510985924,6.827650329885415,0.8983890130759065,14.628190116514375,54.02298850574713
train,Schubert/Piano_Sonatas/894-2_no_repeat/midi_score.mid,tempo,abrupt,visible_mean,62,1,6,243,181,174,2.0759212491283607,1.4408057638447873,3.065770052301976,0.0,0.0,0.0,0.0
train,Schubert/Piano_Sonatas/894-2_no_repeat/midi_score.mid,tempo,abrupt,linear_interpolation,62,1,6,243,181,174,3.334922612647753,1.8261770485491688,3.239416320484775,-60.647838353599525,-5.664034328093659,26.240949489651527,47.701149425287355
train,Schubert/Piano_Sonatas/894-2_no_repeat/midi_score.mid,tempo,gradual,cnn,16,1,5,38,22,19,0.6246044629815066,0.7903192158751466,0.48255173750447145,31.977295721796693,-8.97514339391634,36.54982972850936,52.63157894736842
train,Schubert/Piano_Sonatas/894-2_no_repeat/midi_score.mid,tempo,gradual,visible_mean,16,1,5,38,22,19,0.9182293906266386,0.9582428662017989,0.4428089952221255,0.0,0.0,0.0,0.0
train,Schubert/Piano_Sonatas/894-2_no_repeat/midi_score.mid,tempo,gradual,linear_interpolation,16,1,5,38,22,19,0.48430279328175385,0.6959186685825822,0.3062109465084959,47.256883930578056,30.848074494310616,89.11577999892046,78.94736842105263
train,Schubert/Piano_Sonatas/894-2_no_repeat/midi_score.mid,tempo,mixed,cnn,146,1,6,598,452,423,0.6380854680694308,0.7988025213214032,0.7776422189419775,17.204992551156252,1.4579730103145616,27.72856388935878,54.846335697399525
train,Schubert/Piano_Sonatas/894-2_no_repeat/midi_score.mid,tempo,mixed,visible_mean,146,1,6,598,452,423,0.7706810926536631,0.8778844415147492,0.7891477805945423,0.0,0.0,0.0,0.0
train,Schubert/Piano_Sonatas/894-2_no_repeat/midi_score.mid,tempo,mixed,linear_interpolation,146,1,6,598,452,423,0.7949479877056707,0.8915985574829463,0.7820833401215088,-3.1487596209802016,0.8951986746653651,22.892706075013834,53.191489361702125
train,Schubert/Piano_Sonatas/894-2_no_repeat/midi_score.mid,tempo,small,cnn,52,1,6,145,93,86,0.2749384036434461,0.524345690974424,0.2570620427175027,28.283063027554245,-32.244739471201676,52.10299858375315,41.86046511627907
train,Schubert/Piano_Sonatas/894-2_no_repeat/midi_score.mid,tempo,small,visible_mean,52,1,6,145,93,86,0.3833660711821529,0.6191656250004136,0.19438356772859153,0.0,0.0,0.0,0.0
train,Schubert/Piano_Sonatas/894-2_no_repeat/midi_score.mid,tempo,small,linear_interpolation,52,1,6,145,93,86,0.16699207386501222,0.4086466369187592,0.1982813033648144,56.44057040570305,-2.005177537262348,23.336633177324238,54.651162790697676
train,Scriabin/Sonatas/5/midi_score.mid,articulation,abrupt,cnn,167,1,7,694,527,523,3.9558603094413685,1.9889344658488295,8.293137106318294,4.7251937736582095,3.094882713036018,8.287514730180336,56.022944550669216
train,Scriabin/Sonatas/5/midi_score.mid,articulation,abrupt,visible_mean,167,1,7,694,527,523,4.15205285229711,2.0376586692321923,8.557997078482373,0.0,0.0,0.0,0.0
train,Scriabin/Sonatas/5/midi_score.mid,articulation,abrupt,linear_interpolation,167,1,7,694,527,523,5.59528573422956,2.365435633076825,8.803416687293002,-34.75950170369306,-2.867722512171622,15.738678022315225,47.41873804971319
train,Scriabin/Sonatas/5/midi_score.mid,articulation,gradual,cnn,27,1,7,36,9,8,1.1796364205734762,1.0861106852312412,1.8156350060259396,4.803938884693171,4.691790264444339,14.817657061902858,62.5
train,Scriabin/Sonatas/5/midi_score.mid,articulation,gradual,visible_mean,27,1,7,36,9,8,1.2391651574161604,1.1131779540649196,1.905014280578391,0.0,0.0,0.0,0.0
train,Scriabin/Sonatas/5/midi_score.mid,articulation,gradual,linear_interpolation,27,1,7,36,9,8,0.7206589959821738,0.8489163657170086,0.910853893974938,41.84318436738065,52.18650572538548,58.067504690864325,87.5
train,Scriabin/Sonatas/5/midi_score.mid,articulation,mixed,cnn,243,1,7,926,683,670,1.0316307933071691,1.0156922729385949,1.535631404367798,6.448281427363001,1.4320747418672175,18.238225595600138,53.582089552238806
train,Scriabin/Sonatas/5/midi_score.mid,articulation,mixed,visible_mean,243,1,7,926,683,670,1.1027384734853085,1.0501135526624292,1.5579423025758514,0.0,0.0,0.0,0.0
train,Scriabin/Sonatas/5/midi_score.mid,articulation,mixed,linear_interpolation,243,1,7,926,683,670,1.3975107370688145,1.1821635830412027,1.5752875261392578,-26.730931283448434,-1.1133418442216048,20.00743225058976,50.8955223880597
train,Scriabin/Sonatas/5/midi_score.mid,articulation,small,cnn,125,1,7,380,255,238,0.40858473066204126,0.6392063287093153,0.37906261620749804,5.368115873810431,-9.849564750744877,32.18791010820705,48.319327731092436
train,Scriabin/Sonatas/5/midi_score.mid,articulation,small,visible_mean,125,1,7,380,255,238,0.4317622273241462,0.6570861643073503,0.3450742996275073,0.0,0.0,0.0,0.0
train,Scriabin/Sonatas/5/midi_score.mid,articulation,small,linear_interpolation,125,1,7,380,255,238,0.321494065158403,0.5670044666123919,0.36860102272705314,25.53909424850155,-6.8178717235511055,25.743550605165815,46.63865546218487
train,Scriabin/Sonatas/5/midi_score.mid,dynamics,abrupt,cnn,175,1,7,685,510,501,1.7719524873470032,1.331147056995208,2.794690714418092,5.146678405367322,2.3114511519899295,12.155136232079686,55.489021956087825
train,Scriabin/Sonatas/5/midi_score.mid,dynamics,abrupt,visible_mean,175,1,7,685,510,501,1.8680974556902286,1.3667836169965708,2.8608171043325106,0.0,0.0,0.0,0.0
train,Scriabin/Sonatas/5/midi_score.mid,dynamics,abrupt,linear_interpolation,175,1,7,685,510,501,2.787182897046924,1.669485818162863,2.9800290379537095,-49.19900932133703,-4.167058895189801,21.567732771269142,49.9001996007984
train,Scriabin/Sonatas/5/midi_score.mid,dynamics,gradual,cnn,27,1,7,57,30,29,0.7866825939303126,0.8869512917462337,0.4942464384006613,41.579372178465356,6.347439048347869,29.21983798658833,62.06896551724138
train,Scriabin/Sonatas/5/midi_score.mid,dynamics,gradual,visible_mean,27,1,7,57,30,29,1.3465836011442702,1.1604238885615334,0.5277447123478178,0.0,0.0,0.0,0.0
train,Scriabin/Sonatas/5/midi_score.mid,dynamics,gradual,linear_interpolation,27,1,7,57,30,29,0.2684536747713216,0.5181251535790572,0.2089840862011124,80.06409148728673,60.40053432816237,81.63976586551355,86.20689655172414
train,Scriabin/Sonatas/5/midi_score.mid,dynamics,mixed,cnn,226,1,7,913,687,675,0.6912287896229431,0.8314017017200188,1.007350266051985,12.705335946317199,-0.03106078931525147,17.89312792727417,53.03703703703704
train,Scriabin/Sonatas/5/midi_score.mid,dynamics,mixed,visible_mean,226,1,7,913,687,675,0.7918339535597095,0.889850523155271,1.0070374722643993,0.0,0.0,0.0,0.0
train,Scriabin/Sonatas/5/midi_score.mid,dynamics,mixed,linear_interpolation,226,1,7,913,687,675,0.8447226309407169,0.9190879342808917,1.0091908693254807,-6.679263644005795,-0.21383484928712004,24.488570299823646,53.03703703703704
train,Scriabin/Sonatas/5/midi_score.mid,dynamics,small,cnn,134,1,7,381,247,233,0.3262962693786892,0.5712234846176137,0.33201137388329555,30.879944227690594,-13.565537577014997,31.02714803800209,46.78111587982833
train,Scriabin/Sonatas/5/midi_score.mid,dynamics,small,visible_mean,134,1,7,381,247,233,0.4720717680748873,0.6870747907432547,0.2923522231893108,0.0,0.0,0.0,0.0
train,Scriabin/Sonatas/5/midi_score.mid,dynamics,small,linear_interpolation,134,1,7,381,247,233,0.23389739538356807,0.4836293987999159,0.2934649889543786,50.45300075083845,-0.3806250395254285,20.725969249104146,52.78969957081545
train,Scriabin/Sonatas/5/midi_score.mid,pedal_changes,abrupt,cnn,254,1,7,1008,754,457,1.7903069321645946,1.3380235170446724,3.692443408404988,0.5903514778836993,-1.6472198039419128,10.66720497209037,49.23413566739606
train,Scriabin/Sonatas/5/midi_score.mid,pedal_changes,abrupt,visible_mean,254,1,7,1008,754,457,1.800938800992032,1.341990611365084,3.6326063964435096,0.0,0.0,0.0,0.0
train,Scriabin/Sonatas/5/midi_score.mid,pedal_changes,abrupt,linear_interpolation,254,1,7,1008,754,457,2.7407626448706717,1.6555248850049558,3.767492857235803,-52.18521825177766,-3.7132143169805953,18.79625023188895,26.039387308533918
train,Scriabin/Sonatas/5/midi_score.mid,pedal_changes,gradual,cnn,72,1,7,210,138,14,0.42061616466396695,0.6485492769743614,0.18335092971847605,4.510524151154716,-10.12877683977047,51.49090506499186,57.142857142857146
train,Scriabin/Sonatas/5/midi_score.mid,pedal_changes,gradual,visible_mean,72,1,7,210,138,14,0.4404843161248259,0.6636899246823218,0.16648775640651906,0.0,0.0,0.0,0.0
train,Scriabin/Sonatas/5/midi_score.mid,pedal_changes,gradual,linear_interpolation,72,1,7,210,138,14,0.4277387107042089,0.6540173626932307,0.16367116440464344,2.8935435278937716,1.6917712525347794,73.82323890455659,100.0
train,Scriabin/Sonatas/5/midi_score.mid,pedal_changes,mixed,cnn,106,1,7,429,323,174,0.5896974291393096,0.767917592674702,0.8738266503977773,2.2913919841689,1.157161657841732,23.74057448734172,57.47126436781609
train,Scriabin/Sonatas/5/midi_score.mid,pedal_changes,mixed,visible_mean,106,1,7,429,323,174,0.6035265890224991,0.7768697374866002,0.8840566145752559,0.0,0.0,0.0,0.0
train,Scriabin/Sonatas/5/midi_score.mid,pedal_changes,mixed,linear_interpolation,106,1,7,429,323,174,0.7741252046101195,0.8798438524022996,0.8888478631721504,-28.266959350362697,-0.5419617384115671,16.510208027569096,23.563218390804597
train,Scriabin/Sonatas/5/midi_score.mid,pedal_changes,small,cnn,130,1,7,389,259,0,0.07888584025520211,0.28086623195963256,0.038467725193105366,-8.947080654172911,,,
train,Scriabin/Sonatas/5/midi_score.mid,pedal_changes,small,visible_mean,130,1,7,389,259,0,0.07240748424054316,0.2690863880625387,0.0,0.0,,,
train,Scriabin/Sonatas/5/midi_score.mid,pedal_changes,small,linear_interpolation,130,1,7,389,259,0,0.0,0.0,0.0,100.0,,,
train,Scriabin/Sonatas/5/midi_score.mid,pedal_depth,abrupt,cnn,155,1,7,597,442,416,1.6700643483039077,1.2923096951984487,2.721002254183513,11.966223634888461,1.9961999022605537,11.091173421307806,57.45192307692308
train,Scriabin/Sonatas/5/midi_score.mid,pedal_depth,abrupt,visible_mean,155,1,7,597,442,416,1.8970722571044527,1.3773424618098626,2.776425252357409,0.0,0.0,0.0,0.0
train,Scriabin/Sonatas/5/midi_score.mid,pedal_depth,abrupt,linear_interpolation,155,1,7,597,442,416,2.152104888619503,1.4670054153340752,2.8323507996872723,-13.443485379113218,-2.0143004852148705,19.353131325523066,44.95192307692308
train,Scriabin/Sonatas/5/midi_score.mid,pedal_depth,gradual,cnn,41,1,7,118,77,53,0.3854572422377894,0.6208520292612317,0.2519091603205143,18.256914134691627,1.6616357442840957,27.82623063558971,54.716981132075475
train,Scriabin/Sonatas/5/midi_score.mid,pedal_depth,gradual,visible_mean,41,1,7,118,77,53,0.4715472118007925,0.6866929530734915,0.2561657011758482,0.0,0.0,0.0,0.0
train,Scriabin/Sonatas/5/midi_score.mid,pedal_depth,gradual,linear_interpolation,41,1,7,118,77,53,0.25458388859529774,0.504563067014717,0.16075919566246627,46.01094392583367,37.24405924581172,60.543765655724755,79.24528301886792
train,Scriabin/Sonatas/5/midi_score.mid,pedal_depth,mixed,cnn,184,1,7,718,534,476,0.4389001779278331,0.662495417288175,0.48958271535502546,15.334248261556493,-0.11861619552671065,23.729223622604536,51.890756302521005
train,Scriabin/Sonatas/5/midi_score.mid,pedal_depth,mixed,visible_mean,184,1,7,718,534,476,0.5183916387865073,0.7199941935783283,0.4890026789811943,0.0,0.0,0.0,0.0
train,Scriabin/Sonatas/5/midi_score.mid,pedal_depth,mixed,linear_interpolation,184,1,7,718,534,476,0.47845585361384013,0.6917050336768124,0.4814799350836936,7.703786516725475,1.5383850070461613,22.63547417070055,51.890756302521005
train,Scriabin/Sonatas/5/midi_score.mid,pedal_depth,small,cnn,182,1,7,603,421,244,0.10829007506341828,0.3290745737115195,0.06523773418094767,35.070878034074774,-73.37240155423004,90.81214168749162,47.540983606557376
train,Scriabin/Sonatas/5/midi_score.mid,pedal_depth,small,visible_mean,182,1,7,603,421,244,0.16678197977211037,0.4083894951784514,0.03762867307374849,0.0,0.0,0.0,0.0
train,Scriabin/Sonatas/5/midi_score.mid,pedal_depth,small,linear_interpolation,182,1,7,603,421,244,0.027297502789352817,0.1652195593425694,0.038146606462797016,83.63282242682818,-1.3764327751697003,20.24694811274546,36.47540983606557
train,Scriabin/Sonatas/5/midi_score.mid,pedal_down_ratio,abrupt,cnn,145,1,7,546,401,360,2.168149289623381,1.4724636802391362,3.1828105240164324,13.011176344673602,2.2192476459758748,10.965973126980924,53.05555555555556
train,Scriabin/Sonatas/5/midi_score.mid,pedal_down_ratio,abrupt,visible_mean,145,1,7,546,401,360,2.4924458091469126,1.5787481778760388,3.255048102404425,0.0,0.0,0.0,0.0
train,Scriabin/Sonatas/5/midi_score.mid,pedal_down_ratio,abrupt,linear_interpolation,145,1,7,546,401,360,2.745789181788942,1.6570422993360616,3.3268776547705117,-10.164448579475472,-2.2067124695646756,19.874061892318664,43.611111111111114
train,Scriabin/Sonatas/5/midi_score.mid,pedal_down_ratio,gradual,cnn,40,1,7,117,77,37,0.2736359471779722,0.5231022339638517,0.16607818755599504,28.616514967192728,-23.969891981363766,46.61442304988558,48.648648648648646
train,Scriabin/Sonatas/5/midi_score.mid,pedal_down_ratio,gradual,visible_mean,40,1,7,117,77,37,0.38333228904726535,0.6191383440292366,0.1339665501853961,0.0,0.0,0.0,0.0
train,Scriabin/Sonatas/5/midi_score.mid,pedal_down_ratio,gradual,linear_interpolation,40,1,7,117,77,37,0.24668747469270202,0.4966764285656226,0.06535561264392171,35.64657041914746,51.214976758395146,78.17113970338266,72.97297297297297
train,Scriabin/Sonatas/5/midi_score.mid,pedal_down_ratio,mixed,cnn,185,1,7,745,560,453,0.30938001869318554,0.5562193979835525,0.4046143758813371,20.05544705397504,-3.8266210484221297,27.106328590585292,49.88962472406181
train,Scriabin/Sonatas/5/midi_score.mid,pedal_down_ratio,mixed,visible_mean,185,1,7,745,560,453,0.38699324380744904,0.6220878103671933,0.3897019587034765,0.0,0.0,0.0,0.0
train,Scriabin/Sonatas/5/midi_score.mid,pedal_down_ratio,mixed,linear_interpolation,185,1,7,745,560,453,0.3139514999623768,0.5603137513593405,0.39878807119572274,18.87416512144967,-2.3315542273575796,17.291245305808996,42.384105960264904
train,Scriabin/Sonatas/5/midi_score.mid,pedal_down_ratio,small,cnn,192,1,7,628,436,195,0.07239082837367794,0.2690554373612954,0.04373677565629915,40.17911075040265,-171.87711562523447,128.1499950635232,52.30769230769231
train,Scriabin/Sonatas/5/midi_score.mid,pedal_down_ratio,small,visible_mean,192,1,7,628,436,195,0.12101262499063434,0.347868689293294,0.016086964714083385,0.0,0.0,0.0,0.0
train,Scriabin/Sonatas/5/midi_score.mid,pedal_down_ratio,small,linear_interpolation,192,1,7,628,436,195,0.011869173543360836,0.10894573669199192,0.016937013954510857,90.19178904326765,-5.284087181985875,19.44666813252413,22.564102564102566
train,Scriabin/Sonatas/5/midi_score.mid,rubato,abrupt,cnn,121,1,7,486,365,353,3.148173289405029,1.7743092428900407,4.924245554164528,12.89636378690443,2.8516986973581626,15.240945025516009,56.657223796033996
train,Scriabin/Sonatas/5/midi_score.mid,rubato,abrupt,visible_mean,121,1,7,486,365,353,3.614284576711756,1.9011271858325933,5.068792236340028,0.0,0.0,0.0,0.0
train,Scriabin/Sonatas/5/midi_score.mid,rubato,abrupt,linear_interpolation,121,1,7,486,365,353,4.511582780328426,2.1240486765440254,5.252686392712533,-24.826440325100883,-3.6279679221038252,20.007568352913164,45.892351274787536
train,Scriabin/Sonatas/5/midi_score.mid,rubato,gradual,cnn,30,1,7,72,42,35,0.5176014346599594,0.71944522700478,0.43455032575657687,49.81422388540088,1.5173278656218536,41.512542676951796,51.42857142857143
train,Scriabin/Sonatas/5/midi_score.mid,rubato,gradual,visible_mean,30,1,7,72,42,35,1.0313707881651917,1.015564270819524,0.4412454661705761,0.0,0.0,0.0,0.0
train,Scriabin/Sonatas/5/midi_score.mid,rubato,gradual,linear_interpolation,30,1,7,72,42,35,0.47189651174560115,0.6869472408748732,0.3573974441654404,54.24569736116873,19.002579841289936,77.37383533243427,71.42857142857143
train,Scriabin/Sonatas/5/midi_score.mid,rubato,mixed,cnn,235,1,7,947,712,676,0.9492138535138798,0.9742760663764043,1.3619464087865003,16.24744985954435,-2.364488743035875,25.71063260253417,57.10059171597633
train,Scriabin/Sonatas/5/midi_score.mid,rubato,mixed,visible_mean,235,1,7,947,712,676,1.1333551658093017,1.064591548815461,1.330487188975637,0.0,0.0,0.0,0.0
train,Scriabin/Sonatas/5/midi_score.mid,rubato,mixed,linear_interpolation,235,1,7,947,712,676,1.2531806917933805,1.1194555336382863,1.3342647014335254,-10.572636857265682,-0.2839194912351406,23.839444653317212,52.218934911242606
train,Scriabin/Sonatas/5/midi_score.mid,rubato,small,cnn,176,1,7,531,355,318,0.33444385691672973,0.5783112111283419,0.33990627453792666,28.003964159420768,-22.070635322364307,54.04303528094875,52.515723270440255
train,Scriabin/Sonatas/5/midi_score.mid,rubato,small,visible_mean,176,1,7,531,355,318,0.46453093286592684,0.6815650613594617,0.2784504837222332,0.0,0.0,0.0,0.0
train,Scriabin/Sonatas/5/midi_score.mid,rubato,small,linear_interpolation,176,1,7,531,355,318,0.22249048771884167,0.4716889734971994,0.28843276042342597,52.104268633697856,-3.584937820093903,23.197319176492737,48.42767295597484
train,Scriabin/Sonatas/5/midi_score.mid,tempo,abrupt,cnn,183,1,7,729,546,521,2.4290959505526257,1.5585557258412757,3.6874378762685147,10.246429043250405,1.7814368644547995,13.62156698753621,54.12667946257198
train,Scriabin/Sonatas/5/midi_score.mid,tempo,abrupt,visible_mean,183,1,7,729,546,521,2.706405911942108,1.645115774631715,3.754318693483345,0.0,0.0,0.0,0.0
train,Scriabin/Sonatas/5/midi_score.mid,tempo,abrupt,linear_interpolation,183,1,7,729,546,521,3.2459930743314653,1.8016639737563342,3.853344918371936,-19.93740702414264,-2.6376616630995775,19.283363932550092,46.06525911708253
train,Scriabin/Sonatas/5/midi_score.mid,tempo,gradual,cnn,34,1,7,75,41,33,0.6016462089364333,0.7756585646638818,0.5813524841801736,47.68723513623141,-3.3350847608710543,47.690831149927995,39.39393939393939
train,Scriabin/Sonatas/5/midi_score.mid,tempo,gradual,visible_mean,34,1,7,75,41,33,1.1500944568753404,1.0724245693172738,0.5625896427389481,0.0,0.0,0.0,0.0
train,Scriabin/Sonatas/5/midi_score.mid,tempo,gradual,linear_interpolation,34,1,7,75,41,33,0.37653482567184793,0.6136243359514418,0.38556930782445986,67.26053034853807,31.465267304366083,83.35852536915174,72.72727272727273
train,Scriabin/Sonatas/5/midi_score.mid,tempo,mixed,cnn,221,1,7,861,640,612,0.7707577451641234,0.8779280979465934,0.9856185656939314,22.32999398266259,-1.2304613338343096,26.904824400902676,55.06535947712418
train,Scriabin/Sonatas/5/midi_score.mid,tempo,mixed,visible_mean,221,1,7,861,640,612,0.9923492795817163,0.9961672949769613,0.9736383226029096,0.0,0.0,0.0,0.0
train,Scriabin/Sonatas/5/midi_score.mid,tempo,mixed,linear_interpolation,221,1,7,861,640,612,0.8894871618101311,0.9431262703424876,0.9831631211567702,10.36551543776425,-0.978268658160153,24.105434862576246,51.30718954248366
train,Scriabin/Sonatas/5/midi_score.mid,tempo,small,cnn,124,1,7,371,247,221,0.25740339536894075,0.5073493819538374,0.2256557585178884,19.821099021206923,-25.254874912434477,54.661915551043585,54.29864253393665
train,Scriabin/Sonatas/5/midi_score.mid,tempo,small,visible_mean,124,1,7,371,247,221,0.3210363228064484,0.5666006731433068,0.18015726627458137,0.0,0.0,0.0,0.0
train,Scriabin/Sonatas/5/midi_score.mid,tempo,small,linear_interpolation,124,1,7,371,247,221,0.16186938359806824,0.40232994370052577,0.19087664115119526,49.579106132592145,-5.9500097322060075,25.560903106257925,46.15384615384615
validation,Bach/Fugue/bwv_860/midi_score.mid,articulation,abrupt,cnn,16,1,5,58,42,42,2.44189768994606,1.5626572528696303,5.503493908823244,-9.481315426257009,-0.6576562698109134,14.441528617647615,50.0
validation,Bach/Fugue/bwv_860/midi_score.mid,articulation,abrupt,visible_mean,16,1,5,58,42,42,2.230424141725664,1.4934604587084532,5.4675363134536275,0.0,0.0,0.0,0.0
validation,Bach/Fugue/bwv_860/midi_score.mid,articulation,abrupt,linear_interpolation,16,1,5,58,42,42,3.2932466916228567,1.8147304735477543,5.618829716979808,-47.65114087560469,-2.7671220610625324,15.433987235873586,47.61904761904762
validation,Bach/Fugue/bwv_860/midi_score.mid,articulation,gradual,cnn,7,1,5,18,11,11,0.5585689541815605,0.7473747080157052,0.5472456147856398,-25.873451714606155,-38.8334575263144,38.77614905812846,45.45454545454545
validation,Bach/Fugue/bwv_860/midi_score.mid,articulation,gradual,visible_mean,7,1,5,18,11,11,0.44375437915852833,0.6661489166534225,0.3941741598432174,0.0,0.0,0.0,0.0
validation,Bach/Fugue/bwv_860/midi_score.mid,articulation,gradual,linear_interpolation,7,1,5,18,11,11,0.35290984536888853,0.5940621561494122,0.2710600656233498,20.471805588015656,31.233425922398418,72.83969733915197,72.72727272727273
validation,Bach/Fugue/bwv_860/midi_score.mid,articulation,mixed,cnn,45,1,6,176,131,131,0.9422413220480785,0.9706911568815688,1.1365215244160194,-11.36709332212289,-2.9365286356532128,28.367311011885,51.14503816793893
validation,Bach/Fugue/bwv_860/midi_score.mid,articulation,mixed,visible_mean,45,1,6,176,131,131,0.8460679846628483,0.9198195391830118,1.1040993313838763,0.0,0.0,0.0,0.0
validation,Bach/Fugue/bwv_860/midi_score.mid,articulation,mixed,linear_interpolation,45,1,6,176,131,131,1.1896819487157273,1.0907254231545753,1.1569397491367888,-40.61304413850462,-4.785839122525548,25.00676137363745,46.56488549618321
validation,Bach/Fugue/bwv_860/midi_score.mid,articulation,small,cnn,39,1,6,122,83,83,0.3734362497845312,0.6110943051481753,0.4131756214202416,-7.19833928864464,-2.9075960040411797,50.17736902434259,60.24096385542169
validation,Bach/Fugue/bwv_860/midi_score.mid,articulation,small,visible_mean,39,1,6,122,83,83,0.3483601073137975,0.5902203887649067,0.4015015775939574,0.0,0.0,0.0,0.0
validation,Bach/Fugue/bwv_860/midi_score.mid,articulation,small,linear_interpolation,39,1,6,122,83,83,0.27031234519288244,0.5199157097000267,0.38587519045899815,22.404334044658803,3.8919864844870755,18.717631247320046,59.036144578313255
validation,Bach/Fugue/bwv_860/midi_score.mid,dynamics,abrupt,cnn,10,1,5,36,26,26,1.5628697960303155,1.2501479096612191,2.0583037116635436,0.3632201317997352,-6.244824339216781,13.565165297338503,50.0
validation,Bach/Fugue/bwv_860/midi_score.mid,dynamics,abrupt,visible_mean,10,1,5,36,26,26,1.568567147691528,1.2524245077814182,1.9373213937385074,0.0,0.0,0.0,0.0
validation,Bach/Fugue/bwv_860/midi_score.mid,dynamics,abrupt,linear_interpolation,10,1,5,36,26,26,2.044604955510148,1.4298968338695446,1.9980405376324317,-30.34857694930104,-3.134180218634386,25.696707817675023,53.84615384615385
validation,Bach/Fugue/bwv_860/midi_score.mid,dynamics,gradual,cnn,10,1,4,21,11,11,0.7633975372098611,0.8737262369929503,0.46890731765260124,-7.315134324643857,15.624818376719919,21.225872756969533,72.72727272727273
validation,Bach/Fugue/bwv_860/midi_score.mid,dynamics,gradual,visible_mean,10,1,4,21,11,11,0.7113605569373588,0.8434219329240608,0.5557408098345643,0.0,0.0,0.0,0.0
validation,Bach/Fugue/bwv_860/midi_score.mid,dynamics,gradual,linear_interpolation,10,1,4,21,11,11,0.4309036500880173,0.6564325175431343,0.24847350321952283,39.42542275000469,55.28967842158477,70.14094165970113,81.81818181818181
validation,Bach/Fugue/bwv_860/midi_score.mid,dynamics,mixed,cnn,52,1,6,208,156,156,1.0230726946540456,1.0114705604485212,0.9126197449825728,3.879055528221098,-2.214863837214698,21.711613431053014,52.56410256410256
validation,Bach/Fugue/bwv_860/midi_score.mid,dynamics,mixed,visible_mean,52,1,6,208,156,156,1.0643598024095775,1.031678148653725,0.8928444560039648,0.0,0.0,0.0,0.0
validation,Bach/Fugue/bwv_860/midi_score.mid,dynamics,mixed,linear_interpolation,52,1,6,208,156,156,0.8172740208658923,0.9040320906173034,0.8295390192217307,23.21449767121173,7.090309667774086,27.988678266298113,57.05128205128205
validation,Bach/Fugue/bwv_860/midi_score.mid,dynamics,small,cnn,35,1,6,109,74,74,0.33159379698656355,0.5758418159412909,0.29016371280842385,1.2667016255124786,-28.73227343498639,60.497917485329225,47.2972972972973
validation,Bach/Fugue/bwv_860/midi_score.mid,dynamics,small,visible_mean,35,1,6,109,74,74,0.33584798892148293,0.5795239330014619,0.2254009076868864,0.0,0.0,0.0,0.0
validation,Bach/Fugue/bwv_860/midi_score.mid,dynamics,small,linear_interpolation,35,1,6,109,74,74,0.22159503638500258,0.47073881971322756,0.23506792660629836,34.01924570201648,-4.2888109984192235,28.28520556789382,55.4054054054054
validation,Bach/Fugue/bwv_860/midi_score.mid,pedal_changes,abrupt,cnn,9,1,3,36,27,18,4.898148993420984,2.2131762228573177,5.459443226590213,12.107031645598209,5.179877091792095,10.123882620700897,61.111111111111114
validation,Bach/Fugue/bwv_860/midi_score.mid,pedal_changes,abrupt,visible_mean,9,1,3,36,27,18,5.572856492536104,2.3606898340392166,5.757684191018516,0.0,0.0,0.0,0.0
validation,Bach/Fugue/bwv_860/midi_score.mid,pedal_changes,abrupt,linear_interpolation,9,1,3,36,27,18,4.550616530719003,2.133217412904508,5.84809245933709,18.343195508196175,-1.570219298578479,15.214206737875715,50.0
validation,Bach/Fugue/bwv_860/midi_score.mid,pedal_changes,gradual,cnn,13,1,5,40,27,3,0.3668099334091003,0.6056483578852504,0.3816211395563784,-23.813366706064755,-63.215290513341294,78.75513342240438,33.333333333333336
validation,Bach/Fugue/bwv_860/midi_score.mid,pedal_changes,gradual,visible_mean,13,1,5,40,27,3,0.29626036603940664,0.5442980489028109,0.2338145760462219,0.0,0.0,0.0,0.0
validation,Bach/Fugue/bwv_860/midi_score.mid,pedal_changes,gradual,linear_interpolation,13,1,5,40,27,3,0.5155611401819193,0.7180258631706238,0.2326455031659908,-74.02298764234388,0.5000000000000004,62.84902544988268,100.0
validation,Bach/Fugue/bwv_860/midi_score.mid,pedal_changes,mixed,cnn,28,1,6,105,77,45,0.9565667416378046,0.9780423005360273,1.3108109133241825,-6.58583501250416,-13.524593122417006,27.6933185765241,48.888888888888886
validation,Bach/Fugue/bwv_860/midi_score.mid,pedal_changes,mixed,visible_mean,28,1,6,105,77,45,0.8974614136349213,0.9473444007513431,1.1546492942817206,0.0,0.0,0.0,0.0
validation,Bach/Fugue/bwv_860/midi_score.mid,pedal_changes,mixed,linear_interpolation,28,1,6,105,77,45,1.1734151920381732,1.0832429053717239,1.1657175175043144,-30.748261062899275,-0.9585787890234787,16.172150432620207,24.444444444444443
validation,Bach/Fugue/bwv_860/midi_score.mid,pedal_changes,small,cnn,57,1,6,193,136,0,0.055374927541539,0.23531877855695876,0.05896520949768678,-24.450659465964563,,,
validation,Bach/Fugue/bwv_860/midi_score.mid,pedal_changes,small,visible_mean,57,1,6,193,136,0,0.04449548743185506,0.21093953501384005,0.0,0.0,,,
validation,Bach/Fugue/bwv_860/midi_score.mid,pedal_changes,small,linear_interpolation,57,1,6,193,136,0,0.0,0.0,0.0,100.0,,,
validation,Bach/Fugue/bwv_860/midi_score.mid,pedal_depth,abrupt,cnn,18,1,5,66,48,41,1.9152341998708202,1.3839198675757278,3.0348576424921414,8.64856555723479,-1.80496252742266,16.961064459688714,46.34146341463415
validation,Bach/Fugue/bwv_860/midi_score.mid,pedal_depth,abrupt,visible_mean,18,1,5,66,48,41,2.0965562408007723,1.4479489772781264,2.981050792759398,0.0,0.0,0.0,0.0
validation,Bach/Fugue/bwv_860/midi_score.mid,pedal_depth,abrupt,linear_interpolation,18,1,5,66,48,41,1.9081373102116694,1.3813534342128626,3.0394670258981518,8.987067788705582,-1.9595853006141306,11.16162966286718,34.146341463414636
validation,Bach/Fugue/bwv_860/midi_score.mid,pedal_depth,gradual,cnn,12,1,5,38,26,7,0.15439089244447238,0.39292606485759174,0.10738127036848798,3.4853322954988997,-43.428765040777485,69.4742993966719,71.42857142857143
validation,Bach/Fugue/bwv_860/midi_score.mid,pedal_depth,gradual,visible_mean,12,1,5,38,26,7,0.15996624773881093,0.3999578074482494,0.07486731851728555,0.0,0.0,0.0,0.0
validation,Bach/Fugue/bwv_860/midi_score.mid,pedal_depth,gradual,linear_interpolation,12,1,5,38,26,7,0.19734170621297825,0.4442315907417867,0.07154082687350509,-23.36459034482892,4.443182565717818,74.2912585226971,71.42857142857143
validation,Bach/Fugue/bwv_860/midi_score.mid,pedal_depth,mixed,cnn,45,1,6,178,133,118,0.48204950195364477,0.6942978481557067,0.59035435703852,5.298862630866186,-7.232893964810216,34.39466016234353,54.23728813559322
validation,Bach/Fugue/bwv_860/midi_score.mid,pedal_depth,mixed,visible_mean,45,1,6,178,133,118,0.509021871695873,0.7134576873899902,0.5505347614998174,0.0,0.0,0.0,0.0
validation,Bach/Fugue/bwv_860/midi_score.mid,pedal_depth,mixed,linear_interpolation,45,1,6,178,133,118,0.44327344029478044,0.6657878342946651,0.5580475512522536,12.916622066168404,-1.3646349472954622,24.0158982458929,46.610169491525426
validation,Bach/Fugue/bwv_860/midi_score.mid,pedal_depth,small,cnn,32,1,6,92,60,19,0.09658246995720061,0.31077720308478324,0.07214426216914809,34.20119048203549,-154.7432000706956,136.8772945255897,68.42105263157895
validation,Bach/Fugue/bwv_860/midi_score.mid,pedal_depth,small,visible_mean,32,1,6,92,60,19,0.1467845249249251,0.3831246858725304,0.028320387805887193,0.0,0.0,0.0,0.0
validation,Bach/Fugue/bwv_860/midi_score.mid,pedal_depth,small,linear_interpolation,32,1,6,92,60,19,0.02877608709142514,0.16963515877147975,0.02893834968171769,80.39569422856869,-2.1820388903786014,22.81691223708492,36.8421052631579
validation,Bach/Fugue/bwv_860/midi_score.mid,pedal_down_ratio,abrupt,cnn,31,1,5,118,87,61,1.6097281486138466,1.2687506250693423,3.0570092826520456,7.56139246959513,-2.8319883009282565,14.587186325964133,47.540983606557376
validation,Bach/Fugue/bwv_860/midi_score.mid,pedal_down_ratio,abrupt,visible_mean,31,1,5,118,87,61,1.741402420070397,1.3196220747132101,2.9728193854484193,0.0,0.0,0.0,0.0
validation,Bach/Fugue/bwv_860/midi_score.mid,pedal_down_ratio,abrupt,linear_interpolation,31,1,5,118,87,61,2.156364566024641,1.4684565250713557,3.0366885847184872,-23.829193136039684,-2.148438602852898,18.09575178917429,42.622950819672134
validation,Bach/Fugue/bwv_860/midi_score.mid,pedal_down_ratio,gradual,cnn,4,1,4,9,5,2,0.17734272279163096,0.42112079358733995,0.14971271529011893,-46.85304592429718,-47.94091038661854,91.55614634790463,100.0
validation,Bach/Fugue/bwv_860/midi_score.mid,pedal_down_ratio,gradual,visible_mean,4,1,4,9,5,2,0.12076203232655537,0.3475083197947286,0.10119764363952477,0.0,0.0,0.0,0.0
validation,Bach/Fugue/bwv_860/midi_score.mid,pedal_down_ratio,gradual,linear_interpolation,4,1,4,9,5,2,0.1656972230607299,0.4070592377783974,0.011734593873818666,-37.20970065547113,88.4042815111206,93.7743716664126,100.0
validation,Bach/Fugue/bwv_860/midi_score.mid,pedal_down_ratio,mixed,cnn,12,1,6,42,30,18,1.712434092321869,1.3086000505585613,0.8701004712048317,11.657156696238735,-20.290962556854897,26.362854250994783,44.44444444444444
validation,Bach/Fugue/bwv_860/midi_score.mid,pedal_down_ratio,mixed,visible_mean,12,1,6,42,30,18,1.938395945027231,1.3922628864647764,0.7233298767507852,0.0,0.0,0.0,0.0
validation,Bach/Fugue/bwv_860/midi_score.mid,pedal_down_ratio,mixed,linear_interpolation,12,1,6,42,30,18,0.6208826875227675,0.7879610951834917,0.6677986935182292,67.96925369578994,7.677158792611105,25.53657383802625,33.333333333333336
validation,Bach/Fugue/bwv_860/midi_score.mid,pedal_down_ratio,small,cnn,60,1,6,205,145,7,0.08780273423755984,0.29631526156706783,0.0509810811731672,-76.7305578793199,-1347.0443783373107,383.07753306738203,42.857142857142854
validation,Bach/Fugue/bwv_860/midi_score.mid,pedal_down_ratio,small,visible_mean,60,1,6,205,145,7,0.04968169358550645,0.22289390656881233,0.0035231180146489847,0.0,0.0,0.0,0.0
validation,Bach/Fugue/bwv_860/midi_score.mid,pedal_down_ratio,small,linear_interpolation,60,1,6,205,145,7,0.002518478662206084,0.05018444641725247,0.003669456502385178,94.9307713154513,-4.153664087541875,6.962314413963126,0.0
validation,Bach/Fugue/bwv_860/midi_score.mid,rubato,abrupt,cnn,25,1,5,101,76,76,3.3269834504151823,1.8240020423275798,5.860530807836294,0.8432212469425271,0.6814319008833336,16.360277697751613,53.94736842105263
validation,Bach/Fugue/bwv_860/midi_score.mid,rubato,abrupt,visible_mean,25,1,5,101,76,76,3.355275849269756,1.8317412069584929,5.900740334866363,0.0,0.0,0.0,0.0
validation,Bach/Fugue/bwv_860/midi_score.mid,rubato,abrupt,linear_interpolation,25,1,5,101,76,76,5.014523267657372,2.2393131240756334,6.315897499527924,-49.45189286742953,-7.035679272454587,20.144764550315625,48.68421052631579
validation,Bach/Fugue/bwv_860/midi_score.mid,rubato,gradual,cnn,4,1,4,4,0,0,1.9305400022902568,1.3894387364293026,,15.950494052609132,,,
validation,Bach/Fugue/bwv_860/midi_score.mid,rubato,gradual,visible_mean,4,1,4,4,0,0,2.296908209667098,1.5155554129318722,,0.0,,,
validation,Bach/Fugue/bwv_860/midi_score.mid,rubato,gradual,linear_interpolation,4,1,4,4,0,0,0.40040181647705986,0.6327731161143462,,82.56779200875894,,,
validation,Bach/Fugue/bwv_860/midi_score.mid,rubato,mixed,cnn,51,1,6,190,139,139,1.2941786399747446,1.1376197255562794,1.3406822267495442,1.1566336741555716,-8.6944457628499,29.062793342328863,51.798561151079134
validation,Bach/Fugue/bwv_860/midi_score.mid,rubato,mixed,visible_mean,51,1,6,190,139,139,1.3093227073108675,1.1442563992877066,1.2334413385525251,0.0,0.0,0.0,0.0
validation,Bach/Fugue/bwv_860/midi_score.mid,rubato,mixed,linear_interpolation,51,1,6,190,139,139,1.4071259425990168,1.1862233948961793,1.2178361030629954,-7.4697578176904145,1.2651785700520501,23.131851869099222,51.07913669064748
validation,Bach/Fugue/bwv_860/midi_score.mid,rubato,small,cnn,27,1,6,79,52,52,0.37982767621598745,0.6163016114014205,0.4723359885518344,-2.3046506077980977,-31.38877236980109,57.320470045103555,51.92307692307692
validation,Bach/Fugue/bwv_860/midi_score.mid,rubato,small,visible_mean,27,1,6,79,52,52,0.3712711728737729,0.6093202547706525,0.35949494011742356,0.0,0.0,0.0,0.0
validation,Bach/Fugue/bwv_860/midi_score.mid,rubato,small,linear_interpolation,27,1,6,79,52,52,0.2779099027334394,0.5271716065319142,0.3587668055200823,25.146382741671967,0.20254376796052798,21.882197441304616,55.76923076923077
validation,Bach/Fugue/bwv_860/midi_score.mid,tempo,abrupt,cnn,12,1,5,48,36,36,1.7356194944758496,1.31742912313181,2.7135571869714483,-0.691605275187257,2.274413904068162,17.317548124258288,44.44444444444444
validation,Bach/Fugue/bwv_860/midi_score.mid,tempo,abrupt,visible_mean,12,1,5,48,36,36,1.7236983060628057,1.312896913722782,2.776711090080031,0.0,0.0,0.0,0.0
validation,Bach/Fugue/bwv_860/midi_score.mid,tempo,abrupt,linear_interpolation,12,1,5,48,36,36,2.7580669352758025,1.6607428865648657,3.018305746723427,-60.00868165703865,-8.70074879257361,19.699442090266047,38.888888888888886
validation,Bach/Fugue/bwv_860/midi_score.mid,tempo,gradual,cnn,5,1,4,5,0,0,0.25125796494561037,0.5012563864387269,,44.899254477686966,,,
validation,Bach/Fugue/bwv_860/midi_score.mid,tempo,gradual,visible_mean,5,1,4,5,0,0,0.45599739633987985,0.6752757927986756,,0.0,,,
validation,Bach/Fugue/bwv_860/midi_score.mid,tempo,gradual,linear_interpolation,5,1,4,5,0,0,0.17171904752993344,0.414389970353933,,62.34209911980686,,,
validation,Bach/Fugue/bwv_860/midi_score.mid,tempo,mixed,cnn,44,1,6,182,138,138,0.6554224224029329,0.8095816341808483,0.8458273315199278,-16.267041158409977,-18.908831198495534,35.022746915431036,48.55072463768116
validation,Bach/Fugue/bwv_860/midi_score.mid,tempo,mixed,visible_mean,44,1,6,182,138,138,0.5637215980321901,0.7508139570041237,0.7113242330235178,0.0,0.0,0.0,0.0
validation,Bach/Fugue/bwv_860/midi_score.mid,tempo,mixed,linear_interpolation,44,1,6,182,138,138,0.5654108439178674,0.7519380585645785,0.719445675340343,-0.29965959998234926,-1.141735644560371,23.72604689671292,54.34782608695652
validation,Bach/Fugue/bwv_860/midi_score.mid,tempo,small,cnn,46,1,6,139,93,93,0.18535338337277404,0.43052686719039274,0.31153750367316496,-29.68381297969018,-51.73458180378076,65.71153978889049,45.16129032258065
validation,Bach/Fugue/bwv_860/midi_score.mid,tempo,small,visible_mean,46,1,6,139,93,93,0.1429271542176218,0.3780570779890542,0.20531740356726141,0.0,0.0,0.0,0.0
validation,Bach/Fugue/bwv_860/midi_score.mid,tempo,small,linear_interpolation,46,1,6,139,93,93,0.17041074259163752,0.41280836061256987,0.204312754009353,-19.229088079490488,0.48931534319704983,17.564970290676598,56.98924731182796
validation,Bach/Prelude/bwv_848/midi_score.mid,articulation,abrupt,cnn,104,1,9,399,295,295,3.5279133175967705,1.8782740262264104,8.604174999653157,-0.46699166485439925,1.0345286475759607,8.249200285745584,55.25423728813559
validation,Bach/Prelude/bwv_848/midi_score.mid,articulation,abrupt,visible_mean,104,1,9,399,295,295,3.511514836002513,1.8739036357301069,8.694118142491329,0.0,0.0,0.0,0.0
validation,Bach/Prelude/bwv_848/midi_score.mid,articulation,abrupt,linear_interpolation,104,1,9,399,295,295,5.172326058355978,2.274274842308198,9.041040873441188,-47.29614710226091,-3.9903153518735968,15.947540657984193,44.74576271186441
validation,Bach/Prelude/bwv_848/midi_score.mid,articulation,gradual,cnn,12,1,7,15,3,3,0.3949026895450716,0.6284128336890261,0.8112358236728477,10.2658756755308,10.4317924303022,9.589572797706206,66.66666666666667
validation,Bach/Prelude/bwv_848/midi_score.mid,articulation,gradual,visible_mean,12,1,7,15,3,3,0.440080841617337,0.6633858919342022,0.9057184973156707,0.0,0.0,0.0,0.0
validation,Bach/Prelude/bwv_848/midi_score.mid,articulation,gradual,linear_interpolation,12,1,7,15,3,3,0.27142992831820817,0.5209893744772615,0.6189712022127649,38.322711954313085,31.65964877086589,87.05254572246608,66.66666666666667
validation,Bach/Prelude/bwv_848/midi_score.mid,articulation,mixed,cnn,111,1,9,429,318,310,0.9347551314826645,0.9668273535035428,1.7931753259265395,4.676063186593216,-0.43202500858756654,15.831709482124829,52.58064516129032
validation,Bach/Prelude/bwv_848/midi_score.mid,articulation,mixed,visible_mean,111,1,9,429,318,310,0.9806090293064736,0.9902570521367033,1.7854616849288976,0.0,0.0,0.0,0.0
validation,Bach/Prelude/bwv_848/midi_score.mid,articulation,mixed,linear_interpolation,111,1,9,429,318,310,1.2484775935068908,1.117352940438647,1.8367376166629705,-27.31655085716116,-2.871858419975837,20.5349835348202,49.67741935483871
validation,Bach/Prelude/bwv_848/midi_score.mid,articulation,small,cnn,49,1,9,139,90,89,0.32835454172989714,0.5730222872889824,0.35220900726099674,-8.142438246149553,-2.2323573494999804,35.302306794535085,55.056179775280896
validation,Bach/Prelude/bwv_848/midi_score.mid,articulation,small,visible_mean,49,1,9,139,90,89,0.3036315317604634,0.5510277050752198,0.34451813143357923,0.0,0.0,0.0,0.0
validation,Bach/Prelude/bwv_848/midi_score.mid,articulation,small,linear_interpolation,49,1,9,139,90,89,0.3071945796555503,0.5542513686546477,0.36271235071274344,-1.1734775615787507,-5.2810629163277945,19.859323004450857,51.68539325842696
validation,Bach/Prelude/bwv_848/midi_score.mid,dynamics,abrupt,cnn,70,1,9,275,205,202,1.8278740242826987,1.351988914260283,2.9966122772772685,10.703855096025894,-3.1879422883623887,10.803635200463832,50.99009900990099
validation,Bach/Prelude/bwv_848/midi_score.mid,dynamics,abrupt,visible_mean,70,1,9,275,205,202,2.046979773033124,1.430727008563522,2.9040333694252074,0.0,0.0,0.0,0.0
validation,Bach/Prelude/bwv_848/midi_score.mid,dynamics,abrupt,linear_interpolation,70,1,9,275,205,202,2.244886588097133,1.4982945598570172,2.982250978165726,-9.668235010000092,-2.6934128775524258,20.95492714978682,46.039603960396036
validation,Bach/Prelude/bwv_848/midi_score.mid,dynamics,gradual,cnn,15,1,7,43,28,27,0.48573189562379177,0.6969446862009867,0.42750051497435554,31.29666451717442,4.166399194642912,24.45220063787026,51.851851851851855
validation,Bach/Prelude/bwv_848/midi_score.mid,dynamics,gradual,visible_mean,15,1,7,43,28,27,0.7069990011550673,0.840832326421307,0.4460862488540223,0.0,0.0,0.0,0.0
validation,Bach/Prelude/bwv_848/midi_score.mid,dynamics,gradual,linear_interpolation,15,1,7,43,28,27,0.2744466476244222,0.5238765576206118,0.23245969665531205,61.18146600263338,47.88906915366889,78.49059967267813,77.77777777777777
validation,Bach/Prelude/bwv_848/midi_score.mid,dynamics,mixed,cnn,126,1,9,475,349,340,0.8673603042736705,0.9313218048954242,0.9948884194768691,23.057743716463474,-3.540317399385162,17.027569400774247,52.05882352941177
validation,Bach/Prelude/bwv_848/midi_score.mid,dynamics,mixed,visible_mean,126,1,9,475,349,340,1.1272873271059263,1.0617378806023294,0.9608705521340974,0.0,0.0,0.0,0.0
validation,Bach/Prelude/bwv_848/midi_score.mid,dynamics,mixed,linear_interpolation,126,1,9,475,349,340,0.8742048672013258,0.9349892337355152,0.9406153810934101,22.450572610829976,2.108002060808345,21.791805868041195,54.411764705882355
validation,Bach/Prelude/bwv_848/midi_score.mid,dynamics,small,cnn,65,1,9,189,124,115,0.37468423812254,0.612114562906765,0.27472807371144764,35.85857054935108,-1.1288139817006826,31.925888916168095,51.30434782608695
validation,Bach/Prelude/bwv_848/midi_score.mid,dynamics,small,visible_mean,65,1,9,189,124,115,0.5841532396948308,0.7642991820581982,0.27166152048530884,0.0,0.0,0.0,0.0
validation,Bach/Prelude/bwv_848/midi_score.mid,dynamics,small,linear_interpolation,65,1,9,189,124,115,0.26453176863181554,0.5143265194716441,0.27427821726080165,54.71534682063728,-0.9632195133187249,21.494233815525472,50.43478260869565
validation,Bach/Prelude/bwv_848/midi_score.mid,pedal_changes,abrupt,cnn,9,1,4,30,21,8,20.63961602649143,4.5430844177157255,28.30480876350165,3.1223823536849493,-2.2140276369203127,6.099437692142174,50.0
validation,Bach/Prelude/bwv_848/midi_score.mid,pedal_changes,abrupt,visible_mean,9,1,4,30,21,8,21.3048344168035,4.6157160242809026,27.691706723508258,0.0,0.0,0.0,0.0
validation,Bach/Prelude/bwv_848/midi_score.mid,pedal_changes,abrupt,linear_interpolation,9,1,4,30,21,8,21.391843361958177,4.625131712930798,27.533468449130478,-0.40840000655462116,0.5714283917482299,22.677867961092456,50.0
validation,Bach/Prelude/bwv_848/midi_score.mid,pedal_changes,small,cnn,267,1,9,952,685,0,0.05780259800675174,0.2404217086844525,0.036794419185901116,-42.62207006031113,,,
validation,Bach/Prelude/bwv_848/midi_score.mid,pedal_changes,small,visible_mean,267,1,9,952,685,0,0.04052850865389104,0.20131693583474553,0.0,0.0,,,
validation,Bach/Prelude/bwv_848/midi_score.mid,pedal_changes,small,linear_interpolation,267,1,9,952,685,0,0.0,0.0,0.0,100.0,,,
validation,Bach/Prelude/bwv_848/midi_score.mid,pedal_depth,abrupt,cnn,9,1,3,30,21,14,6.438446817476705,2.537409469809062,5.766920957074285,7.200783818720746,-13.843336304036068,13.399285326636567,50.0
validation,Bach/Prelude/bwv_848/midi_score.mid,pedal_depth,abrupt,visible_mean,9,1,3,30,21,14,6.938040085273434,2.634015961468995,5.065664047013556,0.0,0.0,0.0,0.0
validation,Bach/Prelude/bwv_848/midi_score.mid,pedal_depth,abrupt,linear_interpolation,9,1,3,30,21,14,6.1935224083413285,2.4886788479716158,4.471757608456342,10.730950928237004,11.724157643406075,24.91796062910566,85.71428571428571
validation,Bach/Prelude/bwv_848/midi_score.mid,pedal_depth,gradual,cnn,6,1,2,28,22,11,0.5580684999279565,0.7470398248607343,0.15686792014632475,58.4408003683305,-43.76176304477819,56.41393176167024,36.36363636363637
validation,Bach/Prelude/bwv_848/midi_score.mid,pedal_depth,gradual,visible_mean,6,1,2,28,22,11,1.342827833245108,1.1588044844774756,0.10911658067066438,0.0,0.0,0.0,0.0
validation,Bach/Prelude/bwv_848/midi_score.mid,pedal_depth,gradual,linear_interpolation,6,1,2,28,22,11,0.23673233632677923,0.486551473460701,0.07091546347430244,82.37061144654065,35.009452240499115,68.36889514412303,90.9090909090909
validation,Bach/Prelude/bwv_848/midi_score.mid,pedal_depth,small,cnn,261,1,9,924,663,23,0.07737160052670901,0.27815751028276947,0.02640836687580797,28.874159938454802,-32254.213714499223,1787.1585734620105,34.78260869565217
validation,Bach/Prelude/bwv_848/midi_score.mid,pedal_depth,small,visible_mean,261,1,9,924,663,23,0.10878128182353888,0.32982007492500953,8.162265078929524e-05,0.0,0.0,0.0,0.0
validation,Bach/Prelude/bwv_848/midi_score.mid,pedal_depth,small,linear_interpolation,261,1,9,924,663,23,0.00039421152867768464,0.019854760856723625,6.849563862722115e-05,99.63761088114667,16.082560459792973,106.33844113148523,95.65217391304348
validation,Bach/Prelude/bwv_848/midi_score.mid,pedal_down_ratio,abrupt,cnn,8,1,3,26,18,11,13.657636333920761,3.6956239437909213,11.899261906240497,5.4569775479069715,-4.36980538247036,5.3954427255651245,72.72727272727273
validation,Bach/Prelude/bwv_848/midi_score.mid,pedal_down_ratio,abrupt,visible_mean,8,1,3,26,18,11,14.445948500156506,3.800782616798349,11.401057865955417,0.0,0.0,0.0,0.0
validation,Bach/Prelude/bwv_848/midi_score.mid,pedal_down_ratio,abrupt,linear_interpolation,8,1,3,26,18,11,14.242437787787853,3.773915445235605,9.59659456602054,1.4087736251202077,15.82715675291121,26.82824732537057,63.63636363636363
validation,Bach/Prelude/bwv_848/midi_score.mid,pedal_down_ratio,gradual,cnn,1,1,1,4,3,0,0.5840595014156502,0.7642378565706165,0.030971363572332915,-2094.726335023938,,,
validation,Bach/Prelude/bwv_848/midi_score.mid,pedal_down_ratio,gradual,visible_mean,1,1,1,4,3,0,0.026611951207542228,0.1631316989660263,0.0,0.0,,,
validation,Bach/Prelude/bwv_848/midi_score.mid,pedal_down_ratio,gradual,linear_interpolation,1,1,1,4,3,0,0.0586186535005484,0.24211289412286244,0.007815820466739787,-120.27191108006762,,,
validation,Bach/Prelude/bwv_848/midi_score.mid,pedal_down_ratio,small,cnn,267,1,9,952,685,0,0.06566311484817716,0.2562481509166011,0.03004599855312876,-16.206384925680183,,,
validation,Bach/Prelude/bwv_848/midi_score.mid,pedal_down_ratio,small,visible_mean,267,1,9,952,685,0,0.05650559983444285,0.23770906552852133,0.0,0.0,,,
validation,Bach/Prelude/bwv_848/midi_score.mid,pedal_down_ratio,small,linear_interpolation,267,1,9,952,685,0,0.0,0.0,0.0,100.0,,,
validation,Bach/Prelude/bwv_848/midi_score.mid,rubato,abrupt,cnn,70,1,9,288,218,216,4.587804313385107,2.1419160378934343,7.160529595117624,-1.158562441899047,-1.2631497911138378,9.947201118798898,44.907407407407405
validation,Bach/Prelude/bwv_848/midi_score.mid,rubato,abrupt,visible_mean,70,1,9,288,218,216,4.535260488720504,2.1296151034213917,7.071209625503851,0.0,0.0,0.0,0.0
validation,Bach/Prelude/bwv_848/midi_score.mid,rubato,abrupt,linear_interpolation,70,1,9,288,218,216,6.447846226724596,2.5392609607373156,7.127193949788043,-42.17146386102453,-0.791722028466979,18.00797697165033,46.2962962962963
validation,Bach/Prelude/bwv_848/midi_score.mid,rubato,gradual,cnn,9,1,6,17,8,8,0.1456939211286107,0.3816987308449043,0.09486896841569295,41.25590440477621,-42.50984519262953,77.0241835167823,50.0
validation,Bach/Prelude/bwv_848/midi_score.mid,rubato,gradual,visible_mean,9,1,6,17,8,8,0.24801457857571715,0.49801062094669946,0.06657011541024359,0.0,0.0,0.0,0.0
validation,Bach/Prelude/bwv_848/midi_score.mid,rubato,gradual,linear_interpolation,9,1,6,17,8,8,0.6127894034283405,0.7828086633580013,0.29109841690861155,-147.07797700741213,-337.2809257047169,211.74487316365864,62.5
validation,Bach/Prelude/bwv_848/midi_score.mid,rubato,mixed,cnn,155,1,9,585,430,427,0.9700267650231861,0.9848993679677056,1.676774482277898,1.2069173826101842,-3.1017885133581613,20.15404008418135,47.540983606557376
validation,Bach/Prelude/bwv_848/midi_score.mid,rubato,mixed,visible_mean,155,1,9,585,430,427,0.9818772117679011,0.9908971751740445,1.6263291902648715,0.0,0.0,0.0,0.0
validation,Bach/Prelude/bwv_848/midi_score.mid,rubato,mixed,linear_interpolation,155,1,9,585,430,427,1.3784090770817181,1.1740566754129538,1.6527947138607229,-40.385076724598676,-1.6273165208048113,20.271230364028156,47.540983606557376
validation,Bach/Prelude/bwv_848/midi_score.mid,rubato,small,cnn,42,1,9,92,50,49,0.3547611949896769,0.5956183299644806,0.5007561520675955,-9.769617494748806,-24.760474768965413,52.287496597476135,55.10204081632653
validation,Bach/Prelude/bwv_848/midi_score.mid,rubato,small,visible_mean,42,1,9,92,50,49,0.32318705584142904,0.5684954316803513,0.4013740353224115,0.0,0.0,0.0,0.0
validation,Bach/Prelude/bwv_848/midi_score.mid,rubato,small,linear_interpolation,42,1,9,92,50,49,0.3367163958784594,0.5802726909638772,0.42455585041032945,-4.186225838100555,-5.775614027772558,19.672485846391506,53.06122448979592
validation,Bach/Prelude/bwv_848/midi_score.mid,tempo,abrupt,cnn,34,1,9,144,110,109,2.772171294965808,1.6649838722839954,3.759095217573553,-3.1415987488381925,-1.5323233080146714,11.872026213577065,53.211009174311926
validation,Bach/Prelude/bwv_848/midi_score.mid,tempo,abrupt,visible_mean,34,1,9,144,110,109,2.687733493172205,1.6394308442786494,3.7023630456773176,0.0,0.0,0.0,0.0
validation,Bach/Prelude/bwv_848/midi_score.mid,tempo,abrupt,linear_interpolation,34,1,9,144,110,109,3.4703321466925185,1.862882751729834,3.702098858775191,-29.11742014259937,0.007135629295862422,18.90344762112623,47.706422018348626
validation,Bach/Prelude/bwv_848/midi_score.mid,tempo,gradual,cnn,9,1,6,12,3,2,0.09299980072876829,0.3049586869213079,0.05651449092127781,38.0419123575293,11.748735830377132,40.03742706080402,50.0
validation,Bach/Prelude/bwv_848/midi_score.mid,tempo,gradual,visible_mean,9,1,6,12,3,2,0.1501011478362984,0.3874288939099643,0.06403816585862661,0.0,0.0,0.0,0.0
validation,Bach/Prelude/bwv_848/midi_score.mid,tempo,gradual,linear_interpolation,9,1,6,12,3,2,0.22855980909772264,0.47807929164284313,0.14519898064829342,-52.27052716944704,-126.73819385901979,164.2704701188927,100.0
validation,Bach/Prelude/bwv_848/midi_score.mid,tempo,mixed,cnn,173,1,9,665,492,487,0.49197301516078956,0.7014078807375845,0.8825465881752779,-8.873516779988533,-5.273361381450226,25.517093576190764,45.58521560574949
validation,Bach/Prelude/bwv_848/midi_score.mid,tempo,mixed,visible_mean,173,1,9,665,492,487,0.45187574509507944,0.6722170371948925,0.8383379960457762,0.0,0.0,0.0,0.0
validation,Bach/Prelude/bwv_848/midi_score.mid,tempo,mixed,linear_interpolation,173,1,9,665,492,487,0.7189584616870109,0.847914182973142,0.859068361536548,-59.105344664103285,-2.4727932634034833,19.799706644532545,50.92402464065709
validation,Bach/Prelude/bwv_848/midi_score.mid,tempo,small,cnn,60,1,9,161,101,100,0.16964074342802524,0.4118746695634793,0.25600023773338876,11.19252464195114,0.370957069838751,40.72804112608595,54.0
validation,Bach/Prelude/bwv_848/midi_score.mid,tempo,small,visible_mean,60,1,9,161,101,100,0.19102079272502395,0.43705925539338936,0.25695342462824,0.0,0.0,0.0,0.0
validation,Bach/Prelude/bwv_848/midi_score.mid,tempo,small,linear_interpolation,60,1,9,161,101,100,0.1911681790788499,0.43722783429105916,0.25857759915593465,-0.07715723075136793,-0.632089076082365,17.563023587292694,46.0
validation,Bach/Prelude/bwv_854/midi_score.mid,articulation,abrupt,cnn,8,1,4,36,28,26,1.5727858190523503,1.254107578739699,3.0537158791629873,-5.639867176327007,-3.8408027077114992,12.034502392843235,38.46153846153846
validation,Bach/Prelude/bwv_854/midi_score.mid,articulation,abrupt,visible_mean,8,1,4,36,28,26,1.4888184367244246,1.2201714784096638,2.9407668272350613,0.0,0.0,0.0,0.0
validation,Bach/Prelude/bwv_854/midi_score.mid,articulation,abrupt,linear_interpolation,8,1,4,36,28,26,2.5606766481600394,1.600211438579302,3.139681413186475,-71.99388353853466,-6.764038009039819,14.895731138211335,38.46153846153846
validation,Bach/Prelude/bwv_854/midi_score.mid,articulation,gradual,cnn,4,1,4,7,3,3,1.0413261969510053,1.0204539171128726,0.28188744190847487,-45.17169046841087,10.99010996330504,13.330757640839206,66.66666666666667
validation,Bach/Prelude/bwv_854/midi_score.mid,articulation,gradual,visible_mean,4,1,4,7,3,3,0.7173066550310621,0.8469395816887189,0.31669227070414846,0.0,0.0,0.0,0.0
validation,Bach/Prelude/bwv_854/midi_score.mid,articulation,gradual,linear_interpolation,4,1,4,7,3,3,0.12102302514096744,0.34788363735733163,0.11467702591584837,83.12813295511295,63.7891301670009,53.49421762230684,100.0
validation,Bach/Prelude/bwv_854/midi_score.mid,articulation,mixed,cnn,12,1,4,48,36,35,0.5050812649979557,0.7106906957305377,1.0532492101497535,6.9972921902106915,0.5581752272249663,16.868456496930026,42.857142857142854
validation,Bach/Prelude/bwv_854/midi_score.mid,articulation,mixed,visible_mean,12,1,4,48,36,35,0.543082321894279,0.7369411929688006,1.059161185503617,0.0,0.0,0.0,0.0
validation,Bach/Prelude/bwv_854/midi_score.mid,articulation,mixed,linear_interpolation,12,1,4,48,36,35,1.0726387814053968,1.0356827609868753,1.1952800544321187,-97.50942686994806,-12.851572621005648,29.92221055992524,45.714285714285715
validation,Bach/Prelude/bwv_854/midi_score.mid,articulation,small,cnn,10,1,3,37,27,24,0.21038857901392716,0.45868134801180566,0.2721185937654031,1.9282285604216853,-0.7756676484518277,39.51791965139581,58.333333333333336
validation,Bach/Prelude/bwv_854/midi_score.mid,articulation,small,visible_mean,10,1,3,37,27,24,0.21452511352213807,0.4631685584343329,0.2700241041465167,0.0,0.0,0.0,0.0
validation,Bach/Prelude/bwv_854/midi_score.mid,articulation,small,linear_interpolation,10,1,3,37,27,24,0.2341325549289194,0.48387245729522504,0.2800896269407972,-9.139928227917204,-3.7276386217798274,25.589749684808595,54.166666666666664
validation,Bach/Prelude/bwv_854/midi_score.mid,dynamics,abrupt,cnn,14,1,5,54,40,40,2.4674254413224013,1.5708040747726628,3.2857405161174227,4.989077361798266,5.0534131802088105,9.494810389404801,70.0
validation,Bach/Prelude/bwv_854/midi_score.mid,dynamics,abrupt,visible_mean,14,1,5,54,40,40,2.5969913487928866,1.6115183364742973,3.460619940297343,0.0,0.0,0.0,0.0
validation,Bach/Prelude/bwv_854/midi_score.mid,dynamics,abrupt,linear_interpolation,14,1,5,54,40,40,2.5759728369254447,1.6049837497387456,3.49785428303453,0.8093408504118327,-1.075944292628317,11.657549490951629,52.5
validation,Bach/Prelude/bwv_854/midi_score.mid,dynamics,gradual,cnn,2,1,2,5,3,2,0.24071796226409017,0.4906301685221672,0.030200562464726157,-40.90420443695428,-628.6556411907488,349.4698630576016,100.0
validation,Bach/Prelude/bwv_854/midi_score.mid,dynamics,gradual,visible_mean,2,1,2,5,3,2,0.1708380266053709,0.41332556974541373,0.004144696171620004,0.0,0.0,0.0,0.0
validation,Bach/Prelude/bwv_854/midi_score.mid,dynamics,gradual,linear_interpolation,2,1,2,5,3,2,0.5325621111313055,0.7297685325713253,0.43501851583915463,-211.7351105685053,-10395.787817159164,1102.4133715792161,100.0
validation,Bach/Prelude/bwv_854/midi_score.mid,dynamics,mixed,cnn,11,1,4,47,36,34,1.0863980867014378,1.0423042198424786,1.2977274131270369,28.287826152829187,-8.2156055264335,21.873653517513638,32.35294117647059
validation,Bach/Prelude/bwv_854/midi_score.mid,dynamics,mixed,visible_mean,11,1,4,47,36,34,1.514942343006798,1.2308299407338115,1.1992054258847582,0.0,0.0,0.0,0.0
validation,Bach/Prelude/bwv_854/midi_score.mid,dynamics,mixed,linear_interpolation,11,1,4,47,36,34,0.7410915850379144,0.8608667638130272,1.1712799638962377,51.081201970563114,2.328663745656212,24.320800128585226,50.0
validation,Bach/Prelude/bwv_854/midi_score.mid,dynamics,small,cnn,7,1,2,22,15,15,0.6481790622056435,0.8050956851242239,0.3295320760050523,9.394675393653761,-14.257921769403502,32.97183781508977,46.666666666666664
validation,Bach/Prelude/bwv_854/midi_score.mid,dynamics,small,visible_mean,7,1,2,22,15,15,0.7153873848162818,0.8458057606899363,0.28841070352226195,0.0,0.0,0.0,0.0
validation,Bach/Prelude/bwv_854/midi_score.mid,dynamics,small,linear_interpolation,7,1,2,22,15,15,0.26123317539670154,0.5111097488766004,0.33810677490428337,63.483675985733434,-17.23100799488375,25.010737233414265,40.0
validation,Bach/Prelude/bwv_854/midi_score.mid,pedal_changes,abrupt,cnn,13,1,5,45,32,10,2.4140241412910814,1.5537130176744616,5.055601881386635,4.883230567591013,1.1097504434420147,9.840149855646091,50.0
validation,Bach/Prelude/bwv_854/midi_score.mid,pedal_changes,abrupt,visible_mean,13,1,5,45,32,10,2.537958506892429,1.593097142955328,5.112336053409594,0.0,0.0,0.0,0.0
validation,Bach/Prelude/bwv_854/midi_score.mid,pedal_changes,abrupt,linear_interpolation,13,1,5,45,32,10,3.2460430372154065,1.8016778394639277,5.055986750286022,-27.899767801562003,1.102222203995984,21.82760697795259,40.0
validation,Bach/Prelude/bwv_854/midi_score.mid,pedal_changes,small,cnn,21,1,5,83,62,0,0.06234981706782836,0.24969945347923445,0.03915120651281965,-57.86282005647938,,,
validation,Bach/Prelude/bwv_854/midi_score.mid,pedal_changes,small,visible_mean,21,1,5,83,62,0,0.039496201224278875,0.1987365120562371,0.0,0.0,,,
validation,Bach/Prelude/bwv_854/midi_score.mid,pedal_changes,small,linear_interpolation,21,1,5,83,62,0,0.0,0.0,0.0,100.0,,,
validation,Bach/Prelude/bwv_854/midi_score.mid,pedal_depth,abrupt,cnn,15,1,5,53,38,27,1.1411970120656665,1.0682682303923796,1.1015796857035873,-0.5339177673272966,3.969390341608181,19.209768541865365,70.37037037037037
validation,Bach/Prelude/bwv_854/midi_score.mid,pedal_depth,abrupt,visible_mean,15,1,5,53,38,27,1.1351363175827076,1.0654277627238309,1.147113081570782,0.0,0.0,0.0,0.0
validation,Bach/Prelude/bwv_854/midi_score.mid,pedal_depth,abrupt,linear_interpolation,15,1,5,53,38,27,2.0465305105677314,1.430569994990714,1.1947711527212708,-80.28940479376551,-4.1546096820052725,41.315209492143076,48.148148148148145
validation,Bach/Prelude/bwv_854/midi_score.mid,pedal_depth,gradual,cnn,5,1,5,22,17,4,0.5119620347355593,0.7155152232731037,0.06616811659127882,-15.103302724174839,-108.83869662657881,92.07277717950963,75.0
validation,Bach/Prelude/bwv_854/midi_score.mid,pedal_depth,gradual,visible_mean,5,1,5,22,17,4,0.44478483468227475,0.6669219104829851,0.03168383908734739,0.0,0.0,0.0,0.0
validation,Bach/Prelude/bwv_854/midi_score.mid,pedal_depth,gradual,linear_interpolation,5,1,5,22,17,4,0.3009739841374017,0.5486109588200018,0.03824974830384981,32.33267848432876,-20.72321222943103,104.55201838919935,75.0
validation,Bach/Prelude/bwv_854/midi_score.mid,pedal_depth,mixed,cnn,6,1,5,24,18,12,0.5459921911587609,0.738912844088368,0.5740235676502822,-2.5125013892268067,1.4575646559689681,18.34815334982204,50.0
validation,Bach/Prelude/bwv_854/midi_score.mid,pedal_depth,mixed,visible_mean,6,1,5,24,18,12,0.5326103487473187,0.7298015817654266,0.5825140870998905,0.0,0.0,0.0,0.0
validation,Bach/Prelude/bwv_854/midi_score.mid,pedal_depth,mixed,linear_interpolation,6,1,5,24,18,12,0.46230092114099447,0.6799271439948508,0.5520499805862862,13.200912782053454,5.229763054362024,9.221903888683016,50.0
validation,Bach/Prelude/bwv_854/midi_score.mid,pedal_depth,small,cnn,8,1,5,29,21,0,0.11224545086555077,0.3350305222894636,0.03430275859123685,4.586396958277373,,,
validation,Bach/Prelude/bwv_854/midi_score.mid,pedal_depth,small,visible_mean,8,1,5,29,21,0,0.11764093094405824,0.34298823732609,0.0,0.0,,,
validation,Bach/Prelude/bwv_854/midi_score.mid,pedal_depth,small,linear_interpolation,8,1,5,29,21,0,0.011040039348433952,0.10507159153850269,0.0015245768624027839,90.6154777424502,,,
validation,Bach/Prelude/bwv_854/midi_score.mid,pedal_down_ratio,abrupt,cnn,13,1,5,42,29,14,1.302642820628456,1.1413337901895553,1.0884617473774296,-11.363554938472342,4.841032033391457,16.338494538027813,57.142857142857146
validation,Bach/Prelude/bwv_854/midi_score.mid,pedal_down_ratio,abrupt,visible_mean,13,1,5,42,29,14,1.169720939088338,1.081536378994409,1.1438351745884558,0.0,0.0,0.0,0.0
validation,Bach/Prelude/bwv_854/midi_score.mid,pedal_down_ratio,abrupt,linear_interpolation,13,1,5,42,29,14,2.41877694929401,1.5552417655445117,1.2901778148654903,-106.78239300214342,-12.794032175980918,43.38157109450507,35.714285714285715
validation,Bach/Prelude/bwv_854/midi_score.mid,pedal_down_ratio,gradual,cnn,3,1,3,9,6,2,0.36756788118424893,0.6062737675211166,0.21314129247599337,-11.569517060265898,8.358801760923152,51.47570251445853,50.0
validation,Bach/Prelude/bwv_854/midi_score.mid,pedal_down_ratio,gradual,visible_mean,3,1,3,9,6,2,0.32945188871410264,0.573978996753455,0.2325823936958383,0.0,0.0,0.0,0.0
validation,Bach/Prelude/bwv_854/midi_score.mid,pedal_down_ratio,gradual,linear_interpolation,3,1,3,9,6,2,0.3536298291879398,0.5946678309677931,0.15770934693048932,-7.338838022209271,32.19205270682048,64.58157282749275,100.0
validation,Bach/Prelude/bwv_854/midi_score.mid,pedal_down_ratio,mixed,cnn,6,1,4,24,18,11,0.5999554205843757,0.7745678928179089,1.33676319264247,-43.43144572872277,-17.639585581555384,14.688148458971309,9.090909090909092
validation,Bach/Prelude/bwv_854/midi_score.mid,pedal_down_ratio,mixed,visible_mean,6,1,4,24,18,11,0.4182872295096946,0.6467512887576604,1.1363208957547195,0.0,0.0,0.0,0.0
validation,Bach/Prelude/bwv_854/midi_score.mid,pedal_down_ratio,mixed,linear_interpolation,6,1,4,24,18,11,0.5076644916256586,0.7125057835734799,1.1363208957547195,-21.367437447404193,0.0,0.0,0.0
validation,Bach/Prelude/bwv_854/midi_score.mid,pedal_down_ratio,small,cnn,12,1,5,53,41,0,0.07555938550234326,0.2748806750252612,0.021347302083359398,-16.84056699383534,,,
validation,Bach/Prelude/bwv_854/midi_score.mid,pedal_down_ratio,small,visible_mean,12,1,5,53,41,0,0.06466879393552573,0.254300597591759,0.0,0.0,,,
validation,Bach/Prelude/bwv_854/midi_score.mid,pedal_down_ratio,small,linear_interpolation,12,1,5,53,41,0,0.001202157454334034,0.0346721423383966,0.0001554008366330548,98.14105477901354,,,
validation,Bach/Prelude/bwv_854/midi_score.mid,rubato,abrupt,cnn,15,1,5,55,40,40,4.629257530982489,2.151570944910367,6.452573535891721,-2.677904893176297,-3.096199245187292,7.889795249990174,50.0
validation,Bach/Prelude/bwv_854/midi_score.mid,rubato,abrupt,visible_mean,15,1,5,55,40,40,4.508523558012467,2.1233284150155547,6.258788959373726,0.0,0.0,0.0,0.0
validation,Bach/Prelude/bwv_854/midi_score.mid,rubato,abrupt,linear_interpolation,15,1,5,55,40,40,8.37841451160943,2.894549103333614,7.130587605692483,-85.83499462300608,-13.92919064658782,26.795243846900167,47.5
validation,Bach/Prelude/bwv_854/midi_score.mid,rubato,gradual,cnn,1,1,1,4,3,3,0.007033914606313418,0.08386843629347944,0.0116321085620165,-762.8662738083553,-1093.0714832921633,318.2881986729022,33.333333333333336
validation,Bach/Prelude/bwv_854/midi_score.mid,rubato,gradual,visible_mean,1,1,1,4,3,3,0.000815180152454964,0.028551359905527512,0.0009749716362274322,0.0,0.0,0.0,0.0
validation,Bach/Prelude/bwv_854/midi_score.mid,rubato,gradual,linear_interpolation,1,1,1,4,3,3,0.24140422728280098,0.49132904176610703,0.09280274074967713,-29513.604619273134,-9418.506723823193,934.8671131283661,33.333333333333336
validation,Bach/Prelude/bwv_854/midi_score.mid,rubato,mixed,cnn,17,1,5,68,51,49,1.8314306439860815,1.3533036037734036,2.1783894509404984,5.841728578051885,-4.028921498356208,18.013004297739194,46.93877551020408
validation,Bach/Prelude/bwv_854/midi_score.mid,rubato,mixed,visible_mean,17,1,5,68,51,49,1.9450555074221323,1.3946524683311368,2.0940229116716544,0.0,0.0,0.0,0.0
validation,Bach/Prelude/bwv_854/midi_score.mid,rubato,mixed,linear_interpolation,17,1,5,68,51,49,1.5986549856234005,1.264379288672272,2.093630264478905,17.80928721452436,0.01875085466165327,17.444499482519056,48.97959183673469
validation,Bach/Prelude/bwv_854/midi_score.mid,rubato,small,cnn,1,1,1,1,0,0,0.5492747287835442,0.7411307096481323,,7.456634315078747,,,
validation,Bach/Prelude/bwv_854/midi_score.mid,rubato,small,visible_mean,1,1,1,1,0,0,0.5935322588694669,0.7704104483127594,,0.0,,,
validation,Bach/Prelude/bwv_854/midi_score.mid,rubato,small,linear_interpolation,1,1,1,1,0,0,0.2519833885554732,0.5019794702529907,,57.54512332060272,,,
validation,Bach/Prelude/bwv_854/midi_score.mid,tempo,abrupt,cnn,4,1,4,16,12,12,1.2444602084193526,1.115553767605736,1.43472635270247,-10.296753862568808,-5.960013882498583,11.686553712909562,50.0
validation,Bach/Prelude/bwv_854/midi_score.mid,tempo,abrupt,visible_mean,4,1,4,16,12,12,1.1282836210845935,1.0622069577462734,1.3540262030292578,0.0,0.0,0.0,0.0
validation,Bach/Prelude/bwv_854/midi_score.mid,tempo,abrupt,linear_interpolation,4,1,4,16,12,12,2.648012864000658,1.6272716011780757,1.6977746658276889,-134.69390271350244,-25.387135199406718,35.20682135561513,33.333333333333336
validation,Bach/Prelude/bwv_854/midi_score.mid,tempo,mixed,cnn,16,1,5,68,52,51,0.492899797361431,0.7020682284233001,0.777718411097495,3.1750107345367096,-4.956396496220838,16.945885039074483,50.98039215686274
validation,Bach/Prelude/bwv_854/midi_score.mid,tempo,mixed,visible_mean,16,1,5,68,52,51,0.509062589214502,0.713486222161649,0.7409919138425243,0.0,0.0,0.0,0.0
validation,Bach/Prelude/bwv_854/midi_score.mid,tempo,mixed,linear_interpolation,16,1,5,68,52,51,0.5732170438246961,0.757110985143325,0.7497828065014703,-12.602468924142762,-1.186368230843371,12.647797038643137,50.98039215686274
validation,Bach/Prelude/bwv_854/midi_score.mid,tempo,small,cnn,14,1,5,44,30,27,0.17493569129408557,0.4182531425991747,0.305236204271335,4.638957768253804,-40.47118226172473,48.896709476737186,44.44444444444444
validation,Bach/Prelude/bwv_854/midi_score.mid,tempo,small,visible_mean,14,1,5,44,30,27,0.18344565789136116,0.4283055660289289,0.2172945364000863,0.0,0.0,0.0,0.0
validation,Bach/Prelude/bwv_854/midi_score.mid,tempo,small,linear_interpolation,14,1,5,44,30,27,0.1965386726767394,0.4433268237730934,0.2648812930068625,-7.1372715690725785,-21.899656289175475,30.698093496512165,33.333333333333336
validation,Bach/Prelude/bwv_857/midi_score.mid,articulation,abrupt,cnn,13,1,5,49,36,36,9.006622670140766,3.0011035753770257,18.0010375096763,-6.749166552308861,3.5934463898743774,6.4885712281826295,55.55555555555556
validation,Bach/Prelude/bwv_857/midi_score.mid,articulation,abrupt,visible_mean,13,1,5,49,36,36,8.437183128476578,2.904682965226425,18.672006036512485,0.0,0.0,0.0,0.0
validation,Bach/Prelude/bwv_857/midi_score.mid,articulation,abrupt,linear_interpolation,13,1,5,49,36,36,11.025439350152311,3.3204577019068187,19.460832872388774,-30.676781364861405,-4.224649640396239,18.671729496038044,44.44444444444444
validation,Bach/Prelude/bwv_857/midi_score.mid,articulation,gradual,cnn,2,1,1,5,3,3,0.17091049768555386,0.4134132287258765,0.2128845312446793,-427.3235005044371,-200.34876439552147,102.2704661114526,66.66666666666667
validation,Bach/Prelude/bwv_857/midi_score.mid,articulation,gradual,visible_mean,2,1,1,5,3,3,0.03241093892497889,0.18003038333842122,0.07087911004832276,0.0,0.0,0.0,0.0
validation,Bach/Prelude/bwv_857/midi_score.mid,articulation,gradual,linear_interpolation,2,1,1,5,3,3,0.809341714040005,0.8996342112436615,0.14772577838828485,-2397.125170959644,-108.41934709334086,171.0873514046825,66.66666666666667
validation,Bach/Prelude/bwv_857/midi_score.mid,articulation,mixed,cnn,10,1,5,50,40,40,1.4954591963169892,1.2228896909848366,1.9680563764445016,-14.191971977177054,-4.658332345011917,19.89236741201519,47.5
validation,Bach/Prelude/bwv_857/midi_score.mid,articulation,mixed,visible_mean,10,1,5,50,40,40,1.3096009907035135,1.144377992930445,1.880458375695015,0.0,0.0,0.0,0.0
validation,Bach/Prelude/bwv_857/midi_score.mid,articulation,mixed,linear_interpolation,10,1,5,50,40,40,1.7787989301664433,1.3337162105059843,1.9473223027584345,-35.827549214885536,-3.555724919393999,16.599375170957977,47.5
validation,Bach/Prelude/bwv_857/midi_score.mid,articulation,small,cnn,13,1,3,37,24,24,0.42046748843330756,0.6484346446892759,0.42237666919804906,-23.556613144994998,6.633326283150332,36.287060716187696,70.83333333333333
validation,Bach/Prelude/bwv_857/midi_score.mid,articulation,small,visible_mean,13,1,3,37,24,24,0.34030350762357375,0.5833553870699865,0.4523848311004183,0.0,0.0,0.0,0.0
validation,Bach/Prelude/bwv_857/midi_score.mid,articulation,small,linear_interpolation,13,1,3,37,24,24,0.3297358022604829,0.574226263993979,0.4512658527423639,3.105376561319584,0.2473509899376003,19.27687007449557,37.5
validation,Bach/Prelude/bwv_857/midi_score.mid,dynamics,abrupt,cnn,8,1,6,33,25,25,2.311067872397039,1.5202196789928222,1.7980818599095392,-6.627963373780443,1.4161293469002079,11.591980499638764,56.0
validation,Bach/Prelude/bwv_857/midi_score.mid,dynamics,abrupt,visible_mean,8,1,6,33,25,25,2.1674125616520263,1.4722134905142075,1.8239107959523009,0.0,0.0,0.0,0.0
validation,Bach/Prelude/bwv_857/midi_score.mid,dynamics,abrupt,linear_interpolation,8,1,6,33,25,25,2.821861991831422,1.6798398708899078,1.851056587540046,-30.19496342129562,-1.4883289055576787,28.321720242067833,60.0
validation,Bach/Prelude/bwv_857/midi_score.mid,dynamics,gradual,cnn,1,1,1,1,0,0,0.19359936847738268,0.4399992823600769,,-85.90436102467206,,,
validation,Bach/Prelude/bwv_857/midi_score.mid,dynamics,gradual,visible_mean,1,1,1,1,0,0,0.10413922912313467,0.32270610332489014,,0.0,,,
validation,Bach/Prelude/bwv_857/midi_score.mid,dynamics,gradual,linear_interpolation,1,1,1,1,0,0,0.13713524124554866,0.3703177571296692,,-31.684517352629292,,,
validation,Bach/Prelude/bwv_857/midi_score.mid,dynamics,mixed,cnn,18,1,6,84,66,66,1.2353128658027361,1.1114462946101966,0.8771840597398453,9.041067913254642,0.5719268335548144,17.80370414625672,50.0
validation,Bach/Prelude/bwv_857/midi_score.mid,dynamics,mixed,visible_mean,18,1,6,84,66,66,1.3580995702815066,1.165375291604171,0.8822297685196174,0.0,0.0,0.0,0.0
validation,Bach/Prelude/bwv_857/midi_score.mid,dynamics,mixed,linear_interpolation,18,1,6,84,66,66,1.4158346572110372,1.1898885062101563,0.8373016017475245,-4.251167454354121,5.092569801570224,27.424317457077525,51.515151515151516
validation,Bach/Prelude/bwv_857/midi_score.mid,dynamics,small,cnn,11,1,5,23,12,12,0.8610712075049703,0.9279392261915488,0.2575839960311825,15.746022070516242,11.632120230944032,35.54977600540485,75.0
validation,Bach/Prelude/bwv_857/midi_score.mid,dynamics,small,visible_mean,11,1,5,23,12,12,1.021994721988845,1.0109375460377585,0.29149052427687805,0.0,0.0,0.0,0.0
validation,Bach/Prelude/bwv_857/midi_score.mid,dynamics,small,linear_interpolation,11,1,5,23,12,12,0.19909870010197214,0.44620477373283685,0.2881836379978522,80.51861758008714,1.1344747096769248,22.425697906507537,50.0
validation,Bach/Prelude/bwv_857/midi_score.mid,pedal_changes,abrupt,cnn,2,1,2,6,4,3,1.4684530282311534,1.2117974369634363,1.994610625345946,0.2217550318442174,-0.18688554024028914,14.201490139296045,33.333333333333336
validation,Bach/Prelude/bwv_857/midi_score.mid,pedal_changes,abrupt,visible_mean,2,1,2,6,4,3,1.4717166339213623,1.2131432866406846,1.9908899399261255,0.0,0.0,0.0,0.0
validation,Bach/Prelude/bwv_857/midi_score.mid,pedal_changes,abrupt,linear_interpolation,2,1,2,6,4,3,5.33853449559022,2.3105268870087228,1.9107338391385877,-262.742009741766,4.026144247356644,8.244628945164056,66.66666666666667
validation,Bach/Prelude/bwv_857/midi_score.mid,pedal_changes,gradual,cnn,8,1,5,19,11,4,0.21900936478200453,0.4679843638221308,0.13598154173983426,-0.9970664454152844,-59.65567250329011,74.00602340095642,50.0
validation,Bach/Prelude/bwv_857/midi_score.mid,pedal_changes,gradual,visible_mean,8,1,5,19,11,4,0.21684725357876608,0.4656686091833613,0.08517175719956459,0.0,0.0,0.0,0.0
validation,Bach/Prelude/bwv_857/midi_score.mid,pedal_changes,gradual,linear_interpolation,8,1,5,19,11,4,0.04640420034933028,0.21541634188085704,0.05590048391322073,78.60051276486435,34.36734693374801,58.484253886310626,100.0
validation,Bach/Prelude/bwv_857/midi_score.mid,pedal_changes,mixed,cnn,27,1,6,115,88,60,0.6397804285430441,0.7998627560669668,0.6695558170507733,-38.63541304608502,-9.3738021931139,25.02839748891646,43.333333333333336
validation,Bach/Prelude/bwv_857/midi_score.mid,pedal_changes,mixed,visible_mean,27,1,6,115,88,60,0.4614841291166846,0.6793262317301494,0.6121720225731789,0.0,0.0,0.0,0.0
validation,Bach/Prelude/bwv_857/midi_score.mid,pedal_changes,mixed,linear_interpolation,27,1,6,115,88,60,0.5373101877626173,0.7330144526287441,0.6077405439995447,-16.430913624498732,0.7238943320224234,22.32218490025342,36.666666666666664
validation,Bach/Prelude/bwv_857/midi_score.mid,pedal_changes,small,cnn,1,1,1,1,0,0,0.06883751140550487,0.2623690366744995,,9.104736384521706,,,
validation,Bach/Prelude/bwv_857/midi_score.mid,pedal_changes,small,visible_mean,1,1,1,1,0,0,0.07573278151952323,0.2751958966255188,,0.0,,,
validation,Bach/Prelude/bwv_857/midi_score.mid,pedal_changes,small,linear_interpolation,1,1,1,1,0,0,0.0,0.0,,100.0,,,
validation,Bach/Prelude/bwv_857/midi_score.mid,pedal_depth,abrupt,cnn,6,1,4,26,20,20,0.7949688156149188,0.8916102375000631,1.0897835885122535,-35.884213535864504,-6.81669147126116,17.865928149147177,70.0
validation,Bach/Prelude/bwv_857/midi_score.mid,pedal_depth,abrupt,visible_mean,6,1,4,26,20,20,0.5850339748296804,0.764875136757419,1.0202371684629998,0.0,0.0,0.0,0.0
validation,Bach/Prelude/bwv_857/midi_score.mid,pedal_depth,abrupt,linear_interpolation,6,1,4,26,20,20,1.3357617202117131,1.15575158239637,1.166706147503766,-128.32207661112162,-14.356365712633611,25.735793987343364,40.0
validation,Bach/Prelude/bwv_857/midi_score.mid,pedal_depth,gradual,cnn,1,1,1,4,3,3,0.20586176587751304,0.4537199200801228,0.042362120528184256,-947.3179425787173,-708.1437528333611,187.44076864998343,33.333333333333336
validation,Bach/Prelude/bwv_857/midi_score.mid,pedal_depth,gradual,visible_mean,1,1,1,4,3,3,0.019656090811414728,0.1402001812103491,0.005241904101796517,0.0,0.0,0.0,0.0
validation,Bach/Prelude/bwv_857/midi_score.mid,pedal_depth,gradual,linear_interpolation,1,1,1,4,3,3,0.06770468207123681,0.26020123380037385,0.026194881936814813,-244.44632313114468,-399.72073941294053,233.88716751819243,33.333333333333336
validation,Bach/Prelude/bwv_857/midi_score.mid,pedal_depth,mixed,cnn,23,1,6,93,70,70,0.48262818741716784,0.6947144646667204,0.4744363357020045,-28.506212230627103,-15.511432577581697,22.828930997044687,32.857142857142854
validation,Bach/Prelude/bwv_857/midi_score.mid,pedal_depth,mixed,visible_mean,23,1,6,93,70,70,0.3755679815315125,0.6128360152043224,0.41072673510767493,0.0,0.0,0.0,0.0
validation,Bach/Prelude/bwv_857/midi_score.mid,pedal_depth,mixed,linear_interpolation,23,1,6,93,70,70,0.4302174010426432,0.6559095982242089,0.421667592054448,-14.551139127536427,-2.6637800784759857,23.746570755046704,52.857142857142854
validation,Bach/Prelude/bwv_857/midi_score.mid,pedal_depth,small,cnn,8,1,5,18,10,10,0.29256645897579325,0.5408941291748259,0.06559949468640422,-89.42525901418885,-10.358720024405589,64.26897566073804,50.0
validation,Bach/Prelude/bwv_857/midi_score.mid,pedal_depth,small,visible_mean,8,1,5,18,10,10,0.1544495493887004,0.39300069896719064,0.05944205829126782,0.0,0.0,0.0,0.0
validation,Bach/Prelude/bwv_857/midi_score.mid,pedal_depth,small,linear_interpolation,8,1,5,18,10,10,0.041890699291439654,0.20467217517640168,0.05646564462813425,72.87742213736468,5.007252017669139,5.341146202533915,50.0
validation,Bach/Prelude/bwv_857/midi_score.mid,pedal_down_ratio,abrupt,cnn,7,1,3,34,27,27,1.217787228226925,1.1035339723936572,1.901852493152448,-31.349144152088538,-2.1224142414191682,13.974295878290425,44.44444444444444
validation,Bach/Prelude/bwv_857/midi_score.mid,pedal_down_ratio,abrupt,visible_mean,7,1,3,34,27,27,0.9271375432921399,0.9628798176782708,1.8623262163156815,0.0,0.0,0.0,0.0
validation,Bach/Prelude/bwv_857/midi_score.mid,pedal_down_ratio,abrupt,linear_interpolation,7,1,3,34,27,27,1.5347200367648541,1.2388381802175998,1.8817654965822497,-65.53315609626496,-1.0438171409639319,14.13971701011801,59.25925925925926
validation,Bach/Prelude/bwv_857/midi_score.mid,pedal_down_ratio,gradual,cnn,2,1,2,2,0,0,0.001491867123651347,0.038624695774223866,,80.92588139564872,,,
validation,Bach/Prelude/bwv_857/midi_score.mid,pedal_down_ratio,gradual,visible_mean,2,1,2,2,0,0,0.007821421029179376,0.08843879821198034,,0.0,,,
validation,Bach/Prelude/bwv_857/midi_score.mid,pedal_down_ratio,gradual,linear_interpolation,2,1,2,2,0,0,0.16996782082589323,0.4122715377344078,,-2073.106654043994,,,
validation,Bach/Prelude/bwv_857/midi_score.mid,pedal_down_ratio,mixed,cnn,26,1,6,100,74,74,0.4528432362021899,0.6729362794516208,0.49444289403590835,-18.085196472596788,-14.006956409016702,22.798779013773782,41.891891891891895
validation,Bach/Prelude/bwv_857/midi_score.mid,pedal_down_ratio,mixed,visible_mean,26,1,6,100,74,74,0.3834885741222255,0.6192645429234791,0.4336953722911625,0.0,0.0,0.0,0.0
validation,Bach/Prelude/bwv_857/midi_score.mid,pedal_down_ratio,mixed,linear_interpolation,26,1,6,100,74,74,0.5587084470030917,0.747468024067312,0.4921432006115178,-45.69102828733045,-13.476700941396302,31.176057928433426,48.648648648648646
validation,Bach/Prelude/bwv_857/midi_score.mid,pedal_down_ratio,small,cnn,3,1,3,5,2,2,0.09103838068118074,0.3017256712332922,0.2976732688178715,-0.22667954544242086,-349.0907622552475,116.10975969814956,0.0
validation,Bach/Prelude/bwv_857/midi_score.mid,pedal_down_ratio,small,visible_mean,3,1,3,5,2,2,0.09083248202381508,0.3013842763380583,0.0662835430688918,0.0,0.0,0.0,0.0
validation,Bach/Prelude/bwv_857/midi_score.mid,pedal_down_ratio,small,linear_interpolation,3,1,3,5,2,2,0.027526472030937037,0.1659110364952767,0.0662835430688918,69.69534310014785,0.0,0.0,0.0
validation,Bach/Prelude/bwv_857/midi_score.mid,rubato,abrupt,cnn,14,1,6,64,50,50,2.7175979503028644,1.6485138611194219,4.610695394372708,-1.2466996936901786,-6.278434849092407,17.745132518835927,52.0
validation,Bach/Prelude/bwv_857/midi_score.mid,rubato,abrupt,visible_mean,14,1,6,64,50,50,2.6841348493576906,1.6383329482610336,4.338316988690657,0.0,0.0,0.0,0.0
validation,Bach/Prelude/bwv_857/midi_score.mid,rubato,abrupt,linear_interpolation,14,1,6,64,50,50,4.508058603413523,2.1232189249847795,4.359293211336437,-67.95201643808224,-0.4835106033160397,27.015241675832424,54.0
validation,Bach/Prelude/bwv_857/midi_score.mid,rubato,gradual,cnn,3,1,2,6,3,3,1.719940524114935,1.311465029695773,0.8053186042207908,0.9857806461593066,24.725526266235352,21.16642156765527,66.66666666666667
validation,Bach/Prelude/bwv_857/midi_score.mid,rubato,gradual,visible_mean,3,1,2,6,3,3,1.737064166479458,1.317977301200388,1.0698428886651414,0.0,0.0,0.0,0.0
validation,Bach/Prelude/bwv_857/midi_score.mid,rubato,gradual,linear_interpolation,3,1,2,6,3,3,0.6026418274445108,0.7763000885253787,0.6191657571679866,65.30687587287596,42.12554350475435,90.4314683041743,66.66666666666667
validation,Bach/Prelude/bwv_857/midi_score.mid,rubato,mixed,cnn,14,1,5,56,42,42,1.2664032482200362,1.1253458349414354,1.9363173455364298,10.549309944193785,1.2592348687447186,16.655792263618576,52.38095238095238
validation,Bach/Prelude/bwv_857/midi_score.mid,rubato,mixed,visible_mean,14,1,5,56,42,42,1.415755705663038,1.1898553297199783,1.9610110808463952,0.0,0.0,0.0,0.0
validation,Bach/Prelude/bwv_857/midi_score.mid,rubato,mixed,linear_interpolation,14,1,5,56,42,42,1.3984895337734748,1.1825774958849313,1.9801341530524772,1.219572827465809,-0.9751639036036597,31.409459021324786,54.76190476190476
validation,Bach/Prelude/bwv_857/midi_score.mid,rubato,small,cnn,7,1,5,15,8,8,0.17371151749148198,0.41678713690741703,0.3678790258067921,37.47445036482766,-30.321516311376627,40.84643428985798,50.0
validation,Bach/Prelude/bwv_857/midi_score.mid,rubato,small,visible_mean,7,1,5,15,8,8,0.27782485480745694,0.527090935994404,0.28228571629555044,0.0,0.0,0.0,0.0
validation,Bach/Prelude/bwv_857/midi_score.mid,rubato,small,linear_interpolation,7,1,5,15,8,8,0.2529218116036469,0.5029133241460668,0.2968097806140401,8.963576430578456,-5.145164448662043,10.845874990321809,37.5
validation,Bach/Prelude/bwv_857/midi_score.mid,tempo,gradual,cnn,3,1,2,9,6,6,0.12882383245684378,0.3589203706351087,0.07788067350615317,-52.07251441671568,2.4303659421442636,54.51809473307813,50.0
validation,Bach/Prelude/bwv_857/midi_score.mid,tempo,gradual,visible_mean,3,1,2,9,6,6,0.08471210787232408,0.29105344504458985,0.07982060633739015,0.0,0.0,0.0,0.0
validation,Bach/Prelude/bwv_857/midi_score.mid,tempo,gradual,linear_interpolation,3,1,2,9,6,6,0.23301097185638595,0.4827121003832263,0.11436931910170205,-175.06218143877862,-43.28294954097378,115.52830618326956,66.66666666666667
validation,Bach/Prelude/bwv_857/midi_score.mid,tempo,mixed,cnn,5,1,3,20,15,15,0.19122662487421954,0.4372946659567431,0.28518313816837115,7.685231112268864,-6.711571273275929,35.72122515249132,60.0
validation,Bach/Prelude/bwv_857/midi_score.mid,tempo,mixed,visible_mean,5,1,3,20,15,15,0.2071462965008127,0.455133273339593,0.2672466863392446,0.0,0.0,0.0,0.0
validation,Bach/Prelude/bwv_857/midi_score.mid,tempo,mixed,linear_interpolation,5,1,3,20,15,15,0.35805049792121735,0.5983732095617394,0.2532789079969604,-72.84909456240874,5.226548749253112,26.20993531166716,73.33333333333333
validation,Bach/Prelude/bwv_857/midi_score.mid,tempo,small,cnn,30,1,6,112,82,82,0.18244755267234994,0.4271387979010452,0.24997070134197355,-105.92671849811985,-70.66589123772262,70.06790733560773,41.46341463414634
validation,Bach/Prelude/bwv_857/midi_score.mid,tempo,small,visible_mean,30,1,6,112,82,82,0.08859829069437422,0.29765465004661734,0.14646787329858799,0.0,0.0,0.0,0.0
validation,Bach/Prelude/bwv_857/midi_score.mid,tempo,small,linear_interpolation,30,1,6,112,82,82,0.09685069428154369,0.31120844185456104,0.14706934514648637,-9.314404964805355,-0.41065104200170843,17.869827172907492,56.09756097560975
validation,Beethoven/Piano_Sonatas/31-1/midi_score.mid,articulation,abrupt,cnn,137,1,21,548,411,411,3.3474200801536393,1.8295956056335616,5.45371857323298,2.5023837974013197,-2.3933378249269,9.273916674925719,45.25547445255474
validation,Beethoven/Piano_Sonatas/31-1/midi_score.mid,articulation,abrupt,visible_mean,137,1,21,548,411,411,3.4333353065758523,1.8529261470916352,5.326243571195813,0.0,0.0,0.0,0.0
validation,Beethoven/Piano_Sonatas/31-1/midi_score.mid,articulation,abrupt,linear_interpolation,137,1,21,548,411,411,5.069013891251643,2.2514470660558827,5.596653858063657,-47.64109644470154,-5.0769418118655985,21.678135986456464,49.63503649635037
validation,Beethoven/Piano_Sonatas/31-1/midi_score.mid,articulation,gradual,cnn,30,1,17,69,39,39,0.9626828416968436,0.9811640238496536,0.5994379317385613,2.638357630404109,-5.077246203970387,25.361338672410387,43.58974358974359
validation,Beethoven/Piano_Sonatas/31-1/midi_score.mid,articulation,gradual,visible_mean,30,1,17,69,39,39,0.9887701339736955,0.9943692141119894,0.570473583381662,0.0,0.0,0.0,0.0
validation,Beethoven/Piano_Sonatas/31-1/midi_score.mid,articulation,gradual,linear_interpolation,30,1,17,69,39,39,0.592600526151423,0.7698055118998713,0.373918623370585,40.06690677742618,34.45469969808864,81.29920726019408,76.92307692307692
validation,Beethoven/Piano_Sonatas/31-1/midi_score.mid,articulation,mixed,cnn,281,1,21,1113,832,830,1.0583594934608154,1.0287660052027454,1.4359793727899524,1.9702967815213301,-3.7966190754980644,17.324432650264345,48.19277108433735
validation,Beethoven/Piano_Sonatas/31-1/midi_score.mid,articulation,mixed,visible_mean,281,1,21,1113,832,830,1.079631436914637,1.0390531444130453,1.383454861613046,0.0,0.0,0.0,0.0
validation,Beethoven/Piano_Sonatas/31-1/midi_score.mid,articulation,mixed,linear_interpolation,281,1,21,1113,832,830,1.381191668576123,1.1752411108262522,1.3907059561386619,-27.931775729250962,-0.524129462175682,23.56997980869986,52.28915662650602
validation,Beethoven/Piano_Sonatas/31-1/midi_score.mid,articulation,small,cnn,196,1,21,561,365,364,0.34810126404969405,0.5900010712275818,0.37199802172743085,11.695208064147412,-11.93823087504622,34.95017667850525,50.0
validation,Beethoven/Piano_Sonatas/31-1/midi_score.mid,articulation,small,visible_mean,196,1,21,561,365,364,0.39420427410390807,0.6278568898275371,0.3323243710566435,0.0,0.0,0.0,0.0
validation,Beethoven/Piano_Sonatas/31-1/midi_score.mid,articulation,small,linear_interpolation,196,1,21,561,365,364,0.2864975695742817,0.5352546773025731,0.33959461554526604,27.322561322923665,-2.1876952525348825,20.720028663536016,50.27472527472528
validation,Beethoven/Piano_Sonatas/31-1/midi_score.mid,dynamics,abrupt,cnn,85,1,20,363,278,278,1.6724017365087298,1.2932137242191368,2.176503122521526,-1.211055559693297,-1.1247402967289544,11.022495934458368,49.64028776978417
validation,Beethoven/Piano_Sonatas/31-1/midi_score.mid,dynamics,abrupt,visible_mean,85,1,20,363,278,278,1.6523903710522645,1.2854533717923278,2.1522953889770617,0.0,0.0,0.0,0.0
validation,Beethoven/Piano_Sonatas/31-1/midi_score.mid,dynamics,abrupt,linear_interpolation,85,1,20,363,278,278,2.112941675198083,1.4535961183210704,2.1260457215948243,-27.87182207147172,1.2196126756891523,22.67453314883465,52.51798561151079
validation,Beethoven/Piano_Sonatas/31-1/midi_score.mid,dynamics,gradual,cnn,39,1,17,90,51,50,0.8988231641616123,0.9480628482129295,0.6029653528418991,36.54917983841264,8.29557132196066,28.88998853276653,52.0
validation,Beethoven/Piano_Sonatas/31-1/midi_score.mid,dynamics,gradual,visible_mean,39,1,17,90,51,50,1.4165666604034741,1.1901960596487766,0.6575095243860263,0.0,0.0,0.0,0.0
validation,Beethoven/Piano_Sonatas/31-1/midi_score.mid,dynamics,gradual,linear_interpolation,39,1,17,90,51,50,0.3475730685752688,0.5895532788266628,0.23929037877764245,75.4636983708009,63.606553228093745,76.28448900143096,90.0
validation,Beethoven/Piano_Sonatas/31-1/midi_score.mid,dynamics,mixed,cnn,295,1,21,1203,908,904,0.8190122268521266,0.90499294298471,0.8118862133029516,12.085403802640293,-2.290171184458756,19.104836212609435,52.323008849557525
validation,Beethoven/Piano_Sonatas/31-1/midi_score.mid,dynamics,mixed,visible_mean,295,1,21,1203,908,904,0.931599827875594,0.9651941917954097,0.7937089203212752,0.0,0.0,0.0,0.0
validation,Beethoven/Piano_Sonatas/31-1/midi_score.mid,dynamics,mixed,linear_interpolation,295,1,21,1203,908,904,0.82138802125303,0.9063045962881519,0.761779982253142,11.830380741255542,4.0227515718494145,26.409461963159327,55.08849557522124
validation,Beethoven/Piano_Sonatas/31-1/midi_score.mid,dynamics,small,cnn,225,1,21,635,410,410,0.306392965519066,0.553527745934263,0.287437148940216,30.631083244513036,-8.999904417205219,33.42125696441054,53.65853658536585
validation,Beethoven/Piano_Sonatas/31-1/midi_score.mid,dynamics,small,visible_mean,225,1,21,635,410,410,0.44168624774558096,0.6645947996678735,0.2637040376109221,0.0,0.0,0.0,0.0
validation,Beethoven/Piano_Sonatas/31-1/midi_score.mid,dynamics,small,linear_interpolation,225,1,21,635,410,410,0.2584201913055461,0.5083504611048819,0.2758895381874826,41.49236191424265,-4.620900266434069,26.661173175991447,50.97560975609756
validation,Beethoven/Piano_Sonatas/31-1/midi_score.mid,pedal_changes,abrupt,cnn,160,1,21,610,450,332,2.0806493341724797,1.4424456087397124,3.4401841297266214,-1.0017272420590029,-0.8789319333474932,10.313178584748766,50.0
validation,Beethoven/Piano_Sonatas/31-1/midi_score.mid,pedal_changes,abrupt,visible_mean,160,1,21,610,450,332,2.0600136165850227,1.4352747529950574,3.4102106988995606,0.0,0.0,0.0,0.0
validation,Beethoven/Piano_Sonatas/31-1/midi_score.mid,pedal_changes,abrupt,linear_interpolation,160,1,21,610,450,332,2.8596412596497327,1.6910473853945467,3.465930023355907,-38.81661929935631,-1.6338968285545041,16.441912665796423,33.734939759036145
validation,Beethoven/Piano_Sonatas/31-1/midi_score.mid,pedal_changes,gradual,cnn,103,1,21,272,169,39,0.46783755106498465,0.6839865138034409,0.2599639794453005,-7.017008160580751,-11.372417673191215,37.09340121515036,56.41025641025641
validation,Beethoven/Piano_Sonatas/31-1/midi_score.mid,pedal_changes,gradual,visible_mean,103,1,21,272,169,39,0.4371618671706714,0.6611821739662008,0.23341863710648095,0.0,0.0,0.0,0.0
validation,Beethoven/Piano_Sonatas/31-1/midi_score.mid,pedal_changes,gradual,linear_interpolation,103,1,21,272,169,39,0.37978687281338386,0.6162685070757582,0.20348966656149245,13.12442796729293,12.82201409278878,71.4186107499859,100.0
validation,Beethoven/Piano_Sonatas/31-1/midi_score.mid,pedal_changes,mixed,cnn,313,1,21,1228,915,574,0.7591653955560459,0.8713009787415861,1.0452768162581385,-0.7087838899011878,-2.7008097268541142,18.31141217117462,50.0
validation,Beethoven/Piano_Sonatas/31-1/midi_score.mid,pedal_changes,mixed,visible_mean,313,1,21,1228,915,574,0.7538224236586905,0.868229476382074,1.017788291093503,0.0,0.0,0.0,0.0
validation,Beethoven/Piano_Sonatas/31-1/midi_score.mid,pedal_changes,mixed,linear_interpolation,313,1,21,1228,915,574,0.9121702957233704,0.9550760680298561,1.045903318191128,-21.00599121158213,-2.762364957786878,20.91455916592516,29.094076655052266
validation,Beethoven/Piano_Sonatas/31-1/midi_score.mid,pedal_changes,small,cnn,68,1,19,181,113,0,0.14254762809234908,0.3775548014425841,0.051802413609396906,-0.5161574926807244,,,
validation,Beethoven/Piano_Sonatas/31-1/midi_score.mid,pedal_changes,small,visible_mean,68,1,19,181,113,0,0.14181563606102726,0.376584168627715,0.0,0.0,,,
validation,Beethoven/Piano_Sonatas/31-1/midi_score.mid,pedal_changes,small,linear_interpolation,68,1,19,181,113,0,0.0,0.0,0.0,100.0,,,
validation,Beethoven/Piano_Sonatas/31-1/midi_score.mid,pedal_depth,abrupt,cnn,125,1,20,503,378,377,1.4554986521848658,1.20644048845555,1.8381546586076085,1.27151840677735,-3.972547163231832,11.836662387207813,49.3368700265252
validation,Beethoven/Piano_Sonatas/31-1/midi_score.mid,pedal_depth,abrupt,visible_mean,125,1,20,503,378,377,1.4742439351814973,1.2141844732912281,1.7679230804279473,0.0,0.0,0.0,0.0
validation,Beethoven/Piano_Sonatas/31-1/midi_score.mid,pedal_depth,abrupt,linear_interpolation,125,1,20,503,378,377,1.7742992737759768,1.332028255622221,1.7720807966003647,-20.353167575184173,-0.2351751735381491,22.8645657021975,51.724137931034484
validation,Beethoven/Piano_Sonatas/31-1/midi_score.mid,pedal_depth,gradual,cnn,54,1,18,96,42,39,0.4935194747926528,0.7025094126007514,0.1629064526636267,6.875028852204846,4.104895974879419,39.43395528493764,43.58974358974359
validation,Beethoven/Piano_Sonatas/31-1/midi_score.mid,pedal_depth,gradual,visible_mean,54,1,18,96,42,39,0.529953962626637,0.7279793696435614,0.1698798435225138,0.0,0.0,0.0,0.0
validation,Beethoven/Piano_Sonatas/31-1/midi_score.mid,pedal_depth,gradual,linear_interpolation,54,1,18,96,42,39,0.1851968226401454,0.43034500420028743,0.09218654798163135,65.05416777671682,45.73426365947054,95.5088196852129,76.92307692307692
validation,Beethoven/Piano_Sonatas/31-1/midi_score.mid,pedal_depth,mixed,cnn,364,1,21,1445,1081,1071,0.45247305324179066,0.6726611726878479,0.41199972219139874,16.066541916256895,-6.293493246232562,24.704852563372345,52.287581699346404
validation,Beethoven/Piano_Sonatas/31-1/midi_score.mid,pedal_depth,mixed,visible_mean,364,1,21,1445,1081,1071,0.5390854416963778,0.7342243810282916,0.3876057786876823,0.0,0.0,0.0,0.0
validation,Beethoven/Piano_Sonatas/31-1/midi_score.mid,pedal_depth,mixed,linear_interpolation,364,1,21,1445,1081,1071,0.3840908318721632,0.6197506207113981,0.38764577377023407,28.751399655030983,-0.010318494911798481,26.41919971198105,53.221288515406165
validation,Beethoven/Piano_Sonatas/31-1/midi_score.mid,pedal_depth,small,cnn,101,1,21,247,146,142,0.3089852189088144,0.5558643889554488,0.09711795989674789,14.100669649737663,-33.4784556483511,51.64779123656367,44.36619718309859
validation,Beethoven/Piano_Sonatas/31-1/midi_score.mid,pedal_depth,small,visible_mean,101,1,21,247,146,142,0.3597062021891196,0.599755118518483,0.07275927746167897,0.0,0.0,0.0,0.0
validation,Beethoven/Piano_Sonatas/31-1/midi_score.mid,pedal_depth,small,linear_interpolation,101,1,21,247,146,142,0.05239229487245789,0.22889363222348036,0.07446870571408067,85.43469794137381,-2.349429944933168,21.54201758019428,50.70422535211268
validation,Beethoven/Piano_Sonatas/31-1/midi_score.mid,pedal_down_ratio,abrupt,cnn,180,1,21,718,538,529,1.6909629299770292,1.3003703049427995,2.333893488006821,0.8635441876016614,-2.1499639015490235,11.021509495696492,47.44801512287334
validation,Beethoven/Piano_Sonatas/31-1/midi_score.mid,pedal_down_ratio,abrupt,visible_mean,180,1,21,718,538,529,1.7056923370116603,1.3060215683562275,2.2847717207773086,0.0,0.0,0.0,0.0
validation,Beethoven/Piano_Sonatas/31-1/midi_score.mid,pedal_down_ratio,abrupt,linear_interpolation,180,1,21,718,538,529,2.083795151439241,1.4435356425939891,2.343508455091497,-22.167116907496307,-2.570792249398335,21.606027021459436,49.716446124763706
validation,Beethoven/Piano_Sonatas/31-1/midi_score.mid,pedal_down_ratio,gradual,cnn,48,1,18,96,48,43,0.4335102803592494,0.6584149758011655,0.24754793622550642,19.82067678126489,-23.645548035440456,34.67989882514868,51.16279069767442
validation,Beethoven/Piano_Sonatas/31-1/midi_score.mid,pedal_down_ratio,gradual,visible_mean,48,1,18,96,48,43,0.5406759036573573,0.7353066732033359,0.2002077229295404,0.0,0.0,0.0,0.0
validation,Beethoven/Piano_Sonatas/31-1/midi_score.mid,pedal_down_ratio,gradual,linear_interpolation,48,1,18,96,48,43,0.2598396206910784,0.5097446622487365,0.11385256176465768,51.94170501525686,43.132782243007625,88.95397293306334,74.4186046511628
validation,Beethoven/Piano_Sonatas/31-1/midi_score.mid,pedal_down_ratio,mixed,cnn,346,1,21,1300,954,932,0.4350785053673158,0.659604809994072,0.4395139933922186,9.698906115210715,-6.648610921958387,24.590214955046523,50.0
validation,Beethoven/Piano_Sonatas/31-1/midi_score.mid,pedal_down_ratio,mixed,visible_mean,346,1,21,1300,954,932,0.48180867656200377,0.694124395596354,0.41211412843795886,0.0,0.0,0.0,0.0
validation,Beethoven/Piano_Sonatas/31-1/midi_score.mid,pedal_down_ratio,mixed,linear_interpolation,346,1,21,1300,954,932,0.4174666921214026,0.6461166242416322,0.4055094872199538,13.354260222069925,1.6026243125996986,26.648302444666953,50.64377682403433
validation,Beethoven/Piano_Sonatas/31-1/midi_score.mid,pedal_down_ratio,small,cnn,70,1,20,177,107,93,0.14020057194318017,0.3744336682820873,0.05242000142861586,3.194607022083007,-72.6073355737362,87.40470677513726,53.763440860215056
validation,Beethoven/Piano_Sonatas/31-1/midi_score.mid,pedal_down_ratio,small,visible_mean,70,1,20,177,107,93,0.14482723289513671,0.38056173335628046,0.030369509647069744,0.0,0.0,0.0,0.0
validation,Beethoven/Piano_Sonatas/31-1/midi_score.mid,pedal_down_ratio,small,linear_interpolation,70,1,20,177,107,93,0.026031174695442087,0.16134179463313927,0.030866278406503134,82.0260498146159,-1.63574837133178,21.0395610318527,53.763440860215056
validation,Beethoven/Piano_Sonatas/31-1/midi_score.mid,rubato,abrupt,cnn,125,1,21,508,383,373,5.452808574966006,2.335124959175848,8.912574176912173,-0.03674594469862402,-0.21488551690751478,8.98411786200782,53.35120643431635
validation,Beethoven/Piano_Sonatas/31-1/midi_score.mid,rubato,abrupt,visible_mean,125,1,21,508,383,373,5.450805624945434,2.33469604551544,8.893463412088128,0.0,0.0,0.0,0.0
validation,Beethoven/Piano_Sonatas/31-1/midi_score.mid,rubato,abrupt,linear_interpolation,125,1,21,508,383,373,9.01060068527603,3.0017662609330578,9.155663698951729,-65.30768670303175,-2.948235965160828,21.60528285702116,50.402144772117964
validation,Beethoven/Piano_Sonatas/31-1/midi_score.mid,rubato,gradual,cnn,37,1,16,84,47,47,0.738427428706409,0.859318002084449,0.6194091959047655,11.397313668325692,-18.757713902849325,32.43926696479603,51.06382978723404
validation,Beethoven/Piano_Sonatas/31-1/midi_score.mid,rubato,gradual,visible_mean,37,1,16,84,47,47,0.8334142668566368,0.9129152572153874,0.5215738629083733,0.0,0.0,0.0,0.0
validation,Beethoven/Piano_Sonatas/31-1/midi_score.mid,rubato,gradual,linear_interpolation,37,1,16,84,47,47,0.6553964743911294,0.809565608453774,0.34756511780158117,21.360060601905907,33.36224406194235,81.82686940155743,80.85106382978724
validation,Beethoven/Piano_Sonatas/31-1/midi_score.mid,rubato,mixed,cnn,238,1,21,945,707,698,0.9623014081805852,0.9809696265331487,1.2092424645620221,12.096623122122319,-4.651469666625863,26.126590614398875,48.710601719197705
validation,Beethoven/Piano_Sonatas/31-1/midi_score.mid,rubato,mixed,visible_mean,238,1,21,945,707,698,1.0947263260630935,1.0462917021859122,1.1554949666871794,0.0,0.0,0.0,0.0
validation,Beethoven/Piano_Sonatas/31-1/midi_score.mid,rubato,mixed,linear_interpolation,238,1,21,945,707,698,1.2158956504378626,1.1026765846964661,1.1432498323319042,-11.068458069381037,1.0597306529497197,25.135646459480864,55.30085959885387
validation,Beethoven/Piano_Sonatas/31-1/midi_score.mid,rubato,small,cnn,244,1,21,754,510,506,0.37909995969715027,0.6157109384257764,0.33877570311828553,27.413539273756882,-16.183646600554646,46.12019412878814,50.0
validation,Beethoven/Piano_Sonatas/31-1/midi_score.mid,rubato,small,visible_mean,244,1,21,754,510,506,0.5222736525574795,0.7226850299801979,0.2915863919153905,0.0,0.0,0.0,0.0
validation,Beethoven/Piano_Sonatas/31-1/midi_score.mid,rubato,small,linear_interpolation,244,1,21,754,510,506,0.2698860510635854,0.5195055832843237,0.30055754925126554,48.32478151214363,-3.076672157759064,21.21855079311724,49.60474308300395
validation,Beethoven/Piano_Sonatas/31-1/midi_score.mid,tempo,abrupt,cnn,114,1,21,459,345,335,3.5100758421330664,1.8735196401780971,5.608740059847399,-1.265521867193864,-0.1344752097698798,9.639708090948016,51.64179104477612
validation,Beethoven/Piano_Sonatas/31-1/midi_score.mid,tempo,abrupt,visible_mean,114,1,21,459,345,335,3.4662101941630308,1.861776085935962,5.601207823876594,0.0,0.0,0.0,0.0
validation,Beethoven/Piano_Sonatas/31-1/midi_score.mid,tempo,abrupt,linear_interpolation,114,1,21,459,345,335,5.80273370501463,2.408886403509852,5.769232928506059,-67.4085926694872,-2.99980129130748,22.123284102660914,51.64179104477612
validation,Beethoven/Piano_Sonatas/31-1/midi_score.mid,tempo,gradual,cnn,31,1,17,73,42,42,0.41481643414901365,0.6440624458459083,0.3590702584663014,12.603103916874314,-25.607163328712048,39.35837707598427,50.0
validation,Beethoven/Piano_Sonatas/31-1/midi_score.mid,tempo,gradual,visible_mean,31,1,17,73,42,42,0.4746352018662881,0.6889377343898998,0.285867659893425,0.0,0.0,0.0,0.0
validation,Beethoven/Piano_Sonatas/31-1/midi_score.mid,tempo,gradual,linear_interpolation,31,1,17,73,42,42,0.3373467040232222,0.5808155507759948,0.23395442949512915,28.925055980517467,18.159882239792267,80.7170337228481,69.04761904761905
validation,Beethoven/Piano_Sonatas/31-1/midi_score.mid,tempo,mixed,cnn,263,1,21,1044,781,769,0.6209744950493945,0.7880193494130677,0.7777803024986448,11.148444919715194,-2.8584290987005545,25.959280047683535,51.88556566970091
validation,Beethoven/Piano_Sonatas/31-1/midi_score.mid,tempo,mixed,visible_mean,263,1,21,1044,781,769,0.698889844402039,0.8359963184141657,0.7561658381466286,0.0,0.0,0.0,0.0
validation,Beethoven/Piano_Sonatas/31-1/midi_score.mid,tempo,mixed,linear_interpolation,263,1,21,1044,781,769,0.7731839344004745,0.8793087821695371,0.7512681077995332,-10.630300410503235,0.6477058470533148,24.30848643667544,53.83615084525358
validation,Beethoven/Piano_Sonatas/31-1/midi_score.mid,tempo,small,cnn,236,1,21,715,479,475,0.22398726096077395,0.4732729243901176,0.19446244123085676,26.295696137664425,-30.950984754922995,57.54638490423635,49.89473684210526
validation,Beethoven/Piano_Sonatas/31-1/midi_score.mid,tempo,small,visible_mean,236,1,21,715,479,475,0.3038998392538052,0.5512711122975746,0.14850017477516228,0.0,0.0,0.0,0.0
validation,Beethoven/Piano_Sonatas/31-1/midi_score.mid,tempo,small,linear_interpolation,236,1,21,715,479,475,0.15313726204236133,0.3913275636118178,0.15306036894068786,49.60929811007004,-3.0708342077239825,22.48858538221762,48.63157894736842
validation,Beethoven/Piano_Sonatas/4-1/midi_score.mid,articulation,abrupt,cnn,289,1,9,1116,827,819,4.783292093795493,2.1870738656468585,8.986562835928877,0.15325840274836855,1.165364873076269,7.771560972950202,54.21245421245421
validation,Beethoven/Piano_Sonatas/4-1/midi_score.mid,articulation,abrupt,visible_mean,289,1,9,1116,827,819,4.790634143164825,2.188751731733141,9.092523915718722,0.0,0.0,0.0,0.0
validation,Beethoven/Piano_Sonatas/4-1/midi_score.mid,articulation,abrupt,linear_interpolation,289,1,9,1116,827,819,7.800586993344853,2.792953095443039,9.393374048836064,-62.82994610378596,-3.308763726177788,19.784058761938553,46.88644688644688
validation,Beethoven/Piano_Sonatas/4-1/midi_score.mid,articulation,gradual,cnn,18,1,7,32,14,13,0.8920040736808075,0.9444596728716412,0.22801730804854797,-5.0492409562705065,-9.99563961528429,39.57190857049269,61.53846153846154
validation,Beethoven/Piano_Sonatas/4-1/midi_score.mid,articulation,gradual,visible_mean,18,1,7,32,14,13,0.8491294801950331,0.9214822191420913,0.20729667907387134,0.0,0.0,0.0,0.0
validation,Beethoven/Piano_Sonatas/4-1/midi_score.mid,articulation,gradual,linear_interpolation,18,1,7,32,14,13,0.482580480264333,0.6946801280188839,0.22116575543216951,43.16762148530151,-6.690447922398146,118.67273754077341,69.23076923076923
validation,Beethoven/Piano_Sonatas/4-1/midi_score.mid,articulation,mixed,cnn,189,1,9,751,562,552,0.9896694748730808,0.9948213281152957,1.4313246737365355,4.212139590643826,-2.6694375347541044,17.086576651488464,50.54347826086956
validation,Beethoven/Piano_Sonatas/4-1/midi_score.mid,articulation,mixed,visible_mean,189,1,9,751,562,552,1.0331888306552193,1.0164589665378625,1.3941097838897043,0.0,0.0,0.0,0.0
validation,Beethoven/Piano_Sonatas/4-1/midi_score.mid,articulation,mixed,linear_interpolation,189,1,9,751,562,552,1.2577547644234983,1.1214966626894163,1.4400473588808897,-21.735226621242674,-3.2951189011108717,22.33399394897913,50.36231884057971
validation,Beethoven/Piano_Sonatas/4-1/midi_score.mid,articulation,small,cnn,149,1,9,450,301,293,0.3529105174255442,0.5940627217942094,0.3894468596581517,11.95302132691195,-6.8241478453533455,35.439432987158796,55.63139931740614
validation,Beethoven/Piano_Sonatas/4-1/midi_score.mid,articulation,small,visible_mean,149,1,9,450,301,293,0.40082070133930997,0.6331040209470399,0.3645681875430864,0.0,0.0,0.0,0.0
validation,Beethoven/Piano_Sonatas/4-1/midi_score.mid,articulation,small,linear_interpolation,149,1,9,450,301,293,0.31152732828231167,0.5581463323200392,0.3803270272679972,22.277635051940116,-4.322604183078482,20.814199166987198,51.19453924914676
validation,Beethoven/Piano_Sonatas/4-1/midi_score.mid,dynamics,abrupt,cnn,188,1,9,740,552,545,2.109960711842434,1.4525703810288966,2.978014463236935,7.076313774616261,-0.9605378247855123,11.043284441983037,51.74311926605505
validation,Beethoven/Piano_Sonatas/4-1/midi_score.mid,dynamics,abrupt,visible_mean,188,1,9,740,552,545,2.270638195222674,1.506863694971338,2.9496816552277134,0.0,0.0,0.0,0.0
validation,Beethoven/Piano_Sonatas/4-1/midi_score.mid,dynamics,abrupt,linear_interpolation,188,1,9,740,552,545,2.6715582339591304,1.6344902061374154,3.0129005817592205,-17.656711649613534,-2.143245743806421,24.658805077293415,49.357798165137616
validation,Beethoven/Piano_Sonatas/4-1/midi_score.mid,dynamics,gradual,cnn,34,1,9,67,33,32,0.575781889829431,0.7588029321434064,0.5118544744164523,57.4515715020383,5.215370316716528,16.99308913636871,56.25
validation,Beethoven/Piano_Sonatas/4-1/midi_score.mid,dynamics,gradual,visible_mean,34,1,9,67,33,32,1.353238909533437,1.1632879736047463,0.5400184356121661,0.0,0.0,0.0,0.0
validation,Beethoven/Piano_Sonatas/4-1/midi_score.mid,dynamics,gradual,linear_interpolation,34,1,9,67,33,32,0.5047540663688286,0.7104604608061089,0.34639538697391586,62.70029905193495,35.85489603123618,84.77355792803684,75.0
validation,Beethoven/Piano_Sonatas/4-1/midi_score.mid,dynamics,mixed,cnn,286,1,9,1161,875,855,0.8339032270174137,0.9131830194530632,0.9358095776321521,21.284553833673048,-4.635337388101823,19.43496078669883,50.760233918128655
validation,Beethoven/Piano_Sonatas/4-1/midi_score.mid,dynamics,mixed,visible_mean,286,1,9,1161,875,855,1.0593895704476646,1.029266520609538,0.8943532854117444,0.0,0.0,0.0,0.0
validation,Beethoven/Piano_Sonatas/4-1/midi_score.mid,dynamics,mixed,linear_interpolation,286,1,9,1161,875,855,0.9017269940046152,0.9495930675845392,0.8598455298041294,14.882398396316676,3.858403180319092,26.66459596969802,54.03508771929825
validation,Beethoven/Piano_Sonatas/4-1/midi_score.mid,dynamics,small,cnn,137,1,9,381,244,237,0.3829162647720914,0.6188022824554636,0.325679145452011,21.64714080801019,-19.496530844232417,36.096845312621596,45.14767932489451
validation,Beethoven/Piano_Sonatas/4-1/midi_score.mid,dynamics,small,visible_mean,137,1,9,381,244,237,0.48870745588724834,0.6990761445559763,0.2725427618284118,0.0,0.0,0.0,0.0
validation,Beethoven/Piano_Sonatas/4-1/midi_score.mid,dynamics,small,linear_interpolation,137,1,9,381,244,237,0.23870377378659688,0.4885732020757963,0.28032011615823604,51.15610148545202,-2.8536271804278313,23.81213536618788,53.164556962025316
validation,Beethoven/Piano_Sonatas/4-1/midi_score.mid,pedal_changes,abrupt,cnn,72,1,9,288,216,173,2.764722736451885,1.6627455417026038,5.629844551704456,-1.3652400372597073,-0.3173630990192189,7.921448464448836,57.225433526011564
validation,Beethoven/Piano_Sonatas/4-1/midi_score.mid,pedal_changes,abrupt,visible_mean,72,1,9,288,216,173,2.7274860054942223,1.651510219615435,5.612034026599626,0.0,0.0,0.0,0.0
validation,Beethoven/Piano_Sonatas/4-1/midi_score.mid,pedal_changes,abrupt,linear_interpolation,72,1,9,288,216,173,4.071647750136336,2.0178324385677655,6.063057832012486,-49.28207667920006,-8.03672613663997,16.537392741068853,24.277456647398843
validation,Beethoven/Piano_Sonatas/4-1/midi_score.mid,pedal_changes,gradual,cnn,101,1,9,295,194,20,0.4202526726444473,0.6482689817077841,0.33423592282462966,-1.3517453752726505,-19.055710593527376,39.568605441331755,55.0
validation,Beethoven/Piano_Sonatas/4-1/midi_score.mid,pedal_changes,gradual,visible_mean,101,1,9,295,194,20,0.4146476916489084,0.6439314339655337,0.2807390936212688,0.0,0.0,0.0,0.0
validation,Beethoven/Piano_Sonatas/4-1/midi_score.mid,pedal_changes,gradual,linear_interpolation,101,1,9,295,194,20,0.6261911016167793,0.7913223752787351,0.28085471364464015,-51.01762634361642,-0.04118415496749961,66.67034421836492,100.0
validation,Beethoven/Piano_Sonatas/4-1/midi_score.mid,pedal_changes,mixed,cnn,352,1,9,1374,1022,651,1.127473456419715,1.0618255301223998,1.8370415725076117,-0.3804713353104505,-2.0741621500703467,14.054289208517744,49.46236559139785
validation,Beethoven/Piano_Sonatas/4-1/midi_score.mid,pedal_changes,mixed,visible_mean,352,1,9,1374,1022,651,1.1232000023724815,1.059811305078636,1.7997126146446119,0.0,0.0,0.0,0.0
validation,Beethoven/Piano_Sonatas/4-1/midi_score.mid,pedal_changes,mixed,linear_interpolation,352,1,9,1374,1022,651,1.5324110620159832,1.2379059180793923,1.88815372575545,-36.43260850953924,-4.914179652416473,17.582190825950633,25.038402457757297
validation,Beethoven/Piano_Sonatas/4-1/midi_score.mid,pedal_changes,small,cnn,120,1,9,392,272,0,0.07567338518481571,0.2750879589964194,0.032637009294506775,-53.068228963832055,,,
validation,Beethoven/Piano_Sonatas/4-1/midi_score.mid,pedal_changes,small,visible_mean,120,1,9,392,272,0,0.049437682592313986,0.2223458625482246,0.0,0.0,,,
validation,Beethoven/Piano_Sonatas/4-1/midi_score.mid,pedal_changes,small,linear_interpolation,120,1,9,392,272,0,0.0,0.0,0.0,100.0,,,
validation,Beethoven/Piano_Sonatas/4-1/midi_score.mid,pedal_depth,abrupt,cnn,212,1,9,848,636,608,1.4311891526472857,1.1963231806862582,2.5186467867279023,5.8460729838117125,0.3601970532023602,10.070107333657758,51.64473684210526
validation,Beethoven/Piano_Sonatas/4-1/midi_score.mid,pedal_depth,abrupt,visible_mean,212,1,9,848,636,608,1.5200525331261172,1.2329041054056544,2.527751673769092,0.0,0.0,0.0,0.0
validation,Beethoven/Piano_Sonatas/4-1/midi_score.mid,pedal_depth,abrupt,linear_interpolation,212,1,9,848,636,608,2.03201215450555,1.4254866377856896,2.664740298528907,-33.68039000116294,-5.419386175523866,20.329752657915577,50.16447368421053
validation,Beethoven/Piano_Sonatas/4-1/midi_score.mid,pedal_depth,gradual,cnn,39,1,9,81,42,28,0.4229723885812098,0.6503632743176768,0.23318073100289874,6.19216805070828,-15.779903142334707,26.843353260073734,57.142857142857146
validation,Beethoven/Piano_Sonatas/4-1/midi_score.mid,pedal_depth,gradual,visible_mean,39,1,9,81,42,28,0.4508924039624427,0.6714852224453214,0.20140000524636528,0.0,0.0,0.0,0.0
validation,Beethoven/Piano_Sonatas/4-1/midi_score.mid,pedal_depth,gradual,linear_interpolation,39,1,9,81,42,28,0.2644488222809231,0.5142458772619602,0.11104884345237333,41.349905219749395,44.86154887804928,80.42843842563244,82.14285714285714
validation,Beethoven/Piano_Sonatas/4-1/midi_score.mid,pedal_depth,mixed,cnn,297,1,9,1119,822,792,0.4735877076873546,0.6881770903534602,0.521703074919926,6.781069868076218,-2.857081360602942,21.230962789968157,50.25252525252525
validation,Beethoven/Piano_Sonatas/4-1/midi_score.mid,pedal_depth,mixed,visible_mean,297,1,9,1119,822,792,0.5080381281110301,0.7127679342612363,0.5072116260920392,0.0,0.0,0.0,0.0
validation,Beethoven/Piano_Sonatas/4-1/midi_score.mid,pedal_depth,mixed,linear_interpolation,297,1,9,1119,822,792,0.47118831261038646,0.6864315789722866,0.5113216118859683,7.253356286005019,-0.810309855394209,24.788034486230764,48.10606060606061
validation,Beethoven/Piano_Sonatas/4-1/midi_score.mid,pedal_depth,small,cnn,97,1,9,301,204,147,0.195856988794662,0.44255732825777727,0.06659275123352643,18.37715087780163,-40.32581824904866,58.91767260771522,46.25850340136054
validation,Beethoven/Piano_Sonatas/4-1/midi_score.mid,pedal_depth,small,visible_mean,97,1,9,301,204,147,0.2399536292851559,0.48985061935773433,0.04745580825001025,0.0,0.0,0.0,0.0
validation,Beethoven/Piano_Sonatas/4-1/midi_score.mid,pedal_depth,small,linear_interpolation,97,1,9,301,204,147,0.046831691949139345,0.21640631217489786,0.04874634577502799,80.48302412067893,-2.719451153837338,27.763598050237707,50.34013605442177
validation,Beethoven/Piano_Sonatas/4-1/midi_score.mid,pedal_down_ratio,abrupt,cnn,239,1,9,942,703,603,1.667908858218487,1.2914754578459813,2.834495371983974,4.946048932896218,0.7650308525100846,9.962178202594027,52.40464344941957
validation,Beethoven/Piano_Sonatas/4-1/midi_score.mid,pedal_down_ratio,abrupt,visible_mean,239,1,9,942,703,603,1.754697032047641,1.3246497771288988,2.8563473101615515,0.0,0.0,0.0,0.0
validation,Beethoven/Piano_Sonatas/4-1/midi_score.mid,pedal_down_ratio,abrupt,linear_interpolation,239,1,9,942,703,603,2.2934896982960433,1.5144271848775177,3.009713247367432,-30.705737595034233,-5.369302838638568,20.88330928054923,44.776119402985074
validation,Beethoven/Piano_Sonatas/4-1/midi_score.mid,pedal_down_ratio,gradual,cnn,49,1,9,105,56,20,0.32266952210296296,0.5680400708602897,0.21902110640835787,-4.802957944646846,-11.820010359909784,41.99918435783429,60.0
validation,Beethoven/Piano_Sonatas/4-1/midi_score.mid,pedal_down_ratio,gradual,visible_mean,49,1,9,105,56,20,0.30788207549770247,0.5548712242473045,0.19586933117194766,0.0,0.0,0.0,0.0
validation,Beethoven/Piano_Sonatas/4-1/midi_score.mid,pedal_down_ratio,gradual,linear_interpolation,49,1,9,105,56,20,0.33880759323434634,0.5820718110631594,0.12352800935443296,-10.04459830493596,36.93346037619768,77.94563084371481,90.0
validation,Beethoven/Piano_Sonatas/4-1/midi_score.mid,pedal_down_ratio,mixed,cnn,226,1,9,889,663,617,0.41550695986365965,0.6445982934073434,0.5335384242398251,9.186657457169623,-4.657062224700703,21.30721124838869,47.00162074554295
validation,Beethoven/Piano_Sonatas/4-1/midi_score.mid,pedal_down_ratio,mixed,visible_mean,226,1,9,889,663,617,0.45753955115978,0.6764166993501712,0.5097968669274396,0.0,0.0,0.0,0.0
validation,Beethoven/Piano_Sonatas/4-1/midi_score.mid,pedal_down_ratio,mixed,linear_interpolation,226,1,9,889,663,617,0.44013907417407677,0.663429780891751,0.5226484868494323,3.8030541712943067,-2.5209295615035376,19.647533080257475,44.08427876823339
validation,Beethoven/Piano_Sonatas/4-1/midi_score.mid,pedal_down_ratio,small,cnn,131,1,9,413,282,51,0.07915875133605393,0.2813516506723462,0.02628617612762962,-2.585339751217597,-284.3037784136424,173.67818958129985,52.94117647058823
validation,Beethoven/Piano_Sonatas/4-1/midi_score.mid,pedal_down_ratio,small,visible_mean,131,1,9,413,282,51,0.07716380481657896,0.27778373749479823,0.006839947355223944,0.0,0.0,0.0,0.0
validation,Beethoven/Piano_Sonatas/4-1/midi_score.mid,pedal_down_ratio,small,linear_interpolation,131,1,9,413,282,51,0.00771872014979562,0.08785624707324813,0.0073717139940238045,89.99696792020133,-7.774425901008275,23.000495390129316,31.372549019607842
validation,Beethoven/Piano_Sonatas/4-1/midi_score.mid,rubato,abrupt,cnn,149,1,9,608,459,421,5.138938389278102,2.2669226694526,8.698813346896571,9.657433738709532,2.171166509919409,10.696101931526897,53.681710213776725
validation,Beethoven/Piano_Sonatas/4-1/midi_score.mid,rubato,abrupt,visible_mean,149,1,9,608,459,421,5.688280289066803,2.385011590971164,8.891870664877745,0.0,0.0,0.0,0.0
validation,Beethoven/Piano_Sonatas/4-1/midi_score.mid,rubato,abrupt,linear_interpolation,149,1,9,608,459,421,6.447889771964142,2.5392695351151957,8.992926642258011,-13.353939051796582,-1.1364985073324396,18.74698555000336,45.36817102137767
validation,Beethoven/Piano_Sonatas/4-1/midi_score.mid,rubato,gradual,cnn,28,1,9,59,31,24,0.7053004652307874,0.8398216865685164,0.5045988899301171,17.759667728045326,13.792623671972981,36.73989836268463,66.66666666666667
validation,Beethoven/Piano_Sonatas/4-1/midi_score.mid,rubato,gradual,visible_mean,28,1,9,59,31,24,0.857608968429845,0.926071794425165,0.5853314547122648,0.0,0.0,0.0,0.0
validation,Beethoven/Piano_Sonatas/4-1/midi_score.mid,rubato,gradual,linear_interpolation,28,1,9,59,31,24,0.4784196807053127,0.6916788855424985,0.3871230949231275,44.2147064318569,33.862584727583425,58.916709596699114,83.33333333333333
validation,Beethoven/Piano_Sonatas/4-1/midi_score.mid,rubato,mixed,cnn,297,1,9,1187,890,839,1.008155266094497,1.0040693532293956,1.3654483763530303,10.284455777928125,-8.914337577148878,25.162372843762633,49.106078665077476
validation,Beethoven/Piano_Sonatas/4-1/midi_score.mid,rubato,mixed,visible_mean,297,1,9,1187,890,839,1.1237241827336204,1.0600585751427232,1.2536901997735812,0.0,0.0,0.0,0.0
validation,Beethoven/Piano_Sonatas/4-1/midi_score.mid,rubato,mixed,linear_interpolation,297,1,9,1187,890,839,1.2236794357525091,1.1062004500778821,1.2903357535346496,-8.894998839994095,-2.92301509317745,23.394549781961235,50.29797377830751
validation,Beethoven/Piano_Sonatas/4-1/midi_score.mid,rubato,small,cnn,171,1,9,495,324,284,0.4722321314418871,0.6871914809148081,0.4660144692239541,20.809250745132356,-30.53098819455531,49.25166128695326,47.183098591549296
validation,Beethoven/Piano_Sonatas/4-1/midi_score.mid,rubato,small,visible_mean,171,1,9,495,324,284,0.5963223430580943,0.7722191030129301,0.35701443440339514,0.0,0.0,0.0,0.0
validation,Beethoven/Piano_Sonatas/4-1/midi_score.mid,rubato,small,linear_interpolation,171,1,9,495,324,284,0.333428530453037,0.5774327064282356,0.3674628946596909,44.08585652800971,-2.92662123696934,20.053025679999127,47.53521126760563
validation,Beethoven/Piano_Sonatas/4-1/midi_score.mid,tempo,abrupt,cnn,137,1,9,555,418,387,2.802733824448855,1.6741367400689988,4.831757714110513,11.563485282213326,2.238662979193262,11.776525742062818,56.84754521963824
validation,Beethoven/Piano_Sonatas/4-1/midi_score.mid,tempo,abrupt,visible_mean,137,1,9,555,418,387,3.1692042968820875,1.780225911754485,4.942401425097286,0.0,0.0,0.0,0.0
validation,Beethoven/Piano_Sonatas/4-1/midi_score.mid,tempo,abrupt,linear_interpolation,137,1,9,555,418,387,3.6524986992102155,1.9111511450458898,5.044541782716723,-15.24970803566057,-2.0666139561382746,19.412105396616422,44.44444444444444
validation,Beethoven/Piano_Sonatas/4-1/midi_score.mid,tempo,gradual,cnn,31,1,9,79,48,34,0.7600424955364027,0.8718041612291161,0.6222208566184381,35.843081327741785,-5.791008641462203,30.48837504085677,50.0
validation,Beethoven/Piano_Sonatas/4-1/midi_score.mid,tempo,gradual,visible_mean,31,1,9,79,48,34,1.184661781247685,1.088421692749499,0.5881604350018209,0.0,0.0,0.0,0.0
validation,Beethoven/Piano_Sonatas/4-1/midi_score.mid,tempo,gradual,linear_interpolation,31,1,9,79,48,34,0.267400259717448,0.5171075900791324,0.35452423235645747,77.42813485247896,39.72320964510986,43.65324017814204,82.3529411764706
validation,Beethoven/Piano_Sonatas/4-1/midi_score.mid,tempo,mixed,cnn,296,1,9,1193,897,851,0.6074730091612452,0.7794055485825369,0.8679202788664594,1.5684557129226118,-8.03067277545515,25.925019558697294,49.23619271445359
validation,Beethoven/Piano_Sonatas/4-1/midi_score.mid,tempo,mixed,visible_mean,296,1,9,1193,897,851,0.6171527771519455,0.7855907186009427,0.803401715983438,0.0,0.0,0.0,0.0
validation,Beethoven/Piano_Sonatas/4-1/midi_score.mid,tempo,mixed,linear_interpolation,296,1,9,1193,897,851,0.7513417957785646,0.8667997437577867,0.8228478322599054,-21.743241478370813,-2.420472335270474,21.390061378501677,50.411280846063455
validation,Beethoven/Piano_Sonatas/4-1/midi_score.mid,tempo,small,cnn,181,1,9,522,341,290,0.3286699404592537,0.5732974275707625,0.25173780344651364,17.13811469975679,-36.862200825029625,56.891500757464776,46.55172413793103
validation,Beethoven/Piano_Sonatas/4-1/midi_score.mid,tempo,small,visible_mean,181,1,9,522,341,290,0.3966479151039652,0.6297999008446772,0.18393522969015075,0.0,0.0,0.0,0.0
validation,Beethoven/Piano_Sonatas/4-1/midi_score.mid,tempo,small,linear_interpolation,181,1,9,522,341,290,0.21101072552638067,0.4593590377105698,0.1873946963914608,46.8015039304889,-1.8808070140438726,25.292970911788004,51.724137931034484
validation,Chopin/Etudes_op_10/12/midi_score.mid,articulation,abrupt,cnn,113,1,13,451,338,337,2.7984658191676837,1.6728615660501271,5.470222497377055,-0.8102687004851727,-0.38431863339807304,7.198199570742979,50.445103857566764
validation,Chopin/Etudes_op_10/12/midi_score.mid,articulation,abrupt,visible_mean,113,1,13,451,338,337,2.7759729789850422,1.6661251390531993,5.449279899337884,0.0,0.0,0.0,0.0
validation,Chopin/Etudes_op_10/12/midi_score.mid,articulation,abrupt,linear_interpolation,113,1,13,451,338,337,4.242273513179907,2.059678012015448,5.761718612224721,-52.8211385807861,-5.733577989355987,16.713226425827514,44.80712166172107
validation,Chopin/Etudes_op_10/12/midi_score.mid,articulation,gradual,cnn,23,1,11,45,22,21,0.8619600000892857,0.9284180093520837,0.6753628457739762,11.000030170301189,-0.25369238024717244,17.384400620595493,47.61904761904762
validation,Chopin/Etudes_op_10/12/midi_score.mid,articulation,gradual,visible_mean,23,1,11,45,22,21,0.9684947104348954,0.9841212884776426,0.673653837319454,0.0,0.0,0.0,0.0
validation,Chopin/Etudes_op_10/12/midi_score.mid,articulation,gradual,linear_interpolation,23,1,11,45,22,21,0.3206511869753941,0.5662607058373326,0.358390900040505,66.89179780533773,46.7989521938176,53.490702595033234,85.71428571428571
validation,Chopin/Etudes_op_10/12/midi_score.mid,articulation,mixed,cnn,202,1,13,807,605,601,0.9803560194107942,0.9901292942897882,1.5967591252345372,-0.23632464867822112,-3.601117354285832,15.505613905281654,45.75707154742096
validation,Chopin/Etudes_op_10/12/midi_score.mid,articulation,mixed,visible_mean,202,1,13,807,605,601,0.9780446588069526,0.9889614041037964,1.5412566640319942,0.0,0.0,0.0,0.0
validation,Chopin/Etudes_op_10/12/midi_score.mid,articulation,mixed,linear_interpolation,202,1,13,807,605,601,1.3163149293733367,1.1473076873155417,1.5385552504369902,-34.58638289370304,0.17527344134474765,22.78392232330499,53.74376039933444
validation,Chopin/Etudes_op_10/12/midi_score.mid,articulation,small,cnn,94,1,13,262,168,163,0.3474430803396415,0.5894430255246401,0.3909370817572055,-3.0668439400501457,-3.583250132397864,28.80636669792329,56.441717791411044
validation,Chopin/Etudes_op_10/12/midi_score.mid,articulation,small,visible_mean,94,1,13,262,168,163,0.3371046080946606,0.5806071030349703,0.37741341506229836,0.0,0.0,0.0,0.0
validation,Chopin/Etudes_op_10/12/midi_score.mid,articulation,small,linear_interpolation,94,1,13,262,168,163,0.3103687498844777,0.5571074850372033,0.38767319721861115,7.9310272147556375,-2.7184466017508235,20.017107537902245,49.693251533742334
validation,Chopin/Etudes_op_10/12/midi_score.mid,dynamics,abrupt,cnn,113,1,13,473,360,359,1.8922089355505716,1.3755758559783504,2.7148353548962874,2.717417119641674,1.0158927349163016,9.942576337417938,53.48189415041783
validation,Chopin/Etudes_op_10/12/midi_score.mid,dynamics,abrupt,visible_mean,113,1,13,473,360,359,1.9450644499002243,1.394655674315429,2.7426982269242894,0.0,0.0,0.0,0.0
validation,Chopin/Etudes_op_10/12/midi_score.mid,dynamics,abrupt,linear_interpolation,113,1,13,473,360,359,2.514069769647639,1.5855818394670265,2.779077623954755,-29.253802863787005,-1.32640903302228,19.66089465275669,50.69637883008357
validation,Chopin/Etudes_op_10/12/midi_score.mid,dynamics,gradual,cnn,30,1,13,56,26,26,0.4901760094229082,0.7001257097285517,0.38426843090458745,35.24019173437356,9.717781031686313,27.03202040282283,61.53846153846154
validation,Chopin/Etudes_op_10/12/midi_score.mid,dynamics,gradual,visible_mean,30,1,13,56,26,26,0.7569139294118115,0.870008005372256,0.42563024623869067,0.0,0.0,0.0,0.0
validation,Chopin/Etudes_op_10/12/midi_score.mid,dynamics,gradual,linear_interpolation,30,1,13,56,26,26,0.1895072852217118,0.43532434485302085,0.17772257217875342,74.96316584251849,58.24484426346718,80.67071293497949,80.76923076923077
validation,Chopin/Etudes_op_10/12/midi_score.mid,dynamics,mixed,cnn,197,1,13,792,595,589,0.9002457951944212,0.9488128346488686,0.9280003388041607,14.15642937644387,-1.1094144753833524,17.188300294841483,50.59422750424448
validation,Chopin/Etudes_op_10/12/midi_score.mid,dynamics,mixed,visible_mean,197,1,13,792,595,589,1.0487049742399541,1.024062973766728,0.9178179337890406,0.0,0.0,0.0,0.0
validation,Chopin/Etudes_op_10/12/midi_score.mid,dynamics,mixed,linear_interpolation,197,1,13,792,595,589,0.9255997473704998,0.9620809463711979,0.9043338966338345,11.738785444273736,1.469140736827823,25.020343783147624,56.7062818336163
validation,Chopin/Etudes_op_10/12/midi_score.mid,dynamics,small,cnn,92,1,13,244,152,149,0.35484615091111754,0.595689643112181,0.30051309585941227,31.418899057122218,-0.2622635974321996,27.061980555865574,54.36241610738255
validation,Chopin/Etudes_op_10/12/midi_score.mid,dynamics,small,visible_mean,92,1,13,244,152,149,0.5174109864562748,0.7193128571465095,0.29972702099168314,0.0,0.0,0.0,0.0
validation,Chopin/Etudes_op_10/12/midi_score.mid,dynamics,small,linear_interpolation,92,1,13,244,152,149,0.268337218351443,0.5180127588693574,0.3108406488317523,48.13847688289867,-3.707916557972779,21.082190207284075,52.348993288590606
validation,Chopin/Etudes_op_10/12/midi_score.mid,pedal_changes,abrupt,cnn,55,1,13,235,180,124,2.2803503443391313,1.5100828932012744,4.026639997125357,1.9130776905257996,3.6961057945290587,9.213107592960096,62.096774193548384
validation,Chopin/Etudes_op_10/12/midi_score.mid,pedal_changes,abrupt,visible_mean,55,1,13,235,180,124,2.3248260732907844,1.5247380343163164,4.181180865370039,0.0,0.0,0.0,0.0
validation,Chopin/Etudes_op_10/12/midi_score.mid,pedal_changes,abrupt,linear_interpolation,55,1,13,235,180,124,3.8556607174009803,1.9635836415597325,4.429115388817918,-65.84727613379285,-5.92977274677009,19.91980915898461,35.483870967741936
validation,Chopin/Etudes_op_10/12/midi_score.mid,pedal_changes,gradual,cnn,62,1,13,142,80,9,0.3876212716416423,0.6225923800060857,0.2479027272608963,-3.8925256819532406,-27.144377360119677,47.31257118627038,55.55555555555556
validation,Chopin/Etudes_op_10/12/midi_score.mid,pedal_changes,gradual,visible_mean,62,1,13,142,80,9,0.37309832357745293,0.6108177498873563,0.19497734182829377,0.0,0.0,0.0,0.0
validation,Chopin/Etudes_op_10/12/midi_score.mid,pedal_changes,gradual,linear_interpolation,62,1,13,142,80,9,0.5493699866267693,0.7411949720733197,0.1875223733600832,-47.24536453531489,3.8235050279717964,92.40283662189319,100.0
validation,Chopin/Etudes_op_10/12/midi_score.mid,pedal_changes,mixed,cnn,267,1,13,1059,792,507,0.8773138038372575,0.93665031032785,1.4864870571127866,3.0723307525591825,1.3378116790131678,14.952477024125935,52.662721893491124
validation,Chopin/Etudes_op_10/12/midi_score.mid,pedal_changes,mixed,visible_mean,267,1,13,1059,792,507,0.9051221499999302,0.9513790779704641,1.5066431045261846,0.0,0.0,0.0,0.0
validation,Chopin/Etudes_op_10/12/midi_score.mid,pedal_changes,mixed,linear_interpolation,267,1,13,1059,792,507,1.181905939461401,1.0871549749053264,1.5784950282803054,-30.579716722377448,-4.769007573078632,18.239690858270805,25.838264299802763
validation,Chopin/Etudes_op_10/12/midi_score.mid,pedal_changes,small,cnn,48,1,13,129,81,0,0.07842455899422356,0.2800438519129166,0.03442434028201906,4.535493868184027,,,
validation,Chopin/Etudes_op_10/12/midi_score.mid,pedal_changes,small,visible_mean,48,1,13,129,81,0,0.08215048940381683,0.2866190667136728,0.0,0.0,,,
validation,Chopin/Etudes_op_10/12/midi_score.mid,pedal_changes,small,linear_interpolation,48,1,13,129,81,0,0.0,0.0,0.0,100.0,,,
validation,Chopin/Etudes_op_10/12/midi_score.mid,pedal_depth,abrupt,cnn,87,1,13,366,279,277,1.5384802518379583,1.240354889472347,2.165980033074007,3.345248133366474,-1.2721143273544566,10.360284824790632,47.292418772563174
validation,Chopin/Etudes_op_10/12/midi_score.mid,pedal_depth,abrupt,visible_mean,87,1,13,366,279,277,1.5917274858465202,1.26163682803195,2.1387724029071222,0.0,0.0,0.0,0.0
validation,Chopin/Etudes_op_10/12/midi_score.mid,pedal_depth,abrupt,linear_interpolation,87,1,13,366,279,277,1.9079032695907412,1.381268717372091,2.169551668637271,-19.863688134785896,-1.4391089808486468,24.434138616870687,49.81949458483754
validation,Chopin/Etudes_op_10/12/midi_score.mid,pedal_depth,gradual,cnn,40,1,12,83,43,43,0.613755660962366,0.7834255937626534,0.34711086613485415,15.312243453496944,-7.834213638063359,29.110656051348204,51.16279069767442
validation,Chopin/Etudes_op_10/12/midi_score.mid,pedal_depth,gradual,visible_mean,40,1,12,83,43,43,0.7247277363231903,0.8513094245473795,0.32189307495662106,0.0,0.0,0.0,0.0
validation,Chopin/Etudes_op_10/12/midi_score.mid,pedal_depth,gradual,linear_interpolation,40,1,12,83,43,43,0.23993514596816876,0.4898317527153265,0.13070734078251575,66.89306425811053,59.394174354285155,79.66894852364412,83.72093023255815
validation,Chopin/Etudes_op_10/12/midi_score.mid,pedal_depth,mixed,cnn,217,1,13,853,636,626,0.47483728922237045,0.6890843846891108,0.437229247715056,11.534021961874984,-1.1862693930687174,21.33703137165737,55.59105431309904
validation,Chopin/Etudes_op_10/12/midi_score.mid,pedal_depth,mixed,visible_mean,217,1,13,853,636,626,0.5367456504213813,0.7326292721570585,0.4321033380691139,0.0,0.0,0.0,0.0
validation,Chopin/Etudes_op_10/12/midi_score.mid,pedal_depth,mixed,linear_interpolation,217,1,13,853,636,626,0.4315491469943769,0.6569240039718269,0.42624104043189404,19.59894846738266,1.3566888104627806,25.236371368679904,52.3961661341853
validation,Chopin/Etudes_op_10/12/midi_score.mid,pedal_depth,small,cnn,88,1,13,263,175,161,0.13537423236972318,0.3679323747235668,0.0655963938395422,41.81333396663066,-29.366302898641305,62.450146067754034,49.06832298136646
validation,Chopin/Etudes_op_10/12/midi_score.mid,pedal_depth,small,visible_mean,88,1,13,263,175,161,0.23265507649482395,0.4823433180783413,0.050705935293626714,0.0,0.0,0.0,0.0
validation,Chopin/Etudes_op_10/12/midi_score.mid,pedal_depth,small,linear_interpolation,88,1,13,263,175,161,0.04574480820830021,0.2138803595665114,0.052153862222299084,80.33792819074037,-2.8555373651777627,20.734140213861533,52.17391304347826
validation,Chopin/Etudes_op_10/12/midi_score.mid,pedal_down_ratio,abrupt,cnn,101,1,13,414,313,293,2.062495652535309,1.4361391480407841,2.490154220971468,2.035534412578399,-1.342463301643293,10.391604834245946,45.051194539249146
validation,Chopin/Etudes_op_10/12/midi_score.mid,pedal_down_ratio,abrupt,visible_mean,101,1,13,414,313,293,2.105350792420521,1.4509826988701557,2.4571676470499706,0.0,0.0,0.0,0.0
validation,Chopin/Etudes_op_10/12/midi_score.mid,pedal_down_ratio,abrupt,linear_interpolation,101,1,13,414,313,293,2.3044196732408393,1.518031512598088,2.4763958548728993,-9.455378245610513,-0.7825354466966861,26.369128461294395,50.170648464163826
validation,Chopin/Etudes_op_10/12/midi_score.mid,pedal_down_ratio,gradual,cnn,28,1,13,61,33,27,0.5173413954735337,0.7192644822827926,0.3852508501026644,10.259824997376999,0.7204079853162182,22.152519794999947,55.55555555555556
validation,Chopin/Etudes_op_10/12/midi_score.mid,pedal_down_ratio,gradual,visible_mean,28,1,13,61,33,27,0.5764880617386945,0.7592681092596307,0.3880463671181128,0.0,0.0,0.0,0.0
validation,Chopin/Etudes_op_10/12/midi_score.mid,pedal_down_ratio,gradual,linear_interpolation,28,1,13,61,33,27,0.2934384268135406,0.5416995724694091,0.21877562185302013,49.09895862742986,43.62126787121044,66.73408672062064,81.48148148148148
validation,Chopin/Etudes_op_10/12/midi_score.mid,pedal_down_ratio,mixed,cnn,206,1,13,823,617,590,0.3828218494284958,0.6187259889712858,0.34137551932280547,16.430680073021676,-3.682925042859231,25.456387322818806,52.20338983050848
validation,Chopin/Etudes_op_10/12/midi_score.mid,pedal_down_ratio,mixed,visible_mean,206,1,13,823,617,590,0.45808898500430545,0.6768227131267873,0.3292495067839682,0.0,0.0,0.0,0.0
validation,Chopin/Etudes_op_10/12/midi_score.mid,pedal_down_ratio,mixed,linear_interpolation,206,1,13,823,617,590,0.3158128069290592,0.5619722474722922,0.32557306564324834,31.05863330765507,1.1166124975039327,26.85181915778547,50.847457627118644
validation,Chopin/Etudes_op_10/12/midi_score.mid,pedal_down_ratio,small,cnn,97,1,13,267,170,135,0.06580150687602222,0.2565180439579684,0.039646033744244184,38.04323760716822,-72.11200735208125,86.83054712343151,52.592592592592595
validation,Chopin/Etudes_op_10/12/midi_score.mid,pedal_down_ratio,small,visible_mean,97,1,13,267,170,135,0.10620552839545287,0.32589189679317415,0.023035019086810254,0.0,0.0,0.0,0.0
validation,Chopin/Etudes_op_10/12/midi_score.mid,pedal_down_ratio,small,linear_interpolation,97,1,13,267,170,135,0.019894214542652895,0.14104685229615332,0.024125024194200873,81.2681930562245,-4.73194792364966,24.40156960000892,40.0
validation,Chopin/Etudes_op_10/12/midi_score.mid,rubato,abrupt,cnn,147,1,13,550,403,400,4.0142252905018925,2.0035531663776465,7.006820775562097,1.8293151682342579,1.3611139389266835,11.235446443601841,50.0
validation,Chopin/Etudes_op_10/12/midi_score.mid,rubato,abrupt,visible_mean,147,1,13,550,403,400,4.089026471987066,2.022134137980729,7.103507607764091,0.0,0.0,0.0,0.0
validation,Chopin/Etudes_op_10/12/midi_score.mid,rubato,abrupt,linear_interpolation,147,1,13,550,403,400,5.7808503470459796,2.4043398984016338,7.384182156817789,-41.37473520040016,-3.9512106490450227,19.148019626243887,48.75
validation,Chopin/Etudes_op_10/12/midi_score.mid,rubato,gradual,cnn,19,1,10,37,18,18,0.7676842627626608,0.8761759313988605,0.7147326570018945,31.03202774444097,-3.176250635202127,47.689924685936866,44.44444444444444
validation,Chopin/Etudes_op_10/12/midi_score.mid,rubato,gradual,visible_mean,19,1,10,37,18,18,1.113102557108721,1.0550367562832685,0.6927298216417633,0.0,0.0,0.0,0.0
validation,Chopin/Etudes_op_10/12/midi_score.mid,rubato,gradual,linear_interpolation,19,1,10,37,18,18,0.7135214304637444,0.8447019773054544,0.36224066194783255,35.89796143159412,47.70823333557006,91.51915626278473,77.77777777777777
validation,Chopin/Etudes_op_10/12/midi_score.mid,rubato,mixed,cnn,201,1,13,811,610,609,0.9868291366707338,0.9933927403956271,1.3434528466144502,9.13129226565812,1.6415543436159363,23.88165828247615,52.87356321839081
validation,Chopin/Etudes_op_10/12/midi_score.mid,rubato,mixed,visible_mean,201,1,13,811,610,609,1.085994465284756,1.0421105820807866,1.3658744174423134,0.0,0.0,0.0,0.0
validation,Chopin/Etudes_op_10/12/midi_score.mid,rubato,mixed,linear_interpolation,201,1,13,811,610,609,1.5689839316740903,1.252590887590234,1.387695492504382,-44.47439483613675,-1.597590143238059,22.703334287129675,51.724137931034484
validation,Chopin/Etudes_op_10/12/midi_score.mid,rubato,small,cnn,65,1,13,167,102,102,0.3224650548206492,0.5678600662316811,0.38518435722623756,19.75758297798095,-6.690662900015831,45.01957978220037,57.84313725490196
validation,Chopin/Etudes_op_10/12/midi_score.mid,rubato,small,visible_mean,65,1,13,167,102,102,0.401863586352543,0.6339271143850396,0.3610291160972629,0.0,0.0,0.0,0.0
validation,Chopin/Etudes_op_10/12/midi_score.mid,rubato,small,linear_interpolation,65,1,13,167,102,102,0.2743681583577301,0.5238016402778156,0.37060867949609433,31.726046430831612,-2.653404662312786,18.9434084499028,50.0
validation,Chopin/Etudes_op_10/12/midi_score.mid,tempo,abrupt,cnn,155,1,13,598,443,443,2.6331303712220904,1.6226923217979712,4.51421166939563,0.7113176500690988,2.4694496475364702,11.388402049609187,54.401805869074494
validation,Chopin/Etudes_op_10/12/midi_score.mid,tempo,abrupt,visible_mean,155,1,13,598,443,443,2.6519944760087983,1.6284945428243836,4.628510403234493,0.0,0.0,0.0,0.0
validation,Chopin/Etudes_op_10/12/midi_score.mid,tempo,abrupt,linear_interpolation,155,1,13,598,443,443,3.8122035864405555,1.9524865137666265,4.787651295996525,-43.74854928724625,-3.438274496495053,18.972286603482384,48.306997742663654
validation,Chopin/Etudes_op_10/12/midi_score.mid,tempo,gradual,cnn,20,1,9,46,26,26,0.2820209771244967,0.5310564726321455,0.28308761515104763,24.96230204581019,-35.56780489105338,56.3814157533821,53.84615384615385
validation,Chopin/Etudes_op_10/12/midi_score.mid,tempo,gradual,visible_mean,20,1,9,46,26,26,0.3758390579847869,0.6130571408806743,0.20881625646925972,0.0,0.0,0.0,0.0
validation,Chopin/Etudes_op_10/12/midi_score.mid,tempo,gradual,linear_interpolation,20,1,9,46,26,26,0.36588229045463866,0.6048820467286483,0.2015180047184188,2.649210431596827,3.4950591846834134,94.88196680213049,69.23076923076923
validation,Chopin/Etudes_op_10/12/midi_score.mid,tempo,mixed,cnn,203,1,13,795,592,584,0.6434029505205906,0.8021240244005852,0.8860049418221582,8.022016785981167,0.7754950256917303,24.06120236612184,54.965753424657535
validation,Chopin/Etudes_op_10/12/midi_score.mid,tempo,mixed,visible_mean,203,1,13,795,592,584,0.69951843695408,0.8363721880562983,0.8929295661908994,0.0,0.0,0.0,0.0
validation,Chopin/Etudes_op_10/12/midi_score.mid,tempo,mixed,linear_interpolation,203,1,13,795,592,584,0.9480579209713442,0.973682659274234,0.9139802704337983,-35.53008339558312,-2.357487649636014,23.48369719936492,53.76712328767123
validation,Chopin/Etudes_op_10/12/midi_score.mid,tempo,small,cnn,54,1,12,126,72,70,0.24712225543350178,0.4971139260104285,0.2302982724717049,16.096157454627047,-48.92473907842805,58.71076982655433,51.42857142857143
validation,Chopin/Etudes_op_10/12/midi_score.mid,tempo,small,visible_mean,54,1,12,126,72,70,0.2945303193949248,0.5427064762787752,0.15464070905668884,0.0,0.0,0.0,0.0
validation,Chopin/Etudes_op_10/12/midi_score.mid,tempo,small,linear_interpolation,54,1,12,126,72,70,0.18906868066539836,0.43482028548056306,0.16855115027982376,35.8067172663867,-8.995329436853261,25.61308429636392,52.857142857142854
validation,Chopin/Etudes_op_25/11/midi_score.mid,articulation,abrupt,cnn,159,1,24,662,503,503,2.603328683538811,1.6134834004534448,5.834440533945859,0.5355454864790721,-0.07535929420678933,8.06842444827204,55.66600397614314
validation,Chopin/Etudes_op_25/11/midi_score.mid,articulation,abrupt,visible_mean,159,1,24,662,503,503,2.617345760625392,1.617821300584645,5.830047051635822,0.0,0.0,0.0,0.0
validation,Chopin/Etudes_op_25/11/midi_score.mid,articulation,abrupt,linear_interpolation,159,1,24,662,503,503,4.243678651492831,2.0600190900797086,6.13555891577713,-62.13672321530961,-5.240298430448953,17.58104177306491,47.31610337972167
validation,Chopin/Etudes_op_25/11/midi_score.mid,articulation,gradual,cnn,34,1,20,80,46,46,0.5888111445864566,0.767340305592282,0.7298587503389801,1.6450654851378865,-17.920408129767274,25.905459979842522,41.30434782608695
validation,Chopin/Etudes_op_25/11/midi_score.mid,articulation,gradual,visible_mean,34,1,20,80,46,46,0.5986594851501661,0.7737308867753478,0.6189418455334688,0.0,0.0,0.0,0.0
validation,Chopin/Etudes_op_25/11/midi_score.mid,articulation,gradual,linear_interpolation,34,1,20,80,46,46,0.4852096452921305,0.6965699141451133,0.4009114854174024,18.950646013664706,35.22630788166295,70.87621705240346,80.43478260869566
validation,Chopin/Etudes_op_25/11/midi_score.mid,articulation,mixed,cnn,386,1,24,1512,1126,1126,0.9665540387994987,0.983134801947067,1.4857366344500735,2.9435047396899727,-1.969443486116762,16.547984682134764,51.68738898756661
validation,Chopin/Etudes_op_25/11/midi_score.mid,articulation,mixed,visible_mean,386,1,24,1512,1126,1126,0.9958674442211786,0.997931582936014,1.457041034702085,0.0,0.0,0.0,0.0
validation,Chopin/Etudes_op_25/11/midi_score.mid,articulation,mixed,linear_interpolation,386,1,24,1512,1126,1126,1.2760335008515418,1.1296165282305062,1.5111737057150825,-28.132866302248495,-3.715246840941977,21.54996656729752,50.97690941385435
validation,Chopin/Etudes_op_25/11/midi_score.mid,articulation,small,cnn,195,1,24,581,386,386,0.37785864865984786,0.6147020812229677,0.38738517084334023,1.0899049551432172,-12.832694963020153,32.74699951910996,49.48186528497409
validation,Chopin/Etudes_op_25/11/midi_score.mid,articulation,small,visible_mean,195,1,24,581,386,386,0.3820223289528586,0.6180795490491969,0.3433270569051834,0.0,0.0,0.0,0.0
validation,Chopin/Etudes_op_25/11/midi_score.mid,articulation,small,linear_interpolation,195,1,24,581,386,386,0.2982939998668356,0.5461629792166763,0.352398956782489,21.91712963886858,-2.642349239550623,21.594599182957104,48.44559585492228
validation,Chopin/Etudes_op_25/11/midi_score.mid,dynamics,abrupt,cnn,141,1,23,555,414,414,1.6436403940510813,1.282045394692045,2.485510812385886,13.039874103114323,-0.21828687960883109,11.060643715595203,50.0
validation,Chopin/Etudes_op_25/11/midi_score.mid,dynamics,abrupt,visible_mean,141,1,23,555,414,414,1.8901081123089145,1.3748120279910685,2.480097085845923,0.0,0.0,0.0,0.0
validation,Chopin/Etudes_op_25/11/midi_score.mid,dynamics,abrupt,linear_interpolation,141,1,23,555,414,414,2.050656641190305,1.4320113970183006,2.508281205260123,-8.494145273270526,-1.136411940284443,19.930369417478968,50.72463768115942
validation,Chopin/Etudes_op_25/11/midi_score.mid,dynamics,gradual,cnn,32,1,17,81,49,49,0.6779583807111768,0.8233822810281849,0.5040406890160455,37.14441447801864,7.568451601684146,21.464694461856222,59.183673469387756
validation,Chopin/Etudes_op_25/11/midi_score.mid,dynamics,gradual,visible_mean,32,1,17,81,49,49,1.0785968742174654,1.0385551859277702,0.5453123936039455,0.0,0.0,0.0,0.0
validation,Chopin/Etudes_op_25/11/midi_score.mid,dynamics,gradual,linear_interpolation,32,1,17,81,49,49,0.24769587334559917,0.4976905397389016,0.2589853964870392,77.0353614713277,52.506966735999484,66.92033856545339,89.79591836734694
validation,Chopin/Etudes_op_25/11/midi_score.mid,dynamics,mixed,cnn,401,1,24,1600,1199,1199,0.7576695763042998,0.8704421728663541,0.8551213921205773,18.995703323035272,-1.5556092259711995,17.966654653297333,49.95829858215179
validation,Chopin/Etudes_op_25/11/midi_score.mid,dynamics,mixed,visible_mean,401,1,24,1600,1199,1199,0.9353449229067364,0.967132319233897,0.8420228076401454,0.0,0.0,0.0,0.0
validation,Chopin/Etudes_op_25/11/midi_score.mid,dynamics,mixed,linear_interpolation,401,1,24,1600,1199,1199,0.7694113038491902,0.8771609338366536,0.8328804734728483,17.740366681189712,1.0857584954164556,26.95283616260955,54.79566305254379
validation,Chopin/Etudes_op_25/11/midi_score.mid,dynamics,small,cnn,200,1,24,599,399,398,0.3198001055596224,0.5655087139555167,0.30495444035699193,35.54948964624995,-3.735048518320805,27.936747286104975,50.50251256281407
validation,Chopin/Etudes_op_25/11/midi_score.mid,dynamics,small,visible_mean,200,1,24,599,399,398,0.49619483818566046,0.7044109867014146,0.29397435554593054,0.0,0.0,0.0,0.0
validation,Chopin/Etudes_op_25/11/midi_score.mid,dynamics,small,linear_interpolation,200,1,24,599,399,398,0.22563462170763662,0.47501012800532644,0.2962442544682201,54.527011499621594,-0.7721418142321301,22.311263682037254,53.768844221105525
validation,Chopin/Etudes_op_25/11/midi_score.mid,pedal_changes,abrupt,cnn,95,1,23,387,292,238,2.2412250893476,1.4970721723910307,5.209444506304361,-4.766628462964628,-1.9471420947494433,7.022888973033268,45.79831932773109
validation,Chopin/Etudes_op_25/11/midi_score.mid,pedal_changes,abrupt,visible_mean,95,1,23,387,292,238,2.1392547629227954,1.462619144864033,5.109946585322338,0.0,0.0,0.0,0.0
validation,Chopin/Etudes_op_25/11/midi_score.mid,pedal_changes,abrupt,linear_interpolation,95,1,23,387,292,238,2.872878423455934,1.6949567615299022,5.276755189818616,-34.29342186111634,-3.2643903749486114,14.032828799990224,34.03361344537815
validation,Chopin/Etudes_op_25/11/midi_score.mid,pedal_changes,gradual,cnn,122,1,24,311,189,13,0.2437113169217072,0.493671264022636,0.12046314362755539,-14.288913887487563,-32.31030952946339,59.88247048359997,46.15384615384615
validation,Chopin/Etudes_op_25/11/midi_score.mid,pedal_changes,gradual,visible_mean,122,1,24,311,189,13,0.213241432289426,0.4617807188367938,0.09104592382555811,0.0,0.0,0.0,0.0
validation,Chopin/Etudes_op_25/11/midi_score.mid,pedal_changes,gradual,linear_interpolation,122,1,24,311,189,13,0.4545289771594658,0.6741876423959918,0.14925889712502322,-113.1522810926104,-63.93803352580596,106.8617999007609,100.0
validation,Chopin/Etudes_op_25/11/midi_score.mid,pedal_changes,mixed,cnn,495,1,24,1948,1453,994,0.9227834843481585,0.960616200336096,1.6452815071154154,-4.47892958366265,0.9032683479741399,14.550229609503265,55.43259557344064
validation,Chopin/Etudes_op_25/11/midi_score.mid,pedal_changes,mixed,visible_mean,495,1,24,1948,1453,994,0.883224481745125,0.9398002350207862,1.6602782752641676,0.0,0.0,0.0,0.0
validation,Chopin/Etudes_op_25/11/midi_score.mid,pedal_changes,mixed,linear_interpolation,495,1,24,1948,1453,994,1.272181263350045,1.1279101308836823,1.7377363866999922,-44.03826995787041,-4.665369208875547,18.499249823604387,31.48893360160966
validation,Chopin/Etudes_op_25/11/midi_score.mid,pedal_changes,small,cnn,62,1,21,189,127,0,0.08775097692524425,0.2962279138184723,0.03339604770294791,0.18442831755624,,,
validation,Chopin/Etudes_op_25/11/midi_score.mid,pedal_changes,small,visible_mean,62,1,21,189,127,0,0.08791311360157093,0.29650145632285,0.0,0.0,,,
validation,Chopin/Etudes_op_25/11/midi_score.mid,pedal_changes,small,linear_interpolation,62,1,21,189,127,0,0.0,0.0,0.0,100.0,,,
validation,Chopin/Etudes_op_25/11/midi_score.mid,pedal_depth,abrupt,cnn,149,1,24,585,436,435,1.6004520595180751,1.2650897436617194,2.386221952208128,1.4863758513369962,1.0496320285112715,9.520993625544028,53.10344827586207
validation,Chopin/Etudes_op_25/11/midi_score.mid,pedal_depth,abrupt,visible_mean,149,1,24,585,436,435,1.6245997173983737,1.2745978649748217,2.4115341874177636,0.0,0.0,0.0,0.0
validation,Chopin/Etudes_op_25/11/midi_score.mid,pedal_depth,abrupt,linear_interpolation,149,1,24,585,436,435,1.9521471870274767,1.39719260913715,2.4421381684812795,-20.161733756400977,-1.269066854751344,22.74750900587428,48.96551724137931
validation,Chopin/Etudes_op_25/11/midi_score.mid,pedal_depth,gradual,cnn,46,1,23,90,44,42,0.45460326340454527,0.6742427332975457,0.1997107436754955,10.017225250013084,-21.719353648887218,45.989408119027345,47.61904761904762
validation,Chopin/Etudes_op_25/11/midi_score.mid,pedal_depth,gradual,visible_mean,46,1,23,90,44,42,0.5052114303739131,0.7107822665021357,0.16407476517792147,0.0,0.0,0.0,0.0
validation,Chopin/Etudes_op_25/11/midi_score.mid,pedal_depth,gradual,linear_interpolation,46,1,23,90,44,42,0.19385972211203104,0.4402950398449102,0.10045544923493921,61.628001573805825,38.77458905639386,87.15974851646571,71.42857142857143
validation,Chopin/Etudes_op_25/11/midi_score.mid,pedal_depth,mixed,cnn,480,1,24,1861,1381,1376,0.3665852815310964,0.6054628655261166,0.46426841818395714,4.17130555256493,-0.8497336448613835,21.487662254832813,51.88953488372093
validation,Chopin/Etudes_op_25/11/midi_score.mid,pedal_depth,mixed,visible_mean,480,1,24,1861,1381,1376,0.38254228928494843,0.6185000317582436,0.4603566131556294,0.0,0.0,0.0,0.0
validation,Chopin/Etudes_op_25/11/midi_score.mid,pedal_depth,mixed,linear_interpolation,480,1,24,1861,1381,1376,0.380597036877928,0.6169254710886299,0.4758557219567526,0.5085065001980582,-3.3667614102207866,22.94177580829019,48.98255813953488
validation,Chopin/Etudes_op_25/11/midi_score.mid,pedal_depth,small,cnn,99,1,24,299,200,191,0.14369439019394917,0.3790704290681999,0.09439222799046433,2.304543375980339,-32.34132923757844,51.53407988104652,48.69109947643979
validation,Chopin/Etudes_op_25/11/midi_score.mid,pedal_depth,small,visible_mean,99,1,24,299,200,191,0.14708400488566845,0.38351532548995804,0.07132482991840887,0.0,0.0,0.0,0.0
validation,Chopin/Etudes_op_25/11/midi_score.mid,pedal_depth,small,linear_interpolation,99,1,24,299,200,191,0.054077892725614016,0.23254653883817325,0.0774575546223219,63.233328622204766,-8.598302598027207,20.78659411982903,46.07329842931937
validation,Chopin/Etudes_op_25/11/midi_score.mid,pedal_down_ratio,abrupt,cnn,125,1,23,502,377,373,2.4158974973840475,1.5543157650181791,3.2219827061985433,7.286815716884498,-0.5732300016048741,8.94521408184575,49.597855227882036
validation,Chopin/Etudes_op_25/11/midi_score.mid,pedal_down_ratio,abrupt,visible_mean,125,1,23,502,377,373,2.605775560471198,1.6142414814615555,3.203618603227846,0.0,0.0,0.0,0.0
validation,Chopin/Etudes_op_25/11/midi_score.mid,pedal_down_ratio,abrupt,linear_interpolation,125,1,23,502,377,373,2.665521785016166,1.6326425772397846,3.1879236808398654,-2.2928384720195982,0.4899123251490334,23.23798928856742,50.134048257372655
validation,Chopin/Etudes_op_25/11/midi_score.mid,pedal_down_ratio,gradual,cnn,34,1,20,70,36,26,0.4865101861156876,0.6975028215825995,0.4310119786464569,13.984108154090947,-7.408610527018067,31.073579173706634,61.53846153846154
validation,Chopin/Etudes_op_25/11/midi_score.mid,pedal_down_ratio,gradual,visible_mean,34,1,20,70,36,26,0.5656050012098156,0.7520671520614469,0.40128251965240547,0.0,0.0,0.0,0.0
validation,Chopin/Etudes_op_25/11/midi_score.mid,pedal_down_ratio,gradual,linear_interpolation,34,1,20,70,36,26,0.3125601372646073,0.5590707801921035,0.19378904972606123,44.73879534373837,51.70757752071458,65.22639107499663,84.61538461538461
validation,Chopin/Etudes_op_25/11/midi_score.mid,pedal_down_ratio,mixed,cnn,533,1,24,2033,1500,1441,0.3001368860465988,0.5478475025466474,0.37639377741620456,1.1701391280106943,-2.1124639880599982,24.638301282603717,53.22692574600971
validation,Chopin/Etudes_op_25/11/midi_score.mid,pedal_down_ratio,mixed,visible_mean,533,1,24,2033,1500,1441,0.30369048726614634,0.5510811984328138,0.36860708547804333,0.0,0.0,0.0,0.0
validation,Chopin/Etudes_op_25/11/midi_score.mid,pedal_down_ratio,mixed,linear_interpolation,533,1,24,2033,1500,1441,0.2747435750909006,0.5241598755064151,0.3824845046531769,9.531715147164766,-3.7648270263541006,20.54413737773884,46.98126301179736
validation,Chopin/Etudes_op_25/11/midi_score.mid,pedal_down_ratio,small,cnn,82,1,23,230,148,117,0.10502364476016048,0.32407351752366387,0.048527803548537425,27.72023619645371,-104.08511242644818,91.31594955892542,52.136752136752136
validation,Chopin/Etudes_op_25/11/midi_score.mid,pedal_down_ratio,small,visible_mean,82,1,23,230,148,117,0.14530158820885308,0.3811844543116273,0.02377821829900833,0.0,0.0,0.0,0.0
validation,Chopin/Etudes_op_25/11/midi_score.mid,pedal_down_ratio,small,linear_interpolation,82,1,23,230,148,117,0.02579848883742237,0.16061907992957242,0.026051402464953775,82.24486796363146,-9.559943210884935,24.99585109090815,38.46153846153846
validation,Chopin/Etudes_op_25/11/midi_score.mid,rubato,abrupt,cnn,207,1,24,830,623,621,3.867272290339224,1.9665381487118994,6.136469445502444,4.954725514197245,3.613830799380613,10.853703495500563,55.072463768115945
validation,Chopin/Etudes_op_25/11/midi_score.mid,rubato,abrupt,visible_mean,207,1,24,830,623,621,4.068873819620451,2.0171449674280852,6.3665456324235885,0.0,0.0,0.0,0.0
validation,Chopin/Etudes_op_25/11/midi_score.mid,rubato,abrupt,linear_interpolation,207,1,24,830,623,621,5.416914744206899,2.327426635622893,6.517913011212123,-33.130565958720126,-2.3775432947130692,19.57785889128934,46.3768115942029
validation,Chopin/Etudes_op_25/11/midi_score.mid,rubato,gradual,cnn,30,1,19,63,33,33,0.3023072249825119,0.5498247220546852,0.34309084556148617,27.24187819692502,-44.61772216067439,59.44462458467843,60.60606060606061
validation,Chopin/Etudes_op_25/11/midi_score.mid,rubato,gradual,visible_mean,30,1,19,63,33,33,0.4154961913402985,0.6445899404585046,0.23723983508764057,0.0,0.0,0.0,0.0
validation,Chopin/Etudes_op_25/11/midi_score.mid,rubato,gradual,linear_interpolation,30,1,19,63,33,33,0.42056475419380673,0.6485096407870948,0.27731296106948394,-1.2198819048516718,-16.891398515363008,127.27796904494342,75.75757575757575
validation,Chopin/Etudes_op_25/11/midi_score.mid,rubato,mixed,cnn,364,1,24,1440,1076,1075,0.9314843630454049,0.9651343756417574,1.3041946450128532,7.710148963521124,-1.0579136280961077,22.695622292053482,51.72093023255814
validation,Chopin/Etudes_op_25/11/midi_score.mid,rubato,mixed,visible_mean,364,1,24,1440,1076,1075,1.00930313851869,1.004640800743574,1.2905418271471827,0.0,0.0,0.0,0.0
validation,Chopin/Etudes_op_25/11/midi_score.mid,rubato,mixed,linear_interpolation,364,1,24,1440,1076,1075,1.2100129400802897,1.1000058818389518,1.3187347944946448,-19.885978146879914,-2.1845837736064855,22.76407681213829,52.0
validation,Chopin/Etudes_op_25/11/midi_score.mid,rubato,small,cnn,173,1,24,502,329,329,0.38523534806255794,0.6206733021989571,0.47724116048691473,21.20899248091851,-21.71852963391072,40.4064338950531,49.54407294832827
validation,Chopin/Etudes_op_25/11/midi_score.mid,rubato,small,visible_mean,173,1,24,502,329,329,0.488933141220795,0.6992375427712638,0.3920858737961254,0.0,0.0,0.0,0.0
validation,Chopin/Etudes_op_25/11/midi_score.mid,rubato,small,linear_interpolation,173,1,24,502,329,329,0.2986201509206258,0.5464614816440642,0.4082063887820843,38.92413384475949,-4.111475588212898,19.35137245408073,48.02431610942249
validation,Chopin/Etudes_op_25/11/midi_score.mid,tempo,abrupt,cnn,177,1,23,710,533,531,2.3250606384513497,1.524814952199561,3.686481431460607,4.013304946940233,3.1014059856075527,11.666663587235547,52.35404896421846
validation,Chopin/Etudes_op_25/11/midi_score.mid,tempo,abrupt,visible_mean,177,1,23,710,533,531,2.4222738757346494,1.556365598352344,3.804473603521069,0.0,0.0,0.0,0.0
validation,Chopin/Etudes_op_25/11/midi_score.mid,tempo,abrupt,linear_interpolation,177,1,23,710,533,531,3.246109537331968,1.8016962944214454,3.879582876895632,-34.010838735048424,-1.9742356289461194,19.837916408990424,48.7758945386064
validation,Chopin/Etudes_op_25/11/midi_score.mid,tempo,gradual,cnn,32,1,19,65,33,33,0.25624169169318833,0.5062032118558597,0.210815502363909,25.31376894403158,-33.79578103170044,53.70489176123515,48.484848484848484
validation,Chopin/Etudes_op_25/11/midi_score.mid,tempo,gradual,visible_mean,32,1,19,65,33,33,0.3430909393475295,0.5857396515069895,0.15756513451942117,0.0,0.0,0.0,0.0
validation,Chopin/Etudes_op_25/11/midi_score.mid,tempo,gradual,linear_interpolation,32,1,19,65,33,33,0.25071339901662715,0.5007128908033297,0.15256198359866388,26.925088871941828,3.175290609827519,101.88408093733207,78.78787878787878
validation,Chopin/Etudes_op_25/11/midi_score.mid,tempo,mixed,cnn,384,1,24,1534,1150,1149,0.5500951918291411,0.7416840242509887,0.7924380556525326,7.665803957958217,0.2441925912557541,23.823174306763196,52.91557876414273
validation,Chopin/Etudes_op_25/11/midi_score.mid,tempo,mixed,visible_mean,384,1,24,1534,1150,1149,0.5957653993962007,0.7718584063131013,0.7943778675516692,0.0,0.0,0.0,0.0
validation,Chopin/Etudes_op_25/11/midi_score.mid,tempo,mixed,linear_interpolation,384,1,24,1534,1150,1149,0.6831173381645567,0.826509127695851,0.8185841918455495,-14.66213695137144,-3.0472052763108826,22.217717998189165,52.21932114882507
validation,Chopin/Etudes_op_25/11/midi_score.mid,tempo,small,cnn,181,1,24,526,345,345,0.24189521032602884,0.4918284358656267,0.27837205955583283,6.656418940531738,-22.431209147840736,45.99311040975637,48.98550724637681
validation,Chopin/Etudes_op_25/11/midi_score.mid,tempo,small,visible_mean,181,1,24,526,345,345,0.2591449862759388,0.5090628510075537,0.22737017913437993,0.0,0.0,0.0,0.0
validation,Chopin/Etudes_op_25/11/midi_score.mid,tempo,small,linear_interpolation,181,1,24,526,345,345,0.1789444452482637,0.4230182564006708,0.23900692907698512,30.948135320000823,-5.1179754473112515,20.97701248981198,48.11594202898551
