key,piece,split,channel,representative,width,step_rms,adjacent_valid_pairs
Bach/Fugue/bwv_848/Denisova06M.mid,Bach/Fugue/bwv_848/midi_score.mid,train,tempo,1.6989736147217587,1.2985288989046468,0.6272256402133117,215
Bach/Fugue/bwv_848/Denisova06M.mid,Bach/Fugue/bwv_848/midi_score.mid,train,rubato,0.7657219893586145,4.062976057202436,1.8857453020951003,215
Bach/Fugue/bwv_848/Denisova06M.mid,Bach/Fugue/bwv_848/midi_score.mid,train,dynamics,0.009612984702443924,2.8777742322902524,0.8901201954673293,215
Bach/Fugue/bwv_848/Denisova06M.mid,Bach/Fugue/bwv_848/midi_score.mid,train,articulation,-0.8027826064902981,4.620526663028739,1.8497344965780438,215
Bach/Fugue/bwv_848/Denisova06M.mid,Bach/Fugue/bwv_848/midi_score.mid,train,pedal_depth,-0.10348786359185341,0.6142146223075821,0.5306189004989017,215
Bach/Fugue/bwv_848/Denisova06M.mid,Bach/Fugue/bwv_848/midi_score.mid,train,pedal_down_ratio,-0.003940878002444981,0.0,0.3049816503852459,215
Bach/Fugue/bwv_848/Denisova06M.mid,Bach/Fugue/bwv_848/midi_score.mid,train,pedal_changes,-0.03541237336118562,0.0,0.2916181607630444,215
Bach/Fugue/bwv_848/Lee01M.mid,Bach/Fugue/bwv_848/midi_score.mid,train,tempo,0.20904570079808094,1.079367232160958,0.5109079099503294,215
Bach/Fugue/bwv_848/Lee01M.mid,Bach/Fugue/bwv_848/midi_score.mid,train,rubato,0.6912980046084585,3.9974254565300256,1.6627096443492484,215
Bach/Fugue/bwv_848/Lee01M.mid,Bach/Fugue/bwv_848/midi_score.mid,train,dynamics,-0.055947430735040375,3.32020291335481,0.957719654503365,215
Bach/Fugue/bwv_848/Lee01M.mid,Bach/Fugue/bwv_848/midi_score.mid,train,articulation,0.09826480888837369,3.47450779014694,1.6161341254307011,215
Bach/Fugue/bwv_848/Lee01M.mid,Bach/Fugue/bwv_848/midi_score.mid,train,pedal_depth,0.9342078288352598,2.529472511283287,0.8786966806233588,215
Bach/Fugue/bwv_848/Lee01M.mid,Bach/Fugue/bwv_848/midi_score.mid,train,pedal_down_ratio,0.3977496824068832,4.015608495894217,1.7546676055794408,215
Bach/Fugue/bwv_848/Lee01M.mid,Bach/Fugue/bwv_848/midi_score.mid,train,pedal_changes,0.2744458935491886,1.9122681615040236,1.091135245336476,215
Bach/Fugue/bwv_848/LeeSH01M.mid,Bach/Fugue/bwv_848/midi_score.mid,train,tempo,-1.5794286757839602,1.3533611919449742,0.6195210623336982,215
Bach/Fugue/bwv_848/LeeSH01M.mid,Bach/Fugue/bwv_848/midi_score.mid,train,rubato,0.5558096049257574,3.8495590773852637,1.7852919124574045,215
Bach/Fugue/bwv_848/LeeSH01M.mid,Bach/Fugue/bwv_848/midi_score.mid,train,dynamics,-0.030557347507242063,4.105102062560475,1.063639703795048,215
Bach/Fugue/bwv_848/LeeSH01M.mid,Bach/Fugue/bwv_848/midi_score.mid,train,articulation,0.6299000713631537,3.8584444395688076,1.6905694031612672,215
Bach/Fugue/bwv_848/LeeSH01M.mid,Bach/Fugue/bwv_848/midi_score.mid,train,pedal_depth,0.4835803017320891,3.117702311884471,1.3768954295151248,215
Bach/Fugue/bwv_848/LeeSH01M.mid,Bach/Fugue/bwv_848/midi_score.mid,train,pedal_down_ratio,0.748252257016151,4.354201224806369,2.073249738957158,215
Bach/Fugue/bwv_848/LeeSH01M.mid,Bach/Fugue/bwv_848/midi_score.mid,train,pedal_changes,0.894162427369937,3.824536323008047,2.255096643355199,215
Bach/Fugue/bwv_848/Lin04M.mid,Bach/Fugue/bwv_848/midi_score.mid,train,tempo,0.6447719257769438,1.6574615257368635,0.627806461304487,215
Bach/Fugue/bwv_848/Lin04M.mid,Bach/Fugue/bwv_848/midi_score.mid,train,rubato,0.739299813203433,4.784337452255123,1.8902386802549664,215
Bach/Fugue/bwv_848/Lin04M.mid,Bach/Fugue/bwv_848/midi_score.mid,train,dynamics,-0.21905981702962618,3.3784172134948807,1.059675869375269,215
Bach/Fugue/bwv_848/Lin04M.mid,Bach/Fugue/bwv_848/midi_score.mid,train,articulation,-0.25579689630696595,3.1418204375890726,1.6099345225934443,215
Bach/Fugue/bwv_848/Lin04M.mid,Bach/Fugue/bwv_848/midi_score.mid,train,pedal_depth,-0.01498093599562199,0.2256648811018005,0.7067454235886861,215
Bach/Fugue/bwv_848/Lin04M.mid,Bach/Fugue/bwv_848/midi_score.mid,train,pedal_down_ratio,0.13794754225339909,0.1766000528302495,1.042442332751039,215
Bach/Fugue/bwv_848/Lin04M.mid,Bach/Fugue/bwv_848/midi_score.mid,train,pedal_changes,0.14164949344474248,0.4780670403760059,0.9494399443252326,215
Bach/Fugue/bwv_848/Lou01M.mid,Bach/Fugue/bwv_848/midi_score.mid,train,tempo,0.0665002386961543,1.3557522239622566,0.6571999461411459,215
Bach/Fugue/bwv_848/Lou01M.mid,Bach/Fugue/bwv_848/midi_score.mid,train,rubato,0.9837739318257472,5.394040901169388,2.4584197531889598,215
Bach/Fugue/bwv_848/Lou01M.mid,Bach/Fugue/bwv_848/midi_score.mid,train,dynamics,-0.5102068842929834,3.355415465634655,0.9114030016186504,215
Bach/Fugue/bwv_848/Lou01M.mid,Bach/Fugue/bwv_848/midi_score.mid,train,articulation,0.17549332851865831,4.64128290520741,2.420001327718772,215
Bach/Fugue/bwv_848/Lou01M.mid,Bach/Fugue/bwv_848/midi_score.mid,train,pedal_depth,0.751153603353606,2.278550854192306,0.8163635960774106,215
Bach/Fugue/bwv_848/Lou01M.mid,Bach/Fugue/bwv_848/midi_score.mid,train,pedal_down_ratio,0.1884788785050993,2.0776041078485568,1.2518703001968228,215
Bach/Fugue/bwv_848/Lou01M.mid,Bach/Fugue/bwv_848/midi_score.mid,train,pedal_changes,0.19476805348652093,2.3903352018800295,1.1881427178589388,215
Bach/Fugue/bwv_848/MiyashitaM01M.mid,Bach/Fugue/bwv_848/midi_score.mid,train,tempo,-0.7977968865018349,1.4510760395828997,0.5340423021715082,215
Bach/Fugue/bwv_848/MiyashitaM01M.mid,Bach/Fugue/bwv_848/midi_score.mid,train,rubato,0.5970811283474324,3.743004763590747,1.5485215993554344,215
Bach/Fugue/bwv_848/MiyashitaM01M.mid,Bach/Fugue/bwv_848/midi_score.mid,train,dynamics,0.6755451855288974,4.038652568742053,1.124093086025432,215
Bach/Fugue/bwv_848/MiyashitaM01M.mid,Bach/Fugue/bwv_848/midi_score.mid,train,articulation,-0.6360566249870772,5.447209266770157,2.0392737491478563,215
Bach/Fugue/bwv_848/MiyashitaM01M.mid,Bach/Fugue/bwv_848/midi_score.mid,train,pedal_depth,1.849455140974905,2.403646433545624,0.5910161853267966,215
Bach/Fugue/bwv_848/MiyashitaM01M.mid,Bach/Fugue/bwv_848/midi_score.mid,train,pedal_down_ratio,0.13816605078189326,0.0,0.9907291721897198,215
Bach/Fugue/bwv_848/MiyashitaM01M.mid,Bach/Fugue/bwv_848/midi_score.mid,train,pedal_changes,0.09738402674326047,0.0,0.6776593680521449,215
Bach/Fugue/bwv_848/Mizumoto03M.mid,Bach/Fugue/bwv_848/midi_score.mid,train,tempo,-0.21029550785230125,1.0860974448318985,0.5042757407146691,215
Bach/Fugue/bwv_848/Mizumoto03M.mid,Bach/Fugue/bwv_848/midi_score.mid,train,rubato,0.6899701102732245,4.744074313108785,1.9494072061298302,215
Bach/Fugue/bwv_848/Mizumoto03M.mid,Bach/Fugue/bwv_848/midi_score.mid,train,dynamics,0.5349142182428279,3.6876629347267813,0.9673536759816884,215
Bach/Fugue/bwv_848/Mizumoto03M.mid,Bach/Fugue/bwv_848/midi_score.mid,train,articulation,-0.11452979703814617,4.006886836390723,1.7400272941654304,215
Bach/Fugue/bwv_848/Mizumoto03M.mid,Bach/Fugue/bwv_848/midi_score.mid,train,pedal_depth,-0.026729345889858584,0.2620575097039111,0.6490032868865558,215
Bach/Fugue/bwv_848/Mizumoto03M.mid,Bach/Fugue/bwv_848/midi_score.mid,train,pedal_down_ratio,0.07300373456025759,0.0,0.7272210766862905,215
Bach/Fugue/bwv_848/Mizumoto03M.mid,Bach/Fugue/bwv_848/midi_score.mid,train,pedal_changes,0.07082474672237124,0.0,0.7261233644900081,215
Bach/Fugue/bwv_848/SunY01M.mid,Bach/Fugue/bwv_848/midi_score.mid,train,tempo,0.45215474946372863,1.1356945736982886,0.4882431926608779,215
Bach/Fugue/bwv_848/SunY01M.mid,Bach/Fugue/bwv_848/midi_score.mid,train,rubato,0.5787071467251903,2.978577765467861,1.2625211821821818,215
Bach/Fugue/bwv_848/SunY01M.mid,Bach/Fugue/bwv_848/midi_score.mid,train,dynamics,-0.02000574680675942,3.1059174944001766,0.8554065802476927,215
Bach/Fugue/bwv_848/SunY01M.mid,Bach/Fugue/bwv_848/midi_score.mid,train,articulation,0.1536748625560173,4.654643583764784,1.8266258956007495,215
Bach/Fugue/bwv_848/SunY01M.mid,Bach/Fugue/bwv_848/midi_score.mid,train,pedal_depth,0.48329781749391026,2.6129320045247404,1.3038960178693626,215
Bach/Fugue/bwv_848/SunY01M.mid,Bach/Fugue/bwv_848/midi_score.mid,train,pedal_down_ratio,0.4643937551808938,3.709543937003447,1.8219086760312444,215
Bach/Fugue/bwv_848/SunY01M.mid,Bach/Fugue/bwv_848/midi_score.mid,train,pedal_changes,0.4603608536954131,3.824536323008047,1.7252363052749409,215
Bach/Fugue/bwv_848/Zhou01M.mid,Bach/Fugue/bwv_848/midi_score.mid,train,tempo,-1.1000061483464518,1.1595036622556365,0.491966146934439,215
Bach/Fugue/bwv_848/Zhou01M.mid,Bach/Fugue/bwv_848/midi_score.mid,train,rubato,0.5282518131105081,2.8193139878020785,1.196272307666121,215
Bach/Fugue/bwv_848/Zhou01M.mid,Bach/Fugue/bwv_848/midi_score.mid,train,dynamics,-0.39569036346459247,3.041342217074066,0.9199598905516346,215
Bach/Fugue/bwv_848/Zhou01M.mid,Bach/Fugue/bwv_848/midi_score.mid,train,articulation,-0.4484541012624786,3.8274835700067324,1.745969155846679,215
Bach/Fugue/bwv_848/Zhou01M.mid,Bach/Fugue/bwv_848/midi_score.mid,train,pedal_depth,-0.08286240572559865,0.6142146223075821,0.5808380966811428,215
Bach/Fugue/bwv_848/Zhou01M.mid,Bach/Fugue/bwv_848/midi_score.mid,train,pedal_down_ratio,0.014481182380450215,0.0,0.49527701754129083,215
Bach/Fugue/bwv_848/Zhou01M.mid,Bach/Fugue/bwv_848/midi_score.mid,train,pedal_changes,0.01770618668059281,0.0,0.5216624247517034,215
Bach/Fugue/bwv_854/LuA01M.mid,Bach/Fugue/bwv_854/midi_score.mid,train,tempo,-0.8346214610422318,1.8689063050399155,0.833671771511094,108
Bach/Fugue/bwv_854/LuA01M.mid,Bach/Fugue/bwv_854/midi_score.mid,train,rubato,0.6526021247086292,3.86431975008,1.8039951372476581,108
Bach/Fugue/bwv_854/LuA01M.mid,Bach/Fugue/bwv_854/midi_score.mid,train,dynamics,-0.8332920919302577,4.1632360671141555,1.3861052847768,108
Bach/Fugue/bwv_854/LuA01M.mid,Bach/Fugue/bwv_854/midi_score.mid,train,articulation,0.545233398847147,3.5451478695298375,1.5154557408790261,108
Bach/Fugue/bwv_854/LuA01M.mid,Bach/Fugue/bwv_854/midi_score.mid,train,pedal_depth,-0.07036479587956086,0.0,0.617275844378377,108
Bach/Fugue/bwv_854/LuA01M.mid,Bach/Fugue/bwv_854/midi_score.mid,train,pedal_down_ratio,-0.06518004232792671,0.0,0.7208155978924088,108
Bach/Fugue/bwv_854/LuA01M.mid,Bach/Fugue/bwv_854/midi_score.mid,train,pedal_changes,-0.06593657545167718,0.0,0.5989238818486532,108
Bach/Fugue/bwv_854/MiyashitaM01M.mid,Bach/Fugue/bwv_854/midi_score.mid,train,tempo,-1.0441984382149085,1.6738648861107452,0.5852488951582173,108
Bach/Fugue/bwv_854/MiyashitaM01M.mid,Bach/Fugue/bwv_854/midi_score.mid,train,rubato,0.6792910701045202,3.712726765468031,1.182166257297905,108
Bach/Fugue/bwv_854/MiyashitaM01M.mid,Bach/Fugue/bwv_854/midi_score.mid,train,dynamics,0.8729069041281665,2.372789824470701,0.889728163672698,108
Bach/Fugue/bwv_854/MiyashitaM01M.mid,Bach/Fugue/bwv_854/midi_score.mid,train,articulation,-1.0960951765343594,2.72703394151382,1.2830745175188267,108
Bach/Fugue/bwv_854/MiyashitaM01M.mid,Bach/Fugue/bwv_854/midi_score.mid,train,pedal_depth,0.0753077320292192,0.9847807302882267,0.6748820486088409,108
Bach/Fugue/bwv_854/MiyashitaM01M.mid,Bach/Fugue/bwv_854/midi_score.mid,train,pedal_down_ratio,-0.0527625166503956,0.0,0.719844250235474,108
Bach/Fugue/bwv_854/MiyashitaM01M.mid,Bach/Fugue/bwv_854/midi_score.mid,train,pedal_changes,-0.03296828772583859,0.0,0.48901930176538666,108
Bach/Fugue/bwv_854/Ozaki01M.mid,Bach/Fugue/bwv_854/midi_score.mid,train,tempo,0.9672677544729334,1.7877577208409374,0.7610665169421932,108
Bach/Fugue/bwv_854/Ozaki01M.mid,Bach/Fugue/bwv_854/midi_score.mid,train,rubato,0.42992866327986073,3.405173848324411,1.4740538903622216,108
Bach/Fugue/bwv_854/Ozaki01M.mid,Bach/Fugue/bwv_854/midi_score.mid,train,dynamics,-0.9118096065246762,4.405233162262984,1.3523782492353058,108
Bach/Fugue/bwv_854/Ozaki01M.mid,Bach/Fugue/bwv_854/midi_score.mid,train,articulation,0.7400099438860964,2.254198552635937,1.2403092852534412,108
Bach/Fugue/bwv_854/Ozaki01M.mid,Bach/Fugue/bwv_854/midi_score.mid,train,pedal_depth,0.37159296136093833,3.3839460060770583,1.9003411963381676,108
Bach/Fugue/bwv_854/Ozaki01M.mid,Bach/Fugue/bwv_854/midi_score.mid,train,pedal_down_ratio,0.3516360534522208,2.3626136107170925,2.0141604616875277,108
Bach/Fugue/bwv_854/Ozaki01M.mid,Bach/Fugue/bwv_854/midi_score.mid,train,pedal_changes,0.4285877404359017,3.5935433621164066,2.2937038398582192,108
Bach/Fugue/bwv_854/Richardson01M.mid,Bach/Fugue/bwv_854/midi_score.mid,train,tempo,0.2867696222399334,1.320034004930531,0.6480180778440104,108
Bach/Fugue/bwv_854/Richardson01M.mid,Bach/Fugue/bwv_854/midi_score.mid,train,rubato,0.7754098042200158,4.552688258117625,1.8910612797864694,108
Bach/Fugue/bwv_854/Richardson01M.mid,Bach/Fugue/bwv_854/midi_score.mid,train,dynamics,-0.27278547147303767,3.835035582617887,1.1988826655911133,108
Bach/Fugue/bwv_854/Richardson01M.mid,Bach/Fugue/bwv_854/midi_score.mid,train,articulation,-0.004963575799015786,2.71495998850369,1.07644689761683,108
Bach/Fugue/bwv_854/Richardson01M.mid,Bach/Fugue/bwv_854/midi_score.mid,train,pedal_depth,0.21200033735738338,0.3582239441153261,1.5229356824602167,108
Bach/Fugue/bwv_854/Richardson01M.mid,Bach/Fugue/bwv_854/midi_score.mid,train,pedal_down_ratio,0.19948717522627155,0.36944610934639377,1.4796948840611255,108
Bach/Fugue/bwv_854/Richardson01M.mid,Bach/Fugue/bwv_854/midi_score.mid,train,pedal_changes,0.23077801408087015,0.0,1.7631841672066995,108
Bach/Fugue/bwv_854/WangA01M.mid,Bach/Fugue/bwv_854/midi_score.mid,train,tempo,0.30969547884028337,1.4162919746089255,0.6764811156041833,108
Bach/Fugue/bwv_854/WangA01M.mid,Bach/Fugue/bwv_854/midi_score.mid,train,rubato,0.7485203447286904,3.836855472982263,1.507708295702947,108
Bach/Fugue/bwv_854/WangA01M.mid,Bach/Fugue/bwv_854/midi_score.mid,train,dynamics,0.2311029159516854,3.5707031339122213,1.0716690287538244,108
Bach/Fugue/bwv_854/WangA01M.mid,Bach/Fugue/bwv_854/midi_score.mid,train,articulation,-0.5842733196090847,2.6334836249001525,1.0922179373105072,108
Bach/Fugue/bwv_854/WangA01M.mid,Bach/Fugue/bwv_854/midi_score.mid,train,pedal_depth,-0.02290059255049275,0.0,0.25577715412289637,108
Bach/Fugue/bwv_854/WangA01M.mid,Bach/Fugue/bwv_854/midi_score.mid,train,pedal_down_ratio,-0.006720965417648803,0.0,0.07049304867674877,108
Bach/Fugue/bwv_854/WangA01M.mid,Bach/Fugue/bwv_854/midi_score.mid,train,pedal_changes,0.0,0.0,0.5989238818486532,108
Bach/Fugue/bwv_857/Bult-ItoS02M.mid,Bach/Fugue/bwv_857/midi_score.mid,train,tempo,0.5323989368422036,3.5350082569606553,1.2738522137029358,214
Bach/Fugue/bwv_857/Bult-ItoS02M.mid,Bach/Fugue/bwv_857/midi_score.mid,train,rubato,0.6792973400418852,6.205916030038041,2.238655323578994,214
Bach/Fugue/bwv_857/Bult-ItoS02M.mid,Bach/Fugue/bwv_857/midi_score.mid,train,dynamics,0.012331021369973027,4.175598851438591,1.1077335047465966,214
Bach/Fugue/bwv_857/Bult-ItoS02M.mid,Bach/Fugue/bwv_857/midi_score.mid,train,articulation,0.3989207427961479,4.015039616297984,1.7424430389124095,214
Bach/Fugue/bwv_857/Bult-ItoS02M.mid,Bach/Fugue/bwv_857/midi_score.mid,train,pedal_depth,0.5113105662098355,1.7992385498784218,0.6325614222546684,214
Bach/Fugue/bwv_857/Bult-ItoS02M.mid,Bach/Fugue/bwv_857/midi_score.mid,train,pedal_down_ratio,0.7767874198087119,2.3926931831854072,1.0475444212277003,214
Bach/Fugue/bwv_857/Bult-ItoS02M.mid,Bach/Fugue/bwv_857/midi_score.mid,train,pedal_changes,0.46058568348879597,1.8940539447832339,0.8371506260172216,214
Bach/Fugue/bwv_857/Lan01M.mid,Bach/Fugue/bwv_857/midi_score.mid,train,tempo,2.269813488827983,3.0089992053879415,1.0248463913783452,214
Bach/Fugue/bwv_857/Lan01M.mid,Bach/Fugue/bwv_857/midi_score.mid,train,rubato,0.7666256279174648,4.416893021287013,1.586229777041091,214
Bach/Fugue/bwv_857/Lan01M.mid,Bach/Fugue/bwv_857/midi_score.mid,train,dynamics,0.20064275740208296,4.213561293690795,1.1929737725261846,214
Bach/Fugue/bwv_857/Lan01M.mid,Bach/Fugue/bwv_857/midi_score.mid,train,articulation,0.7539416143877488,3.3528246433276276,1.4569278219823223,214
Bach/Fugue/bwv_857/Lan01M.mid,Bach/Fugue/bwv_857/midi_score.mid,train,pedal_depth,0.14909082695788264,1.8769205216025862,0.7039207913346534,214
Bach/Fugue/bwv_857/Lan01M.mid,Bach/Fugue/bwv_857/midi_score.mid,train,pedal_down_ratio,-0.6202332482226922,2.0633604610278167,0.8228406467618902,214
Bach/Fugue/bwv_857/Lan01M.mid,Bach/Fugue/bwv_857/midi_score.mid,train,pedal_changes,-0.6280713865756309,1.8255941636465005,0.6778106056781451,214
Bach/Fugue/bwv_857/Lisiecki04M.mid,Bach/Fugue/bwv_857/midi_score.mid,train,tempo,-0.6503270303074046,2.8708750638156144,0.8783229677231912,214
Bach/Fugue/bwv_857/Lisiecki04M.mid,Bach/Fugue/bwv_857/midi_score.mid,train,rubato,0.8064562428524311,5.458836862326553,1.4387503539761368,214
Bach/Fugue/bwv_857/Lisiecki04M.mid,Bach/Fugue/bwv_857/midi_score.mid,train,dynamics,-0.8357118889384916,4.782730467068788,1.5175796655299034,214
Bach/Fugue/bwv_857/Lisiecki04M.mid,Bach/Fugue/bwv_857/midi_score.mid,train,articulation,-2.3866475491074484,6.759671857738948,3.023295216524878,214
Bach/Fugue/bwv_857/Lisiecki04M.mid,Bach/Fugue/bwv_857/midi_score.mid,train,pedal_depth,-1.3915154770739584,2.144626181997347,0.7489255532795395,214
Bach/Fugue/bwv_857/Lisiecki04M.mid,Bach/Fugue/bwv_857/midi_score.mid,train,pedal_down_ratio,-0.5822053936274234,2.0353399258845846,0.8443454731487263,214
Bach/Fugue/bwv_857/Lisiecki04M.mid,Bach/Fugue/bwv_857/midi_score.mid,train,pedal_changes,-0.590387103381093,1.8255941636465005,0.7168929699926652,214
Bach/Fugue/bwv_857/ToA01M.mid,Bach/Fugue/bwv_857/midi_score.mid,train,tempo,-0.08157371810891645,2.1010607149500493,0.9316959817583631,214
Bach/Fugue/bwv_857/ToA01M.mid,Bach/Fugue/bwv_857/midi_score.mid,train,rubato,0.8197924135861374,4.462739217477875,1.6697700127378892,214
Bach/Fugue/bwv_857/ToA01M.mid,Bach/Fugue/bwv_857/midi_score.mid,train,dynamics,0.12988552050848998,3.0335896398219333,1.0091788447711145,214
Bach/Fugue/bwv_857/ToA01M.mid,Bach/Fugue/bwv_857/midi_score.mid,train,articulation,-0.12730623470668925,4.159306885432836,1.7613497997779946,214
Bach/Fugue/bwv_857/ToA01M.mid,Bach/Fugue/bwv_857/midi_score.mid,train,pedal_depth,0.5891390362342919,2.351165106215083,0.7766533841257641,214
Bach/Fugue/bwv_857/ToA01M.mid,Bach/Fugue/bwv_857/midi_score.mid,train,pedal_down_ratio,0.9529780288601519,2.5523727430825702,1.0529557909730838,214
Bach/Fugue/bwv_857/ToA01M.mid,Bach/Fugue/bwv_857/midi_score.mid,train,pedal_changes,1.1933356344936987,3.2632495675181095,1.2050963469694087,214
Bach/Fugue/bwv_857/WangA01M.mid,Bach/Fugue/bwv_857/midi_score.mid,train,tempo,-0.5829368150930884,2.1779802822550174,0.892843186254294,214
Bach/Fugue/bwv_857/WangA01M.mid,Bach/Fugue/bwv_857/midi_score.mid,train,rubato,0.5338897111597012,3.767508296504416,1.4160172078708302,214
Bach/Fugue/bwv_857/WangA01M.mid,Bach/Fugue/bwv_857/midi_score.mid,train,dynamics,0.18347693766032733,5.119025136022302,1.2049747197274954,214
Bach/Fugue/bwv_857/WangA01M.mid,Bach/Fugue/bwv_857/midi_score.mid,train,articulation,-0.6750219744620446,3.2654187916001214,2.0118797724281037,214
Bach/Fugue/bwv_857/WangA01M.mid,Bach/Fugue/bwv_857/midi_score.mid,train,pedal_depth,0.015907034260182522,2.5749108839706976,1.0149121379231603,214
Bach/Fugue/bwv_857/WangA01M.mid,Bach/Fugue/bwv_857/midi_score.mid,train,pedal_down_ratio,0.4542868050428283,2.6020501651562475,1.039509066754335,214
Bach/Fugue/bwv_857/WangA01M.mid,Bach/Fugue/bwv_857/midi_score.mid,train,pedal_changes,0.5150185369920173,2.2819927045581254,0.9565359223729175,214
Bach/Fugue/bwv_857/YuP01M.mid,Bach/Fugue/bwv_857/midi_score.mid,train,tempo,-0.3133469546631704,2.243066319042868,0.8590233040132342,214
Bach/Fugue/bwv_857/YuP01M.mid,Bach/Fugue/bwv_857/midi_score.mid,train,rubato,0.5068093159925839,3.9899311417647114,1.4856152476480198,214
Bach/Fugue/bwv_857/YuP01M.mid,Bach/Fugue/bwv_857/midi_score.mid,train,dynamics,-0.25997414977473565,4.430462143938469,1.2454481770621941,214
Bach/Fugue/bwv_857/YuP01M.mid,Bach/Fugue/bwv_857/midi_score.mid,train,articulation,0.11199235688833815,3.3329727513664222,1.4755293476341909,214
Bach/Fugue/bwv_857/YuP01M.mid,Bach/Fugue/bwv_857/midi_score.mid,train,pedal_depth,-0.45660592681852225,2.9831964576089094,0.9837196261682416,214
Bach/Fugue/bwv_857/YuP01M.mid,Bach/Fugue/bwv_857/midi_score.mid,train,pedal_down_ratio,0.12047174829665154,2.6397570410400526,0.9466535021540007,214
Bach/Fugue/bwv_857/YuP01M.mid,Bach/Fugue/bwv_857/midi_score.mid,train,pedal_changes,0.12980141989229702,2.7383912454697508,0.9463053038218382,214
Bach/Fugue/bwv_860/Ko04M.mid,Bach/Fugue/bwv_860/midi_score.mid,validation,tempo,-0.29916043877024795,2.620604005424806,0.7197994924796174,170
Bach/Fugue/bwv_860/Ko04M.mid,Bach/Fugue/bwv_860/midi_score.mid,validation,rubato,0.463094345884468,4.763408827123201,1.1647302453130333,170
Bach/Fugue/bwv_860/Ko04M.mid,Bach/Fugue/bwv_860/midi_score.mid,validation,dynamics,0.8922066175183659,2.33409726724811,0.8723464900338387,170
Bach/Fugue/bwv_860/Ko04M.mid,Bach/Fugue/bwv_860/midi_score.mid,validation,articulation,-0.1063259638210502,3.245073574120274,1.2729106246486275,170
Bach/Fugue/bwv_860/Ko04M.mid,Bach/Fugue/bwv_860/midi_score.mid,validation,pedal_depth,0.537173774963928,2.1302174031097985,1.097871515382717,170
Bach/Fugue/bwv_860/Ko04M.mid,Bach/Fugue/bwv_860/midi_score.mid,validation,pedal_down_ratio,0.9246991993954955,3.2315984907258386,1.4558604439434635,170
Bach/Fugue/bwv_860/Ko04M.mid,Bach/Fugue/bwv_860/midi_score.mid,validation,pedal_changes,0.8637905561821104,3.0772538563987686,1.220676966386772,170
Bach/Fugue/bwv_860/Nikiforov05M.mid,Bach/Fugue/bwv_860/midi_score.mid,validation,tempo,-0.4145129083266222,1.8963938956178974,0.7950545185504297,170
Bach/Fugue/bwv_860/Nikiforov05M.mid,Bach/Fugue/bwv_860/midi_score.mid,validation,rubato,0.6544199123203341,3.519173642357904,1.49689363547225,170
Bach/Fugue/bwv_860/Nikiforov05M.mid,Bach/Fugue/bwv_860/midi_score.mid,validation,dynamics,0.35216775640106524,2.8601708587008323,0.8503878595225033,170
Bach/Fugue/bwv_860/Nikiforov05M.mid,Bach/Fugue/bwv_860/midi_score.mid,validation,articulation,0.24826027112579732,2.510370640914271,1.2115601975574521,170
Bach/Fugue/bwv_860/Nikiforov05M.mid,Bach/Fugue/bwv_860/midi_score.mid,validation,pedal_depth,1.1140137696254535,2.7465812745092917,0.7404126422635205,170
Bach/Fugue/bwv_860/Nikiforov05M.mid,Bach/Fugue/bwv_860/midi_score.mid,validation,pedal_down_ratio,-0.11552867623275075,1.0548742114737504,0.4620074630639708,170
Bach/Fugue/bwv_860/Nikiforov05M.mid,Bach/Fugue/bwv_860/midi_score.mid,validation,pedal_changes,-0.13196800163893355,1.025751285466256,0.5767755456261895,170
Bach/Fugue/bwv_860/Tetzloff04M.mid,Bach/Fugue/bwv_860/midi_score.mid,validation,tempo,0.5552512258387445,3.6316399897442424,1.3380535122974824,170
Bach/Fugue/bwv_860/Tetzloff04M.mid,Bach/Fugue/bwv_860/midi_score.mid,validation,rubato,0.8005593960245585,6.443538911086662,2.3105251677150433,170
Bach/Fugue/bwv_860/Tetzloff04M.mid,Bach/Fugue/bwv_860/midi_score.mid,validation,dynamics,-0.5377626528634878,2.8031318652757546,0.8331953683795486,170
Bach/Fugue/bwv_860/Tetzloff04M.mid,Bach/Fugue/bwv_860/midi_score.mid,validation,articulation,-1.0307321140227916,4.9678018877685375,1.7266192912036016,170
Bach/Fugue/bwv_860/Tetzloff04M.mid,Bach/Fugue/bwv_860/midi_score.mid,validation,pedal_depth,0.8323035038764348,2.5241228282950576,1.0788416977185877,170
Bach/Fugue/bwv_860/Tetzloff04M.mid,Bach/Fugue/bwv_860/midi_score.mid,validation,pedal_down_ratio,1.0605082489784317,3.69840506697454,1.5573821830792676,170
Bach/Fugue/bwv_860/Tetzloff04M.mid,Bach/Fugue/bwv_860/midi_score.mid,validation,pedal_changes,0.9837614667629591,3.0772538563987686,1.4329236853604803,170
Bach/Fugue/bwv_860/TuanS01M.mid,Bach/Fugue/bwv_860/midi_score.mid,validation,tempo,-0.555767215525299,1.895458595749643,0.9079954329666886,170
Bach/Fugue/bwv_860/TuanS01M.mid,Bach/Fugue/bwv_860/midi_score.mid,validation,rubato,0.5631587516721572,3.939254008316287,1.6440408620679041,170
Bach/Fugue/bwv_860/TuanS01M.mid,Bach/Fugue/bwv_860/midi_score.mid,validation,dynamics,-0.4025285786586917,3.0507884767946987,0.9857287517336846,170
Bach/Fugue/bwv_860/TuanS01M.mid,Bach/Fugue/bwv_860/midi_score.mid,validation,articulation,0.8880414054660946,2.8139623259235345,1.4690600443078075,170
Bach/Fugue/bwv_860/TuanS01M.mid,Bach/Fugue/bwv_860/midi_score.mid,validation,pedal_depth,-0.0974964032634841,1.3182869400328723,0.44951192821232283,170
Bach/Fugue/bwv_860/TuanS01M.mid,Bach/Fugue/bwv_860/midi_score.mid,validation,pedal_down_ratio,0.12168533782054475,1.4203837993320312,0.44640184181190756,170
Bach/Fugue/bwv_860/TuanS01M.mid,Bach/Fugue/bwv_860/midi_score.mid,validation,pedal_changes,0.1439650926970184,1.025751285466256,0.6131838967864053,170
Bach/Fugue/bwv_860/YoungS01M.mid,Bach/Fugue/bwv_860/midi_score.mid,validation,tempo,3.0052168365346246,2.757453494754377,1.123074061196715,170
Bach/Fugue/bwv_860/YoungS01M.mid,Bach/Fugue/bwv_860/midi_score.mid,validation,rubato,0.6997720964545455,4.843664482802955,1.8588796957766498,170
Bach/Fugue/bwv_860/YoungS01M.mid,Bach/Fugue/bwv_860/midi_score.mid,validation,dynamics,0.42247228168409046,2.769994284459451,0.8390249886874173,170
Bach/Fugue/bwv_860/YoungS01M.mid,Bach/Fugue/bwv_860/midi_score.mid,validation,articulation,-1.1828939514844994,2.985308545605842,1.5549874534405579,170
Bach/Fugue/bwv_860/YoungS01M.mid,Bach/Fugue/bwv_860/midi_score.mid,validation,pedal_depth,-0.17651752877915633,1.1631898257630577,0.6355693200950667,170
Bach/Fugue/bwv_860/YoungS01M.mid,Bach/Fugue/bwv_860/midi_score.mid,validation,pedal_down_ratio,-0.0359455657545896,0.31287030402685767,0.4190880153339269,170
Bach/Fugue/bwv_860/YoungS01M.mid,Bach/Fugue/bwv_860/midi_score.mid,validation,pedal_changes,1.2985064615498906e-18,0.769313464099692,0.40689231446862295,170
Bach/Fugue/bwv_860/ZhangH04M.mid,Bach/Fugue/bwv_860/midi_score.mid,validation,tempo,0.11300863349377854,3.2704866283800924,0.9448022315806514,170
Bach/Fugue/bwv_860/ZhangH04M.mid,Bach/Fugue/bwv_860/midi_score.mid,validation,rubato,0.8600817287773164,6.142918430463518,1.6811009642374188,170
Bach/Fugue/bwv_860/ZhangH04M.mid,Bach/Fugue/bwv_860/midi_score.mid,validation,dynamics,-1.3910058228350557,3.619156295506837,1.0611468206676318,170
Bach/Fugue/bwv_860/ZhangH04M.mid,Bach/Fugue/bwv_860/midi_score.mid,validation,articulation,0.3682715249626905,2.7207290765122716,1.1311925284806266,170
Bach/Fugue/bwv_860/ZhangH04M.mid,Bach/Fugue/bwv_860/midi_score.mid,validation,pedal_depth,-0.38023663744240765,2.265895518012223,0.6118661038058113,170
Bach/Fugue/bwv_860/ZhangH04M.mid,Bach/Fugue/bwv_860/midi_score.mid,validation,pedal_down_ratio,-0.16532400931753702,1.3608098257511232,0.4735836390635699,170
Bach/Fugue/bwv_860/ZhangH04M.mid,Bach/Fugue/bwv_860/midi_score.mid,validation,pedal_changes,-0.18595491140031548,1.2821891068328202,0.633049236864251,170
Bach/Fugue/bwv_883/GuoE01M.mid,Bach/Fugue/bwv_883/midi_score.mid,train,tempo,-0.9826183926328299,0.41581643193614115,0.1706244529632476,266
Bach/Fugue/bwv_883/GuoE01M.mid,Bach/Fugue/bwv_883/midi_score.mid,train,rubato,0.646087146637591,4.364834116316601,1.4830074836384537,266
Bach/Fugue/bwv_883/GuoE01M.mid,Bach/Fugue/bwv_883/midi_score.mid,train,dynamics,-1.5559088383823687,3.0060263684591613,0.8818950397749408,266
Bach/Fugue/bwv_883/GuoE01M.mid,Bach/Fugue/bwv_883/midi_score.mid,train,articulation,0.6964830629371335,2.9363008867710962,0.8434827767335694,266
Bach/Fugue/bwv_883/GuoE01M.mid,Bach/Fugue/bwv_883/midi_score.mid,train,pedal_depth,2.358230783901793,1.240859213301513,0.4431622364582977,266
Bach/Fugue/bwv_883/GuoE01M.mid,Bach/Fugue/bwv_883/midi_score.mid,train,pedal_down_ratio,2.4679278166387286,3.4943839161802646,0.6115344470709866,266
Bach/Fugue/bwv_883/GuoE01M.mid,Bach/Fugue/bwv_883/midi_score.mid,train,pedal_changes,2.190710889014382,4.201575731938411,1.3168644825125286,266
Bach/Fugue/bwv_883/Herbert02.mid,Bach/Fugue/bwv_883/midi_score.mid,train,tempo,0.08314095647204439,0.23662962460377215,0.10238785561818152,266
Bach/Fugue/bwv_883/Herbert02.mid,Bach/Fugue/bwv_883/midi_score.mid,train,rubato,0.8095244076357349,3.8736392736485046,1.563415481300784,266
Bach/Fugue/bwv_883/Herbert02.mid,Bach/Fugue/bwv_883/midi_score.mid,train,dynamics,0.16565807173866473,1.6262453990094623,0.4967266055166543,266
Bach/Fugue/bwv_883/Herbert02.mid,Bach/Fugue/bwv_883/midi_score.mid,train,articulation,0.26881730447721347,1.8397774091588344,0.7880059228676831,266
Bach/Fugue/bwv_883/Herbert02.mid,Bach/Fugue/bwv_883/midi_score.mid,train,pedal_depth,-0.2621008563560114,0.8350335314019126,0.18771600451623455,266
Bach/Fugue/bwv_883/Herbert02.mid,Bach/Fugue/bwv_883/midi_score.mid,train,pedal_down_ratio,-0.0028828134244893726,0.0,0.04790104676366585,266
Bach/Fugue/bwv_883/Herbert02.mid,Bach/Fugue/bwv_883/midi_score.mid,train,pedal_changes,-0.0015503969490547644,0.0,0.025761514204205964,266
Bach/Fugue/bwv_883/KaiRuiR03.mid,Bach/Fugue/bwv_883/midi_score.mid,train,tempo,0.9513715063870001,0.398264995712992,0.1838768874108075,266
Bach/Fugue/bwv_883/KaiRuiR03.mid,Bach/Fugue/bwv_883/midi_score.mid,train,rubato,0.5004253011212427,4.05694500581331,1.6707553188870836,266
Bach/Fugue/bwv_883/KaiRuiR03.mid,Bach/Fugue/bwv_883/midi_score.mid,train,dynamics,2.006242870377534,2.6101874717241556,0.7759441215920241,266
Bach/Fugue/bwv_883/KaiRuiR03.mid,Bach/Fugue/bwv_883/midi_score.mid,train,articulation,-1.5806536512439815,3.4515353744683197,1.4680991462408577,266
Bach/Fugue/bwv_883/KaiRuiR03.mid,Bach/Fugue/bwv_883/midi_score.mid,train,pedal_depth,0.7685681366418998,1.5418542827130794,0.2812824883223707,266
Bach/Fugue/bwv_883/KaiRuiR03.mid,Bach/Fugue/bwv_883/midi_score.mid,train,pedal_down_ratio,0.005516595465827522,0.0,0.07826194683208028,266
Bach/Fugue/bwv_883/KaiRuiR03.mid,Bach/Fugue/bwv_883/midi_score.mid,train,pedal_changes,0.007751984745273822,0.0,0.14798863221574043,266
Bach/Fugue/bwv_883/Khmara04.mid,Bach/Fugue/bwv_883/midi_score.mid,train,tempo,-0.8716928174564644,0.41644179798626957,0.16341415904274414,266
Bach/Fugue/bwv_883/Khmara04.mid,Bach/Fugue/bwv_883/midi_score.mid,train,rubato,0.6655640768149843,4.2148067811324985,1.4386410339302136,266
Bach/Fugue/bwv_883/Khmara04.mid,Bach/Fugue/bwv_883/midi_score.mid,train,dynamics,-0.3546322793288172,2.3737945198314065,0.5842750478090011,266
Bach/Fugue/bwv_883/Khmara04.mid,Bach/Fugue/bwv_883/midi_score.mid,train,articulation,0.9338760772358765,3.1252142084352807,0.9963849969453928,266
Bach/Fugue/bwv_883/Khmara04.mid,Bach/Fugue/bwv_883/midi_score.mid,train,pedal_depth,0.12234564792705231,0.8350335314019106,0.18958648730816785,266
Bach/Fugue/bwv_883/Khmara04.mid,Bach/Fugue/bwv_883/midi_score.mid,train,pedal_down_ratio,-0.0028828134244893726,0.0,0.04790104676366585,266
Bach/Fugue/bwv_883/Khmara04.mid,Bach/Fugue/bwv_883/midi_score.mid,train,pedal_changes,-0.0015503969490547644,0.0,0.025761514204205964,266
Bach/Fugue/bwv_883/Lim01.mid,Bach/Fugue/bwv_883/midi_score.mid,train,tempo,-0.08262480867155651,0.23475382341295173,0.10325999647908657,266
Bach/Fugue/bwv_883/Lim01.mid,Bach/Fugue/bwv_883/midi_score.mid,train,rubato,0.41344767992526016,3.457293708835342,1.5374373361846438,266
Bach/Fugue/bwv_883/Lim01.mid,Bach/Fugue/bwv_883/midi_score.mid,train,dynamics,-0.23650197384012542,2.0114278005819908,0.502726479498851,266
Bach/Fugue/bwv_883/Lim01.mid,Bach/Fugue/bwv_883/midi_score.mid,train,articulation,-0.2101905823893017,2.446343978725627,0.9311881809169178,266
Bach/Fugue/bwv_883/Lim01.mid,Bach/Fugue/bwv_883/midi_score.mid,train,pedal_depth,0.04027455292729719,1.0632483625354643,0.5221330652630388,266
Bach/Fugue/bwv_883/Lim01.mid,Bach/Fugue/bwv_883/midi_score.mid,train,pedal_down_ratio,0.1415243735747258,1.4488126694303731,0.6062409784565492,266
Bach/Fugue/bwv_883/Lim01.mid,Bach/Fugue/bwv_883/midi_score.mid,train,pedal_changes,0.17209406134507882,1.6806302927753645,0.6481465911559214,266
Bach/Fugue/bwv_883/LuM01M.mid,Bach/Fugue/bwv_883/midi_score.mid,train,tempo,0.48622852427411645,0.5540540992886231,0.2271129817727302,266
Bach/Fugue/bwv_883/LuM01M.mid,Bach/Fugue/bwv_883/midi_score.mid,train,rubato,1.0559467142871013,5.372443205070859,2.267545160762918,266
Bach/Fugue/bwv_883/LuM01M.mid,Bach/Fugue/bwv_883/midi_score.mid,train,dynamics,0.2730755450602995,2.751165217199791,0.7900904616110309,266
Bach/Fugue/bwv_883/LuM01M.mid,Bach/Fugue/bwv_883/midi_score.mid,train,articulation,-1.4067111726782555,4.5159128385464085,1.7317037959369663,266
Bach/Fugue/bwv_883/LuM01M.mid,Bach/Fugue/bwv_883/midi_score.mid,train,pedal_depth,-0.2621008563560114,0.8350335314019126,0.18771600451623455,266
Bach/Fugue/bwv_883/LuM01M.mid,Bach/Fugue/bwv_883/midi_score.mid,train,pedal_down_ratio,-0.0028828134244893726,0.0,0.04790104676366585,266
Bach/Fugue/bwv_883/LuM01M.mid,Bach/Fugue/bwv_883/midi_score.mid,train,pedal_changes,-0.0015503969490547644,0.0,0.025761514204205964,266
Bach/Fugue/bwv_885/Chon02.mid,Bach/Fugue/bwv_885/midi_score.mid,train,tempo,-0.9988883314188409,2.1456504084967563,0.46208183299524086,240
Bach/Fugue/bwv_885/Chon02.mid,Bach/Fugue/bwv_885/midi_score.mid,train,rubato,0.7455102239084448,5.4144671508781,1.4946984659040674,240
Bach/Fugue/bwv_885/Chon02.mid,Bach/Fugue/bwv_885/midi_score.mid,train,dynamics,-0.8116127718602604,3.1748641971648106,1.0063740600080355,240
Bach/Fugue/bwv_885/Chon02.mid,Bach/Fugue/bwv_885/midi_score.mid,train,articulation,0.8107433236133391,2.472999185550985,0.9965791889243306,240
Bach/Fugue/bwv_885/Chon02.mid,Bach/Fugue/bwv_885/midi_score.mid,train,pedal_depth,0.5723476828790337,3.141591152391987,1.4057329538493288,240
Bach/Fugue/bwv_885/Chon02.mid,Bach/Fugue/bwv_885/midi_score.mid,train,pedal_down_ratio,0.07303440839039838,3.3592772316311232,1.2121435561531997,240
Bach/Fugue/bwv_885/Chon02.mid,Bach/Fugue/bwv_885/midi_score.mid,train,pedal_changes,0.14043348413914053,3.7988582303827494,1.1857896735346174,240
Bach/Fugue/bwv_885/Guo01M.mid,Bach/Fugue/bwv_885/midi_score.mid,train,tempo,-0.004553439024118314,1.1565218518901021,0.43577586407791125,240
Bach/Fugue/bwv_885/Guo01M.mid,Bach/Fugue/bwv_885/midi_score.mid,train,rubato,0.6224972957080201,4.071482516622637,1.8177835491628975,240
Bach/Fugue/bwv_885/Guo01M.mid,Bach/Fugue/bwv_885/midi_score.mid,train,dynamics,-0.2825962840136563,2.9574027303591994,1.0239228515145071,240
Bach/Fugue/bwv_885/Guo01M.mid,Bach/Fugue/bwv_885/midi_score.mid,train,articulation,0.6578903116830951,2.083437624854924,1.0427747013214963,240
Bach/Fugue/bwv_885/Guo01M.mid,Bach/Fugue/bwv_885/midi_score.mid,train,pedal_depth,-0.3553030694267418,2.77415337548492,0.6437303689604562,240
Bach/Fugue/bwv_885/Guo01M.mid,Bach/Fugue/bwv_885/midi_score.mid,train,pedal_down_ratio,-0.26929957184155323,2.5911909455084454,0.6231923150851535,240
Bach/Fugue/bwv_885/Guo01M.mid,Bach/Fugue/bwv_885/midi_score.mid,train,pedal_changes,-0.257019772858427,1.9316228290081783,0.5668288331898713,240
Bach/Fugue/bwv_885/Huang04M.mid,Bach/Fugue/bwv_885/midi_score.mid,train,tempo,-2.113195582264327,1.3926063198135123,0.5482898200778292,240
Bach/Fugue/bwv_885/Huang04M.mid,Bach/Fugue/bwv_885/midi_score.mid,train,rubato,0.6278782336602031,3.6384877997104965,1.5330072027849424,240
Bach/Fugue/bwv_885/Huang04M.mid,Bach/Fugue/bwv_885/midi_score.mid,train,dynamics,-0.9723751062635888,3.3645335417711726,1.0466958662146284,240
Bach/Fugue/bwv_885/Huang04M.mid,Bach/Fugue/bwv_885/midi_score.mid,train,articulation,-0.014816442194273059,2.588119766020142,1.1287050727941546,240
Bach/Fugue/bwv_885/Huang04M.mid,Bach/Fugue/bwv_885/midi_score.mid,train,pedal_depth,0.8187687771529569,3.747642563532292,1.620578761084671,240
Bach/Fugue/bwv_885/Huang04M.mid,Bach/Fugue/bwv_885/midi_score.mid,train,pedal_down_ratio,0.8509022979746806,4.037141804704625,2.1379149407652243,240
Bach/Fugue/bwv_885/Huang04M.mid,Bach/Fugue/bwv_885/midi_score.mid,train,pedal_changes,0.7551611882953783,2.5754971053442377,1.6593561842208688,240
Bach/Fugue/bwv_885/JeonH01M.mid,Bach/Fugue/bwv_885/midi_score.mid,train,tempo,0.2474528177114136,1.600520166366782,0.42514723136029675,240
Bach/Fugue/bwv_885/JeonH01M.mid,Bach/Fugue/bwv_885/midi_score.mid,train,rubato,0.7283382113994084,4.420512518934368,1.5973088697733888,240
Bach/Fugue/bwv_885/JeonH01M.mid,Bach/Fugue/bwv_885/midi_score.mid,train,dynamics,0.762540686471289,4.031931094005105,1.084259014756598,240
Bach/Fugue/bwv_885/JeonH01M.mid,Bach/Fugue/bwv_885/midi_score.mid,train,articulation,-0.20454529447983155,2.655629951789849,1.0125481194713954,240
Bach/Fugue/bwv_885/JeonH01M.mid,Bach/Fugue/bwv_885/midi_score.mid,train,pedal_depth,0.2762569587556685,3.3211753986594936,1.5120045088506577,240
Bach/Fugue/bwv_885/JeonH01M.mid,Bach/Fugue/bwv_885/midi_score.mid,train,pedal_down_ratio,0.27483581350452285,2.9601372226410394,1.3612870610401229,240
Bach/Fugue/bwv_885/JeonH01M.mid,Bach/Fugue/bwv_885/midi_score.mid,train,pedal_changes,0.22522351229862161,2.5754971053442377,1.1260132282428625,240
Bach/Fugue/bwv_885/SINKEV01.mid,Bach/Fugue/bwv_885/midi_score.mid,train,tempo,0.30508665145540237,1.6082073252752855,0.5552608702602819,240
Bach/Fugue/bwv_885/SINKEV01.mid,Bach/Fugue/bwv_885/midi_score.mid,train,rubato,0.6075841438465777,6.648610260829306,2.105675898041319,240
Bach/Fugue/bwv_885/SINKEV01.mid,Bach/Fugue/bwv_885/midi_score.mid,train,dynamics,0.026129997467287253,2.0677297859307187,0.6871961394403908,240
Bach/Fugue/bwv_885/SINKEV01.mid,Bach/Fugue/bwv_885/midi_score.mid,train,articulation,-0.9599017062388886,2.7352091953420463,1.0961379184833109,240
Bach/Fugue/bwv_885/SINKEV01.mid,Bach/Fugue/bwv_885/midi_score.mid,train,pedal_depth,0.03163751092569989,1.1801905683974987,0.42088410603427967,240
Bach/Fugue/bwv_885/SINKEV01.mid,Bach/Fugue/bwv_885/midi_score.mid,train,pedal_down_ratio,0.0699411403229159,0.5230436770672172,0.43437273459725845,240
Bach/Fugue/bwv_885/SINKEV01.mid,Bach/Fugue/bwv_885/midi_score.mid,train,pedal_changes,0.14043348413914056,1.2877485526721189,0.727036435877039,240
Bach/Fugue/bwv_885/SINKEV06.mid,Bach/Fugue/bwv_885/midi_score.mid,train,tempo,0.8218735125094381,1.6051953251552757,0.6020096921323702,240
Bach/Fugue/bwv_885/SINKEV06.mid,Bach/Fugue/bwv_885/midi_score.mid,train,rubato,0.6673896297564124,6.225624234533771,2.193619874872834,240
Bach/Fugue/bwv_885/SINKEV06.mid,Bach/Fugue/bwv_885/midi_score.mid,train,dynamics,0.9214873365298937,2.112194444320653,0.7365605025390605,240
Bach/Fugue/bwv_885/SINKEV06.mid,Bach/Fugue/bwv_885/midi_score.mid,train,articulation,-0.8336309481518409,2.645262949501741,1.0760858607286952,240
Bach/Fugue/bwv_885/SINKEV06.mid,Bach/Fugue/bwv_885/midi_score.mid,train,pedal_depth,0.3376518128674252,2.285300654118284,0.6827158551293624,240
Bach/Fugue/bwv_885/SINKEV06.mid,Bach/Fugue/bwv_885/midi_score.mid,train,pedal_down_ratio,0.32739307865822376,2.3957728242239553,0.7212831514912382,240
Bach/Fugue/bwv_885/SINKEV06.mid,Bach/Fugue/bwv_885/midi_score.mid,train,pedal_changes,0.4583960897371946,3.154983954046677,0.985288965446633,240
Bach/Fugue/bwv_889/Giesbrecht01M.mid,Bach/Fugue/bwv_889/midi_score.mid,train,tempo,-0.27310531038022345,1.3357435369313353,0.5700987566966116,103
Bach/Fugue/bwv_889/Giesbrecht01M.mid,Bach/Fugue/bwv_889/midi_score.mid,train,rubato,0.6027623766013445,4.215374649145868,1.7997287416849002,103
Bach/Fugue/bwv_889/Giesbrecht01M.mid,Bach/Fugue/bwv_889/midi_score.mid,train,dynamics,1.00083938474345,2.7286387941191057,0.9333961212596995,103
Bach/Fugue/bwv_889/Giesbrecht01M.mid,Bach/Fugue/bwv_889/midi_score.mid,train,articulation,0.7898130065338241,5.280089101666001,1.814326194083935,103
Bach/Fugue/bwv_889/Giesbrecht01M.mid,Bach/Fugue/bwv_889/midi_score.mid,train,pedal_depth,-0.21735062820720377,1.654791093273306,0.6855502385693653,103
Bach/Fugue/bwv_889/Giesbrecht01M.mid,Bach/Fugue/bwv_889/midi_score.mid,train,pedal_down_ratio,-0.04050720418011289,0.08524386975028277,0.4983861166739588,103
Bach/Fugue/bwv_889/Giesbrecht01M.mid,Bach/Fugue/bwv_889/midi_score.mid,train,pedal_changes,-0.08372276811466767,0.7991718774581913,0.6864807560792411,103
Bach/Fugue/bwv_889/LiuY01M.mid,Bach/Fugue/bwv_889/midi_score.mid,train,tempo,1.2723624288039825,1.9142576547809127,0.7906626204988059,103
Bach/Fugue/bwv_889/LiuY01M.mid,Bach/Fugue/bwv_889/midi_score.mid,train,rubato,0.8716468189553579,4.508733375214749,1.8201444939666738,103
Bach/Fugue/bwv_889/LiuY01M.mid,Bach/Fugue/bwv_889/midi_score.mid,train,dynamics,-0.7068396088861879,2.6629557443970553,0.8067454857388326,103
Bach/Fugue/bwv_889/LiuY01M.mid,Bach/Fugue/bwv_889/midi_score.mid,train,articulation,-0.9275296453726862,5.8497064183184895,2.409887703802055,103
Bach/Fugue/bwv_889/LiuY01M.mid,Bach/Fugue/bwv_889/midi_score.mid,train,pedal_depth,0.026742325328628355,2.2545829049303503,0.7999687552374435,103
Bach/Fugue/bwv_889/LiuY01M.mid,Bach/Fugue/bwv_889/midi_score.mid,train,pedal_down_ratio,0.2637678983324515,3.0492436967806404,1.1336206388781547,103
Bach/Fugue/bwv_889/LiuY01M.mid,Bach/Fugue/bwv_889/midi_score.mid,train,pedal_changes,0.19027901844242648,1.5983437549163826,0.7552930444516027,103
Bach/Fugue/bwv_889/MunA01M.mid,Bach/Fugue/bwv_889/midi_score.mid,train,tempo,-0.4547223125073885,1.1848688006354386,0.47041652805407025,103
Bach/Fugue/bwv_889/MunA01M.mid,Bach/Fugue/bwv_889/midi_score.mid,train,rubato,0.5167052441287499,3.212220257982401,1.179914764847885,103
Bach/Fugue/bwv_889/MunA01M.mid,Bach/Fugue/bwv_889/midi_score.mid,train,dynamics,0.45781890557197896,1.62403662324728,0.6504896623502537,103
Bach/Fugue/bwv_889/MunA01M.mid,Bach/Fugue/bwv_889/midi_score.mid,train,articulation,-0.19360981321453918,4.2691048402192795,1.546034398733709,103
Bach/Fugue/bwv_889/MunA01M.mid,Bach/Fugue/bwv_889/midi_score.mid,train,pedal_depth,0.07922759047051296,2.331898190134145,0.8158593066361125,103
Bach/Fugue/bwv_889/MunA01M.mid,Bach/Fugue/bwv_889/midi_score.mid,train,pedal_down_ratio,0.10730544186384414,0.3358147705090758,0.9265361043866847,103
Bach/Fugue/bwv_889/MunA01M.mid,Bach/Fugue/bwv_889/midi_score.mid,train,pedal_changes,0.12938973254085004,2.077846881391293,1.0564715954469268,103
Bach/Fugue/bwv_889/Wang01M.mid,Bach/Fugue/bwv_889/midi_score.mid,train,tempo,0.23117822756292286,1.1244612567484937,0.4482429399863721,103
Bach/Fugue/bwv_889/Wang01M.mid,Bach/Fugue/bwv_889/midi_score.mid,train,rubato,0.6766963994643559,4.468250897930377,1.7720590753578245,103
Bach/Fugue/bwv_889/Wang01M.mid,Bach/Fugue/bwv_889/midi_score.mid,train,dynamics,0.5539456885416817,3.0558518323088864,0.8689814912410895,103
Bach/Fugue/bwv_889/Wang01M.mid,Bach/Fugue/bwv_889/midi_score.mid,train,articulation,0.15529035218814402,3.323568733660199,1.5271026164399113,103
Bach/Fugue/bwv_889/Wang01M.mid,Bach/Fugue/bwv_889/midi_score.mid,train,pedal_depth,0.5821935914918629,2.0384769508807867,0.7904500895416295,103
Bach/Fugue/bwv_889/Wang01M.mid,Bach/Fugue/bwv_889/midi_score.mid,train,pedal_down_ratio,0.48236396764540657,2.7628702681008006,0.9414111461431448,103
Bach/Fugue/bwv_889/Wang01M.mid,Bach/Fugue/bwv_889/midi_score.mid,train,pedal_changes,0.7382825915566148,3.196687509832765,1.3997971830998592,103
Bach/Fugue/bwv_889/YangY02M.mid,Bach/Fugue/bwv_889/midi_score.mid,train,tempo,-1.809922167964235,1.6083163337935424,0.6475226624728485,103
Bach/Fugue/bwv_889/YangY02M.mid,Bach/Fugue/bwv_889/midi_score.mid,train,rubato,0.8032916412083242,4.221339635906998,1.3969020316515393,103
Bach/Fugue/bwv_889/YangY02M.mid,Bach/Fugue/bwv_889/midi_score.mid,train,dynamics,-0.9162888902098972,3.711290191738936,1.1079373821732812,103
Bach/Fugue/bwv_889/YangY02M.mid,Bach/Fugue/bwv_889/midi_score.mid,train,articulation,0.2618471152514924,3.0382698476782997,1.1696712999330785,103
Bach/Fugue/bwv_889/YangY02M.mid,Bach/Fugue/bwv_889/midi_score.mid,train,pedal_depth,0.9097216861035241,4.410034488084901,1.5391636762783005,103
Bach/Fugue/bwv_889/YangY02M.mid,Bach/Fugue/bwv_889/midi_score.mid,train,pedal_down_ratio,0.4365683558699914,4.199844708450906,1.6824497713093345,103
Bach/Fugue/bwv_889/YangY02M.mid,Bach/Fugue/bwv_889/midi_score.mid,train,pedal_changes,0.22072366139321475,3.196687509832765,1.4604974146992655,103
Bach/Fugue/bwv_889/ZhangW02M.mid,Bach/Fugue/bwv_889/midi_score.mid,train,tempo,0.7969944404055403,1.6096445631409706,0.5862181261304945,103
Bach/Fugue/bwv_889/ZhangW02M.mid,Bach/Fugue/bwv_889/midi_score.mid,train,rubato,0.6654987887763633,3.992041582950704,1.4432871243288277,103
Bach/Fugue/bwv_889/ZhangW02M.mid,Bach/Fugue/bwv_889/midi_score.mid,train,dynamics,-0.8528021839307632,2.646838575092384,0.6927382643749987,103
Bach/Fugue/bwv_889/ZhangW02M.mid,Bach/Fugue/bwv_889/midi_score.mid,train,articulation,-0.5803865242986982,3.5348901702727673,1.296542363678565,103
Bach/Fugue/bwv_889/ZhangW02M.mid,Bach/Fugue/bwv_889/midi_score.mid,train,pedal_depth,0.2821564404808465,2.7251920268185175,0.7289061790762644,103
Bach/Fugue/bwv_889/ZhangW02M.mid,Bach/Fugue/bwv_889/midi_score.mid,train,pedal_down_ratio,0.233532122077192,2.161426007999258,1.0266348931815072,103
Bach/Fugue/bwv_889/ZhangW02M.mid,Bach/Fugue/bwv_889/midi_score.mid,train,pedal_changes,0.31205759024557944,3.196687509832765,1.3455907675423031,103
Bach/Prelude/bwv_848/Denisova06M.mid,Bach/Prelude/bwv_848/midi_score.mid,validation,tempo,0.7389797224894632,2.3857996378312754,1.138858601020756,308
Bach/Prelude/bwv_848/Denisova06M.mid,Bach/Prelude/bwv_848/midi_score.mid,validation,rubato,0.6647929942031346,4.226777510782047,1.9094107167343013,308
Bach/Prelude/bwv_848/Denisova06M.mid,Bach/Prelude/bwv_848/midi_score.mid,validation,dynamics,0.4985912671795672,3.250403088525298,1.0808362540047944,308
Bach/Prelude/bwv_848/Denisova06M.mid,Bach/Prelude/bwv_848/midi_score.mid,validation,articulation,-0.5715681454196329,3.708747425983517,1.6923345912448708,308
Bach/Prelude/bwv_848/Denisova06M.mid,Bach/Prelude/bwv_848/midi_score.mid,validation,pedal_depth,0.0,0.0,0.0,308
Bach/Prelude/bwv_848/Denisova06M.mid,Bach/Prelude/bwv_848/midi_score.mid,validation,pedal_down_ratio,0.0,0.0,0.0,308
Bach/Prelude/bwv_848/Denisova06M.mid,Bach/Prelude/bwv_848/midi_score.mid,validation,pedal_changes,0.0,0.0,0.0,308
Bach/Prelude/bwv_848/Lee01M.mid,Bach/Prelude/bwv_848/midi_score.mid,validation,tempo,-0.42915776536511185,2.641237133437741,1.3672267157424716,308
Bach/Prelude/bwv_848/Lee01M.mid,Bach/Prelude/bwv_848/midi_score.mid,validation,rubato,0.6543356009217951,4.333367308641304,2.243471636299647,308
Bach/Prelude/bwv_848/Lee01M.mid,Bach/Prelude/bwv_848/midi_score.mid,validation,dynamics,-0.06882855752209027,4.156147822679581,1.3357451260927953,308
Bach/Prelude/bwv_848/Lee01M.mid,Bach/Prelude/bwv_848/midi_score.mid,validation,articulation,-0.06041239073388986,4.020272294855058,1.9069657366833421,308
Bach/Prelude/bwv_848/Lee01M.mid,Bach/Prelude/bwv_848/midi_score.mid,validation,pedal_depth,0.7741547202000638,3.0155937193380775,0.6715765142741371,308
Bach/Prelude/bwv_848/Lee01M.mid,Bach/Prelude/bwv_848/midi_score.mid,validation,pedal_down_ratio,0.2145057198555802,0.0,1.0934984219179842,308
Bach/Prelude/bwv_848/Lee01M.mid,Bach/Prelude/bwv_848/midi_score.mid,validation,pedal_changes,0.2502898551698172,0.0,1.9432297409037729,308
Bach/Prelude/bwv_848/LeeSH01M.mid,Bach/Prelude/bwv_848/midi_score.mid,validation,tempo,-1.58803852584176,2.6926471829899494,0.99044226335574,308
Bach/Prelude/bwv_848/LeeSH01M.mid,Bach/Prelude/bwv_848/midi_score.mid,validation,rubato,0.7935639740818272,3.939071094396838,1.4837253994432391,308
Bach/Prelude/bwv_848/LeeSH01M.mid,Bach/Prelude/bwv_848/midi_score.mid,validation,dynamics,0.011448657630637649,4.258927366980773,1.190269493695553,308
Bach/Prelude/bwv_848/LeeSH01M.mid,Bach/Prelude/bwv_848/midi_score.mid,validation,articulation,0.46380460619108466,4.36506289054376,2.006518080040963,308
Bach/Prelude/bwv_848/LeeSH01M.mid,Bach/Prelude/bwv_848/midi_score.mid,validation,pedal_depth,0.21484941768533278,1.285852638438619,0.8673528803123883,308
Bach/Prelude/bwv_848/LeeSH01M.mid,Bach/Prelude/bwv_848/midi_score.mid,validation,pedal_down_ratio,0.2341233921865281,0.0,1.1288860015245166,308
Bach/Prelude/bwv_848/LeeSH01M.mid,Bach/Prelude/bwv_848/midi_score.mid,validation,pedal_changes,0.2920048310314534,0.0,1.1613018904188253,308
Bach/Prelude/bwv_848/Lin04M.mid,Bach/Prelude/bwv_848/midi_score.mid,validation,tempo,-0.30280684079278664,2.620949904534025,1.1700067776703782,308
Bach/Prelude/bwv_848/Lin04M.mid,Bach/Prelude/bwv_848/midi_score.mid,validation,rubato,0.8011289633371401,4.592108903932946,2.027338865466283,308
Bach/Prelude/bwv_848/Lin04M.mid,Bach/Prelude/bwv_848/midi_score.mid,validation,dynamics,-0.3571268423863653,3.488080784721812,1.1842696914644038,308
Bach/Prelude/bwv_848/Lin04M.mid,Bach/Prelude/bwv_848/midi_score.mid,validation,articulation,-0.0665438960315757,4.450187328068111,2.1404599546717926,308
Bach/Prelude/bwv_848/Lin04M.mid,Bach/Prelude/bwv_848/midi_score.mid,validation,pedal_depth,0.0,0.0,0.0,308
Bach/Prelude/bwv_848/Lin04M.mid,Bach/Prelude/bwv_848/midi_score.mid,validation,pedal_down_ratio,0.0,0.0,0.0,308
Bach/Prelude/bwv_848/Lin04M.mid,Bach/Prelude/bwv_848/midi_score.mid,validation,pedal_changes,0.0,0.0,0.0,308
Bach/Prelude/bwv_848/Lou01M.mid,Bach/Prelude/bwv_848/midi_score.mid,validation,tempo,-0.0343659225458093,2.31782509815909,0.9301189267275679,308
Bach/Prelude/bwv_848/Lou01M.mid,Bach/Prelude/bwv_848/midi_score.mid,validation,rubato,0.6811197168218752,3.7089537726525297,1.5777831140370566,308
Bach/Prelude/bwv_848/Lou01M.mid,Bach/Prelude/bwv_848/midi_score.mid,validation,dynamics,-0.4498089973375817,3.3146403037135466,0.9828889799760349,308
Bach/Prelude/bwv_848/Lou01M.mid,Bach/Prelude/bwv_848/midi_score.mid,validation,articulation,-0.10515183743049032,4.3567762783592165,1.9958757204747224,308
Bach/Prelude/bwv_848/Lou01M.mid,Bach/Prelude/bwv_848/midi_score.mid,validation,pedal_depth,0.012591326994471274,0.0,0.10553408987008757,308
Bach/Prelude/bwv_848/Lou01M.mid,Bach/Prelude/bwv_848/midi_score.mid,validation,pedal_down_ratio,0.0,0.0,0.0,308
Bach/Prelude/bwv_848/Lou01M.mid,Bach/Prelude/bwv_848/midi_score.mid,validation,pedal_changes,0.0,0.0,0.0,308
Bach/Prelude/bwv_848/MiyashitaM01M.mid,Bach/Prelude/bwv_848/midi_score.mid,validation,tempo,-0.5875455370186481,2.382500729989506,0.956026788178695,308
Bach/Prelude/bwv_848/MiyashitaM01M.mid,Bach/Prelude/bwv_848/midi_score.mid,validation,rubato,0.6042536701386038,3.748124533282722,1.5272543667195704,308
Bach/Prelude/bwv_848/MiyashitaM01M.mid,Bach/Prelude/bwv_848/midi_score.mid,validation,dynamics,0.6976687227653907,3.9056226834454173,1.219365511688772,308
Bach/Prelude/bwv_848/MiyashitaM01M.mid,Bach/Prelude/bwv_848/midi_score.mid,validation,articulation,0.600389086005444,4.6225622892714675,1.8713122890881435,308
Bach/Prelude/bwv_848/MiyashitaM01M.mid,Bach/Prelude/bwv_848/midi_score.mid,validation,pedal_depth,1.9732031477719543,2.71779910373641,0.5986180399553814,308
Bach/Prelude/bwv_848/MiyashitaM01M.mid,Bach/Prelude/bwv_848/midi_score.mid,validation,pedal_down_ratio,0.2606180750275829,0.0,1.3007574361785486,308
Bach/Prelude/bwv_848/MiyashitaM01M.mid,Bach/Prelude/bwv_848/midi_score.mid,validation,pedal_changes,0.2502898551698172,0.0,1.9082136459333972,308
Bach/Prelude/bwv_848/Mizumoto03M.mid,Bach/Prelude/bwv_848/midi_score.mid,validation,tempo,-0.019012560975132105,2.4811867694488123,1.186335312297746,308
Bach/Prelude/bwv_848/Mizumoto03M.mid,Bach/Prelude/bwv_848/midi_score.mid,validation,rubato,0.8214517718901868,4.234940768849086,2.051388267449995,308
Bach/Prelude/bwv_848/Mizumoto03M.mid,Bach/Prelude/bwv_848/midi_score.mid,validation,dynamics,-0.3490355667145955,4.046944556859559,1.1211824718138759,308
Bach/Prelude/bwv_848/Mizumoto03M.mid,Bach/Prelude/bwv_848/midi_score.mid,validation,articulation,-0.14151215327784183,4.9292147576085465,2.0754778597468113,308
Bach/Prelude/bwv_848/Mizumoto03M.mid,Bach/Prelude/bwv_848/midi_score.mid,validation,pedal_depth,0.0,0.0,0.0,308
Bach/Prelude/bwv_848/Mizumoto03M.mid,Bach/Prelude/bwv_848/midi_score.mid,validation,pedal_down_ratio,0.0,0.0,0.0,308
Bach/Prelude/bwv_848/Mizumoto03M.mid,Bach/Prelude/bwv_848/midi_score.mid,validation,pedal_changes,0.0,0.0,0.0,308
Bach/Prelude/bwv_848/SunY01M.mid,Bach/Prelude/bwv_848/midi_score.mid,validation,tempo,1.308440520749668,2.2993812802116618,1.3681621506725798,308
Bach/Prelude/bwv_848/SunY01M.mid,Bach/Prelude/bwv_848/midi_score.mid,validation,rubato,0.5987231129294289,3.047675393239029,2.1117997282256553,308
Bach/Prelude/bwv_848/SunY01M.mid,Bach/Prelude/bwv_848/midi_score.mid,validation,dynamics,-0.04642200508142786,3.80284313914422,1.2664470431432082,308
Bach/Prelude/bwv_848/SunY01M.mid,Bach/Prelude/bwv_848/midi_score.mid,validation,articulation,-0.42004513428490725,4.757001226587099,2.1600925097353114,308
Bach/Prelude/bwv_848/SunY01M.mid,Bach/Prelude/bwv_848/midi_score.mid,validation,pedal_depth,0.34180777426663833,3.47089831074092,1.156207859343711,308
Bach/Prelude/bwv_848/SunY01M.mid,Bach/Prelude/bwv_848/midi_score.mid,validation,pedal_down_ratio,0.4994462451631579,5.442588257133005,1.775254798118765,308
Bach/Prelude/bwv_848/SunY01M.mid,Bach/Prelude/bwv_848/midi_score.mid,validation,pedal_changes,0.3337198068930896,3.866978262373456,1.9432297409037729,308
Bach/Prelude/bwv_848/Zhou01M.mid,Bach/Prelude/bwv_848/midi_score.mid,validation,tempo,0.6585980559218289,2.1179324435197517,0.9868765742568697,308
Bach/Prelude/bwv_848/Zhou01M.mid,Bach/Prelude/bwv_848/midi_score.mid,validation,rubato,0.5821013899056361,3.40919001814685,1.4561572366900166,308
Bach/Prelude/bwv_848/Zhou01M.mid,Bach/Prelude/bwv_848/midi_score.mid,validation,dynamics,-0.3076941818774253,3.667944987248906,1.136775181946191,308
Bach/Prelude/bwv_848/Zhou01M.mid,Bach/Prelude/bwv_848/midi_score.mid,validation,articulation,-0.7292878994341392,4.529733793790354,2.1262381390662655,308
Bach/Prelude/bwv_848/Zhou01M.mid,Bach/Prelude/bwv_848/midi_score.mid,validation,pedal_depth,0.0,0.0,0.0,308
Bach/Prelude/bwv_848/Zhou01M.mid,Bach/Prelude/bwv_848/midi_score.mid,validation,pedal_down_ratio,0.0,0.0,0.0,308
Bach/Prelude/bwv_848/Zhou01M.mid,Bach/Prelude/bwv_848/midi_score.mid,validation,pedal_changes,0.0,0.0,0.0,308
Bach/Prelude/bwv_854/LuA01M.mid,Bach/Prelude/bwv_854/midi_score.mid,validation,tempo,-0.4420151391102767,2.5405064069007293,1.0665182693215987,91
Bach/Prelude/bwv_854/LuA01M.mid,Bach/Prelude/bwv_854/midi_score.mid,validation,rubato,1.0721112487758342,7.172751073433194,2.900746648927258,91
Bach/Prelude/bwv_854/LuA01M.mid,Bach/Prelude/bwv_854/midi_score.mid,validation,dynamics,-1.0651135962270215,3.9030664984031787,1.4137125886407755,91
Bach/Prelude/bwv_854/LuA01M.mid,Bach/Prelude/bwv_854/midi_score.mid,validation,articulation,0.3188177687980862,3.415553413357185,2.205452457297497,91
Bach/Prelude/bwv_854/LuA01M.mid,Bach/Prelude/bwv_854/midi_score.mid,validation,pedal_depth,0.1889565535543177,2.426305550099408,1.0027205587939572,91
Bach/Prelude/bwv_854/LuA01M.mid,Bach/Prelude/bwv_854/midi_score.mid,validation,pedal_down_ratio,0.164042709461822,1.5116244825254683,1.0497197369062614,91
Bach/Prelude/bwv_854/LuA01M.mid,Bach/Prelude/bwv_854/midi_score.mid,validation,pedal_changes,0.0,0.0,0.8479963552407341,91
Bach/Prelude/bwv_854/MiyashitaM01M.mid,Bach/Prelude/bwv_854/midi_score.mid,validation,tempo,1.1574422325242109,2.5182334305463026,0.9283845566486336,91
Bach/Prelude/bwv_854/MiyashitaM01M.mid,Bach/Prelude/bwv_854/midi_score.mid,validation,rubato,0.47230734311830125,5.209479178586779,1.8108612187821087,91
Bach/Prelude/bwv_854/MiyashitaM01M.mid,Bach/Prelude/bwv_854/midi_score.mid,validation,dynamics,0.24985603600546993,3.692879669594178,1.2012765177720537,91
Bach/Prelude/bwv_854/MiyashitaM01M.mid,Bach/Prelude/bwv_854/midi_score.mid,validation,articulation,-1.1672277293405633,3.689716521337648,1.5775439610283766,91
Bach/Prelude/bwv_854/MiyashitaM01M.mid,Bach/Prelude/bwv_854/midi_score.mid,validation,pedal_depth,0.13222143465168099,3.258594584258279,0.978690826883196,91
Bach/Prelude/bwv_854/MiyashitaM01M.mid,Bach/Prelude/bwv_854/midi_score.mid,validation,pedal_down_ratio,0.0469410797547398,3.446367446186983,1.100035084256244,91
Bach/Prelude/bwv_854/MiyashitaM01M.mid,Bach/Prelude/bwv_854/midi_score.mid,validation,pedal_changes,0.5561050666251613,2.5580833064757424,1.6959927104814683,91
Bach/Prelude/bwv_854/Ozaki01M.mid,Bach/Prelude/bwv_854/midi_score.mid,validation,tempo,-0.32179583190842465,1.6427017487139652,0.7135135547334177,91
Bach/Prelude/bwv_854/Ozaki01M.mid,Bach/Prelude/bwv_854/midi_score.mid,validation,rubato,0.5947655299193788,4.245512029290381,1.7161229587404703,91
Bach/Prelude/bwv_854/Ozaki01M.mid,Bach/Prelude/bwv_854/midi_score.mid,validation,dynamics,0.5608403018358507,4.338919804474084,1.3328712301121264,91
Bach/Prelude/bwv_854/Ozaki01M.mid,Bach/Prelude/bwv_854/midi_score.mid,validation,articulation,1.4863237919681032,3.594791564050204,1.6284420060730538,91
Bach/Prelude/bwv_854/Ozaki01M.mid,Bach/Prelude/bwv_854/midi_score.mid,validation,pedal_depth,0.6575980417266571,2.9017483207450314,1.3951224425075452,91
Bach/Prelude/bwv_854/Ozaki01M.mid,Bach/Prelude/bwv_854/midi_score.mid,validation,pedal_down_ratio,0.3811612144728058,2.45833941687289,1.4225437479191663,91
Bach/Prelude/bwv_854/Ozaki01M.mid,Bach/Prelude/bwv_854/midi_score.mid,validation,pedal_changes,0.16683151998754842,2.5580833064757424,1.1377064969942048,91
Bach/Prelude/bwv_854/Richardson01M.mid,Bach/Prelude/bwv_854/midi_score.mid,validation,tempo,-0.9603432309199349,2.231902172532015,0.9958086854582642,91
Bach/Prelude/bwv_854/Richardson01M.mid,Bach/Prelude/bwv_854/midi_score.mid,validation,rubato,0.7645236314384481,5.807244736830802,2.2331418362195894,91
Bach/Prelude/bwv_854/Richardson01M.mid,Bach/Prelude/bwv_854/midi_score.mid,validation,dynamics,-0.1311484914904341,2.7774850993417157,1.0153079741678406,91
Bach/Prelude/bwv_854/Richardson01M.mid,Bach/Prelude/bwv_854/midi_score.mid,validation,articulation,0.2760280386528202,2.851818180770732,1.5492669679332516,91
Bach/Prelude/bwv_854/Richardson01M.mid,Bach/Prelude/bwv_854/midi_score.mid,validation,pedal_depth,0.3035649079030464,2.670122383334665,1.1716460611457034,91
Bach/Prelude/bwv_854/Richardson01M.mid,Bach/Prelude/bwv_854/midi_score.mid,validation,pedal_down_ratio,0.42206081968116177,2.580485062198181,1.446090729103541,91
Bach/Prelude/bwv_854/Richardson01M.mid,Bach/Prelude/bwv_854/midi_score.mid,validation,pedal_changes,0.11122101332503229,2.5580833064757424,1.1377064969942048,91
Bach/Prelude/bwv_854/WangA01M.mid,Bach/Prelude/bwv_854/midi_score.mid,validation,tempo,0.8786966678349856,1.9088648681414668,0.8657709481033316,91
Bach/Prelude/bwv_854/WangA01M.mid,Bach/Prelude/bwv_854/midi_score.mid,validation,rubato,0.6035045743076252,4.639877735048424,1.810426550483469,91
Bach/Prelude/bwv_854/WangA01M.mid,Bach/Prelude/bwv_854/midi_score.mid,validation,dynamics,0.19870341436630815,3.5151345349645693,1.301959642353964,91
Bach/Prelude/bwv_854/WangA01M.mid,Bach/Prelude/bwv_854/midi_score.mid,validation,articulation,-0.4499586445153266,2.2972760371646928,1.172904537330346,91
Bach/Prelude/bwv_854/WangA01M.mid,Bach/Prelude/bwv_854/midi_score.mid,validation,pedal_depth,-0.27831312272506664,1.9814738127691964,0.9400145636329671,91
Bach/Prelude/bwv_854/WangA01M.mid,Bach/Prelude/bwv_854/midi_score.mid,validation,pedal_down_ratio,-0.11902428334404261,2.0680410959453868,0.8840115776846973,91
Bach/Prelude/bwv_854/WangA01M.mid,Bach/Prelude/bwv_854/midi_score.mid,validation,pedal_changes,-0.05561050666251614,2.5580833064757424,0.9289334648950285,91
Bach/Prelude/bwv_857/Bult-ItoS02M.mid,Bach/Prelude/bwv_857/midi_score.mid,validation,tempo,1.0127460379735693,1.399097703956215,0.4750175194370537,83
Bach/Prelude/bwv_857/Bult-ItoS02M.mid,Bach/Prelude/bwv_857/midi_score.mid,validation,rubato,0.7649500874743467,4.129895684669895,1.6811074893554707,83
Bach/Prelude/bwv_857/Bult-ItoS02M.mid,Bach/Prelude/bwv_857/midi_score.mid,validation,dynamics,0.2608101895160193,3.9971755026612366,1.0652333626140524,83
Bach/Prelude/bwv_857/Bult-ItoS02M.mid,Bach/Prelude/bwv_857/midi_score.mid,validation,articulation,0.3765449983065351,3.2211358768343734,1.6652929877202896,83
Bach/Prelude/bwv_857/Bult-ItoS02M.mid,Bach/Prelude/bwv_857/midi_score.mid,validation,pedal_depth,0.5497387999267789,1.55189040945203,0.5843157244052583,83
Bach/Prelude/bwv_857/Bult-ItoS02M.mid,Bach/Prelude/bwv_857/midi_score.mid,validation,pedal_down_ratio,0.3353491832610206,1.7856123956722425,0.7339237463657795,83
Bach/Prelude/bwv_857/Bult-ItoS02M.mid,Bach/Prelude/bwv_857/midi_score.mid,validation,pedal_changes,0.2304596307553692,1.4518956737588256,0.7550066764165252,83
Bach/Prelude/bwv_857/Lan01M.mid,Bach/Prelude/bwv_857/midi_score.mid,validation,tempo,0.09249437079097692,0.7305825590856471,0.2941832080185095,83
Bach/Prelude/bwv_857/Lan01M.mid,Bach/Prelude/bwv_857/midi_score.mid,validation,rubato,0.6178227999551682,3.980675916456047,1.632207222908321,83
Bach/Prelude/bwv_857/Lan01M.mid,Bach/Prelude/bwv_857/midi_score.mid,validation,dynamics,-0.5111864769529035,2.9694075872843504,1.026597089369417,83
Bach/Prelude/bwv_857/Lan01M.mid,Bach/Prelude/bwv_857/midi_score.mid,validation,articulation,1.6976033030274351,8.019557505241794,3.6628136333154173,83
Bach/Prelude/bwv_857/Lan01M.mid,Bach/Prelude/bwv_857/midi_score.mid,validation,pedal_depth,-1.160675269407749,2.017087280901531,0.7846494253532312,83
Bach/Prelude/bwv_857/Lan01M.mid,Bach/Prelude/bwv_857/midi_score.mid,validation,pedal_down_ratio,-0.8991739487100787,2.1627272428210595,0.9256027526078934,83
Bach/Prelude/bwv_857/Lan01M.mid,Bach/Prelude/bwv_857/midi_score.mid,validation,pedal_changes,-0.9909764122480873,1.9358608983451009,0.6506100081814866,83
Bach/Prelude/bwv_857/Lisiecki04M.mid,Bach/Prelude/bwv_857/midi_score.mid,validation,tempo,0.5826051703048882,1.2010608355697543,0.6179061694584669,83
Bach/Prelude/bwv_857/Lisiecki04M.mid,Bach/Prelude/bwv_857/midi_score.mid,validation,rubato,1.1792480222240664,5.526347178974598,2.813099744808358,83
Bach/Prelude/bwv_857/Lisiecki04M.mid,Bach/Prelude/bwv_857/midi_score.mid,validation,dynamics,-0.3067763764187273,4.57350408049232,1.1602376337851918,83
Bach/Prelude/bwv_857/Lisiecki04M.mid,Bach/Prelude/bwv_857/midi_score.mid,validation,articulation,-0.21657729230742676,3.3335836548812376,1.444727831165485,83
Bach/Prelude/bwv_857/Lisiecki04M.mid,Bach/Prelude/bwv_857/midi_score.mid,validation,pedal_depth,-0.9025028548229171,2.0820391223913273,0.8248845965372186,83
Bach/Prelude/bwv_857/Lisiecki04M.mid,Bach/Prelude/bwv_857/midi_score.mid,validation,pedal_down_ratio,-0.5879912550264745,2.704437368729631,1.0518705914262854,83
Bach/Prelude/bwv_857/Lisiecki04M.mid,Bach/Prelude/bwv_857/midi_score.mid,validation,pedal_changes,-0.7259478368794129,2.831196563829707,0.7166561021106568,83
Bach/Prelude/bwv_857/ToA01M.mid,Bach/Prelude/bwv_857/midi_score.mid,validation,tempo,-0.8602045356418806,1.3431499605200021,0.5519367446555746,83
Bach/Prelude/bwv_857/ToA01M.mid,Bach/Prelude/bwv_857/midi_score.mid,validation,rubato,0.5444877066838095,5.743301650870843,2.1577227492671107,83
Bach/Prelude/bwv_857/ToA01M.mid,Bach/Prelude/bwv_857/midi_score.mid,validation,dynamics,-0.17513372298430852,2.31394012989806,0.781778005712991,83
Bach/Prelude/bwv_857/ToA01M.mid,Bach/Prelude/bwv_857/midi_score.mid,validation,articulation,0.20694632622011216,4.617029964143282,2.8434196693887603,83
Bach/Prelude/bwv_857/ToA01M.mid,Bach/Prelude/bwv_857/midi_score.mid,validation,pedal_depth,0.8433429285150279,2.1254531856327863,0.7775127658056425,83
Bach/Prelude/bwv_857/ToA01M.mid,Bach/Prelude/bwv_857/midi_score.mid,validation,pedal_down_ratio,1.0173161363100174,2.3849119561883403,0.9274982110846798,83
Bach/Prelude/bwv_857/ToA01M.mid,Bach/Prelude/bwv_857/midi_score.mid,validation,pedal_changes,1.0140223753236242,2.903791347517651,1.1565496564590232,83
Bach/Prelude/bwv_857/WangA01M.mid,Bach/Prelude/bwv_857/midi_score.mid,validation,tempo,-1.2919096135859054,1.2624468547208647,0.48119029414277253,83
Bach/Prelude/bwv_857/WangA01M.mid,Bach/Prelude/bwv_857/midi_score.mid,validation,rubato,0.5762903283553211,4.529561862553647,1.7165575488668412,83
Bach/Prelude/bwv_857/WangA01M.mid,Bach/Prelude/bwv_857/midi_score.mid,validation,dynamics,0.18444766464397006,3.573103411896392,0.9537291121638388,83
Bach/Prelude/bwv_857/WangA01M.mid,Bach/Prelude/bwv_857/midi_score.mid,validation,articulation,-0.6805800692279685,2.92060023499594,1.2127034236541963,83
Bach/Prelude/bwv_857/WangA01M.mid,Bach/Prelude/bwv_857/midi_score.mid,validation,pedal_depth,0.5417855982877947,1.711278921800138,0.9103894253945947,83
Bach/Prelude/bwv_857/WangA01M.mid,Bach/Prelude/bwv_857/midi_score.mid,validation,pedal_down_ratio,0.44703419545188855,2.729559183084702,1.1163050898678664,83
Bach/Prelude/bwv_857/WangA01M.mid,Bach/Prelude/bwv_857/midi_score.mid,validation,pedal_changes,0.44939627997297,1.9358608983451009,0.8857221595452345,83
Bach/Prelude/bwv_857/YuP01M.mid,Bach/Prelude/bwv_857/midi_score.mid,validation,tempo,-0.0014510957854842756,0.5553835919646506,0.3394677283832679,83
Bach/Prelude/bwv_857/YuP01M.mid,Bach/Prelude/bwv_857/midi_score.mid,validation,rubato,0.5049147787166621,3.4931572754763156,1.6200551047765819,83
Bach/Prelude/bwv_857/YuP01M.mid,Bach/Prelude/bwv_857/midi_score.mid,validation,dynamics,0.6046184536655583,4.120495724622935,1.0964663029323387,83
Bach/Prelude/bwv_857/YuP01M.mid,Bach/Prelude/bwv_857/midi_score.mid,validation,articulation,-0.42598624262208173,5.919421530701818,2.909523400559745,83
Bach/Prelude/bwv_857/YuP01M.mid,Bach/Prelude/bwv_857/midi_score.mid,validation,pedal_depth,-0.1957033164824374,1.9512104360400215,0.7093908979438887,83
Bach/Prelude/bwv_857/YuP01M.mid,Bach/Prelude/bwv_857/midi_score.mid,validation,pedal_down_ratio,0.11663564345217373,2.195069603635346,0.8112462245544118,83
Bach/Prelude/bwv_857/YuP01M.mid,Bach/Prelude/bwv_857/midi_score.mid,validation,pedal_changes,-0.03456894461330536,1.9358608983451009,0.8056363123457614,83
Bach/Prelude/bwv_860/Ko04M.mid,Bach/Prelude/bwv_860/midi_score.mid,train,tempo,-0.030045990190609346,3.3964167264671,1.307138202673582,143
Bach/Prelude/bwv_860/Ko04M.mid,Bach/Prelude/bwv_860/midi_score.mid,train,rubato,0.5977427603850503,3.680964133075853,1.5558037509626337,143
Bach/Prelude/bwv_860/Ko04M.mid,Bach/Prelude/bwv_860/midi_score.mid,train,dynamics,0.9956804041520075,2.7467961688924825,1.1117870821261002,143
Bach/Prelude/bwv_860/Ko04M.mid,Bach/Prelude/bwv_860/midi_score.mid,train,articulation,0.5259001248866128,4.4809437634190505,1.4957605620155505,143
Bach/Prelude/bwv_860/Ko04M.mid,Bach/Prelude/bwv_860/midi_score.mid,train,pedal_depth,0.4440849241252354,3.80719703977512,1.3320402795945074,143
Bach/Prelude/bwv_860/Ko04M.mid,Bach/Prelude/bwv_860/midi_score.mid,train,pedal_down_ratio,0.7129683531421427,5.601886420647693,2.1193689223012524,143
Bach/Prelude/bwv_860/Ko04M.mid,Bach/Prelude/bwv_860/midi_score.mid,train,pedal_changes,0.7071237730230779,2.9948771563330356,1.5438417616880475,143
Bach/Prelude/bwv_860/Nikiforov05M.mid,Bach/Prelude/bwv_860/midi_score.mid,train,tempo,-0.09927902167278496,3.9922399162457105,1.4969931268867187,143
Bach/Prelude/bwv_860/Nikiforov05M.mid,Bach/Prelude/bwv_860/midi_score.mid,train,rubato,0.6613231739328725,4.541762988836813,1.7534459510541134,143
Bach/Prelude/bwv_860/Nikiforov05M.mid,Bach/Prelude/bwv_860/midi_score.mid,train,dynamics,-0.21806750189321353,3.8648320518008914,1.017131296527924,143
Bach/Prelude/bwv_860/Nikiforov05M.mid,Bach/Prelude/bwv_860/midi_score.mid,train,articulation,0.3558639062590571,3.5359160181830545,1.7953218455575009,143
Bach/Prelude/bwv_860/Nikiforov05M.mid,Bach/Prelude/bwv_860/midi_score.mid,train,pedal_depth,1.4375386391973382,2.4664783231901968,0.6620575503344941,143
Bach/Prelude/bwv_860/Nikiforov05M.mid,Bach/Prelude/bwv_860/midi_score.mid,train,pedal_down_ratio,0.03762797866371777,0.0,0.35779728741238004,143
Bach/Prelude/bwv_860/Nikiforov05M.mid,Bach/Prelude/bwv_860/midi_score.mid,train,pedal_changes,0.041595516060181054,0.0,0.35418159073768435,143
Bach/Prelude/bwv_860/Tetzloff04M.mid,Bach/Prelude/bwv_860/midi_score.mid,train,tempo,-0.33823461943926453,3.827764167098713,1.4626371149736679,143
Bach/Prelude/bwv_860/Tetzloff04M.mid,Bach/Prelude/bwv_860/midi_score.mid,train,rubato,0.8303637433245397,4.7657006842991745,1.672943875751637,143
Bach/Prelude/bwv_860/Tetzloff04M.mid,Bach/Prelude/bwv_860/midi_score.mid,train,dynamics,-0.18621298062819724,3.692252349476143,1.1378321404644698,143
Bach/Prelude/bwv_860/Tetzloff04M.mid,Bach/Prelude/bwv_860/midi_score.mid,train,articulation,-0.6196724329835732,5.685838883249087,2.355021126865725,143
Bach/Prelude/bwv_860/Tetzloff04M.mid,Bach/Prelude/bwv_860/midi_score.mid,train,pedal_depth,1.204039707819983,2.9127493656498644,1.0377890453947825,143
Bach/Prelude/bwv_860/Tetzloff04M.mid,Bach/Prelude/bwv_860/midi_score.mid,train,pedal_down_ratio,0.5237079428149946,4.877009309946861,1.7897803979876947,143
Bach/Prelude/bwv_860/Tetzloff04M.mid,Bach/Prelude/bwv_860/midi_score.mid,train,pedal_changes,0.6655282569628969,5.989754312666071,1.9719996388797267,143
Bach/Prelude/bwv_860/TuanS01M.mid,Bach/Prelude/bwv_860/midi_score.mid,train,tempo,-0.25215463993770215,3.04390235125616,1.555821816647019,143
Bach/Prelude/bwv_860/TuanS01M.mid,Bach/Prelude/bwv_860/midi_score.mid,train,rubato,0.49688170241485885,3.571443635001529,1.7778944237161607,143
Bach/Prelude/bwv_860/TuanS01M.mid,Bach/Prelude/bwv_860/midi_score.mid,train,dynamics,-0.06440137696039502,4.3800530599397405,1.226106654085599,143
Bach/Prelude/bwv_860/TuanS01M.mid,Bach/Prelude/bwv_860/midi_score.mid,train,articulation,-0.460238104780598,5.905131398490309,2.037451173508078,143
Bach/Prelude/bwv_860/TuanS01M.mid,Bach/Prelude/bwv_860/midi_score.mid,train,pedal_depth,-0.05269853547783729,0.8631100927171123,0.4354678744566783,143
Bach/Prelude/bwv_860/TuanS01M.mid,Bach/Prelude/bwv_860/midi_score.mid,train,pedal_down_ratio,0.05215296127080679,0.0,0.5567451383867493,143
Bach/Prelude/bwv_860/TuanS01M.mid,Bach/Prelude/bwv_860/midi_score.mid,train,pedal_changes,0.041595516060181054,0.0,0.35418159073768435,143
Bach/Prelude/bwv_860/YoungS01M.mid,Bach/Prelude/bwv_860/midi_score.mid,train,tempo,0.9435424494046983,3.953077453740366,1.6725199085866358,143
Bach/Prelude/bwv_860/YoungS01M.mid,Bach/Prelude/bwv_860/midi_score.mid,train,rubato,0.6495019126008921,4.507966941969537,1.7626249774986429,143
Bach/Prelude/bwv_860/YoungS01M.mid,Bach/Prelude/bwv_860/midi_score.mid,train,dynamics,-0.010393938290876117,3.2286523674625656,1.354154887673004,143
Bach/Prelude/bwv_860/YoungS01M.mid,Bach/Prelude/bwv_860/midi_score.mid,train,articulation,-1.4884391359835125,6.422718105033224,2.5425675087184785,143
Bach/Prelude/bwv_860/YoungS01M.mid,Bach/Prelude/bwv_860/midi_score.mid,train,pedal_depth,-0.0878586015579319,0.8733614697534531,0.29502734360275334,143
Bach/Prelude/bwv_860/YoungS01M.mid,Bach/Prelude/bwv_860/midi_score.mid,train,pedal_down_ratio,0.0,0.0,0.0,143
Bach/Prelude/bwv_860/YoungS01M.mid,Bach/Prelude/bwv_860/midi_score.mid,train,pedal_changes,0.0,0.0,0.0,143
Bach/Prelude/bwv_860/ZhangH04M.mid,Bach/Prelude/bwv_860/midi_score.mid,train,tempo,-0.18342845271827857,3.8283828209626862,1.594606848231227,143
Bach/Prelude/bwv_860/ZhangH04M.mid,Bach/Prelude/bwv_860/midi_score.mid,train,rubato,0.8424266771835465,4.663195386658533,1.8303139561811883,143
Bach/Prelude/bwv_860/ZhangH04M.mid,Bach/Prelude/bwv_860/midi_score.mid,train,dynamics,-0.7630667417528336,3.448176626646881,1.1205308712699151,143
Bach/Prelude/bwv_860/ZhangH04M.mid,Bach/Prelude/bwv_860/midi_score.mid,train,articulation,0.06947526213373909,5.971657557630044,2.345000636136486,143
Bach/Prelude/bwv_860/ZhangH04M.mid,Bach/Prelude/bwv_860/midi_score.mid,train,pedal_depth,-0.0878586015579319,0.8733614697534531,0.29502734360275334,143
Bach/Prelude/bwv_860/ZhangH04M.mid,Bach/Prelude/bwv_860/midi_score.mid,train,pedal_down_ratio,0.0,0.0,0.0,143
Bach/Prelude/bwv_860/ZhangH04M.mid,Bach/Prelude/bwv_860/midi_score.mid,train,pedal_changes,0.0,0.0,0.0,143
Bach/Prelude/bwv_885/Chon02.mid,Bach/Prelude/bwv_885/midi_score.mid,train,tempo,0.240060494791322,1.6332339856889715,0.6582182067845941,82
Bach/Prelude/bwv_885/Chon02.mid,Bach/Prelude/bwv_885/midi_score.mid,train,rubato,0.7051532400686539,3.8310045250102682,1.4449872165111342,82
Bach/Prelude/bwv_885/Chon02.mid,Bach/Prelude/bwv_885/midi_score.mid,train,dynamics,-1.0090076270374682,2.7163885676252315,0.9068241690864647,82
Bach/Prelude/bwv_885/Chon02.mid,Bach/Prelude/bwv_885/midi_score.mid,train,articulation,0.9675048477776569,2.380755728668012,1.2851347331756349,82
Bach/Prelude/bwv_885/Chon02.mid,Bach/Prelude/bwv_885/midi_score.mid,train,pedal_depth,-0.32861425768230307,1.8645041738152164,0.7500804274189983,82
Bach/Prelude/bwv_885/Chon02.mid,Bach/Prelude/bwv_885/midi_score.mid,train,pedal_down_ratio,-0.8351445834540209,2.3844585958713367,0.9920025990691536,82
Bach/Prelude/bwv_885/Chon02.mid,Bach/Prelude/bwv_885/midi_score.mid,train,pedal_changes,-0.7283843435033277,2.106796532951289,0.9301626891743415,82
Bach/Prelude/bwv_885/Guo01M.mid,Bach/Prelude/bwv_885/midi_score.mid,train,tempo,1.6066194726723635,3.1752974098664755,0.9146218537874917,82
Bach/Prelude/bwv_885/Guo01M.mid,Bach/Prelude/bwv_885/midi_score.mid,train,rubato,0.6958134461592331,7.007284589436204,1.8928103728391403,82
Bach/Prelude/bwv_885/Guo01M.mid,Bach/Prelude/bwv_885/midi_score.mid,train,dynamics,0.7684939096754608,3.4372418389333443,1.0083826886170393,82
Bach/Prelude/bwv_885/Guo01M.mid,Bach/Prelude/bwv_885/midi_score.mid,train,articulation,0.8201009130915284,2.0790351974843144,1.02782772593346,82
Bach/Prelude/bwv_885/Guo01M.mid,Bach/Prelude/bwv_885/midi_score.mid,train,pedal_depth,-2.0301703632985055,1.140188819272383,0.48076564673743377,82
Bach/Prelude/bwv_885/Guo01M.mid,Bach/Prelude/bwv_885/midi_score.mid,train,pedal_down_ratio,-2.11767371697999,1.1034418096784813,0.5336440161846442,82
Bach/Prelude/bwv_885/Guo01M.mid,Bach/Prelude/bwv_885/midi_score.mid,train,pedal_changes,-2.1262936896208258,0.9159984925875184,0.4485937655530397,82
Bach/Prelude/bwv_885/Huang04M.mid,Bach/Prelude/bwv_885/midi_score.mid,train,tempo,0.6444785745480917,1.810288522650515,0.6770108426483863,82
Bach/Prelude/bwv_885/Huang04M.mid,Bach/Prelude/bwv_885/midi_score.mid,train,rubato,0.7013533981792895,4.571292553639077,1.3832755182457728,82
Bach/Prelude/bwv_885/Huang04M.mid,Bach/Prelude/bwv_885/midi_score.mid,train,dynamics,0.320418676580466,2.0521255934171347,0.7526068834629244,82
Bach/Prelude/bwv_885/Huang04M.mid,Bach/Prelude/bwv_885/midi_score.mid,train,articulation,-0.26920814172227986,1.810162978111706,0.9150599949694955,82
Bach/Prelude/bwv_885/Huang04M.mid,Bach/Prelude/bwv_885/midi_score.mid,train,pedal_depth,-0.6116015577798377,1.0457660734119936,0.4604662282346814,82
Bach/Prelude/bwv_885/Huang04M.mid,Bach/Prelude/bwv_885/midi_score.mid,train,pedal_down_ratio,-0.17203058177491148,1.299966372178562,0.5052995950983525,82
Bach/Prelude/bwv_885/Huang04M.mid,Bach/Prelude/bwv_885/midi_score.mid,train,pedal_changes,-0.11771868177831557,1.52666415431253,0.6983855362278356,82
Bach/Prelude/bwv_885/JeonH01M.mid,Bach/Prelude/bwv_885/midi_score.mid,train,tempo,-1.4687016968467215,3.436896057720023,0.9965842518267886,82
Bach/Prelude/bwv_885/JeonH01M.mid,Bach/Prelude/bwv_885/midi_score.mid,train,rubato,1.275980987019657,7.456858191549629,1.9656592515684121,82
Bach/Prelude/bwv_885/JeonH01M.mid,Bach/Prelude/bwv_885/midi_score.mid,train,dynamics,-1.9300551082986726,3.5493156083306188,1.1266122730606496,82
Bach/Prelude/bwv_885/JeonH01M.mid,Bach/Prelude/bwv_885/midi_score.mid,train,articulation,0.24186622396199814,2.958546797819115,0.997521334634815,82
Bach/Prelude/bwv_885/JeonH01M.mid,Bach/Prelude/bwv_885/midi_score.mid,train,pedal_depth,0.6732953631522687,1.0856405833902805,0.42287276054428674,82
Bach/Prelude/bwv_885/JeonH01M.mid,Bach/Prelude/bwv_885/midi_score.mid,train,pedal_down_ratio,0.3247223344607889,1.047757892443291,0.48804344177362896,82
Bach/Prelude/bwv_885/JeonH01M.mid,Bach/Prelude/bwv_885/midi_score.mid,train,pedal_changes,0.1839354402786181,1.52666415431253,0.7048672051580203,82
Bach/Prelude/bwv_885/SINKEV01.mid,Bach/Prelude/bwv_885/midi_score.mid,train,tempo,-0.4232599295037564,1.4400993106684257,0.5460780129417557,82
Bach/Prelude/bwv_885/SINKEV01.mid,Bach/Prelude/bwv_885/midi_score.mid,train,rubato,0.4661855586442487,2.9490687559426223,0.9783546333935744,82
Bach/Prelude/bwv_885/SINKEV01.mid,Bach/Prelude/bwv_885/midi_score.mid,train,dynamics,0.45812149993425033,1.728415543159326,0.483098537689255,82
Bach/Prelude/bwv_885/SINKEV01.mid,Bach/Prelude/bwv_885/midi_score.mid,train,articulation,-1.571516311058303,3.7003963037245775,1.7815347256110112,82
Bach/Prelude/bwv_885/SINKEV01.mid,Bach/Prelude/bwv_885/midi_score.mid,train,pedal_depth,0.16114425398639984,0.8047399320210066,0.39372617292673806,82
Bach/Prelude/bwv_885/SINKEV01.mid,Bach/Prelude/bwv_885/midi_score.mid,train,pedal_down_ratio,0.11716000178707683,1.0046908090298903,0.48856985798660035,82
Bach/Prelude/bwv_885/SINKEV01.mid,Bach/Prelude/bwv_885/midi_score.mid,train,pedal_changes,0.3163689572792232,1.5266641543125303,0.7900466906293063,82
Bach/Prelude/bwv_885/SINKEV06.mid,Bach/Prelude/bwv_885/midi_score.mid,train,tempo,-0.37931650412369744,1.7956766328274263,0.5694797949228186,82
Bach/Prelude/bwv_885/SINKEV06.mid,Bach/Prelude/bwv_885/midi_score.mid,train,rubato,0.5812412550603787,4.274267059367646,1.3075015570648836,82
Bach/Prelude/bwv_885/SINKEV06.mid,Bach/Prelude/bwv_885/midi_score.mid,train,dynamics,0.32180369462730196,2.282189990035782,0.659256872724404,82
Bach/Prelude/bwv_885/SINKEV06.mid,Bach/Prelude/bwv_885/midi_score.mid,train,articulation,-1.7059071073539347,3.611422525407497,1.663682905619302,82
Bach/Prelude/bwv_885/SINKEV06.mid,Bach/Prelude/bwv_885/midi_score.mid,train,pedal_depth,0.6489816337080229,1.0224168337750033,0.44383444150913465,82
Bach/Prelude/bwv_885/SINKEV06.mid,Bach/Prelude/bwv_885/midi_score.mid,train,pedal_down_ratio,0.48939995787754575,1.0055553963405526,0.5016141001480804,82
Bach/Prelude/bwv_885/SINKEV06.mid,Bach/Prelude/bwv_885/midi_score.mid,train,pedal_changes,0.3090115396680784,1.190798040363771,0.5692316211037426,82
Bach/Prelude/bwv_889/Giesbrecht01M.mid,Bach/Prelude/bwv_889/midi_score.mid,train,tempo,-0.8313426080737291,1.7177326732411302,1.0441547651221543,126
Bach/Prelude/bwv_889/Giesbrecht01M.mid,Bach/Prelude/bwv_889/midi_score.mid,train,rubato,1.0677446851615513,4.74619605225471,2.9349499227911955,126
Bach/Prelude/bwv_889/Giesbrecht01M.mid,Bach/Prelude/bwv_889/midi_score.mid,train,dynamics,0.7137925965878045,1.9791862901526869,0.6741490903172058,126
Bach/Prelude/bwv_889/Giesbrecht01M.mid,Bach/Prelude/bwv_889/midi_score.mid,train,articulation,0.2134120756912727,2.2217052197730927,1.0473692129404775,126
Bach/Prelude/bwv_889/Giesbrecht01M.mid,Bach/Prelude/bwv_889/midi_score.mid,train,pedal_depth,1.8213385031800622,2.838405271271517,0.4107875882206929,126
Bach/Prelude/bwv_889/Giesbrecht01M.mid,Bach/Prelude/bwv_889/midi_score.mid,train,pedal_down_ratio,0.0,0.0,0.0,126
Bach/Prelude/bwv_889/Giesbrecht01M.mid,Bach/Prelude/bwv_889/midi_score.mid,train,pedal_changes,0.0,0.0,0.0,126
Bach/Prelude/bwv_889/LiuY01M.mid,Bach/Prelude/bwv_889/midi_score.mid,train,tempo,-0.06688249767214474,1.1006581395228126,0.5932559664752501,126
Bach/Prelude/bwv_889/LiuY01M.mid,Bach/Prelude/bwv_889/midi_score.mid,train,rubato,0.6287882312847946,4.081164717043551,2.2242641284959177,126
Bach/Prelude/bwv_889/LiuY01M.mid,Bach/Prelude/bwv_889/midi_score.mid,train,dynamics,-1.455668972977427,2.3044773207889873,0.7742353020247682,126
Bach/Prelude/bwv_889/LiuY01M.mid,Bach/Prelude/bwv_889/midi_score.mid,train,articulation,0.8766244357991237,3.965062965245729,1.4424385357081912,126
Bach/Prelude/bwv_889/LiuY01M.mid,Bach/Prelude/bwv_889/midi_score.mid,train,pedal_depth,-0.2687271067204353,1.2844532508013717,0.31887058738234797,126
Bach/Prelude/bwv_889/LiuY01M.mid,Bach/Prelude/bwv_889/midi_score.mid,train,pedal_down_ratio,0.0,0.0,0.0,126
Bach/Prelude/bwv_889/LiuY01M.mid,Bach/Prelude/bwv_889/midi_score.mid,train,pedal_changes,0.0,0.0,0.0,126
Bach/Prelude/bwv_889/MunA01M.mid,Bach/Prelude/bwv_889/midi_score.mid,train,tempo,0.04696789288128122,0.7397277661827805,0.3499123196416119,126
Bach/Prelude/bwv_889/MunA01M.mid,Bach/Prelude/bwv_889/midi_score.mid,train,rubato,0.4417610760366737,3.2618773394482545,1.2712499065593612,126
Bach/Prelude/bwv_889/MunA01M.mid,Bach/Prelude/bwv_889/midi_score.mid,train,dynamics,0.7315108157276194,2.088791038567632,0.6398654404311467,126
Bach/Prelude/bwv_889/MunA01M.mid,Bach/Prelude/bwv_889/midi_score.mid,train,articulation,-0.3204980742165561,2.2085686156388347,1.0107177218499557,126
Bach/Prelude/bwv_889/MunA01M.mid,Bach/Prelude/bwv_889/midi_score.mid,train,pedal_depth,-0.235313011091328,1.2684431137552348,0.28878616653187716,126
Bach/Prelude/bwv_889/MunA01M.mid,Bach/Prelude/bwv_889/midi_score.mid,train,pedal_down_ratio,0.0,0.0,0.0,126
Bach/Prelude/bwv_889/MunA01M.mid,Bach/Prelude/bwv_889/midi_score.mid,train,pedal_changes,0.0,0.0,0.0,126
Bach/Prelude/bwv_889/Wang01M.mid,Bach/Prelude/bwv_889/midi_score.mid,train,tempo,-1.0393146926366612,1.6868983025460103,0.776191055931651,126
Bach/Prelude/bwv_889/Wang01M.mid,Bach/Prelude/bwv_889/midi_score.mid,train,rubato,0.4202062600605372,3.6424179608477383,1.9969223305386326,126
Bach/Prelude/bwv_889/Wang01M.mid,Bach/Prelude/bwv_889/midi_score.mid,train,dynamics,0.29087226911998754,2.0885698134643045,0.6683415180942966,126
Bach/Prelude/bwv_889/Wang01M.mid,Bach/Prelude/bwv_889/midi_score.mid,train,articulation,-0.6728554546852819,2.1817139170668,1.1402009962825461,126
Bach/Prelude/bwv_889/Wang01M.mid,Bach/Prelude/bwv_889/midi_score.mid,train,pedal_depth,0.7267942969112746,2.495990745021522,0.38974488984191646,126
Bach/Prelude/bwv_889/Wang01M.mid,Bach/Prelude/bwv_889/midi_score.mid,train,pedal_down_ratio,0.20523427038907152,0.0,1.156070709246338,126
Bach/Prelude/bwv_889/Wang01M.mid,Bach/Prelude/bwv_889/midi_score.mid,train,pedal_changes,0.23227468205581653,0.0,1.229120175043742,126
Bach/Prelude/bwv_889/YangY02M.mid,Bach/Prelude/bwv_889/midi_score.mid,train,tempo,0.8216474861567739,1.6359604930227831,1.0103402200799183,126
Bach/Prelude/bwv_889/YangY02M.mid,Bach/Prelude/bwv_889/midi_score.mid,train,rubato,0.6711040311980766,5.323518513663613,3.0702463424289017,126
Bach/Prelude/bwv_889/YangY02M.mid,Bach/Prelude/bwv_889/midi_score.mid,train,dynamics,-0.43354927410196376,2.261111738188692,0.7108008627500368,126
Bach/Prelude/bwv_889/YangY02M.mid,Bach/Prelude/bwv_889/midi_score.mid,train,articulation,-0.41593738922248313,3.2754594704113256,2.135427092469866,126
Bach/Prelude/bwv_889/YangY02M.mid,Bach/Prelude/bwv_889/midi_score.mid,train,pedal_depth,0.12773153853800748,2.698264451154288,0.573255936661471,126
Bach/Prelude/bwv_889/YangY02M.mid,Bach/Prelude/bwv_889/midi_score.mid,train,pedal_down_ratio,0.1591049684793243,0.0,1.6026847418598549,126
Bach/Prelude/bwv_889/YangY02M.mid,Bach/Prelude/bwv_889/midi_score.mid,train,pedal_changes,0.11613734102790826,0.0,0.6569923688836138,126
Bach/Prelude/bwv_889/ZhangW02M.mid,Bach/Prelude/bwv_889/midi_score.mid,train,tempo,1.7479178474655013,2.6192002334860276,1.0911197555736651,126
Bach/Prelude/bwv_889/ZhangW02M.mid,Bach/Prelude/bwv_889/midi_score.mid,train,rubato,1.1098621633839134,7.910336619319695,3.313802832558513,126
Bach/Prelude/bwv_889/ZhangW02M.mid,Bach/Prelude/bwv_889/midi_score.mid,train,dynamics,-0.39630442094111973,2.5119618871425584,0.7803059117427679,126
Bach/Prelude/bwv_889/ZhangW02M.mid,Bach/Prelude/bwv_889/midi_score.mid,train,articulation,1.1999809731164255,5.082291724763155,1.9869711735101632,126
Bach/Prelude/bwv_889/ZhangW02M.mid,Bach/Prelude/bwv_889/midi_score.mid,train,pedal_depth,0.17536779213783496,2.869346915556039,0.7132828544235529,126
Bach/Prelude/bwv_889/ZhangW02M.mid,Bach/Prelude/bwv_889/midi_score.mid,train,pedal_down_ratio,0.36718973327748394,0.07052063812497913,2.4684544777465063,126
Bach/Prelude/bwv_889/ZhangW02M.mid,Bach/Prelude/bwv_889/midi_score.mid,train,pedal_changes,0.435515028854656,2.581152404345219,2.6888571408958635,126
Balakirev/Islamey/CHEN04.mid,Balakirev/Islamey/midi_score.mid,train,tempo,-0.303878508559907,3.438602582275289,1.3334808187095983,1005
Balakirev/Islamey/CHEN04.mid,Balakirev/Islamey/midi_score.mid,train,rubato,0.6062378149148997,4.361785421958311,1.675819703366131,1005
Balakirev/Islamey/CHEN04.mid,Balakirev/Islamey/midi_score.mid,train,dynamics,-0.5920305723525452,3.481410901652366,1.2011516993389204,1005
Balakirev/Islamey/CHEN04.mid,Balakirev/Islamey/midi_score.mid,train,articulation,-0.33605194140291034,3.3583186108841967,1.4629111244003805,1005
Balakirev/Islamey/CHEN04.mid,Balakirev/Islamey/midi_score.mid,train,pedal_depth,0.3680734410443595,2.392461389041565,0.8800253378272436,1005
Balakirev/Islamey/CHEN04.mid,Balakirev/Islamey/midi_score.mid,train,pedal_down_ratio,0.20592464230366533,2.5249949244616925,0.9276342581249807,1005
Balakirev/Islamey/CHEN04.mid,Balakirev/Islamey/midi_score.mid,train,pedal_changes,0.1856463489862549,3.1497997211334585,1.258037999717459,1005
Balakirev/Islamey/CHEN10M.mid,Balakirev/Islamey/midi_score.mid,train,tempo,-0.284510718354864,3.2734397741416936,1.206665982605303,1005
Balakirev/Islamey/CHEN10M.mid,Balakirev/Islamey/midi_score.mid,train,rubato,0.6221717205071453,4.108216799119524,1.5120358196914139,1005
Balakirev/Islamey/CHEN10M.mid,Balakirev/Islamey/midi_score.mid,train,dynamics,-0.507035826177077,3.4636542862519724,1.1433798421266639,1005
Balakirev/Islamey/CHEN10M.mid,Balakirev/Islamey/midi_score.mid,train,articulation,-0.2270307932915332,3.3632890863870815,1.4572392599436796,1005
Balakirev/Islamey/CHEN10M.mid,Balakirev/Islamey/midi_score.mid,train,pedal_depth,0.15452586506001562,2.5428223833699937,0.8341179022490515,1005
Balakirev/Islamey/CHEN10M.mid,Balakirev/Islamey/midi_score.mid,train,pedal_down_ratio,-0.0069402776962216054,2.521519674810662,0.930007398598299,1005
Balakirev/Islamey/CHEN10M.mid,Balakirev/Islamey/midi_score.mid,train,pedal_changes,0.06807032796162679,2.5198397769067666,1.230748179745137,1005
Balakirev/Islamey/Cho05.mid,Balakirev/Islamey/midi_score.mid,train,tempo,0.04806390366380048,3.9981047952613524,1.576305290078194,1005
Balakirev/Islamey/Cho05.mid,Balakirev/Islamey/midi_score.mid,train,rubato,0.6866593144711874,4.926932516063582,1.9516709256645737,1005
Balakirev/Islamey/Cho05.mid,Balakirev/Islamey/midi_score.mid,train,dynamics,0.2417126442306378,2.9879762208104266,1.038130456631176,1005
Balakirev/Islamey/Cho05.mid,Balakirev/Islamey/midi_score.mid,train,articulation,0.314438216713979,3.5623003638224477,1.4965466636541007,1005
Balakirev/Islamey/Cho05.mid,Balakirev/Islamey/midi_score.mid,train,pedal_depth,0.4684119366026526,3.327494080539117,1.0845162195002702,1005
Balakirev/Islamey/Cho05.mid,Balakirev/Islamey/midi_score.mid,train,pedal_down_ratio,0.3301672357336208,3.5713193044261597,1.0786655755950798,1005
Balakirev/Islamey/Cho05.mid,Balakirev/Islamey/midi_score.mid,train,pedal_changes,-0.01608935024547543,2.5198397769067666,1.218495207638402,1005
Balakirev/Islamey/Gorucan03.mid,Balakirev/Islamey/midi_score.mid,train,tempo,-0.4623558850259072,4.960326807401624,1.5741280785685992,1005
Balakirev/Islamey/Gorucan03.mid,Balakirev/Islamey/midi_score.mid,train,rubato,0.8412732061082735,6.07236991379958,1.9282991293190537,1005
Balakirev/Islamey/Gorucan03.mid,Balakirev/Islamey/midi_score.mid,train,dynamics,-0.42921315778180125,4.501280240128655,1.327969540322652,1005
Balakirev/Islamey/Gorucan03.mid,Balakirev/Islamey/midi_score.mid,train,articulation,-0.47833611340918525,4.196625882630917,1.8297175456011443,1005
Balakirev/Islamey/Gorucan03.mid,Balakirev/Islamey/midi_score.mid,train,pedal_depth,-0.5643187942400734,3.2083117195933695,0.9984640933393324,1005
Balakirev/Islamey/Gorucan03.mid,Balakirev/Islamey/midi_score.mid,train,pedal_down_ratio,-0.21022536322365798,4.065401317572085,1.167377219159931,1005
Balakirev/Islamey/Gorucan03.mid,Balakirev/Islamey/midi_score.mid,train,pedal_changes,0.07797146657422704,3.77975966536015,1.411853310816983,1005
Balakirev/Islamey/Na04.mid,Balakirev/Islamey/midi_score.mid,train,tempo,0.7942997480051053,3.7069233739191967,1.4250477795356615,1005
Balakirev/Islamey/Na04.mid,Balakirev/Islamey/midi_score.mid,train,rubato,0.5444200938232682,4.510360293000556,1.7208363932555901,1005
Balakirev/Islamey/Na04.mid,Balakirev/Islamey/midi_score.mid,train,dynamics,0.3539136859944836,3.4773105279872607,1.1259259431827557,1005
Balakirev/Islamey/Na04.mid,Balakirev/Islamey/midi_score.mid,train,articulation,0.6384802463275646,3.1841456468450975,1.355469756482442,1005
Balakirev/Islamey/Na04.mid,Balakirev/Islamey/midi_score.mid,train,pedal_depth,-0.05718860583457096,3.22603590536888,0.9873690779281756,1005
Balakirev/Islamey/Na04.mid,Balakirev/Islamey/midi_score.mid,train,pedal_down_ratio,-0.15181031708090506,3.6146677654584067,1.084697578400938,1005
Balakirev/Islamey/Na04.mid,Balakirev/Islamey/midi_score.mid,train,pedal_changes,0.1051995977588778,2.5198397769067666,1.2230237429114559,1005
Balakirev/Islamey/Na08M.mid,Balakirev/Islamey/midi_score.mid,train,tempo,0.6352348463415557,3.7059778378354045,1.3749405506794066,1005
Balakirev/Islamey/Na08M.mid,Balakirev/Islamey/midi_score.mid,train,rubato,0.5103620042425843,4.446883462711721,1.7023973653156554,1005
Balakirev/Islamey/Na08M.mid,Balakirev/Islamey/midi_score.mid,train,dynamics,0.6198251701124106,3.564860613570084,1.1493474845888982,1005
Balakirev/Islamey/Na08M.mid,Balakirev/Islamey/midi_score.mid,train,articulation,0.7452172985161258,3.5123143486809694,1.4320078559250031,1005
Balakirev/Islamey/Na08M.mid,Balakirev/Islamey/midi_score.mid,train,pedal_depth,-0.07670552751090272,3.2943214769670313,0.9664712516308472,1005
Balakirev/Islamey/Na08M.mid,Balakirev/Islamey/midi_score.mid,train,pedal_down_ratio,-0.11533265028840838,3.418952396586853,1.0658001685472678,1005
Balakirev/Islamey/Na08M.mid,Balakirev/Islamey/midi_score.mid,train,pedal_changes,0.19430984527228018,3.1497997211334585,1.3054811964622741,1005
Balakirev/Islamey/Shelest03.mid,Balakirev/Islamey/midi_score.mid,train,tempo,-0.2675242652217247,3.9437520684367486,1.2255327843351675,1005
Balakirev/Islamey/Shelest03.mid,Balakirev/Islamey/midi_score.mid,train,rubato,0.7883406076106043,4.992493842933941,1.513252798182819,1005
Balakirev/Islamey/Shelest03.mid,Balakirev/Islamey/midi_score.mid,train,dynamics,0.5878769794856454,3.158985501660528,1.0370662765454144,1005
Balakirev/Islamey/Shelest03.mid,Balakirev/Islamey/midi_score.mid,train,articulation,0.7905572171378488,3.1318218214218585,1.4270642910092488,1005
Balakirev/Islamey/Shelest03.mid,Balakirev/Islamey/midi_score.mid,train,pedal_depth,0.3837798441590112,2.4488760331452104,0.8895579447509925,1005
Balakirev/Islamey/Shelest03.mid,Balakirev/Islamey/midi_score.mid,train,pedal_down_ratio,0.17235649585990745,2.6459389497331225,1.0280312368840312,1005
Balakirev/Islamey/Shelest03.mid,Balakirev/Islamey/midi_score.mid,train,pedal_changes,0.03217870049095085,2.5198397769067666,1.3109144387011735,1005
Balakirev/Islamey/Shi11.mid,Balakirev/Islamey/midi_score.mid,train,tempo,0.2712156613730453,4.295728170262928,1.477484725169146,1005
Balakirev/Islamey/Shi11.mid,Balakirev/Islamey/midi_score.mid,train,rubato,0.6859934272146033,5.558959456263844,1.846797088363124,1005
Balakirev/Islamey/Shi11.mid,Balakirev/Islamey/midi_score.mid,train,dynamics,-0.10625798159741365,3.430347587571378,1.0392625036124825,1005
Balakirev/Islamey/Shi11.mid,Balakirev/Islamey/midi_score.mid,train,articulation,-0.583431495666711,3.6729039887919317,1.4894995793575583,1005
Balakirev/Islamey/Shi11.mid,Balakirev/Islamey/midi_score.mid,train,pedal_depth,0.016276057061623894,2.5104733299969064,0.8389538666122889,1005
Balakirev/Islamey/Shi11.mid,Balakirev/Islamey/midi_score.mid,train,pedal_down_ratio,0.04862273474850946,2.5845275172664746,0.9715533554679174,1005
Balakirev/Islamey/Shi11.mid,Balakirev/Islamey/midi_score.mid,train,pedal_changes,0.2871330197654076,3.77975966536015,1.2717738122512952,1005
Balakirev/Islamey/Verbaite04.mid,Balakirev/Islamey/midi_score.mid,train,tempo,-0.1719646527473195,3.707829859206219,1.5229477506797797,1005
Balakirev/Islamey/Verbaite04.mid,Balakirev/Islamey/midi_score.mid,train,rubato,0.600829725542432,4.713198516141094,1.922527427816992,1005
Balakirev/Islamey/Verbaite04.mid,Balakirev/Islamey/midi_score.mid,train,dynamics,-0.10767731714643695,3.5496771366189925,1.213513946484549,1005
Balakirev/Islamey/Verbaite04.mid,Balakirev/Islamey/midi_score.mid,train,articulation,-0.7454641298474831,4.004988300350688,1.703623520607026,1005
Balakirev/Islamey/Verbaite04.mid,Balakirev/Islamey/midi_score.mid,train,pedal_depth,-0.7702240866133455,3.7766305325683054,1.0067577103448178,1005
Balakirev/Islamey/Verbaite04.mid,Balakirev/Islamey/midi_score.mid,train,pedal_down_ratio,-0.3663719640703978,4.301089715642448,1.0877193668484846,1005
Balakirev/Islamey/Verbaite04.mid,Balakirev/Islamey/midi_score.mid,train,pedal_changes,0.3341634281752588,3.77975966536015,1.6468158834934412,1005
Balakirev/Islamey/Yi04M.mid,Balakirev/Islamey/midi_score.mid,train,tempo,-0.550715432355154,3.5868513746292656,1.0920555664341896,1005
Balakirev/Islamey/Yi04M.mid,Balakirev/Islamey/midi_score.mid,train,rubato,0.7422010208367725,4.462999417515763,1.3686717000123436,1005
Balakirev/Islamey/Yi04M.mid,Balakirev/Islamey/midi_score.mid,train,dynamics,-0.44374420433939166,3.5920915423141198,1.0460040284501002,1005
Balakirev/Islamey/Yi04M.mid,Balakirev/Islamey/midi_score.mid,train,articulation,-0.1540886770874769,3.2915503429924984,1.476558015008187,1005
Balakirev/Islamey/Yi04M.mid,Balakirev/Islamey/midi_score.mid,train,pedal_depth,-0.5700307816598301,2.969608388020987,0.9963629063757194,1005
Balakirev/Islamey/Yi04M.mid,Balakirev/Islamey/midi_score.mid,train,pedal_down_ratio,-0.5731704148570245,3.2122810817121628,1.1043897973434185,1005
Balakirev/Islamey/Yi04M.mid,Balakirev/Islamey/midi_score.mid,train,pedal_changes,0.11262545171832798,3.77975966536015,1.3594174175920737,1005
Beethoven/Piano_Sonatas/11-1/Arciglione03.mid,Beethoven/Piano_Sonatas/11-1/midi_score.mid,train,tempo,0.6024513552163412,3.6994978184960217,1.7398773082877395,734
Beethoven/Piano_Sonatas/11-1/Arciglione03.mid,Beethoven/Piano_Sonatas/11-1/midi_score.mid,train,rubato,0.6866771796170587,5.076783918876724,2.2658780087968364,734
Beethoven/Piano_Sonatas/11-1/Arciglione03.mid,Beethoven/Piano_Sonatas/11-1/midi_score.mid,train,dynamics,0.22655606483270588,3.445523629659613,1.086201055839596,734
Beethoven/Piano_Sonatas/11-1/Arciglione03.mid,Beethoven/Piano_Sonatas/11-1/midi_score.mid,train,articulation,-0.1855659581177306,4.871675186031468,2.3718387796998153,734
Beethoven/Piano_Sonatas/11-1/Arciglione03.mid,Beethoven/Piano_Sonatas/11-1/midi_score.mid,train,pedal_depth,0.3268305149434799,2.39715676747788,0.9566673052567943,734
Beethoven/Piano_Sonatas/11-1/Arciglione03.mid,Beethoven/Piano_Sonatas/11-1/midi_score.mid,train,pedal_down_ratio,0.5762053768337314,3.093607107369246,1.0463559268014822,734
Beethoven/Piano_Sonatas/11-1/Arciglione03.mid,Beethoven/Piano_Sonatas/11-1/midi_score.mid,train,pedal_changes,0.5787777347351964,3.502158267505966,1.2739197614793372,734
Beethoven/Piano_Sonatas/11-1/DeTurck01.mid,Beethoven/Piano_Sonatas/11-1/midi_score.mid,train,tempo,-0.09058176710180058,3.8837452797098453,1.5007293379988909,734
Beethoven/Piano_Sonatas/11-1/DeTurck01.mid,Beethoven/Piano_Sonatas/11-1/midi_score.mid,train,rubato,0.8683431311474776,4.985898699826892,1.9259859928508232,734
Beethoven/Piano_Sonatas/11-1/DeTurck01.mid,Beethoven/Piano_Sonatas/11-1/midi_score.mid,train,dynamics,0.4506993366624748,3.678297885096759,1.0733408682500503,734
Beethoven/Piano_Sonatas/11-1/DeTurck01.mid,Beethoven/Piano_Sonatas/11-1/midi_score.mid,train,articulation,-0.3802003207993722,5.171393141051655,1.9801169797204856,734
Beethoven/Piano_Sonatas/11-1/DeTurck01.mid,Beethoven/Piano_Sonatas/11-1/midi_score.mid,train,pedal_depth,-0.5543370492641938,2.338063833060913,0.8469015914026075,734
Beethoven/Piano_Sonatas/11-1/DeTurck01.mid,Beethoven/Piano_Sonatas/11-1/midi_score.mid,train,pedal_down_ratio,-0.28980026294013794,2.587046825191353,0.8982512622132478,734
Beethoven/Piano_Sonatas/11-1/DeTurck01.mid,Beethoven/Piano_Sonatas/11-1/midi_score.mid,train,pedal_changes,0.1972268076963886,3.502158267505966,1.18475180611734,734
Beethoven/Piano_Sonatas/11-1/LiC03M.mid,Beethoven/Piano_Sonatas/11-1/midi_score.mid,train,tempo,0.32037121326667206,2.96264392420118,1.3204326218482862,734
Beethoven/Piano_Sonatas/11-1/LiC03M.mid,Beethoven/Piano_Sonatas/11-1/midi_score.mid,train,rubato,0.6561580500055868,4.108782312032298,1.7730698056268976,734
Beethoven/Piano_Sonatas/11-1/LiC03M.mid,Beethoven/Piano_Sonatas/11-1/midi_score.mid,train,dynamics,-0.5234627273701599,3.4199679242172203,1.0730556042134702,734
Beethoven/Piano_Sonatas/11-1/LiC03M.mid,Beethoven/Piano_Sonatas/11-1/midi_score.mid,train,articulation,-0.26971129162605073,4.215144050466495,1.7829674610462805,734
Beethoven/Piano_Sonatas/11-1/LiC03M.mid,Beethoven/Piano_Sonatas/11-1/midi_score.mid,train,pedal_depth,-0.005638798782613169,3.5847620069287145,1.2165954671340973,734
Beethoven/Piano_Sonatas/11-1/LiC03M.mid,Beethoven/Piano_Sonatas/11-1/midi_score.mid,train,pedal_down_ratio,0.0868802407003262,3.574027680685966,1.1929947625425799,734
Beethoven/Piano_Sonatas/11-1/LiC03M.mid,Beethoven/Piano_Sonatas/11-1/midi_score.mid,train,pedal_changes,0.287545626174174,2.8017266140047727,1.1926239941491126,734
Beethoven/Piano_Sonatas/11-1/LiYZ03M.mid,Beethoven/Piano_Sonatas/11-1/midi_score.mid,train,tempo,-0.48879379085976593,2.560353334817314,1.0157589365888806,734
Beethoven/Piano_Sonatas/11-1/LiYZ03M.mid,Beethoven/Piano_Sonatas/11-1/midi_score.mid,train,rubato,0.502642952331453,3.211253103380823,1.2926913159132312,734
Beethoven/Piano_Sonatas/11-1/LiYZ03M.mid,Beethoven/Piano_Sonatas/11-1/midi_score.mid,train,dynamics,-0.2193453435137679,3.518202685543847,1.026633700309706,734
Beethoven/Piano_Sonatas/11-1/LiYZ03M.mid,Beethoven/Piano_Sonatas/11-1/midi_score.mid,train,articulation,0.16356062879071087,4.961193192595536,2.177186338956326,734
Beethoven/Piano_Sonatas/11-1/LiYZ03M.mid,Beethoven/Piano_Sonatas/11-1/midi_score.mid,train,pedal_depth,0.8305895888263736,2.968018930931041,1.187849238064701,734
Beethoven/Piano_Sonatas/11-1/LiYZ03M.mid,Beethoven/Piano_Sonatas/11-1/midi_score.mid,train,pedal_down_ratio,-0.054501166062575844,4.649988034353266,1.2653643850057823,734
Beethoven/Piano_Sonatas/11-1/LiYZ03M.mid,Beethoven/Piano_Sonatas/11-1/midi_score.mid,train,pedal_changes,-0.2433078375319934,2.8017266140047727,1.2093204311857082,734
Beethoven/Piano_Sonatas/11-1/NAKAJI01.mid,Beethoven/Piano_Sonatas/11-1/midi_score.mid,train,tempo,-1.4043318264532787,4.067262566845358,1.8287045456342021,734
Beethoven/Piano_Sonatas/11-1/NAKAJI01.mid,Beethoven/Piano_Sonatas/11-1/midi_score.mid,train,rubato,0.7040039205417092,4.8719701502480515,2.15210146674661,734
Beethoven/Piano_Sonatas/11-1/NAKAJI01.mid,Beethoven/Piano_Sonatas/11-1/midi_score.mid,train,dynamics,-0.7505351615716066,3.0932895663773863,0.9981469031606586,734
Beethoven/Piano_Sonatas/11-1/NAKAJI01.mid,Beethoven/Piano_Sonatas/11-1/midi_score.mid,train,articulation,0.30949386705652937,4.388650170826982,2.036212546531895,734
Beethoven/Piano_Sonatas/11-1/NAKAJI01.mid,Beethoven/Piano_Sonatas/11-1/midi_score.mid,train,pedal_depth,-0.06292127751034014,2.871545820533856,0.8192848446297177,734
Beethoven/Piano_Sonatas/11-1/NAKAJI01.mid,Beethoven/Piano_Sonatas/11-1/midi_score.mid,train,pedal_down_ratio,0.06169433750955105,2.6738624570991707,0.8314181388029633,734
Beethoven/Piano_Sonatas/11-1/NAKAJI01.mid,Beethoven/Piano_Sonatas/11-1/midi_score.mid,train,pedal_changes,0.27095645543335634,4.202589921007159,1.252756822409717,734
Beethoven/Piano_Sonatas/11-1/ZhaoK02M.mid,Beethoven/Piano_Sonatas/11-1/midi_score.mid,train,tempo,0.6415328929979818,2.7517120944475506,1.1326512651492087,734
Beethoven/Piano_Sonatas/11-1/ZhaoK02M.mid,Beethoven/Piano_Sonatas/11-1/midi_score.mid,train,rubato,0.6542845830567254,3.844574470659569,1.5108434583287156,734
Beethoven/Piano_Sonatas/11-1/ZhaoK02M.mid,Beethoven/Piano_Sonatas/11-1/midi_score.mid,train,dynamics,0.6037570863321512,3.2541181408036977,1.2204895982552877,734
Beethoven/Piano_Sonatas/11-1/ZhaoK02M.mid,Beethoven/Piano_Sonatas/11-1/midi_score.mid,train,articulation,0.11170421828698118,4.818227859769083,2.092029968781804,734
Beethoven/Piano_Sonatas/11-1/ZhaoK02M.mid,Beethoven/Piano_Sonatas/11-1/midi_score.mid,train,pedal_depth,-0.12878964198059928,3.237979078057066,0.944087930322314,734
Beethoven/Piano_Sonatas/11-1/ZhaoK02M.mid,Beethoven/Piano_Sonatas/11-1/midi_score.mid,train,pedal_down_ratio,0.02416300144857242,3.080841914286344,0.9377574001711728,734
Beethoven/Piano_Sonatas/11-1/ZhaoK02M.mid,Beethoven/Piano_Sonatas/11-1/midi_score.mid,train,pedal_changes,-0.0755728889303919,2.8017266140047727,0.9449763949023268,734
Beethoven/Piano_Sonatas/16-1/BuiJL02M.mid,Beethoven/Piano_Sonatas/16-1/midi_score.mid,train,tempo,0.5569810648111939,3.2056209979725976,1.4048118076803455,550
Beethoven/Piano_Sonatas/16-1/BuiJL02M.mid,Beethoven/Piano_Sonatas/16-1/midi_score.mid,train,rubato,0.6177776110357797,4.0215695190216705,1.764483040460989,550
Beethoven/Piano_Sonatas/16-1/BuiJL02M.mid,Beethoven/Piano_Sonatas/16-1/midi_score.mid,train,dynamics,-0.8408702918211864,4.757609927581592,1.6028779090610528,550
Beethoven/Piano_Sonatas/16-1/BuiJL02M.mid,Beethoven/Piano_Sonatas/16-1/midi_score.mid,train,articulation,-0.664426653266726,3.868161904977489,1.9780210002886045,550
Beethoven/Piano_Sonatas/16-1/BuiJL02M.mid,Beethoven/Piano_Sonatas/16-1/midi_score.mid,train,pedal_depth,0.055472794539251274,3.453883046419019,1.133382903740056,550
Beethoven/Piano_Sonatas/16-1/BuiJL02M.mid,Beethoven/Piano_Sonatas/16-1/midi_score.mid,train,pedal_down_ratio,0.11977883784408708,3.686675902948993,1.1581244275846427,550
Beethoven/Piano_Sonatas/16-1/BuiJL02M.mid,Beethoven/Piano_Sonatas/16-1/midi_score.mid,train,pedal_changes,0.10124483404689062,2.6728636188379125,0.8883183079083099,550
Beethoven/Piano_Sonatas/16-1/Khmara01.mid,Beethoven/Piano_Sonatas/16-1/midi_score.mid,train,tempo,0.19384894221814572,3.1670020934904395,1.3661951980763423,550
Beethoven/Piano_Sonatas/16-1/Khmara01.mid,Beethoven/Piano_Sonatas/16-1/midi_score.mid,train,rubato,0.5804181271909526,3.671403581473806,1.7599433298841118,550
Beethoven/Piano_Sonatas/16-1/Khmara01.mid,Beethoven/Piano_Sonatas/16-1/midi_score.mid,train,dynamics,0.1656642982214901,3.7610271827188004,1.2783789738950895,550
Beethoven/Piano_Sonatas/16-1/Khmara01.mid,Beethoven/Piano_Sonatas/16-1/midi_score.mid,train,articulation,0.2401139764792475,3.5670209575039116,1.4640956962469283,550
Beethoven/Piano_Sonatas/16-1/Khmara01.mid,Beethoven/Piano_Sonatas/16-1/midi_score.mid,train,pedal_depth,0.13184447359109844,2.341639517284051,0.9786385474225875,550
Beethoven/Piano_Sonatas/16-1/Khmara01.mid,Beethoven/Piano_Sonatas/16-1/midi_score.mid,train,pedal_down_ratio,0.03312872608162554,2.5874333529354017,0.9445202784523491,550
Beethoven/Piano_Sonatas/16-1/Khmara01.mid,Beethoven/Piano_Sonatas/16-1/midi_score.mid,train,pedal_changes,0.23398806090836946,4.009295428256869,1.1354309485948462,550
Beethoven/Piano_Sonatas/16-1/Khmara05M.mid,Beethoven/Piano_Sonatas/16-1/midi_score.mid,train,tempo,0.1819866260972035,2.8392919177732434,1.255255847531004,550
Beethoven/Piano_Sonatas/16-1/Khmara05M.mid,Beethoven/Piano_Sonatas/16-1/midi_score.mid,train,rubato,0.5168296695087811,3.7489066698565408,1.6165945338096694,550
Beethoven/Piano_Sonatas/16-1/Khmara05M.mid,Beethoven/Piano_Sonatas/16-1/midi_score.mid,train,dynamics,0.6714717419498936,3.8524910944983706,1.2639052267032762,550
Beethoven/Piano_Sonatas/16-1/Khmara05M.mid,Beethoven/Piano_Sonatas/16-1/midi_score.mid,train,articulation,-0.2381554418828276,4.119685716828852,1.5853683926265594,550
Beethoven/Piano_Sonatas/16-1/Khmara05M.mid,Beethoven/Piano_Sonatas/16-1/midi_score.mid,train,pedal_depth,0.09562029902040416,2.745076802324842,1.0325519777886079,550
Beethoven/Piano_Sonatas/16-1/Khmara05M.mid,Beethoven/Piano_Sonatas/16-1/midi_score.mid,train,pedal_down_ratio,0.19589010980695934,2.7129694717438424,1.0425169383226514,550
Beethoven/Piano_Sonatas/16-1/Khmara05M.mid,Beethoven/Piano_Sonatas/16-1/midi_score.mid,train,pedal_changes,0.12599357125835278,2.6728636188379125,0.9381021287876693,550
Beethoven/Piano_Sonatas/16-1/LeeSH02M.mid,Beethoven/Piano_Sonatas/16-1/midi_score.mid,train,tempo,-0.9144041651298321,4.530293703724278,1.8426749327716045,550
Beethoven/Piano_Sonatas/16-1/LeeSH02M.mid,Beethoven/Piano_Sonatas/16-1/midi_score.mid,train,rubato,0.9457421748962785,6.126432088350532,2.3567189776375925,550
Beethoven/Piano_Sonatas/16-1/LeeSH02M.mid,Beethoven/Piano_Sonatas/16-1/midi_score.mid,train,dynamics,0.10474150362171261,4.891182157471102,1.4471963811719102,550
Beethoven/Piano_Sonatas/16-1/LeeSH02M.mid,Beethoven/Piano_Sonatas/16-1/midi_score.mid,train,articulation,1.0547332107252096,5.158439817763046,2.122692883330487,550
Beethoven/Piano_Sonatas/16-1/LeeSH02M.mid,Beethoven/Piano_Sonatas/16-1/midi_score.mid,train,pedal_depth,0.15915271551167096,3.111083579356009,1.228776513406679,550
Beethoven/Piano_Sonatas/16-1/LeeSH02M.mid,Beethoven/Piano_Sonatas/16-1/midi_score.mid,train,pedal_down_ratio,0.204562879516084,2.9318695832881536,1.2320845508402916,550
Beethoven/Piano_Sonatas/16-1/LeeSH02M.mid,Beethoven/Piano_Sonatas/16-1/midi_score.mid,train,pedal_changes,0.41847864739381463,4.009295428256869,1.344909536231316,550
Beethoven/Piano_Sonatas/16-1/Shybayeva02.mid,Beethoven/Piano_Sonatas/16-1/midi_score.mid,train,tempo,-0.823674339387379,4.114531341024783,1.6321493132991465,550
Beethoven/Piano_Sonatas/16-1/Shybayeva02.mid,Beethoven/Piano_Sonatas/16-1/midi_score.mid,train,rubato,0.7698277353269882,5.440391045422089,2.061085638465489,550
Beethoven/Piano_Sonatas/16-1/Shybayeva02.mid,Beethoven/Piano_Sonatas/16-1/midi_score.mid,train,dynamics,0.08488965406038457,3.5793552790719887,1.2313263143122308,550
Beethoven/Piano_Sonatas/16-1/Shybayeva02.mid,Beethoven/Piano_Sonatas/16-1/midi_score.mid,train,articulation,-0.2614743016047926,5.1978960779433905,1.803735836357215,550
Beethoven/Piano_Sonatas/16-1/Shybayeva02.mid,Beethoven/Piano_Sonatas/16-1/midi_score.mid,train,pedal_depth,0.9438362743767695,2.710643459784158,0.8999899592767384,550
Beethoven/Piano_Sonatas/16-1/Shybayeva02.mid,Beethoven/Piano_Sonatas/16-1/midi_score.mid,train,pedal_down_ratio,0.946662300614157,3.1824586941967605,1.101904135637811,550
Beethoven/Piano_Sonatas/16-1/Shybayeva02.mid,Beethoven/Piano_Sonatas/16-1/midi_score.mid,train,pedal_changes,0.8437069503907553,4.009295428256869,1.5955980659202729,550
Beethoven/Piano_Sonatas/16-1/Woo01.mid,Beethoven/Piano_Sonatas/16-1/midi_score.mid,train,tempo,-0.62038961531794,2.735355292848914,1.1213662185308764,550
Beethoven/Piano_Sonatas/16-1/Woo01.mid,Beethoven/Piano_Sonatas/16-1/midi_score.mid,train,rubato,0.6063308380892097,3.4664289541030024,1.383236924301204,550
Beethoven/Piano_Sonatas/16-1/Woo01.mid,Beethoven/Piano_Sonatas/16-1/midi_score.mid,train,dynamics,-0.07640019079109828,3.7443502133910833,1.149454436616559,550
Beethoven/Piano_Sonatas/16-1/Woo01.mid,Beethoven/Piano_Sonatas/16-1/midi_score.mid,train,articulation,0.6514591293642366,5.049706587854605,1.822033471155108,550
Beethoven/Piano_Sonatas/16-1/Woo01.mid,Beethoven/Piano_Sonatas/16-1/midi_score.mid,train,pedal_depth,0.0020926644648743458,2.864273557819635,0.8009352072970055,550
Beethoven/Piano_Sonatas/16-1/Woo01.mid,Beethoven/Piano_Sonatas/16-1/midi_score.mid,train,pedal_down_ratio,-0.12918055935757627,2.312409922549982,0.8951476692073135,550
Beethoven/Piano_Sonatas/16-1/Woo01.mid,Beethoven/Piano_Sonatas/16-1/midi_score.mid,train,pedal_changes,0.0832457524385545,4.009295428256869,1.253684206474097,550
Beethoven/Piano_Sonatas/16-1/Woo05M.mid,Beethoven/Piano_Sonatas/16-1/midi_score.mid,train,tempo,0.8666635443397838,3.0504696219273644,1.1386887622140676,550
Beethoven/Piano_Sonatas/16-1/Woo05M.mid,Beethoven/Piano_Sonatas/16-1/midi_score.mid,train,rubato,0.5845096778710361,4.14373920388521,1.346309879294554,550
Beethoven/Piano_Sonatas/16-1/Woo05M.mid,Beethoven/Piano_Sonatas/16-1/midi_score.mid,train,dynamics,-0.38913932980730676,4.033948874094559,1.3858045621190889,550
Beethoven/Piano_Sonatas/16-1/Woo05M.mid,Beethoven/Piano_Sonatas/16-1/midi_score.mid,train,articulation,-0.52610384213455,5.025749778238578,2.3152173743852424,550
Beethoven/Piano_Sonatas/16-1/Woo05M.mid,Beethoven/Piano_Sonatas/16-1/midi_score.mid,train,pedal_depth,-0.5738829387947161,2.801638887404545,0.8736385736119493,550
Beethoven/Piano_Sonatas/16-1/Woo05M.mid,Beethoven/Piano_Sonatas/16-1/midi_score.mid,train,pedal_down_ratio,-0.42046553239964557,2.6477115323511353,0.8801689298114548,550
Beethoven/Piano_Sonatas/16-1/Woo05M.mid,Beethoven/Piano_Sonatas/16-1/midi_score.mid,train,pedal_changes,-0.22048874970211738,4.009295428256869,1.017796180716694,550
Beethoven/Piano_Sonatas/17-1_no_repeat/Giesbrecht02.mid,Beethoven/Piano_Sonatas/17-1_no_repeat/midi_score.mid,train,tempo,-0.17540410173613827,2.8774708112923046,1.3958759478132134,697
Beethoven/Piano_Sonatas/17-1_no_repeat/Giesbrecht02.mid,Beethoven/Piano_Sonatas/17-1_no_repeat/midi_score.mid,train,rubato,0.6075605380203453,3.7928702564305787,1.9289713354262223,697
Beethoven/Piano_Sonatas/17-1_no_repeat/Giesbrecht02.mid,Beethoven/Piano_Sonatas/17-1_no_repeat/midi_score.mid,train,dynamics,0.4356933577588173,3.7669104468982972,1.243264138532615,697
Beethoven/Piano_Sonatas/17-1_no_repeat/Giesbrecht02.mid,Beethoven/Piano_Sonatas/17-1_no_repeat/midi_score.mid,train,articulation,0.32844013030944336,4.032853689194358,1.7210367595275236,697
Beethoven/Piano_Sonatas/17-1_no_repeat/Giesbrecht02.mid,Beethoven/Piano_Sonatas/17-1_no_repeat/midi_score.mid,train,pedal_depth,-0.032300475448075974,3.124847520374108,1.0756270998500967,697
Beethoven/Piano_Sonatas/17-1_no_repeat/Giesbrecht02.mid,Beethoven/Piano_Sonatas/17-1_no_repeat/midi_score.mid,train,pedal_down_ratio,-0.11146130080539263,2.788593034555886,1.064717469280688,697
Beethoven/Piano_Sonatas/17-1_no_repeat/Giesbrecht02.mid,Beethoven/Piano_Sonatas/17-1_no_repeat/midi_score.mid,train,pedal_changes,0.1473159386669092,3.2756132244759812,1.3071870187102812,697
Beethoven/Piano_Sonatas/17-1_no_repeat/GuoE02M.mid,Beethoven/Piano_Sonatas/17-1_no_repeat/midi_score.mid,train,tempo,0.3279610841219839,3.07035061512949,1.9167127322549282,697
Beethoven/Piano_Sonatas/17-1_no_repeat/GuoE02M.mid,Beethoven/Piano_Sonatas/17-1_no_repeat/midi_score.mid,train,rubato,0.5462853402308332,4.671781666594995,2.6559984177794935,697
Beethoven/Piano_Sonatas/17-1_no_repeat/GuoE02M.mid,Beethoven/Piano_Sonatas/17-1_no_repeat/midi_score.mid,train,dynamics,-0.6495701750567475,3.8747085236360745,1.3540773344986035,697
Beethoven/Piano_Sonatas/17-1_no_repeat/GuoE02M.mid,Beethoven/Piano_Sonatas/17-1_no_repeat/midi_score.mid,train,articulation,-0.3734080010426303,4.061144853396311,1.669270926944661,697
Beethoven/Piano_Sonatas/17-1_no_repeat/GuoE02M.mid,Beethoven/Piano_Sonatas/17-1_no_repeat/midi_score.mid,train,pedal_depth,-0.2783721769232642,2.847424461943714,0.8725824459774253,697
Beethoven/Piano_Sonatas/17-1_no_repeat/GuoE02M.mid,Beethoven/Piano_Sonatas/17-1_no_repeat/midi_score.mid,train,pedal_down_ratio,-0.2005012904769592,2.8618289631937417,0.8975185007642414,697
Beethoven/Piano_Sonatas/17-1_no_repeat/GuoE02M.mid,Beethoven/Piano_Sonatas/17-1_no_repeat/midi_score.mid,train,pedal_changes,0.08449002364719795,3.2756132244759812,1.2391751302786398,697
Beethoven/Piano_Sonatas/17-1_no_repeat/HONG01.mid,Beethoven/Piano_Sonatas/17-1_no_repeat/midi_score.mid,train,tempo,0.05362635267698936,2.897447989548482,1.2866205934523947,697
Beethoven/Piano_Sonatas/17-1_no_repeat/HONG01.mid,Beethoven/Piano_Sonatas/17-1_no_repeat/midi_score.mid,train,rubato,0.502969066529898,4.023807939792832,1.7753086694217692,697
Beethoven/Piano_Sonatas/17-1_no_repeat/HONG01.mid,Beethoven/Piano_Sonatas/17-1_no_repeat/midi_score.mid,train,dynamics,0.01337173880800125,3.2206933765007357,1.0015936142943753,697
Beethoven/Piano_Sonatas/17-1_no_repeat/HONG01.mid,Beethoven/Piano_Sonatas/17-1_no_repeat/midi_score.mid,train,articulation,0.660618927271238,3.5313661967516277,1.5125987414298758,697
Beethoven/Piano_Sonatas/17-1_no_repeat/HONG01.mid,Beethoven/Piano_Sonatas/17-1_no_repeat/midi_score.mid,train,pedal_depth,0.11303412954176602,4.361315685994276,1.0966497127406516,697
Beethoven/Piano_Sonatas/17-1_no_repeat/HONG01.mid,Beethoven/Piano_Sonatas/17-1_no_repeat/midi_score.mid,train,pedal_down_ratio,0.07392585073010632,5.02436367825793,1.1432521827276236,697
Beethoven/Piano_Sonatas/17-1_no_repeat/HONG01.mid,Beethoven/Piano_Sonatas/17-1_no_repeat/midi_score.mid,train,pedal_changes,0.42461652909873837,4.913419836713972,1.4784968699994685,697
Beethoven/Piano_Sonatas/17-1_no_repeat/KabuliL02M.mid,Beethoven/Piano_Sonatas/17-1_no_repeat/midi_score.mid,train,tempo,0.23717095377075542,3.05608839072519,1.4321055811554015,697
Beethoven/Piano_Sonatas/17-1_no_repeat/KabuliL02M.mid,Beethoven/Piano_Sonatas/17-1_no_repeat/midi_score.mid,train,rubato,0.5405738658240046,4.15806748603401,1.9104532655478197,697
Beethoven/Piano_Sonatas/17-1_no_repeat/KabuliL02M.mid,Beethoven/Piano_Sonatas/17-1_no_repeat/midi_score.mid,train,dynamics,-0.45981168736995637,3.6308078472181986,1.306883053288071,697
Beethoven/Piano_Sonatas/17-1_no_repeat/KabuliL02M.mid,Beethoven/Piano_Sonatas/17-1_no_repeat/midi_score.mid,train,articulation,-0.5152179032758193,4.254375809475623,1.8618792584217672,697
Beethoven/Piano_Sonatas/17-1_no_repeat/KabuliL02M.mid,Beethoven/Piano_Sonatas/17-1_no_repeat/midi_score.mid,train,pedal_depth,8.959121152057322e-05,3.414810637045913,0.9923056226825541,697
Beethoven/Piano_Sonatas/17-1_no_repeat/KabuliL02M.mid,Beethoven/Piano_Sonatas/17-1_no_repeat/midi_score.mid,train,pedal_down_ratio,0.09061512318584003,3.5973313277157386,1.1530789355466717,697
Beethoven/Piano_Sonatas/17-1_no_repeat/KabuliL02M.mid,Beethoven/Piano_Sonatas/17-1_no_repeat/midi_score.mid,train,pedal_changes,0.20580903196112316,3.2756132244759812,1.509409554638292,697
Beethoven/Piano_Sonatas/17-1_no_repeat/Lee02.mid,Beethoven/Piano_Sonatas/17-1_no_repeat/midi_score.mid,train,tempo,-0.8303561246844701,3.47997957373347,1.4670415339363803,697
Beethoven/Piano_Sonatas/17-1_no_repeat/Lee02.mid,Beethoven/Piano_Sonatas/17-1_no_repeat/midi_score.mid,train,rubato,0.5556320576851124,4.499561140303058,2.003027953643886,697
Beethoven/Piano_Sonatas/17-1_no_repeat/Lee02.mid,Beethoven/Piano_Sonatas/17-1_no_repeat/midi_score.mid,train,dynamics,-0.016635229793236787,3.634120078626342,1.196211938288631,697
Beethoven/Piano_Sonatas/17-1_no_repeat/Lee02.mid,Beethoven/Piano_Sonatas/17-1_no_repeat/midi_score.mid,train,articulation,-0.39306236849552606,4.083952924045871,1.837397967922761,697
Beethoven/Piano_Sonatas/17-1_no_repeat/Lee02.mid,Beethoven/Piano_Sonatas/17-1_no_repeat/midi_score.mid,train,pedal_depth,0.2736418256992778,2.772548532454411,0.9620014971625642,697
Beethoven/Piano_Sonatas/17-1_no_repeat/Lee02.mid,Beethoven/Piano_Sonatas/17-1_no_repeat/midi_score.mid,train,pedal_down_ratio,0.15853091934553454,2.0450749753854,0.9468784560730524,697
Beethoven/Piano_Sonatas/17-1_no_repeat/Lee02.mid,Beethoven/Piano_Sonatas/17-1_no_repeat/midi_score.mid,train,pedal_changes,0.1689800472943959,3.2756132244759812,1.395473200890662,697
Beethoven/Piano_Sonatas/17-1_no_repeat/Nedayvoda01.mid,Beethoven/Piano_Sonatas/17-1_no_repeat/midi_score.mid,train,tempo,1.095323545708626,4.204638908428365,1.8904983966508344,697
Beethoven/Piano_Sonatas/17-1_no_repeat/Nedayvoda01.mid,Beethoven/Piano_Sonatas/17-1_no_repeat/midi_score.mid,train,rubato,0.7868961632690707,5.92522705134979,2.5702650247773935,697
Beethoven/Piano_Sonatas/17-1_no_repeat/Nedayvoda01.mid,Beethoven/Piano_Sonatas/17-1_no_repeat/midi_score.mid,train,dynamics,-0.1667359175450767,4.697346360640562,1.6296056632956515,697
Beethoven/Piano_Sonatas/17-1_no_repeat/Nedayvoda01.mid,Beethoven/Piano_Sonatas/17-1_no_repeat/midi_score.mid,train,articulation,0.08344451329796466,5.305953540638841,2.1224007998848995,697
Beethoven/Piano_Sonatas/17-1_no_repeat/Nedayvoda01.mid,Beethoven/Piano_Sonatas/17-1_no_repeat/midi_score.mid,train,pedal_depth,0.607252234993328,3.646737121163145,1.0520777059631157,697
Beethoven/Piano_Sonatas/17-1_no_repeat/Nedayvoda01.mid,Beethoven/Piano_Sonatas/17-1_no_repeat/midi_score.mid,train,pedal_down_ratio,0.39249097358207075,3.8381521784617805,1.1754824824178591,697
Beethoven/Piano_Sonatas/17-1_no_repeat/Nedayvoda01.mid,Beethoven/Piano_Sonatas/17-1_no_repeat/midi_score.mid,train,pedal_changes,0.16464722556889852,3.2756132244759812,1.50685772184049,697
Beethoven/Piano_Sonatas/17-1_no_repeat/Richardson02M.mid,Beethoven/Piano_Sonatas/17-1_no_repeat/midi_score.mid,train,tempo,1.2859585159813718,3.671784158507526,2.032828575864793,697
Beethoven/Piano_Sonatas/17-1_no_repeat/Richardson02M.mid,Beethoven/Piano_Sonatas/17-1_no_repeat/midi_score.mid,train,rubato,0.7710684423554743,4.867592327135314,2.721702008842894,697
Beethoven/Piano_Sonatas/17-1_no_repeat/Richardson02M.mid,Beethoven/Piano_Sonatas/17-1_no_repeat/midi_score.mid,train,dynamics,0.5410885185430901,3.6967943794271965,1.1953417660242465,697
Beethoven/Piano_Sonatas/17-1_no_repeat/Richardson02M.mid,Beethoven/Piano_Sonatas/17-1_no_repeat/midi_score.mid,train,articulation,0.06568569049215882,4.143354344207275,1.9978279951798814,697
Beethoven/Piano_Sonatas/17-1_no_repeat/Richardson02M.mid,Beethoven/Piano_Sonatas/17-1_no_repeat/midi_score.mid,train,pedal_depth,-0.36823724204199987,2.398907199110644,0.8057250276899237,697
Beethoven/Piano_Sonatas/17-1_no_repeat/Richardson02M.mid,Beethoven/Piano_Sonatas/17-1_no_repeat/midi_score.mid,train,pedal_down_ratio,-0.338227946095197,3.271036327940822,0.9244452870192977,697
Beethoven/Piano_Sonatas/17-1_no_repeat/Richardson02M.mid,Beethoven/Piano_Sonatas/17-1_no_repeat/midi_score.mid,train,pedal_changes,0.07149155847070597,3.2756132244759812,1.3788267979270519,697
Beethoven/Piano_Sonatas/17-1_no_repeat/Rizikov02.mid,Beethoven/Piano_Sonatas/17-1_no_repeat/midi_score.mid,train,tempo,-0.89481671580143,3.627973045624351,1.4993338456751348,697
Beethoven/Piano_Sonatas/17-1_no_repeat/Rizikov02.mid,Beethoven/Piano_Sonatas/17-1_no_repeat/midi_score.mid,train,rubato,0.629085005708214,4.680159108812894,1.9626120820578115,697
Beethoven/Piano_Sonatas/17-1_no_repeat/Rizikov02.mid,Beethoven/Piano_Sonatas/17-1_no_repeat/midi_score.mid,train,dynamics,0.21732563499944893,3.523009770480422,0.991883989225144,697
Beethoven/Piano_Sonatas/17-1_no_repeat/Rizikov02.mid,Beethoven/Piano_Sonatas/17-1_no_repeat/midi_score.mid,train,articulation,0.0932794584044578,4.246039714226737,1.6293246458795076,697
Beethoven/Piano_Sonatas/17-1_no_repeat/Rizikov02.mid,Beethoven/Piano_Sonatas/17-1_no_repeat/midi_score.mid,train,pedal_depth,0.28644641107282465,3.281183371405291,1.0476140073791167,697
Beethoven/Piano_Sonatas/17-1_no_repeat/Rizikov02.mid,Beethoven/Piano_Sonatas/17-1_no_repeat/midi_score.mid,train,pedal_down_ratio,-0.027586221412420748,4.235607640477504,1.2978075106866473,697
Beethoven/Piano_Sonatas/17-1_no_repeat/Rizikov02.mid,Beethoven/Piano_Sonatas/17-1_no_repeat/midi_score.mid,train,pedal_changes,0.2837998230200751,3.2756132244759812,1.4535581625170255,697
Beethoven/Piano_Sonatas/17-1_no_repeat/Song01.mid,Beethoven/Piano_Sonatas/17-1_no_repeat/midi_score.mid,train,tempo,0.38025393017411213,4.614992392425969,1.9696337700063558,697
Beethoven/Piano_Sonatas/17-1_no_repeat/Song01.mid,Beethoven/Piano_Sonatas/17-1_no_repeat/midi_score.mid,train,rubato,0.9870775229179355,5.915920082455736,2.584482358927854,697
Beethoven/Piano_Sonatas/17-1_no_repeat/Song01.mid,Beethoven/Piano_Sonatas/17-1_no_repeat/midi_score.mid,train,dynamics,-0.013954492739464086,4.927395887533473,1.2986327023936057,697
Beethoven/Piano_Sonatas/17-1_no_repeat/Song01.mid,Beethoven/Piano_Sonatas/17-1_no_repeat/midi_score.mid,train,articulation,-0.03579200857959827,4.908478012383109,1.9866492334137194,697
Beethoven/Piano_Sonatas/17-1_no_repeat/Song01.mid,Beethoven/Piano_Sonatas/17-1_no_repeat/midi_score.mid,train,pedal_depth,0.0629007855798313,3.3331245267551926,0.888760490151833,697
Beethoven/Piano_Sonatas/17-1_no_repeat/Song01.mid,Beethoven/Piano_Sonatas/17-1_no_repeat/midi_score.mid,train,pedal_down_ratio,0.2105039760903296,3.2857633247772986,1.0340790625350083,697
Beethoven/Piano_Sonatas/17-1_no_repeat/Song01.mid,Beethoven/Piano_Sonatas/17-1_no_repeat/midi_score.mid,train,pedal_changes,0.0,3.2756132244759812,1.3647997145128254,697
Beethoven/Piano_Sonatas/17-1_no_repeat/TuanS02M.mid,Beethoven/Piano_Sonatas/17-1_no_repeat/midi_score.mid,train,tempo,-0.42653495048853535,2.6945254255451148,1.3038053318931724,697
Beethoven/Piano_Sonatas/17-1_no_repeat/TuanS02M.mid,Beethoven/Piano_Sonatas/17-1_no_repeat/midi_score.mid,train,rubato,0.5811132100766705,3.710205470092558,1.7595072768660924,697
Beethoven/Piano_Sonatas/17-1_no_repeat/TuanS02M.mid,Beethoven/Piano_Sonatas/17-1_no_repeat/midi_score.mid,train,dynamics,0.16812484372690667,3.5741988013335577,1.0755189587933849,697
Beethoven/Piano_Sonatas/17-1_no_repeat/TuanS02M.mid,Beethoven/Piano_Sonatas/17-1_no_repeat/midi_score.mid,train,articulation,0.1696344702881163,4.187951841171366,1.6830483058441124,697
Beethoven/Piano_Sonatas/17-1_no_repeat/TuanS02M.mid,Beethoven/Piano_Sonatas/17-1_no_repeat/midi_score.mid,train,pedal_depth,-0.41748492609859067,3.546207412906647,1.1538173833667125,697
Beethoven/Piano_Sonatas/17-1_no_repeat/TuanS02M.mid,Beethoven/Piano_Sonatas/17-1_no_repeat/midi_score.mid,train,pedal_down_ratio,-0.24921560002944218,3.460274558676414,1.0478771398274513,697
Beethoven/Piano_Sonatas/17-1_no_repeat/TuanS02M.mid,Beethoven/Piano_Sonatas/17-1_no_repeat/midi_score.mid,train,pedal_changes,0.18847774505913387,3.2756132244759812,1.2576713049839623,697
Beethoven/Piano_Sonatas/17-1_no_repeat/WangH03M.mid,Beethoven/Piano_Sonatas/17-1_no_repeat/midi_score.mid,train,tempo,-0.1384493101167647,2.7306639923848257,1.2513019603942948,697
Beethoven/Piano_Sonatas/17-1_no_repeat/WangH03M.mid,Beethoven/Piano_Sonatas/17-1_no_repeat/midi_score.mid,train,rubato,0.5462129581581681,3.9790205506979865,1.675861454266783,697
Beethoven/Piano_Sonatas/17-1_no_repeat/WangH03M.mid,Beethoven/Piano_Sonatas/17-1_no_repeat/midi_score.mid,train,dynamics,-0.42339497037806867,3.1243375537183646,1.0946508799702221,697
Beethoven/Piano_Sonatas/17-1_no_repeat/WangH03M.mid,Beethoven/Piano_Sonatas/17-1_no_repeat/midi_score.mid,train,articulation,-0.511756439519447,3.6005046839096586,1.6515357750059214,697
Beethoven/Piano_Sonatas/17-1_no_repeat/WangH03M.mid,Beethoven/Piano_Sonatas/17-1_no_repeat/midi_score.mid,train,pedal_depth,0.33701796739884987,2.7266037145735194,0.9932956627502173,697
Beethoven/Piano_Sonatas/17-1_no_repeat/WangH03M.mid,Beethoven/Piano_Sonatas/17-1_no_repeat/midi_score.mid,train,pedal_down_ratio,0.3532020925780033,3.290286950632007,1.0474702149443975,697
Beethoven/Piano_Sonatas/17-1_no_repeat/WangH03M.mid,Beethoven/Piano_Sonatas/17-1_no_repeat/midi_score.mid,train,pedal_changes,0.5134393744714336,3.2756132244759812,1.525892456545473,697
Beethoven/Piano_Sonatas/18-1/Avdeeva01.mid,Beethoven/Piano_Sonatas/18-1/midi_score.mid,test,tempo,-0.37185377102739087,4.415910083753181,1.7286139691394093,645
Beethoven/Piano_Sonatas/18-1/Avdeeva01.mid,Beethoven/Piano_Sonatas/18-1/midi_score.mid,test,rubato,0.6757835345248028,5.33537752321982,2.102661584730495,645
Beethoven/Piano_Sonatas/18-1/Avdeeva01.mid,Beethoven/Piano_Sonatas/18-1/midi_score.mid,test,dynamics,-0.34114071580719313,5.11263995683259,1.2917949234635295,645
Beethoven/Piano_Sonatas/18-1/Avdeeva01.mid,Beethoven/Piano_Sonatas/18-1/midi_score.mid,test,articulation,-0.19855849686420485,5.059830431221376,1.9379801416855078,645
Beethoven/Piano_Sonatas/18-1/Avdeeva01.mid,Beethoven/Piano_Sonatas/18-1/midi_score.mid,test,pedal_depth,-0.059361215181409084,2.5242402050472093,0.8821106420924633,645
Beethoven/Piano_Sonatas/18-1/Avdeeva01.mid,Beethoven/Piano_Sonatas/18-1/midi_score.mid,test,pedal_down_ratio,0.07578889657715585,2.3236256917501383,0.9907425236938425,645
Beethoven/Piano_Sonatas/18-1/Avdeeva01.mid,Beethoven/Piano_Sonatas/18-1/midi_score.mid,test,pedal_changes,0.20633436987090154,4.08542052344385,1.441320624166285,645
Beethoven/Piano_Sonatas/18-1/ChenGuang03M.mid,Beethoven/Piano_Sonatas/18-1/midi_score.mid,test,tempo,-0.3460012326738577,4.284505274544327,2.398261807849445,645
Beethoven/Piano_Sonatas/18-1/ChenGuang03M.mid,Beethoven/Piano_Sonatas/18-1/midi_score.mid,test,rubato,0.6256662388268037,5.339441384883935,2.961678366818046,645
Beethoven/Piano_Sonatas/18-1/ChenGuang03M.mid,Beethoven/Piano_Sonatas/18-1/midi_score.mid,test,dynamics,0.2871745913092353,4.769860293939614,1.3505618035535687,645
Beethoven/Piano_Sonatas/18-1/ChenGuang03M.mid,Beethoven/Piano_Sonatas/18-1/midi_score.mid,test,articulation,0.22580519004315897,5.699381122069354,2.313597610429958,645
Beethoven/Piano_Sonatas/18-1/ChenGuang03M.mid,Beethoven/Piano_Sonatas/18-1/midi_score.mid,test,pedal_depth,0.3301454648603365,3.896473045588097,1.5372361942469515,645
Beethoven/Piano_Sonatas/18-1/ChenGuang03M.mid,Beethoven/Piano_Sonatas/18-1/midi_score.mid,test,pedal_down_ratio,0.4955286128162555,3.938780966264213,1.543992471439086,645
Beethoven/Piano_Sonatas/18-1/ChenGuang03M.mid,Beethoven/Piano_Sonatas/18-1/midi_score.mid,test,pedal_changes,0.5977801458545546,4.08542052344385,1.5385796994404914,645
Beethoven/Piano_Sonatas/18-1/LeungR02M.mid,Beethoven/Piano_Sonatas/18-1/midi_score.mid,test,tempo,-0.008932120832424444,4.655992172721328,1.2176656091083033,645
Beethoven/Piano_Sonatas/18-1/LeungR02M.mid,Beethoven/Piano_Sonatas/18-1/midi_score.mid,test,rubato,0.731923618367627,5.609762118346856,1.4548809597314487,645
Beethoven/Piano_Sonatas/18-1/LeungR02M.mid,Beethoven/Piano_Sonatas/18-1/midi_score.mid,test,dynamics,0.38064125846930735,3.9078956925982404,1.3612884694338407,645
Beethoven/Piano_Sonatas/18-1/LeungR02M.mid,Beethoven/Piano_Sonatas/18-1/midi_score.mid,test,articulation,0.5224632291406175,5.006502702963456,1.9349884470703587,645
Beethoven/Piano_Sonatas/18-1/LeungR02M.mid,Beethoven/Piano_Sonatas/18-1/midi_score.mid,test,pedal_depth,-0.07080647789391695,2.9374238903674335,0.8317512160257299,645
Beethoven/Piano_Sonatas/18-1/LeungR02M.mid,Beethoven/Piano_Sonatas/18-1/midi_score.mid,test,pedal_down_ratio,-0.21026151099498927,2.1599264232399977,0.8639000441587978,645
Beethoven/Piano_Sonatas/18-1/LeungR02M.mid,Beethoven/Piano_Sonatas/18-1/midi_score.mid,test,pedal_changes,0.0035371606263583104,3.26833641875508,1.0350398924275575,645
Beethoven/Piano_Sonatas/18-1/Smirnov01.mid,Beethoven/Piano_Sonatas/18-1/midi_score.mid,test,tempo,0.19201715601622962,6.779565813527746,1.7309035175644536,645
Beethoven/Piano_Sonatas/18-1/Smirnov01.mid,Beethoven/Piano_Sonatas/18-1/midi_score.mid,test,rubato,0.8247484261339226,8.279680594718753,2.097200385614248,645
Beethoven/Piano_Sonatas/18-1/Smirnov01.mid,Beethoven/Piano_Sonatas/18-1/midi_score.mid,test,dynamics,-0.6177886993505566,4.6107496532425705,1.4582785974247598,645
Beethoven/Piano_Sonatas/18-1/Smirnov01.mid,Beethoven/Piano_Sonatas/18-1/midi_score.mid,test,articulation,-0.47520700536335353,6.013300053685863,2.1213218027941347,645
Beethoven/Piano_Sonatas/18-1/Smirnov01.mid,Beethoven/Piano_Sonatas/18-1/midi_score.mid,test,pedal_depth,0.693582763065554,3.2374659645276536,1.036496055112687,645
Beethoven/Piano_Sonatas/18-1/Smirnov01.mid,Beethoven/Piano_Sonatas/18-1/midi_score.mid,test,pedal_down_ratio,0.5708200560941887,3.8285121049616446,1.3772702300981952,645
Beethoven/Piano_Sonatas/18-1/Smirnov01.mid,Beethoven/Piano_Sonatas/18-1/midi_score.mid,test,pedal_changes,0.2700032611453511,4.08542052344385,1.4064272135206646,645
Beethoven/Piano_Sonatas/18-1/ZhangH01.mid,Beethoven/Piano_Sonatas/18-1/midi_score.mid,test,tempo,-0.01753026815972814,3.015480690323722,1.4585434629246137,645
Beethoven/Piano_Sonatas/18-1/ZhangH01.mid,Beethoven/Piano_Sonatas/18-1/midi_score.mid,test,rubato,0.4891469766931776,3.8144619401068742,1.8511365901120553,645
Beethoven/Piano_Sonatas/18-1/ZhangH01.mid,Beethoven/Piano_Sonatas/18-1/midi_score.mid,test,dynamics,0.06832784772503218,3.367611299622628,1.2127586493364073,645
Beethoven/Piano_Sonatas/18-1/ZhangH01.mid,Beethoven/Piano_Sonatas/18-1/midi_score.mid,test,articulation,-0.21956353827270778,4.893826000689234,1.9055222084382903,645
Beethoven/Piano_Sonatas/18-1/ZhangH01.mid,Beethoven/Piano_Sonatas/18-1/midi_score.mid,test,pedal_depth,0.2849123462303124,2.125068942539161,0.6586838580782525,645
Beethoven/Piano_Sonatas/18-1/ZhangH01.mid,Beethoven/Piano_Sonatas/18-1/midi_score.mid,test,pedal_down_ratio,-0.03509956443483875,1.6495793067413396,0.651762355661284,645
Beethoven/Piano_Sonatas/18-1/ZhangH01.mid,Beethoven/Piano_Sonatas/18-1/midi_score.mid,test,pedal_changes,-0.03419255272146368,3.26833641875508,0.9139526237727594,645
Beethoven/Piano_Sonatas/18-1/ZhangH05M.mid,Beethoven/Piano_Sonatas/18-1/midi_score.mid,test,tempo,0.5546666250844987,3.495452554825423,1.3796748675695707,645
Beethoven/Piano_Sonatas/18-1/ZhangH05M.mid,Beethoven/Piano_Sonatas/18-1/midi_score.mid,test,rubato,0.5810483810211633,4.317506615433096,1.7031386552084309,645
Beethoven/Piano_Sonatas/18-1/ZhangH05M.mid,Beethoven/Piano_Sonatas/18-1/midi_score.mid,test,dynamics,-0.0342651169049466,3.829402756962449,1.2590540438834241,645
Beethoven/Piano_Sonatas/18-1/ZhangH05M.mid,Beethoven/Piano_Sonatas/18-1/midi_score.mid,test,articulation,-0.2973469434636597,4.58457644562023,1.6778579100213977,645
Beethoven/Piano_Sonatas/18-1/ZhangH05M.mid,Beethoven/Piano_Sonatas/18-1/midi_score.mid,test,pedal_depth,-0.11763468660061244,2.4513940946343613,0.8165484941222154,645
Beethoven/Piano_Sonatas/18-1/ZhangH05M.mid,Beethoven/Piano_Sonatas/18-1/midi_score.mid,test,pedal_down_ratio,0.10089166159255063,1.5932960484671927,0.7935760442943426,645
Beethoven/Piano_Sonatas/18-1/ZhangH05M.mid,Beethoven/Piano_Sonatas/18-1/midi_score.mid,test,pedal_changes,0.06956415898504681,2.45125231406631,0.9002596735065003,645
Beethoven/Piano_Sonatas/21-1_no_repeat/Dulu01.mid,Beethoven/Piano_Sonatas/21-1_no_repeat/midi_score.mid,test,tempo,-0.5129080997971612,2.686755323785361,1.2022331403676116,1126
Beethoven/Piano_Sonatas/21-1_no_repeat/Dulu01.mid,Beethoven/Piano_Sonatas/21-1_no_repeat/midi_score.mid,test,rubato,0.6223546198616613,3.689413844754394,1.6056320765044545,1126
Beethoven/Piano_Sonatas/21-1_no_repeat/Dulu01.mid,Beethoven/Piano_Sonatas/21-1_no_repeat/midi_score.mid,test,dynamics,-0.6654637451126519,2.7288771977157285,0.809489307673638,1126
Beethoven/Piano_Sonatas/21-1_no_repeat/Dulu01.mid,Beethoven/Piano_Sonatas/21-1_no_repeat/midi_score.mid,test,articulation,0.29599343074840084,3.214205238874345,1.2915894884640091,1126
Beethoven/Piano_Sonatas/21-1_no_repeat/Dulu01.mid,Beethoven/Piano_Sonatas/21-1_no_repeat/midi_score.mid,test,pedal_depth,-0.06284451368523145,3.6480364737413957,0.8784408593265184,1126
Beethoven/Piano_Sonatas/21-1_no_repeat/Dulu01.mid,Beethoven/Piano_Sonatas/21-1_no_repeat/midi_score.mid,test,pedal_down_ratio,-0.04536680087774913,4.627447195575617,1.200702623342411,1126
Beethoven/Piano_Sonatas/21-1_no_repeat/Dulu01.mid,Beethoven/Piano_Sonatas/21-1_no_repeat/midi_score.mid,test,pedal_changes,0.2605605267136576,2.945355757851443,1.3871432012177412,1126
Beethoven/Piano_Sonatas/21-1_no_repeat/GonzalezJ06M.mid,Beethoven/Piano_Sonatas/21-1_no_repeat/midi_score.mid,test,tempo,0.4385600996966316,3.5352593713160028,1.2528204238626837,1126
Beethoven/Piano_Sonatas/21-1_no_repeat/GonzalezJ06M.mid,Beethoven/Piano_Sonatas/21-1_no_repeat/midi_score.mid,test,rubato,0.7888528788571987,4.722210038032616,1.696489319633264,1126
Beethoven/Piano_Sonatas/21-1_no_repeat/GonzalezJ06M.mid,Beethoven/Piano_Sonatas/21-1_no_repeat/midi_score.mid,test,dynamics,-0.23210893958136158,3.9260982957866855,1.1262242968816951,1126
Beethoven/Piano_Sonatas/21-1_no_repeat/GonzalezJ06M.mid,Beethoven/Piano_Sonatas/21-1_no_repeat/midi_score.mid,test,articulation,-0.047059731883917016,4.224177563450264,1.6181775748430354,1126
Beethoven/Piano_Sonatas/21-1_no_repeat/GonzalezJ06M.mid,Beethoven/Piano_Sonatas/21-1_no_repeat/midi_score.mid,test,pedal_depth,-0.6482320053168033,3.395743292649143,1.0616941627903451,1126
Beethoven/Piano_Sonatas/21-1_no_repeat/GonzalezJ06M.mid,Beethoven/Piano_Sonatas/21-1_no_repeat/midi_score.mid,test,pedal_down_ratio,-0.5226142199595638,3.834437207551322,1.1854383196761376,1126
Beethoven/Piano_Sonatas/21-1_no_repeat/GonzalezJ06M.mid,Beethoven/Piano_Sonatas/21-1_no_repeat/midi_score.mid,test,pedal_changes,-0.16604347290576216,4.418033636777165,1.4921671327881696,1126
Beethoven/Piano_Sonatas/21-1_no_repeat/KimSY02M.mid,Beethoven/Piano_Sonatas/21-1_no_repeat/midi_score.mid,test,tempo,-0.08506234495430423,3.260325970330252,1.3512340264327942,1126
Beethoven/Piano_Sonatas/21-1_no_repeat/KimSY02M.mid,Beethoven/Piano_Sonatas/21-1_no_repeat/midi_score.mid,test,rubato,0.5776143529955567,4.471433431118013,1.8333914640068827,1126
Beethoven/Piano_Sonatas/21-1_no_repeat/KimSY02M.mid,Beethoven/Piano_Sonatas/21-1_no_repeat/midi_score.mid,test,dynamics,-0.035186076109881635,3.144010200869776,1.0326885850388454,1126
Beethoven/Piano_Sonatas/21-1_no_repeat/KimSY02M.mid,Beethoven/Piano_Sonatas/21-1_no_repeat/midi_score.mid,test,articulation,-0.24139667875353932,4.230951092284458,1.6335554127283363,1126
Beethoven/Piano_Sonatas/21-1_no_repeat/KimSY02M.mid,Beethoven/Piano_Sonatas/21-1_no_repeat/midi_score.mid,test,pedal_depth,-0.3828644272447433,2.243424232749726,0.8779183685308046,1126
Beethoven/Piano_Sonatas/21-1_no_repeat/KimSY02M.mid,Beethoven/Piano_Sonatas/21-1_no_repeat/midi_score.mid,test,pedal_down_ratio,-0.18569118516115,2.2962811891130546,0.9386468501391705,1126
Beethoven/Piano_Sonatas/21-1_no_repeat/KimSY02M.mid,Beethoven/Piano_Sonatas/21-1_no_repeat/midi_score.mid,test,pedal_changes,0.10473511367901922,2.945355757851443,1.2074982012620887,1126
Beethoven/Piano_Sonatas/21-1_no_repeat/Lariviere01.mid,Beethoven/Piano_Sonatas/21-1_no_repeat/midi_score.mid,test,tempo,-0.4594215119095627,2.5713641229875144,0.9336725699839611,1126
Beethoven/Piano_Sonatas/21-1_no_repeat/Lariviere01.mid,Beethoven/Piano_Sonatas/21-1_no_repeat/midi_score.mid,test,rubato,0.5958053941035565,3.558186548201855,1.2548192080630745,1126
Beethoven/Piano_Sonatas/21-1_no_repeat/Lariviere01.mid,Beethoven/Piano_Sonatas/21-1_no_repeat/midi_score.mid,test,dynamics,0.3248146446234736,3.025171352771519,0.9670220303728283,1126
Beethoven/Piano_Sonatas/21-1_no_repeat/Lariviere01.mid,Beethoven/Piano_Sonatas/21-1_no_repeat/midi_score.mid,test,articulation,-0.03164139420432305,3.9219960310147703,1.727909713031166,1126
Beethoven/Piano_Sonatas/21-1_no_repeat/Lariviere01.mid,Beethoven/Piano_Sonatas/21-1_no_repeat/midi_score.mid,test,pedal_depth,-0.09079045371177077,2.374552844229246,0.7391133792172553,1126
Beethoven/Piano_Sonatas/21-1_no_repeat/Lariviere01.mid,Beethoven/Piano_Sonatas/21-1_no_repeat/midi_score.mid,test,pedal_down_ratio,-0.04634661512985234,2.1664498431075536,0.8978303759647245,1126
Beethoven/Piano_Sonatas/21-1_no_repeat/Lariviere01.mid,Beethoven/Piano_Sonatas/21-1_no_repeat/midi_score.mid,test,pedal_changes,-0.10473511367901922,2.945355757851443,1.1922483598118043,1126
Beethoven/Piano_Sonatas/21-1_no_repeat/LeeN02M.mid,Beethoven/Piano_Sonatas/21-1_no_repeat/midi_score.mid,test,tempo,0.38878068183190406,3.1999904736130027,1.5085373283972265,1126
Beethoven/Piano_Sonatas/21-1_no_repeat/LeeN02M.mid,Beethoven/Piano_Sonatas/21-1_no_repeat/midi_score.mid,test,rubato,0.6692152180361568,4.365568617764323,2.029729593829583,1126
Beethoven/Piano_Sonatas/21-1_no_repeat/LeeN02M.mid,Beethoven/Piano_Sonatas/21-1_no_repeat/midi_score.mid,test,dynamics,0.43307029692773086,3.2351467499181017,1.0642883758492954,1126
Beethoven/Piano_Sonatas/21-1_no_repeat/LeeN02M.mid,Beethoven/Piano_Sonatas/21-1_no_repeat/midi_score.mid,test,articulation,0.4389738749483956,3.893093763315317,1.5746518826850022,1126
Beethoven/Piano_Sonatas/21-1_no_repeat/LeeN02M.mid,Beethoven/Piano_Sonatas/21-1_no_repeat/midi_score.mid,test,pedal_depth,0.08932436885971909,2.833826250456914,1.0423695370546018,1126
Beethoven/Piano_Sonatas/21-1_no_repeat/LeeN02M.mid,Beethoven/Piano_Sonatas/21-1_no_repeat/midi_score.mid,test,pedal_down_ratio,0.07943202946330852,2.3741236116624007,1.0120404666734717,1126
Beethoven/Piano_Sonatas/21-1_no_repeat/LeeN02M.mid,Beethoven/Piano_Sonatas/21-1_no_repeat/midi_score.mid,test,pedal_changes,0.2695013291008909,3.534426909421531,1.3498456823006602,1126
Beethoven/Piano_Sonatas/21-1_no_repeat/MorozovS01.mid,Beethoven/Piano_Sonatas/21-1_no_repeat/midi_score.mid,test,tempo,0.23262866314528877,2.4048130053681045,0.9798798440162881,1126
Beethoven/Piano_Sonatas/21-1_no_repeat/MorozovS01.mid,Beethoven/Piano_Sonatas/21-1_no_repeat/midi_score.mid,test,rubato,0.5392069848194999,3.2470915874568513,1.3307408174076716,1126
Beethoven/Piano_Sonatas/21-1_no_repeat/MorozovS01.mid,Beethoven/Piano_Sonatas/21-1_no_repeat/midi_score.mid,test,dynamics,-0.15014584945120027,3.4342821170016666,0.8696673222170134,1126
Beethoven/Piano_Sonatas/21-1_no_repeat/MorozovS01.mid,Beethoven/Piano_Sonatas/21-1_no_repeat/midi_score.mid,test,articulation,-0.2062347287583773,4.203385329797405,1.5374944908520791,1126
Beethoven/Piano_Sonatas/21-1_no_repeat/MorozovS01.mid,Beethoven/Piano_Sonatas/21-1_no_repeat/midi_score.mid,test,pedal_depth,0.30004901574210036,2.9609984055792085,0.8497467242593708,1126
Beethoven/Piano_Sonatas/21-1_no_repeat/MorozovS01.mid,Beethoven/Piano_Sonatas/21-1_no_repeat/midi_score.mid,test,pedal_down_ratio,0.13714167308038755,3.9400797248533603,1.0480206910537562,1126
Beethoven/Piano_Sonatas/21-1_no_repeat/MorozovS01.mid,Beethoven/Piano_Sonatas/21-1_no_repeat/midi_score.mid,test,pedal_changes,0.2771648740042338,4.418033636777165,1.4009597089313084,1126
Beethoven/Piano_Sonatas/21-1_no_repeat/RichardsonC02M.mid,Beethoven/Piano_Sonatas/21-1_no_repeat/midi_score.mid,test,tempo,-0.14794259184666356,2.665281341163022,1.0342385973601553,1126
Beethoven/Piano_Sonatas/21-1_no_repeat/RichardsonC02M.mid,Beethoven/Piano_Sonatas/21-1_no_repeat/midi_score.mid,test,rubato,0.6886337471952064,3.6466287359641827,1.3951537402948726,1126
Beethoven/Piano_Sonatas/21-1_no_repeat/RichardsonC02M.mid,Beethoven/Piano_Sonatas/21-1_no_repeat/midi_score.mid,test,dynamics,-0.13263005327194524,3.3834738863067524,1.1136874422266305,1126
Beethoven/Piano_Sonatas/21-1_no_repeat/RichardsonC02M.mid,Beethoven/Piano_Sonatas/21-1_no_repeat/midi_score.mid,test,articulation,0.4507119710248204,4.017448032468023,1.5999649723225537,1126
Beethoven/Piano_Sonatas/21-1_no_repeat/RichardsonC02M.mid,Beethoven/Piano_Sonatas/21-1_no_repeat/midi_score.mid,test,pedal_depth,0.17356880112657525,3.1893467218286773,0.7606881297529249,1126
Beethoven/Piano_Sonatas/21-1_no_repeat/RichardsonC02M.mid,Beethoven/Piano_Sonatas/21-1_no_repeat/midi_score.mid,test,pedal_down_ratio,-0.23365103930934944,3.483875598622179,1.027851023347875,1126
Beethoven/Piano_Sonatas/21-1_no_repeat/RichardsonC02M.mid,Beethoven/Piano_Sonatas/21-1_no_repeat/midi_score.mid,test,pedal_changes,0.054922071807290564,2.945355757851443,1.464809500800053,1126
Beethoven/Piano_Sonatas/21-1_no_repeat/SEBAST01.mid,Beethoven/Piano_Sonatas/21-1_no_repeat/midi_score.mid,test,tempo,-0.3926036790310977,3.6779437574476255,2.1157990865554077,1126
Beethoven/Piano_Sonatas/21-1_no_repeat/SEBAST01.mid,Beethoven/Piano_Sonatas/21-1_no_repeat/midi_score.mid,test,rubato,0.7941865556379445,4.971726993985443,2.8705543725694853,1126
Beethoven/Piano_Sonatas/21-1_no_repeat/SEBAST01.mid,Beethoven/Piano_Sonatas/21-1_no_repeat/midi_score.mid,test,dynamics,-1.1711046186240335,3.4898874563989954,0.9139704106898133,1126
Beethoven/Piano_Sonatas/21-1_no_repeat/SEBAST01.mid,Beethoven/Piano_Sonatas/21-1_no_repeat/midi_score.mid,test,articulation,-0.20785718297624386,4.116575936201769,1.691817331749061,1126
Beethoven/Piano_Sonatas/21-1_no_repeat/SEBAST01.mid,Beethoven/Piano_Sonatas/21-1_no_repeat/midi_score.mid,test,pedal_depth,0.2876496609024897,2.8775375008218265,0.764646905649738,1126
Beethoven/Piano_Sonatas/21-1_no_repeat/SEBAST01.mid,Beethoven/Piano_Sonatas/21-1_no_repeat/midi_score.mid,test,pedal_down_ratio,0.3460814327756113,3.790809485064669,1.0640478496258208,1126
Beethoven/Piano_Sonatas/21-1_no_repeat/SEBAST01.mid,Beethoven/Piano_Sonatas/21-1_no_repeat/midi_score.mid,test,pedal_changes,0.32825517335985294,4.418033636777165,1.384363354366458,1126
Beethoven/Piano_Sonatas/21-1_no_repeat/Seo01.mid,Beethoven/Piano_Sonatas/21-1_no_repeat/midi_score.mid,test,tempo,-1.1210899078515275,3.8914655580533166,1.2043156189986477,1126
Beethoven/Piano_Sonatas/21-1_no_repeat/Seo01.mid,Beethoven/Piano_Sonatas/21-1_no_repeat/midi_score.mid,test,rubato,0.9102325093955813,5.314087976276156,1.6067171108763625,1126
Beethoven/Piano_Sonatas/21-1_no_repeat/Seo01.mid,Beethoven/Piano_Sonatas/21-1_no_repeat/midi_score.mid,test,dynamics,0.07990403822954752,2.6331235988257466,0.8945358198568382,1126
Beethoven/Piano_Sonatas/21-1_no_repeat/Seo01.mid,Beethoven/Piano_Sonatas/21-1_no_repeat/midi_score.mid,test,articulation,-0.3349324040583826,4.17639228591363,1.6280876707072798,1126
Beethoven/Piano_Sonatas/21-1_no_repeat/Seo01.mid,Beethoven/Piano_Sonatas/21-1_no_repeat/midi_score.mid,test,pedal_depth,0.24163191980340365,2.6194805932007768,0.7979569504991287,1126
Beethoven/Piano_Sonatas/21-1_no_repeat/Seo01.mid,Beethoven/Piano_Sonatas/21-1_no_repeat/midi_score.mid,test,pedal_down_ratio,0.16102098343356003,2.8201594006666,1.0039062206580243,1126
Beethoven/Piano_Sonatas/21-1_no_repeat/Seo01.mid,Beethoven/Piano_Sonatas/21-1_no_repeat/midi_score.mid,test,pedal_changes,0.2631150416814385,4.418033636777165,1.521565982593898,1126
Beethoven/Piano_Sonatas/21-1_no_repeat/Shi02.mid,Beethoven/Piano_Sonatas/21-1_no_repeat/midi_score.mid,test,tempo,-0.8850853867424586,3.369443461583197,1.2226012649487517,1126
Beethoven/Piano_Sonatas/21-1_no_repeat/Shi02.mid,Beethoven/Piano_Sonatas/21-1_no_repeat/midi_score.mid,test,rubato,0.7372785756251087,4.484851913383412,1.6232165050896068,1126
Beethoven/Piano_Sonatas/21-1_no_repeat/Shi02.mid,Beethoven/Piano_Sonatas/21-1_no_repeat/midi_score.mid,test,dynamics,0.05798680494536656,3.936317852748453,1.017655317951193,1126
Beethoven/Piano_Sonatas/21-1_no_repeat/Shi02.mid,Beethoven/Piano_Sonatas/21-1_no_repeat/midi_score.mid,test,articulation,-0.07662046257728891,4.56147018591753,1.9488479230762088,1126
Beethoven/Piano_Sonatas/21-1_no_repeat/Shi02.mid,Beethoven/Piano_Sonatas/21-1_no_repeat/midi_score.mid,test,pedal_depth,-0.5297496792502148,2.687111132791353,0.8012821999473104,1126
Beethoven/Piano_Sonatas/21-1_no_repeat/Shi02.mid,Beethoven/Piano_Sonatas/21-1_no_repeat/midi_score.mid,test,pedal_down_ratio,-0.399833266379487,3.13517051589538,0.8805646224865827,1126
Beethoven/Piano_Sonatas/21-1_no_repeat/Shi02.mid,Beethoven/Piano_Sonatas/21-1_no_repeat/midi_score.mid,test,pedal_changes,0.012772574838904783,2.945355757851443,1.389224437154646,1126
Beethoven/Piano_Sonatas/21-1_no_repeat/Shychko02M.mid,Beethoven/Piano_Sonatas/21-1_no_repeat/midi_score.mid,test,tempo,-0.94891662962204,3.283227922424808,1.3625797592112094,1126
Beethoven/Piano_Sonatas/21-1_no_repeat/Shychko02M.mid,Beethoven/Piano_Sonatas/21-1_no_repeat/midi_score.mid,test,rubato,0.6490922085500498,4.310865019779966,1.8334532749646477,1126
Beethoven/Piano_Sonatas/21-1_no_repeat/Shychko02M.mid,Beethoven/Piano_Sonatas/21-1_no_repeat/midi_score.mid,test,dynamics,0.34301120565051957,3.6540536894644595,1.0444300575190868,1126
Beethoven/Piano_Sonatas/21-1_no_repeat/Shychko02M.mid,Beethoven/Piano_Sonatas/21-1_no_repeat/midi_score.mid,test,articulation,0.042137562372678836,3.769741501910174,1.4682573376103791,1126
Beethoven/Piano_Sonatas/21-1_no_repeat/Shychko02M.mid,Beethoven/Piano_Sonatas/21-1_no_repeat/midi_score.mid,test,pedal_depth,0.9891764625246997,2.525253731593675,0.8617620393698118,1126
Beethoven/Piano_Sonatas/21-1_no_repeat/Shychko02M.mid,Beethoven/Piano_Sonatas/21-1_no_repeat/midi_score.mid,test,pedal_down_ratio,0.2061992265052212,3.4155915133456496,1.0725493116128841,1126
Beethoven/Piano_Sonatas/21-1_no_repeat/Shychko02M.mid,Beethoven/Piano_Sonatas/21-1_no_repeat/midi_score.mid,test,pedal_changes,0.024267892193919085,2.945355757851443,1.3745896096739083,1126
Beethoven/Piano_Sonatas/21-1_no_repeat/Sladek02M.mid,Beethoven/Piano_Sonatas/21-1_no_repeat/midi_score.mid,test,tempo,0.05835865447301852,3.0177298355174798,1.3504311910328612,1126
Beethoven/Piano_Sonatas/21-1_no_repeat/Sladek02M.mid,Beethoven/Piano_Sonatas/21-1_no_repeat/midi_score.mid,test,rubato,0.5979096314552066,3.9536924733846828,1.8151789047099565,1126
Beethoven/Piano_Sonatas/21-1_no_repeat/Sladek02M.mid,Beethoven/Piano_Sonatas/21-1_no_repeat/midi_score.mid,test,dynamics,-0.5737274107902358,3.6073211154150098,1.0676106684550066,1126
Beethoven/Piano_Sonatas/21-1_no_repeat/Sladek02M.mid,Beethoven/Piano_Sonatas/21-1_no_repeat/midi_score.mid,test,articulation,0.08003560224453067,4.686070143752623,1.9569804397650787,1126
Beethoven/Piano_Sonatas/21-1_no_repeat/Sladek02M.mid,Beethoven/Piano_Sonatas/21-1_no_repeat/midi_score.mid,test,pedal_depth,0.46341233709018365,2.869917005006071,0.902893301840057,1126
Beethoven/Piano_Sonatas/21-1_no_repeat/Sladek02M.mid,Beethoven/Piano_Sonatas/21-1_no_repeat/midi_score.mid,test,pedal_down_ratio,0.11275188027352705,2.7165274525739225,1.005501031782324,1126
Beethoven/Piano_Sonatas/21-1_no_repeat/Sladek02M.mid,Beethoven/Piano_Sonatas/21-1_no_repeat/midi_score.mid,test,pedal_changes,0.14433009567962404,2.945355757851443,1.1882027152592691,1126
Beethoven/Piano_Sonatas/21-1_no_repeat/Song03M.mid,Beethoven/Piano_Sonatas/21-1_no_repeat/midi_score.mid,test,tempo,-0.6860081146559429,2.6218907838681105,0.9375458272658546,1126
Beethoven/Piano_Sonatas/21-1_no_repeat/Song03M.mid,Beethoven/Piano_Sonatas/21-1_no_repeat/midi_score.mid,test,rubato,0.65257478612896,3.389308642506161,1.2583407289206459,1126
Beethoven/Piano_Sonatas/21-1_no_repeat/Song03M.mid,Beethoven/Piano_Sonatas/21-1_no_repeat/midi_score.mid,test,dynamics,0.3151746797267278,2.6785714285714333,0.8911915279327478,1126
Beethoven/Piano_Sonatas/21-1_no_repeat/Song03M.mid,Beethoven/Piano_Sonatas/21-1_no_repeat/midi_score.mid,test,articulation,0.03133995339436222,3.7219481620539483,1.4579403348518607,1126
Beethoven/Piano_Sonatas/21-1_no_repeat/Song03M.mid,Beethoven/Piano_Sonatas/21-1_no_repeat/midi_score.mid,test,pedal_depth,0.8637580562989604,3.372980607313872,0.8530425923287578,1126
Beethoven/Piano_Sonatas/21-1_no_repeat/Song03M.mid,Beethoven/Piano_Sonatas/21-1_no_repeat/midi_score.mid,test,pedal_down_ratio,-0.06638087561459305,5.0023952783809325,1.164523594047415,1126
Beethoven/Piano_Sonatas/21-1_no_repeat/Song03M.mid,Beethoven/Piano_Sonatas/21-1_no_repeat/midi_score.mid,test,pedal_changes,0.03193143709726196,2.945355757851443,1.2002987463746162,1126
Beethoven/Piano_Sonatas/21-1_no_repeat/SunY02M.mid,Beethoven/Piano_Sonatas/21-1_no_repeat/midi_score.mid,test,tempo,0.540748650135529,1.943457351474628,0.8758754229594164,1126
Beethoven/Piano_Sonatas/21-1_no_repeat/SunY02M.mid,Beethoven/Piano_Sonatas/21-1_no_repeat/midi_score.mid,test,rubato,0.46657982542268805,2.651923123340474,1.1666363383986595,1126
Beethoven/Piano_Sonatas/21-1_no_repeat/SunY02M.mid,Beethoven/Piano_Sonatas/21-1_no_repeat/midi_score.mid,test,dynamics,0.3531823143656936,3.355591528396066,1.0979027561597696,1126
Beethoven/Piano_Sonatas/21-1_no_repeat/SunY02M.mid,Beethoven/Piano_Sonatas/21-1_no_repeat/midi_score.mid,test,articulation,0.14985699849907486,4.304241986086311,1.5462895945691992,1126
Beethoven/Piano_Sonatas/21-1_no_repeat/SunY02M.mid,Beethoven/Piano_Sonatas/21-1_no_repeat/midi_score.mid,test,pedal_depth,0.21629474305226679,3.394650261381713,1.174356121080587,1126
Beethoven/Piano_Sonatas/21-1_no_repeat/SunY02M.mid,Beethoven/Piano_Sonatas/21-1_no_repeat/midi_score.mid,test,pedal_down_ratio,0.23014017080833604,3.0232126016471037,1.1350317422214733,1126
Beethoven/Piano_Sonatas/21-1_no_repeat/SunY02M.mid,Beethoven/Piano_Sonatas/21-1_no_repeat/midi_score.mid,test,pedal_changes,0.16348895793798124,2.945355757851443,1.2674229832921853,1126
Beethoven/Piano_Sonatas/21-1_no_repeat/Sychev01.mid,Beethoven/Piano_Sonatas/21-1_no_repeat/midi_score.mid,test,tempo,0.742306795388787,2.906738237521134,1.1617825957159893,1126
Beethoven/Piano_Sonatas/21-1_no_repeat/Sychev01.mid,Beethoven/Piano_Sonatas/21-1_no_repeat/midi_score.mid,test,rubato,0.7074532059557572,3.9146524021640507,1.53011504567471,1126
Beethoven/Piano_Sonatas/21-1_no_repeat/Sychev01.mid,Beethoven/Piano_Sonatas/21-1_no_repeat/midi_score.mid,test,dynamics,-0.6133387271216632,3.048176305460806,0.939655599033871,1126
Beethoven/Piano_Sonatas/21-1_no_repeat/Sychev01.mid,Beethoven/Piano_Sonatas/21-1_no_repeat/midi_score.mid,test,articulation,-0.15759049515088144,4.085807570162282,1.6942515897785828,1126
Beethoven/Piano_Sonatas/21-1_no_repeat/Sychev01.mid,Beethoven/Piano_Sonatas/21-1_no_repeat/midi_score.mid,test,pedal_depth,-0.2290646981844945,2.612411110767713,0.6585195821973183,1126
Beethoven/Piano_Sonatas/21-1_no_repeat/Sychev01.mid,Beethoven/Piano_Sonatas/21-1_no_repeat/midi_score.mid,test,pedal_down_ratio,-0.24250160119848116,2.927230231474794,0.925757424707793,1126
Beethoven/Piano_Sonatas/21-1_no_repeat/Sychev01.mid,Beethoven/Piano_Sonatas/21-1_no_repeat/midi_score.mid,test,pedal_changes,-0.03193143709726196,2.945355757851443,1.1759822738002526,1126
Beethoven/Piano_Sonatas/21-1_no_repeat/Tetzloff01.mid,Beethoven/Piano_Sonatas/21-1_no_repeat/midi_score.mid,test,tempo,-0.364088991692737,3.019950643544476,1.3163999132983035,1126
Beethoven/Piano_Sonatas/21-1_no_repeat/Tetzloff01.mid,Beethoven/Piano_Sonatas/21-1_no_repeat/midi_score.mid,test,rubato,0.6677353582091194,4.048772007829487,1.765427100201104,1126
Beethoven/Piano_Sonatas/21-1_no_repeat/Tetzloff01.mid,Beethoven/Piano_Sonatas/21-1_no_repeat/midi_score.mid,test,dynamics,-0.1691081016985712,3.6636089752237107,1.1363529969180535,1126
Beethoven/Piano_Sonatas/21-1_no_repeat/Tetzloff01.mid,Beethoven/Piano_Sonatas/21-1_no_repeat/midi_score.mid,test,articulation,-0.7109709423681132,4.849040574234691,1.6953498152562416,1126
Beethoven/Piano_Sonatas/21-1_no_repeat/Tetzloff01.mid,Beethoven/Piano_Sonatas/21-1_no_repeat/midi_score.mid,test,pedal_depth,0.32118564264060506,2.7718549799984045,0.9396231657798927,1126
Beethoven/Piano_Sonatas/21-1_no_repeat/Tetzloff01.mid,Beethoven/Piano_Sonatas/21-1_no_repeat/midi_score.mid,test,pedal_down_ratio,0.19509369240539873,2.2491637127592483,0.983364524731333,1126
Beethoven/Piano_Sonatas/21-1_no_repeat/Tetzloff01.mid,Beethoven/Piano_Sonatas/21-1_no_repeat/midi_score.mid,test,pedal_changes,0.09579431129178587,2.945355757851443,1.2613295680290106,1126
Beethoven/Piano_Sonatas/21-1_no_repeat/Tetzloff05M.mid,Beethoven/Piano_Sonatas/21-1_no_repeat/midi_score.mid,test,tempo,0.5965485158494498,3.5243951279523356,1.394499186736567,1126
Beethoven/Piano_Sonatas/21-1_no_repeat/Tetzloff05M.mid,Beethoven/Piano_Sonatas/21-1_no_repeat/midi_score.mid,test,rubato,0.7516148929486299,4.8533300529185714,1.8785968558481656,1126
Beethoven/Piano_Sonatas/21-1_no_repeat/Tetzloff05M.mid,Beethoven/Piano_Sonatas/21-1_no_repeat/midi_score.mid,test,dynamics,-0.12320081079310011,3.1897792166914027,1.0843088171012505,1126
Beethoven/Piano_Sonatas/21-1_no_repeat/Tetzloff05M.mid,Beethoven/Piano_Sonatas/21-1_no_repeat/midi_score.mid,test,articulation,-0.23886280090138587,4.66605864226038,1.7844993381915863,1126
Beethoven/Piano_Sonatas/21-1_no_repeat/Tetzloff05M.mid,Beethoven/Piano_Sonatas/21-1_no_repeat/midi_score.mid,test,pedal_depth,0.08924023071751343,2.792692995184658,0.8878299691115171,1126
Beethoven/Piano_Sonatas/21-1_no_repeat/Tetzloff05M.mid,Beethoven/Piano_Sonatas/21-1_no_repeat/midi_score.mid,test,pedal_down_ratio,0.29791499629703977,2.57054608449529,1.0117516603497188,1126
Beethoven/Piano_Sonatas/21-1_no_repeat/Tetzloff05M.mid,Beethoven/Piano_Sonatas/21-1_no_repeat/midi_score.mid,test,pedal_changes,0.18137056271244792,2.945355757851443,1.3078111503419192,1126
Beethoven/Piano_Sonatas/21-1_no_repeat/ToA02M.mid,Beethoven/Piano_Sonatas/21-1_no_repeat/midi_score.mid,test,tempo,0.3218008702418664,2.697713853304745,1.2776021387142187,1126
Beethoven/Piano_Sonatas/21-1_no_repeat/ToA02M.mid,Beethoven/Piano_Sonatas/21-1_no_repeat/midi_score.mid,test,rubato,0.6707297102665103,3.6110801498400074,1.7091099514447263,1126
Beethoven/Piano_Sonatas/21-1_no_repeat/ToA02M.mid,Beethoven/Piano_Sonatas/21-1_no_repeat/midi_score.mid,test,dynamics,0.06239332838770985,2.9756284005575857,0.8565613487602369,1126
Beethoven/Piano_Sonatas/21-1_no_repeat/ToA02M.mid,Beethoven/Piano_Sonatas/21-1_no_repeat/midi_score.mid,test,articulation,-0.06548397964417327,3.9013596204222813,1.5534859547259414,1126
Beethoven/Piano_Sonatas/21-1_no_repeat/ToA02M.mid,Beethoven/Piano_Sonatas/21-1_no_repeat/midi_score.mid,test,pedal_depth,-0.05915450304233862,3.0576136514713697,0.931025730671733,1126
Beethoven/Piano_Sonatas/21-1_no_repeat/ToA02M.mid,Beethoven/Piano_Sonatas/21-1_no_repeat/midi_score.mid,test,pedal_down_ratio,-0.05294430217685669,2.501949672474926,0.8927629660043674,1126
Beethoven/Piano_Sonatas/21-1_no_repeat/ToA02M.mid,Beethoven/Piano_Sonatas/21-1_no_repeat/midi_score.mid,test,pedal_changes,0.10090334122734777,2.945355757851443,1.1402246887509222,1126
Beethoven/Piano_Sonatas/21-1_no_repeat/TongB03M.mid,Beethoven/Piano_Sonatas/21-1_no_repeat/midi_score.mid,test,tempo,0.007561933907282831,3.231379682630049,1.220543317444447,1126
Beethoven/Piano_Sonatas/21-1_no_repeat/TongB03M.mid,Beethoven/Piano_Sonatas/21-1_no_repeat/midi_score.mid,test,rubato,0.6859208435666418,4.391007097030334,1.6555509405992568,1126
Beethoven/Piano_Sonatas/21-1_no_repeat/TongB03M.mid,Beethoven/Piano_Sonatas/21-1_no_repeat/midi_score.mid,test,dynamics,0.08328651308158978,2.875297900085442,0.9596035042848209,1126
Beethoven/Piano_Sonatas/21-1_no_repeat/TongB03M.mid,Beethoven/Piano_Sonatas/21-1_no_repeat/midi_score.mid,test,articulation,0.19610543769629238,4.077976541689003,1.6796267169232173,1126
Beethoven/Piano_Sonatas/21-1_no_repeat/TongB03M.mid,Beethoven/Piano_Sonatas/21-1_no_repeat/midi_score.mid,test,pedal_depth,0.6544702679277509,2.2426051083970915,0.8533862264144606,1126
Beethoven/Piano_Sonatas/21-1_no_repeat/TongB03M.mid,Beethoven/Piano_Sonatas/21-1_no_repeat/midi_score.mid,test,pedal_down_ratio,0.3940580754769447,2.7159555819176733,1.0363949118667277,1126
Beethoven/Piano_Sonatas/21-1_no_repeat/TongB03M.mid,Beethoven/Piano_Sonatas/21-1_no_repeat/midi_score.mid,test,pedal_changes,0.2656695566492195,4.418033636777165,1.3326129076243218,1126
Beethoven/Piano_Sonatas/21-1_no_repeat/WangA02M.mid,Beethoven/Piano_Sonatas/21-1_no_repeat/midi_score.mid,test,tempo,0.5795746310977805,2.5699108368649073,1.162108277252365,1126
Beethoven/Piano_Sonatas/21-1_no_repeat/WangA02M.mid,Beethoven/Piano_Sonatas/21-1_no_repeat/midi_score.mid,test,rubato,0.5687134489795909,3.4008777472836336,1.5494115087303417,1126
Beethoven/Piano_Sonatas/21-1_no_repeat/WangA02M.mid,Beethoven/Piano_Sonatas/21-1_no_repeat/midi_score.mid,test,dynamics,0.012466699047076582,3.4319535179510945,0.986001978028643,1126
Beethoven/Piano_Sonatas/21-1_no_repeat/WangA02M.mid,Beethoven/Piano_Sonatas/21-1_no_repeat/midi_score.mid,test,articulation,-0.452320214800079,3.8658553340035446,1.4533960351980058,1126
Beethoven/Piano_Sonatas/21-1_no_repeat/WangA02M.mid,Beethoven/Piano_Sonatas/21-1_no_repeat/midi_score.mid,test,pedal_depth,-0.30779755822900945,3.2809007398601917,1.106830875107205,1126
Beethoven/Piano_Sonatas/21-1_no_repeat/WangA02M.mid,Beethoven/Piano_Sonatas/21-1_no_repeat/midi_score.mid,test,pedal_down_ratio,-0.18822437308711354,3.3435867798435965,1.082396376302522,1126
Beethoven/Piano_Sonatas/21-1_no_repeat/WangA02M.mid,Beethoven/Piano_Sonatas/21-1_no_repeat/midi_score.mid,test,pedal_changes,0.02554514967780957,2.945355757851443,1.3462737083322167,1126
Beethoven/Piano_Sonatas/21-1_no_repeat/YeZ02M.mid,Beethoven/Piano_Sonatas/21-1_no_repeat/midi_score.mid,test,tempo,-1.114826070737078,2.8687316197452413,1.1002565683972352,1126
Beethoven/Piano_Sonatas/21-1_no_repeat/YeZ02M.mid,Beethoven/Piano_Sonatas/21-1_no_repeat/midi_score.mid,test,rubato,0.6507538578369492,3.813341311331154,1.465720960784904,1126
Beethoven/Piano_Sonatas/21-1_no_repeat/YeZ02M.mid,Beethoven/Piano_Sonatas/21-1_no_repeat/midi_score.mid,test,dynamics,0.26640725805460014,4.160483834704807,1.2368309192245452,1126
Beethoven/Piano_Sonatas/21-1_no_repeat/YeZ02M.mid,Beethoven/Piano_Sonatas/21-1_no_repeat/midi_score.mid,test,articulation,-0.06156419580126577,4.100370430042139,1.597918749918993,1126
Beethoven/Piano_Sonatas/21-1_no_repeat/YeZ02M.mid,Beethoven/Piano_Sonatas/21-1_no_repeat/midi_score.mid,test,pedal_depth,0.6214946836503483,3.454538059496784,1.2759063052752497,1126
Beethoven/Piano_Sonatas/21-1_no_repeat/YeZ02M.mid,Beethoven/Piano_Sonatas/21-1_no_repeat/midi_score.mid,test,pedal_down_ratio,0.5471669796106668,3.2911698792626005,1.2542716343876192,1126
Beethoven/Piano_Sonatas/21-1_no_repeat/YeZ02M.mid,Beethoven/Piano_Sonatas/21-1_no_repeat/midi_score.mid,test,pedal_changes,0.2184110297452718,2.945355757851443,1.3209994949395727,1126
Beethoven/Piano_Sonatas/21-1_no_repeat/ZhangW01M.mid,Beethoven/Piano_Sonatas/21-1_no_repeat/midi_score.mid,test,tempo,0.3303485560678522,3.1488715784769576,1.2906373751559859,1126
Beethoven/Piano_Sonatas/21-1_no_repeat/ZhangW01M.mid,Beethoven/Piano_Sonatas/21-1_no_repeat/midi_score.mid,test,rubato,0.5914872732863465,4.255495957927658,1.7467554288399172,1126
Beethoven/Piano_Sonatas/21-1_no_repeat/ZhangW01M.mid,Beethoven/Piano_Sonatas/21-1_no_repeat/midi_score.mid,test,dynamics,0.11077007973663143,3.026616690113253,0.9382252255322624,1126
Beethoven/Piano_Sonatas/21-1_no_repeat/ZhangW01M.mid,Beethoven/Piano_Sonatas/21-1_no_repeat/midi_score.mid,test,articulation,0.24342618820208775,3.9875472100309115,1.4432717010887557,1126
Beethoven/Piano_Sonatas/21-1_no_repeat/ZhangW01M.mid,Beethoven/Piano_Sonatas/21-1_no_repeat/midi_score.mid,test,pedal_depth,-0.24993004374151864,2.843966016641124,0.8060593767229643,1126
Beethoven/Piano_Sonatas/21-1_no_repeat/ZhangW01M.mid,Beethoven/Piano_Sonatas/21-1_no_repeat/midi_score.mid,test,pedal_down_ratio,-0.05078906500259392,3.525098080205649,1.1153647884638198,1126
Beethoven/Piano_Sonatas/21-1_no_repeat/ZhangW01M.mid,Beethoven/Piano_Sonatas/21-1_no_repeat/midi_score.mid,test,pedal_changes,0.3601866104571149,4.418033636777165,1.5126789906541906,1126
Beethoven/Piano_Sonatas/21-1_no_repeat/Zuber01.mid,Beethoven/Piano_Sonatas/21-1_no_repeat/midi_score.mid,test,tempo,1.318505409118987,2.86437082452719,1.4023577645744585,1126
Beethoven/Piano_Sonatas/21-1_no_repeat/Zuber01.mid,Beethoven/Piano_Sonatas/21-1_no_repeat/midi_score.mid,test,rubato,0.657501891205015,3.792775397265048,1.8368518715243742,1126
Beethoven/Piano_Sonatas/21-1_no_repeat/Zuber01.mid,Beethoven/Piano_Sonatas/21-1_no_repeat/midi_score.mid,test,dynamics,0.583482250744436,3.6082445253833404,1.0251174111355705,1126
Beethoven/Piano_Sonatas/21-1_no_repeat/Zuber01.mid,Beethoven/Piano_Sonatas/21-1_no_repeat/midi_score.mid,test,articulation,0.18312451590378448,4.216236829137493,1.6251048021527552,1126
Beethoven/Piano_Sonatas/21-1_no_repeat/Zuber01.mid,Beethoven/Piano_Sonatas/21-1_no_repeat/midi_score.mid,test,pedal_depth,-0.16491048837448236,3.320890933742304,0.9476138185840236,1126
Beethoven/Piano_Sonatas/21-1_no_repeat/Zuber01.mid,Beethoven/Piano_Sonatas/21-1_no_repeat/midi_score.mid,test,pedal_down_ratio,-0.07790250948090295,3.9961236764589216,1.1484841823766083,1126
Beethoven/Piano_Sonatas/21-1_no_repeat/Zuber01.mid,Beethoven/Piano_Sonatas/21-1_no_repeat/midi_score.mid,test,pedal_changes,0.019158862258357178,2.945355757851443,1.4615185301890685,1126
Beethoven/Piano_Sonatas/24-1_no_2_repeat/Cui02.mid,Beethoven/Piano_Sonatas/24-1_no_2_repeat/midi_score.mid,train,tempo,0.11484100826038306,4.469156630051661,1.5405210592460516,527
Beethoven/Piano_Sonatas/24-1_no_2_repeat/Cui02.mid,Beethoven/Piano_Sonatas/24-1_no_2_repeat/midi_score.mid,train,rubato,0.6995014221204099,5.117144602447227,1.756396600939111,527
Beethoven/Piano_Sonatas/24-1_no_2_repeat/Cui02.mid,Beethoven/Piano_Sonatas/24-1_no_2_repeat/midi_score.mid,train,dynamics,-0.2077051704630199,5.461639329952912,1.5362761680518087,527
Beethoven/Piano_Sonatas/24-1_no_2_repeat/Cui02.mid,Beethoven/Piano_Sonatas/24-1_no_2_repeat/midi_score.mid,train,articulation,0.12206926884239076,7.010162054940562,2.2362692028240154,527
Beethoven/Piano_Sonatas/24-1_no_2_repeat/Cui02.mid,Beethoven/Piano_Sonatas/24-1_no_2_repeat/midi_score.mid,train,pedal_depth,0.03435906093205154,2.740146480171797,1.0047079701115773,527
Beethoven/Piano_Sonatas/24-1_no_2_repeat/Cui02.mid,Beethoven/Piano_Sonatas/24-1_no_2_repeat/midi_score.mid,train,pedal_down_ratio,0.5266284304940958,3.1742055123434127,1.3526362222470112,527
Beethoven/Piano_Sonatas/24-1_no_2_repeat/Cui02.mid,Beethoven/Piano_Sonatas/24-1_no_2_repeat/midi_score.mid,train,pedal_changes,0.1520784667219403,2.717135272098667,1.3166748685201752,527
Beethoven/Piano_Sonatas/24-1_no_2_repeat/Cui06M.mid,Beethoven/Piano_Sonatas/24-1_no_2_repeat/midi_score.mid,train,tempo,0.05685203469186183,4.709267569890301,1.6925952113518423,527
Beethoven/Piano_Sonatas/24-1_no_2_repeat/Cui06M.mid,Beethoven/Piano_Sonatas/24-1_no_2_repeat/midi_score.mid,train,rubato,0.7025427207039037,5.291679332359005,1.890713786905099,527
Beethoven/Piano_Sonatas/24-1_no_2_repeat/Cui06M.mid,Beethoven/Piano_Sonatas/24-1_no_2_repeat/midi_score.mid,train,dynamics,0.32853063480798933,5.2464328507606695,1.6920882941366568,527
Beethoven/Piano_Sonatas/24-1_no_2_repeat/Cui06M.mid,Beethoven/Piano_Sonatas/24-1_no_2_repeat/midi_score.mid,train,articulation,0.10680854231503097,6.63839494294675,2.280508960459924,527
Beethoven/Piano_Sonatas/24-1_no_2_repeat/Cui06M.mid,Beethoven/Piano_Sonatas/24-1_no_2_repeat/midi_score.mid,train,pedal_depth,-0.5277364310384771,2.6795037258114425,0.9792826193817606,527
Beethoven/Piano_Sonatas/24-1_no_2_repeat/Cui06M.mid,Beethoven/Piano_Sonatas/24-1_no_2_repeat/midi_score.mid,train,pedal_down_ratio,-0.2680984617905363,3.0029323493913864,1.051563908115805,527
Beethoven/Piano_Sonatas/24-1_no_2_repeat/Cui06M.mid,Beethoven/Piano_Sonatas/24-1_no_2_repeat/midi_score.mid,train,pedal_changes,-0.11659349115348758,2.717135272098667,1.1536331902728976,527
Beethoven/Piano_Sonatas/24-1_no_2_repeat/DeTurck06M.mid,Beethoven/Piano_Sonatas/24-1_no_2_repeat/midi_score.mid,train,tempo,-0.2678951097173096,4.114792831757567,1.4756085231555505,527
Beethoven/Piano_Sonatas/24-1_no_2_repeat/DeTurck06M.mid,Beethoven/Piano_Sonatas/24-1_no_2_repeat/midi_score.mid,train,rubato,0.6319947491649589,4.213711698810177,1.5277144084181644,527
Beethoven/Piano_Sonatas/24-1_no_2_repeat/DeTurck06M.mid,Beethoven/Piano_Sonatas/24-1_no_2_repeat/midi_score.mid,train,dynamics,0.21127466124084368,3.9350017627447342,1.2791825372699124,527
Beethoven/Piano_Sonatas/24-1_no_2_repeat/DeTurck06M.mid,Beethoven/Piano_Sonatas/24-1_no_2_repeat/midi_score.mid,train,articulation,-0.29161897503688283,5.813320676513097,2.2855340785587352,527
Beethoven/Piano_Sonatas/24-1_no_2_repeat/DeTurck06M.mid,Beethoven/Piano_Sonatas/24-1_no_2_repeat/midi_score.mid,train,pedal_depth,-0.2825591578603688,2.2961495279665813,0.7953368934421254,527
Beethoven/Piano_Sonatas/24-1_no_2_repeat/DeTurck06M.mid,Beethoven/Piano_Sonatas/24-1_no_2_repeat/midi_score.mid,train,pedal_down_ratio,-0.32114157558968065,2.5069976256235456,0.9697126614044362,527
Beethoven/Piano_Sonatas/24-1_no_2_repeat/DeTurck06M.mid,Beethoven/Piano_Sonatas/24-1_no_2_repeat/midi_score.mid,train,pedal_changes,0.07350459224893784,2.717135272098667,1.2540045659445382,527
Beethoven/Piano_Sonatas/24-1_no_2_repeat/MERJAN01.mid,Beethoven/Piano_Sonatas/24-1_no_2_repeat/midi_score.mid,train,tempo,-1.0734221676311428,7.61453741566138,2.5623891123715827,527
Beethoven/Piano_Sonatas/24-1_no_2_repeat/MERJAN01.mid,Beethoven/Piano_Sonatas/24-1_no_2_repeat/midi_score.mid,train,rubato,0.7591916377250854,8.264109741246664,2.7192124821312484,527
Beethoven/Piano_Sonatas/24-1_no_2_repeat/MERJAN01.mid,Beethoven/Piano_Sonatas/24-1_no_2_repeat/midi_score.mid,train,dynamics,0.035681342372764255,3.9923901571959997,1.200770023430239,527
Beethoven/Piano_Sonatas/24-1_no_2_repeat/MERJAN01.mid,Beethoven/Piano_Sonatas/24-1_no_2_repeat/midi_score.mid,train,articulation,0.07037202406145629,4.326011309312104,1.8357547704869008,527
Beethoven/Piano_Sonatas/24-1_no_2_repeat/MERJAN01.mid,Beethoven/Piano_Sonatas/24-1_no_2_repeat/midi_score.mid,train,pedal_depth,0.08720754933034057,2.8775563132422044,0.9159398391282575,527
Beethoven/Piano_Sonatas/24-1_no_2_repeat/MERJAN01.mid,Beethoven/Piano_Sonatas/24-1_no_2_repeat/midi_score.mid,train,pedal_down_ratio,-0.24839084716438597,2.63899428274236,0.9266311606835522,527
Beethoven/Piano_Sonatas/24-1_no_2_repeat/MERJAN01.mid,Beethoven/Piano_Sonatas/24-1_no_2_repeat/midi_score.mid,train,pedal_changes,-6.628197161941233e-18,2.717135272098667,1.0470034500770797,527
Beethoven/Piano_Sonatas/24-1_no_2_repeat/Zusko01.mid,Beethoven/Piano_Sonatas/24-1_no_2_repeat/midi_score.mid,train,tempo,0.869378113304636,4.191479145617552,1.7455764380237269,527
Beethoven/Piano_Sonatas/24-1_no_2_repeat/Zusko01.mid,Beethoven/Piano_Sonatas/24-1_no_2_repeat/midi_score.mid,train,rubato,0.5923484153781147,4.519745437883033,1.7707051910990874,527
Beethoven/Piano_Sonatas/24-1_no_2_repeat/Zusko01.mid,Beethoven/Piano_Sonatas/24-1_no_2_repeat/midi_score.mid,train,dynamics,-0.26532099908440915,4.706694607336139,1.5774147764267645,527
Beethoven/Piano_Sonatas/24-1_no_2_repeat/Zusko01.mid,Beethoven/Piano_Sonatas/24-1_no_2_repeat/midi_score.mid,train,articulation,-0.9309073007970425,7.485192408881952,2.7078545146448527,527
Beethoven/Piano_Sonatas/24-1_no_2_repeat/Zusko01.mid,Beethoven/Piano_Sonatas/24-1_no_2_repeat/midi_score.mid,train,pedal_depth,1.1654825889362699,2.8154328899139536,1.1007405531097256,527
Beethoven/Piano_Sonatas/24-1_no_2_repeat/Zusko01.mid,Beethoven/Piano_Sonatas/24-1_no_2_repeat/midi_score.mid,train,pedal_down_ratio,0.7417676845754935,2.9892257376574745,1.2264897926909621,527
Beethoven/Piano_Sonatas/24-1_no_2_repeat/Zusko01.mid,Beethoven/Piano_Sonatas/24-1_no_2_repeat/midi_score.mid,train,pedal_changes,0.636194919120117,4.075702908148001,1.6770025617600546,527
Beethoven/Piano_Sonatas/26-1/Ali02.mid,Beethoven/Piano_Sonatas/26-1/midi_score.mid,train,tempo,-0.8216037636981448,5.20403352810526,1.909874402757788,891
Beethoven/Piano_Sonatas/26-1/Ali02.mid,Beethoven/Piano_Sonatas/26-1/midi_score.mid,train,rubato,0.8139275984492513,5.473659315190886,1.9498478949155382,891
Beethoven/Piano_Sonatas/26-1/Ali02.mid,Beethoven/Piano_Sonatas/26-1/midi_score.mid,train,dynamics,-0.1576812181017017,4.743096846496276,1.3812729056383366,891
Beethoven/Piano_Sonatas/26-1/Ali02.mid,Beethoven/Piano_Sonatas/26-1/midi_score.mid,train,articulation,-0.606956289757047,4.886679557390386,1.8499699143619446,891
Beethoven/Piano_Sonatas/26-1/Ali02.mid,Beethoven/Piano_Sonatas/26-1/midi_score.mid,train,pedal_depth,0.15250608149484923,3.1913913122757567,1.0301159440902257,891
Beethoven/Piano_Sonatas/26-1/Ali02.mid,Beethoven/Piano_Sonatas/26-1/midi_score.mid,train,pedal_down_ratio,0.32008537245965707,3.67142314101686,1.0914130765654246,891
Beethoven/Piano_Sonatas/26-1/Ali02.mid,Beethoven/Piano_Sonatas/26-1/midi_score.mid,train,pedal_changes,0.1333669181097491,3.3649499338459767,1.557960489059656,891
Beethoven/Piano_Sonatas/26-1/HuNY02M.mid,Beethoven/Piano_Sonatas/26-1/midi_score.mid,train,tempo,-0.30716540166173156,5.67201718298792,1.9076573846228397,891
Beethoven/Piano_Sonatas/26-1/HuNY02M.mid,Beethoven/Piano_Sonatas/26-1/midi_score.mid,train,rubato,0.7778563652154961,5.782284624335478,2.0152780157943493,891
Beethoven/Piano_Sonatas/26-1/HuNY02M.mid,Beethoven/Piano_Sonatas/26-1/midi_score.mid,train,dynamics,-0.014973636528228883,3.8029604955950544,1.3001836205322586,891
Beethoven/Piano_Sonatas/26-1/HuNY02M.mid,Beethoven/Piano_Sonatas/26-1/midi_score.mid,train,articulation,-0.13757413919706288,4.010456524675458,1.7357370243381416,891
Beethoven/Piano_Sonatas/26-1/HuNY02M.mid,Beethoven/Piano_Sonatas/26-1/midi_score.mid,train,pedal_depth,-0.26217736316511725,4.156122028230625,1.208545157296533,891
Beethoven/Piano_Sonatas/26-1/HuNY02M.mid,Beethoven/Piano_Sonatas/26-1/midi_score.mid,train,pedal_down_ratio,-0.31838675784603737,4.19948966755585,1.133991454914371,891
Beethoven/Piano_Sonatas/26-1/HuNY02M.mid,Beethoven/Piano_Sonatas/26-1/midi_score.mid,train,pedal_changes,0.12994725354283243,3.3649499338459767,1.4687390686837551,891
Beethoven/Piano_Sonatas/26-1/Huang02.mid,Beethoven/Piano_Sonatas/26-1/midi_score.mid,train,tempo,0.037116243543634915,4.228758818521035,1.8132483870324683,891
Beethoven/Piano_Sonatas/26-1/Huang02.mid,Beethoven/Piano_Sonatas/26-1/midi_score.mid,train,rubato,0.6327374740389352,4.500741497021027,1.8700374577081496,891
Beethoven/Piano_Sonatas/26-1/Huang02.mid,Beethoven/Piano_Sonatas/26-1/midi_score.mid,train,dynamics,-0.28375318670510236,3.491647803161361,1.0889798142927403,891
Beethoven/Piano_Sonatas/26-1/Huang02.mid,Beethoven/Piano_Sonatas/26-1/midi_score.mid,train,articulation,-0.5197398304757327,4.660752396793584,1.8929648979244713,891
Beethoven/Piano_Sonatas/26-1/Huang02.mid,Beethoven/Piano_Sonatas/26-1/midi_score.mid,train,pedal_depth,-0.030526061503578564,2.8506895418988405,0.9903091781111574,891
Beethoven/Piano_Sonatas/26-1/Huang02.mid,Beethoven/Piano_Sonatas/26-1/midi_score.mid,train,pedal_down_ratio,0.022104555406148738,3.215030934283546,0.9692169904398145,891
Beethoven/Piano_Sonatas/26-1/Huang02.mid,Beethoven/Piano_Sonatas/26-1/midi_score.mid,train,pedal_changes,0.22740769369995675,3.3649499338459767,1.489146657746096,891
Beethoven/Piano_Sonatas/26-1/LEE_K05.mid,Beethoven/Piano_Sonatas/26-1/midi_score.mid,train,tempo,0.6400942377571955,3.9054902205290833,2.1275355919644166,891
Beethoven/Piano_Sonatas/26-1/LEE_K05.mid,Beethoven/Piano_Sonatas/26-1/midi_score.mid,train,rubato,0.653827725175327,4.076882470418516,2.1952024921875015,891
Beethoven/Piano_Sonatas/26-1/LEE_K05.mid,Beethoven/Piano_Sonatas/26-1/midi_score.mid,train,dynamics,-0.5220131996435997,3.4463883614025246,1.1093308344528425,891
Beethoven/Piano_Sonatas/26-1/LEE_K05.mid,Beethoven/Piano_Sonatas/26-1/midi_score.mid,train,articulation,-0.766624305628665,4.132380660330062,1.831758082758884,891
Beethoven/Piano_Sonatas/26-1/LEE_K05.mid,Beethoven/Piano_Sonatas/26-1/midi_score.mid,train,pedal_depth,0.610264123560777,3.043544328156755,1.0436109492101053,891
Beethoven/Piano_Sonatas/26-1/LEE_K05.mid,Beethoven/Piano_Sonatas/26-1/midi_score.mid,train,pedal_down_ratio,0.4415751213847707,3.0773971798431017,1.0616210645426452,891
Beethoven/Piano_Sonatas/26-1/LEE_K05.mid,Beethoven/Piano_Sonatas/26-1/midi_score.mid,train,pedal_changes,0.2906714881879147,3.3649499338459767,1.6041769386488678,891
Beethoven/Piano_Sonatas/26-1/MorozovY02.mid,Beethoven/Piano_Sonatas/26-1/midi_score.mid,train,tempo,0.21420936812185706,4.074056614341088,1.6464604731125452,891
Beethoven/Piano_Sonatas/26-1/MorozovY02.mid,Beethoven/Piano_Sonatas/26-1/midi_score.mid,train,rubato,0.6479194755968725,4.217268987658532,1.71715476726434,891
Beethoven/Piano_Sonatas/26-1/MorozovY02.mid,Beethoven/Piano_Sonatas/26-1/midi_score.mid,train,dynamics,0.17495585714030357,4.2097303074640156,1.2459348985022725,891
Beethoven/Piano_Sonatas/26-1/MorozovY02.mid,Beethoven/Piano_Sonatas/26-1/midi_score.mid,train,articulation,0.11652084654602705,3.8541865426229194,1.5607785306365196,891
Beethoven/Piano_Sonatas/26-1/MorozovY02.mid,Beethoven/Piano_Sonatas/26-1/midi_score.mid,train,pedal_depth,-0.36281073304403655,3.056734127181903,0.8977158518781009,891
Beethoven/Piano_Sonatas/26-1/MorozovY02.mid,Beethoven/Piano_Sonatas/26-1/midi_score.mid,train,pedal_down_ratio,-0.29770247738871336,3.149040440794143,0.9471036332570322,891
Beethoven/Piano_Sonatas/26-1/MorozovY02.mid,Beethoven/Piano_Sonatas/26-1/midi_score.mid,train,pedal_changes,0.22227819684958175,3.3649499338459767,1.3445157480074574,891
Beethoven/Piano_Sonatas/26-1/Sham03M.mid,Beethoven/Piano_Sonatas/26-1/midi_score.mid,train,tempo,0.11134896581173927,4.13714648230747,1.6040065396249445,891
Beethoven/Piano_Sonatas/26-1/Sham03M.mid,Beethoven/Piano_Sonatas/26-1/midi_score.mid,train,rubato,0.5505409029155441,4.528329823097124,1.676852737834422,891
Beethoven/Piano_Sonatas/26-1/Sham03M.mid,Beethoven/Piano_Sonatas/26-1/midi_score.mid,train,dynamics,0.2656146797914568,4.544613116547551,1.3937610110245093,891
Beethoven/Piano_Sonatas/26-1/Sham03M.mid,Beethoven/Piano_Sonatas/26-1/midi_score.mid,train,articulation,0.8390744512870093,4.5286484357262635,1.7007845196061713,891
Beethoven/Piano_Sonatas/26-1/Sham03M.mid,Beethoven/Piano_Sonatas/26-1/midi_score.mid,train,pedal_depth,-0.18824550945554694,2.764857274820647,0.8548434344826131,891
Beethoven/Piano_Sonatas/26-1/Sham03M.mid,Beethoven/Piano_Sonatas/26-1/midi_score.mid,train,pedal_down_ratio,-0.4073206578530841,3.1410424785724773,1.0136885109100082,891
Beethoven/Piano_Sonatas/26-1/Sham03M.mid,Beethoven/Piano_Sonatas/26-1/midi_score.mid,train,pedal_changes,0.03590647795262475,3.3649499338459767,1.414751082506685,891
Beethoven/Piano_Sonatas/26-1/Zhdanov05M.mid,Beethoven/Piano_Sonatas/26-1/midi_score.mid,train,tempo,-0.3660386500839958,3.6939162638308067,1.9075860457375058,891
Beethoven/Piano_Sonatas/26-1/Zhdanov05M.mid,Beethoven/Piano_Sonatas/26-1/midi_score.mid,train,rubato,0.6999196618316996,4.002882084487111,2.0165735102105877,891
Beethoven/Piano_Sonatas/26-1/Zhdanov05M.mid,Beethoven/Piano_Sonatas/26-1/midi_score.mid,train,dynamics,0.7821030519463673,4.198704977741801,1.2023039003126903,891
Beethoven/Piano_Sonatas/26-1/Zhdanov05M.mid,Beethoven/Piano_Sonatas/26-1/midi_score.mid,train,articulation,0.34693257961243235,3.3457984602030524,1.3744091427962242,891
Beethoven/Piano_Sonatas/26-1/Zhdanov05M.mid,Beethoven/Piano_Sonatas/26-1/midi_score.mid,train,pedal_depth,0.11851096684944129,2.8503025056685556,0.8126472067416515,891
Beethoven/Piano_Sonatas/26-1/Zhdanov05M.mid,Beethoven/Piano_Sonatas/26-1/midi_score.mid,train,pedal_down_ratio,0.15080745061242087,2.8030601011902982,0.8939258912387172,891
Beethoven/Piano_Sonatas/26-1/Zhdanov05M.mid,Beethoven/Piano_Sonatas/26-1/midi_score.mid,train,pedal_changes,0.1196882598420825,3.3649499338459767,1.5415604467928428,891
Beethoven/Piano_Sonatas/26-2/HONG05M.mid,Beethoven/Piano_Sonatas/26-2/midi_score.mid,train,tempo,0.3023500224087508,4.353846659519565,1.3422095333828286,82
Beethoven/Piano_Sonatas/26-2/HONG05M.mid,Beethoven/Piano_Sonatas/26-2/midi_score.mid,train,rubato,0.9306896769701447,5.415272439042629,1.7893304813547086,82
Beethoven/Piano_Sonatas/26-2/HONG05M.mid,Beethoven/Piano_Sonatas/26-2/midi_score.mid,train,dynamics,0.5744051410588972,2.818829977347036,1.2974429086808326,82
Beethoven/Piano_Sonatas/26-2/HONG05M.mid,Beethoven/Piano_Sonatas/26-2/midi_score.mid,train,articulation,0.40116846560419506,3.489979596566428,1.5092980574935313,82
Beethoven/Piano_Sonatas/26-2/HONG05M.mid,Beethoven/Piano_Sonatas/26-2/midi_score.mid,train,pedal_depth,-0.648649800036687,3.082805339534324,1.2004515103383522,82
Beethoven/Piano_Sonatas/26-2/HONG05M.mid,Beethoven/Piano_Sonatas/26-2/midi_score.mid,train,pedal_down_ratio,-0.8670059943150812,2.6543661717712954,1.259446268086604,82
Beethoven/Piano_Sonatas/26-2/HONG05M.mid,Beethoven/Piano_Sonatas/26-2/midi_score.mid,train,pedal_changes,0.03589798345796711,1.7025900725778689,0.5889697895092665,82
Beethoven/Piano_Sonatas/26-2/Huang02.mid,Beethoven/Piano_Sonatas/26-2/midi_score.mid,train,tempo,-0.6213673954510447,4.602727261702904,1.5522606568487403,82
Beethoven/Piano_Sonatas/26-2/Huang02.mid,Beethoven/Piano_Sonatas/26-2/midi_score.mid,train,rubato,0.6678919296083498,5.655899232229614,1.9385140758543324,82
Beethoven/Piano_Sonatas/26-2/Huang02.mid,Beethoven/Piano_Sonatas/26-2/midi_score.mid,train,dynamics,0.056663499528123086,3.336346547487083,1.0416642206898172,82
Beethoven/Piano_Sonatas/26-2/Huang02.mid,Beethoven/Piano_Sonatas/26-2/midi_score.mid,train,articulation,-0.24517667442858784,5.027920072703718,2.015546626181912,82
Beethoven/Piano_Sonatas/26-2/Huang02.mid,Beethoven/Piano_Sonatas/26-2/midi_score.mid,train,pedal_depth,-0.12642433510484496,4.135984012051512,1.0348906910323612,82
Beethoven/Piano_Sonatas/26-2/Huang02.mid,Beethoven/Piano_Sonatas/26-2/midi_score.mid,train,pedal_down_ratio,0.09549532709433887,3.4972905627047615,1.0535407556625085,82
Beethoven/Piano_Sonatas/26-2/Huang02.mid,Beethoven/Piano_Sonatas/26-2/midi_score.mid,train,pedal_changes,0.5333414685183685,5.490852984063624,1.3476561412750938,82
Beethoven/Piano_Sonatas/26-2/LEE_K05M.mid,Beethoven/Piano_Sonatas/26-2/midi_score.mid,train,tempo,-0.8480234750609258,2.724244806916942,1.132060735360369,82
Beethoven/Piano_Sonatas/26-2/LEE_K05M.mid,Beethoven/Piano_Sonatas/26-2/midi_score.mid,train,rubato,0.5971551155607344,4.115356274362586,1.5775469610191994,82
Beethoven/Piano_Sonatas/26-2/LEE_K05M.mid,Beethoven/Piano_Sonatas/26-2/midi_score.mid,train,dynamics,-0.8617630287608109,3.97857905324958,1.3664602370999843,82
Beethoven/Piano_Sonatas/26-2/LEE_K05M.mid,Beethoven/Piano_Sonatas/26-2/midi_score.mid,train,articulation,-0.6934076626092508,4.832190624480776,2.047318021619454,82
Beethoven/Piano_Sonatas/26-2/LEE_K05M.mid,Beethoven/Piano_Sonatas/26-2/midi_score.mid,train,pedal_depth,0.7878544685297316,1.791166777204056,0.6886057643372057,82
Beethoven/Piano_Sonatas/26-2/LEE_K05M.mid,Beethoven/Piano_Sonatas/26-2/midi_score.mid,train,pedal_down_ratio,0.5738919076026812,2.153834909374937,0.8861233205305932,82
Beethoven/Piano_Sonatas/26-2/LEE_K05M.mid,Beethoven/Piano_Sonatas/26-2/midi_score.mid,train,pedal_changes,0.2051313340455264,3.7882629114857544,1.2221275491299546,82
Beethoven/Piano_Sonatas/26-2/Tysman01.mid,Beethoven/Piano_Sonatas/26-2/midi_score.mid,train,tempo,-0.17551519364619828,4.533914051334011,1.6502633420698223,82
Beethoven/Piano_Sonatas/26-2/Tysman01.mid,Beethoven/Piano_Sonatas/26-2/midi_score.mid,train,rubato,0.8401857007377832,5.354838541396432,2.0474112245965426,82
Beethoven/Piano_Sonatas/26-2/Tysman01.mid,Beethoven/Piano_Sonatas/26-2/midi_score.mid,train,dynamics,-0.36505117969375106,3.9788011521889164,1.2783137449109263,82
Beethoven/Piano_Sonatas/26-2/Tysman01.mid,Beethoven/Piano_Sonatas/26-2/midi_score.mid,train,articulation,-0.3758714620993201,4.076782232344346,1.8985392783909292,82
Beethoven/Piano_Sonatas/26-2/Tysman01.mid,Beethoven/Piano_Sonatas/26-2/midi_score.mid,train,pedal_depth,-0.9551977087491808,2.385027697719413,1.0049628542419546,82
Beethoven/Piano_Sonatas/26-2/Tysman01.mid,Beethoven/Piano_Sonatas/26-2/midi_score.mid,train,pedal_down_ratio,-0.42945578551115476,1.6065589746144182,0.8341866999237848,82
Beethoven/Piano_Sonatas/26-2/Tysman01.mid,Beethoven/Piano_Sonatas/26-2/midi_score.mid,train,pedal_changes,0.4307758014956054,1.7025900725778689,0.9587157239294926,82
Beethoven/Piano_Sonatas/26-2/Zhdanov05.mid,Beethoven/Piano_Sonatas/26-2/midi_score.mid,train,tempo,1.404724480041405,3.3363673768907787,1.1692311004246891,82
Beethoven/Piano_Sonatas/26-2/Zhdanov05.mid,Beethoven/Piano_Sonatas/26-2/midi_score.mid,train,rubato,0.3994032133445291,3.4927964509266505,1.175617686174731,82
Beethoven/Piano_Sonatas/26-2/Zhdanov05.mid,Beethoven/Piano_Sonatas/26-2/midi_score.mid,train,dynamics,0.8596017095289982,3.973290432521862,1.496567482265532,82
Beethoven/Piano_Sonatas/26-2/Zhdanov05.mid,Beethoven/Piano_Sonatas/26-2/midi_score.mid,train,articulation,0.31333723338029423,3.834110960670192,1.275080793217372,82
Beethoven/Piano_Sonatas/26-2/Zhdanov05.mid,Beethoven/Piano_Sonatas/26-2/midi_score.mid,train,pedal_depth,-0.06782832251299768,1.4761457438442322,0.5237149100022768,82
Beethoven/Piano_Sonatas/26-2/Zhdanov05.mid,Beethoven/Piano_Sonatas/26-2/midi_score.mid,train,pedal_down_ratio,0.30070607347352096,2.230619709644196,1.1854227381584248,82
Beethoven/Piano_Sonatas/26-2/Zhdanov05.mid,Beethoven/Piano_Sonatas/26-2/midi_score.mid,train,pedal_changes,-0.4205192347933291,1.660025320763422,0.752078483041816,82
Beethoven/Piano_Sonatas/27-1/Abdelmola01.mid,Beethoven/Piano_Sonatas/27-1/midi_score.mid,train,tempo,-0.5252858394037998,4.479982673463969,1.0432007730015278,577
Beethoven/Piano_Sonatas/27-1/Abdelmola01.mid,Beethoven/Piano_Sonatas/27-1/midi_score.mid,train,rubato,1.154981023624943,5.272107037119342,1.2464226642307838,577
Beethoven/Piano_Sonatas/27-1/Abdelmola01.mid,Beethoven/Piano_Sonatas/27-1/midi_score.mid,train,dynamics,-1.4218491607089832,3.7574977348794576,1.2886160124216008,577
Beethoven/Piano_Sonatas/27-1/Abdelmola01.mid,Beethoven/Piano_Sonatas/27-1/midi_score.mid,train,articulation,-1.295225523871192,5.330925254238363,2.474383170775634,577
Beethoven/Piano_Sonatas/27-1/Abdelmola01.mid,Beethoven/Piano_Sonatas/27-1/midi_score.mid,train,pedal_depth,-0.22359834921673138,3.0006878548348523,0.9746123209605841,577
Beethoven/Piano_Sonatas/27-1/Abdelmola01.mid,Beethoven/Piano_Sonatas/27-1/midi_score.mid,train,pedal_down_ratio,0.24883968228581294,2.947625736491643,1.0123723158668985,577
Beethoven/Piano_Sonatas/27-1/Abdelmola01.mid,Beethoven/Piano_Sonatas/27-1/midi_score.mid,train,pedal_changes,0.3076764695672673,3.8571626284161393,1.5995009604113735,577
Beethoven/Piano_Sonatas/27-1/Fung01.mid,Beethoven/Piano_Sonatas/27-1/midi_score.mid,train,tempo,-1.0250600672441368,4.629098081493446,1.1792072692566904,577
Beethoven/Piano_Sonatas/27-1/Fung01.mid,Beethoven/Piano_Sonatas/27-1/midi_score.mid,train,rubato,0.7764688591419906,5.137943308528619,1.3619135448115376,577
Beethoven/Piano_Sonatas/27-1/Fung01.mid,Beethoven/Piano_Sonatas/27-1/midi_score.mid,train,dynamics,-0.2741472320353532,3.012826553297593,0.9667709396875713,577
Beethoven/Piano_Sonatas/27-1/Fung01.mid,Beethoven/Piano_Sonatas/27-1/midi_score.mid,train,articulation,-0.03304271765043612,4.592581039287341,1.732348951074755,577
Beethoven/Piano_Sonatas/27-1/Fung01.mid,Beethoven/Piano_Sonatas/27-1/midi_score.mid,train,pedal_depth,0.3012029809966411,3.4430640761899567,1.1916997780302356,577
Beethoven/Piano_Sonatas/27-1/Fung01.mid,Beethoven/Piano_Sonatas/27-1/midi_score.mid,train,pedal_down_ratio,0.10867856726609598,3.3461742142303024,1.1102609136842103,577
Beethoven/Piano_Sonatas/27-1/Fung01.mid,Beethoven/Piano_Sonatas/27-1/midi_score.mid,train,pedal_changes,-0.02852629519166717,2.571441752277426,1.2322439858290202,577
Beethoven/Piano_Sonatas/27-1/GiacomelliN04M.mid,Beethoven/Piano_Sonatas/27-1/midi_score.mid,train,tempo,0.3955883582337316,4.012780489336672,1.237123949152253,577
Beethoven/Piano_Sonatas/27-1/GiacomelliN04M.mid,Beethoven/Piano_Sonatas/27-1/midi_score.mid,train,rubato,0.8240332044455426,5.076847687723025,1.512291714685787,577
Beethoven/Piano_Sonatas/27-1/GiacomelliN04M.mid,Beethoven/Piano_Sonatas/27-1/midi_score.mid,train,dynamics,0.18892323498630953,4.23105752007628,1.1942711292886412,577
Beethoven/Piano_Sonatas/27-1/GiacomelliN04M.mid,Beethoven/Piano_Sonatas/27-1/midi_score.mid,train,articulation,0.505611888392963,5.32450640766803,1.8920221044169645,577
Beethoven/Piano_Sonatas/27-1/GiacomelliN04M.mid,Beethoven/Piano_Sonatas/27-1/midi_score.mid,train,pedal_depth,-0.34314800183939004,2.7369806469167175,0.9623375567645125,577
Beethoven/Piano_Sonatas/27-1/GiacomelliN04M.mid,Beethoven/Piano_Sonatas/27-1/midi_score.mid,train,pedal_down_ratio,-0.3414576070955423,2.8487962423949784,1.0206784114884226,577
Beethoven/Piano_Sonatas/27-1/GiacomelliN04M.mid,Beethoven/Piano_Sonatas/27-1/midi_score.mid,train,pedal_changes,0.03260148021904819,2.571441752277426,1.4871933155710657,577
Beethoven/Piano_Sonatas/27-1/Ko01.mid,Beethoven/Piano_Sonatas/27-1/midi_score.mid,train,tempo,0.765684313495957,2.9039684885940074,1.0672158358564339,577
Beethoven/Piano_Sonatas/27-1/Ko01.mid,Beethoven/Piano_Sonatas/27-1/midi_score.mid,train,rubato,0.43844835317416725,3.2396215512887077,1.1078827794051804,577
Beethoven/Piano_Sonatas/27-1/Ko01.mid,Beethoven/Piano_Sonatas/27-1/midi_score.mid,train,dynamics,0.2282962606757357,3.197192418936302,1.07851665028881,577
Beethoven/Piano_Sonatas/27-1/Ko01.mid,Beethoven/Piano_Sonatas/27-1/midi_score.mid,train,articulation,0.35082219014184396,4.601430359361405,1.748662769665576,577
Beethoven/Piano_Sonatas/27-1/Ko01.mid,Beethoven/Piano_Sonatas/27-1/midi_score.mid,train,pedal_depth,0.4274575221144928,2.620342665572351,1.0523283171175934,577
Beethoven/Piano_Sonatas/27-1/Ko01.mid,Beethoven/Piano_Sonatas/27-1/midi_score.mid,train,pedal_down_ratio,0.15735359857709363,2.068048229617859,0.897487966590535,577
Beethoven/Piano_Sonatas/27-1/Ko01.mid,Beethoven/Piano_Sonatas/27-1/midi_score.mid,train,pedal_changes,-0.1365186984172643,2.571441752277426,1.3001240067512478,577
Beethoven/Piano_Sonatas/27-1/Ko05M.mid,Beethoven/Piano_Sonatas/27-1/midi_score.mid,train,tempo,0.5562618701886115,2.5449175397784396,0.936741974348411,577
Beethoven/Piano_Sonatas/27-1/Ko05M.mid,Beethoven/Piano_Sonatas/27-1/midi_score.mid,train,rubato,0.388297670409256,3.079683762408723,0.9808052061147186,577
Beethoven/Piano_Sonatas/27-1/Ko05M.mid,Beethoven/Piano_Sonatas/27-1/midi_score.mid,train,dynamics,0.983601201103718,2.9356280889817947,1.1499360930879552,577
Beethoven/Piano_Sonatas/27-1/Ko05M.mid,Beethoven/Piano_Sonatas/27-1/midi_score.mid,train,articulation,0.21852088256391253,4.013711885502524,2.588590798246947,577
Beethoven/Piano_Sonatas/27-1/Ko05M.mid,Beethoven/Piano_Sonatas/27-1/midi_score.mid,train,pedal_depth,-0.15945349071747594,3.4088536871753354,1.0385620823631447,577
Beethoven/Piano_Sonatas/27-1/Ko05M.mid,Beethoven/Piano_Sonatas/27-1/midi_score.mid,train,pedal_down_ratio,-0.21971617722483686,2.77207027895082,0.9310071226019898,577
Beethoven/Piano_Sonatas/27-1/Ko05M.mid,Beethoven/Piano_Sonatas/27-1/midi_score.mid,train,pedal_changes,-0.07335333049285843,2.571441752277426,1.3089087283459269,577
Beethoven/Piano_Sonatas/27-1/MiyashitaM02M.mid,Beethoven/Piano_Sonatas/27-1/midi_score.mid,train,tempo,0.21399817426351023,4.042045362152259,1.1363906312822976,577
Beethoven/Piano_Sonatas/27-1/MiyashitaM02M.mid,Beethoven/Piano_Sonatas/27-1/midi_score.mid,train,rubato,0.5910936063441308,5.06907573288586,1.4016738670831739,577
Beethoven/Piano_Sonatas/27-1/MiyashitaM02M.mid,Beethoven/Piano_Sonatas/27-1/midi_score.mid,train,dynamics,-0.1258084997240479,3.2722095998623413,1.1388809352117981,577
Beethoven/Piano_Sonatas/27-1/MiyashitaM02M.mid,Beethoven/Piano_Sonatas/27-1/midi_score.mid,train,articulation,-0.2956912592540398,4.342059360742661,1.6561588131239589,577
Beethoven/Piano_Sonatas/27-1/MiyashitaM02M.mid,Beethoven/Piano_Sonatas/27-1/midi_score.mid,train,pedal_depth,-0.09742587742805298,2.8397177913505045,0.9953695445997883,577
Beethoven/Piano_Sonatas/27-1/MiyashitaM02M.mid,Beethoven/Piano_Sonatas/27-1/midi_score.mid,train,pedal_down_ratio,-0.3677885971871916,3.707741041882555,1.1576101403987311,577
Beethoven/Piano_Sonatas/27-1/MiyashitaM02M.mid,Beethoven/Piano_Sonatas/27-1/midi_score.mid,train,pedal_changes,0.15485703104047893,3.8571626284161393,1.4070119920236521,577
Beethoven/Piano_Sonatas/27-1/Seredenko01.mid,Beethoven/Piano_Sonatas/27-1/midi_score.mid,train,tempo,-0.9134492353981208,3.749670553366382,1.2150091438304136,577
Beethoven/Piano_Sonatas/27-1/Seredenko01.mid,Beethoven/Piano_Sonatas/27-1/midi_score.mid,train,rubato,0.6135106112667201,4.378522951544725,1.327481085057522,577
Beethoven/Piano_Sonatas/27-1/Seredenko01.mid,Beethoven/Piano_Sonatas/27-1/midi_score.mid,train,dynamics,-0.005229982851485623,3.863716752119867,1.3001221048077631,577
Beethoven/Piano_Sonatas/27-1/Seredenko01.mid,Beethoven/Piano_Sonatas/27-1/midi_score.mid,train,articulation,-0.6010912744926311,6.365095044925811,2.2914410378897387,577
Beethoven/Piano_Sonatas/27-1/Seredenko01.mid,Beethoven/Piano_Sonatas/27-1/midi_score.mid,train,pedal_depth,-0.3037024952436709,3.470205164143731,1.0915433239446466,577
Beethoven/Piano_Sonatas/27-1/Seredenko01.mid,Beethoven/Piano_Sonatas/27-1/midi_score.mid,train,pedal_down_ratio,-0.3980909056967168,3.1693552164464354,1.0642688929759179,577
Beethoven/Piano_Sonatas/27-1/Seredenko01.mid,Beethoven/Piano_Sonatas/27-1/midi_score.mid,train,pedal_changes,0.22821036153333732,3.8571626284161393,1.5072849693417483,577
Beethoven/Piano_Sonatas/28-1/Atzinger01.mid,Beethoven/Piano_Sonatas/28-1/midi_score.mid,train,tempo,0.09402698689185437,4.945253960844106,1.73987339233601,192
Beethoven/Piano_Sonatas/28-1/Atzinger01.mid,Beethoven/Piano_Sonatas/28-1/midi_score.mid,train,rubato,0.6026890109498928,4.706643083563627,1.672771913554955,192
Beethoven/Piano_Sonatas/28-1/Atzinger01.mid,Beethoven/Piano_Sonatas/28-1/midi_score.mid,train,dynamics,-0.5247582457925595,3.2135944342540887,1.1414181031178212,192
Beethoven/Piano_Sonatas/28-1/Atzinger01.mid,Beethoven/Piano_Sonatas/28-1/midi_score.mid,train,articulation,-0.2809646941157545,4.73545057699791,1.8685211319283996,192
Beethoven/Piano_Sonatas/28-1/Atzinger01.mid,Beethoven/Piano_Sonatas/28-1/midi_score.mid,train,pedal_depth,-1.3198061229234723,2.548730152920068,0.9249042991789498,192
Beethoven/Piano_Sonatas/28-1/Atzinger01.mid,Beethoven/Piano_Sonatas/28-1/midi_score.mid,train,pedal_down_ratio,-1.0789432146669107,2.943534029475566,1.133219915028587,192
Beethoven/Piano_Sonatas/28-1/Atzinger01.mid,Beethoven/Piano_Sonatas/28-1/midi_score.mid,train,pedal_changes,-0.09140453721650176,3.1615216401942963,1.4530170599185275,192
Beethoven/Piano_Sonatas/28-1/KimHJ02M.mid,Beethoven/Piano_Sonatas/28-1/midi_score.mid,train,tempo,-0.13810321058226693,3.9953321186037156,1.3856978899738641,192
Beethoven/Piano_Sonatas/28-1/KimHJ02M.mid,Beethoven/Piano_Sonatas/28-1/midi_score.mid,train,rubato,0.496899336459964,3.5339453113507138,1.363565118266323,192
Beethoven/Piano_Sonatas/28-1/KimHJ02M.mid,Beethoven/Piano_Sonatas/28-1/midi_score.mid,train,dynamics,-0.21459293662021564,3.138054322705367,0.9757394021181023,192
Beethoven/Piano_Sonatas/28-1/KimHJ02M.mid,Beethoven/Piano_Sonatas/28-1/midi_score.mid,train,articulation,-1.2214905876001896,7.0715569214067955,2.645097084769645,192
Beethoven/Piano_Sonatas/28-1/KimHJ02M.mid,Beethoven/Piano_Sonatas/28-1/midi_score.mid,train,pedal_depth,0.1343834431551247,2.1343927783581877,0.7794331266468465,192
Beethoven/Piano_Sonatas/28-1/KimHJ02M.mid,Beethoven/Piano_Sonatas/28-1/midi_score.mid,train,pedal_down_ratio,0.06605930321183073,1.8512534677155115,0.7577611886552912,192
Beethoven/Piano_Sonatas/28-1/KimHJ02M.mid,Beethoven/Piano_Sonatas/28-1/midi_score.mid,train,pedal_changes,-9.063045098980869e-18,2.3711412301457218,1.14587490590431,192
Beethoven/Piano_Sonatas/28-1/KyykhynenT06M.mid,Beethoven/Piano_Sonatas/28-1/midi_score.mid,train,tempo,0.023940809638517885,4.62219189310866,1.424633229560925,192
Beethoven/Piano_Sonatas/28-1/KyykhynenT06M.mid,Beethoven/Piano_Sonatas/28-1/midi_score.mid,train,rubato,0.53513679319105,4.405452744064933,1.3648888451968801,192
Beethoven/Piano_Sonatas/28-1/KyykhynenT06M.mid,Beethoven/Piano_Sonatas/28-1/midi_score.mid,train,dynamics,1.2259137272792902,4.010154151797212,1.1430750062474753,192
Beethoven/Piano_Sonatas/28-1/KyykhynenT06M.mid,Beethoven/Piano_Sonatas/28-1/midi_score.mid,train,articulation,0.6701668005140556,5.490521789508753,2.4447665834404475,192
Beethoven/Piano_Sonatas/28-1/KyykhynenT06M.mid,Beethoven/Piano_Sonatas/28-1/midi_score.mid,train,pedal_depth,-0.2865129463917699,2.495210338665917,0.9723808653837418,192
Beethoven/Piano_Sonatas/28-1/KyykhynenT06M.mid,Beethoven/Piano_Sonatas/28-1/midi_score.mid,train,pedal_down_ratio,-0.40594809222986605,2.9066589162653216,1.1463324268378328,192
Beethoven/Piano_Sonatas/28-1/KyykhynenT06M.mid,Beethoven/Piano_Sonatas/28-1/midi_score.mid,train,pedal_changes,0.15054864953306174,3.1615216401942963,1.3899446832668414,192
Beethoven/Piano_Sonatas/28-1/WangY04M.mid,Beethoven/Piano_Sonatas/28-1/midi_score.mid,train,tempo,-0.32296070901482266,4.0038399499861015,1.6203264343653911,192
Beethoven/Piano_Sonatas/28-1/WangY04M.mid,Beethoven/Piano_Sonatas/28-1/midi_score.mid,train,rubato,0.6845906192089499,3.7378552792172424,1.4687363963895874,192
Beethoven/Piano_Sonatas/28-1/WangY04M.mid,Beethoven/Piano_Sonatas/28-1/midi_score.mid,train,dynamics,0.4291678596635334,3.3904657665280915,1.076815829363028,192
Beethoven/Piano_Sonatas/28-1/WangY04M.mid,Beethoven/Piano_Sonatas/28-1/midi_score.mid,train,articulation,0.37299522892624537,4.758657531926474,2.0084763132950436,192
Beethoven/Piano_Sonatas/28-1/WangY04M.mid,Beethoven/Piano_Sonatas/28-1/midi_score.mid,train,pedal_depth,0.3685856929670585,2.7666145249073075,1.137997035459535,192
Beethoven/Piano_Sonatas/28-1/WangY04M.mid,Beethoven/Piano_Sonatas/28-1/midi_score.mid,train,pedal_down_ratio,0.30661473232236625,2.7187982204345142,1.2784014599806302,192
Beethoven/Piano_Sonatas/28-1/WangY04M.mid,Beethoven/Piano_Sonatas/28-1/midi_score.mid,train,pedal_changes,0.010753474966647263,4.215362186925728,1.6364953553737958,192
Beethoven/Piano_Sonatas/28-1/Zhdanov01.mid,Beethoven/Piano_Sonatas/28-1/midi_score.mid,train,tempo,0.20753863323251676,4.008735739897641,1.645329799389369,192
Beethoven/Piano_Sonatas/28-1/Zhdanov01.mid,Beethoven/Piano_Sonatas/28-1/midi_score.mid,train,rubato,0.81086855875898,3.9170157000278527,1.6473269724355573,192
Beethoven/Piano_Sonatas/28-1/Zhdanov01.mid,Beethoven/Piano_Sonatas/28-1/midi_score.mid,train,dynamics,-0.8796822568719431,4.160381639135183,1.2845160673737106,192
Beethoven/Piano_Sonatas/28-1/Zhdanov01.mid,Beethoven/Piano_Sonatas/28-1/midi_score.mid,train,articulation,-0.19384983564047265,5.22994973223611,1.9421864616050233,192
Beethoven/Piano_Sonatas/28-1/Zhdanov01.mid,Beethoven/Piano_Sonatas/28-1/midi_score.mid,train,pedal_depth,0.4338935120382191,2.2009068978583817,0.8006284710392968,192
Beethoven/Piano_Sonatas/28-1/Zhdanov01.mid,Beethoven/Piano_Sonatas/28-1/midi_score.mid,train,pedal_down_ratio,0.27617879573608095,1.6940775293232107,0.8374745759590105,192
Beethoven/Piano_Sonatas/28-1/Zhdanov01.mid,Beethoven/Piano_Sonatas/28-1/midi_score.mid,train,pedal_changes,-0.11828822463311993,3.1615216401942963,1.1280688795418272,192
Beethoven/Piano_Sonatas/31-1/ADIG05M.mid,Beethoven/Piano_Sonatas/31-1/midi_score.mid,validation,tempo,0.16643112331234416,3.642446673582886,0.9400136665444816,327
Beethoven/Piano_Sonatas/31-1/ADIG05M.mid,Beethoven/Piano_Sonatas/31-1/midi_score.mid,validation,rubato,0.7218455924063454,4.816917758520175,1.256747934268692,327
Beethoven/Piano_Sonatas/31-1/ADIG05M.mid,Beethoven/Piano_Sonatas/31-1/midi_score.mid,validation,dynamics,1.4714027585620097,3.304101385596732,0.7798081087393245,327
Beethoven/Piano_Sonatas/31-1/ADIG05M.mid,Beethoven/Piano_Sonatas/31-1/midi_score.mid,validation,articulation,0.19643426613450135,3.460377119320683,1.279116553879539,327
Beethoven/Piano_Sonatas/31-1/ADIG05M.mid,Beethoven/Piano_Sonatas/31-1/midi_score.mid,validation,pedal_depth,-0.49300793459446185,3.7233411984926885,1.0935002704181367,327
Beethoven/Piano_Sonatas/31-1/ADIG05M.mid,Beethoven/Piano_Sonatas/31-1/midi_score.mid,validation,pedal_down_ratio,-0.9058999502765532,3.739570145307804,1.3236827600302243,327
Beethoven/Piano_Sonatas/31-1/ADIG05M.mid,Beethoven/Piano_Sonatas/31-1/midi_score.mid,validation,pedal_changes,0.13087502223920405,4.397400747237255,1.567689067757467,327
Beethoven/Piano_Sonatas/31-1/AbdelmoulaJS03M.mid,Beethoven/Piano_Sonatas/31-1/midi_score.mid,validation,tempo,0.5566644517045161,3.1500318303466006,1.1899237919521157,327
Beethoven/Piano_Sonatas/31-1/AbdelmoulaJS03M.mid,Beethoven/Piano_Sonatas/31-1/midi_score.mid,validation,rubato,0.5828155652617466,4.202329311842734,1.5151853226889995,327
Beethoven/Piano_Sonatas/31-1/AbdelmoulaJS03M.mid,Beethoven/Piano_Sonatas/31-1/midi_score.mid,validation,dynamics,-0.05104166193322534,2.7737428776987665,0.9103267089976559,327
Beethoven/Piano_Sonatas/31-1/AbdelmoulaJS03M.mid,Beethoven/Piano_Sonatas/31-1/midi_score.mid,validation,articulation,-0.28200781053524304,3.614186321003349,1.6035378549808328,327
Beethoven/Piano_Sonatas/31-1/AbdelmoulaJS03M.mid,Beethoven/Piano_Sonatas/31-1/midi_score.mid,validation,pedal_depth,-0.3972599188556025,2.747529974735663,0.8534434798199072,327
Beethoven/Piano_Sonatas/31-1/AbdelmoulaJS03M.mid,Beethoven/Piano_Sonatas/31-1/midi_score.mid,validation,pedal_down_ratio,-0.1901398160848723,3.236411827877059,1.1274491475841784,327
Beethoven/Piano_Sonatas/31-1/AbdelmoulaJS03M.mid,Beethoven/Piano_Sonatas/31-1/midi_score.mid,validation,pedal_changes,0.15966752713182894,3.517920597789804,1.275693588225762,327
Beethoven/Piano_Sonatas/31-1/Ahfat02M.mid,Beethoven/Piano_Sonatas/31-1/midi_score.mid,validation,tempo,-0.8363255626740254,3.1255890710169196,1.691801387560881,327
Beethoven/Piano_Sonatas/31-1/Ahfat02M.mid,Beethoven/Piano_Sonatas/31-1/midi_score.mid,validation,rubato,0.48303352300563407,3.8172254815307713,2.1680194790555722,327
Beethoven/Piano_Sonatas/31-1/Ahfat02M.mid,Beethoven/Piano_Sonatas/31-1/midi_score.mid,validation,dynamics,-0.19447972763010016,3.209243050779877,1.0608939092480183,327
Beethoven/Piano_Sonatas/31-1/Ahfat02M.mid,Beethoven/Piano_Sonatas/31-1/midi_score.mid,validation,articulation,0.09690951041296783,4.422370753250134,1.822995098483234,327
Beethoven/Piano_Sonatas/31-1/Ahfat02M.mid,Beethoven/Piano_Sonatas/31-1/midi_score.mid,validation,pedal_depth,0.21631529047482548,1.8861892868290882,0.6299497258816376,327
Beethoven/Piano_Sonatas/31-1/Ahfat02M.mid,Beethoven/Piano_Sonatas/31-1/midi_score.mid,validation,pedal_down_ratio,-0.0435905815701214,3.1233698755446166,0.9953290831728764,327
Beethoven/Piano_Sonatas/31-1/Ahfat02M.mid,Beethoven/Piano_Sonatas/31-1/midi_score.mid,validation,pedal_changes,-0.15443252624226073,2.638440448342353,1.1488656691462937,327
Beethoven/Piano_Sonatas/31-1/Ahn01.mid,Beethoven/Piano_Sonatas/31-1/midi_score.mid,validation,tempo,0.17658240338212405,4.0718390641159505,1.676469185175408,327
Beethoven/Piano_Sonatas/31-1/Ahn01.mid,Beethoven/Piano_Sonatas/31-1/midi_score.mid,validation,rubato,0.6997616899822858,5.015547118496321,2.155008274963128,327
Beethoven/Piano_Sonatas/31-1/Ahn01.mid,Beethoven/Piano_Sonatas/31-1/midi_score.mid,validation,dynamics,-0.9646539730565639,3.185764390742132,1.067894165469136,327
Beethoven/Piano_Sonatas/31-1/Ahn01.mid,Beethoven/Piano_Sonatas/31-1/midi_score.mid,validation,articulation,-0.22169980408322337,3.919973002154037,2.2470601199681113,327
Beethoven/Piano_Sonatas/31-1/Ahn01.mid,Beethoven/Piano_Sonatas/31-1/midi_score.mid,validation,pedal_depth,0.21685964311165323,2.462186306819147,0.9517513233754781,327
Beethoven/Piano_Sonatas/31-1/Ahn01.mid,Beethoven/Piano_Sonatas/31-1/midi_score.mid,validation,pedal_down_ratio,-0.04609439380702543,2.1998293812892014,0.9173408002426072,327
Beethoven/Piano_Sonatas/31-1/Ahn01.mid,Beethoven/Piano_Sonatas/31-1/midi_score.mid,validation,pedal_changes,0.162285027576613,2.638440448342353,1.0397052870821706,327
Beethoven/Piano_Sonatas/31-1/BrendleA03M.mid,Beethoven/Piano_Sonatas/31-1/midi_score.mid,validation,tempo,0.8999256696245281,3.663094149258254,1.9181183358011595,327
Beethoven/Piano_Sonatas/31-1/BrendleA03M.mid,Beethoven/Piano_Sonatas/31-1/midi_score.mid,validation,rubato,0.8673158142588183,4.651959323378049,2.4416260067603326,327
Beethoven/Piano_Sonatas/31-1/BrendleA03M.mid,Beethoven/Piano_Sonatas/31-1/midi_score.mid,validation,dynamics,0.39217549026448967,3.4637910877287643,0.9817006270689568,327
Beethoven/Piano_Sonatas/31-1/BrendleA03M.mid,Beethoven/Piano_Sonatas/31-1/midi_score.mid,validation,articulation,0.4531909414369701,4.6269777409000845,1.500740672340833,327
Beethoven/Piano_Sonatas/31-1/BrendleA03M.mid,Beethoven/Piano_Sonatas/31-1/midi_score.mid,validation,pedal_depth,-0.38087339089408934,3.874891146877797,1.0592207494947183,327
Beethoven/Piano_Sonatas/31-1/BrendleA03M.mid,Beethoven/Piano_Sonatas/31-1/midi_score.mid,validation,pedal_down_ratio,-0.4964121243355016,3.6623767915935437,1.1096718415870954,327
Beethoven/Piano_Sonatas/31-1/BrendleA03M.mid,Beethoven/Piano_Sonatas/31-1/midi_score.mid,validation,pedal_changes,-0.27222004625754437,2.638440448342353,0.9979141949036995,327
Beethoven/Piano_Sonatas/31-1/Goh02.mid,Beethoven/Piano_Sonatas/31-1/midi_score.mid,validation,tempo,-0.329816324034694,4.132660045616724,1.6484848249236908,327
Beethoven/Piano_Sonatas/31-1/Goh02.mid,Beethoven/Piano_Sonatas/31-1/midi_score.mid,validation,rubato,0.8874962752239179,5.607664588346294,2.1358641770815043,327
Beethoven/Piano_Sonatas/31-1/Goh02.mid,Beethoven/Piano_Sonatas/31-1/midi_score.mid,validation,dynamics,-0.33965511638946694,3.454950106419653,1.028180128172855,327
Beethoven/Piano_Sonatas/31-1/Goh02.mid,Beethoven/Piano_Sonatas/31-1/midi_score.mid,validation,articulation,-0.07754093039554616,4.521594788394212,2.2099319459783895,327
Beethoven/Piano_Sonatas/31-1/Goh02.mid,Beethoven/Piano_Sonatas/31-1/midi_score.mid,validation,pedal_depth,0.7336465354877604,2.801547418815483,0.9156725246647704,327
Beethoven/Piano_Sonatas/31-1/Goh02.mid,Beethoven/Piano_Sonatas/31-1/midi_score.mid,validation,pedal_down_ratio,0.3429100287493047,2.7979596412602734,0.953679151161347,327
Beethoven/Piano_Sonatas/31-1/Goh02.mid,Beethoven/Piano_Sonatas/31-1/midi_score.mid,validation,pedal_changes,0.4188000711654528,3.517920597789804,1.397790794736072,327
Beethoven/Piano_Sonatas/31-1/HUAN_B01.mid,Beethoven/Piano_Sonatas/31-1/midi_score.mid,validation,tempo,-0.6713991078124042,2.7208593279483195,1.0333590864039581,327
Beethoven/Piano_Sonatas/31-1/HUAN_B01.mid,Beethoven/Piano_Sonatas/31-1/midi_score.mid,validation,rubato,0.6070228060463223,3.704607081335405,1.2678956714204275,327
Beethoven/Piano_Sonatas/31-1/HUAN_B01.mid,Beethoven/Piano_Sonatas/31-1/midi_score.mid,validation,dynamics,-0.5243967550454565,2.8225823229111375,0.8247140710422969,327
Beethoven/Piano_Sonatas/31-1/HUAN_B01.mid,Beethoven/Piano_Sonatas/31-1/midi_score.mid,validation,articulation,0.023259741915665974,3.433051291704637,1.4577373030854843,327
Beethoven/Piano_Sonatas/31-1/HUAN_B01.mid,Beethoven/Piano_Sonatas/31-1/midi_score.mid,validation,pedal_depth,0.08209688798950891,1.887433567523281,0.6023201884789519,327
Beethoven/Piano_Sonatas/31-1/HUAN_B01.mid,Beethoven/Piano_Sonatas/31-1/midi_score.mid,validation,pedal_down_ratio,0.15842443040509022,2.3399157165194477,1.0350839544872448,327
Beethoven/Piano_Sonatas/31-1/HUAN_B01.mid,Beethoven/Piano_Sonatas/31-1/midi_score.mid,validation,pedal_changes,-0.20940003558272643,2.638440448342353,0.9979141949036995,327
Beethoven/Piano_Sonatas/31-1/Huang01.mid,Beethoven/Piano_Sonatas/31-1/midi_score.mid,validation,tempo,-0.19766398273922411,3.1013597933793244,1.2834941655944616,327
Beethoven/Piano_Sonatas/31-1/Huang01.mid,Beethoven/Piano_Sonatas/31-1/midi_score.mid,validation,rubato,0.5359367293140962,3.8073772413178086,1.627469889936815,327
Beethoven/Piano_Sonatas/31-1/Huang01.mid,Beethoven/Piano_Sonatas/31-1/midi_score.mid,validation,dynamics,-0.03713583041272872,3.709130410111794,1.0990949889667787,327
Beethoven/Piano_Sonatas/31-1/Huang01.mid,Beethoven/Piano_Sonatas/31-1/midi_score.mid,validation,articulation,0.2923074733678939,3.495622938568455,1.5478268987511097,327
Beethoven/Piano_Sonatas/31-1/Huang01.mid,Beethoven/Piano_Sonatas/31-1/midi_score.mid,validation,pedal_depth,-0.5295275991978491,2.104542432757565,0.6736008302109727,327
Beethoven/Piano_Sonatas/31-1/Huang01.mid,Beethoven/Piano_Sonatas/31-1/midi_score.mid,validation,pedal_down_ratio,-0.17081695753466203,2.567034862589728,0.8104318813536157,327
Beethoven/Piano_Sonatas/31-1/Huang01.mid,Beethoven/Piano_Sonatas/31-1/midi_score.mid,validation,pedal_changes,0.324570055153226,2.638440448342353,1.1843484583964512,327
Beethoven/Piano_Sonatas/31-1/HuangSW08M.mid,Beethoven/Piano_Sonatas/31-1/midi_score.mid,validation,tempo,-0.6948848864313532,2.370778459822093,1.080160321620189,327
Beethoven/Piano_Sonatas/31-1/HuangSW08M.mid,Beethoven/Piano_Sonatas/31-1/midi_score.mid,validation,rubato,0.5195901263848561,3.0201909506261955,1.3396878057089308,327
Beethoven/Piano_Sonatas/31-1/HuangSW08M.mid,Beethoven/Piano_Sonatas/31-1/midi_score.mid,validation,dynamics,0.04940130484642914,3.334081326290957,0.9968284740508216,327
Beethoven/Piano_Sonatas/31-1/HuangSW08M.mid,Beethoven/Piano_Sonatas/31-1/midi_score.mid,validation,articulation,0.39432476420012275,3.6443390541918177,1.4197186295020678,327
Beethoven/Piano_Sonatas/31-1/HuangSW08M.mid,Beethoven/Piano_Sonatas/31-1/midi_score.mid,validation,pedal_depth,-0.3970632066692794,3.4437141314077504,1.0609169693858491,327
Beethoven/Piano_Sonatas/31-1/HuangSW08M.mid,Beethoven/Piano_Sonatas/31-1/midi_score.mid,validation,pedal_down_ratio,-0.3777345695936144,3.5954107513424622,1.0915619453182752,327
Beethoven/Piano_Sonatas/31-1/HuangSW08M.mid,Beethoven/Piano_Sonatas/31-1/midi_score.mid,validation,pedal_changes,0.17275502935574932,4.397400747237255,1.4919249100449856,327
Beethoven/Piano_Sonatas/31-1/Karpeyev01.mid,Beethoven/Piano_Sonatas/31-1/midi_score.mid,validation,tempo,-0.645479752012107,3.225853730343897,0.9889311906902334,327
Beethoven/Piano_Sonatas/31-1/Karpeyev01.mid,Beethoven/Piano_Sonatas/31-1/midi_score.mid,validation,rubato,0.7258346370501112,3.9210745844198023,1.248565315135953,327
Beethoven/Piano_Sonatas/31-1/Karpeyev01.mid,Beethoven/Piano_Sonatas/31-1/midi_score.mid,validation,dynamics,0.3134193244464187,3.1817495647928675,0.9960275185220769,327
Beethoven/Piano_Sonatas/31-1/Karpeyev01.mid,Beethoven/Piano_Sonatas/31-1/midi_score.mid,validation,articulation,-0.20033832785348532,3.920177259246094,1.3707939552944748,327
Beethoven/Piano_Sonatas/31-1/Karpeyev01.mid,Beethoven/Piano_Sonatas/31-1/midi_score.mid,validation,pedal_depth,-0.0021759133840118703,2.6421860957769576,0.7660035782900887,327
Beethoven/Piano_Sonatas/31-1/Karpeyev01.mid,Beethoven/Piano_Sonatas/31-1/midi_score.mid,validation,pedal_down_ratio,-0.07889364170961524,2.2189844815428135,0.7545425800029963,327
Beethoven/Piano_Sonatas/31-1/Karpeyev01.mid,Beethoven/Piano_Sonatas/31-1/midi_score.mid,validation,pedal_changes,0.5496750934046569,3.517920597789804,1.6240133203255915,327
Beethoven/Piano_Sonatas/31-1/Kavalerova01.mid,Beethoven/Piano_Sonatas/31-1/midi_score.mid,validation,tempo,0.13566550495773855,3.185756122745482,1.5059413597815439,327
Beethoven/Piano_Sonatas/31-1/Kavalerova01.mid,Beethoven/Piano_Sonatas/31-1/midi_score.mid,validation,rubato,0.5664634205564316,4.570349049286905,1.9614694936230168,327
Beethoven/Piano_Sonatas/31-1/Kavalerova01.mid,Beethoven/Piano_Sonatas/31-1/midi_score.mid,validation,dynamics,0.295062576645087,3.0925354997087076,0.9365550195213704,327
Beethoven/Piano_Sonatas/31-1/Kavalerova01.mid,Beethoven/Piano_Sonatas/31-1/midi_score.mid,validation,articulation,0.1415866522776397,3.919134121946188,1.4229443315794061,327
Beethoven/Piano_Sonatas/31-1/Kavalerova01.mid,Beethoven/Piano_Sonatas/31-1/midi_score.mid,validation,pedal_depth,-0.3043894820447998,2.6524253546292353,0.6676641140971322,327
Beethoven/Piano_Sonatas/31-1/Kavalerova01.mid,Beethoven/Piano_Sonatas/31-1/midi_score.mid,validation,pedal_down_ratio,0.4777763671918607,2.2865048657793037,0.7843469455999333,327
Beethoven/Piano_Sonatas/31-1/Kavalerova01.mid,Beethoven/Piano_Sonatas/31-1/midi_score.mid,validation,pedal_changes,0.47115008006113446,3.517920597789804,1.2626474406529526,327
Beethoven/Piano_Sonatas/31-1/LeungM03M.mid,Beethoven/Piano_Sonatas/31-1/midi_score.mid,validation,tempo,1.1692499624207577,3.1376080754306974,0.9748867190404955,327
Beethoven/Piano_Sonatas/31-1/LeungM03M.mid,Beethoven/Piano_Sonatas/31-1/midi_score.mid,validation,rubato,0.726497457984671,4.175015406149813,1.2384957250217177,327
Beethoven/Piano_Sonatas/31-1/LeungM03M.mid,Beethoven/Piano_Sonatas/31-1/midi_score.mid,validation,dynamics,-0.17140089313570916,2.691828620022137,0.8170387603958117,327
Beethoven/Piano_Sonatas/31-1/LeungM03M.mid,Beethoven/Piano_Sonatas/31-1/midi_score.mid,validation,articulation,0.11393017522472329,4.239131254066003,1.6062506221648267,327
Beethoven/Piano_Sonatas/31-1/LeungM03M.mid,Beethoven/Piano_Sonatas/31-1/midi_score.mid,validation,pedal_depth,-1.0060332773140215,2.645279954939446,0.7642321725848615,327
Beethoven/Piano_Sonatas/31-1/LeungM03M.mid,Beethoven/Piano_Sonatas/31-1/midi_score.mid,validation,pedal_down_ratio,-0.7937918472994593,3.1831540299715235,0.9749162340122924,327
Beethoven/Piano_Sonatas/31-1/LeungM03M.mid,Beethoven/Piano_Sonatas/31-1/midi_score.mid,validation,pedal_changes,0.18060753069010155,2.638440448342353,1.193302084344099,327
Beethoven/Piano_Sonatas/31-1/Mikhailoff04.mid,Beethoven/Piano_Sonatas/31-1/midi_score.mid,validation,tempo,0.14744533574483643,3.4486866406931047,1.3223693779346875,327
Beethoven/Piano_Sonatas/31-1/Mikhailoff04.mid,Beethoven/Piano_Sonatas/31-1/midi_score.mid,validation,rubato,0.6433504564060422,4.279620999803144,1.7130892912050193,327
Beethoven/Piano_Sonatas/31-1/Mikhailoff04.mid,Beethoven/Piano_Sonatas/31-1/midi_score.mid,validation,dynamics,-0.3328674590936252,2.4240515375177463,0.7610870872626733,327
Beethoven/Piano_Sonatas/31-1/Mikhailoff04.mid,Beethoven/Piano_Sonatas/31-1/midi_score.mid,validation,articulation,-0.14991331188042636,3.5760722407634544,1.3300696256357358,327
Beethoven/Piano_Sonatas/31-1/Mikhailoff04.mid,Beethoven/Piano_Sonatas/31-1/midi_score.mid,validation,pedal_depth,0.05108972065294971,2.6677447118777136,0.869001367752185,327
Beethoven/Piano_Sonatas/31-1/Mikhailoff04.mid,Beethoven/Piano_Sonatas/31-1/midi_score.mid,validation,pedal_down_ratio,-0.2582617005173004,2.9170367410979905,0.9552506073953971,327
Beethoven/Piano_Sonatas/31-1/Mikhailoff04.mid,Beethoven/Piano_Sonatas/31-1/midi_score.mid,validation,pedal_changes,0.11255251912571548,2.638440448342353,1.131229663851701,327
Beethoven/Piano_Sonatas/31-1/Na06M.mid,Beethoven/Piano_Sonatas/31-1/midi_score.mid,validation,tempo,0.4788459636888897,2.7106892118169243,1.0663347939132723,327
Beethoven/Piano_Sonatas/31-1/Na06M.mid,Beethoven/Piano_Sonatas/31-1/midi_score.mid,validation,rubato,0.5488827268142227,3.453723459928986,1.3799062599054228,327
Beethoven/Piano_Sonatas/31-1/Na06M.mid,Beethoven/Piano_Sonatas/31-1/midi_score.mid,validation,dynamics,0.03048488072069458,3.3661988810461096,0.974239507485641,327
Beethoven/Piano_Sonatas/31-1/Na06M.mid,Beethoven/Piano_Sonatas/31-1/midi_score.mid,validation,articulation,0.2569744454407585,3.9765950374947243,1.4537650166617757,327
Beethoven/Piano_Sonatas/31-1/Na06M.mid,Beethoven/Piano_Sonatas/31-1/midi_score.mid,validation,pedal_depth,-0.5806882046193622,2.591070237483226,0.9327519872680433,327
Beethoven/Piano_Sonatas/31-1/Na06M.mid,Beethoven/Piano_Sonatas/31-1/midi_score.mid,validation,pedal_down_ratio,-0.12876612444493865,3.3796852491077676,1.3388194292340663,327
Beethoven/Piano_Sonatas/31-1/Na06M.mid,Beethoven/Piano_Sonatas/31-1/midi_score.mid,validation,pedal_changes,-0.10208251734657914,2.858310485704216,1.1186133251393258,327
Beethoven/Piano_Sonatas/31-1/SINKEV02.mid,Beethoven/Piano_Sonatas/31-1/midi_score.mid,validation,tempo,-0.2545219622277787,2.770960115772954,1.0068300398252912,327
Beethoven/Piano_Sonatas/31-1/SINKEV02.mid,Beethoven/Piano_Sonatas/31-1/midi_score.mid,validation,rubato,0.6575820883809318,3.7701437200353176,1.2979160054288212,327
Beethoven/Piano_Sonatas/31-1/SINKEV02.mid,Beethoven/Piano_Sonatas/31-1/midi_score.mid,validation,dynamics,-0.054835066508268956,2.881950157850604,0.8540454692605957,327
Beethoven/Piano_Sonatas/31-1/SINKEV02.mid,Beethoven/Piano_Sonatas/31-1/midi_score.mid,validation,articulation,-1.115940845631721,4.017704096645666,1.3752422551311214,327
Beethoven/Piano_Sonatas/31-1/SINKEV02.mid,Beethoven/Piano_Sonatas/31-1/midi_score.mid,validation,pedal_depth,-0.38464703386414134,3.2308366786242804,1.0656269688498774,327
Beethoven/Piano_Sonatas/31-1/SINKEV02.mid,Beethoven/Piano_Sonatas/31-1/midi_score.mid,validation,pedal_down_ratio,-0.3534152391921645,3.1003636607627225,1.1982886360950415,327
Beethoven/Piano_Sonatas/31-1/SINKEV02.mid,Beethoven/Piano_Sonatas/31-1/midi_score.mid,validation,pedal_changes,0.3088650524845215,2.638440448342353,1.1783415853855472,327
Beethoven/Piano_Sonatas/31-1/SOLOM04.mid,Beethoven/Piano_Sonatas/31-1/midi_score.mid,validation,tempo,-0.05471563699743676,3.7506514142391545,1.3644837578307447,327
Beethoven/Piano_Sonatas/31-1/SOLOM04.mid,Beethoven/Piano_Sonatas/31-1/midi_score.mid,validation,rubato,0.856847967119502,4.8602470202551356,1.7721549599039195,327
Beethoven/Piano_Sonatas/31-1/SOLOM04.mid,Beethoven/Piano_Sonatas/31-1/midi_score.mid,validation,dynamics,-0.3058249242733571,2.922918754376161,0.8563812556836027,327
Beethoven/Piano_Sonatas/31-1/SOLOM04.mid,Beethoven/Piano_Sonatas/31-1/midi_score.mid,validation,articulation,0.2304977005026746,4.122801426146191,1.5367209477934218,327
Beethoven/Piano_Sonatas/31-1/SOLOM04.mid,Beethoven/Piano_Sonatas/31-1/midi_score.mid,validation,pedal_depth,0.2103108395823527,3.1560579812831113,0.9056077853628931,327
Beethoven/Piano_Sonatas/31-1/SOLOM04.mid,Beethoven/Piano_Sonatas/31-1/midi_score.mid,validation,pedal_down_ratio,0.22839294549095646,4.291147557218905,1.1289519947510795,327
Beethoven/Piano_Sonatas/31-1/SOLOM04.mid,Beethoven/Piano_Sonatas/31-1/midi_score.mid,validation,pedal_changes,-0.12825752179441996,3.517920597789804,1.180347269735956,327
Beethoven/Piano_Sonatas/31-1/Stahievitch02.mid,Beethoven/Piano_Sonatas/31-1/midi_score.mid,validation,tempo,0.6485144473367077,4.263269758938035,1.3764684416844204,327
Beethoven/Piano_Sonatas/31-1/Stahievitch02.mid,Beethoven/Piano_Sonatas/31-1/midi_score.mid,validation,rubato,0.7080135140960298,5.052908119676772,1.7964737207044885,327
Beethoven/Piano_Sonatas/31-1/Stahievitch02.mid,Beethoven/Piano_Sonatas/31-1/midi_score.mid,validation,dynamics,-0.010120183407062713,3.6173581802881696,0.9448552560999136,327
Beethoven/Piano_Sonatas/31-1/Stahievitch02.mid,Beethoven/Piano_Sonatas/31-1/midi_score.mid,validation,articulation,-0.5431683864833782,3.825667412536771,1.5570689978855474,327
Beethoven/Piano_Sonatas/31-1/Stahievitch02.mid,Beethoven/Piano_Sonatas/31-1/midi_score.mid,validation,pedal_depth,0.612888564698375,2.761307626395695,0.8747481218535095,327
Beethoven/Piano_Sonatas/31-1/Stahievitch02.mid,Beethoven/Piano_Sonatas/31-1/midi_score.mid,validation,pedal_down_ratio,0.21010827176243727,3.388831973134109,0.8646247707468558,327
Beethoven/Piano_Sonatas/31-1/Stahievitch02.mid,Beethoven/Piano_Sonatas/31-1/midi_score.mid,validation,pedal_changes,-0.06543751111960204,3.517920597789804,1.2466221489188705,327
Beethoven/Piano_Sonatas/31-1/Sun01.mid,Beethoven/Piano_Sonatas/31-1/midi_score.mid,validation,tempo,-0.6842778526791969,4.807271549390127,1.3663054519459479,327
Beethoven/Piano_Sonatas/31-1/Sun01.mid,Beethoven/Piano_Sonatas/31-1/midi_score.mid,validation,rubato,0.8017877372523122,5.942004892735517,1.746689756816585,327
Beethoven/Piano_Sonatas/31-1/Sun01.mid,Beethoven/Piano_Sonatas/31-1/midi_score.mid,validation,dynamics,0.33771020023944526,2.8593255841839413,0.96390493134461,327
Beethoven/Piano_Sonatas/31-1/Sun01.mid,Beethoven/Piano_Sonatas/31-1/midi_score.mid,validation,articulation,0.22734266476863205,4.76089013232091,1.5080594643904206,327
Beethoven/Piano_Sonatas/31-1/Sun01.mid,Beethoven/Piano_Sonatas/31-1/midi_score.mid,validation,pedal_depth,0.3245018796706492,3.8704790114146133,0.8597232470432447,327
Beethoven/Piano_Sonatas/31-1/Sun01.mid,Beethoven/Piano_Sonatas/31-1/midi_score.mid,validation,pedal_down_ratio,0.07912775155838879,3.7836214266350408,1.053278277945229,327
Beethoven/Piano_Sonatas/31-1/Sun01.mid,Beethoven/Piano_Sonatas/31-1/midi_score.mid,validation,pedal_changes,-0.22510503825143097,2.638440448342353,1.0073509457265366,327
Beethoven/Piano_Sonatas/31-1/Tang01.mid,Beethoven/Piano_Sonatas/31-1/midi_score.mid,validation,tempo,-0.042116913986038125,3.0344620716818165,1.360593294508309,327
Beethoven/Piano_Sonatas/31-1/Tang01.mid,Beethoven/Piano_Sonatas/31-1/midi_score.mid,validation,rubato,0.6569355693797319,3.9044460277118618,1.7840292006894352,327
Beethoven/Piano_Sonatas/31-1/Tang01.mid,Beethoven/Piano_Sonatas/31-1/midi_score.mid,validation,dynamics,-0.022913845540197878,2.5270318231164053,0.8616066371200127,327
Beethoven/Piano_Sonatas/31-1/Tang01.mid,Beethoven/Piano_Sonatas/31-1/midi_score.mid,validation,articulation,0.057614201468106335,4.276413388008828,1.5203900434934967,327
Beethoven/Piano_Sonatas/31-1/Tang01.mid,Beethoven/Piano_Sonatas/31-1/midi_score.mid,validation,pedal_depth,-0.4869507835460312,3.133506311074491,0.8843463221999435,327
Beethoven/Piano_Sonatas/31-1/Tang01.mid,Beethoven/Piano_Sonatas/31-1/midi_score.mid,validation,pedal_down_ratio,-0.6562143227003281,3.4681538929716185,1.0115119119325569,327
Beethoven/Piano_Sonatas/31-1/Tang01.mid,Beethoven/Piano_Sonatas/31-1/midi_score.mid,validation,pedal_changes,-0.31671755381887373,2.638440448342353,1.1457731583709176,327
Beethoven/Piano_Sonatas/31-1/YOU01.mid,Beethoven/Piano_Sonatas/31-1/midi_score.mid,validation,tempo,0.3964650775071708,2.9677355346957235,0.8733933469210305,327
Beethoven/Piano_Sonatas/31-1/YOU01.mid,Beethoven/Piano_Sonatas/31-1/midi_score.mid,validation,rubato,0.5643794173155159,3.6607836689349122,1.1105228072265165,327
Beethoven/Piano_Sonatas/31-1/YOU01.mid,Beethoven/Piano_Sonatas/31-1/midi_score.mid,validation,dynamics,0.5318458031009944,2.8812763409080686,0.9846888538895348,327
Beethoven/Piano_Sonatas/31-1/YOU01.mid,Beethoven/Piano_Sonatas/31-1/midi_score.mid,validation,articulation,-0.49460909620938953,4.106692762790789,1.9811788477068664,327
Beethoven/Piano_Sonatas/31-1/YOU01.mid,Beethoven/Piano_Sonatas/31-1/midi_score.mid,validation,pedal_depth,0.19737907780664055,3.37126756014474,1.187819562603366,327
Beethoven/Piano_Sonatas/31-1/YOU01.mid,Beethoven/Piano_Sonatas/31-1/midi_score.mid,validation,pedal_down_ratio,-0.1003450074297866,2.5697333470576247,0.9999035306664293,327
Beethoven/Piano_Sonatas/31-1/YOU01.mid,Beethoven/Piano_Sonatas/31-1/midi_score.mid,validation,pedal_changes,0.32980505604279414,4.397400747237255,1.434537082392257,327
Beethoven/Piano_Sonatas/31-1/Zuber04M.mid,Beethoven/Piano_Sonatas/31-1/midi_score.mid,validation,tempo,-0.9985995038064454,3.6524557986534316,1.3654750173960672,327
Beethoven/Piano_Sonatas/31-1/Zuber04M.mid,Beethoven/Piano_Sonatas/31-1/midi_score.mid,validation,rubato,0.7786744279124791,4.927695986639143,1.7603492921431556,327
Beethoven/Piano_Sonatas/31-1/Zuber04M.mid,Beethoven/Piano_Sonatas/31-1/midi_score.mid,validation,dynamics,0.37672452205280216,3.9991468373196426,1.1768082849761106,327
Beethoven/Piano_Sonatas/31-1/Zuber04M.mid,Beethoven/Piano_Sonatas/31-1/midi_score.mid,validation,articulation,0.49803689978170035,4.109280389997954,1.6196110183003583,327
Beethoven/Piano_Sonatas/31-1/Zuber04M.mid,Beethoven/Piano_Sonatas/31-1/midi_score.mid,validation,pedal_depth,-0.32768243195733887,2.278870849173825,0.5678404392948843,327
Beethoven/Piano_Sonatas/31-1/Zuber04M.mid,Beethoven/Piano_Sonatas/31-1/midi_score.mid,validation,pedal_down_ratio,0.3530391716358742,2.2617695878981285,0.8829648636143687,327
Beethoven/Piano_Sonatas/31-1/Zuber04M.mid,Beethoven/Piano_Sonatas/31-1/midi_score.mid,validation,pedal_changes,-0.11517001957049955,2.638440448342353,1.1498946578605331,327
Beethoven/Piano_Sonatas/31-2/ADIG05M.mid,Beethoven/Piano_Sonatas/31-2/midi_score.mid,test,tempo,-1.4528457222050455,2.8256595220967973,1.098734856175868,386
Beethoven/Piano_Sonatas/31-2/ADIG05M.mid,Beethoven/Piano_Sonatas/31-2/midi_score.mid,test,rubato,0.6893589340474322,4.38040281086719,1.764244580049858,386
Beethoven/Piano_Sonatas/31-2/ADIG05M.mid,Beethoven/Piano_Sonatas/31-2/midi_score.mid,test,dynamics,0.9917548661058201,2.5278347883062597,0.8354184278484126,386
Beethoven/Piano_Sonatas/31-2/ADIG05M.mid,Beethoven/Piano_Sonatas/31-2/midi_score.mid,test,articulation,0.34525421204800166,3.791396902659417,1.5863778505783315,386
Beethoven/Piano_Sonatas/31-2/ADIG05M.mid,Beethoven/Piano_Sonatas/31-2/midi_score.mid,test,pedal_depth,0.2299151830729265,2.6697601484049933,0.963709885520291,386
Beethoven/Piano_Sonatas/31-2/ADIG05M.mid,Beethoven/Piano_Sonatas/31-2/midi_score.mid,test,pedal_down_ratio,-0.10344745246504108,2.53149054240466,0.9969233580985397,386
Beethoven/Piano_Sonatas/31-2/ADIG05M.mid,Beethoven/Piano_Sonatas/31-2/midi_score.mid,test,pedal_changes,0.06722819243587529,3.389930673130197,1.0539605251022144,386
Beethoven/Piano_Sonatas/31-2/AbdelmoulaJS04.mid,Beethoven/Piano_Sonatas/31-2/midi_score.mid,test,tempo,0.01697272655523818,3.6782970975656566,1.2478236745546387,386
Beethoven/Piano_Sonatas/31-2/AbdelmoulaJS04.mid,Beethoven/Piano_Sonatas/31-2/midi_score.mid,test,rubato,0.8184844939497843,6.672820760024836,2.1181496070502863,386
Beethoven/Piano_Sonatas/31-2/AbdelmoulaJS04.mid,Beethoven/Piano_Sonatas/31-2/midi_score.mid,test,dynamics,-0.5277894742672781,3.211057794222508,1.316353941802254,386
Beethoven/Piano_Sonatas/31-2/AbdelmoulaJS04.mid,Beethoven/Piano_Sonatas/31-2/midi_score.mid,test,articulation,-0.2828834954611512,4.657367146472024,2.00291930600766,386
Beethoven/Piano_Sonatas/31-2/AbdelmoulaJS04.mid,Beethoven/Piano_Sonatas/31-2/midi_score.mid,test,pedal_depth,0.5586659127246347,3.490468451321214,1.091173760461039,386
Beethoven/Piano_Sonatas/31-2/AbdelmoulaJS04.mid,Beethoven/Piano_Sonatas/31-2/midi_score.mid,test,pedal_down_ratio,0.49187719321549916,3.729162867653806,1.20305794889856,386
Beethoven/Piano_Sonatas/31-2/AbdelmoulaJS04.mid,Beethoven/Piano_Sonatas/31-2/midi_score.mid,test,pedal_changes,0.5317138856291955,3.601801340200834,1.5654170766345126,386
Beethoven/Piano_Sonatas/31-2/HuangSW09.mid,Beethoven/Piano_Sonatas/31-2/midi_score.mid,test,tempo,-0.09458769332803676,2.533412014939968,0.9318850901221357,386
Beethoven/Piano_Sonatas/31-2/HuangSW09.mid,Beethoven/Piano_Sonatas/31-2/midi_score.mid,test,rubato,0.6410461522103834,4.175180434090333,1.6250697215648882,386
Beethoven/Piano_Sonatas/31-2/HuangSW09.mid,Beethoven/Piano_Sonatas/31-2/midi_score.mid,test,dynamics,-0.43211322144039915,3.2068422269757804,1.066179998033529,386
Beethoven/Piano_Sonatas/31-2/HuangSW09.mid,Beethoven/Piano_Sonatas/31-2/midi_score.mid,test,articulation,0.1650550169996801,4.325302205743784,1.6154798866481557,386
Beethoven/Piano_Sonatas/31-2/HuangSW09.mid,Beethoven/Piano_Sonatas/31-2/midi_score.mid,test,pedal_depth,-0.03458177865315753,2.821981369398065,1.0127840061398652,386
Beethoven/Piano_Sonatas/31-2/HuangSW09.mid,Beethoven/Piano_Sonatas/31-2/midi_score.mid,test,pedal_down_ratio,0.009254890152929197,2.947546209429854,1.1220073283327683,386
Beethoven/Piano_Sonatas/31-2/HuangSW09.mid,Beethoven/Piano_Sonatas/31-2/midi_score.mid,test,pedal_changes,0.08760037196189813,3.389930673130197,1.2832427372137427,386
Beethoven/Piano_Sonatas/31-2/LeungM04.mid,Beethoven/Piano_Sonatas/31-2/midi_score.mid,test,tempo,1.3542501388326187,3.57153033029036,1.0838994656716838,386
Beethoven/Piano_Sonatas/31-2/LeungM04.mid,Beethoven/Piano_Sonatas/31-2/midi_score.mid,test,rubato,0.6090751081148447,4.940567116908515,1.5500344876722898,386
Beethoven/Piano_Sonatas/31-2/LeungM04.mid,Beethoven/Piano_Sonatas/31-2/midi_score.mid,test,dynamics,-0.5690798635045655,2.5097680715345674,1.206354113871025,386
Beethoven/Piano_Sonatas/31-2/LeungM04.mid,Beethoven/Piano_Sonatas/31-2/midi_score.mid,test,articulation,-0.19650957042481304,4.395296885447989,1.8061634761648837,386
Beethoven/Piano_Sonatas/31-2/LeungM04.mid,Beethoven/Piano_Sonatas/31-2/midi_score.mid,test,pedal_depth,-0.24964407358436594,2.704228911810184,0.8870945718666633,386
Beethoven/Piano_Sonatas/31-2/LeungM04.mid,Beethoven/Piano_Sonatas/31-2/midi_score.mid,test,pedal_down_ratio,-0.1570140204380998,2.90295570347405,0.9557524551988655,386
Beethoven/Piano_Sonatas/31-2/LeungM04.mid,Beethoven/Piano_Sonatas/31-2/midi_score.mid,test,pedal_changes,0.07537706424628442,3.389930673130197,1.3482935640675322,386
Beethoven/Piano_Sonatas/31-2/Stahievitch02.mid,Beethoven/Piano_Sonatas/31-2/midi_score.mid,test,tempo,-0.43126213536512925,3.4338393327903853,1.0177964380956879,386
Beethoven/Piano_Sonatas/31-2/Stahievitch02.mid,Beethoven/Piano_Sonatas/31-2/midi_score.mid,test,rubato,0.7542875055521793,5.5066882830522,1.6433571291698417,386
Beethoven/Piano_Sonatas/31-2/Stahievitch02.mid,Beethoven/Piano_Sonatas/31-2/midi_score.mid,test,dynamics,-0.09079828066005227,3.1750103926637454,1.1179961491265478,386
Beethoven/Piano_Sonatas/31-2/Stahievitch02.mid,Beethoven/Piano_Sonatas/31-2/midi_score.mid,test,articulation,-0.002286181269783143,3.9287526194180398,1.7429065950479299,386
Beethoven/Piano_Sonatas/31-2/Stahievitch02.mid,Beethoven/Piano_Sonatas/31-2/midi_score.mid,test,pedal_depth,0.6254970414800745,3.4771765996284354,1.2982212564452829,386
Beethoven/Piano_Sonatas/31-2/Stahievitch02.mid,Beethoven/Piano_Sonatas/31-2/midi_score.mid,test,pedal_down_ratio,0.42640582967943036,3.6533084310410473,1.3542740207186763,386
Beethoven/Piano_Sonatas/31-2/Stahievitch02.mid,Beethoven/Piano_Sonatas/31-2/midi_score.mid,test,pedal_changes,0.034632705194238785,3.389930673130197,1.6711965319516324,386
Beethoven/Piano_Sonatas/31-2/Zuber04.mid,Beethoven/Piano_Sonatas/31-2/midi_score.mid,test,tempo,0.32902916418986233,2.2050998526044188,1.2813321621514742,386
Beethoven/Piano_Sonatas/31-2/Zuber04.mid,Beethoven/Piano_Sonatas/31-2/midi_score.mid,test,rubato,0.5545497960237471,3.6584647183581125,2.1763360461527697,386
Beethoven/Piano_Sonatas/31-2/Zuber04.mid,Beethoven/Piano_Sonatas/31-2/midi_score.mid,test,dynamics,0.7080533670562836,3.4085872309263694,1.098705682314671,386
Beethoven/Piano_Sonatas/31-2/Zuber04.mid,Beethoven/Piano_Sonatas/31-2/midi_score.mid,test,articulation,-0.2014135627277224,4.950181857387509,2.1105634777347113,386
Beethoven/Piano_Sonatas/31-2/Zuber04.mid,Beethoven/Piano_Sonatas/31-2/midi_score.mid,test,pedal_depth,-0.2264847779873117,2.6903663294194207,1.038836573706848,386
Beethoven/Piano_Sonatas/31-2/Zuber04.mid,Beethoven/Piano_Sonatas/31-2/midi_score.mid,test,pedal_down_ratio,-0.0334074207642389,3.5332386583968174,1.2155004633236828,386
Beethoven/Piano_Sonatas/31-2/Zuber04.mid,Beethoven/Piano_Sonatas/31-2/midi_score.mid,test,pedal_changes,-0.238354500454467,3.389930673130197,1.2657232430908076,386
Beethoven/Piano_Sonatas/32-1/DupreeF03M.mid,Beethoven/Piano_Sonatas/32-1/midi_score.mid,train,tempo,-0.26040640947717325,5.90890678730152,1.9932027615237937,782
Beethoven/Piano_Sonatas/32-1/DupreeF03M.mid,Beethoven/Piano_Sonatas/32-1/midi_score.mid,train,rubato,0.5422239634642481,6.211782714536271,2.0948148174524865,782
Beethoven/Piano_Sonatas/32-1/DupreeF03M.mid,Beethoven/Piano_Sonatas/32-1/midi_score.mid,train,dynamics,1.0781930718780655,3.6153241146663317,1.2702221421237954,782
Beethoven/Piano_Sonatas/32-1/DupreeF03M.mid,Beethoven/Piano_Sonatas/32-1/midi_score.mid,train,articulation,-0.11798981718626556,4.073771557934324,1.7164479027059585,782
Beethoven/Piano_Sonatas/32-1/DupreeF03M.mid,Beethoven/Piano_Sonatas/32-1/midi_score.mid,train,pedal_depth,-0.31114241374362955,3.231644466166326,1.089452334863652,782
Beethoven/Piano_Sonatas/32-1/DupreeF03M.mid,Beethoven/Piano_Sonatas/32-1/midi_score.mid,train,pedal_down_ratio,-0.336707813635934,3.233450816413851,1.1256195054280411,782
Beethoven/Piano_Sonatas/32-1/DupreeF03M.mid,Beethoven/Piano_Sonatas/32-1/midi_score.mid,train,pedal_changes,0.013914377444797267,3.715138777760874,1.2758201512519924,782
Beethoven/Piano_Sonatas/32-1/HouY04M.mid,Beethoven/Piano_Sonatas/32-1/midi_score.mid,train,tempo,-0.14435370959198623,7.361827808470579,2.4329475321758274,782
Beethoven/Piano_Sonatas/32-1/HouY04M.mid,Beethoven/Piano_Sonatas/32-1/midi_score.mid,train,rubato,0.858642683735802,7.688097813301666,2.5488245904750766,782
Beethoven/Piano_Sonatas/32-1/HouY04M.mid,Beethoven/Piano_Sonatas/32-1/midi_score.mid,train,dynamics,-0.57475361815199,3.3676674691674227,1.2298519928099851,782
Beethoven/Piano_Sonatas/32-1/HouY04M.mid,Beethoven/Piano_Sonatas/32-1/midi_score.mid,train,articulation,0.5184107107901165,5.206992493858113,2.0134769166155744,782
Beethoven/Piano_Sonatas/32-1/HouY04M.mid,Beethoven/Piano_Sonatas/32-1/midi_score.mid,train,pedal_depth,-0.27048733956251864,3.6168858214552913,1.2105387320178616,782
Beethoven/Piano_Sonatas/32-1/HouY04M.mid,Beethoven/Piano_Sonatas/32-1/midi_score.mid,train,pedal_down_ratio,-0.2423109452607052,3.645937469956154,1.2812644470524364,782
Beethoven/Piano_Sonatas/32-1/HouY04M.mid,Beethoven/Piano_Sonatas/32-1/midi_score.mid,train,pedal_changes,-0.026282712951283774,4.953518370347832,1.391262196052587,782
Beethoven/Piano_Sonatas/32-1/Jussow02.mid,Beethoven/Piano_Sonatas/32-1/midi_score.mid,train,tempo,0.1754398681475205,5.306991580713143,2.154839013292367,782
Beethoven/Piano_Sonatas/32-1/Jussow02.mid,Beethoven/Piano_Sonatas/32-1/midi_score.mid,train,rubato,0.574089608880723,5.638390491433835,2.260197999199133,782
Beethoven/Piano_Sonatas/32-1/Jussow02.mid,Beethoven/Piano_Sonatas/32-1/midi_score.mid,train,dynamics,-0.43844551550942956,3.654092795153308,1.3442312549795608,782
Beethoven/Piano_Sonatas/32-1/Jussow02.mid,Beethoven/Piano_Sonatas/32-1/midi_score.mid,train,articulation,-0.7699116406489181,4.314971901929324,2.1344715476342975,782
Beethoven/Piano_Sonatas/32-1/Jussow02.mid,Beethoven/Piano_Sonatas/32-1/midi_score.mid,train,pedal_depth,0.28082239013558113,2.777473623815318,1.0341787089850139,782
Beethoven/Piano_Sonatas/32-1/Jussow02.mid,Beethoven/Piano_Sonatas/32-1/midi_score.mid,train,pedal_down_ratio,0.35521220886281235,2.911766241466836,1.1437688400093045,782
Beethoven/Piano_Sonatas/32-1/Jussow02.mid,Beethoven/Piano_Sonatas/32-1/midi_score.mid,train,pedal_changes,0.1901631584122295,2.476759185173916,1.1419871953910057,782
Beethoven/Piano_Sonatas/32-1/Jussow06M.mid,Beethoven/Piano_Sonatas/32-1/midi_score.mid,train,tempo,-0.16536380139072013,5.55157740904834,2.1710563614597693,782
Beethoven/Piano_Sonatas/32-1/Jussow06M.mid,Beethoven/Piano_Sonatas/32-1/midi_score.mid,train,rubato,0.6038218357247718,5.94852146166871,2.287004471131813,782
Beethoven/Piano_Sonatas/32-1/Jussow06M.mid,Beethoven/Piano_Sonatas/32-1/midi_score.mid,train,dynamics,-0.5974550953267448,3.6454132398204058,1.4034705808481895,782
Beethoven/Piano_Sonatas/32-1/Jussow06M.mid,Beethoven/Piano_Sonatas/32-1/midi_score.mid,train,articulation,-0.703484217558225,4.740545771325328,2.3548745026626436,782
Beethoven/Piano_Sonatas/32-1/Jussow06M.mid,Beethoven/Piano_Sonatas/32-1/midi_score.mid,train,pedal_depth,0.05991059928685473,2.6474348370245027,0.987237078936326,782
Beethoven/Piano_Sonatas/32-1/Jussow06M.mid,Beethoven/Piano_Sonatas/32-1/midi_score.mid,train,pedal_down_ratio,0.07151439393464559,2.5240566329009235,0.9440521655363354,782
Beethoven/Piano_Sonatas/32-1/Jussow06M.mid,Beethoven/Piano_Sonatas/32-1/midi_score.mid,train,pedal_changes,0.015460419383108086,2.476759185173916,1.042330135726813,782
Beethoven/Piano_Sonatas/32-1/MORET01.mid,Beethoven/Piano_Sonatas/32-1/midi_score.mid,train,tempo,0.5304007635953875,8.389567575955635,2.6382975048766975,782
Beethoven/Piano_Sonatas/32-1/MORET01.mid,Beethoven/Piano_Sonatas/32-1/midi_score.mid,train,rubato,0.862820795638977,8.922235375471248,2.763467728972692,782
Beethoven/Piano_Sonatas/32-1/MORET01.mid,Beethoven/Piano_Sonatas/32-1/midi_score.mid,train,dynamics,0.7522858627574991,5.035878004151902,1.6894883894717454,782
Beethoven/Piano_Sonatas/32-1/MORET01.mid,Beethoven/Piano_Sonatas/32-1/midi_score.mid,train,articulation,0.8462079418615523,5.060175381009934,1.860200759224577,782
Beethoven/Piano_Sonatas/32-1/MORET01.mid,Beethoven/Piano_Sonatas/32-1/midi_score.mid,train,pedal_depth,0.6608278035158418,2.988852747777318,1.2675599466595446,782
Beethoven/Piano_Sonatas/32-1/MORET01.mid,Beethoven/Piano_Sonatas/32-1/midi_score.mid,train,pedal_down_ratio,0.48208507751410695,3.247085667987824,1.3601323427046592,782
Beethoven/Piano_Sonatas/32-1/MORET01.mid,Beethoven/Piano_Sonatas/32-1/midi_score.mid,train,pedal_changes,0.2829256747108781,3.715138777760874,1.4253787704164855,782
Beethoven/Piano_Sonatas/4-1/BENABD01.mid,Beethoven/Piano_Sonatas/4-1/midi_score.mid,validation,tempo,-0.9686560143339998,2.389908677677071,1.1640796830682372,706
Beethoven/Piano_Sonatas/4-1/BENABD01.mid,Beethoven/Piano_Sonatas/4-1/midi_score.mid,validation,rubato,0.5462234431906146,3.2921295022150714,1.4913215259442572,706
Beethoven/Piano_Sonatas/4-1/BENABD01.mid,Beethoven/Piano_Sonatas/4-1/midi_score.mid,validation,dynamics,-0.028680651707681935,3.2620825821958963,1.1114248102810647,706
Beethoven/Piano_Sonatas/4-1/BENABD01.mid,Beethoven/Piano_Sonatas/4-1/midi_score.mid,validation,articulation,-0.6364166799408786,5.819368783010462,2.2963917144673536,706
Beethoven/Piano_Sonatas/4-1/BENABD01.mid,Beethoven/Piano_Sonatas/4-1/midi_score.mid,validation,pedal_depth,0.18077007885238874,3.072764250988746,1.0102271376389398,706
Beethoven/Piano_Sonatas/4-1/BENABD01.mid,Beethoven/Piano_Sonatas/4-1/midi_score.mid,validation,pedal_down_ratio,0.2184532298027627,3.544733992929376,1.1156012419283652,706
Beethoven/Piano_Sonatas/4-1/BENABD01.mid,Beethoven/Piano_Sonatas/4-1/midi_score.mid,validation,pedal_changes,0.18921783581216783,3.7423083082850974,1.3095007093360045,706
Beethoven/Piano_Sonatas/4-1/Benabdallah01.mid,Beethoven/Piano_Sonatas/4-1/midi_score.mid,validation,tempo,-0.7717201406080081,2.433802284225808,1.0765365292122766,706
Beethoven/Piano_Sonatas/4-1/Benabdallah01.mid,Beethoven/Piano_Sonatas/4-1/midi_score.mid,validation,rubato,0.46064494133746475,3.066583962883891,1.3034889031906247,706
Beethoven/Piano_Sonatas/4-1/Benabdallah01.mid,Beethoven/Piano_Sonatas/4-1/midi_score.mid,validation,dynamics,0.2159677970229759,2.9112159929642707,1.029792305368501,706
Beethoven/Piano_Sonatas/4-1/Benabdallah01.mid,Beethoven/Piano_Sonatas/4-1/midi_score.mid,validation,articulation,-0.3483196350679939,5.192284260037871,2.1881923077826624,706
Beethoven/Piano_Sonatas/4-1/Benabdallah01.mid,Beethoven/Piano_Sonatas/4-1/midi_score.mid,validation,pedal_depth,-0.20821829445367748,2.732939238465355,0.8833119975731689,706
Beethoven/Piano_Sonatas/4-1/Benabdallah01.mid,Beethoven/Piano_Sonatas/4-1/midi_score.mid,validation,pedal_down_ratio,0.0002418006459442418,2.942583247105203,1.0468312505463588,706
Beethoven/Piano_Sonatas/4-1/Benabdallah01.mid,Beethoven/Piano_Sonatas/4-1/midi_score.mid,validation,pedal_changes,0.1051210198956488,2.4948722055233983,1.2188377263579968,706
Beethoven/Piano_Sonatas/4-1/CaiC01.mid,Beethoven/Piano_Sonatas/4-1/midi_score.mid,validation,tempo,0.14437121346939744,4.313691272927702,1.1577009402633813,706
Beethoven/Piano_Sonatas/4-1/CaiC01.mid,Beethoven/Piano_Sonatas/4-1/midi_score.mid,validation,rubato,0.8475650114039635,6.018937947569074,1.626616514385256,706
Beethoven/Piano_Sonatas/4-1/CaiC01.mid,Beethoven/Piano_Sonatas/4-1/midi_score.mid,validation,dynamics,-0.3448388362100206,3.998219169202578,1.2519498555829032,706
Beethoven/Piano_Sonatas/4-1/CaiC01.mid,Beethoven/Piano_Sonatas/4-1/midi_score.mid,validation,articulation,0.15617649669378442,4.82168090718415,2.1000804070536656,706
Beethoven/Piano_Sonatas/4-1/CaiC01.mid,Beethoven/Piano_Sonatas/4-1/midi_score.mid,validation,pedal_depth,0.007250511320229282,3.038148145306523,1.0106713520246977,706
Beethoven/Piano_Sonatas/4-1/CaiC01.mid,Beethoven/Piano_Sonatas/4-1/midi_score.mid,validation,pedal_down_ratio,0.08183588888007863,3.3573288833278254,1.1439916487381985,706
Beethoven/Piano_Sonatas/4-1/CaiC01.mid,Beethoven/Piano_Sonatas/4-1/midi_score.mid,validation,pedal_changes,0.34689936565564106,3.7423083082850974,1.4935033377826048,706
Beethoven/Piano_Sonatas/4-1/Chon03M.mid,Beethoven/Piano_Sonatas/4-1/midi_score.mid,validation,tempo,0.2994722654763449,3.1311981432013845,1.314780852609938,706
Beethoven/Piano_Sonatas/4-1/Chon03M.mid,Beethoven/Piano_Sonatas/4-1/midi_score.mid,validation,rubato,0.7703336369218152,4.429245582701887,1.7992683690596514,706
Beethoven/Piano_Sonatas/4-1/Chon03M.mid,Beethoven/Piano_Sonatas/4-1/midi_score.mid,validation,dynamics,-0.1448552035370889,3.8936512024330776,1.3052314533620069,706
Beethoven/Piano_Sonatas/4-1/Chon03M.mid,Beethoven/Piano_Sonatas/4-1/midi_score.mid,validation,articulation,0.3765889677390146,4.392666631645679,2.108010026582554,706
Beethoven/Piano_Sonatas/4-1/Chon03M.mid,Beethoven/Piano_Sonatas/4-1/midi_score.mid,validation,pedal_depth,0.5912372964522705,3.080521964546112,1.0847404783347128,706
Beethoven/Piano_Sonatas/4-1/Chon03M.mid,Beethoven/Piano_Sonatas/4-1/midi_score.mid,validation,pedal_down_ratio,0.3360928976016123,2.9830660350563605,1.0869282343961766,706
Beethoven/Piano_Sonatas/4-1/Chon03M.mid,Beethoven/Piano_Sonatas/4-1/midi_score.mid,validation,pedal_changes,0.0508084929495636,2.4948722055233983,1.2106727413534304,706
Beethoven/Piano_Sonatas/4-1/LeeE02M.mid,Beethoven/Piano_Sonatas/4-1/midi_score.mid,validation,tempo,-0.0747247924652918,3.086377949390574,1.097925314593259,706
Beethoven/Piano_Sonatas/4-1/LeeE02M.mid,Beethoven/Piano_Sonatas/4-1/midi_score.mid,validation,rubato,0.6602831103448348,4.023245550738958,1.4737480100388363,706
Beethoven/Piano_Sonatas/4-1/LeeE02M.mid,Beethoven/Piano_Sonatas/4-1/midi_score.mid,validation,dynamics,0.32736452866903093,3.7681039451577685,1.1535014867934261,706
Beethoven/Piano_Sonatas/4-1/LeeE02M.mid,Beethoven/Piano_Sonatas/4-1/midi_score.mid,validation,articulation,-0.31367166824761844,5.452137876053368,2.522201986140665,706
Beethoven/Piano_Sonatas/4-1/LeeE02M.mid,Beethoven/Piano_Sonatas/4-1/midi_score.mid,validation,pedal_depth,0.2837024865438615,3.1195795531382884,1.0137910074393561,706
Beethoven/Piano_Sonatas/4-1/LeeE02M.mid,Beethoven/Piano_Sonatas/4-1/midi_score.mid,validation,pedal_down_ratio,0.02124683577588232,3.3062764205702493,1.0931116034208497,706
Beethoven/Piano_Sonatas/4-1/LeeE02M.mid,Beethoven/Piano_Sonatas/4-1/midi_score.mid,validation,pedal_changes,-0.06832866293217171,2.4948722055233983,1.2968155465037199,706
Beethoven/Piano_Sonatas/4-1/LiA04M.mid,Beethoven/Piano_Sonatas/4-1/midi_score.mid,validation,tempo,0.6232998962816872,2.6312513027703286,1.0415810867991095,706
Beethoven/Piano_Sonatas/4-1/LiA04M.mid,Beethoven/Piano_Sonatas/4-1/midi_score.mid,validation,rubato,0.5105891393996919,3.716126572642846,1.35286856594315,706
Beethoven/Piano_Sonatas/4-1/LiA04M.mid,Beethoven/Piano_Sonatas/4-1/midi_score.mid,validation,dynamics,-0.43556371033390057,4.607878172132613,1.352490482004885,706
Beethoven/Piano_Sonatas/4-1/LiA04M.mid,Beethoven/Piano_Sonatas/4-1/midi_score.mid,validation,articulation,-0.20435105485394253,4.6562506859808375,2.009787589456512,706
Beethoven/Piano_Sonatas/4-1/LiA04M.mid,Beethoven/Piano_Sonatas/4-1/midi_score.mid,validation,pedal_depth,-0.005008719042836961,3.8016054736504756,1.2959508395357455,706
Beethoven/Piano_Sonatas/4-1/LiA04M.mid,Beethoven/Piano_Sonatas/4-1/midi_score.mid,validation,pedal_down_ratio,0.024249841498953068,4.053179562417556,1.3404042375442882,706
Beethoven/Piano_Sonatas/4-1/LiA04M.mid,Beethoven/Piano_Sonatas/4-1/midi_score.mid,validation,pedal_changes,-0.11037707089043125,2.4948722055233983,1.2571164745201404,706
Beethoven/Piano_Sonatas/4-1/Shamray01.mid,Beethoven/Piano_Sonatas/4-1/midi_score.mid,validation,tempo,-0.1457990440673606,3.3554190741311025,1.2452130258197127,706
Beethoven/Piano_Sonatas/4-1/Shamray01.mid,Beethoven/Piano_Sonatas/4-1/midi_score.mid,validation,rubato,0.6973853246621597,4.718811283611419,1.7421854315349339,706
Beethoven/Piano_Sonatas/4-1/Shamray01.mid,Beethoven/Piano_Sonatas/4-1/midi_score.mid,validation,dynamics,-0.07386141105791803,5.007634009050442,1.4095722661740109,706
Beethoven/Piano_Sonatas/4-1/Shamray01.mid,Beethoven/Piano_Sonatas/4-1/midi_score.mid,validation,articulation,-0.31797558286535943,5.378014897573612,2.325777687244378,706
Beethoven/Piano_Sonatas/4-1/Shamray01.mid,Beethoven/Piano_Sonatas/4-1/midi_score.mid,validation,pedal_depth,-0.25377725529152134,3.9600425137525286,1.266740929927731,706
Beethoven/Piano_Sonatas/4-1/Shamray01.mid,Beethoven/Piano_Sonatas/4-1/midi_score.mid,validation,pedal_down_ratio,-0.41653597501046924,3.9344009617794256,1.4066388783989596,706
Beethoven/Piano_Sonatas/4-1/Shamray01.mid,Beethoven/Piano_Sonatas/4-1/midi_score.mid,validation,pedal_changes,-0.10336900289738801,3.7423083082850974,1.4263194089867843,706
Beethoven/Piano_Sonatas/4-1/SirajA02M.mid,Beethoven/Piano_Sonatas/4-1/midi_score.mid,validation,tempo,0.23607619853137707,4.2013697557813785,1.4821714247685371,706
Beethoven/Piano_Sonatas/4-1/SirajA02M.mid,Beethoven/Piano_Sonatas/4-1/midi_score.mid,validation,rubato,1.0505961528123797,5.866643727605979,2.0491920099680065,706
Beethoven/Piano_Sonatas/4-1/SirajA02M.mid,Beethoven/Piano_Sonatas/4-1/midi_score.mid,validation,dynamics,-0.2525877358310166,3.898709883129148,1.3337480788332297,706
Beethoven/Piano_Sonatas/4-1/SirajA02M.mid,Beethoven/Piano_Sonatas/4-1/midi_score.mid,validation,articulation,0.3011476881611006,5.286620858087847,2.2104018653028445,706
Beethoven/Piano_Sonatas/4-1/SirajA02M.mid,Beethoven/Piano_Sonatas/4-1/midi_score.mid,validation,pedal_depth,-0.24700852139734256,3.132449125762354,0.9964577353540935,706
Beethoven/Piano_Sonatas/4-1/SirajA02M.mid,Beethoven/Piano_Sonatas/4-1/midi_score.mid,validation,pedal_down_ratio,-0.15829294028954946,3.22035004737292,1.0688498259558572,706
Beethoven/Piano_Sonatas/4-1/SirajA02M.mid,Beethoven/Piano_Sonatas/4-1/midi_score.mid,validation,pedal_changes,0.11212908788869205,3.7423083082850974,1.2976650906003486,706
Beethoven/Piano_Sonatas/4-1/Zhao01.mid,Beethoven/Piano_Sonatas/4-1/midi_score.mid,validation,tempo,0.314242601493586,2.929507036834994,1.3562787477621194,706
Beethoven/Piano_Sonatas/4-1/Zhao01.mid,Beethoven/Piano_Sonatas/4-1/midi_score.mid,validation,rubato,0.7051068505938416,4.282813162134594,1.88524064921301,706
Beethoven/Piano_Sonatas/4-1/Zhao01.mid,Beethoven/Piano_Sonatas/4-1/midi_score.mid,validation,dynamics,0.25855457453663583,3.435304072697842,1.083130927553019,706
Beethoven/Piano_Sonatas/4-1/Zhao01.mid,Beethoven/Piano_Sonatas/4-1/midi_score.mid,validation,articulation,0.5532198996658387,4.843823671760368,2.1573250820709924,706
Beethoven/Piano_Sonatas/4-1/Zhao01.mid,Beethoven/Piano_Sonatas/4-1/midi_score.mid,validation,pedal_depth,0.31212203417274076,3.118204807773567,1.167471867949295,706
Beethoven/Piano_Sonatas/4-1/Zhao01.mid,Beethoven/Piano_Sonatas/4-1/midi_score.mid,validation,pedal_down_ratio,0.22858469411671845,2.89935483412305,1.162699042764371,706
Beethoven/Piano_Sonatas/4-1/Zhao01.mid,Beethoven/Piano_Sonatas/4-1/midi_score.mid,validation,pedal_changes,0.3118590256904248,3.7423083082850974,1.3655296143345534,706
Beethoven/Piano_Sonatas/7-1/Hebert01M.mid,Beethoven/Piano_Sonatas/7-1/midi_score.mid,train,tempo,0.5463655136348243,3.561846363881099,1.5543807575688842,665
Beethoven/Piano_Sonatas/7-1/Hebert01M.mid,Beethoven/Piano_Sonatas/7-1/midi_score.mid,train,rubato,0.6278999119284291,4.276289402642437,1.8498036346390914,665
Beethoven/Piano_Sonatas/7-1/Hebert01M.mid,Beethoven/Piano_Sonatas/7-1/midi_score.mid,train,dynamics,1.0309129710656266,3.4950884809241765,1.2210847683133863,665
Beethoven/Piano_Sonatas/7-1/Hebert01M.mid,Beethoven/Piano_Sonatas/7-1/midi_score.mid,train,articulation,0.7175382107360656,3.621359299703409,1.3537817309425324,665
Beethoven/Piano_Sonatas/7-1/Hebert01M.mid,Beethoven/Piano_Sonatas/7-1/midi_score.mid,train,pedal_depth,0.22650760198664072,3.737727120782397,1.1372989430647196,665
Beethoven/Piano_Sonatas/7-1/Hebert01M.mid,Beethoven/Piano_Sonatas/7-1/midi_score.mid,train,pedal_down_ratio,0.2834336006063756,3.2860234127601196,0.9656057481513739,665
Beethoven/Piano_Sonatas/7-1/Hebert01M.mid,Beethoven/Piano_Sonatas/7-1/midi_score.mid,train,pedal_changes,0.06813872406721883,3.061700001420366,1.021333752179214,665
Beethoven/Piano_Sonatas/7-1/KOLESO01.mid,Beethoven/Piano_Sonatas/7-1/midi_score.mid,train,tempo,-0.36249927298019863,3.192453305861641,1.4048305102649015,665
Beethoven/Piano_Sonatas/7-1/KOLESO01.mid,Beethoven/Piano_Sonatas/7-1/midi_score.mid,train,rubato,0.6693758046687859,3.9748456448692457,1.7515528064049397,665
Beethoven/Piano_Sonatas/7-1/KOLESO01.mid,Beethoven/Piano_Sonatas/7-1/midi_score.mid,train,dynamics,-0.45595164415891126,3.6299866328194987,1.0321260975731597,665
Beethoven/Piano_Sonatas/7-1/KOLESO01.mid,Beethoven/Piano_Sonatas/7-1/midi_score.mid,train,articulation,-0.023839353523840215,4.392866044836852,1.6970920235262497,665
Beethoven/Piano_Sonatas/7-1/KOLESO01.mid,Beethoven/Piano_Sonatas/7-1/midi_score.mid,train,pedal_depth,-0.14289799442387902,2.398522580366708,0.7883761692580161,665
Beethoven/Piano_Sonatas/7-1/KOLESO01.mid,Beethoven/Piano_Sonatas/7-1/midi_score.mid,train,pedal_down_ratio,-0.08003053747501425,2.518219579739646,0.8414134973770806,665
Beethoven/Piano_Sonatas/7-1/KOLESO01.mid,Beethoven/Piano_Sonatas/7-1/midi_score.mid,train,pedal_changes,0.004542581604481255,3.061700001420366,1.017877449614221,665
Beethoven/Piano_Sonatas/7-1/Larionova04M.mid,Beethoven/Piano_Sonatas/7-1/midi_score.mid,train,tempo,-0.6823450164731912,3.1444971355923093,1.6986577648080663,665
Beethoven/Piano_Sonatas/7-1/Larionova04M.mid,Beethoven/Piano_Sonatas/7-1/midi_score.mid,train,rubato,0.6622708040660381,4.128728713115814,2.101105042574439,665
Beethoven/Piano_Sonatas/7-1/Larionova04M.mid,Beethoven/Piano_Sonatas/7-1/midi_score.mid,train,dynamics,0.4054323302258102,3.143042992800179,0.9163152306090265,665
Beethoven/Piano_Sonatas/7-1/Larionova04M.mid,Beethoven/Piano_Sonatas/7-1/midi_score.mid,train,articulation,0.04406284023687604,3.816441976942464,1.579664685563516,665
Beethoven/Piano_Sonatas/7-1/Larionova04M.mid,Beethoven/Piano_Sonatas/7-1/midi_score.mid,train,pedal_depth,0.7175527657400265,2.643147410942049,0.8157688779522345,665
Beethoven/Piano_Sonatas/7-1/Larionova04M.mid,Beethoven/Piano_Sonatas/7-1/midi_score.mid,train,pedal_down_ratio,0.15695219900457077,2.9327858022546334,0.9498372759184873,665
Beethoven/Piano_Sonatas/7-1/Larionova04M.mid,Beethoven/Piano_Sonatas/7-1/midi_score.mid,train,pedal_changes,0.19533100899269398,1.530850000710183,0.964547883468623,665
Beethoven/Piano_Sonatas/7-1/LeeS02M.mid,Beethoven/Piano_Sonatas/7-1/midi_score.mid,train,tempo,-0.5038460112462209,3.1273726658986636,1.2707982375365443,665
Beethoven/Piano_Sonatas/7-1/LeeS02M.mid,Beethoven/Piano_Sonatas/7-1/midi_score.mid,train,rubato,0.6064954669248368,3.6097544583549643,1.5196391627909576,665
Beethoven/Piano_Sonatas/7-1/LeeS02M.mid,Beethoven/Piano_Sonatas/7-1/midi_score.mid,train,dynamics,-0.4423182002620622,2.953068728564481,0.9830550003414065,665
Beethoven/Piano_Sonatas/7-1/LeeS02M.mid,Beethoven/Piano_Sonatas/7-1/midi_score.mid,train,articulation,-0.03474620961944911,3.5407491549864787,1.3163572503684615,665
Beethoven/Piano_Sonatas/7-1/LeeS02M.mid,Beethoven/Piano_Sonatas/7-1/midi_score.mid,train,pedal_depth,0.30343480609454415,2.4737279009898376,0.9786856181737474,665
Beethoven/Piano_Sonatas/7-1/LeeS02M.mid,Beethoven/Piano_Sonatas/7-1/midi_score.mid,train,pedal_down_ratio,0.4247997535199731,2.761593113262124,1.137407566417529,665
Beethoven/Piano_Sonatas/7-1/LeeS02M.mid,Beethoven/Piano_Sonatas/7-1/midi_score.mid,train,pedal_changes,0.3974758903921099,3.061700001420366,1.314074135483481,665
Beethoven/Piano_Sonatas/7-1/Lee_E01.mid,Beethoven/Piano_Sonatas/7-1/midi_score.mid,train,tempo,-0.3963557162990251,3.2506251261495205,1.3942574200635254,665
Beethoven/Piano_Sonatas/7-1/Lee_E01.mid,Beethoven/Piano_Sonatas/7-1/midi_score.mid,train,rubato,0.682475820017012,3.9703817921311915,1.6879079068803156,665
Beethoven/Piano_Sonatas/7-1/Lee_E01.mid,Beethoven/Piano_Sonatas/7-1/midi_score.mid,train,dynamics,-0.09270186546172557,2.988782430304084,1.099856259120453,665
Beethoven/Piano_Sonatas/7-1/Lee_E01.mid,Beethoven/Piano_Sonatas/7-1/midi_score.mid,train,articulation,-0.5312704242191719,4.580592141475246,1.9046105614115316,665
Beethoven/Piano_Sonatas/7-1/Lee_E01.mid,Beethoven/Piano_Sonatas/7-1/midi_score.mid,train,pedal_depth,-0.21552224566676045,3.1636616855297026,0.9074069214641786,665
Beethoven/Piano_Sonatas/7-1/Lee_E01.mid,Beethoven/Piano_Sonatas/7-1/midi_score.mid,train,pedal_down_ratio,-0.07695774369771766,4.205026536111626,1.0880874859021594,665
Beethoven/Piano_Sonatas/7-1/Lee_E01.mid,Beethoven/Piano_Sonatas/7-1/midi_score.mid,train,pedal_changes,-0.022712908022406275,3.061700001420366,1.0569427425082927,665
Beethoven/Piano_Sonatas/7-1/MATSUM01.mid,Beethoven/Piano_Sonatas/7-1/midi_score.mid,train,tempo,0.6216952617216223,3.710078281282124,1.6519022856381669,665
Beethoven/Piano_Sonatas/7-1/MATSUM01.mid,Beethoven/Piano_Sonatas/7-1/midi_score.mid,train,rubato,0.7332287396913619,4.535546012196917,2.021469502193223,665
Beethoven/Piano_Sonatas/7-1/MATSUM01.mid,Beethoven/Piano_Sonatas/7-1/midi_score.mid,train,dynamics,-0.2285863467669877,3.774465619366473,1.177523433767835,665
Beethoven/Piano_Sonatas/7-1/MATSUM01.mid,Beethoven/Piano_Sonatas/7-1/midi_score.mid,train,articulation,-0.11719389122646512,3.477560351156842,1.4782655941192844,665
Beethoven/Piano_Sonatas/7-1/MATSUM01.mid,Beethoven/Piano_Sonatas/7-1/midi_score.mid,train,pedal_depth,-0.34978516758955075,2.7182551828967627,0.8647160673127114,665
Beethoven/Piano_Sonatas/7-1/MATSUM01.mid,Beethoven/Piano_Sonatas/7-1/midi_score.mid,train,pedal_down_ratio,-0.26148044230435236,2.6044183122069793,0.9323955126066578,665
Beethoven/Piano_Sonatas/7-1/MATSUM01.mid,Beethoven/Piano_Sonatas/7-1/midi_score.mid,train,pedal_changes,-0.25211327904870967,1.530850000710183,0.8582127729326394,665
Beethoven/Piano_Sonatas/7-1/Wang02M.mid,Beethoven/Piano_Sonatas/7-1/midi_score.mid,train,tempo,0.986751978305097,3.403506536413741,1.5868159495277028,665
Beethoven/Piano_Sonatas/7-1/Wang02M.mid,Beethoven/Piano_Sonatas/7-1/midi_score.mid,train,rubato,0.6290018020152965,4.356595888534772,1.8638524208362053,665
Beethoven/Piano_Sonatas/7-1/Wang02M.mid,Beethoven/Piano_Sonatas/7-1/midi_score.mid,train,dynamics,0.31840716151056203,3.4060389777618743,1.3006566839700031,665
Beethoven/Piano_Sonatas/7-1/Wang02M.mid,Beethoven/Piano_Sonatas/7-1/midi_score.mid,train,articulation,-0.4987612071711731,4.276669619220659,1.601337908581539,665
Beethoven/Piano_Sonatas/7-1/Wang02M.mid,Beethoven/Piano_Sonatas/7-1/midi_score.mid,train,pedal_depth,0.3367144512523864,3.5109153667013993,1.1452725250603906,665
Beethoven/Piano_Sonatas/7-1/Wang02M.mid,Beethoven/Piano_Sonatas/7-1/midi_score.mid,train,pedal_down_ratio,0.3305426394289401,3.0600343553390275,1.1161045947982846,665
Beethoven/Piano_Sonatas/7-1/Wang02M.mid,Beethoven/Piano_Sonatas/7-1/midi_score.mid,train,pedal_changes,0.29072522268680034,3.061700001420366,1.1887595376744877,665
Beethoven/Piano_Sonatas/7-1/WangY01M.mid,Beethoven/Piano_Sonatas/7-1/midi_score.mid,train,tempo,-0.6621134916759572,3.9804282601097367,1.7927231042078946,665
Beethoven/Piano_Sonatas/7-1/WangY01M.mid,Beethoven/Piano_Sonatas/7-1/midi_score.mid,train,rubato,0.7537706740784791,5.035315986920132,2.1957520361962515,665
Beethoven/Piano_Sonatas/7-1/WangY01M.mid,Beethoven/Piano_Sonatas/7-1/midi_score.mid,train,dynamics,-0.768077733721118,4.186978036128178,1.3044640938141179,665
Beethoven/Piano_Sonatas/7-1/WangY01M.mid,Beethoven/Piano_Sonatas/7-1/midi_score.mid,train,articulation,0.1811244749438069,5.1808169591540665,2.0165785490434103,665
Beethoven/Piano_Sonatas/7-1/WangY01M.mid,Beethoven/Piano_Sonatas/7-1/midi_score.mid,train,pedal_depth,0.809587202063566,2.896607912594612,1.2007304714821538,665
Beethoven/Piano_Sonatas/7-1/WangY01M.mid,Beethoven/Piano_Sonatas/7-1/midi_score.mid,train,pedal_down_ratio,0.7679574140769669,3.4537415244451077,1.501850643145808,665
Beethoven/Piano_Sonatas/7-1/WangY01M.mid,Beethoven/Piano_Sonatas/7-1/midi_score.mid,train,pedal_changes,0.6677594958587445,3.061700001420366,1.5717404628387062,665
Beethoven/Piano_Sonatas/7-1/ZhangE02M.mid,Beethoven/Piano_Sonatas/7-1/midi_score.mid,train,tempo,0.41949779621919203,3.3336017637552238,1.4487293150857008,665
Beethoven/Piano_Sonatas/7-1/ZhangE02M.mid,Beethoven/Piano_Sonatas/7-1/midi_score.mid,train,rubato,0.6065979082396836,4.273663248851227,1.7839415790504722,665
Beethoven/Piano_Sonatas/7-1/ZhangE02M.mid,Beethoven/Piano_Sonatas/7-1/midi_score.mid,train,dynamics,0.03468773879875004,3.853028463510052,1.3633132774452565,665
Beethoven/Piano_Sonatas/7-1/ZhangE02M.mid,Beethoven/Piano_Sonatas/7-1/midi_score.mid,train,articulation,-0.467958866820704,4.8649658009126675,1.8492132286288703,665
Beethoven/Piano_Sonatas/7-1/ZhangE02M.mid,Beethoven/Piano_Sonatas/7-1/midi_score.mid,train,pedal_depth,-0.18604056461960586,3.5408135864196124,1.1317473498593031,665
Beethoven/Piano_Sonatas/7-1/ZhangE02M.mid,Beethoven/Piano_Sonatas/7-1/midi_score.mid,train,pedal_down_ratio,-0.10461204541923125,3.9516865356512976,1.2535652654859355,665
Beethoven/Piano_Sonatas/7-1/ZhangE02M.mid,Beethoven/Piano_Sonatas/7-1/midi_score.mid,train,pedal_changes,-0.02952678042912817,3.061700001420366,1.2856070703857494,665
Chopin/Ballades/1/Ali01.mid,Chopin/Ballades/1/midi_score.mid,train,tempo,-0.0770066840301903,4.852282978731609,1.5324575259760718,615
Chopin/Ballades/1/Ali01.mid,Chopin/Ballades/1/midi_score.mid,train,rubato,0.8674229197317037,4.909656388196542,1.5861166561216915,615
Chopin/Ballades/1/Ali01.mid,Chopin/Ballades/1/midi_score.mid,train,dynamics,-0.5238874928593036,4.729290410584734,1.386322341723998,615
Chopin/Ballades/1/Ali01.mid,Chopin/Ballades/1/midi_score.mid,train,articulation,-0.45208644594272407,5.2950009372671945,2.0247710519052053,615
Chopin/Ballades/1/Ali01.mid,Chopin/Ballades/1/midi_score.mid,train,pedal_depth,-0.26386429352471036,3.82965408853334,1.1424216333682669,615
Chopin/Ballades/1/Ali01.mid,Chopin/Ballades/1/midi_score.mid,train,pedal_down_ratio,-0.21269162515431092,4.2336045178915125,1.1330225166458046,615
Chopin/Ballades/1/Ali01.mid,Chopin/Ballades/1/midi_score.mid,train,pedal_changes,-0.26848369184256093,3.768789733998934,1.3696253576032376,615
Chopin/Ballades/1/BuiJL04M.mid,Chopin/Ballades/1/midi_score.mid,train,tempo,-0.26258279011244157,3.266920092271165,1.1857192572159876,615
Chopin/Ballades/1/BuiJL04M.mid,Chopin/Ballades/1/midi_score.mid,train,rubato,0.5716388339349009,3.5093730584373617,1.2076182863531144,615
Chopin/Ballades/1/BuiJL04M.mid,Chopin/Ballades/1/midi_score.mid,train,dynamics,-0.059872570849236445,3.559055925198839,1.0487598964636942,615
Chopin/Ballades/1/BuiJL04M.mid,Chopin/Ballades/1/midi_score.mid,train,articulation,-0.055587374106785964,3.8992681020230195,1.608717521712344,615
Chopin/Ballades/1/BuiJL04M.mid,Chopin/Ballades/1/midi_score.mid,train,pedal_depth,-0.3860144557095036,2.6190057950838592,0.9121606980868194,615
Chopin/Ballades/1/BuiJL04M.mid,Chopin/Ballades/1/midi_score.mid,train,pedal_down_ratio,-0.1434371376806422,2.235129268252667,0.8531262675770741,615
Chopin/Ballades/1/BuiJL04M.mid,Chopin/Ballades/1/midi_score.mid,train,pedal_changes,0.062111898859099915,2.5125264893326227,1.3705618536836706,615
Chopin/Ballades/1/Day04.mid,Chopin/Ballades/1/midi_score.mid,train,tempo,0.26702314640250857,3.0999872651386102,1.0658003612884386,615
Chopin/Ballades/1/Day04.mid,Chopin/Ballades/1/midi_score.mid,train,rubato,0.5096634272927405,3.144363614685518,1.103381606793382,615
Chopin/Ballades/1/Day04.mid,Chopin/Ballades/1/midi_score.mid,train,dynamics,-0.4315935293035167,3.060263259003433,1.0475949299428287,615
Chopin/Ballades/1/Day04.mid,Chopin/Ballades/1/midi_score.mid,train,articulation,-0.39907489837059756,4.996721410256069,1.9450143400593574,615
Chopin/Ballades/1/Day04.mid,Chopin/Ballades/1/midi_score.mid,train,pedal_depth,-1.0368059981110715,3.3409920632728385,1.0753456283740246,615
Chopin/Ballades/1/Day04.mid,Chopin/Ballades/1/midi_score.mid,train,pedal_down_ratio,-0.5634456311346868,3.70461206131111,1.4173464348523537,615
Chopin/Ballades/1/Day04.mid,Chopin/Ballades/1/midi_score.mid,train,pedal_changes,0.12622740735881596,3.768789733998934,1.5979185555302444,615
Chopin/Ballades/1/Dossin05.mid,Chopin/Ballades/1/midi_score.mid,train,tempo,0.2918468638355344,5.194734563701365,1.6071443878017024,615
Chopin/Ballades/1/Dossin05.mid,Chopin/Ballades/1/midi_score.mid,train,rubato,0.8699409125196266,5.226423150276641,1.6576073587316453,615
Chopin/Ballades/1/Dossin05.mid,Chopin/Ballades/1/midi_score.mid,train,dynamics,0.15137986811852427,3.621460285062421,1.0088180839237713,615
Chopin/Ballades/1/Dossin05.mid,Chopin/Ballades/1/midi_score.mid,train,articulation,-0.14124463608388127,4.178642659632497,1.7631348912970173,615
Chopin/Ballades/1/Dossin05.mid,Chopin/Ballades/1/midi_score.mid,train,pedal_depth,0.002640253495220708,2.611960397573567,0.8289159157870348,615
Chopin/Ballades/1/Dossin05.mid,Chopin/Ballades/1/midi_score.mid,train,pedal_down_ratio,0.11156234581025753,3.267001262435512,1.0787225886313236,615
Chopin/Ballades/1/Dossin05.mid,Chopin/Ballades/1/midi_score.mid,train,pedal_changes,-0.27048730148317707,3.768789733998934,1.55312720278849,615
Chopin/Ballades/1/JIA06M.mid,Chopin/Ballades/1/midi_score.mid,train,tempo,-0.3424179681024443,3.6128627147220054,1.369946608269606,615
Chopin/Ballades/1/JIA06M.mid,Chopin/Ballades/1/midi_score.mid,train,rubato,0.5951012609382914,3.6654252345605247,1.392135913054659,615
Chopin/Ballades/1/JIA06M.mid,Chopin/Ballades/1/midi_score.mid,train,dynamics,0.12707267395635266,3.074798092657437,1.081842593042458,615
Chopin/Ballades/1/JIA06M.mid,Chopin/Ballades/1/midi_score.mid,train,articulation,0.4499672958454579,4.1720546596413435,1.674778987685158,615
Chopin/Ballades/1/JIA06M.mid,Chopin/Ballades/1/midi_score.mid,train,pedal_depth,-0.3167994559210243,3.2265222573500223,1.3591791513824325,615
Chopin/Ballades/1/JIA06M.mid,Chopin/Ballades/1/midi_score.mid,train,pedal_down_ratio,-0.29505413503837186,3.78410675864244,1.3152969924133115,615
Chopin/Ballades/1/JIA06M.mid,Chopin/Ballades/1/midi_score.mid,train,pedal_changes,-0.060108289218483796,2.5125264893326227,1.203047158188306,615
Chopin/Ballades/1/KimSuyeon04M.mid,Chopin/Ballades/1/midi_score.mid,train,tempo,-0.01097862050826527,3.1732399354860883,1.1411912918504492,615
Chopin/Ballades/1/KimSuyeon04M.mid,Chopin/Ballades/1/midi_score.mid,train,rubato,0.580980139936225,3.3123170190628355,1.1822807534605058,615
Chopin/Ballades/1/KimSuyeon04M.mid,Chopin/Ballades/1/midi_score.mid,train,dynamics,0.6265046933270952,3.4104375420160293,1.1038449864811688,615
Chopin/Ballades/1/KimSuyeon04M.mid,Chopin/Ballades/1/midi_score.mid,train,articulation,0.5640864251432605,3.3695352033013624,1.3188365915615063,615
Chopin/Ballades/1/KimSuyeon04M.mid,Chopin/Ballades/1/midi_score.mid,train,pedal_depth,0.07076261674572495,2.381408723296163,1.045807308721424,615
Chopin/Ballades/1/KimSuyeon04M.mid,Chopin/Ballades/1/midi_score.mid,train,pedal_down_ratio,-0.00972902533244649,2.048836555520701,1.0412379403768979,615
Chopin/Ballades/1/KimSuyeon04M.mid,Chopin/Ballades/1/midi_score.mid,train,pedal_changes,0.09416965310895795,2.5125264893326227,1.4638154859217012,615
Chopin/Ballades/1/LeeKoeun03.mid,Chopin/Ballades/1/midi_score.mid,train,tempo,-0.40253738742497047,4.07889293553017,1.384492500688219,615
Chopin/Ballades/1/LeeKoeun03.mid,Chopin/Ballades/1/midi_score.mid,train,rubato,0.9255889629610142,4.139092720914536,1.4314166548010558,615
Chopin/Ballades/1/LeeKoeun03.mid,Chopin/Ballades/1/midi_score.mid,train,dynamics,-0.02690293325856485,3.4157663110032366,1.0261123532508232,615
Chopin/Ballades/1/LeeKoeun03.mid,Chopin/Ballades/1/midi_score.mid,train,articulation,0.08923339620136152,3.5794258951501283,1.412950500426297,615
Chopin/Ballades/1/LeeKoeun03.mid,Chopin/Ballades/1/midi_score.mid,train,pedal_depth,0.0667435760747284,2.940577177941462,1.172424857376817,615
Chopin/Ballades/1/LeeKoeun03.mid,Chopin/Ballades/1/midi_score.mid,train,pedal_down_ratio,-0.03286437009741788,2.6382988889367884,1.1416574864330093,615
Chopin/Ballades/1/LeeKoeun03.mid,Chopin/Ballades/1/midi_score.mid,train,pedal_changes,-0.020036096406161264,2.5125264893326227,1.4933203650412619,615
Chopin/Ballades/1/LeeKoeun06.mid,Chopin/Ballades/1/midi_score.mid,train,tempo,-0.24361159259318252,3.895615733615867,1.2608519645043452,615
Chopin/Ballades/1/LeeKoeun06.mid,Chopin/Ballades/1/midi_score.mid,train,rubato,0.6604746172329017,3.9044494005245474,1.30208124647454,615
Chopin/Ballades/1/LeeKoeun06.mid,Chopin/Ballades/1/midi_score.mid,train,dynamics,-0.7616505059200177,2.977256864743012,0.9433074653116414,615
Chopin/Ballades/1/LeeKoeun06.mid,Chopin/Ballades/1/midi_score.mid,train,articulation,-0.2071740678932376,3.3584536275000927,1.5294109761966022,615
Chopin/Ballades/1/LeeKoeun06.mid,Chopin/Ballades/1/midi_score.mid,train,pedal_depth,0.18692159239285414,2.676090672199534,0.9822107606458758,615
Chopin/Ballades/1/LeeKoeun06.mid,Chopin/Ballades/1/midi_score.mid,train,pedal_down_ratio,0.1850106854056658,2.4040912807433155,1.0024949608323155,615
Chopin/Ballades/1/LeeKoeun06.mid,Chopin/Ballades/1/midi_score.mid,train,pedal_changes,-0.08214799526526116,3.768789733998934,1.5273024245276003,615
Chopin/Ballades/1/LinTao04.mid,Chopin/Ballades/1/midi_score.mid,train,tempo,0.2839511672894949,3.9754109220891367,1.1762799874801775,615
Chopin/Ballades/1/LinTao04.mid,Chopin/Ballades/1/midi_score.mid,train,rubato,0.7250572625014389,4.173204688350201,1.1868038708447135,615
Chopin/Ballades/1/LinTao04.mid,Chopin/Ballades/1/midi_score.mid,train,dynamics,-0.4489373606919262,3.009024770149469,0.9467436062968173,615
Chopin/Ballades/1/LinTao04.mid,Chopin/Ballades/1/midi_score.mid,train,articulation,-0.323912134548866,3.387813627688321,1.3974863292569453,615
Chopin/Ballades/1/LinTao04.mid,Chopin/Ballades/1/midi_score.mid,train,pedal_depth,0.22162834328374822,2.6850498621892553,0.9665147834816478,615
Chopin/Ballades/1/LinTao04.mid,Chopin/Ballades/1/midi_score.mid,train,pedal_down_ratio,0.054863697726066175,2.571251145472305,1.0362183986493325,615
Chopin/Ballades/1/LinTao04.mid,Chopin/Ballades/1/midi_score.mid,train,pedal_changes,0.01602887712492901,2.5125264893326227,1.256263256072998,615
Chopin/Ballades/1/McNamara02.mid,Chopin/Ballades/1/midi_score.mid,train,tempo,0.4261289536873758,4.217603511429829,1.3190004728631624,615
Chopin/Ballades/1/McNamara02.mid,Chopin/Ballades/1/midi_score.mid,train,rubato,0.8660584801723976,4.373545487260104,1.368535577014914,615
Chopin/Ballades/1/McNamara02.mid,Chopin/Ballades/1/midi_score.mid,train,dynamics,0.3332866826231467,3.9107023110595023,1.394055150238019,615
Chopin/Ballades/1/McNamara02.mid,Chopin/Ballades/1/midi_score.mid,train,articulation,-0.26913699829029414,4.1702444503273135,1.8593907293845937,615
Chopin/Ballades/1/McNamara02.mid,Chopin/Ballades/1/midi_score.mid,train,pedal_depth,-0.4609947684363408,3.1424437758126365,1.1141541779617778,615
Chopin/Ballades/1/McNamara02.mid,Chopin/Ballades/1/midi_score.mid,train,pedal_down_ratio,-0.31661975770821865,4.0855103527145324,1.1390265717222023,615
Chopin/Ballades/1/McNamara02.mid,Chopin/Ballades/1/midi_score.mid,train,pedal_changes,-0.02805053496862576,2.5125264893326227,1.4211190649762895,615
Chopin/Ballades/1/Mo07M.mid,Chopin/Ballades/1/midi_score.mid,train,tempo,-0.8049547971857708,3.573632206924887,1.244281199023495,615
Chopin/Ballades/1/Mo07M.mid,Chopin/Ballades/1/midi_score.mid,train,rubato,0.6953748506478076,3.6438768413135953,1.2638549133859995,615
Chopin/Ballades/1/Mo07M.mid,Chopin/Ballades/1/midi_score.mid,train,dynamics,-0.24067497491579481,3.588600600899795,1.0514685787288711,615
Chopin/Ballades/1/Mo07M.mid,Chopin/Ballades/1/midi_score.mid,train,articulation,0.03590695202188841,4.20305010799229,1.676552910840467,615
Chopin/Ballades/1/Mo07M.mid,Chopin/Ballades/1/midi_score.mid,train,pedal_depth,0.01225262072122241,2.8520323127862794,1.0579468261607667,615
Chopin/Ballades/1/Mo07M.mid,Chopin/Ballades/1/midi_score.mid,train,pedal_down_ratio,-0.012719289174829009,2.2932333483993856,1.0270972781113703,615
Chopin/Ballades/1/Mo07M.mid,Chopin/Ballades/1/midi_score.mid,train,pedal_changes,0.03205775424985802,2.5125264893326227,1.5138011436907817,615
Chopin/Ballades/1/Richardson13M.mid,Chopin/Ballades/1/midi_score.mid,train,tempo,0.19600029058358295,3.3758341731942068,1.207548709763692,615
Chopin/Ballades/1/Richardson13M.mid,Chopin/Ballades/1/midi_score.mid,train,rubato,0.5407781640977841,3.4535231526983448,1.2205831109138103,615
Chopin/Ballades/1/Richardson13M.mid,Chopin/Ballades/1/midi_score.mid,train,dynamics,0.7080345440571744,3.3939592998590404,1.17871918419986,615
Chopin/Ballades/1/Richardson13M.mid,Chopin/Ballades/1/midi_score.mid,train,articulation,0.4367354053187111,3.6812826259272784,1.5016045758687024,615
Chopin/Ballades/1/Richardson13M.mid,Chopin/Ballades/1/midi_score.mid,train,pedal_depth,-0.061955328458304273,3.010219787791601,1.0933961017317446,615
Chopin/Ballades/1/Richardson13M.mid,Chopin/Ballades/1/midi_score.mid,train,pedal_down_ratio,-0.13230886539542025,2.6947674267674837,1.074444242054419,615
Chopin/Ballades/1/Richardson13M.mid,Chopin/Ballades/1/midi_score.mid,train,pedal_changes,-0.07814077598402894,2.5125264893326227,1.329697066140567,615
Chopin/Ballades/1/SINKEV05.mid,Chopin/Ballades/1/midi_score.mid,train,tempo,-0.3395953755999072,3.406378387398834,1.4223642329537978,615
Chopin/Ballades/1/SINKEV05.mid,Chopin/Ballades/1/midi_score.mid,train,rubato,0.5526200802317563,3.491381413132544,1.4501000622716413,615
Chopin/Ballades/1/SINKEV05.mid,Chopin/Ballades/1/midi_score.mid,train,dynamics,0.16709710712059794,2.8978664586498084,0.9830662232431872,615
Chopin/Ballades/1/SINKEV05.mid,Chopin/Ballades/1/midi_score.mid,train,articulation,-0.2652403594842564,3.5112198878409053,1.5170181163303587,615
Chopin/Ballades/1/SINKEV05.mid,Chopin/Ballades/1/midi_score.mid,train,pedal_depth,-0.08828026181872574,2.3181469716552954,0.7535882969061943,615
Chopin/Ballades/1/SINKEV05.mid,Chopin/Ballades/1/midi_score.mid,train,pedal_down_ratio,-0.18082686374036927,2.2928259729524436,0.8342189972421995,615
Chopin/Ballades/1/SINKEV05.mid,Chopin/Ballades/1/midi_score.mid,train,pedal_changes,0.3125631039361158,3.768789733998934,1.3023983259272824,615
Chopin/Ballades/1/SINKEV11.mid,Chopin/Ballades/1/midi_score.mid,train,tempo,0.13186867298068256,3.2463179980365453,1.0709754447115747,615
Chopin/Ballades/1/SINKEV11.mid,Chopin/Ballades/1/midi_score.mid,train,rubato,0.5866582606895623,3.41158348701167,1.092734522872407,615
Chopin/Ballades/1/SINKEV11.mid,Chopin/Ballades/1/midi_score.mid,train,dynamics,0.3550115442509971,3.1324719402068864,1.1022753080810432,615
Chopin/Ballades/1/SINKEV11.mid,Chopin/Ballades/1/midi_score.mid,train,articulation,-0.2980873412213666,3.799137387169523,1.7201989312761938,615
Chopin/Ballades/1/SINKEV11.mid,Chopin/Ballades/1/midi_score.mid,train,pedal_depth,0.10843669325199783,2.209429875401634,0.796269671489156,615
Chopin/Ballades/1/SINKEV11.mid,Chopin/Ballades/1/midi_score.mid,train,pedal_down_ratio,0.05429907944610472,1.923825568362565,0.9240073663376318,615
Chopin/Ballades/1/SINKEV11.mid,Chopin/Ballades/1/midi_score.mid,train,pedal_changes,0.24043315687393518,3.768789733998934,1.379891858300153,615
Chopin/Ballades/1/Sladek04M.mid,Chopin/Ballades/1/midi_score.mid,train,tempo,0.5374425947414933,4.43696630655711,1.426828640432498,615
Chopin/Ballades/1/Sladek04M.mid,Chopin/Ballades/1/midi_score.mid,train,rubato,0.7704794477446081,4.390270189795997,1.4453132529234716,615
Chopin/Ballades/1/Sladek04M.mid,Chopin/Ballades/1/midi_score.mid,train,dynamics,-0.32419258522085265,3.7882501196069036,0.9941588429393861,615
Chopin/Ballades/1/Sladek04M.mid,Chopin/Ballades/1/midi_score.mid,train,articulation,0.26245657028087155,4.182504709538031,1.5233803657677518,615
Chopin/Ballades/1/Sladek04M.mid,Chopin/Ballades/1/midi_score.mid,train,pedal_depth,-0.22187167250821815,3.8057820387244403,1.3015557127841293,615
Chopin/Ballades/1/Sladek04M.mid,Chopin/Ballades/1/midi_score.mid,train,pedal_down_ratio,-0.22045586222330119,3.864169965066714,1.3856275675884142,615
Chopin/Ballades/1/Sladek04M.mid,Chopin/Ballades/1/midi_score.mid,train,pedal_changes,-0.11019853023388695,2.5125264893326227,1.4417355555886842,615
Chopin/Ballades/1/YeSijing01.mid,Chopin/Ballades/1/midi_score.mid,train,tempo,0.34606253736055737,3.712237979951743,1.422620298051812,615
Chopin/Ballades/1/YeSijing01.mid,Chopin/Ballades/1/midi_score.mid,train,rubato,0.6411298203166121,3.9477262938122646,1.4804944853446758,615
Chopin/Ballades/1/YeSijing01.mid,Chopin/Ballades/1/midi_score.mid,train,dynamics,0.021290059947620097,3.1348967046537166,1.0232624399280699,615
Chopin/Ballades/1/YeSijing01.mid,Chopin/Ballades/1/midi_score.mid,train,articulation,0.27506113971590995,3.5008524099740246,1.6276703226853961,615
Chopin/Ballades/1/YeSijing01.mid,Chopin/Ballades/1/midi_score.mid,train,pedal_depth,-0.3494027169798581,3.422560448528577,1.3890296983069712,615
Chopin/Ballades/1/YeSijing01.mid,Chopin/Ballades/1/midi_score.mid,train,pedal_down_ratio,-0.38497787823544727,3.041007682190015,1.3126337485724675,615
Chopin/Ballades/1/YeSijing01.mid,Chopin/Ballades/1/midi_score.mid,train,pedal_changes,0.032057754249858024,2.5125264893326227,1.3696253576032376,615
Chopin/Ballades/1/Zhou06M.mid,Chopin/Ballades/1/midi_score.mid,train,tempo,-0.1474651232015084,4.3294258419677405,1.4632435695027664,615
Chopin/Ballades/1/Zhou06M.mid,Chopin/Ballades/1/midi_score.mid,train,rubato,0.621964065869213,4.5906165943063355,1.4806651479837285,615
Chopin/Ballades/1/Zhou06M.mid,Chopin/Ballades/1/midi_score.mid,train,dynamics,-0.01739381803259913,3.418100622849628,1.0101043835340742,615
Chopin/Ballades/1/Zhou06M.mid,Chopin/Ballades/1/midi_score.mid,train,articulation,-0.6324354489354795,3.484612771152406,1.6135053424222414,615
Chopin/Ballades/1/Zhou06M.mid,Chopin/Ballades/1/midi_score.mid,train,pedal_depth,-0.0825668583948606,2.1039828630856303,0.8453015530049461,615
Chopin/Ballades/1/Zhou06M.mid,Chopin/Ballades/1/midi_score.mid,train,pedal_down_ratio,-0.01982263484543537,1.7729052307231417,0.7706368681472547,615
Chopin/Ballades/1/Zhou06M.mid,Chopin/Ballades/1/midi_score.mid,train,pedal_changes,0.03406136389047415,2.5125264893326227,1.1338665997790531,615
Chopin/Ballades/4/ChenC04M.mid,Chopin/Ballades/4/midi_score.mid,train,tempo,0.5659129037069912,3.3957001778807077,1.107625083011792,472
Chopin/Ballades/4/ChenC04M.mid,Chopin/Ballades/4/midi_score.mid,train,rubato,0.5644397489333596,3.4728755277878958,1.137384411036809,472
Chopin/Ballades/4/ChenC04M.mid,Chopin/Ballades/4/midi_score.mid,train,dynamics,0.9710945997901382,3.439031706593223,0.9451930270344708,472
Chopin/Ballades/4/ChenC04M.mid,Chopin/Ballades/4/midi_score.mid,train,articulation,0.526567197677033,3.0081820403151047,1.15612992851785,472
Chopin/Ballades/4/ChenC04M.mid,Chopin/Ballades/4/midi_score.mid,train,pedal_depth,-0.28559688383063736,2.288475482509315,1.0092820196274477,472
Chopin/Ballades/4/ChenC04M.mid,Chopin/Ballades/4/midi_score.mid,train,pedal_down_ratio,-0.5038729709726857,2.202222271139321,1.091054349759164,472
Chopin/Ballades/4/ChenC04M.mid,Chopin/Ballades/4/midi_score.mid,train,pedal_changes,0.24341777329262104,3.451446039223731,1.367191254285557,472
Chopin/Ballades/4/Khmara02.mid,Chopin/Ballades/4/midi_score.mid,train,tempo,0.4749724531634016,4.015818093342368,1.3579730549563547,472
Chopin/Ballades/4/Khmara02.mid,Chopin/Ballades/4/midi_score.mid,train,rubato,0.7087334478456915,4.0403787714012385,1.4343345505446339,472
Chopin/Ballades/4/Khmara02.mid,Chopin/Ballades/4/midi_score.mid,train,dynamics,0.04669701371710294,3.517619134593537,0.9694141084362362,472
Chopin/Ballades/4/Khmara02.mid,Chopin/Ballades/4/midi_score.mid,train,articulation,0.49374334968118117,3.875714713144333,1.4554060222279515,472
Chopin/Ballades/4/Khmara02.mid,Chopin/Ballades/4/midi_score.mid,train,pedal_depth,0.47946808333816626,2.598589550049007,0.879424620780164,472
Chopin/Ballades/4/Khmara02.mid,Chopin/Ballades/4/midi_score.mid,train,pedal_down_ratio,0.1724734573719072,1.8411459179290937,0.749269808757751,472
Chopin/Ballades/4/Khmara02.mid,Chopin/Ballades/4/midi_score.mid,train,pedal_changes,0.26521637985613933,3.020015284320765,1.364881810114067,472
Chopin/Ballades/4/Kociuban07M.mid,Chopin/Ballades/4/midi_score.mid,train,tempo,-0.09552577853486371,3.4021872977872514,0.9935052194071451,472
Chopin/Ballades/4/Kociuban07M.mid,Chopin/Ballades/4/midi_score.mid,train,rubato,0.5972964750743595,3.758613830942273,1.0424487625365693,472
Chopin/Ballades/4/Kociuban07M.mid,Chopin/Ballades/4/midi_score.mid,train,dynamics,0.6950904457257682,3.5066662387692875,0.9235309224209508,472
Chopin/Ballades/4/Kociuban07M.mid,Chopin/Ballades/4/midi_score.mid,train,articulation,0.18646745668299738,3.3296596278571657,1.2609592465800339,472
Chopin/Ballades/4/Kociuban07M.mid,Chopin/Ballades/4/midi_score.mid,train,pedal_depth,-1.4933332820601948,3.5402896434505684,1.074749448112376,472
Chopin/Ballades/4/Kociuban07M.mid,Chopin/Ballades/4/midi_score.mid,train,pedal_down_ratio,-0.5298762495298973,3.242672814877056,1.1376693723432185,472
Chopin/Ballades/4/Kociuban07M.mid,Chopin/Ballades/4/midi_score.mid,train,pedal_changes,-0.12534198774023023,3.020015284320765,1.2553153564881805,472
Chopin/Ballades/4/Levitsky18M.mid,Chopin/Ballades/4/midi_score.mid,train,tempo,0.06019670590410415,4.519541293833407,1.1897470933148104,472
Chopin/Ballades/4/Levitsky18M.mid,Chopin/Ballades/4/midi_score.mid,train,rubato,0.8162627745551815,4.614640589789422,1.2642628844430175,472
Chopin/Ballades/4/Levitsky18M.mid,Chopin/Ballades/4/midi_score.mid,train,dynamics,-0.3565204242333775,2.948441464716961,0.9236909578184394,472
Chopin/Ballades/4/Levitsky18M.mid,Chopin/Ballades/4/midi_score.mid,train,articulation,-0.6805542655521785,3.922318287403488,1.5172398363558253,472
Chopin/Ballades/4/Levitsky18M.mid,Chopin/Ballades/4/midi_score.mid,train,pedal_depth,-0.11512242072326935,2.7473928433841355,0.8226256075597819,472
Chopin/Ballades/4/Levitsky18M.mid,Chopin/Ballades/4/midi_score.mid,train,pedal_down_ratio,-0.01830345943010942,2.39666176320822,0.9181510295291988,472
Chopin/Ballades/4/Levitsky18M.mid,Chopin/Ballades/4/midi_score.mid,train,pedal_changes,-0.08901097680103306,2.5885845294177985,0.9655257022090452,472
Chopin/Ballades/4/Lim03.mid,Chopin/Ballades/4/midi_score.mid,train,tempo,0.15489021928635877,3.0118202676603616,0.9881556191782976,472
Chopin/Ballades/4/Lim03.mid,Chopin/Ballades/4/midi_score.mid,train,rubato,0.5373059115351264,3.1089459568174638,1.0422533058760146,472
Chopin/Ballades/4/Lim03.mid,Chopin/Ballades/4/midi_score.mid,train,dynamics,-0.4256960679327509,3.299686706954872,0.9378323170668943,472
Chopin/Ballades/4/Lim03.mid,Chopin/Ballades/4/midi_score.mid,train,articulation,0.3748732729631925,4.5886662838149395,1.407184936776081,472
Chopin/Ballades/4/Lim03.mid,Chopin/Ballades/4/midi_score.mid,train,pedal_depth,-0.4690744205434655,2.704713261533514,0.9109541891402922,472
Chopin/Ballades/4/Lim03.mid,Chopin/Ballades/4/midi_score.mid,train,pedal_down_ratio,-0.5524297220926584,2.838348550320256,1.0635215880497662,472
Chopin/Ballades/4/Lim03.mid,Chopin/Ballades/4/midi_score.mid,train,pedal_changes,0.3760259632206907,3.451446039223731,1.393474822893663,472
Chopin/Ballades/4/LuEric04M.mid,Chopin/Ballades/4/midi_score.mid,train,tempo,-0.21826611715752173,3.4012554932845456,1.0635123910695943,472
Chopin/Ballades/4/LuEric04M.mid,Chopin/Ballades/4/midi_score.mid,train,rubato,0.6246882373816799,3.6002933793348393,1.09771955238883,472
Chopin/Ballades/4/LuEric04M.mid,Chopin/Ballades/4/midi_score.mid,train,dynamics,0.5420437486880096,3.130688890445036,0.9486830077167422,472
Chopin/Ballades/4/LuEric04M.mid,Chopin/Ballades/4/midi_score.mid,train,articulation,-0.6349376614407987,4.228516456864427,1.564184246796921,472
Chopin/Ballades/4/LuEric04M.mid,Chopin/Ballades/4/midi_score.mid,train,pedal_depth,0.3466163763873215,2.157922784606679,0.8710089801663562,472
Chopin/Ballades/4/LuEric04M.mid,Chopin/Ballades/4/midi_score.mid,train,pedal_down_ratio,0.1539089129203681,1.6569554330557001,0.975214591519537,472
Chopin/Ballades/4/LuEric04M.mid,Chopin/Ballades/4/midi_score.mid,train,pedal_changes,-0.0345144603922373,3.451446039223731,1.426477587588368,472
Chopin/Ballades/4/MiyashitaM04M.mid,Chopin/Ballades/4/midi_score.mid,train,tempo,-0.14162629224440726,2.8981231394963793,0.8741524493399294,472
Chopin/Ballades/4/MiyashitaM04M.mid,Chopin/Ballades/4/midi_score.mid,train,rubato,0.5169644365197306,3.0466819146784565,0.9099143522837899,472
Chopin/Ballades/4/MiyashitaM04M.mid,Chopin/Ballades/4/midi_score.mid,train,dynamics,-0.1174344712896646,2.950896156780237,0.8682503070844075,472
Chopin/Ballades/4/MiyashitaM04M.mid,Chopin/Ballades/4/midi_score.mid,train,articulation,-0.3151354883796499,3.515071772963355,1.2845940162777205,472
Chopin/Ballades/4/MiyashitaM04M.mid,Chopin/Ballades/4/midi_score.mid,train,pedal_depth,0.051762522292964755,2.126361967454808,0.6990622317792549,472
Chopin/Ballades/4/MiyashitaM04M.mid,Chopin/Ballades/4/midi_score.mid,train,pedal_down_ratio,0.05703158284996339,1.5651687435695165,0.8175436192299463,472
Chopin/Ballades/4/MiyashitaM04M.mid,Chopin/Ballades/4/midi_score.mid,train,pedal_changes,0.18347160524294573,2.718013755888687,1.257825995881556,472
Chopin/Ballades/4/Mizumoto02M.mid,Chopin/Ballades/4/midi_score.mid,train,tempo,-0.1935719034386968,3.540386075416838,1.099631019408324,472
Chopin/Ballades/4/Mizumoto02M.mid,Chopin/Ballades/4/midi_score.mid,train,rubato,0.6454175243213723,3.7582966953300803,1.144076295652279,472
Chopin/Ballades/4/Mizumoto02M.mid,Chopin/Ballades/4/midi_score.mid,train,dynamics,-0.34991886986294324,3.464070099397319,1.0094809469500354,472
Chopin/Ballades/4/Mizumoto02M.mid,Chopin/Ballades/4/midi_score.mid,train,articulation,-0.35967802155408585,4.467306804795777,1.7512532576815185,472
Chopin/Ballades/4/Mizumoto02M.mid,Chopin/Ballades/4/midi_score.mid,train,pedal_depth,-0.10305554210990446,2.713468364589361,0.854739456686971,472
Chopin/Ballades/4/Mizumoto02M.mid,Chopin/Ballades/4/midi_score.mid,train,pedal_down_ratio,-0.14666681635246917,1.7157156514856813,0.9984463925391669,472
Chopin/Ballades/4/Mizumoto02M.mid,Chopin/Ballades/4/midi_score.mid,train,pedal_changes,0.09991028008279222,2.718013755888687,1.2183299181877258,472
Chopin/Ballades/4/Nikiforov13M.mid,Chopin/Ballades/4/midi_score.mid,train,tempo,0.19823196420052386,2.737835348762888,0.9172767430380382,472
Chopin/Ballades/4/Nikiforov13M.mid,Chopin/Ballades/4/midi_score.mid,train,rubato,0.5748482051523945,3.0136298750856354,0.9605103811057213,472
Chopin/Ballades/4/Nikiforov13M.mid,Chopin/Ballades/4/midi_score.mid,train,dynamics,-0.4503015784008222,2.843170896467469,0.934157921467557,472
Chopin/Ballades/4/Nikiforov13M.mid,Chopin/Ballades/4/midi_score.mid,train,articulation,-0.6261375122848897,3.626154480001019,1.4083681323012962,472
Chopin/Ballades/4/Nikiforov13M.mid,Chopin/Ballades/4/midi_score.mid,train,pedal_depth,-0.11374688870318886,2.137277518617132,0.8183109557628826,472
Chopin/Ballades/4/Nikiforov13M.mid,Chopin/Ballades/4/midi_score.mid,train,pedal_down_ratio,-0.020856125673601303,2.0987556790925668,1.029609258300246,472
Chopin/Ballades/4/Nikiforov13M.mid,Chopin/Ballades/4/midi_score.mid,train,pedal_changes,0.05267996586183588,3.451446039223731,1.4275829567846114,472
Chopin/Ballades/4/SOLOM05.mid,Chopin/Ballades/4/midi_score.mid,train,tempo,-0.2852968251746223,4.446721576037579,1.3855894633030252,472
Chopin/Ballades/4/SOLOM05.mid,Chopin/Ballades/4/midi_score.mid,train,rubato,0.8166716271503148,4.5158204273856,1.4318859591605548,472
Chopin/Ballades/4/SOLOM05.mid,Chopin/Ballades/4/midi_score.mid,train,dynamics,-0.707971997831941,3.288450815506109,1.091267659652357,472
Chopin/Ballades/4/SOLOM05.mid,Chopin/Ballades/4/midi_score.mid,train,articulation,-0.04313551679568748,4.442365027486407,1.3850139246789301,472
Chopin/Ballades/4/SOLOM05.mid,Chopin/Ballades/4/midi_score.mid,train,pedal_depth,-0.2408684789040372,2.7307059561139515,0.9136464563440677,472
Chopin/Ballades/4/SOLOM05.mid,Chopin/Ballades/4/midi_score.mid,train,pedal_down_ratio,-0.3099725533456478,2.745437690847712,1.2999985976344521,472
Chopin/Ballades/4/SOLOM05.mid,Chopin/Ballades/4/midi_score.mid,train,pedal_changes,-0.28883153696661756,2.5885845294177985,1.2209166043848518,472
Chopin/Ballades/4/Yang03.mid,Chopin/Ballades/4/midi_score.mid,train,tempo,-0.39259982561724655,3.826317679421572,1.1469774374866464,472
Chopin/Ballades/4/Yang03.mid,Chopin/Ballades/4/midi_score.mid,train,rubato,0.7607253034217432,3.9653910854093493,1.2117178963024822,472
Chopin/Ballades/4/Yang03.mid,Chopin/Ballades/4/midi_score.mid,train,dynamics,0.7159892401012324,3.7270337606134083,1.102090132119803,472
Chopin/Ballades/4/Yang03.mid,Chopin/Ballades/4/midi_score.mid,train,articulation,0.03796341132989182,3.7042311713749685,1.388259087015134,472
Chopin/Ballades/4/Yang03.mid,Chopin/Ballades/4/midi_score.mid,train,pedal_depth,-0.20542688112912869,2.722324750333934,0.8342032504732948,472
Chopin/Ballades/4/Yang03.mid,Chopin/Ballades/4/midi_score.mid,train,pedal_down_ratio,0.20054210117015306,1.4809758012939986,0.7264882771497779,472
Chopin/Ballades/4/Yang03.mid,Chopin/Ballades/4/midi_score.mid,train,pedal_changes,0.007266202187839429,3.451446039223731,1.4352966972085262,472
Chopin/Ballades/4/ZhangX02.mid,Chopin/Ballades/4/midi_score.mid,train,tempo,-0.8226349712921678,4.696343596099915,1.6840572740321336,472
Chopin/Ballades/4/ZhangX02.mid,Chopin/Ballades/4/midi_score.mid,train,rubato,0.8760056784904817,5.014348010353854,1.7589664672640875,472
Chopin/Ballades/4/ZhangX02.mid,Chopin/Ballades/4/midi_score.mid,train,dynamics,-0.5823192846709294,3.3731612005559484,1.1666000405824313,472
Chopin/Ballades/4/ZhangX02.mid,Chopin/Ballades/4/midi_score.mid,train,articulation,0.013386298228205834,3.9512878798863103,1.9249669716012539,472
Chopin/Ballades/4/ZhangX02.mid,Chopin/Ballades/4/midi_score.mid,train,pedal_depth,0.1745147320032193,3.071441612305428,1.070390614591128,472
Chopin/Ballades/4/ZhangX02.mid,Chopin/Ballades/4/midi_score.mid,train,pedal_down_ratio,0.19173970319782227,1.8660016858417094,1.0772256805570675,472
Chopin/Ballades/4/ZhangX02.mid,Chopin/Ballades/4/midi_score.mid,train,pedal_changes,-0.07811167351927391,3.451446039223731,1.3809668208028942,472
Chopin/Barcarolle/Kociuban13.mid,Chopin/Barcarolle/midi_score.mid,train,tempo,0.5330888152026247,3.551923060112199,1.9443803901411005,454
Chopin/Barcarolle/Kociuban13.mid,Chopin/Barcarolle/midi_score.mid,train,rubato,0.6279015170496041,4.029471895356742,2.0507472586869224,454
Chopin/Barcarolle/Kociuban13.mid,Chopin/Barcarolle/midi_score.mid,train,dynamics,0.6438281749077424,3.760983432519222,1.0273274207524534,454
Chopin/Barcarolle/Kociuban13.mid,Chopin/Barcarolle/midi_score.mid,train,articulation,0.07566414473420294,4.530231501777356,1.9329166702556886,454
Chopin/Barcarolle/Kociuban13.mid,Chopin/Barcarolle/midi_score.mid,train,pedal_depth,-0.6832049187232413,3.0943452219174405,1.1449438906645149,454
Chopin/Barcarolle/Kociuban13.mid,Chopin/Barcarolle/midi_score.mid,train,pedal_down_ratio,-0.093495010046587,1.9709365953968785,0.9746568255446451,454
Chopin/Barcarolle/Kociuban13.mid,Chopin/Barcarolle/midi_score.mid,train,pedal_changes,-0.06098397363485194,3.9900942749660273,1.2752554319100613,454
Chopin/Barcarolle/LeeSH05M.mid,Chopin/Barcarolle/midi_score.mid,train,tempo,-0.308286397437852,4.119479919450168,1.4333210437833435,454
Chopin/Barcarolle/LeeSH05M.mid,Chopin/Barcarolle/midi_score.mid,train,rubato,0.7299938914944029,4.5299937783427335,1.560618345905861,454
Chopin/Barcarolle/LeeSH05M.mid,Chopin/Barcarolle/midi_score.mid,train,dynamics,-0.4267580189274128,3.762385594481511,1.1058332491403993,454
Chopin/Barcarolle/LeeSH05M.mid,Chopin/Barcarolle/midi_score.mid,train,articulation,-0.2229933507102946,4.102408328806538,1.7424395302554483,454
Chopin/Barcarolle/LeeSH05M.mid,Chopin/Barcarolle/midi_score.mid,train,pedal_depth,0.39288311372611745,2.76191807256346,1.084426979196774,454
Chopin/Barcarolle/LeeSH05M.mid,Chopin/Barcarolle/midi_score.mid,train,pedal_down_ratio,-0.15039642697913,1.9525061302138076,0.9294655197401813,454
Chopin/Barcarolle/LeeSH05M.mid,Chopin/Barcarolle/midi_score.mid,train,pedal_changes,0.19819791431326883,2.9925707062245204,1.2889314844829407,454
Chopin/Barcarolle/Na03.mid,Chopin/Barcarolle/midi_score.mid,train,tempo,0.286651665763363,4.103727286216197,1.304253759624494,454
Chopin/Barcarolle/Na03.mid,Chopin/Barcarolle/midi_score.mid,train,rubato,0.7294909666881948,4.413877489050991,1.427608188421698,454
Chopin/Barcarolle/Na03.mid,Chopin/Barcarolle/midi_score.mid,train,dynamics,-0.5741426026145678,3.941043469526483,1.0731850124782247,454
Chopin/Barcarolle/Na03.mid,Chopin/Barcarolle/midi_score.mid,train,articulation,0.5424396052728553,3.5515039597869764,1.5131428218493863,454
Chopin/Barcarolle/Na03.mid,Chopin/Barcarolle/midi_score.mid,train,pedal_depth,-0.08593930068290102,2.137457503253973,0.7152424567492187,454
Chopin/Barcarolle/Na03.mid,Chopin/Barcarolle/midi_score.mid,train,pedal_down_ratio,-0.046804515935657424,1.5175266275621129,0.8940355002935587,454
Chopin/Barcarolle/Na03.mid,Chopin/Barcarolle/midi_score.mid,train,pedal_changes,-0.08711996233550279,2.9925707062245204,1.1778692510910413,454
Chopin/Barcarolle/Na09M.mid,Chopin/Barcarolle/midi_score.mid,train,tempo,0.1735213060315299,4.3621879391999325,1.402003776882328,454
Chopin/Barcarolle/Na09M.mid,Chopin/Barcarolle/midi_score.mid,train,rubato,0.6215210276594214,4.7016208592937465,1.509230417919392,454
Chopin/Barcarolle/Na09M.mid,Chopin/Barcarolle/midi_score.mid,train,dynamics,-0.1516948809696572,4.109357150990815,1.0804366576759101,454
Chopin/Barcarolle/Na09M.mid,Chopin/Barcarolle/midi_score.mid,train,articulation,0.7659631937668643,3.6652753539160114,1.4050299842451486,454
Chopin/Barcarolle/Na09M.mid,Chopin/Barcarolle/midi_score.mid,train,pedal_depth,-0.6895840400976648,2.6490782654172205,0.8254426400775784,454
Chopin/Barcarolle/Na09M.mid,Chopin/Barcarolle/midi_score.mid,train,pedal_down_ratio,-0.2717930838887347,1.6521384646539738,0.9401145072040236,454
Chopin/Barcarolle/Na09M.mid,Chopin/Barcarolle/midi_score.mid,train,pedal_changes,0.08711996233550279,2.9925707062245204,1.0634573574797368,454
Chopin/Barcarolle/Ozel10M.mid,Chopin/Barcarolle/midi_score.mid,train,tempo,-0.04777250155222157,3.185326670937835,1.1820641738987665,454
Chopin/Barcarolle/Ozel10M.mid,Chopin/Barcarolle/midi_score.mid,train,rubato,0.61503341194828,3.3958077825609276,1.264694821825141,454
Chopin/Barcarolle/Ozel10M.mid,Chopin/Barcarolle/midi_score.mid,train,dynamics,-0.34898192506007897,3.5748818331658034,1.0893523725412435,454
Chopin/Barcarolle/Ozel10M.mid,Chopin/Barcarolle/midi_score.mid,train,articulation,-0.6783779196931877,4.768760540840239,1.8523985336417619,454
Chopin/Barcarolle/Ozel10M.mid,Chopin/Barcarolle/midi_score.mid,train,pedal_depth,-0.06897729240350538,3.029151604677731,0.878721576379463,454
Chopin/Barcarolle/Ozel10M.mid,Chopin/Barcarolle/midi_score.mid,train,pedal_down_ratio,-0.33334597132862753,1.8261776542178678,1.0371829312948209,454
Chopin/Barcarolle/Ozel10M.mid,Chopin/Barcarolle/midi_score.mid,train,pedal_changes,0.21126590866359424,2.9925707062245204,1.2118046949807366,454
Chopin/Barcarolle/Park10M.mid,Chopin/Barcarolle/midi_score.mid,train,tempo,-0.6442729962295649,3.695588860671637,1.3818276822676354,454
Chopin/Barcarolle/Park10M.mid,Chopin/Barcarolle/midi_score.mid,train,rubato,0.5720003508801489,4.119343473227671,1.498606567574742,454
Chopin/Barcarolle/Park10M.mid,Chopin/Barcarolle/midi_score.mid,train,dynamics,0.4904786544835991,3.5961430964317564,1.058181981574571,454
Chopin/Barcarolle/Park10M.mid,Chopin/Barcarolle/midi_score.mid,train,articulation,-0.5434903127912425,4.386625706015588,1.7153581162329288,454
Chopin/Barcarolle/Park10M.mid,Chopin/Barcarolle/midi_score.mid,train,pedal_depth,0.21525506699307442,3.297690634997362,0.8916327088680518,454
Chopin/Barcarolle/Park10M.mid,Chopin/Barcarolle/midi_score.mid,train,pedal_down_ratio,0.22398678823552967,1.6012001769359627,0.9925536385759345,454
Chopin/Barcarolle/Park10M.mid,Chopin/Barcarolle/midi_score.mid,train,pedal_changes,-0.20473191148843153,3.9900942749660273,1.3175218314040824,454
Chopin/Barcarolle/Rozanski07M.mid,Chopin/Barcarolle/midi_score.mid,train,tempo,-0.8155521877751781,4.717303821332184,1.7399672113852163,454
Chopin/Barcarolle/Rozanski07M.mid,Chopin/Barcarolle/midi_score.mid,train,rubato,0.8130675503838213,5.297185745255476,1.8646112088866202,454
Chopin/Barcarolle/Rozanski07M.mid,Chopin/Barcarolle/midi_score.mid,train,dynamics,0.21905103537677806,3.7465596499201514,1.1105160053655392,454
Chopin/Barcarolle/Rozanski07M.mid,Chopin/Barcarolle/midi_score.mid,train,articulation,-0.20198662932004144,4.178620228378385,2.028049669274828,454
Chopin/Barcarolle/Rozanski07M.mid,Chopin/Barcarolle/midi_score.mid,train,pedal_depth,0.4371548230445513,2.540399406797521,0.7626309043978862,454
Chopin/Barcarolle/Rozanski07M.mid,Chopin/Barcarolle/midi_score.mid,train,pedal_down_ratio,0.6322709039764289,1.885941155900088,0.9755427063150723,454
Chopin/Barcarolle/Rozanski07M.mid,Chopin/Barcarolle/midi_score.mid,train,pedal_changes,-0.6860697033920843,2.9925707062245204,1.382462857223574,454
Chopin/Barcarolle/Verbaite03.mid,Chopin/Barcarolle/midi_score.mid,train,tempo,-0.06984311541204229,4.052529476285602,1.3241604924839132,454
Chopin/Barcarolle/Verbaite03.mid,Chopin/Barcarolle/midi_score.mid,train,rubato,0.6983364556693868,4.177628682329171,1.4471377557433476,454
Chopin/Barcarolle/Verbaite03.mid,Chopin/Barcarolle/midi_score.mid,train,dynamics,0.1329519493871144,4.555442882415415,1.1757226408777401,454
Chopin/Barcarolle/Verbaite03.mid,Chopin/Barcarolle/midi_score.mid,train,articulation,-0.14392641584081833,4.746813311445786,1.9497387899368575,454
Chopin/Barcarolle/Verbaite03.mid,Chopin/Barcarolle/midi_score.mid,train,pedal_depth,-0.2193220477688388,2.81781925353837,0.890799404803981,454
Chopin/Barcarolle/Verbaite03.mid,Chopin/Barcarolle/midi_score.mid,train,pedal_down_ratio,0.0027075231834379266,1.6341262521765414,0.8042171274388953,454
Chopin/Barcarolle/Verbaite03.mid,Chopin/Barcarolle/midi_score.mid,train,pedal_changes,0.23086790018908235,2.9925707062245204,1.3848389051364,454
Chopin/Barcarolle/Wilshire04.mid,Chopin/Barcarolle/midi_score.mid,train,tempo,0.2594257842011066,4.234194348525103,1.252607931941168,454
Chopin/Barcarolle/Wilshire04.mid,Chopin/Barcarolle/midi_score.mid,train,rubato,0.709495552491625,4.558551186667442,1.3131176103828819,454
Chopin/Barcarolle/Wilshire04.mid,Chopin/Barcarolle/midi_score.mid,train,dynamics,-0.09140649176051398,3.4222608182437972,0.982770749044861,454
Chopin/Barcarolle/Wilshire04.mid,Chopin/Barcarolle/midi_score.mid,train,articulation,-0.44307437487688134,3.588478363756098,1.578102143700629,454
Chopin/Barcarolle/Wilshire04.mid,Chopin/Barcarolle/midi_score.mid,train,pedal_depth,-0.6000571682730682,2.6739839580263634,0.7771200410494852,454
Chopin/Barcarolle/Wilshire04.mid,Chopin/Barcarolle/midi_score.mid,train,pedal_down_ratio,-0.17648841808139062,1.6691301554858031,0.9304974615499749,454
Chopin/Barcarolle/Wilshire04.mid,Chopin/Barcarolle/midi_score.mid,train,pedal_changes,0.40510782486008795,3.9900942749660273,1.5356822631608165,454
Chopin/Etudes_op_10/1/Avdeeva02.mid,Chopin/Etudes_op_10/1/midi_score.mid,train,tempo,-0.3105890236983167,2.757027525242535,1.0791694919602146,307
Chopin/Etudes_op_10/1/Avdeeva02.mid,Chopin/Etudes_op_10/1/midi_score.mid,train,rubato,0.5274589363497104,4.040947650119544,1.4407090141440377,307
Chopin/Etudes_op_10/1/Avdeeva02.mid,Chopin/Etudes_op_10/1/midi_score.mid,train,dynamics,0.14949922897086962,2.3778475822182816,0.8215350801466903,307
Chopin/Etudes_op_10/1/Avdeeva02.mid,Chopin/Etudes_op_10/1/midi_score.mid,train,articulation,0.2623910213090193,3.1479529737976413,1.2414210274906008,307
Chopin/Etudes_op_10/1/Avdeeva02.mid,Chopin/Etudes_op_10/1/midi_score.mid,train,pedal_depth,0.007672289599100379,3.1466101972657574,1.2248222932248138,307
Chopin/Etudes_op_10/1/Avdeeva02.mid,Chopin/Etudes_op_10/1/midi_score.mid,train,pedal_down_ratio,0.02183742677586043,2.922857215428748,1.1888821897380522,307
Chopin/Etudes_op_10/1/Avdeeva02.mid,Chopin/Etudes_op_10/1/midi_score.mid,train,pedal_changes,0.0036017092289508984,4.466119443899107,2.362079476335425,307
Chopin/Etudes_op_10/1/ChenW03M.mid,Chopin/Etudes_op_10/1/midi_score.mid,train,tempo,-0.17418360950216374,2.833021696643733,1.185197422706336,307
Chopin/Etudes_op_10/1/ChenW03M.mid,Chopin/Etudes_op_10/1/midi_score.mid,train,rubato,0.5431668188881389,4.010274803565829,1.6670086180987904,307
Chopin/Etudes_op_10/1/ChenW03M.mid,Chopin/Etudes_op_10/1/midi_score.mid,train,dynamics,0.2923221909196543,4.197835098786136,1.2473123673655484,307
Chopin/Etudes_op_10/1/ChenW03M.mid,Chopin/Etudes_op_10/1/midi_score.mid,train,articulation,0.8387674631967075,3.830045155104326,1.4722581552397886,307
Chopin/Etudes_op_10/1/ChenW03M.mid,Chopin/Etudes_op_10/1/midi_score.mid,train,pedal_depth,-0.11366185388111508,2.5256095857814507,0.9041772954145106,307
Chopin/Etudes_op_10/1/ChenW03M.mid,Chopin/Etudes_op_10/1/midi_score.mid,train,pedal_down_ratio,-0.20789873836881234,2.7014346087705676,1.111165332841452,307
Chopin/Etudes_op_10/1/ChenW03M.mid,Chopin/Etudes_op_10/1/midi_score.mid,train,pedal_changes,-0.12605982301328122,2.2330597219495534,1.8358626497273427,307
Chopin/Etudes_op_10/1/HSU02.mid,Chopin/Etudes_op_10/1/midi_score.mid,train,tempo,0.6851765798488448,4.003247367841189,1.7243084556479853,307
Chopin/Etudes_op_10/1/HSU02.mid,Chopin/Etudes_op_10/1/midi_score.mid,train,rubato,0.861008020748834,5.435090375213154,2.2970207972542935,307
Chopin/Etudes_op_10/1/HSU02.mid,Chopin/Etudes_op_10/1/midi_score.mid,train,dynamics,-0.5376644427071785,3.8589837886681275,1.3564542804437696,307
Chopin/Etudes_op_10/1/HSU02.mid,Chopin/Etudes_op_10/1/midi_score.mid,train,articulation,1.1156911340059201,3.367404432491636,1.5095127211664472,307
Chopin/Etudes_op_10/1/HSU02.mid,Chopin/Etudes_op_10/1/midi_score.mid,train,pedal_depth,-0.7693674202640987,3.301504173697189,1.6003611191626772,307
Chopin/Etudes_op_10/1/HSU02.mid,Chopin/Etudes_op_10/1/midi_score.mid,train,pedal_down_ratio,-0.7160450108981186,3.435160800257572,1.816607920590334,307
Chopin/Etudes_op_10/1/HSU02.mid,Chopin/Etudes_op_10/1/midi_score.mid,train,pedal_changes,0.17648375221859375,4.466119443899107,2.0688139938890235,307
Chopin/Etudes_op_10/1/ISHIDA04.mid,Chopin/Etudes_op_10/1/midi_score.mid,train,tempo,-0.5156312345482406,2.8954815362753896,1.1254965218652482,307
Chopin/Etudes_op_10/1/ISHIDA04.mid,Chopin/Etudes_op_10/1/midi_score.mid,train,rubato,0.5991418500911263,4.120812343390082,1.4997939644353835,307
Chopin/Etudes_op_10/1/ISHIDA04.mid,Chopin/Etudes_op_10/1/midi_score.mid,train,dynamics,-0.24931914965754529,3.5375204985542057,1.215476887628794,307
Chopin/Etudes_op_10/1/ISHIDA04.mid,Chopin/Etudes_op_10/1/midi_score.mid,train,articulation,-0.011153515902563136,2.7299951922378867,1.2624592361247786,307
Chopin/Etudes_op_10/1/ISHIDA04.mid,Chopin/Etudes_op_10/1/midi_score.mid,train,pedal_depth,-0.8580203702988093,2.454383827386769,1.003725719818923,307
Chopin/Etudes_op_10/1/ISHIDA04.mid,Chopin/Etudes_op_10/1/midi_score.mid,train,pedal_down_ratio,-0.39876031833612763,2.0558386298077465,1.118185392851577,307
Chopin/Etudes_op_10/1/ISHIDA04.mid,Chopin/Etudes_op_10/1/midi_score.mid,train,pedal_changes,0.21250084450810267,2.2330597219495534,1.589265047489618,307
Chopin/Etudes_op_10/1/Jussow03.mid,Chopin/Etudes_op_10/1/midi_score.mid,train,tempo,0.5386220879176524,3.4592704058947454,1.2557099931020392,307
Chopin/Etudes_op_10/1/Jussow03.mid,Chopin/Etudes_op_10/1/midi_score.mid,train,rubato,0.8261015514060884,4.71928267780162,1.7078931250916627,307
Chopin/Etudes_op_10/1/Jussow03.mid,Chopin/Etudes_op_10/1/midi_score.mid,train,dynamics,-0.42594312245538396,4.046543074264649,1.224935169441703,307
Chopin/Etudes_op_10/1/Jussow03.mid,Chopin/Etudes_op_10/1/midi_score.mid,train,articulation,-0.5654490883954192,4.778267229407458,1.890757580433926,307
Chopin/Etudes_op_10/1/Jussow03.mid,Chopin/Etudes_op_10/1/midi_score.mid,train,pedal_depth,-0.13503550812662912,1.7766803241477644,0.7652113672269142,307
Chopin/Etudes_op_10/1/Jussow03.mid,Chopin/Etudes_op_10/1/midi_score.mid,train,pedal_down_ratio,-0.1532700960471748,1.8249554156484906,0.7727301225188168,307
Chopin/Etudes_op_10/1/Jussow03.mid,Chopin/Etudes_op_10/1/midi_score.mid,train,pedal_changes,-0.03961880151845982,0.614091423536126,1.3814973899162952,307
Chopin/Etudes_op_10/1/KaiRuiR03M.mid,Chopin/Etudes_op_10/1/midi_score.mid,train,tempo,-0.8646196169627631,3.060720392296231,1.239066055214842,307
Chopin/Etudes_op_10/1/KaiRuiR03M.mid,Chopin/Etudes_op_10/1/midi_score.mid,train,rubato,0.5401840396666648,4.211013703263836,1.7113422382944985,307
Chopin/Etudes_op_10/1/KaiRuiR03M.mid,Chopin/Etudes_op_10/1/midi_score.mid,train,dynamics,0.37241766024913225,2.4606199105389726,0.9037306177380863,307
Chopin/Etudes_op_10/1/KaiRuiR03M.mid,Chopin/Etudes_op_10/1/midi_score.mid,train,articulation,-0.1869578691293485,2.9222453648000064,1.1124665194877883,307
Chopin/Etudes_op_10/1/KaiRuiR03M.mid,Chopin/Etudes_op_10/1/midi_score.mid,train,pedal_depth,0.1359074923496424,1.4863029811083939,0.6441992889607425,307
Chopin/Etudes_op_10/1/KaiRuiR03M.mid,Chopin/Etudes_op_10/1/midi_score.mid,train,pedal_down_ratio,0.1337922661577188,1.2740102861332399,0.6331844670134179,307
Chopin/Etudes_op_10/1/KaiRuiR03M.mid,Chopin/Etudes_op_10/1/midi_score.mid,train,pedal_changes,-0.0468222199763616,0.0,1.212426515716912,307
Chopin/Etudes_op_10/1/LeeHanchien02.mid,Chopin/Etudes_op_10/1/midi_score.mid,train,tempo,-0.2841115662425074,3.957405979491318,1.5264614511440076,307
Chopin/Etudes_op_10/1/LeeHanchien02.mid,Chopin/Etudes_op_10/1/midi_score.mid,train,rubato,0.80049967579535,5.640930585579076,2.1513830945984322,307
Chopin/Etudes_op_10/1/LeeHanchien02.mid,Chopin/Etudes_op_10/1/midi_score.mid,train,dynamics,-0.39155129697355007,2.4013343140214856,0.8288999814120507,307
Chopin/Etudes_op_10/1/LeeHanchien02.mid,Chopin/Etudes_op_10/1/midi_score.mid,train,articulation,-1.2000405781917618,4.4921774806552,1.891990151288029,307
Chopin/Etudes_op_10/1/LeeHanchien02.mid,Chopin/Etudes_op_10/1/midi_score.mid,train,pedal_depth,0.0685133222924099,1.5571240739198753,0.6009901867545586,307
Chopin/Etudes_op_10/1/LeeHanchien02.mid,Chopin/Etudes_op_10/1/midi_score.mid,train,pedal_down_ratio,0.08846996807994947,1.5163269839157592,0.6181477270588586,307
Chopin/Etudes_op_10/1/LeeHanchien02.mid,Chopin/Etudes_op_10/1/midi_score.mid,train,pedal_changes,0.06122905689216517,2.2330597219495534,1.2191066000153523,307
Chopin/Etudes_op_10/1/LiYZ02M.mid,Chopin/Etudes_op_10/1/midi_score.mid,train,tempo,-0.05199319425422685,2.21541905874742,0.8894608100611492,307
Chopin/Etudes_op_10/1/LiYZ02M.mid,Chopin/Etudes_op_10/1/midi_score.mid,train,rubato,0.49578244826367646,2.9582324684438097,1.1713068962367676,307
Chopin/Etudes_op_10/1/LiYZ02M.mid,Chopin/Etudes_op_10/1/midi_score.mid,train,dynamics,1.0603423603790072,2.6963571075266772,0.9824392418246642,307
Chopin/Etudes_op_10/1/LiYZ02M.mid,Chopin/Etudes_op_10/1/midi_score.mid,train,articulation,0.09116928602957243,3.555892168611856,1.387105488225833,307
Chopin/Etudes_op_10/1/LiYZ02M.mid,Chopin/Etudes_op_10/1/midi_score.mid,train,pedal_depth,-0.05051924401506343,1.2304684560688282,0.7387149034940099,307
Chopin/Etudes_op_10/1/LiYZ02M.mid,Chopin/Etudes_op_10/1/midi_score.mid,train,pedal_down_ratio,-0.16930067691064715,1.1225486189811125,0.8366932252590205,307
Chopin/Etudes_op_10/1/LiYZ02M.mid,Chopin/Etudes_op_10/1/midi_score.mid,train,pedal_changes,0.07563589380796874,0.6140914235361399,1.3336387188540875,307
Chopin/Etudes_op_10/1/Mikhailoff05.mid,Chopin/Etudes_op_10/1/midi_score.mid,train,tempo,0.42924832653235306,2.7770902979037237,1.0895399331721562,307
Chopin/Etudes_op_10/1/Mikhailoff05.mid,Chopin/Etudes_op_10/1/midi_score.mid,train,rubato,0.5914557891496524,3.664992361088703,1.4129685858638095,307
Chopin/Etudes_op_10/1/Mikhailoff05.mid,Chopin/Etudes_op_10/1/midi_score.mid,train,dynamics,-0.570885123107959,3.038085709574986,1.1200352310450896,307
Chopin/Etudes_op_10/1/Mikhailoff05.mid,Chopin/Etudes_op_10/1/midi_score.mid,train,articulation,-0.27572660938852783,3.1289089953758085,1.1368811110605144,307
Chopin/Etudes_op_10/1/Mikhailoff05.mid,Chopin/Etudes_op_10/1/midi_score.mid,train,pedal_depth,-0.32956573160241304,2.277399098632599,1.1822259597925988,307
Chopin/Etudes_op_10/1/Mikhailoff05.mid,Chopin/Etudes_op_10/1/midi_score.mid,train,pedal_down_ratio,-0.3833499617804234,2.0478312120025897,1.4124774537847675,307
Chopin/Etudes_op_10/1/Mikhailoff05.mid,Chopin/Etudes_op_10/1/midi_score.mid,train,pedal_changes,0.010805127686852684,4.466119443899107,1.8967845378228156,307
Chopin/Etudes_op_10/1/MorozovS02.mid,Chopin/Etudes_op_10/1/midi_score.mid,train,tempo,-0.09413519340870953,2.8755685058147167,1.0964688053797793,307
Chopin/Etudes_op_10/1/MorozovS02.mid,Chopin/Etudes_op_10/1/midi_score.mid,train,rubato,0.8617129928706806,3.920403733988159,1.5150545393435468,307
Chopin/Etudes_op_10/1/MorozovS02.mid,Chopin/Etudes_op_10/1/midi_score.mid,train,dynamics,0.10796397353967478,2.6359339769902315,0.9659072367543885,307
Chopin/Etudes_op_10/1/MorozovS02.mid,Chopin/Etudes_op_10/1/midi_score.mid,train,articulation,-0.8889963355239747,3.9934349962284537,1.6386286931038254,307
Chopin/Etudes_op_10/1/MorozovS02.mid,Chopin/Etudes_op_10/1/midi_score.mid,train,pedal_depth,-0.013475190741406374,1.3684698872102536,0.6123998265075657,307
Chopin/Etudes_op_10/1/MorozovS02.mid,Chopin/Etudes_op_10/1/midi_score.mid,train,pedal_down_ratio,-0.062264565570446136,1.2292336190601567,0.6722015663825037,307
Chopin/Etudes_op_10/1/MorozovS02.mid,Chopin/Etudes_op_10/1/midi_score.mid,train,pedal_changes,0.010805127686852678,0.0,1.2124265135713657,307
Chopin/Etudes_op_10/1/MunA07M.mid,Chopin/Etudes_op_10/1/midi_score.mid,train,tempo,0.8745981049022079,3.5327496153762397,1.4581464233821309,307
Chopin/Etudes_op_10/1/MunA07M.mid,Chopin/Etudes_op_10/1/midi_score.mid,train,rubato,0.7728898335872174,4.667943593854661,1.9730390419304467,307
Chopin/Etudes_op_10/1/MunA07M.mid,Chopin/Etudes_op_10/1/midi_score.mid,train,dynamics,0.19714162466324112,3.5991002813284156,1.3016932768442828,307
Chopin/Etudes_op_10/1/MunA07M.mid,Chopin/Etudes_op_10/1/midi_score.mid,train,articulation,-0.15338594875197678,4.068141138955006,1.6626894995915351,307
Chopin/Etudes_op_10/1/MunA07M.mid,Chopin/Etudes_op_10/1/midi_score.mid,train,pedal_depth,-0.25481644074908144,2.542897385736282,1.181664968935935,307
Chopin/Etudes_op_10/1/MunA07M.mid,Chopin/Etudes_op_10/1/midi_score.mid,train,pedal_down_ratio,-0.3322699534676677,2.5919002741736725,1.2154974225994521,307
Chopin/Etudes_op_10/1/MunA07M.mid,Chopin/Etudes_op_10/1/midi_score.mid,train,pedal_changes,0.0036017092289508897,4.466119443899107,1.3756061162103639,307
Chopin/Etudes_op_10/1/NAKAJI02.mid,Chopin/Etudes_op_10/1/midi_score.mid,train,tempo,-1.5545351515105479,3.0034027323555006,1.3004832510361324,307
Chopin/Etudes_op_10/1/NAKAJI02.mid,Chopin/Etudes_op_10/1/midi_score.mid,train,rubato,0.7933374367690599,3.8494659396052056,1.674867993934632,307
Chopin/Etudes_op_10/1/NAKAJI02.mid,Chopin/Etudes_op_10/1/midi_score.mid,train,dynamics,-0.9736048518062745,2.9388525948623077,0.9152139211349951,307
Chopin/Etudes_op_10/1/NAKAJI02.mid,Chopin/Etudes_op_10/1/midi_score.mid,train,articulation,-0.12354497889893433,3.240977798665999,1.1114251683891763,307
Chopin/Etudes_op_10/1/NAKAJI02.mid,Chopin/Etudes_op_10/1/midi_score.mid,train,pedal_depth,-0.04437291589490976,1.7237662115866499,0.640331060990211,307
Chopin/Etudes_op_10/1/NAKAJI02.mid,Chopin/Etudes_op_10/1/midi_score.mid,train,pedal_down_ratio,-0.03539698409977626,1.671586068802092,0.6766065231669706,307
Chopin/Etudes_op_10/1/NAKAJI02.mid,Chopin/Etudes_op_10/1/midi_score.mid,train,pedal_changes,0.07563589380796874,2.2330597219495534,1.1989546897320464,307
Chopin/Etudes_op_10/1/Park02.mid,Chopin/Etudes_op_10/1/midi_score.mid,train,tempo,-0.21849817375501981,3.193942971473847,1.1376338167425921,307
Chopin/Etudes_op_10/1/Park02.mid,Chopin/Etudes_op_10/1/midi_score.mid,train,rubato,0.5988082053730072,4.388034039463009,1.529333179072507,307
Chopin/Etudes_op_10/1/Park02.mid,Chopin/Etudes_op_10/1/midi_score.mid,train,dynamics,-0.21390727469489984,2.786222295024401,0.8840839174581518,307
Chopin/Etudes_op_10/1/Park02.mid,Chopin/Etudes_op_10/1/midi_score.mid,train,articulation,-0.9111594169763176,3.8516853442703076,1.5786386435878088,307
Chopin/Etudes_op_10/1/Park02.mid,Chopin/Etudes_op_10/1/midi_score.mid,train,pedal_depth,-0.7685830908065587,6.032099234231998,1.6162198447869982,307
Chopin/Etudes_op_10/1/Park02.mid,Chopin/Etudes_op_10/1/midi_score.mid,train,pedal_down_ratio,-0.764112096854363,7.403896110951337,1.6892849347778316,307
Chopin/Etudes_op_10/1/Park02.mid,Chopin/Etudes_op_10/1/midi_score.mid,train,pedal_changes,0.06843247535006697,4.466119443899107,1.8967845378228156,307
Chopin/Etudes_op_10/1/Savitski03.mid,Chopin/Etudes_op_10/1/midi_score.mid,train,tempo,-0.3434981735450837,2.696759990510993,1.088283199793486,307
Chopin/Etudes_op_10/1/Savitski03.mid,Chopin/Etudes_op_10/1/midi_score.mid,train,rubato,0.5659247699694172,3.652842019362745,1.5095200716798163,307
Chopin/Etudes_op_10/1/Savitski03.mid,Chopin/Etudes_op_10/1/midi_score.mid,train,dynamics,0.4210916174680483,4.167188594040075,1.2548342148837246,307
Chopin/Etudes_op_10/1/Savitski03.mid,Chopin/Etudes_op_10/1/midi_score.mid,train,articulation,-0.2731726056447046,3.4905222494735746,1.1751539297723204,307
Chopin/Etudes_op_10/1/Savitski03.mid,Chopin/Etudes_op_10/1/midi_score.mid,train,pedal_depth,0.23248914172387944,1.284707404104747,0.7533291945154055,307
Chopin/Etudes_op_10/1/Savitski03.mid,Chopin/Etudes_op_10/1/midi_score.mid,train,pedal_down_ratio,0.2470191915880194,1.4408680044970104,0.8357556134040796,307
Chopin/Etudes_op_10/1/Savitski03.mid,Chopin/Etudes_op_10/1/midi_score.mid,train,pedal_changes,-0.133263241471183,0.0,1.1989546919017007,307
Chopin/Etudes_op_10/1/Shelest02.mid,Chopin/Etudes_op_10/1/midi_score.mid,train,tempo,0.49662138013119367,5.160540826927822,1.8501863657777198,307
Chopin/Etudes_op_10/1/Shelest02.mid,Chopin/Etudes_op_10/1/midi_score.mid,train,rubato,0.8840455307211614,7.035639502223653,2.5714196456574565,307
Chopin/Etudes_op_10/1/Shelest02.mid,Chopin/Etudes_op_10/1/midi_score.mid,train,dynamics,0.15683898041442168,2.9448461564579995,1.1197006887950818,307
Chopin/Etudes_op_10/1/Shelest02.mid,Chopin/Etudes_op_10/1/midi_score.mid,train,articulation,0.3956010275764083,2.798727080611339,1.4319296183166388,307
Chopin/Etudes_op_10/1/Shelest02.mid,Chopin/Etudes_op_10/1/midi_score.mid,train,pedal_depth,0.27128966894818207,1.719956618251985,0.8865902507538702,307
Chopin/Etudes_op_10/1/Shelest02.mid,Chopin/Etudes_op_10/1/midi_score.mid,train,pedal_down_ratio,0.2501916362943541,1.5962540117489035,0.8927661896387331,307
Chopin/Etudes_op_10/1/Shelest02.mid,Chopin/Etudes_op_10/1/midi_score.mid,train,pedal_changes,-0.03241538306055803,0.0,0.8966722678621948,307
Chopin/Etudes_op_10/1/Stahievitch03.mid,Chopin/Etudes_op_10/1/midi_score.mid,train,tempo,1.4323071543024628,3.6162122052510175,1.711633971854278,307
Chopin/Etudes_op_10/1/Stahievitch03.mid,Chopin/Etudes_op_10/1/midi_score.mid,train,rubato,0.8930980853420842,4.7643695209967465,2.2376763815654703,307
Chopin/Etudes_op_10/1/Stahievitch03.mid,Chopin/Etudes_op_10/1/midi_score.mid,train,dynamics,-0.29656088504397105,2.9502948488177183,1.1529560501615799,307
Chopin/Etudes_op_10/1/Stahievitch03.mid,Chopin/Etudes_op_10/1/midi_score.mid,train,articulation,0.2969202750460926,2.7082622317178036,1.094249683253365,307
Chopin/Etudes_op_10/1/Stahievitch03.mid,Chopin/Etudes_op_10/1/midi_score.mid,train,pedal_depth,-0.6028446319831509,2.3271640757792578,1.194562367987356,307
Chopin/Etudes_op_10/1/Stahievitch03.mid,Chopin/Etudes_op_10/1/midi_score.mid,train,pedal_down_ratio,-0.5070714959126077,2.2770785787370484,1.188301193595714,307
Chopin/Etudes_op_10/1/Stahievitch03.mid,Chopin/Etudes_op_10/1/midi_score.mid,train,pedal_changes,0.0468222199763616,1.7306212845109166,1.4048154483441002,307
Chopin/Etudes_op_10/1/SunY03M.mid,Chopin/Etudes_op_10/1/midi_score.mid,train,tempo,-0.04171118160492242,2.5124847840386755,1.043307515724166,307
Chopin/Etudes_op_10/1/SunY03M.mid,Chopin/Etudes_op_10/1/midi_score.mid,train,rubato,0.5524291353827153,3.5960893787392267,1.4542696217105013,307
Chopin/Etudes_op_10/1/SunY03M.mid,Chopin/Etudes_op_10/1/midi_score.mid,train,dynamics,0.5213356336966252,3.741148647057189,1.144969436251684,307
Chopin/Etudes_op_10/1/SunY03M.mid,Chopin/Etudes_op_10/1/midi_score.mid,train,articulation,0.6614106243292306,3.193638684240475,1.2903417679468994,307
Chopin/Etudes_op_10/1/SunY03M.mid,Chopin/Etudes_op_10/1/midi_score.mid,train,pedal_depth,-0.1306183121383113,1.5140111308694084,0.6855904921126857,307
Chopin/Etudes_op_10/1/SunY03M.mid,Chopin/Etudes_op_10/1/midi_score.mid,train,pedal_down_ratio,-0.09913116265742862,1.3811421192616704,0.6396857644600074,307
Chopin/Etudes_op_10/1/SunY03M.mid,Chopin/Etudes_op_10/1/midi_score.mid,train,pedal_changes,0.03241538306055803,0.0,1.1219719194084936,307
Chopin/Etudes_op_10/1/Terenkova02.mid,Chopin/Etudes_op_10/1/midi_score.mid,train,tempo,0.38707969572914447,2.458250070245616,1.1789272537097508,307
Chopin/Etudes_op_10/1/Terenkova02.mid,Chopin/Etudes_op_10/1/midi_score.mid,train,rubato,0.6243111854673307,3.5310126284251515,1.5859240433311768,307
Chopin/Etudes_op_10/1/Terenkova02.mid,Chopin/Etudes_op_10/1/midi_score.mid,train,dynamics,-0.6816449819688312,2.9148114347137315,1.0851988732702595,307
Chopin/Etudes_op_10/1/Terenkova02.mid,Chopin/Etudes_op_10/1/midi_score.mid,train,articulation,-0.15619308119406058,3.164790596707297,1.257367242592558,307
Chopin/Etudes_op_10/1/Terenkova02.mid,Chopin/Etudes_op_10/1/midi_score.mid,train,pedal_depth,-1.3497799799525967,3.0337512964066047,1.3081604404766374,307
Chopin/Etudes_op_10/1/Terenkova02.mid,Chopin/Etudes_op_10/1/midi_score.mid,train,pedal_down_ratio,-0.4122422595651393,2.606391504318606,1.22387895993316,307
Chopin/Etudes_op_10/1/Terenkova02.mid,Chopin/Etudes_op_10/1/midi_score.mid,train,pedal_changes,0.09004273072377232,4.466119443899107,1.7636626827601087,307
Chopin/Etudes_op_10/1/Tysman02.mid,Chopin/Etudes_op_10/1/midi_score.mid,train,tempo,-0.7732930396704033,4.780635650421028,2.158395110343468,307
Chopin/Etudes_op_10/1/Tysman02.mid,Chopin/Etudes_op_10/1/midi_score.mid,train,rubato,1.1863914311441177,6.343834467357732,2.9812664281190524,307
Chopin/Etudes_op_10/1/Tysman02.mid,Chopin/Etudes_op_10/1/midi_score.mid,train,dynamics,0.24984150873266464,3.023565422391812,1.1271766985293883,307
Chopin/Etudes_op_10/1/Tysman02.mid,Chopin/Etudes_op_10/1/midi_score.mid,train,articulation,-0.3120660468983012,3.422453642554116,1.392591183599843,307
Chopin/Etudes_op_10/1/Tysman02.mid,Chopin/Etudes_op_10/1/midi_score.mid,train,pedal_depth,-0.1856437563856359,2.918281601874762,0.9690422161288198,307
Chopin/Etudes_op_10/1/Tysman02.mid,Chopin/Etudes_op_10/1/midi_score.mid,train,pedal_down_ratio,-0.03866521629905258,2.2634150752240627,0.872075659815233,307
Chopin/Etudes_op_10/1/Tysman02.mid,Chopin/Etudes_op_10/1/midi_score.mid,train,pedal_changes,0.14046665992908483,4.466119443899107,2.1038481434646066,307
Chopin/Etudes_op_10/1/Verbaite02.mid,Chopin/Etudes_op_10/1/midi_score.mid,train,tempo,0.38962930223543707,2.803908781047444,1.0847582012043522,307
Chopin/Etudes_op_10/1/Verbaite02.mid,Chopin/Etudes_op_10/1/midi_score.mid,train,rubato,0.6821330383876522,3.8373047142732557,1.4906669653809559,307
Chopin/Etudes_op_10/1/Verbaite02.mid,Chopin/Etudes_op_10/1/midi_score.mid,train,dynamics,-0.8917640741148273,3.4398072822366066,1.3467581583044879,307
Chopin/Etudes_op_10/1/Verbaite02.mid,Chopin/Etudes_op_10/1/midi_score.mid,train,articulation,-1.0795497985838867,4.34995103251382,2.0899562422678253,307
Chopin/Etudes_op_10/1/Verbaite02.mid,Chopin/Etudes_op_10/1/midi_score.mid,train,pedal_depth,-0.23134329899892808,1.3558827054222282,0.7107108156322154,307
Chopin/Etudes_op_10/1/Verbaite02.mid,Chopin/Etudes_op_10/1/midi_score.mid,train,pedal_down_ratio,0.13232030633424993,1.4398036345888263,0.7296656474354658,307
Chopin/Etudes_op_10/1/Verbaite02.mid,Chopin/Etudes_op_10/1/midi_score.mid,train,pedal_changes,0.07563589380796874,4.466119443899107,1.7264307776731365,307
Chopin/Etudes_op_10/1/YeF03M.mid,Chopin/Etudes_op_10/1/midi_score.mid,train,tempo,0.27622022957087394,4.016937428452651,1.3501355137480535,307
Chopin/Etudes_op_10/1/YeF03M.mid,Chopin/Etudes_op_10/1/midi_score.mid,train,rubato,0.8485711816317774,5.466437409069295,1.8984519741661292,307
Chopin/Etudes_op_10/1/YeF03M.mid,Chopin/Etudes_op_10/1/midi_score.mid,train,dynamics,0.2786958346448432,3.66894869373623,1.3228651571262888,307
Chopin/Etudes_op_10/1/YeF03M.mid,Chopin/Etudes_op_10/1/midi_score.mid,train,articulation,0.785197405158787,3.2406950527683587,1.434429243565778,307
Chopin/Etudes_op_10/1/YeF03M.mid,Chopin/Etudes_op_10/1/midi_score.mid,train,pedal_depth,0.07538474896383109,1.3263543202651533,0.6544749037807651,307
Chopin/Etudes_op_10/1/YeF03M.mid,Chopin/Etudes_op_10/1/midi_score.mid,train,pedal_down_ratio,0.06810561529489884,1.129873860859497,0.6678475479409414,307
Chopin/Etudes_op_10/1/YeF03M.mid,Chopin/Etudes_op_10/1/midi_score.mid,train,pedal_changes,0.10444956763957589,0.0,1.01558902282178,307
Chopin/Etudes_op_10/1/YuP02M.mid,Chopin/Etudes_op_10/1/midi_score.mid,train,tempo,-0.1989206657419913,2.5076607527491603,1.0348219525371303,307
Chopin/Etudes_op_10/1/YuP02M.mid,Chopin/Etudes_op_10/1/midi_score.mid,train,rubato,0.5243810287697526,3.41793903559926,1.3777371456604814,307
Chopin/Etudes_op_10/1/YuP02M.mid,Chopin/Etudes_op_10/1/midi_score.mid,train,dynamics,0.11776113560265951,2.540247291866071,1.0338187343433247,307
Chopin/Etudes_op_10/1/YuP02M.mid,Chopin/Etudes_op_10/1/midi_score.mid,train,articulation,-0.6025116219666281,3.3723176616556874,1.3168570366869299,307
Chopin/Etudes_op_10/1/YuP02M.mid,Chopin/Etudes_op_10/1/midi_score.mid,train,pedal_depth,-0.26380082194212257,3.782931338334544,1.3610158655316769,307
Chopin/Etudes_op_10/1/YuP02M.mid,Chopin/Etudes_op_10/1/midi_score.mid,train,pedal_down_ratio,-0.2682742116191131,4.129335535289178,1.3768429785203917,307
Chopin/Etudes_op_10/1/YuP02M.mid,Chopin/Etudes_op_10/1/midi_score.mid,train,pedal_changes,-0.03961880151845981,2.2330597219495534,1.296585949363066,307
Chopin/Etudes_op_10/1/Zhdanov02.mid,Chopin/Etudes_op_10/1/midi_score.mid,train,tempo,-1.1033980231687646,2.1569071789119048,0.8779843469432383,307
Chopin/Etudes_op_10/1/Zhdanov02.mid,Chopin/Etudes_op_10/1/midi_score.mid,train,rubato,0.48436408653074714,2.894980232160363,1.201142861309674,307
Chopin/Etudes_op_10/1/Zhdanov02.mid,Chopin/Etudes_op_10/1/midi_score.mid,train,dynamics,0.2091147689419439,3.5354557309231547,1.1132730232897268,307
Chopin/Etudes_op_10/1/Zhdanov02.mid,Chopin/Etudes_op_10/1/midi_score.mid,train,articulation,0.0018384249986801845,3.426968039848496,1.2434738683966622,307
Chopin/Etudes_op_10/1/Zhdanov02.mid,Chopin/Etudes_op_10/1/midi_score.mid,train,pedal_depth,-0.09405898489883104,1.4972637212955644,0.5920685694511314,307
Chopin/Etudes_op_10/1/Zhdanov02.mid,Chopin/Etudes_op_10/1/midi_score.mid,train,pedal_down_ratio,-0.06812370244681488,1.5403899146803524,0.7330684629028809,307
Chopin/Etudes_op_10/1/Zhdanov02.mid,Chopin/Etudes_op_10/1/midi_score.mid,train,pedal_changes,0.03961880151845981,0.0,0.8596800208524985,307
Chopin/Etudes_op_10/1/Zukiewicz02.mid,Chopin/Etudes_op_10/1/midi_score.mid,train,tempo,0.18078576730211737,2.707848853159959,1.1813093172545024,307
Chopin/Etudes_op_10/1/Zukiewicz02.mid,Chopin/Etudes_op_10/1/midi_score.mid,train,rubato,0.6666331932172375,3.563876890495848,1.5628574336107715,307
Chopin/Etudes_op_10/1/Zukiewicz02.mid,Chopin/Etudes_op_10/1/midi_score.mid,train,dynamics,-0.1637503192989229,3.307948927131446,1.167932511901572,307
Chopin/Etudes_op_10/1/Zukiewicz02.mid,Chopin/Etudes_op_10/1/midi_score.mid,train,articulation,-0.391905707062437,3.109164282877105,1.3039719804435588,307
Chopin/Etudes_op_10/1/Zukiewicz02.mid,Chopin/Etudes_op_10/1/midi_score.mid,train,pedal_depth,-0.4232754638508224,3.009888535605849,1.2966575993389944,307
Chopin/Etudes_op_10/1/Zukiewicz02.mid,Chopin/Etudes_op_10/1/midi_score.mid,train,pedal_down_ratio,-0.42438315816691746,3.1245799015843887,1.350137346900493,307
Chopin/Etudes_op_10/1/Zukiewicz02.mid,Chopin/Etudes_op_10/1/midi_score.mid,train,pedal_changes,0.06122905689216518,4.466119443899107,1.8446889619232871,307
Chopin/Etudes_op_10/12/Bult-ItoS04M.mid,Chopin/Etudes_op_10/12/midi_score.mid,validation,tempo,-0.6091549502113391,3.4050052085517883,1.2934735307741516,327
Chopin/Etudes_op_10/12/Bult-ItoS04M.mid,Chopin/Etudes_op_10/12/midi_score.mid,validation,rubato,0.6775394381103762,4.013027190094801,1.567033319525373,327
Chopin/Etudes_op_10/12/Bult-ItoS04M.mid,Chopin/Etudes_op_10/12/midi_score.mid,validation,dynamics,-0.04028340749998244,3.106137009415035,0.9627747540484147,327
Chopin/Etudes_op_10/12/Bult-ItoS04M.mid,Chopin/Etudes_op_10/12/midi_score.mid,validation,articulation,0.15890623380207963,3.4204008687554177,1.5418311456677614,327
Chopin/Etudes_op_10/12/Bult-ItoS04M.mid,Chopin/Etudes_op_10/12/midi_score.mid,validation,pedal_depth,-0.34798572366978225,2.3552013321792993,0.8005609292474578,327
Chopin/Etudes_op_10/12/Bult-ItoS04M.mid,Chopin/Etudes_op_10/12/midi_score.mid,validation,pedal_down_ratio,-0.47006937808652116,2.9999207606284215,0.9081278915574575,327
Chopin/Etudes_op_10/12/Bult-ItoS04M.mid,Chopin/Etudes_op_10/12/midi_score.mid,validation,pedal_changes,0.0621877761680525,2.2802184594952584,1.2498815101318665,327
Chopin/Etudes_op_10/12/Floril02.mid,Chopin/Etudes_op_10/12/midi_score.mid,validation,tempo,-0.8665360962957894,4.403868447918061,1.9679911130158778,327
Chopin/Etudes_op_10/12/Floril02.mid,Chopin/Etudes_op_10/12/midi_score.mid,validation,rubato,0.7857984349663123,5.60362450878072,2.363495145637853,327
Chopin/Etudes_op_10/12/Floril02.mid,Chopin/Etudes_op_10/12/midi_score.mid,validation,dynamics,-0.01943903496867368,3.758748508512439,1.2669097766916435,327
Chopin/Etudes_op_10/12/Floril02.mid,Chopin/Etudes_op_10/12/midi_score.mid,validation,articulation,-0.11685533215513964,5.11403526673435,2.1613033090970784,327
Chopin/Etudes_op_10/12/Floril02.mid,Chopin/Etudes_op_10/12/midi_score.mid,validation,pedal_depth,-1.2335241339344862,3.580770683068508,0.9829869717144697,327
Chopin/Etudes_op_10/12/Floril02.mid,Chopin/Etudes_op_10/12/midi_score.mid,validation,pedal_down_ratio,-1.0017824062858363,3.844331300974837,1.088934411079137,327
Chopin/Etudes_op_10/12/Floril02.mid,Chopin/Etudes_op_10/12/midi_score.mid,validation,pedal_changes,-0.17274382268903474,2.2802184594952584,1.4210338489181444,327
Chopin/Etudes_op_10/12/Gintov02.mid,Chopin/Etudes_op_10/12/midi_score.mid,validation,tempo,0.14567462310597776,4.626877470903317,1.5646548839763708,327
Chopin/Etudes_op_10/12/Gintov02.mid,Chopin/Etudes_op_10/12/midi_score.mid,validation,rubato,0.9221599684722087,5.45670296861054,1.8637839255991842,327
Chopin/Etudes_op_10/12/Gintov02.mid,Chopin/Etudes_op_10/12/midi_score.mid,validation,dynamics,0.3316880408517133,3.583365987251054,1.2417256498009956,327
Chopin/Etudes_op_10/12/Gintov02.mid,Chopin/Etudes_op_10/12/midi_score.mid,validation,articulation,0.20482147407678997,3.5090640476207584,1.5649789185102692,327
Chopin/Etudes_op_10/12/Gintov02.mid,Chopin/Etudes_op_10/12/midi_score.mid,validation,pedal_depth,0.31018990806889757,2.7571893512791608,0.904548622711487,327
Chopin/Etudes_op_10/12/Gintov02.mid,Chopin/Etudes_op_10/12/midi_score.mid,validation,pedal_down_ratio,0.13301868281817722,1.95012046605494,0.7626014294101587,327
Chopin/Etudes_op_10/12/Gintov02.mid,Chopin/Etudes_op_10/12/midi_score.mid,validation,pedal_changes,0.020729258722684163,3.4203276892428875,1.2921032340157532,327
Chopin/Etudes_op_10/12/Hirata02.mid,Chopin/Etudes_op_10/12/midi_score.mid,validation,tempo,0.23302886584449167,4.1888422391534395,1.531542546799707,327
Chopin/Etudes_op_10/12/Hirata02.mid,Chopin/Etudes_op_10/12/midi_score.mid,validation,rubato,0.7646103538425806,5.019921545288028,1.903900045505344,327
Chopin/Etudes_op_10/12/Hirata02.mid,Chopin/Etudes_op_10/12/midi_score.mid,validation,dynamics,0.13585095022700544,3.647196366743111,1.1726264373684843,327
Chopin/Etudes_op_10/12/Hirata02.mid,Chopin/Etudes_op_10/12/midi_score.mid,validation,articulation,-0.20806938695266047,4.063993029968334,1.4312080371453806,327
Chopin/Etudes_op_10/12/Hirata02.mid,Chopin/Etudes_op_10/12/midi_score.mid,validation,pedal_depth,-0.3060674951642045,2.3544993068342546,0.8220317258446688,327
Chopin/Etudes_op_10/12/Hirata02.mid,Chopin/Etudes_op_10/12/midi_score.mid,validation,pedal_down_ratio,-0.15287034413777636,3.419418931639618,1.0011275765823544,327
Chopin/Etudes_op_10/12/Hirata02.mid,Chopin/Etudes_op_10/12/midi_score.mid,validation,pedal_changes,0.024184135176464866,2.2802184594952584,1.1505213585705503,327
Chopin/Etudes_op_10/12/HuNY03M.mid,Chopin/Etudes_op_10/12/midi_score.mid,validation,tempo,-0.7406436284329421,3.9112470502851444,1.384617123257723,327
Chopin/Etudes_op_10/12/HuNY03M.mid,Chopin/Etudes_op_10/12/midi_score.mid,validation,rubato,0.6372926098280027,4.768814378335645,1.6721020794891606,327
Chopin/Etudes_op_10/12/HuNY03M.mid,Chopin/Etudes_op_10/12/midi_score.mid,validation,dynamics,-0.5878999310613522,4.3372646509028545,1.3302365397903537,327
Chopin/Etudes_op_10/12/HuNY03M.mid,Chopin/Etudes_op_10/12/midi_score.mid,validation,articulation,-0.37454335622836393,3.4718235138233897,1.4061164512494129,327
Chopin/Etudes_op_10/12/HuNY03M.mid,Chopin/Etudes_op_10/12/midi_score.mid,validation,pedal_depth,-0.519163548650833,3.9072749136730165,1.5056443214969861,327
Chopin/Etudes_op_10/12/HuNY03M.mid,Chopin/Etudes_op_10/12/midi_score.mid,validation,pedal_down_ratio,-0.4527612005860121,3.2313870028553566,1.2234645815501626,327
Chopin/Etudes_op_10/12/HuNY03M.mid,Chopin/Etudes_op_10/12/midi_score.mid,validation,pedal_changes,0.293664498571359,3.4203276892428875,1.3841912174994386,327
Chopin/Etudes_op_10/12/KimBenjamin04.mid,Chopin/Etudes_op_10/12/midi_score.mid,validation,tempo,0.042783912869381865,4.8542222073203725,1.5563176171474682,327
Chopin/Etudes_op_10/12/KimBenjamin04.mid,Chopin/Etudes_op_10/12/midi_score.mid,validation,rubato,0.6786472960751954,6.029729230696438,1.9537337721536518,327
Chopin/Etudes_op_10/12/KimBenjamin04.mid,Chopin/Etudes_op_10/12/midi_score.mid,validation,dynamics,-0.22865582729703485,3.624263680920907,1.1280926945805547,327
Chopin/Etudes_op_10/12/KimBenjamin04.mid,Chopin/Etudes_op_10/12/midi_score.mid,validation,articulation,0.293356439662085,3.905179762727259,1.493010439358845,327
Chopin/Etudes_op_10/12/KimBenjamin04.mid,Chopin/Etudes_op_10/12/midi_score.mid,validation,pedal_depth,-0.2126279997488878,3.2037256180698233,0.78578906194255,327
Chopin/Etudes_op_10/12/KimBenjamin04.mid,Chopin/Etudes_op_10/12/midi_score.mid,validation,pedal_down_ratio,-0.06803039930108809,2.1789751066035192,0.7623799365970597,327
Chopin/Etudes_op_10/12/KimBenjamin04.mid,Chopin/Etudes_op_10/12/midi_score.mid,validation,pedal_changes,0.2729352398486749,3.4203276892428875,1.2306514192176217,327
Chopin/Etudes_op_10/12/LuoJ08M.mid,Chopin/Etudes_op_10/12/midi_score.mid,validation,tempo,0.5649389569530404,3.0538860751623673,1.274235501158397,327
Chopin/Etudes_op_10/12/LuoJ08M.mid,Chopin/Etudes_op_10/12/midi_score.mid,validation,rubato,0.5742779121031183,3.757066909305112,1.526999162572602,327
Chopin/Etudes_op_10/12/LuoJ08M.mid,Chopin/Etudes_op_10/12/midi_score.mid,validation,dynamics,0.1850137709949916,2.7183726286653576,1.1135915115185897,327
Chopin/Etudes_op_10/12/LuoJ08M.mid,Chopin/Etudes_op_10/12/midi_score.mid,validation,articulation,0.22461112890354143,2.9649297842564284,1.261486151933072,327
Chopin/Etudes_op_10/12/LuoJ08M.mid,Chopin/Etudes_op_10/12/midi_score.mid,validation,pedal_depth,0.3527885981293182,2.516977244905921,0.8270581333271665,327
Chopin/Etudes_op_10/12/LuoJ08M.mid,Chopin/Etudes_op_10/12/midi_score.mid,validation,pedal_down_ratio,0.3334139339347785,2.9352410261117763,0.8247615323386652,327
Chopin/Etudes_op_10/12/LuoJ08M.mid,Chopin/Etudes_op_10/12/midi_score.mid,validation,pedal_changes,0.5113217151595428,3.4203276892428875,1.646511458000113,327
Chopin/Etudes_op_10/12/Mordvinov04.mid,Chopin/Etudes_op_10/12/midi_score.mid,validation,tempo,-0.3236265036826652,3.582217672673549,1.261861859143078,327
Chopin/Etudes_op_10/12/Mordvinov04.mid,Chopin/Etudes_op_10/12/midi_score.mid,validation,rubato,0.6709637355826665,4.216182224468159,1.5478578238924212,327
Chopin/Etudes_op_10/12/Mordvinov04.mid,Chopin/Etudes_op_10/12/midi_score.mid,validation,dynamics,0.4574741117832901,3.898492352559531,1.2509219510187193,327
Chopin/Etudes_op_10/12/Mordvinov04.mid,Chopin/Etudes_op_10/12/midi_score.mid,validation,articulation,0.32632710400569803,3.579988605938423,1.4500573664561327,327
Chopin/Etudes_op_10/12/Mordvinov04.mid,Chopin/Etudes_op_10/12/midi_score.mid,validation,pedal_depth,-0.42719096881186147,2.500112132609577,0.7405340642555605,327
Chopin/Etudes_op_10/12/Mordvinov04.mid,Chopin/Etudes_op_10/12/midi_score.mid,validation,pedal_down_ratio,-0.11876173283554299,2.03665193629266,0.8459685377550389,327
Chopin/Etudes_op_10/12/Mordvinov04.mid,Chopin/Etudes_op_10/12/midi_score.mid,validation,pedal_changes,0.3109388808402625,3.4203276892428875,1.4906595730269105,327
Chopin/Etudes_op_10/12/Na_2006_02.mid,Chopin/Etudes_op_10/12/midi_score.mid,validation,tempo,0.7895229147912746,3.9162116692355395,1.4468903456593059,327
Chopin/Etudes_op_10/12/Na_2006_02.mid,Chopin/Etudes_op_10/12/midi_score.mid,validation,rubato,0.6134905062170517,4.608936188795711,1.664368141812467,327
Chopin/Etudes_op_10/12/Na_2006_02.mid,Chopin/Etudes_op_10/12/midi_score.mid,validation,dynamics,-0.23225755179684984,3.7704675826893537,1.2540112419651013,327
Chopin/Etudes_op_10/12/Na_2006_02.mid,Chopin/Etudes_op_10/12/midi_score.mid,validation,articulation,0.15393888379476367,3.7141021046488074,1.5918565061414527,327
Chopin/Etudes_op_10/12/Na_2006_02.mid,Chopin/Etudes_op_10/12/midi_score.mid,validation,pedal_depth,-0.08550468150272993,2.547488445751787,0.8920597628573623,327
Chopin/Etudes_op_10/12/Na_2006_02.mid,Chopin/Etudes_op_10/12/midi_score.mid,validation,pedal_down_ratio,0.08085812167153222,3.217959396145607,1.0879953198812533,327
Chopin/Etudes_op_10/12/Na_2006_02.mid,Chopin/Etudes_op_10/12/midi_score.mid,validation,pedal_changes,-0.1347401816974471,2.2802184594952584,1.2322653825601986,327
Chopin/Etudes_op_10/12/Staupe02.mid,Chopin/Etudes_op_10/12/midi_score.mid,validation,tempo,0.5095085153652597,3.0880014411598085,1.370161880842637,327
Chopin/Etudes_op_10/12/Staupe02.mid,Chopin/Etudes_op_10/12/midi_score.mid,validation,rubato,0.5368675586525813,3.659330636580327,1.64804872151345,327
Chopin/Etudes_op_10/12/Staupe02.mid,Chopin/Etudes_op_10/12/midi_score.mid,validation,dynamics,0.23413111403496856,3.503454891556876,1.2170561547033618,327
Chopin/Etudes_op_10/12/Staupe02.mid,Chopin/Etudes_op_10/12/midi_score.mid,validation,articulation,-0.18075897465500065,3.907572400279518,1.6065953059768987,327
Chopin/Etudes_op_10/12/Staupe02.mid,Chopin/Etudes_op_10/12/midi_score.mid,validation,pedal_depth,0.5375574877316566,2.5703224729510397,0.7667606529954866,327
Chopin/Etudes_op_10/12/Staupe02.mid,Chopin/Etudes_op_10/12/midi_score.mid,validation,pedal_down_ratio,0.399062380018247,2.811103564690114,0.7776402474526564,327
Chopin/Etudes_op_10/12/Staupe02.mid,Chopin/Etudes_op_10/12/midi_score.mid,validation,pedal_changes,0.18310845205037682,3.4203276892428875,1.2419051577057907,327
Chopin/Etudes_op_10/12/WuuE06M.mid,Chopin/Etudes_op_10/12/midi_score.mid,validation,tempo,-0.4323466867295584,2.707411037336578,1.1220365306115168,327
Chopin/Etudes_op_10/12/WuuE06M.mid,Chopin/Etudes_op_10/12/midi_score.mid,validation,rubato,0.5840745354084012,3.289149875622773,1.3458101064440704,327
Chopin/Etudes_op_10/12/WuuE06M.mid,Chopin/Etudes_op_10/12/midi_score.mid,validation,dynamics,-0.1832864878914633,3.5067095771264127,1.0400071670458593,327
Chopin/Etudes_op_10/12/WuuE06M.mid,Chopin/Etudes_op_10/12/midi_score.mid,validation,articulation,-0.5892346556128697,3.493800564955527,1.4352901658009254,327
Chopin/Etudes_op_10/12/WuuE06M.mid,Chopin/Etudes_op_10/12/midi_score.mid,validation,pedal_depth,-0.5034491607021092,3.8372940086924134,1.2447494784207382,327
Chopin/Etudes_op_10/12/WuuE06M.mid,Chopin/Etudes_op_10/12/midi_score.mid,validation,pedal_down_ratio,-0.5387620580518615,3.8783219740822403,1.3270648716191924,327
Chopin/Etudes_op_10/12/WuuE06M.mid,Chopin/Etudes_op_10/12/midi_score.mid,validation,pedal_changes,0.006909752907561386,2.2802184594952584,1.1522475723959644,327
Chopin/Etudes_op_10/12/Yarden04.mid,Chopin/Etudes_op_10/12/midi_score.mid,validation,tempo,-0.4091136486389083,4.0392704051216555,1.7817359889728355,327
Chopin/Etudes_op_10/12/Yarden04.mid,Chopin/Etudes_op_10/12/midi_score.mid,validation,rubato,0.6320466303218344,5.0961404974289914,2.2311106233281994,327
Chopin/Etudes_op_10/12/Yarden04.mid,Chopin/Etudes_op_10/12/midi_score.mid,validation,dynamics,-0.42029424657812947,3.193006587718582,1.1846057174918163,327
Chopin/Etudes_op_10/12/Yarden04.mid,Chopin/Etudes_op_10/12/midi_score.mid,validation,articulation,-0.8885161008759128,4.137255454963619,1.691354028587913,327
Chopin/Etudes_op_10/12/Yarden04.mid,Chopin/Etudes_op_10/12/midi_score.mid,validation,pedal_depth,0.3558341190021798,1.5102310315704155,0.5777617133214689,327
Chopin/Etudes_op_10/12/Yarden04.mid,Chopin/Etudes_op_10/12/midi_score.mid,validation,pedal_down_ratio,0.199289360665986,1.5358121853895836,0.7543262200837578,327
Chopin/Etudes_op_10/12/Yarden04.mid,Chopin/Etudes_op_10/12/midi_score.mid,validation,pedal_changes,0.15892431687391192,3.4203276892428875,1.2750705716462822,327
Chopin/Etudes_op_10/12/ZhangYunling02M.mid,Chopin/Etudes_op_10/12/midi_score.mid,validation,tempo,0.4055929835223742,3.150538822466852,1.1299131992987153,327
Chopin/Etudes_op_10/12/ZhangYunling02M.mid,Chopin/Etudes_op_10/12/midi_score.mid,validation,rubato,0.7147399144540774,3.8715439189431233,1.3453707047586692,327
Chopin/Etudes_op_10/12/ZhangYunling02M.mid,Chopin/Etudes_op_10/12/midi_score.mid,validation,dynamics,-0.2633555046801227,3.418554705483076,1.1368041785650038,327
Chopin/Etudes_op_10/12/ZhangYunling02M.mid,Chopin/Etudes_op_10/12/midi_score.mid,validation,articulation,0.17319467701362617,3.3508872934905343,1.3583952767991672,327
Chopin/Etudes_op_10/12/ZhangYunling02M.mid,Chopin/Etudes_op_10/12/midi_score.mid,validation,pedal_depth,-0.2741896277611654,3.0832050048522697,0.8127912831186392,327
Chopin/Etudes_op_10/12/ZhangYunling02M.mid,Chopin/Etudes_op_10/12/midi_score.mid,validation,pedal_down_ratio,-0.313031381015607,2.715172991464062,0.8661869468283171,327
Chopin/Etudes_op_10/12/ZhangYunling02M.mid,Chopin/Etudes_op_10/12/midi_score.mid,validation,pedal_changes,0.3074840043864818,3.4203276892428875,1.3639407213793682,327
Chopin/Etudes_op_10/2/Hebert03M.mid,Chopin/Etudes_op_10/2/midi_score.mid,train,tempo,1.887289284450422,2.890897486924786,1.1742284597488328,191
Chopin/Etudes_op_10/2/Hebert03M.mid,Chopin/Etudes_op_10/2/midi_score.mid,train,rubato,0.7396297776176151,4.502680949204389,1.8606028842560223,191
Chopin/Etudes_op_10/2/Hebert03M.mid,Chopin/Etudes_op_10/2/midi_score.mid,train,dynamics,0.04315486283992504,2.451509627666434,0.9753028262190139,191
Chopin/Etudes_op_10/2/Hebert03M.mid,Chopin/Etudes_op_10/2/midi_score.mid,train,articulation,-0.2647714576486359,3.5054327591910996,1.3932282396910378,191
Chopin/Etudes_op_10/2/Hebert03M.mid,Chopin/Etudes_op_10/2/midi_score.mid,train,pedal_depth,0.3392595374857948,3.064497883871354,0.9946978782763619,191
Chopin/Etudes_op_10/2/Hebert03M.mid,Chopin/Etudes_op_10/2/midi_score.mid,train,pedal_down_ratio,0.38577463998263983,2.4207125129794704,0.8158535893262286,191
Chopin/Etudes_op_10/2/Hebert03M.mid,Chopin/Etudes_op_10/2/midi_score.mid,train,pedal_changes,0.357144480238582,3.6734860824539863,0.9460038371024719,191
Chopin/Etudes_op_10/2/JeonH02M.mid,Chopin/Etudes_op_10/2/midi_score.mid,train,tempo,-0.391536928252532,2.450847646855945,1.1342426982204667,191
Chopin/Etudes_op_10/2/JeonH02M.mid,Chopin/Etudes_op_10/2/midi_score.mid,train,rubato,0.3924705812667265,3.749880840525072,2.00344234199597,191
Chopin/Etudes_op_10/2/JeonH02M.mid,Chopin/Etudes_op_10/2/midi_score.mid,train,dynamics,1.08157579993987,4.366154381017459,1.045065133969985,191
Chopin/Etudes_op_10/2/JeonH02M.mid,Chopin/Etudes_op_10/2/midi_score.mid,train,articulation,-0.07815896077964458,4.220123046376221,1.7874783045372298,191
Chopin/Etudes_op_10/2/JeonH02M.mid,Chopin/Etudes_op_10/2/midi_score.mid,train,pedal_depth,0.38707220619975047,3.197379123531349,1.1937088498640689,191
Chopin/Etudes_op_10/2/JeonH02M.mid,Chopin/Etudes_op_10/2/midi_score.mid,train,pedal_down_ratio,0.40580309539208326,2.483019191424262,1.0371584169257138,191
Chopin/Etudes_op_10/2/JeonH02M.mid,Chopin/Etudes_op_10/2/midi_score.mid,train,pedal_changes,0.4528081803024879,2.4489907216359907,0.9250255455778913,191
Chopin/Etudes_op_10/2/JiaXin01.mid,Chopin/Etudes_op_10/2/midi_score.mid,train,tempo,0.6437262073842316,1.7724888353634096,1.00493806495474,191
Chopin/Etudes_op_10/2/JiaXin01.mid,Chopin/Etudes_op_10/2/midi_score.mid,train,rubato,0.476625324333636,3.6368582524162303,1.7066630599082997,191
Chopin/Etudes_op_10/2/JiaXin01.mid,Chopin/Etudes_op_10/2/midi_score.mid,train,dynamics,1.0611548531140211,3.1192948600682624,0.9407380856289013,191
Chopin/Etudes_op_10/2/JiaXin01.mid,Chopin/Etudes_op_10/2/midi_score.mid,train,articulation,0.056725461027872674,3.600476458585713,1.5462365053079432,191
Chopin/Etudes_op_10/2/JiaXin01.mid,Chopin/Etudes_op_10/2/midi_score.mid,train,pedal_depth,1.2420846460968773,3.550600280724935,1.3373900889749915,191
Chopin/Etudes_op_10/2/JiaXin01.mid,Chopin/Etudes_op_10/2/midi_score.mid,train,pedal_down_ratio,1.0386517764721932,2.9205241833218225,1.2989963920729726,191
Chopin/Etudes_op_10/2/JiaXin01.mid,Chopin/Etudes_op_10/2/midi_score.mid,train,pedal_changes,0.49745124033231064,3.6734860824539863,1.268578674143544,191
Chopin/Etudes_op_10/2/KaiRuiR06.mid,Chopin/Etudes_op_10/2/midi_score.mid,train,tempo,0.3476720884658063,2.374925457910517,1.345482940929585,191
Chopin/Etudes_op_10/2/KaiRuiR06.mid,Chopin/Etudes_op_10/2/midi_score.mid,train,rubato,0.9007241172044687,4.817696476603857,2.3523114884965697,191
Chopin/Etudes_op_10/2/KaiRuiR06.mid,Chopin/Etudes_op_10/2/midi_score.mid,train,dynamics,0.21733066311423857,2.9928472619595166,0.9721775756132447,191
Chopin/Etudes_op_10/2/KaiRuiR06.mid,Chopin/Etudes_op_10/2/midi_score.mid,train,articulation,0.3363147603373684,2.8371149687864845,1.4281083223014628,191
Chopin/Etudes_op_10/2/KaiRuiR06.mid,Chopin/Etudes_op_10/2/midi_score.mid,train,pedal_depth,-0.3542628572862168,2.6115638524082536,0.9469334919517478,191
Chopin/Etudes_op_10/2/KaiRuiR06.mid,Chopin/Etudes_op_10/2/midi_score.mid,train,pedal_down_ratio,-0.49185526310798594,2.3602339988720167,1.069422301599183,191
Chopin/Etudes_op_10/2/KaiRuiR06.mid,Chopin/Etudes_op_10/2/midi_score.mid,train,pedal_changes,-0.3890323802598839,2.4489907216359907,0.8216553811211657,191
Chopin/Etudes_op_10/2/Kavalerova02.mid,Chopin/Etudes_op_10/2/midi_score.mid,train,tempo,-0.6585456373689483,2.0646296760301848,0.9545847747562729,191
Chopin/Etudes_op_10/2/Kavalerova02.mid,Chopin/Etudes_op_10/2/midi_score.mid,train,rubato,0.6368718049564044,3.9898401840187856,1.6419042174399963,191
Chopin/Etudes_op_10/2/Kavalerova02.mid,Chopin/Etudes_op_10/2/midi_score.mid,train,dynamics,-0.42342338540668895,2.752571896599877,0.873866838648919,191
Chopin/Etudes_op_10/2/Kavalerova02.mid,Chopin/Etudes_op_10/2/midi_score.mid,train,articulation,0.17213668098866983,3.4898629638704737,1.8487108947569828,191
Chopin/Etudes_op_10/2/Kavalerova02.mid,Chopin/Etudes_op_10/2/midi_score.mid,train,pedal_depth,0.7777707525592588,2.4846141508130337,0.8549658165133274,191
Chopin/Etudes_op_10/2/Kavalerova02.mid,Chopin/Etudes_op_10/2/midi_score.mid,train,pedal_down_ratio,0.4304670262292681,3.370656378031855,1.2768584410507962,191
Chopin/Etudes_op_10/2/Kavalerova02.mid,Chopin/Etudes_op_10/2/midi_score.mid,train,pedal_changes,0.3316341602215404,3.6734860824539863,1.1952979432469673,191
Chopin/Etudes_op_10/2/MERJAN02.mid,Chopin/Etudes_op_10/2/midi_score.mid,train,tempo,0.17720757331912754,2.709850985789449,1.2232601510981582,191
Chopin/Etudes_op_10/2/MERJAN02.mid,Chopin/Etudes_op_10/2/midi_score.mid,train,rubato,0.7540404069594983,4.778344788599676,2.2174834633330054,191
Chopin/Etudes_op_10/2/MERJAN02.mid,Chopin/Etudes_op_10/2/midi_score.mid,train,dynamics,0.005158155648728309,2.8590510420457735,1.000052068644716,191
Chopin/Etudes_op_10/2/MERJAN02.mid,Chopin/Etudes_op_10/2/midi_score.mid,train,articulation,0.6274205485054091,3.417183109618807,1.4144625252385499,191
Chopin/Etudes_op_10/2/MERJAN02.mid,Chopin/Etudes_op_10/2/midi_score.mid,train,pedal_depth,0.21360901199181867,2.802195785209432,0.8550727803736,191
Chopin/Etudes_op_10/2/MERJAN02.mid,Chopin/Etudes_op_10/2/midi_score.mid,train,pedal_down_ratio,0.1172181016731232,3.3240000612140626,1.041732204623185,191
Chopin/Etudes_op_10/2/MERJAN02.mid,Chopin/Etudes_op_10/2/midi_score.mid,train,pedal_changes,0.9502594206347984,4.8979814432719815,1.5750125181428651,191
Chopin/Etudes_op_10/2/ParkJ02.mid,Chopin/Etudes_op_10/2/midi_score.mid,train,tempo,-0.03702949020556632,2.056638300784947,0.8846579649182991,191
Chopin/Etudes_op_10/2/ParkJ02.mid,Chopin/Etudes_op_10/2/midi_score.mid,train,rubato,0.6760049020520642,4.036743646895443,1.6996551352557128,191
Chopin/Etudes_op_10/2/ParkJ02.mid,Chopin/Etudes_op_10/2/midi_score.mid,train,dynamics,0.013363559676834271,2.4176748964944488,0.8849351943315524,191
Chopin/Etudes_op_10/2/ParkJ02.mid,Chopin/Etudes_op_10/2/midi_score.mid,train,articulation,-0.28928712952872493,3.9655711422600346,1.7924213755206693,191
Chopin/Etudes_op_10/2/ParkJ02.mid,Chopin/Etudes_op_10/2/midi_score.mid,train,pedal_depth,-0.38615764774291006,2.3420613206478937,0.9200007539489975,191
Chopin/Etudes_op_10/2/ParkJ02.mid,Chopin/Etudes_op_10/2/midi_score.mid,train,pedal_down_ratio,-0.19323692782918123,2.4833174822909876,1.0163894375573783,191
Chopin/Etudes_op_10/2/ParkJ02.mid,Chopin/Etudes_op_10/2/midi_score.mid,train,pedal_changes,-0.006377580004260391,2.4489907216359907,1.120728637840179,191
Chopin/Etudes_op_10/2/Shi01.mid,Chopin/Etudes_op_10/2/midi_score.mid,train,tempo,-0.8019555844316894,2.7959175763105737,1.1518357025260884,191
Chopin/Etudes_op_10/2/Shi01.mid,Chopin/Etudes_op_10/2/midi_score.mid,train,rubato,0.7692233762775701,4.9384861640703965,1.9385299019628808,191
Chopin/Etudes_op_10/2/Shi01.mid,Chopin/Etudes_op_10/2/midi_score.mid,train,dynamics,-0.30890706804706297,3.0825842670689476,1.0748554529227625,191
Chopin/Etudes_op_10/2/Shi01.mid,Chopin/Etudes_op_10/2/midi_score.mid,train,articulation,-0.5208510513927501,4.633816538813773,2.0744207979980778,191
Chopin/Etudes_op_10/2/Shi01.mid,Chopin/Etudes_op_10/2/midi_score.mid,train,pedal_depth,-0.04978321244942352,2.5638669555694653,0.8748318094100258,191
Chopin/Etudes_op_10/2/Shi01.mid,Chopin/Etudes_op_10/2/midi_score.mid,train,pedal_down_ratio,0.08223215019021514,2.1349359910917753,1.004619720155793,191
Chopin/Etudes_op_10/2/Shi01.mid,Chopin/Etudes_op_10/2/midi_score.mid,train,pedal_changes,0.22321530014911375,3.6734860824539863,0.8771088964894842,191
Chopin/Etudes_op_10/2/Shi02.mid,Chopin/Etudes_op_10/2/midi_score.mid,train,tempo,-0.43966650692634307,2.5025416869504635,0.9990623749310095,191
Chopin/Etudes_op_10/2/Shi02.mid,Chopin/Etudes_op_10/2/midi_score.mid,train,rubato,0.7249474927011501,3.9560445576115644,1.7160150213124257,191
Chopin/Etudes_op_10/2/Shi02.mid,Chopin/Etudes_op_10/2/midi_score.mid,train,dynamics,-0.5426367699489573,2.980581494492469,1.0011565980216046,191
Chopin/Etudes_op_10/2/Shi02.mid,Chopin/Etudes_op_10/2/midi_score.mid,train,articulation,-0.6477824965869092,3.8130802133770016,1.7120358989476316,191
Chopin/Etudes_op_10/2/Shi02.mid,Chopin/Etudes_op_10/2/midi_score.mid,train,pedal_depth,0.2458750497285868,2.325627724707152,0.8692772951466714,191
Chopin/Etudes_op_10/2/Shi02.mid,Chopin/Etudes_op_10/2/midi_score.mid,train,pedal_down_ratio,0.29271178774487344,3.154732546581737,1.27002803681468,191
Chopin/Etudes_op_10/2/Shi02.mid,Chopin/Etudes_op_10/2/midi_score.mid,train,pedal_changes,0.2614807801746761,2.4489907216359907,1.052083076075119,191
Chopin/Etudes_op_10/2/TOIVIO02.mid,Chopin/Etudes_op_10/2/midi_score.mid,train,tempo,-1.0600216573932693,2.158411257196138,1.0781096742312672,191
Chopin/Etudes_op_10/2/TOIVIO02.mid,Chopin/Etudes_op_10/2/midi_score.mid,train,rubato,0.7134337584894666,4.066137903981684,1.8367771070527483,191
Chopin/Etudes_op_10/2/TOIVIO02.mid,Chopin/Etudes_op_10/2/midi_score.mid,train,dynamics,-1.3253127329876573,2.859567685565004,1.0157875655882902,191
Chopin/Etudes_op_10/2/TOIVIO02.mid,Chopin/Etudes_op_10/2/midi_score.mid,train,articulation,-0.3304623409927589,2.9082739359487952,1.4615021781188464,191
Chopin/Etudes_op_10/2/TOIVIO02.mid,Chopin/Etudes_op_10/2/midi_score.mid,train,pedal_depth,0.2844199841242324,3.200280276489389,0.9721689948193716,191
Chopin/Etudes_op_10/2/TOIVIO02.mid,Chopin/Etudes_op_10/2/midi_score.mid,train,pedal_down_ratio,0.10935560849091021,4.0757996208943,1.108672480899639,191
Chopin/Etudes_op_10/2/TOIVIO02.mid,Chopin/Etudes_op_10/2/midi_score.mid,train,pedal_changes,0.44005302029396703,3.6734860824539863,1.3141708163527552,191
Chopin/Etudes_op_10/2/YeSijing03.mid,Chopin/Etudes_op_10/2/midi_score.mid,train,tempo,0.980862006302794,2.197373696091646,1.102196412982932,191
Chopin/Etudes_op_10/2/YeSijing03.mid,Chopin/Etudes_op_10/2/midi_score.mid,train,rubato,0.6449523177654771,3.663601800052186,1.797348855558706,191
Chopin/Etudes_op_10/2/YeSijing03.mid,Chopin/Etudes_op_10/2/midi_score.mid,train,dynamics,0.2944375050428443,3.135491453751552,0.9248167633021164,191
Chopin/Etudes_op_10/2/YeSijing03.mid,Chopin/Etudes_op_10/2/midi_score.mid,train,articulation,-0.2500317324072481,3.518942242108297,1.5479794767718658,191
Chopin/Etudes_op_10/2/YeSijing03.mid,Chopin/Etudes_op_10/2/midi_score.mid,train,pedal_depth,-0.07262937936289397,2.0544747412441007,0.9769947139070996,191
Chopin/Etudes_op_10/2/YeSijing03.mid,Chopin/Etudes_op_10/2/midi_score.mid,train,pedal_down_ratio,0.06014412030721128,1.9003301455733919,0.9420851347169208,191
Chopin/Etudes_op_10/2/YeSijing03.mid,Chopin/Etudes_op_10/2/midi_score.mid,train,pedal_changes,0.05739822003834353,2.4489907216359907,1.0332607501128832,191
Chopin/Etudes_op_10/4/ADIG02.mid,Chopin/Etudes_op_10/4/midi_score.mid,train,tempo,0.440826105398959,2.902371304799016,1.2966239965863304,321
Chopin/Etudes_op_10/4/ADIG02.mid,Chopin/Etudes_op_10/4/midi_score.mid,train,rubato,0.8062921476394005,4.496834187876363,1.9797036046570284,321
Chopin/Etudes_op_10/4/ADIG02.mid,Chopin/Etudes_op_10/4/midi_score.mid,train,dynamics,0.6678684474044396,2.8109314484381587,0.9994312801252543,321
Chopin/Etudes_op_10/4/ADIG02.mid,Chopin/Etudes_op_10/4/midi_score.mid,train,articulation,0.835805637589567,3.5850101131723013,1.5059844044415776,321
Chopin/Etudes_op_10/4/ADIG02.mid,Chopin/Etudes_op_10/4/midi_score.mid,train,pedal_depth,0.08186152130934739,3.574368201805272,1.0757260067469416,321
Chopin/Etudes_op_10/4/ADIG02.mid,Chopin/Etudes_op_10/4/midi_score.mid,train,pedal_down_ratio,-0.048321192098450906,3.99941375619092,1.04772549352931,321
Chopin/Etudes_op_10/4/ADIG02.mid,Chopin/Etudes_op_10/4/midi_score.mid,train,pedal_changes,0.20598139216902608,3.9136464512114952,1.1478127046490874,321
Chopin/Etudes_op_10/4/Arciglione04.mid,Chopin/Etudes_op_10/4/midi_score.mid,train,tempo,-0.6348310566129518,3.2690648701148257,1.5479843056694562,321
Chopin/Etudes_op_10/4/Arciglione04.mid,Chopin/Etudes_op_10/4/midi_score.mid,train,rubato,0.6927089150049397,5.1636016868947126,2.3022351805199657,321
Chopin/Etudes_op_10/4/Arciglione04.mid,Chopin/Etudes_op_10/4/midi_score.mid,train,dynamics,0.22116061586294397,2.9516724183169885,1.0710496096125026,321
Chopin/Etudes_op_10/4/Arciglione04.mid,Chopin/Etudes_op_10/4/midi_score.mid,train,articulation,0.06549198295639871,3.8641129020083422,1.6193405830664305,321
Chopin/Etudes_op_10/4/Arciglione04.mid,Chopin/Etudes_op_10/4/midi_score.mid,train,pedal_depth,0.5271515915136289,2.370219493732919,0.8977403133039131,321
Chopin/Etudes_op_10/4/Arciglione04.mid,Chopin/Etudes_op_10/4/midi_score.mid,train,pedal_down_ratio,0.416549435144539,3.1054880265660527,0.8237569619510198,321
Chopin/Etudes_op_10/4/Arciglione04.mid,Chopin/Etudes_op_10/4/midi_score.mid,train,pedal_changes,0.23829219878377528,2.609097634140997,1.1570137559357327,321
Chopin/Etudes_op_10/4/BLINOV03.mid,Chopin/Etudes_op_10/4/midi_score.mid,train,tempo,-1.2144602016333017,2.5220629055020702,1.1681652558865983,321
Chopin/Etudes_op_10/4/BLINOV03.mid,Chopin/Etudes_op_10/4/midi_score.mid,train,rubato,0.7276254843996054,3.8474910492637564,1.7120598215256928,321
Chopin/Etudes_op_10/4/BLINOV03.mid,Chopin/Etudes_op_10/4/midi_score.mid,train,dynamics,0.5067423380490704,2.9643847308330296,0.9089298485235916,321
Chopin/Etudes_op_10/4/BLINOV03.mid,Chopin/Etudes_op_10/4/midi_score.mid,train,articulation,0.5865544896827422,4.223158507041333,1.7257647512070349,321
Chopin/Etudes_op_10/4/BLINOV03.mid,Chopin/Etudes_op_10/4/midi_score.mid,train,pedal_depth,-0.3358830171535457,3.059973382756213,1.1320261055947707,321
Chopin/Etudes_op_10/4/BLINOV03.mid,Chopin/Etudes_op_10/4/midi_score.mid,train,pedal_down_ratio,-0.3004850918840884,2.7336832419529373,1.1229940503541354,321
Chopin/Etudes_op_10/4/BLINOV03.mid,Chopin/Etudes_op_10/4/midi_score.mid,train,pedal_changes,-0.1090489723247785,3.1961446018227204,1.0713633424746163,321
Chopin/Etudes_op_10/4/Day02.mid,Chopin/Etudes_op_10/4/midi_score.mid,train,tempo,0.2479918943125113,2.2461742583106954,1.0493868208642794,321
Chopin/Etudes_op_10/4/Day02.mid,Chopin/Etudes_op_10/4/midi_score.mid,train,rubato,0.6319245516513835,3.624835112174078,1.6272337176640326,321
Chopin/Etudes_op_10/4/Day02.mid,Chopin/Etudes_op_10/4/midi_score.mid,train,dynamics,-0.6768909314504103,2.690849511596497,1.0180885350981046,321
Chopin/Etudes_op_10/4/Day02.mid,Chopin/Etudes_op_10/4/midi_score.mid,train,articulation,-0.3954747418046475,4.422302245319022,1.9008996272295386,321
Chopin/Etudes_op_10/4/Day02.mid,Chopin/Etudes_op_10/4/midi_score.mid,train,pedal_depth,-0.5915651515018843,2.609964127539133,0.8863483807403545,321
Chopin/Etudes_op_10/4/Day02.mid,Chopin/Etudes_op_10/4/midi_score.mid,train,pedal_down_ratio,-0.6078779900976147,3.3840994347753743,0.9768042897246159,321
Chopin/Etudes_op_10/4/Day02.mid,Chopin/Etudes_op_10/4/midi_score.mid,train,pedal_changes,-0.26656415457168076,3.9136464512114952,1.0885455249646045,321
Chopin/Etudes_op_10/4/Duepree02.mid,Chopin/Etudes_op_10/4/midi_score.mid,train,tempo,-0.758291827622478,2.7886253867010993,1.0894880681446373,321
Chopin/Etudes_op_10/4/Duepree02.mid,Chopin/Etudes_op_10/4/midi_score.mid,train,rubato,0.7200620842488569,4.060845955642691,1.5933308431426176,321
Chopin/Etudes_op_10/4/Duepree02.mid,Chopin/Etudes_op_10/4/midi_score.mid,train,dynamics,-0.2932987729357313,2.4974613003796438,0.8384060585105532,321
Chopin/Etudes_op_10/4/Duepree02.mid,Chopin/Etudes_op_10/4/midi_score.mid,train,articulation,-0.7966849950001629,3.898809114826012,1.7328494607179874,321
Chopin/Etudes_op_10/4/Duepree02.mid,Chopin/Etudes_op_10/4/midi_score.mid,train,pedal_depth,-0.5083537724580365,2.215851456746795,0.7716653084575089,321
Chopin/Etudes_op_10/4/Duepree02.mid,Chopin/Etudes_op_10/4/midi_score.mid,train,pedal_down_ratio,-0.0771744107769187,2.1761724214464073,0.8510186920701083,321
Chopin/Etudes_op_10/4/Duepree02.mid,Chopin/Etudes_op_10/4/midi_score.mid,train,pedal_changes,0.004038850826843644,2.609097634140997,1.0102368347182575,321
Chopin/Etudes_op_10/4/Duepree06M.mid,Chopin/Etudes_op_10/4/midi_score.mid,train,tempo,-0.5348157218147467,2.8303903848982985,1.1590153629357356,321
Chopin/Etudes_op_10/4/Duepree06M.mid,Chopin/Etudes_op_10/4/midi_score.mid,train,rubato,0.7391365537527972,4.447782865036731,1.7178980478923527,321
Chopin/Etudes_op_10/4/Duepree06M.mid,Chopin/Etudes_op_10/4/midi_score.mid,train,dynamics,0.6101074244732194,2.442978591459088,0.9049069344796925,321
Chopin/Etudes_op_10/4/Duepree06M.mid,Chopin/Etudes_op_10/4/midi_score.mid,train,articulation,-0.4878181683816548,3.948539799931418,1.7306945457309495,321
Chopin/Etudes_op_10/4/Duepree06M.mid,Chopin/Etudes_op_10/4/midi_score.mid,train,pedal_depth,-0.3260349921315332,2.3732124298421176,0.7036034177842,321
Chopin/Etudes_op_10/4/Duepree06M.mid,Chopin/Etudes_op_10/4/midi_score.mid,train,pedal_down_ratio,-0.12915210793877446,2.406905559774869,0.7792878676392492,321
Chopin/Etudes_op_10/4/Duepree06M.mid,Chopin/Etudes_op_10/4/midi_score.mid,train,pedal_changes,-0.03634965744159284,2.609097634140997,1.0180783769684179,321
Chopin/Etudes_op_10/4/Dulu02.mid,Chopin/Etudes_op_10/4/midi_score.mid,train,tempo,0.2820782304604475,3.1273896528241933,1.1236530681392027,321
Chopin/Etudes_op_10/4/Dulu02.mid,Chopin/Etudes_op_10/4/midi_score.mid,train,rubato,0.7062531583882284,4.755420102529459,1.770178124709864,321
Chopin/Etudes_op_10/4/Dulu02.mid,Chopin/Etudes_op_10/4/midi_score.mid,train,dynamics,0.24125267346269405,2.547888724085804,0.8278476168462537,321
Chopin/Etudes_op_10/4/Dulu02.mid,Chopin/Etudes_op_10/4/midi_score.mid,train,articulation,0.2181927361979065,3.9325849917195104,1.7482354680985257,321
Chopin/Etudes_op_10/4/Dulu02.mid,Chopin/Etudes_op_10/4/midi_score.mid,train,pedal_depth,-0.16563926440170032,2.69847539560192,0.8962810693926804,321
Chopin/Etudes_op_10/4/Dulu02.mid,Chopin/Etudes_op_10/4/midi_score.mid,train,pedal_down_ratio,0.09878667485366732,2.7340000135365066,1.0054345276685073,321
Chopin/Etudes_op_10/4/Dulu02.mid,Chopin/Etudes_op_10/4/midi_score.mid,train,pedal_changes,0.31906921532064825,3.9136464512114952,1.010236832200572,321
Chopin/Etudes_op_10/4/EVSTIO02.mid,Chopin/Etudes_op_10/4/midi_score.mid,train,tempo,-0.11716418434754022,2.7106743131299447,1.0291947179938086,321
Chopin/Etudes_op_10/4/EVSTIO02.mid,Chopin/Etudes_op_10/4/midi_score.mid,train,rubato,0.7149726340742961,4.265695137949544,1.5721541899562828,321
Chopin/Etudes_op_10/4/EVSTIO02.mid,Chopin/Etudes_op_10/4/midi_score.mid,train,dynamics,-0.5002707469893367,2.771974389809716,0.9339746725671525,321
Chopin/Etudes_op_10/4/EVSTIO02.mid,Chopin/Etudes_op_10/4/midi_score.mid,train,articulation,-0.2193813029839082,3.23689456658915,1.386471681653071,321
Chopin/Etudes_op_10/4/EVSTIO02.mid,Chopin/Etudes_op_10/4/midi_score.mid,train,pedal_depth,0.11461487274796366,3.2600295200964724,1.07176624171336,321
Chopin/Etudes_op_10/4/EVSTIO02.mid,Chopin/Etudes_op_10/4/midi_score.mid,train,pedal_down_ratio,0.14349525624411283,3.3069028873306574,1.1829971318276222,321
Chopin/Etudes_op_10/4/EVSTIO02.mid,Chopin/Etudes_op_10/4/midi_score.mid,train,pedal_changes,0.0161554033073746,2.609097634140997,1.2302996183686543,321
Chopin/Etudes_op_10/4/Fung02.mid,Chopin/Etudes_op_10/4/midi_score.mid,train,tempo,0.333415738664672,2.8401128208251523,1.2586495370190447,321
Chopin/Etudes_op_10/4/Fung02.mid,Chopin/Etudes_op_10/4/midi_score.mid,train,rubato,0.7407725781254811,4.299018224050211,1.9211073142308794,321
Chopin/Etudes_op_10/4/Fung02.mid,Chopin/Etudes_op_10/4/midi_score.mid,train,dynamics,-0.03752386122325647,2.4852283359976908,0.8850702745458501,321
Chopin/Etudes_op_10/4/Fung02.mid,Chopin/Etudes_op_10/4/midi_score.mid,train,articulation,-0.11241128619933544,4.402407454602842,1.762046480238402,321
Chopin/Etudes_op_10/4/Fung02.mid,Chopin/Etudes_op_10/4/midi_score.mid,train,pedal_depth,0.6680507757475631,3.6540221414589027,1.3454586339835037,321
Chopin/Etudes_op_10/4/Fung02.mid,Chopin/Etudes_op_10/4/midi_score.mid,train,pedal_down_ratio,0.6155384934121082,3.881083846717062,1.3854078570485817,321
Chopin/Etudes_op_10/4/Fung02.mid,Chopin/Etudes_op_10/4/midi_score.mid,train,pedal_changes,0.08481586736371662,3.9136464512114952,1.4388593694985417,321
Chopin/Etudes_op_10/4/GORDEL02.mid,Chopin/Etudes_op_10/4/midi_score.mid,train,tempo,-1.2228323163963666,2.3887744046708264,1.1429399551854076,321
Chopin/Etudes_op_10/4/GORDEL02.mid,Chopin/Etudes_op_10/4/midi_score.mid,train,rubato,0.5908795966047645,3.6383226652108984,1.7360279630340618,321
Chopin/Etudes_op_10/4/GORDEL02.mid,Chopin/Etudes_op_10/4/midi_score.mid,train,dynamics,-0.8076988177248613,3.125388182110834,1.1988647386380777,321
Chopin/Etudes_op_10/4/GORDEL02.mid,Chopin/Etudes_op_10/4/midi_score.mid,train,articulation,-0.27544305835780036,3.7929434959253188,1.602954734982433,321
Chopin/Etudes_op_10/4/GORDEL02.mid,Chopin/Etudes_op_10/4/midi_score.mid,train,pedal_depth,0.42351916054495325,2.935652456259648,1.1601046634900236,321
Chopin/Etudes_op_10/4/GORDEL02.mid,Chopin/Etudes_op_10/4/midi_score.mid,train,pedal_down_ratio,0.2867131594884659,3.3005867474225132,1.1399798119385314,321
Chopin/Etudes_op_10/4/GORDEL02.mid,Chopin/Etudes_op_10/4/midi_score.mid,train,pedal_changes,0.2625253037448371,3.9136464512114952,1.333687541996573,321
Chopin/Etudes_op_10/4/JiaRan_2009_02.mid,Chopin/Etudes_op_10/4/midi_score.mid,train,tempo,0.30782314220856266,2.1211847577672645,0.9240355728623003,321
Chopin/Etudes_op_10/4/JiaRan_2009_02.mid,Chopin/Etudes_op_10/4/midi_score.mid,train,rubato,0.5880433177782403,3.429149597352753,1.4167745977456883,321
Chopin/Etudes_op_10/4/JiaRan_2009_02.mid,Chopin/Etudes_op_10/4/midi_score.mid,train,dynamics,-0.08141624848572813,2.3368605015344732,0.9517930177779493,321
Chopin/Etudes_op_10/4/JiaRan_2009_02.mid,Chopin/Etudes_op_10/4/midi_score.mid,train,articulation,-0.518648757716192,4.488478949342963,1.881311016306077,321
Chopin/Etudes_op_10/4/JiaRan_2009_02.mid,Chopin/Etudes_op_10/4/midi_score.mid,train,pedal_depth,-0.20564467567737515,3.5030335827206454,1.1348136891099374,321
Chopin/Etudes_op_10/4/JiaRan_2009_02.mid,Chopin/Etudes_op_10/4/midi_score.mid,train,pedal_down_ratio,-0.26204119772584816,2.913029853005988,1.0223148229133,321
Chopin/Etudes_op_10/4/JiaRan_2009_02.mid,Chopin/Etudes_op_10/4/midi_score.mid,train,pedal_changes,-0.08481586736371662,2.609097634140997,1.1338711450623233,321
Chopin/Etudes_op_10/4/Katyukova02.mid,Chopin/Etudes_op_10/4/midi_score.mid,train,tempo,0.8454842558339583,2.291201902533057,0.9592352519980317,321
Chopin/Etudes_op_10/4/Katyukova02.mid,Chopin/Etudes_op_10/4/midi_score.mid,train,rubato,0.6628671668103587,3.6695304652258174,1.39342902539481,321
Chopin/Etudes_op_10/4/Katyukova02.mid,Chopin/Etudes_op_10/4/midi_score.mid,train,dynamics,-0.6768685717644859,2.8149431565494467,1.034276484770879,321
Chopin/Etudes_op_10/4/Katyukova02.mid,Chopin/Etudes_op_10/4/midi_score.mid,train,articulation,0.03819478546839838,3.3932364643805126,1.4088004059412864,321
Chopin/Etudes_op_10/4/Katyukova02.mid,Chopin/Etudes_op_10/4/midi_score.mid,train,pedal_depth,0.2539364644237994,3.157990542507592,1.0423402325543891,321
Chopin/Etudes_op_10/4/Katyukova02.mid,Chopin/Etudes_op_10/4/midi_score.mid,train,pedal_down_ratio,0.13209887824697167,4.073106456815928,1.1404201510197571,321
Chopin/Etudes_op_10/4/Katyukova02.mid,Chopin/Etudes_op_10/4/midi_score.mid,train,pedal_changes,0.5452448616238925,3.9136464512114952,1.1684131797607626,321
Chopin/Etudes_op_10/4/Knoll03M.mid,Chopin/Etudes_op_10/4/midi_score.mid,train,tempo,0.9070892254714606,2.8528218572032844,1.218319280074892,321
Chopin/Etudes_op_10/4/Knoll03M.mid,Chopin/Etudes_op_10/4/midi_score.mid,train,rubato,0.7101899893688783,4.013222036426268,1.8138089435360878,321
Chopin/Etudes_op_10/4/Knoll03M.mid,Chopin/Etudes_op_10/4/midi_score.mid,train,dynamics,0.4513098330780418,2.758520685512953,0.9466733807161082,321
Chopin/Etudes_op_10/4/Knoll03M.mid,Chopin/Etudes_op_10/4/midi_score.mid,train,articulation,-0.39468783918565176,3.6908045133167433,1.6293375042670442,321
Chopin/Etudes_op_10/4/Knoll03M.mid,Chopin/Etudes_op_10/4/midi_score.mid,train,pedal_depth,-0.0600044407837234,2.7433932717578404,1.0942255257140516,321
Chopin/Etudes_op_10/4/Knoll03M.mid,Chopin/Etudes_op_10/4/midi_score.mid,train,pedal_down_ratio,-0.04328212317561357,2.434408708787627,1.0481566875194,321
Chopin/Etudes_op_10/4/Knoll03M.mid,Chopin/Etudes_op_10/4/midi_score.mid,train,pedal_changes,-0.012116552480530965,2.609097634140997,1.1478127096085229,321
Chopin/Etudes_op_10/4/Kurz03M.mid,Chopin/Etudes_op_10/4/midi_score.mid,train,tempo,-0.48655415566845606,2.3019652235332715,1.1430401968840866,321
Chopin/Etudes_op_10/4/Kurz03M.mid,Chopin/Etudes_op_10/4/midi_score.mid,train,rubato,0.6301564593682567,3.558582000432429,1.777093679571522,321
Chopin/Etudes_op_10/4/Kurz03M.mid,Chopin/Etudes_op_10/4/midi_score.mid,train,dynamics,-0.1364780080288763,4.154951278432494,1.275465607134104,321
Chopin/Etudes_op_10/4/Kurz03M.mid,Chopin/Etudes_op_10/4/midi_score.mid,train,articulation,-0.293844943080042,4.348023649209008,1.672597369693507,321
Chopin/Etudes_op_10/4/Kurz03M.mid,Chopin/Etudes_op_10/4/midi_score.mid,train,pedal_depth,0.10454045858643336,3.316301524188556,1.1474201105006063,321
Chopin/Etudes_op_10/4/Kurz03M.mid,Chopin/Etudes_op_10/4/midi_score.mid,train,pedal_down_ratio,-0.14752382939641795,3.4110129479655598,1.2197154317991004,321
Chopin/Etudes_op_10/4/Kurz03M.mid,Chopin/Etudes_op_10/4/midi_score.mid,train,pedal_changes,-0.1857871380348078,3.9136464512114952,1.1864244668143522,321
Chopin/Etudes_op_10/4/LeeSH03M.mid,Chopin/Etudes_op_10/4/midi_score.mid,train,tempo,0.3725569106064869,2.2766613355836776,0.9804979882579196,321
Chopin/Etudes_op_10/4/LeeSH03M.mid,Chopin/Etudes_op_10/4/midi_score.mid,train,rubato,0.5654840682433625,3.3321189753643186,1.4795801522347447,321
Chopin/Etudes_op_10/4/LeeSH03M.mid,Chopin/Etudes_op_10/4/midi_score.mid,train,dynamics,0.6013121917162554,3.3771705830224095,1.0276673206805325,321
Chopin/Etudes_op_10/4/LeeSH03M.mid,Chopin/Etudes_op_10/4/midi_score.mid,train,articulation,0.5369007735251364,4.136816944109313,1.815676965976477,321
Chopin/Etudes_op_10/4/LeeSH03M.mid,Chopin/Etudes_op_10/4/midi_score.mid,train,pedal_depth,0.050473437576579655,3.990287832788363,1.1503218909519608,321
Chopin/Etudes_op_10/4/LeeSH03M.mid,Chopin/Etudes_op_10/4/midi_score.mid,train,pedal_down_ratio,0.03607480558348558,3.1603317623773357,1.046560445170184,321
Chopin/Etudes_op_10/4/LeeSH03M.mid,Chopin/Etudes_op_10/4/midi_score.mid,train,pedal_changes,-0.012116552480530944,2.609097634140997,1.1774532672230862,321
Chopin/Etudes_op_10/4/MATSUM02.mid,Chopin/Etudes_op_10/4/midi_score.mid,train,tempo,-0.490854373536735,3.4227259240019494,1.4685593988413093,321
Chopin/Etudes_op_10/4/MATSUM02.mid,Chopin/Etudes_op_10/4/midi_score.mid,train,rubato,0.6820100520385678,5.271003750985706,2.2402457055789817,321
Chopin/Etudes_op_10/4/MATSUM02.mid,Chopin/Etudes_op_10/4/midi_score.mid,train,dynamics,-0.4035463613653686,3.3172328923359222,1.073796580443865,321
Chopin/Etudes_op_10/4/MATSUM02.mid,Chopin/Etudes_op_10/4/midi_score.mid,train,articulation,0.2021063397292208,4.112698171317477,1.6788386400714552,321
Chopin/Etudes_op_10/4/MATSUM02.mid,Chopin/Etudes_op_10/4/midi_score.mid,train,pedal_depth,0.4710804904017152,2.5021583741871316,0.7402184473458334,321
Chopin/Etudes_op_10/4/MATSUM02.mid,Chopin/Etudes_op_10/4/midi_score.mid,train,pedal_down_ratio,0.378752926060016,2.6010726158979787,0.8864831444676109,321
Chopin/Etudes_op_10/4/MATSUM02.mid,Chopin/Etudes_op_10/4/midi_score.mid,train,pedal_changes,-0.07269931488318566,3.9136464512114952,1.311641602759312,321
Chopin/Etudes_op_10/4/Richardson_2013_03M.mid,Chopin/Etudes_op_10/4/midi_score.mid,train,tempo,-0.07821159241979396,2.590735701655889,1.0353175273651127,321
Chopin/Etudes_op_10/4/Richardson_2013_03M.mid,Chopin/Etudes_op_10/4/midi_score.mid,train,rubato,0.6057856811539639,3.941389960252513,1.63798762408619,321
Chopin/Etudes_op_10/4/Richardson_2013_03M.mid,Chopin/Etudes_op_10/4/midi_score.mid,train,dynamics,0.4460254985836548,2.9506274393846743,0.938500459951955,321
Chopin/Etudes_op_10/4/Richardson_2013_03M.mid,Chopin/Etudes_op_10/4/midi_score.mid,train,articulation,-0.0827233995886462,3.8745437968671173,1.6928528840886516,321
Chopin/Etudes_op_10/4/Richardson_2013_03M.mid,Chopin/Etudes_op_10/4/midi_score.mid,train,pedal_depth,0.02105560400073295,2.776930493639639,0.7798659168802657,321
Chopin/Etudes_op_10/4/Richardson_2013_03M.mid,Chopin/Etudes_op_10/4/midi_score.mid,train,pedal_down_ratio,0.08122554048116434,2.8190029654985675,0.8654873760659805,321
Chopin/Etudes_op_10/4/Richardson_2013_03M.mid,Chopin/Etudes_op_10/4/midi_score.mid,train,pedal_changes,0.07269931488318569,2.609097634140997,1.2452907647871125,321
Chopin/Etudes_op_10/4/Sladek03M.mid,Chopin/Etudes_op_10/4/midi_score.mid,train,tempo,0.5258414258822101,3.678389576221063,1.8281150261878352,321
Chopin/Etudes_op_10/4/Sladek03M.mid,Chopin/Etudes_op_10/4/midi_score.mid,train,rubato,0.9712074644244653,5.532257544488373,2.7371189580612576,321
Chopin/Etudes_op_10/4/Sladek03M.mid,Chopin/Etudes_op_10/4/midi_score.mid,train,dynamics,-0.713111169295563,3.3327829458057696,1.0127519932648366,321
Chopin/Etudes_op_10/4/Sladek03M.mid,Chopin/Etudes_op_10/4/midi_score.mid,train,articulation,0.17564386573298713,3.351781094747381,1.4999062834790404,321
Chopin/Etudes_op_10/4/Sladek03M.mid,Chopin/Etudes_op_10/4/midi_score.mid,train,pedal_depth,0.21272510716662052,3.1584011719087286,0.978184031810556,321
Chopin/Etudes_op_10/4/Sladek03M.mid,Chopin/Etudes_op_10/4/midi_score.mid,train,pedal_down_ratio,-0.057912248159565125,3.328509734858404,1.0983568246843958,321
Chopin/Etudes_op_10/4/Sladek03M.mid,Chopin/Etudes_op_10/4/midi_score.mid,train,pedal_changes,-0.02423310496106188,2.609097634140997,1.2041663800403077,321
Chopin/Etudes_op_10/4/Yi03M.mid,Chopin/Etudes_op_10/4/midi_score.mid,train,tempo,-0.566124518014585,2.7165736070937934,1.29970529957033,321
Chopin/Etudes_op_10/4/Yi03M.mid,Chopin/Etudes_op_10/4/midi_score.mid,train,rubato,0.6650134799160852,4.076793623396762,2.010194984273985,321
Chopin/Etudes_op_10/4/Yi03M.mid,Chopin/Etudes_op_10/4/midi_score.mid,train,dynamics,-0.35763949218211794,3.0005531453771574,1.1202576110907865,321
Chopin/Etudes_op_10/4/Yi03M.mid,Chopin/Etudes_op_10/4/midi_score.mid,train,articulation,-0.23586706630609383,3.5845680336535644,1.565529782569789,321
Chopin/Etudes_op_10/4/Yi03M.mid,Chopin/Etudes_op_10/4/midi_score.mid,train,pedal_depth,-0.10446107212703605,3.011923881687305,1.0174705869052671,321
Chopin/Etudes_op_10/4/Yi03M.mid,Chopin/Etudes_op_10/4/midi_score.mid,train,pedal_down_ratio,0.0011084801453909946,3.3703442413130684,1.0871617486198693,321
Chopin/Etudes_op_10/4/Yi03M.mid,Chopin/Etudes_op_10/4/midi_score.mid,train,pedal_changes,-0.13328207728584038,2.609097634140997,1.0023339487068936,321
Chopin/Etudes_op_10/4/ZhangE03M.mid,Chopin/Etudes_op_10/4/midi_score.mid,train,tempo,0.7751404181964359,2.7838228718529847,1.1732634197065002,321
Chopin/Etudes_op_10/4/ZhangE03M.mid,Chopin/Etudes_op_10/4/midi_score.mid,train,rubato,0.7426735672111531,4.09594298741888,1.7803900560868073,321
Chopin/Etudes_op_10/4/ZhangE03M.mid,Chopin/Etudes_op_10/4/midi_score.mid,train,dynamics,-0.2725366982630698,3.0395944530715893,1.0408017594938865,321
Chopin/Etudes_op_10/4/ZhangE03M.mid,Chopin/Etudes_op_10/4/midi_score.mid,train,articulation,-0.4199459106458029,3.763647456594449,1.4317063267771668,321
Chopin/Etudes_op_10/4/ZhangE03M.mid,Chopin/Etudes_op_10/4/midi_score.mid,train,pedal_depth,-0.5906252970703316,3.450926345262729,1.1714694235381553,321
Chopin/Etudes_op_10/4/ZhangE03M.mid,Chopin/Etudes_op_10/4/midi_score.mid,train,pedal_down_ratio,-0.4942609503653189,3.455350673110494,1.270092804618333,321
Chopin/Etudes_op_10/4/ZhangE03M.mid,Chopin/Etudes_op_10/4/midi_score.mid,train,pedal_changes,-0.10501012149793489,3.9136464512114952,1.351457661541538,321
Chopin/Etudes_op_10/4/ZhaoA03M.mid,Chopin/Etudes_op_10/4/midi_score.mid,train,tempo,-0.430937570427002,1.9077352227817346,0.791241811927572,321
Chopin/Etudes_op_10/4/ZhaoA03M.mid,Chopin/Etudes_op_10/4/midi_score.mid,train,rubato,0.5223981142104523,2.8574584477819114,1.2616175918205683,321
Chopin/Etudes_op_10/4/ZhaoA03M.mid,Chopin/Etudes_op_10/4/midi_score.mid,train,dynamics,-0.19658357665975654,3.2727014506790555,1.077968540431115,321
Chopin/Etudes_op_10/4/ZhaoA03M.mid,Chopin/Etudes_op_10/4/midi_score.mid,train,articulation,-0.6403258225417121,3.822867119388901,1.5763850498666951,321
Chopin/Etudes_op_10/4/ZhaoA03M.mid,Chopin/Etudes_op_10/4/midi_score.mid,train,pedal_depth,-0.03144772502195961,4.111853923108214,1.492223696663382,321
Chopin/Etudes_op_10/4/ZhaoA03M.mid,Chopin/Etudes_op_10/4/midi_score.mid,train,pedal_down_ratio,-0.022420754567048395,3.966210492786593,1.3275438011511949,321
Chopin/Etudes_op_10/4/ZhaoA03M.mid,Chopin/Etudes_op_10/4/midi_score.mid,train,pedal_changes,0.09693241984424755,2.609097634140997,1.3136610677371683,321
Chopin/Etudes_op_10/4/Zuber02.mid,Chopin/Etudes_op_10/4/midi_score.mid,train,tempo,0.8272893341511318,2.570972664910082,1.2272154196000824,321
Chopin/Etudes_op_10/4/Zuber02.mid,Chopin/Etudes_op_10/4/midi_score.mid,train,rubato,0.6306147959759899,3.938983786107185,1.8468204568846431,321
Chopin/Etudes_op_10/4/Zuber02.mid,Chopin/Etudes_op_10/4/midi_score.mid,train,dynamics,0.7084134115980226,3.037677060535229,0.8585714236026545,321
Chopin/Etudes_op_10/4/Zuber02.mid,Chopin/Etudes_op_10/4/midi_score.mid,train,articulation,0.339024701652872,3.925567627135055,1.5535159241114687,321
Chopin/Etudes_op_10/4/Zuber02.mid,Chopin/Etudes_op_10/4/midi_score.mid,train,pedal_depth,0.20902231567922358,3.468971266451671,1.099745449433412,321
Chopin/Etudes_op_10/4/Zuber02.mid,Chopin/Etudes_op_10/4/midi_score.mid,train,pedal_down_ratio,0.13527081901113291,3.7543843136753656,1.1953023325660923,321
Chopin/Etudes_op_10/4/Zuber02.mid,Chopin/Etudes_op_10/4/midi_score.mid,train,pedal_changes,-0.09693241984424757,3.2613720426762463,1.3396371028142176,321
Chopin/Etudes_op_10/5/Bach02.mid,Chopin/Etudes_op_10/5/midi_score.mid,test,tempo,1.2024012829401347,3.371920516528654,1.3359018563477891,167
Chopin/Etudes_op_10/5/Bach02.mid,Chopin/Etudes_op_10/5/midi_score.mid,test,rubato,0.8616618088882734,5.819987937876173,2.30903946934939,167
Chopin/Etudes_op_10/5/Bach02.mid,Chopin/Etudes_op_10/5/midi_score.mid,test,dynamics,0.7347879439559604,3.009328411594704,1.0909235598600895,167
Chopin/Etudes_op_10/5/Bach02.mid,Chopin/Etudes_op_10/5/midi_score.mid,test,articulation,0.37011387606952173,3.2138510250488213,1.4211846627235944,167
Chopin/Etudes_op_10/5/Bach02.mid,Chopin/Etudes_op_10/5/midi_score.mid,test,pedal_depth,0.7191519293997208,2.9690021568240925,1.2920524586271258,167
Chopin/Etudes_op_10/5/Bach02.mid,Chopin/Etudes_op_10/5/midi_score.mid,test,pedal_down_ratio,0.5764124293034778,2.9010955583458005,1.495375510050161,167
Chopin/Etudes_op_10/5/Bach02.mid,Chopin/Etudes_op_10/5/midi_score.mid,test,pedal_changes,-0.07707545955791437,2.1581128676216026,1.075820823524739,167
Chopin/Etudes_op_10/5/Feiner_2006_02.mid,Chopin/Etudes_op_10/5/midi_score.mid,test,tempo,-1.2152546164906681,2.423655839322086,1.0396241464988532,167
Chopin/Etudes_op_10/5/Feiner_2006_02.mid,Chopin/Etudes_op_10/5/midi_score.mid,test,rubato,0.6887933925837781,4.988511895283508,1.9865702416567799,167
Chopin/Etudes_op_10/5/Feiner_2006_02.mid,Chopin/Etudes_op_10/5/midi_score.mid,test,dynamics,-0.04905915963150483,2.725651224234798,1.0239601478879208,167
Chopin/Etudes_op_10/5/Feiner_2006_02.mid,Chopin/Etudes_op_10/5/midi_score.mid,test,articulation,0.17750089295360308,3.8690027715174677,1.5797179400354306,167
Chopin/Etudes_op_10/5/Feiner_2006_02.mid,Chopin/Etudes_op_10/5/midi_score.mid,test,pedal_depth,-0.38519630847970276,2.8307764864563953,0.7676287699039346,167
Chopin/Etudes_op_10/5/Feiner_2006_02.mid,Chopin/Etudes_op_10/5/midi_score.mid,test,pedal_down_ratio,-0.13077920741038238,2.563808903494462,0.9578967379520779,167
Chopin/Etudes_op_10/5/Feiner_2006_02.mid,Chopin/Etudes_op_10/5/midi_score.mid,test,pedal_changes,0.7001020909843889,4.316225735243205,1.7375201770785438,167
Chopin/Etudes_op_10/5/KimEunhae04.mid,Chopin/Etudes_op_10/5/midi_score.mid,test,tempo,-0.0362077549506549,2.25307586281259,0.8816739033281753,167
Chopin/Etudes_op_10/5/KimEunhae04.mid,Chopin/Etudes_op_10/5/midi_score.mid,test,rubato,0.5303883339020095,3.789365374947451,1.6185295385466394,167
Chopin/Etudes_op_10/5/KimEunhae04.mid,Chopin/Etudes_op_10/5/midi_score.mid,test,dynamics,-0.0677177809138951,2.952955134258254,1.0353713405872544,167
Chopin/Etudes_op_10/5/KimEunhae04.mid,Chopin/Etudes_op_10/5/midi_score.mid,test,articulation,-0.860222655242473,4.405747258493349,1.8606004589409215,167
Chopin/Etudes_op_10/5/KimEunhae04.mid,Chopin/Etudes_op_10/5/midi_score.mid,test,pedal_depth,-0.30814825822647973,3.6282802744499056,1.3936309902633635,167
Chopin/Etudes_op_10/5/KimEunhae04.mid,Chopin/Etudes_op_10/5/midi_score.mid,test,pedal_down_ratio,-0.4624212337862832,3.726948050673712,1.3601660566277267,167
Chopin/Etudes_op_10/5/KimEunhae04.mid,Chopin/Etudes_op_10/5/midi_score.mid,test,pedal_changes,-0.2183804687474241,3.237169301432404,1.114027480145191,167
Chopin/Etudes_op_10/5/Koshoeva02.mid,Chopin/Etudes_op_10/5/midi_score.mid,test,tempo,-0.28114618228238947,2.7604537205641524,1.1258849161321314,167
Chopin/Etudes_op_10/5/Koshoeva02.mid,Chopin/Etudes_op_10/5/midi_score.mid,test,rubato,0.6470457453180298,4.896223766493007,2.077389710634203,167
Chopin/Etudes_op_10/5/Koshoeva02.mid,Chopin/Etudes_op_10/5/midi_score.mid,test,dynamics,-0.32909796135518476,3.1920574965900785,1.0886626207531689,167
Chopin/Etudes_op_10/5/Koshoeva02.mid,Chopin/Etudes_op_10/5/midi_score.mid,test,articulation,-0.5508415397346779,3.4132037660476158,1.6395039939753426,167
Chopin/Etudes_op_10/5/Koshoeva02.mid,Chopin/Etudes_op_10/5/midi_score.mid,test,pedal_depth,-0.7396238404960263,2.8037003038272443,0.9663961568900502,167
Chopin/Etudes_op_10/5/Koshoeva02.mid,Chopin/Etudes_op_10/5/midi_score.mid,test,pedal_down_ratio,-0.4510547638924655,2.9280887566742573,1.360931988566341,167
Chopin/Etudes_op_10/5/Koshoeva02.mid,Chopin/Etudes_op_10/5/midi_score.mid,test,pedal_changes,0.2183804687474241,3.237169301432404,1.3669521129406543,167
Chopin/Etudes_op_10/5/LIAO03.mid,Chopin/Etudes_op_10/5/midi_score.mid,test,tempo,-0.7326428024349281,2.3713144616077484,1.017724130502616,167
Chopin/Etudes_op_10/5/LIAO03.mid,Chopin/Etudes_op_10/5/midi_score.mid,test,rubato,0.48299544912360065,3.5084648214665775,1.5818137469837918,167
Chopin/Etudes_op_10/5/LIAO03.mid,Chopin/Etudes_op_10/5/midi_score.mid,test,dynamics,-0.8180345304043944,3.2023921938936146,1.0389675171202732,167
Chopin/Etudes_op_10/5/LIAO03.mid,Chopin/Etudes_op_10/5/midi_score.mid,test,articulation,-0.19612307500163187,3.966705455444705,1.6541863475390641,167
Chopin/Etudes_op_10/5/LIAO03.mid,Chopin/Etudes_op_10/5/midi_score.mid,test,pedal_depth,-0.25432691647030076,2.750863103081302,1.4710633674567164,167
Chopin/Etudes_op_10/5/LIAO03.mid,Chopin/Etudes_op_10/5/midi_score.mid,test,pedal_down_ratio,-0.00018177326025450724,3.613869980831052,1.591955603757145,167
Chopin/Etudes_op_10/5/LIAO03.mid,Chopin/Etudes_op_10/5/midi_score.mid,test,pedal_changes,0.12845909926319066,4.316225735243205,1.530578265673615,167
Chopin/Etudes_op_10/5/LiA03M.mid,Chopin/Etudes_op_10/5/midi_score.mid,test,tempo,0.549911031341639,1.937224155716139,0.8746433059225671,167
Chopin/Etudes_op_10/5/LiA03M.mid,Chopin/Etudes_op_10/5/midi_score.mid,test,rubato,0.47708882774502526,3.1540630652925836,1.6292293769289639,167
Chopin/Etudes_op_10/5/LiA03M.mid,Chopin/Etudes_op_10/5/midi_score.mid,test,dynamics,0.5825636273587416,2.689937619824309,1.0033504867792897,167
Chopin/Etudes_op_10/5/LiA03M.mid,Chopin/Etudes_op_10/5/midi_score.mid,test,articulation,-0.26255739102544035,3.1221438585620467,1.352525257906592,167
Chopin/Etudes_op_10/5/LiA03M.mid,Chopin/Etudes_op_10/5/midi_score.mid,test,pedal_depth,-0.12101333326346349,4.297361094405705,1.5968234224452245,167
Chopin/Etudes_op_10/5/LiA03M.mid,Chopin/Etudes_op_10/5/midi_score.mid,test,pedal_down_ratio,-0.10432085864015266,5.2246677676748146,1.8204758665968617,167
Chopin/Etudes_op_10/5/LiA03M.mid,Chopin/Etudes_op_10/5/midi_score.mid,test,pedal_changes,0.03211477481579764,3.237169301432404,1.333386333006134,167
Chopin/Etudes_op_10/5/LiC02M.mid,Chopin/Etudes_op_10/5/midi_score.mid,test,tempo,0.1666650849489551,2.621455039078934,1.339998606909122,167
Chopin/Etudes_op_10/5/LiC02M.mid,Chopin/Etudes_op_10/5/midi_score.mid,test,rubato,0.6281235175109507,4.724102678175643,2.2661796395611877,167
Chopin/Etudes_op_10/5/LiC02M.mid,Chopin/Etudes_op_10/5/midi_score.mid,test,dynamics,0.2780415535308572,3.441983575128056,1.0674257403544232,167
Chopin/Etudes_op_10/5/LiC02M.mid,Chopin/Etudes_op_10/5/midi_score.mid,test,articulation,-0.03382462810946771,4.142524513169704,1.6992532201371513,167
Chopin/Etudes_op_10/5/LiC02M.mid,Chopin/Etudes_op_10/5/midi_score.mid,test,pedal_depth,0.3429888499980447,2.91243478213039,1.1067885022209265,167
Chopin/Etudes_op_10/5/LiC02M.mid,Chopin/Etudes_op_10/5/midi_score.mid,test,pedal_down_ratio,0.20321956362911542,2.526649975312715,0.9833207249194968,167
Chopin/Etudes_op_10/5/LiC02M.mid,Chopin/Etudes_op_10/5/midi_score.mid,test,pedal_changes,0.0385377297789572,2.1581128676216026,1.1202685813343602,167
Chopin/Etudes_op_10/5/Rozanski03.mid,Chopin/Etudes_op_10/5/midi_score.mid,test,tempo,-0.590486593510523,3.320031679074404,1.4825794467720892,167
Chopin/Etudes_op_10/5/Rozanski03.mid,Chopin/Etudes_op_10/5/midi_score.mid,test,rubato,1.0281685128587128,5.014422286770183,2.5286217926409376,167
Chopin/Etudes_op_10/5/Rozanski03.mid,Chopin/Etudes_op_10/5/midi_score.mid,test,dynamics,0.15656595196000694,3.454123386842939,1.1809551306074286,167
Chopin/Etudes_op_10/5/Rozanski03.mid,Chopin/Etudes_op_10/5/midi_score.mid,test,articulation,-0.3551160974886652,3.522537829171346,1.558923636235898,167
Chopin/Etudes_op_10/5/Rozanski03.mid,Chopin/Etudes_op_10/5/midi_score.mid,test,pedal_depth,0.2631389621461291,2.7482728967966104,1.118160936855744,167
Chopin/Etudes_op_10/5/Rozanski03.mid,Chopin/Etudes_op_10/5/midi_score.mid,test,pedal_down_ratio,0.23338855158208152,3.5994183517183416,1.2948772542509355,167
Chopin/Etudes_op_10/5/Rozanski03.mid,Chopin/Etudes_op_10/5/midi_score.mid,test,pedal_changes,1.057355261547768e-17,2.1581128676216026,1.2271927486882448,167
Chopin/Etudes_op_10/5/Tario02.mid,Chopin/Etudes_op_10/5/midi_score.mid,test,tempo,-0.4526667680333408,2.7292649454860576,1.0252914098420076,167
Chopin/Etudes_op_10/5/Tario02.mid,Chopin/Etudes_op_10/5/midi_score.mid,test,rubato,0.9012452571449945,4.907620765433755,1.8622606909897725,167
Chopin/Etudes_op_10/5/Tario02.mid,Chopin/Etudes_op_10/5/midi_score.mid,test,dynamics,0.1240320318942276,3.537561352717166,1.0655496297022937,167
Chopin/Etudes_op_10/5/Tario02.mid,Chopin/Etudes_op_10/5/midi_score.mid,test,articulation,0.7592905614896627,4.436953041080123,1.6698891472810036,167
Chopin/Etudes_op_10/5/Tario02.mid,Chopin/Etudes_op_10/5/midi_score.mid,test,pedal_depth,0.1689953755319371,3.3509385805191867,1.4879318227009044,167
Chopin/Etudes_op_10/5/Tario02.mid,Chopin/Etudes_op_10/5/midi_score.mid,test,pedal_down_ratio,0.07167803954434336,4.027921159842799,1.6081818584736458,167
Chopin/Etudes_op_10/5/Tario02.mid,Chopin/Etudes_op_10/5/midi_score.mid,test,pedal_changes,0.08992136948423345,2.1581128676216026,1.1808667657569223,167
Chopin/Etudes_op_10/5/USHIKI03.mid,Chopin/Etudes_op_10/5/midi_score.mid,test,tempo,1.8116974921030453,3.243825668991484,1.464184101442841,167
Chopin/Etudes_op_10/5/USHIKI03.mid,Chopin/Etudes_op_10/5/midi_score.mid,test,rubato,0.7234523039045476,4.590730090841708,2.398352763180662,167
Chopin/Etudes_op_10/5/USHIKI03.mid,Chopin/Etudes_op_10/5/midi_score.mid,test,dynamics,-1.3793253662129703,3.462385898646526,1.0341205072366757,167
Chopin/Etudes_op_10/5/USHIKI03.mid,Chopin/Etudes_op_10/5/midi_score.mid,test,articulation,-0.22461565544716255,3.9721266277039957,1.6059972401022895,167
Chopin/Etudes_op_10/5/USHIKI03.mid,Chopin/Etudes_op_10/5/midi_score.mid,test,pedal_depth,-0.21913720284449617,2.67232988505585,0.9819649078582144,167
Chopin/Etudes_op_10/5/USHIKI03.mid,Chopin/Etudes_op_10/5/midi_score.mid,test,pedal_down_ratio,-0.23370395352955212,2.744214296510955,1.0463047255901838,167
Chopin/Etudes_op_10/5/USHIKI03.mid,Chopin/Etudes_op_10/5/midi_score.mid,test,pedal_changes,-0.24407228860006222,3.237169301432404,1.3771154722566157,167
Chopin/Etudes_op_10/5/ZhangW03M.mid,Chopin/Etudes_op_10/5/midi_score.mid,test,tempo,-0.28888109448198945,2.712634200244739,1.056511272557144,167
Chopin/Etudes_op_10/5/ZhangW03M.mid,Chopin/Etudes_op_10/5/midi_score.mid,test,rubato,0.6499331746902532,4.888019173158523,1.825045406210577,167
Chopin/Etudes_op_10/5/ZhangW03M.mid,Chopin/Etudes_op_10/5/midi_score.mid,test,dynamics,0.08979603997001903,3.5273315237904517,1.0436444938309883,167
Chopin/Etudes_op_10/5/ZhangW03M.mid,Chopin/Etudes_op_10/5/midi_score.mid,test,articulation,0.34469933017115983,4.112335135889673,1.61655362035068,167
Chopin/Etudes_op_10/5/ZhangW03M.mid,Chopin/Etudes_op_10/5/midi_score.mid,test,pedal_depth,-0.2828650319591248,2.7287973327254944,1.1597350228334464,167
Chopin/Etudes_op_10/5/ZhangW03M.mid,Chopin/Etudes_op_10/5/midi_score.mid,test,pedal_down_ratio,-0.11657500808410964,2.575587959308514,1.1909784471144464,167
Chopin/Etudes_op_10/5/ZhangW03M.mid,Chopin/Etudes_op_10/5/midi_score.mid,test,pedal_changes,0.15415091911582876,3.237169301432404,1.2328611043165643,167
Chopin/Etudes_op_10/8/BENABD02.mid,Chopin/Etudes_op_10/8/midi_score.mid,train,tempo,0.2539253317875727,3.105517467888844,1.4556721888167934,374
Chopin/Etudes_op_10/8/BENABD02.mid,Chopin/Etudes_op_10/8/midi_score.mid,train,rubato,0.7009343493686624,4.370756069926532,2.0071762587610436,374
Chopin/Etudes_op_10/8/BENABD02.mid,Chopin/Etudes_op_10/8/midi_score.mid,train,dynamics,0.05927874718620684,3.3318702511091964,1.1226250102359225,374
Chopin/Etudes_op_10/8/BENABD02.mid,Chopin/Etudes_op_10/8/midi_score.mid,train,articulation,-0.20672538347574376,3.1196165238169518,1.194350280846399,374
Chopin/Etudes_op_10/8/BENABD02.mid,Chopin/Etudes_op_10/8/midi_score.mid,train,pedal_depth,-0.05109781979392843,3.7401818252075305,0.7886335310723614,374
Chopin/Etudes_op_10/8/BENABD02.mid,Chopin/Etudes_op_10/8/midi_score.mid,train,pedal_down_ratio,-0.1228407250608536,3.480972433034355,0.8075358983212779,374
Chopin/Etudes_op_10/8/BENABD02.mid,Chopin/Etudes_op_10/8/midi_score.mid,train,pedal_changes,0.250456153563652,3.6453489189651536,1.2179558070587624,374
Chopin/Etudes_op_10/8/Benabdallah02.mid,Chopin/Etudes_op_10/8/midi_score.mid,train,tempo,0.20819080345366572,2.5465428625221636,1.2266651076063415,374
Chopin/Etudes_op_10/8/Benabdallah02.mid,Chopin/Etudes_op_10/8/midi_score.mid,train,rubato,0.6002499564561361,3.550972937977644,1.6812925502384373,374
Chopin/Etudes_op_10/8/Benabdallah02.mid,Chopin/Etudes_op_10/8/midi_score.mid,train,dynamics,0.5612334371405739,3.2075264144429085,1.0530306019107512,374
Chopin/Etudes_op_10/8/Benabdallah02.mid,Chopin/Etudes_op_10/8/midi_score.mid,train,articulation,0.1371266987769864,3.2007217005701687,1.3448693614979355,374
Chopin/Etudes_op_10/8/Benabdallah02.mid,Chopin/Etudes_op_10/8/midi_score.mid,train,pedal_depth,-0.6193341975932054,2.6020546467599277,0.6087258271537468,374
Chopin/Etudes_op_10/8/Benabdallah02.mid,Chopin/Etudes_op_10/8/midi_score.mid,train,pedal_down_ratio,-0.2699677368706546,3.1677629387439796,0.8353564725245284,374
Chopin/Etudes_op_10/8/Benabdallah02.mid,Chopin/Etudes_op_10/8/midi_score.mid,train,pedal_changes,0.2795413843000761,3.0377907658042944,1.1340292262541187,374
Chopin/Etudes_op_10/8/CHOE01.mid,Chopin/Etudes_op_10/8/midi_score.mid,train,tempo,0.07991867264825374,2.503052143888484,1.0891177108496104,374
Chopin/Etudes_op_10/8/CHOE01.mid,Chopin/Etudes_op_10/8/midi_score.mid,train,rubato,0.5838568979306613,3.565062688300837,1.563030841000287,374
Chopin/Etudes_op_10/8/CHOE01.mid,Chopin/Etudes_op_10/8/midi_score.mid,train,dynamics,0.0456435590977553,2.4963937694168927,0.9282091966353491,374
Chopin/Etudes_op_10/8/CHOE01.mid,Chopin/Etudes_op_10/8/midi_score.mid,train,articulation,0.45835729305096545,2.8554630941937997,1.2638613939704482,374
Chopin/Etudes_op_10/8/CHOE01.mid,Chopin/Etudes_op_10/8/midi_score.mid,train,pedal_depth,0.0040615190829822265,2.598281816785346,0.8472667780604888,374
Chopin/Etudes_op_10/8/CHOE01.mid,Chopin/Etudes_op_10/8/midi_score.mid,train,pedal_down_ratio,-0.16232162942630124,2.2258932800736604,0.7439041580815499,374
Chopin/Etudes_op_10/8/CHOE01.mid,Chopin/Etudes_op_10/8/midi_score.mid,train,pedal_changes,0.15996876905033253,2.4302326126434357,1.0732168098139565,374
Chopin/Etudes_op_10/8/ChenJie03.mid,Chopin/Etudes_op_10/8/midi_score.mid,train,tempo,-0.7377281414131175,2.7998847316853936,1.2436087032032699,374
Chopin/Etudes_op_10/8/ChenJie03.mid,Chopin/Etudes_op_10/8/midi_score.mid,train,rubato,0.5492363694840865,3.861020849939472,1.7367962266793697,374
Chopin/Etudes_op_10/8/ChenJie03.mid,Chopin/Etudes_op_10/8/midi_score.mid,train,dynamics,-0.6457841596499123,3.401030837634538,0.9595558797249018,374
Chopin/Etudes_op_10/8/ChenJie03.mid,Chopin/Etudes_op_10/8/midi_score.mid,train,articulation,-0.24140604428036108,3.297177262005557,1.516410047525534,374
Chopin/Etudes_op_10/8/ChenJie03.mid,Chopin/Etudes_op_10/8/midi_score.mid,train,pedal_depth,0.4828225470105743,1.9808871056577662,0.9912986250962292,374
Chopin/Etudes_op_10/8/ChenJie03.mid,Chopin/Etudes_op_10/8/midi_score.mid,train,pedal_down_ratio,0.2557333719775567,2.1612872876606346,0.9340345088465433,374
Chopin/Etudes_op_10/8/ChenJie03.mid,Chopin/Etudes_op_10/8/midi_score.mid,train,pedal_changes,0.1405786152260498,2.4302326126434357,1.3384136335037125,374
Chopin/Etudes_op_10/8/FONG02.mid,Chopin/Etudes_op_10/8/midi_score.mid,train,tempo,1.4581109201860485,2.664195753731955,1.255935434582573,374
Chopin/Etudes_op_10/8/FONG02.mid,Chopin/Etudes_op_10/8/midi_score.mid,train,rubato,0.6695896688655075,3.5416475376194256,1.7315255008237247,374
Chopin/Etudes_op_10/8/FONG02.mid,Chopin/Etudes_op_10/8/midi_score.mid,train,dynamics,-0.5386117066710971,2.9349813209366005,0.9992182883191769,374
Chopin/Etudes_op_10/8/FONG02.mid,Chopin/Etudes_op_10/8/midi_score.mid,train,articulation,0.3607391739553129,3.617861822011239,1.555145120753947,374
Chopin/Etudes_op_10/8/FONG02.mid,Chopin/Etudes_op_10/8/midi_score.mid,train,pedal_depth,-0.7590371287375809,2.7427423292544084,0.9069257673400868,374
Chopin/Etudes_op_10/8/FONG02.mid,Chopin/Etudes_op_10/8/midi_score.mid,train,pedal_down_ratio,-0.808534187581708,3.351337017132961,1.171460240598114,374
Chopin/Etudes_op_10/8/FONG02.mid,Chopin/Etudes_op_10/8/midi_score.mid,train,pedal_changes,-0.20198076900294515,3.0377907658042944,1.1322872411089773,374
Chopin/Etudes_op_10/8/Georgieva03.mid,Chopin/Etudes_op_10/8/midi_score.mid,train,tempo,0.7101586077952295,3.05699742162997,1.3031666812932192,374
Chopin/Etudes_op_10/8/Georgieva03.mid,Chopin/Etudes_op_10/8/midi_score.mid,train,rubato,0.7011280461275327,4.242480882912609,1.8409295390077431,374
Chopin/Etudes_op_10/8/Georgieva03.mid,Chopin/Etudes_op_10/8/midi_score.mid,train,dynamics,-0.44014271784820624,3.328525025889187,1.1255859368504568,374
Chopin/Etudes_op_10/8/Georgieva03.mid,Chopin/Etudes_op_10/8/midi_score.mid,train,articulation,0.2210936664524386,3.3366021344342873,1.4668599615348024,374
Chopin/Etudes_op_10/8/Georgieva03.mid,Chopin/Etudes_op_10/8/midi_score.mid,train,pedal_depth,-0.2607079119047552,3.754906342455649,1.0609572161445586,374
Chopin/Etudes_op_10/8/Georgieva03.mid,Chopin/Etudes_op_10/8/midi_score.mid,train,pedal_down_ratio,-0.4409496495911129,4.306490391679165,1.0696960649802532,374
Chopin/Etudes_op_10/8/Georgieva03.mid,Chopin/Etudes_op_10/8/midi_score.mid,train,pedal_changes,0.1438103075300969,4.252907072126012,1.3295351767975214,374
Chopin/Etudes_op_10/8/IVLEVA02.mid,Chopin/Etudes_op_10/8/midi_score.mid,train,tempo,-0.12013958123164357,3.233644008751437,1.3202545385370146,374
Chopin/Etudes_op_10/8/IVLEVA02.mid,Chopin/Etudes_op_10/8/midi_score.mid,train,rubato,0.7371141967218529,4.596534470203587,1.8893282775497933,374
Chopin/Etudes_op_10/8/IVLEVA02.mid,Chopin/Etudes_op_10/8/midi_score.mid,train,dynamics,-0.6412455116769931,3.5117085216578396,1.05444775861884,374
Chopin/Etudes_op_10/8/IVLEVA02.mid,Chopin/Etudes_op_10/8/midi_score.mid,train,articulation,0.8329478842622707,3.6155654080709776,1.7184868054851101,374
Chopin/Etudes_op_10/8/IVLEVA02.mid,Chopin/Etudes_op_10/8/midi_score.mid,train,pedal_depth,-0.020853770808087483,2.876342228562076,0.9386238097222158,374
Chopin/Etudes_op_10/8/IVLEVA02.mid,Chopin/Etudes_op_10/8/midi_score.mid,train,pedal_down_ratio,-0.14975659899443117,3.473495875702456,1.048073847787402,374
Chopin/Etudes_op_10/8/IVLEVA02.mid,Chopin/Etudes_op_10/8/midi_score.mid,train,pedal_changes,-0.017774307672259158,2.5821221509336505,1.2964607175235374,374
Chopin/Etudes_op_10/8/Kwok02.mid,Chopin/Etudes_op_10/8/midi_score.mid,train,tempo,-0.891706888593079,3.534953223795896,1.82981637760809,374
Chopin/Etudes_op_10/8/Kwok02.mid,Chopin/Etudes_op_10/8/midi_score.mid,train,rubato,0.9227560650923698,5.106152643251727,2.552297176376105,374
Chopin/Etudes_op_10/8/Kwok02.mid,Chopin/Etudes_op_10/8/midi_score.mid,train,dynamics,-0.43323315807383056,3.643235516354698,1.1535207650415646,374
Chopin/Etudes_op_10/8/Kwok02.mid,Chopin/Etudes_op_10/8/midi_score.mid,train,articulation,0.4902209220477307,3.8007702508832395,1.5293501851001319,374
Chopin/Etudes_op_10/8/Kwok02.mid,Chopin/Etudes_op_10/8/midi_score.mid,train,pedal_depth,0.09761364796916777,2.8882733787221624,0.9147950411392063,374
Chopin/Etudes_op_10/8/Kwok02.mid,Chopin/Etudes_op_10/8/midi_score.mid,train,pedal_down_ratio,0.06861078492053509,2.5710098099438516,0.9408745367031147,374
Chopin/Etudes_op_10/8/Kwok02.mid,Chopin/Etudes_op_10/8/midi_score.mid,train,pedal_changes,0.04685953840868327,2.4302326126434357,1.0695319349276324,374
Chopin/Etudes_op_10/8/KyykhynenT09M.mid,Chopin/Etudes_op_10/8/midi_score.mid,train,tempo,-0.9894051037184503,2.5938491631285165,1.0768503619137433,374
Chopin/Etudes_op_10/8/KyykhynenT09M.mid,Chopin/Etudes_op_10/8/midi_score.mid,train,rubato,0.6408774591502885,3.679964702130894,1.455657168828948,374
Chopin/Etudes_op_10/8/KyykhynenT09M.mid,Chopin/Etudes_op_10/8/midi_score.mid,train,dynamics,1.1696189689608518,3.1175424492224604,1.019158303029082,374
Chopin/Etudes_op_10/8/KyykhynenT09M.mid,Chopin/Etudes_op_10/8/midi_score.mid,train,articulation,-0.5744144184350684,3.3080352275737672,1.4333091318122255,374
Chopin/Etudes_op_10/8/KyykhynenT09M.mid,Chopin/Etudes_op_10/8/midi_score.mid,train,pedal_depth,-1.0402306424817391,4.417407148826195,1.335199714750171,374
Chopin/Etudes_op_10/8/KyykhynenT09M.mid,Chopin/Etudes_op_10/8/midi_score.mid,train,pedal_down_ratio,-1.04414515830405,3.9697604830194217,1.3110098274222484,374
Chopin/Etudes_op_10/8/KyykhynenT09M.mid,Chopin/Etudes_op_10/8/midi_score.mid,train,pedal_changes,-0.250456153563652,3.6453489189651536,1.5464245948547533,374
Chopin/Etudes_op_10/8/LeeEunjin02.mid,Chopin/Etudes_op_10/8/midi_score.mid,train,tempo,-0.6212234058748042,2.363918177622165,1.0393889063683777,374
Chopin/Etudes_op_10/8/LeeEunjin02.mid,Chopin/Etudes_op_10/8/midi_score.mid,train,rubato,0.6379604927932216,3.242004438035638,1.4074653532494243,374
Chopin/Etudes_op_10/8/LeeEunjin02.mid,Chopin/Etudes_op_10/8/midi_score.mid,train,dynamics,0.04498213481183009,2.537703411087257,0.8615171935863387,374
Chopin/Etudes_op_10/8/LeeEunjin02.mid,Chopin/Etudes_op_10/8/midi_score.mid,train,articulation,0.15163756869802006,3.5106390458083188,2.1160203846198824,374
Chopin/Etudes_op_10/8/LeeEunjin02.mid,Chopin/Etudes_op_10/8/midi_score.mid,train,pedal_depth,-0.16053277007131764,2.123161060997423,0.8333764881811975,374
Chopin/Etudes_op_10/8/LeeEunjin02.mid,Chopin/Etudes_op_10/8/midi_score.mid,train,pedal_down_ratio,-0.13921806481753082,1.8842793734648589,0.7960240709915378,374
Chopin/Etudes_op_10/8/LeeEunjin02.mid,Chopin/Etudes_op_10/8/midi_score.mid,train,pedal_changes,0.3150899996445944,3.6453489189651536,1.2260325298663952,374
Chopin/Etudes_op_10/8/LeeHwakyu02.mid,Chopin/Etudes_op_10/8/midi_score.mid,train,tempo,-0.06727092963954061,3.3464861861372333,1.1877926449982006,374
Chopin/Etudes_op_10/8/LeeHwakyu02.mid,Chopin/Etudes_op_10/8/midi_score.mid,train,rubato,0.7674646491385281,4.697637789500039,1.645014038398916,374
Chopin/Etudes_op_10/8/LeeHwakyu02.mid,Chopin/Etudes_op_10/8/midi_score.mid,train,dynamics,-0.46941707919919184,3.379170179801444,0.7920080620522627,374
Chopin/Etudes_op_10/8/LeeHwakyu02.mid,Chopin/Etudes_op_10/8/midi_score.mid,train,articulation,0.4272423008550292,3.0453186363696254,1.2987104332683979,374
Chopin/Etudes_op_10/8/LeeHwakyu02.mid,Chopin/Etudes_op_10/8/midi_score.mid,train,pedal_depth,0.11967640443849915,2.937276097738792,0.9838441262948119,374
Chopin/Etudes_op_10/8/LeeHwakyu02.mid,Chopin/Etudes_op_10/8/midi_score.mid,train,pedal_down_ratio,0.07395824533141576,3.3760222118951146,1.072175273456255,374
Chopin/Etudes_op_10/8/LeeHwakyu02.mid,Chopin/Etudes_op_10/8/midi_score.mid,train,pedal_changes,-0.037164461496541915,2.4302326126434357,1.120017510592379,374
Chopin/Etudes_op_10/8/LeeJisun02.mid,Chopin/Etudes_op_10/8/midi_score.mid,train,tempo,0.27069065028324013,3.0904273977560752,1.5604274147679043,374
Chopin/Etudes_op_10/8/LeeJisun02.mid,Chopin/Etudes_op_10/8/midi_score.mid,train,rubato,0.7857244674947546,4.21488406665447,2.130366940206136,374
Chopin/Etudes_op_10/8/LeeJisun02.mid,Chopin/Etudes_op_10/8/midi_score.mid,train,dynamics,-0.5908626870631737,3.139740222775398,0.9538163310733481,374
Chopin/Etudes_op_10/8/LeeJisun02.mid,Chopin/Etudes_op_10/8/midi_score.mid,train,articulation,-0.5319875035597247,3.283513736105837,1.497704847751071,374
Chopin/Etudes_op_10/8/LeeJisun02.mid,Chopin/Etudes_op_10/8/midi_score.mid,train,pedal_depth,0.42122397398440864,2.7663950055464497,1.1644320175994005,374
Chopin/Etudes_op_10/8/LeeJisun02.mid,Chopin/Etudes_op_10/8/midi_score.mid,train,pedal_down_ratio,0.19648475676782107,3.181733928994354,1.1120180304296174,374
Chopin/Etudes_op_10/8/LeeJisun02.mid,Chopin/Etudes_op_10/8/midi_score.mid,train,pedal_changes,0.5122232301914689,3.6453489189651536,1.3025367290111163,374
Chopin/Etudes_op_10/8/LiuLangning02.mid,Chopin/Etudes_op_10/8/midi_score.mid,train,tempo,0.6405058865422477,2.7401309778597125,1.2153943719409463,374
Chopin/Etudes_op_10/8/LiuLangning02.mid,Chopin/Etudes_op_10/8/midi_score.mid,train,rubato,0.5990228722374431,3.699661179732775,1.6796707093607428,374
Chopin/Etudes_op_10/8/LiuLangning02.mid,Chopin/Etudes_op_10/8/midi_score.mid,train,dynamics,0.252027464707982,3.3404278039975956,0.9709542670574515,374
Chopin/Etudes_op_10/8/LiuLangning02.mid,Chopin/Etudes_op_10/8/midi_score.mid,train,articulation,-0.3709184633721112,3.6341044571952157,1.6135512979600406,374
Chopin/Etudes_op_10/8/LiuLangning02.mid,Chopin/Etudes_op_10/8/midi_score.mid,train,pedal_depth,0.5153436774038677,2.7860027243918095,1.0119406814149379,374
Chopin/Etudes_op_10/8/LiuLangning02.mid,Chopin/Etudes_op_10/8/midi_score.mid,train,pedal_down_ratio,0.26557284643315165,2.610699886485614,0.9389453336203231,374
Chopin/Etudes_op_10/8/LiuLangning02.mid,Chopin/Etudes_op_10/8/midi_score.mid,train,pedal_changes,0.014542615368212051,2.4302326126434357,1.2114556592193229,374
Chopin/Etudes_op_10/8/Lou03M.mid,Chopin/Etudes_op_10/8/midi_score.mid,train,tempo,-0.44148361093700556,3.501906302777263,1.3823202409824473,374
Chopin/Etudes_op_10/8/Lou03M.mid,Chopin/Etudes_op_10/8/midi_score.mid,train,rubato,0.6457496963986848,4.817233651982096,1.8832466446072844,374
Chopin/Etudes_op_10/8/Lou03M.mid,Chopin/Etudes_op_10/8/midi_score.mid,train,dynamics,0.6092960435433039,2.6330293638683377,0.8178683956604434,374
Chopin/Etudes_op_10/8/Lou03M.mid,Chopin/Etudes_op_10/8/midi_score.mid,train,articulation,0.171199923812485,2.9038147702869352,1.3732431079631848,374
Chopin/Etudes_op_10/8/Lou03M.mid,Chopin/Etudes_op_10/8/midi_score.mid,train,pedal_depth,-0.3623051321106747,2.827800441905984,1.0539080301112471,374
Chopin/Etudes_op_10/8/Lou03M.mid,Chopin/Etudes_op_10/8/midi_score.mid,train,pedal_down_ratio,-0.4458925791814324,2.6606426767070688,0.9131726828213365,374
Chopin/Etudes_op_10/8/Lou03M.mid,Chopin/Etudes_op_10/8/midi_score.mid,train,pedal_changes,0.2116758459150865,3.6453489189651536,1.348697983359885,374
Chopin/Etudes_op_10/8/LuEric03M.mid,Chopin/Etudes_op_10/8/midi_score.mid,train,tempo,1.094842920130692,2.570596361081676,1.1819861134573177,374
Chopin/Etudes_op_10/8/LuEric03M.mid,Chopin/Etudes_op_10/8/midi_score.mid,train,rubato,0.642313625120343,3.6291110500615327,1.6120049822096605,374
Chopin/Etudes_op_10/8/LuEric03M.mid,Chopin/Etudes_op_10/8/midi_score.mid,train,dynamics,0.6022797296216674,3.604156024831002,1.0358984785866803,374
Chopin/Etudes_op_10/8/LuEric03M.mid,Chopin/Etudes_op_10/8/midi_score.mid,train,articulation,-0.42559308384576566,3.2560569502163674,1.3644154363816938,374
Chopin/Etudes_op_10/8/LuEric03M.mid,Chopin/Etudes_op_10/8/midi_score.mid,train,pedal_depth,-0.4646431696563727,3.4655298121210008,0.9750550545469784,374
Chopin/Etudes_op_10/8/LuEric03M.mid,Chopin/Etudes_op_10/8/midi_score.mid,train,pedal_down_ratio,-0.5298028993201519,3.589553604209564,1.0385212296840656,374
Chopin/Etudes_op_10/8/LuEric03M.mid,Chopin/Etudes_op_10/8/midi_score.mid,train,pedal_changes,-0.08240815375320162,2.4302326126434357,1.287292937086031,374
Chopin/Etudes_op_10/8/Masycheva02.mid,Chopin/Etudes_op_10/8/midi_score.mid,train,tempo,0.25249747078942525,2.8873456723498725,1.3400795141519593,374
Chopin/Etudes_op_10/8/Masycheva02.mid,Chopin/Etudes_op_10/8/midi_score.mid,train,rubato,0.6611737377845708,4.025644667815287,1.8826606869566072,374
Chopin/Etudes_op_10/8/Masycheva02.mid,Chopin/Etudes_op_10/8/midi_score.mid,train,dynamics,0.08338186073408466,2.8742486274074124,1.0042871625576688,374
Chopin/Etudes_op_10/8/Masycheva02.mid,Chopin/Etudes_op_10/8/midi_score.mid,train,articulation,-0.48124762996240217,3.37678064554908,1.3627363987507746,374
Chopin/Etudes_op_10/8/Masycheva02.mid,Chopin/Etudes_op_10/8/midi_score.mid,train,pedal_depth,0.0803624893823793,2.100438258729104,0.7371530014480281,374
Chopin/Etudes_op_10/8/Masycheva02.mid,Chopin/Etudes_op_10/8/midi_score.mid,train,pedal_down_ratio,0.04397463989144907,2.1498707309144094,0.9171442091311253,374
Chopin/Etudes_op_10/8/Masycheva02.mid,Chopin/Etudes_op_10/8/midi_score.mid,train,pedal_changes,0.0791764614491545,3.6453489189651536,1.5629304056220492,374
Chopin/Etudes_op_10/8/MiyashitaM05M.mid,Chopin/Etudes_op_10/8/midi_score.mid,train,tempo,-0.09339935624322306,2.804094743315943,1.4279559398593706,374
Chopin/Etudes_op_10/8/MiyashitaM05M.mid,Chopin/Etudes_op_10/8/midi_score.mid,train,rubato,0.6947702166706871,3.9511705625130613,1.961246617449807,374
Chopin/Etudes_op_10/8/MiyashitaM05M.mid,Chopin/Etudes_op_10/8/midi_score.mid,train,dynamics,-0.27862063337029686,2.9255680127593626,1.0065213986991854,374
Chopin/Etudes_op_10/8/MiyashitaM05M.mid,Chopin/Etudes_op_10/8/midi_score.mid,train,articulation,-0.2039958386821368,3.548828216150049,1.3679075653501895,374
Chopin/Etudes_op_10/8/MiyashitaM05M.mid,Chopin/Etudes_op_10/8/midi_score.mid,train,pedal_depth,0.6680349887042021,2.230035275871315,0.7482756890118339,374
Chopin/Etudes_op_10/8/MiyashitaM05M.mid,Chopin/Etudes_op_10/8/midi_score.mid,train,pedal_down_ratio,0.31271838384724054,2.1634770918714477,0.7554243141528639,374
Chopin/Etudes_op_10/8/MiyashitaM05M.mid,Chopin/Etudes_op_10/8/midi_score.mid,train,pedal_changes,0.5574669224481286,3.6453489189651536,1.4255426484242886,374
Chopin/Etudes_op_10/8/ParkH02.mid,Chopin/Etudes_op_10/8/midi_score.mid,train,tempo,-0.6761452258075888,2.7200808948940094,1.192064964569989,374
Chopin/Etudes_op_10/8/ParkH02.mid,Chopin/Etudes_op_10/8/midi_score.mid,train,rubato,0.6142033575701247,3.8299165751788067,1.6363433757969732,374
Chopin/Etudes_op_10/8/ParkH02.mid,Chopin/Etudes_op_10/8/midi_score.mid,train,dynamics,0.12515608775917764,2.7538723834439227,1.0162909168574235,374
Chopin/Etudes_op_10/8/ParkH02.mid,Chopin/Etudes_op_10/8/midi_score.mid,train,articulation,0.19455630861101153,2.9767011181200145,1.2932510538344382,374
Chopin/Etudes_op_10/8/ParkH02.mid,Chopin/Etudes_op_10/8/midi_score.mid,train,pedal_depth,-0.5467712157050467,2.501931980083233,0.8237628180786359,374
Chopin/Etudes_op_10/8/ParkH02.mid,Chopin/Etudes_op_10/8/midi_score.mid,train,pedal_down_ratio,-0.5838924337427714,2.4917147096856294,0.9166792139161878,374
Chopin/Etudes_op_10/8/ParkH02.mid,Chopin/Etudes_op_10/8/midi_score.mid,train,pedal_changes,0.4281992302862436,3.6453489189651536,1.3833782518893487,374
Chopin/Etudes_op_10/8/Rizikov03M.mid,Chopin/Etudes_op_10/8/midi_score.mid,train,tempo,-0.8305248502222804,2.9271025863263875,1.245707184339738,374
Chopin/Etudes_op_10/8/Rizikov03M.mid,Chopin/Etudes_op_10/8/midi_score.mid,train,rubato,0.6798167444922838,4.039541047036267,1.6827317548690663,374
Chopin/Etudes_op_10/8/Rizikov03M.mid,Chopin/Etudes_op_10/8/midi_score.mid,train,dynamics,0.3337466860268681,4.136020902834272,1.131987110505097,374
Chopin/Etudes_op_10/8/Rizikov03M.mid,Chopin/Etudes_op_10/8/midi_score.mid,train,articulation,0.3278454910044268,3.233749354035378,1.4993595552624146,374
Chopin/Etudes_op_10/8/Rizikov03M.mid,Chopin/Etudes_op_10/8/midi_score.mid,train,pedal_depth,0.5897196797913621,2.61503641396631,0.9170913936627643,374
Chopin/Etudes_op_10/8/Rizikov03M.mid,Chopin/Etudes_op_10/8/midi_score.mid,train,pedal_down_ratio,0.21100634413457575,2.7261157752189056,0.9031854036587253,374
Chopin/Etudes_op_10/8/Rizikov03M.mid,Chopin/Etudes_op_10/8/midi_score.mid,train,pedal_changes,0.23106599973936925,3.6453489189651536,1.3486979771856935,374
Chopin/Etudes_op_10/8/SCHU03.mid,Chopin/Etudes_op_10/8/midi_score.mid,train,tempo,1.658345870335649,4.1803384506760795,1.7086402634735836,374
Chopin/Etudes_op_10/8/SCHU03.mid,Chopin/Etudes_op_10/8/midi_score.mid,train,rubato,0.9054351456534997,5.692961482182275,2.345130615399546,374
Chopin/Etudes_op_10/8/SCHU03.mid,Chopin/Etudes_op_10/8/midi_score.mid,train,dynamics,-0.7316984594864222,3.8586524613363227,1.0561565961377455,374
Chopin/Etudes_op_10/8/SCHU03.mid,Chopin/Etudes_op_10/8/midi_score.mid,train,articulation,-0.14414485222750067,4.060592021499652,1.6935871820491073,374
Chopin/Etudes_op_10/8/SCHU03.mid,Chopin/Etudes_op_10/8/midi_score.mid,train,pedal_depth,-0.3127080678363902,2.7756043864282764,0.8650340570802412,374
Chopin/Etudes_op_10/8/SCHU03.mid,Chopin/Etudes_op_10/8/midi_score.mid,train,pedal_down_ratio,-0.24441709471682724,2.4773584587418727,0.8936535896676137,374
Chopin/Etudes_op_10/8/SCHU03.mid,Chopin/Etudes_op_10/8/midi_score.mid,train,pedal_changes,-0.030701076888447663,2.4302326126434357,1.1461489615561375,374
Chopin/Etudes_op_10/8/Sekino03.mid,Chopin/Etudes_op_10/8/midi_score.mid,train,tempo,-0.42200540228704353,2.856956963542623,1.4776705849167264,374
Chopin/Etudes_op_10/8/Sekino03.mid,Chopin/Etudes_op_10/8/midi_score.mid,train,rubato,0.6362353764862589,4.192199850783759,2.03559854038856,374
Chopin/Etudes_op_10/8/Sekino03.mid,Chopin/Etudes_op_10/8/midi_score.mid,train,dynamics,-0.2306104259491667,3.1559736412849086,1.011703397704148,374
Chopin/Etudes_op_10/8/Sekino03.mid,Chopin/Etudes_op_10/8/midi_score.mid,train,articulation,-1.1134113275433595,3.5363383230656806,1.6276791725617106,374
Chopin/Etudes_op_10/8/Sekino03.mid,Chopin/Etudes_op_10/8/midi_score.mid,train,pedal_depth,0.21795393114687314,1.766789554397727,0.7129212761413226,374
Chopin/Etudes_op_10/8/Sekino03.mid,Chopin/Etudes_op_10/8/midi_score.mid,train,pedal_down_ratio,0.24308741760991484,1.8019033243988565,0.7865861563551009,374
Chopin/Etudes_op_10/8/Sekino03.mid,Chopin/Etudes_op_10/8/midi_score.mid,train,pedal_changes,0.4185041533741023,3.6453489189651536,1.5193826265700252,374
Chopin/Etudes_op_10/8/Shilyaev02.mid,Chopin/Etudes_op_10/8/midi_score.mid,train,tempo,0.08206656356261902,2.9575028853370107,1.4165614673853535,374
Chopin/Etudes_op_10/8/Shilyaev02.mid,Chopin/Etudes_op_10/8/midi_score.mid,train,rubato,0.7830449057487661,4.200933776549604,1.9415874545218446,374
Chopin/Etudes_op_10/8/Shilyaev02.mid,Chopin/Etudes_op_10/8/midi_score.mid,train,dynamics,0.05753523544363158,3.1312863978007988,0.9396131492163236,374
Chopin/Etudes_op_10/8/Shilyaev02.mid,Chopin/Etudes_op_10/8/midi_score.mid,train,articulation,0.06140474646046124,3.477159495649901,1.3336840543084454,374
Chopin/Etudes_op_10/8/Shilyaev02.mid,Chopin/Etudes_op_10/8/midi_score.mid,train,pedal_depth,-0.2729762180721104,2.6248349665256816,0.812921142675443,374
Chopin/Etudes_op_10/8/Shilyaev02.mid,Chopin/Etudes_op_10/8/midi_score.mid,train,pedal_down_ratio,-0.20380899905323965,2.642462363425629,0.7566619207527323,374
Chopin/Etudes_op_10/8/Shilyaev02.mid,Chopin/Etudes_op_10/8/midi_score.mid,train,pedal_changes,0.35063861498911275,3.6453489189651536,1.2703135147604085,374
Chopin/Etudes_op_10/8/Soukhovetski02.mid,Chopin/Etudes_op_10/8/midi_score.mid,train,tempo,-0.6166113862713906,2.919681985917011,1.1819202328401617,374
Chopin/Etudes_op_10/8/Soukhovetski02.mid,Chopin/Etudes_op_10/8/midi_score.mid,train,rubato,0.5810888218379473,4.1829194566872765,1.612992928866728,374
Chopin/Etudes_op_10/8/Soukhovetski02.mid,Chopin/Etudes_op_10/8/midi_score.mid,train,dynamics,0.3945970682706323,3.799760938277063,1.0375533769778198,374
Chopin/Etudes_op_10/8/Soukhovetski02.mid,Chopin/Etudes_op_10/8/midi_score.mid,train,articulation,-0.051481814457708955,3.053319175351134,1.238490183451413,374
Chopin/Etudes_op_10/8/Soukhovetski02.mid,Chopin/Etudes_op_10/8/midi_score.mid,train,pedal_depth,-0.5094332702990985,2.291212884097937,0.7111560183802921,374
Chopin/Etudes_op_10/8/Soukhovetski02.mid,Chopin/Etudes_op_10/8/midi_score.mid,train,pedal_down_ratio,-0.42026631964208677,3.216465430038208,0.9643584196759358,374
Chopin/Etudes_op_10/8/Soukhovetski02.mid,Chopin/Etudes_op_10/8/midi_score.mid,train,pedal_changes,-0.008079230760117812,3.0377907658042944,1.2842224786449925,374
Chopin/Etudes_op_10/8/Tak02.mid,Chopin/Etudes_op_10/8/midi_score.mid,train,tempo,0.5160839021231151,2.353702544213604,1.1405336588188346,374
Chopin/Etudes_op_10/8/Tak02.mid,Chopin/Etudes_op_10/8/midi_score.mid,train,rubato,0.4993949422266599,3.299532215398351,1.5442756347581108,374
Chopin/Etudes_op_10/8/Tak02.mid,Chopin/Etudes_op_10/8/midi_score.mid,train,dynamics,0.17056022330348375,3.2629171204114544,0.9934358177177773,374
Chopin/Etudes_op_10/8/Tak02.mid,Chopin/Etudes_op_10/8/midi_score.mid,train,articulation,0.435162181701711,3.051675783512782,1.5337143616679922,374
Chopin/Etudes_op_10/8/Tak02.mid,Chopin/Etudes_op_10/8/midi_score.mid,train,pedal_depth,-1.2998039784458322,2.3836400868375875,0.8041312878093284,374
Chopin/Etudes_op_10/8/Tak02.mid,Chopin/Etudes_op_10/8/midi_score.mid,train,pedal_down_ratio,-1.5354014756978855,3.529818020439697,1.2899752507712492,374
Chopin/Etudes_op_10/8/Tak02.mid,Chopin/Etudes_op_10/8/midi_score.mid,train,pedal_changes,-0.25368784586769905,4.252907072126012,1.322090909250734,374
Chopin/Etudes_op_10/8/Tetzloff02.mid,Chopin/Etudes_op_10/8/midi_score.mid,train,tempo,-0.7919065136858036,3.718987232985844,1.5585839976092661,374
Chopin/Etudes_op_10/8/Tetzloff02.mid,Chopin/Etudes_op_10/8/midi_score.mid,train,rubato,0.8037591856443933,5.30542583488203,2.1734313967468846,374
Chopin/Etudes_op_10/8/Tetzloff02.mid,Chopin/Etudes_op_10/8/midi_score.mid,train,dynamics,-0.20666509452935444,3.482241150146169,1.1468353663502675,374
Chopin/Etudes_op_10/8/Tetzloff02.mid,Chopin/Etudes_op_10/8/midi_score.mid,train,articulation,-0.5070747445612811,3.857629655098931,1.6852739949695745,374
Chopin/Etudes_op_10/8/Tetzloff02.mid,Chopin/Etudes_op_10/8/midi_score.mid,train,pedal_depth,0.19663235125287923,2.933140019281672,0.7707783069772596,374
Chopin/Etudes_op_10/8/Tetzloff02.mid,Chopin/Etudes_op_10/8/midi_score.mid,train,pedal_down_ratio,0.018653012508906233,3.0332940722011728,0.8280176271787822,374
Chopin/Etudes_op_10/8/Tetzloff02.mid,Chopin/Etudes_op_10/8/midi_score.mid,train,pedal_changes,0.0953349229693901,3.6453489189651536,1.3762252621691748,374
Chopin/Etudes_op_10/8/Tetzloff07M.mid,Chopin/Etudes_op_10/8/midi_score.mid,train,tempo,0.26059786464485474,4.379429905823466,1.608705802503568,374
Chopin/Etudes_op_10/8/Tetzloff07M.mid,Chopin/Etudes_op_10/8/midi_score.mid,train,rubato,0.8395664529228906,5.942078480853686,2.245015785630682,374
Chopin/Etudes_op_10/8/Tetzloff07M.mid,Chopin/Etudes_op_10/8/midi_score.mid,train,dynamics,-0.5660070947131636,3.2263530307973847,1.2873834966306397,374
Chopin/Etudes_op_10/8/Tetzloff07M.mid,Chopin/Etudes_op_10/8/midi_score.mid,train,articulation,-0.34942462966134524,4.029972710268234,1.8030202044283803,374
Chopin/Etudes_op_10/8/Tetzloff07M.mid,Chopin/Etudes_op_10/8/midi_score.mid,train,pedal_depth,-0.21883828842127273,2.3185727065428954,0.7003035914670135,374
Chopin/Etudes_op_10/8/Tetzloff07M.mid,Chopin/Etudes_op_10/8/midi_score.mid,train,pedal_down_ratio,0.023512526314037403,2.6252702331258027,0.758965667232383,374
Chopin/Etudes_op_10/8/Tetzloff07M.mid,Chopin/Etudes_op_10/8/midi_score.mid,train,pedal_changes,0.02746938458440054,2.4302326126434357,1.1615456839252387,374
Chopin/Etudes_op_10/8/YOU02.mid,Chopin/Etudes_op_10/8/midi_score.mid,train,tempo,-0.6577812884686273,3.633572421040556,1.408675028674325,374
Chopin/Etudes_op_10/8/YOU02.mid,Chopin/Etudes_op_10/8/midi_score.mid,train,rubato,0.5914829006097074,4.910508259066349,1.9446950477573712,374
Chopin/Etudes_op_10/8/YOU02.mid,Chopin/Etudes_op_10/8/midi_score.mid,train,dynamics,-0.3957817968721585,3.3924473527676886,1.0320169322633868,374
Chopin/Etudes_op_10/8/YOU02.mid,Chopin/Etudes_op_10/8/midi_score.mid,train,articulation,-0.3741793182879568,3.4209632785918176,1.5449258056380428,374
Chopin/Etudes_op_10/8/YOU02.mid,Chopin/Etudes_op_10/8/midi_score.mid,train,pedal_depth,0.4191047506869443,2.880660590192851,0.8212377277853594,374
Chopin/Etudes_op_10/8/YOU02.mid,Chopin/Etudes_op_10/8/midi_score.mid,train,pedal_down_ratio,0.18754730914938283,2.060132867728838,0.7851488629190243,374
Chopin/Etudes_op_10/8/YOU02.mid,Chopin/Etudes_op_10/8/midi_score.mid,train,pedal_changes,0.12765184600986132,3.6453489189651536,1.2872929455103927,374
Chopin/Etudes_op_10/8/Zhou03M.mid,Chopin/Etudes_op_10/8/midi_score.mid,train,tempo,0.5045526794661288,2.3674229203413057,1.216375581743161,374
Chopin/Etudes_op_10/8/Zhou03M.mid,Chopin/Etudes_op_10/8/midi_score.mid,train,rubato,0.5699698194972116,3.266325178093403,1.6677228597724243,374
Chopin/Etudes_op_10/8/Zhou03M.mid,Chopin/Etudes_op_10/8/midi_score.mid,train,dynamics,0.03870457296485503,3.0474223794944812,1.0138427538136714,374
Chopin/Etudes_op_10/8/Zhou03M.mid,Chopin/Etudes_op_10/8/midi_score.mid,train,articulation,-0.24468158241957913,3.3145879072703766,1.5171095435712298,374
Chopin/Etudes_op_10/8/Zhou03M.mid,Chopin/Etudes_op_10/8/midi_score.mid,train,pedal_depth,0.10420264361185977,4.139186839463535,0.9679405401766703,374
Chopin/Etudes_op_10/8/Zhou03M.mid,Chopin/Etudes_op_10/8/midi_score.mid,train,pedal_down_ratio,-0.15548314270474856,4.103073992144631,0.9349635756931277,374
Chopin/Etudes_op_10/8/Zhou03M.mid,Chopin/Etudes_op_10/8/midi_score.mid,train,pedal_changes,-0.15350538444223832,3.189680304094509,1.058400335292323,374
Chopin/Etudes_op_25/1/Erice03.mid,Chopin/Etudes_op_25/1/midi_score.mid,test,tempo,0.8347112735620422,5.299444905433674,1.8325653194514726,192
Chopin/Etudes_op_25/1/Erice03.mid,Chopin/Etudes_op_25/1/midi_score.mid,test,rubato,1.0976839279914508,5.804099088170815,1.9807139218837613,192
Chopin/Etudes_op_25/1/Erice03.mid,Chopin/Etudes_op_25/1/midi_score.mid,test,dynamics,0.574546648203592,2.9679841035919363,1.012369986663228,192
Chopin/Etudes_op_25/1/Erice03.mid,Chopin/Etudes_op_25/1/midi_score.mid,test,articulation,-0.8690248392744326,4.236120614933249,1.9176164481597013,192
Chopin/Etudes_op_25/1/Erice03.mid,Chopin/Etudes_op_25/1/midi_score.mid,test,pedal_depth,-1.1564160099465306,3.8622272019816326,0.7883029640374508,192
Chopin/Etudes_op_25/1/Erice03.mid,Chopin/Etudes_op_25/1/midi_score.mid,test,pedal_down_ratio,-0.17101059886861322,1.9741682723361442,0.8342963818652779,192
Chopin/Etudes_op_25/1/Erice03.mid,Chopin/Etudes_op_25/1/midi_score.mid,test,pedal_changes,0.20540404225292513,4.404775572757172,1.2934362953886465,192
Chopin/Etudes_op_25/1/LeeN03M.mid,Chopin/Etudes_op_25/1/midi_score.mid,test,tempo,0.28248359576698406,3.9478003060860094,1.345232243917828,192
Chopin/Etudes_op_25/1/LeeN03M.mid,Chopin/Etudes_op_25/1/midi_score.mid,test,rubato,0.6108501055355254,4.781923760402833,1.6238556064410217,192
Chopin/Etudes_op_25/1/LeeN03M.mid,Chopin/Etudes_op_25/1/midi_score.mid,test,dynamics,0.3970760557666527,2.7076778376199506,0.8948940189224819,192
Chopin/Etudes_op_25/1/LeeN03M.mid,Chopin/Etudes_op_25/1/midi_score.mid,test,articulation,0.061961030934142014,3.7154948450566687,1.728504180501437,192
Chopin/Etudes_op_25/1/LeeN03M.mid,Chopin/Etudes_op_25/1/midi_score.mid,test,pedal_depth,-0.06447478531307332,1.923020293447454,0.8833719166244403,192
Chopin/Etudes_op_25/1/LeeN03M.mid,Chopin/Etudes_op_25/1/midi_score.mid,test,pedal_down_ratio,-0.3441349863067731,2.5599362203051523,1.437231194042744,192
Chopin/Etudes_op_25/1/LeeN03M.mid,Chopin/Etudes_op_25/1/midi_score.mid,test,pedal_changes,0.35755518466249936,2.9365170485047813,1.231172182757704,192
Chopin/Etudes_op_25/1/TongB02M.mid,Chopin/Etudes_op_25/1/midi_score.mid,test,tempo,-0.9813499948966177,4.846042659171435,1.7189991045988113,192
Chopin/Etudes_op_25/1/TongB02M.mid,Chopin/Etudes_op_25/1/midi_score.mid,test,rubato,0.7636298435081659,4.645410035228604,1.6989495772207508,192
Chopin/Etudes_op_25/1/TongB02M.mid,Chopin/Etudes_op_25/1/midi_score.mid,test,dynamics,-1.0316052567284224,3.565730980437226,1.1386217832099752,192
Chopin/Etudes_op_25/1/TongB02M.mid,Chopin/Etudes_op_25/1/midi_score.mid,test,articulation,0.8504106815735394,4.966177159991244,1.9062874016295643,192
Chopin/Etudes_op_25/1/TongB02M.mid,Chopin/Etudes_op_25/1/midi_score.mid,test,pedal_depth,0.25898718662978926,1.1417084020707744,0.6248665999363531,192
Chopin/Etudes_op_25/1/TongB02M.mid,Chopin/Etudes_op_25/1/midi_score.mid,test,pedal_down_ratio,0.26037878019595984,1.2668286949326582,0.7108606326663937,192
Chopin/Etudes_op_25/1/TongB02M.mid,Chopin/Etudes_op_25/1/midi_score.mid,test,pedal_changes,-0.23583427073483998,2.9365170485047813,1.2127954451645238,192
Chopin/Etudes_op_25/1/TuanS04M.mid,Chopin/Etudes_op_25/1/midi_score.mid,test,tempo,-0.33545593764180964,3.3528495240039584,1.2338006081977133,192
Chopin/Etudes_op_25/1/TuanS04M.mid,Chopin/Etudes_op_25/1/midi_score.mid,test,rubato,0.4585734594584182,4.049388602901984,1.3037487200395503,192
Chopin/Etudes_op_25/1/TuanS04M.mid,Chopin/Etudes_op_25/1/midi_score.mid,test,dynamics,-1.0389371978841904,3.258798105454096,1.296891956885045,192
Chopin/Etudes_op_25/1/TuanS04M.mid,Chopin/Etudes_op_25/1/midi_score.mid,test,articulation,-0.33947603748690747,4.823396960253897,2.4088566825680484,192
Chopin/Etudes_op_25/1/TuanS04M.mid,Chopin/Etudes_op_25/1/midi_score.mid,test,pedal_depth,-0.11169519574016541,1.6576846300149406,0.8913859572619548,192
Chopin/Etudes_op_25/1/TuanS04M.mid,Chopin/Etudes_op_25/1/midi_score.mid,test,pedal_down_ratio,-0.20706919573432417,1.7740983196131448,1.1169363791181433,192
Chopin/Etudes_op_25/1/TuanS04M.mid,Chopin/Etudes_op_25/1/midi_score.mid,test,pedal_changes,-0.1597586995300529,1.4682585242523907,1.1011938750743866,192
Chopin/Etudes_op_25/1/Wong03M.mid,Chopin/Etudes_op_25/1/midi_score.mid,test,tempo,0.16730272875893784,4.502077771866395,1.353542282959352,192
Chopin/Etudes_op_25/1/Wong03M.mid,Chopin/Etudes_op_25/1/midi_score.mid,test,rubato,0.5288884865606822,4.907325488840579,1.4016859387827656,192
Chopin/Etudes_op_25/1/Wong03M.mid,Chopin/Etudes_op_25/1/midi_score.mid,test,dynamics,0.5463111317286933,3.8526485625882114,1.1402594761534188,192
Chopin/Etudes_op_25/1/Wong03M.mid,Chopin/Etudes_op_25/1/midi_score.mid,test,articulation,0.20699033857518662,4.234586389153316,1.748008283906676,192
Chopin/Etudes_op_25/1/Wong03M.mid,Chopin/Etudes_op_25/1/midi_score.mid,test,pedal_depth,-0.17499973007324585,2.3568530245606776,1.1652555370497275,192
Chopin/Etudes_op_25/1/Wong03M.mid,Chopin/Etudes_op_25/1/midi_score.mid,test,pedal_down_ratio,-0.35095972679344345,3.4950453867826723,1.778446459340432,192
Chopin/Etudes_op_25/1/Wong03M.mid,Chopin/Etudes_op_25/1/midi_score.mid,test,pedal_changes,0.2662644992167548,4.404775572757172,2.1377116032048966,192
Chopin/Etudes_op_25/10/Ahn02.mid,Chopin/Etudes_op_25/10/midi_score.mid,train,tempo,-0.21376294360944745,3.6391133162280758,1.1713664690937828,388
Chopin/Etudes_op_25/10/Ahn02.mid,Chopin/Etudes_op_25/10/midi_score.mid,train,rubato,0.5430125059925814,3.5020245308138964,1.0764872323602417,388
Chopin/Etudes_op_25/10/Ahn02.mid,Chopin/Etudes_op_25/10/midi_score.mid,train,dynamics,0.10465481583143314,3.76837968676931,1.1474775127545642,388
Chopin/Etudes_op_25/10/Ahn02.mid,Chopin/Etudes_op_25/10/midi_score.mid,train,articulation,-0.40252000455972076,2.9652985830280363,1.3179503789052012,388
Chopin/Etudes_op_25/10/Ahn02.mid,Chopin/Etudes_op_25/10/midi_score.mid,train,pedal_depth,0.03356502562042984,2.023719566907993,0.8476584656051572,388
Chopin/Etudes_op_25/10/Ahn02.mid,Chopin/Etudes_op_25/10/midi_score.mid,train,pedal_down_ratio,-0.3389989797565436,2.0433483579424028,0.9359934310393455,388
Chopin/Etudes_op_25/10/Ahn02.mid,Chopin/Etudes_op_25/10/midi_score.mid,train,pedal_changes,-0.07047071425651492,2.7624519988553846,1.2414410437671506,388
Chopin/Etudes_op_25/10/DANILO02.mid,Chopin/Etudes_op_25/10/midi_score.mid,train,tempo,-0.08639360402481551,3.9778543677614593,1.7796906104787023,388
Chopin/Etudes_op_25/10/DANILO02.mid,Chopin/Etudes_op_25/10/midi_score.mid,train,rubato,0.8038933126645027,3.8099596975421255,1.6258846836775487,388
Chopin/Etudes_op_25/10/DANILO02.mid,Chopin/Etudes_op_25/10/midi_score.mid,train,dynamics,-0.710583716357228,3.4571055731572757,1.0115721400821913,388
Chopin/Etudes_op_25/10/DANILO02.mid,Chopin/Etudes_op_25/10/midi_score.mid,train,articulation,-0.29747036035916324,2.9805493553718843,1.3026763974336046,388
Chopin/Etudes_op_25/10/DANILO02.mid,Chopin/Etudes_op_25/10/midi_score.mid,train,pedal_depth,0.38158577863342125,1.5160360703177755,0.7335460014415375,388
Chopin/Etudes_op_25/10/DANILO02.mid,Chopin/Etudes_op_25/10/midi_score.mid,train,pedal_down_ratio,0.1737959619421171,1.5933004738783851,0.8175929228633081,388
Chopin/Etudes_op_25/10/DANILO02.mid,Chopin/Etudes_op_25/10/midi_score.mid,train,pedal_changes,-0.2283251141911083,3.314942398626462,1.4299209220457747,388
Chopin/Etudes_op_25/10/Goh01.mid,Chopin/Etudes_op_25/10/midi_score.mid,train,tempo,0.3643678661302604,3.4860938401292465,1.1669922743606473,388
Chopin/Etudes_op_25/10/Goh01.mid,Chopin/Etudes_op_25/10/midi_score.mid,train,rubato,0.5451928010120097,3.2070609849107163,1.1049715007080656,388
Chopin/Etudes_op_25/10/Goh01.mid,Chopin/Etudes_op_25/10/midi_score.mid,train,dynamics,-0.07224671597012777,3.6727315186735376,1.0639510494093989,388
Chopin/Etudes_op_25/10/Goh01.mid,Chopin/Etudes_op_25/10/midi_score.mid,train,articulation,-0.8878365108605278,4.323998361025943,1.8084270635643707,388
Chopin/Etudes_op_25/10/Goh01.mid,Chopin/Etudes_op_25/10/midi_score.mid,train,pedal_depth,0.3347153650422847,1.90794806432836,0.803371698676493,388
Chopin/Etudes_op_25/10/Goh01.mid,Chopin/Etudes_op_25/10/midi_score.mid,train,pedal_down_ratio,0.13093263665553215,2.058917456297331,1.0038996794948571,388
Chopin/Etudes_op_25/10/Goh01.mid,Chopin/Etudes_op_25/10/midi_score.mid,train,pedal_changes,-0.025369457132345372,2.7624519988553846,1.3436935292028722,388
Chopin/Etudes_op_25/10/Guo02M.mid,Chopin/Etudes_op_25/10/midi_score.mid,train,tempo,0.28058304671846096,4.018428237467409,1.3464697931620255,388
Chopin/Etudes_op_25/10/Guo02M.mid,Chopin/Etudes_op_25/10/midi_score.mid,train,rubato,0.8140822099035675,3.770928339716927,1.2506700154634978,388
Chopin/Etudes_op_25/10/Guo02M.mid,Chopin/Etudes_op_25/10/midi_score.mid,train,dynamics,-0.2870649958211449,3.2071259328308974,1.0270911786687098,388
Chopin/Etudes_op_25/10/Guo02M.mid,Chopin/Etudes_op_25/10/midi_score.mid,train,articulation,1.6131075554457825,3.4271985818140305,1.381119814436876,388
Chopin/Etudes_op_25/10/Guo02M.mid,Chopin/Etudes_op_25/10/midi_score.mid,train,pedal_depth,-0.4852356752917496,4.351178682068277,1.0555285673128814,388
Chopin/Etudes_op_25/10/Guo02M.mid,Chopin/Etudes_op_25/10/midi_score.mid,train,pedal_down_ratio,-0.31178826006090793,2.8297364589553293,1.3170045640868107,388
Chopin/Etudes_op_25/10/Guo02M.mid,Chopin/Etudes_op_25/10/midi_score.mid,train,pedal_changes,0.14094142851302982,3.314942398626462,1.5431746721810347,388
Chopin/Etudes_op_25/10/KorchinskayaKogan03.mid,Chopin/Etudes_op_25/10/midi_score.mid,train,tempo,0.7034728537758145,5.11441789270547,1.5163505705311684,388
Chopin/Etudes_op_25/10/KorchinskayaKogan03.mid,Chopin/Etudes_op_25/10/midi_score.mid,train,rubato,0.9234513482047498,4.8490718749571,1.4422205971144821,388
Chopin/Etudes_op_25/10/KorchinskayaKogan03.mid,Chopin/Etudes_op_25/10/midi_score.mid,train,dynamics,0.30285131103150725,3.9293741573992076,1.0462449748358107,388
Chopin/Etudes_op_25/10/KorchinskayaKogan03.mid,Chopin/Etudes_op_25/10/midi_score.mid,train,articulation,0.34583479172778037,3.4316739028020793,1.3372341809806396,388
Chopin/Etudes_op_25/10/KorchinskayaKogan03.mid,Chopin/Etudes_op_25/10/midi_score.mid,train,pedal_depth,0.03081287620354338,2.2120673267843505,0.7686910381251835,388
Chopin/Etudes_op_25/10/KorchinskayaKogan03.mid,Chopin/Etudes_op_25/10/midi_score.mid,train,pedal_down_ratio,-0.07055672826732366,1.9279410893938342,0.8329512422102175,388
Chopin/Etudes_op_25/10/KorchinskayaKogan03.mid,Chopin/Etudes_op_25/10/midi_score.mid,train,pedal_changes,0.2452380856126719,3.314942398626462,1.321257694736914,388
Chopin/Etudes_op_25/10/McNamara03.mid,Chopin/Etudes_op_25/10/midi_score.mid,train,tempo,0.5208806127459258,4.985875411796269,1.1370510560641536,388
Chopin/Etudes_op_25/10/McNamara03.mid,Chopin/Etudes_op_25/10/midi_score.mid,train,rubato,1.0038175764648236,4.440703745209567,1.0756525390245024,388
Chopin/Etudes_op_25/10/McNamara03.mid,Chopin/Etudes_op_25/10/midi_score.mid,train,dynamics,0.180212809645128,4.409773283291031,1.1454265768896743,388
Chopin/Etudes_op_25/10/McNamara03.mid,Chopin/Etudes_op_25/10/midi_score.mid,train,articulation,-0.6207079294571165,3.668598760999838,1.3361824132158482,388
Chopin/Etudes_op_25/10/McNamara03.mid,Chopin/Etudes_op_25/10/midi_score.mid,train,pedal_depth,-0.46802422342518335,2.924987299273803,0.8988133432127084,388
Chopin/Etudes_op_25/10/McNamara03.mid,Chopin/Etudes_op_25/10/midi_score.mid,train,pedal_down_ratio,0.13009662891358717,1.7517150628049145,0.978304131391381,388
Chopin/Etudes_op_25/10/McNamara03.mid,Chopin/Etudes_op_25/10/midi_score.mid,train,pedal_changes,-0.17758619992641758,2.7624519988553846,1.2209938831612084,388
Chopin/Etudes_op_25/10/Ozel05M.mid,Chopin/Etudes_op_25/10/midi_score.mid,train,tempo,-0.20768693011327888,3.33436619504551,1.1639819891570828,388
Chopin/Etudes_op_25/10/Ozel05M.mid,Chopin/Etudes_op_25/10/midi_score.mid,train,rubato,0.5403502732772594,2.9653147297671243,1.0524483919639505,388
Chopin/Etudes_op_25/10/Ozel05M.mid,Chopin/Etudes_op_25/10/midi_score.mid,train,dynamics,0.15027844489704462,3.4502540833536246,1.1057671363803399,388
Chopin/Etudes_op_25/10/Ozel05M.mid,Chopin/Etudes_op_25/10/midi_score.mid,train,articulation,-0.013308268349811027,3.4906071420014957,1.4562745905875691,388
Chopin/Etudes_op_25/10/Ozel05M.mid,Chopin/Etudes_op_25/10/midi_score.mid,train,pedal_depth,-0.036483863861805264,2.1715323806740714,1.0016191672127654,388
Chopin/Etudes_op_25/10/Ozel05M.mid,Chopin/Etudes_op_25/10/midi_score.mid,train,pedal_down_ratio,-0.23141684655450143,2.3369422325868157,1.1017970716085743,388
Chopin/Etudes_op_25/10/Ozel05M.mid,Chopin/Etudes_op_25/10/midi_score.mid,train,pedal_changes,0.12120962852120563,2.7624519988553846,1.3390014350975787,388
Chopin/Etudes_op_25/10/Shelest01.mid,Chopin/Etudes_op_25/10/midi_score.mid,train,tempo,0.02289243305197338,3.5425556970133876,1.0851753183118955,388
Chopin/Etudes_op_25/10/Shelest01.mid,Chopin/Etudes_op_25/10/midi_score.mid,train,rubato,0.5791280188387673,3.228405094389353,1.047771881929975,388
Chopin/Etudes_op_25/10/Shelest01.mid,Chopin/Etudes_op_25/10/midi_score.mid,train,dynamics,-0.17105703461445548,3.734444020883623,1.0086284354796577,388
Chopin/Etudes_op_25/10/Shelest01.mid,Chopin/Etudes_op_25/10/midi_score.mid,train,articulation,-0.3714428908232466,3.272630918383803,1.430126682511041,388
Chopin/Etudes_op_25/10/Shelest01.mid,Chopin/Etudes_op_25/10/midi_score.mid,train,pedal_depth,-0.7217086916869108,2.729027079017721,1.0256579459928634,388
Chopin/Etudes_op_25/10/Shelest01.mid,Chopin/Etudes_op_25/10/midi_score.mid,train,pedal_down_ratio,-1.1757544397383097,3.2896571271516857,1.4589750289536672,388
Chopin/Etudes_op_25/10/Shelest01.mid,Chopin/Etudes_op_25/10/midi_score.mid,train,pedal_changes,0.6849753425733249,3.8674327983975383,1.3829336937501704,388
Chopin/Etudes_op_25/10/Shybayeva01.mid,Chopin/Etudes_op_25/10/midi_score.mid,train,tempo,-0.6441950236548117,3.2529591126338495,1.3030796815233772,388
Chopin/Etudes_op_25/10/Shybayeva01.mid,Chopin/Etudes_op_25/10/midi_score.mid,train,rubato,0.4242639070001174,2.9071085832795482,1.183375671811935,388
Chopin/Etudes_op_25/10/Shybayeva01.mid,Chopin/Etudes_op_25/10/midi_score.mid,train,dynamics,-0.21783493131607304,2.483088304710531,0.9187115799877629,388
Chopin/Etudes_op_25/10/Shybayeva01.mid,Chopin/Etudes_op_25/10/midi_score.mid,train,articulation,-1.2272303894080512,4.296506431059208,1.4692294179345116,388
Chopin/Etudes_op_25/10/Shybayeva01.mid,Chopin/Etudes_op_25/10/midi_score.mid,train,pedal_depth,-0.009156903128757752,2.1099200941079435,0.7626675122659243,388
Chopin/Etudes_op_25/10/Shybayeva01.mid,Chopin/Etudes_op_25/10/midi_score.mid,train,pedal_down_ratio,0.25887136410709644,1.5781600736398465,0.695934586179573,388
Chopin/Etudes_op_25/10/Shybayeva01.mid,Chopin/Etudes_op_25/10/midi_score.mid,train,pedal_changes,-0.13530377137250862,2.7624519988553846,1.2615568427868236,388
Chopin/Etudes_op_25/10/WangA03M.mid,Chopin/Etudes_op_25/10/midi_score.mid,train,tempo,0.39806506161643324,3.37147308615876,1.1761973516361808,388
Chopin/Etudes_op_25/10/WangA03M.mid,Chopin/Etudes_op_25/10/midi_score.mid,train,rubato,0.4805688387103021,3.039828903314796,1.0840106260913687,388
Chopin/Etudes_op_25/10/WangA03M.mid,Chopin/Etudes_op_25/10/midi_score.mid,train,dynamics,0.2808450118094831,3.937529716644253,1.0591897162611321,388
Chopin/Etudes_op_25/10/WangA03M.mid,Chopin/Etudes_op_25/10/midi_score.mid,train,articulation,0.08395961471772106,3.422773174594084,1.5219995755679676,388
Chopin/Etudes_op_25/10/WangA03M.mid,Chopin/Etudes_op_25/10/midi_score.mid,train,pedal_depth,-0.4147826230114773,3.2906476541596796,1.3025925705694423,388
Chopin/Etudes_op_25/10/WangA03M.mid,Chopin/Etudes_op_25/10/midi_score.mid,train,pedal_down_ratio,-0.40627481528106124,2.6691502154227624,1.2860150142872055,388
Chopin/Etudes_op_25/10/WangA03M.mid,Chopin/Etudes_op_25/10/midi_score.mid,train,pedal_changes,0.016912971421563575,2.209961599084308,1.2145335525822567,388
Chopin/Etudes_op_25/10/Zagalskaia03.mid,Chopin/Etudes_op_25/10/midi_score.mid,train,tempo,-0.19031876765257763,4.750106858415329,2.8922393825462724,388
Chopin/Etudes_op_25/10/Zagalskaia03.mid,Chopin/Etudes_op_25/10/midi_score.mid,train,rubato,0.692366896205393,4.360639615367651,2.712424250080882,388
Chopin/Etudes_op_25/10/Zagalskaia03.mid,Chopin/Etudes_op_25/10/midi_score.mid,train,dynamics,0.22188698430191361,3.436533740253708,0.9296538969341885,388
Chopin/Etudes_op_25/10/Zagalskaia03.mid,Chopin/Etudes_op_25/10/midi_score.mid,train,articulation,0.5877393446522853,3.1567499874851173,1.2446481181741933,388
Chopin/Etudes_op_25/10/Zagalskaia03.mid,Chopin/Etudes_op_25/10/midi_score.mid,train,pedal_depth,-0.6101970096339431,2.9275853396102187,0.7775674232084748,388
Chopin/Etudes_op_25/10/Zagalskaia03.mid,Chopin/Etudes_op_25/10/midi_score.mid,train,pedal_down_ratio,0.17662066569546495,2.2969137056838838,0.9735061878529215,388
Chopin/Etudes_op_25/10/Zagalskaia03.mid,Chopin/Etudes_op_25/10/midi_score.mid,train,pedal_changes,-0.4228242855390895,3.314942398626462,1.4796720935747445,388
Chopin/Etudes_op_25/10/Zhao02.mid,Chopin/Etudes_op_25/10/midi_score.mid,train,tempo,-0.6306622316869944,3.6466129975978236,1.1990759759545941,388
Chopin/Etudes_op_25/10/Zhao02.mid,Chopin/Etudes_op_25/10/midi_score.mid,train,rubato,0.8253604358633342,3.546528652224301,1.0791321109057896,388
Chopin/Etudes_op_25/10/Zhao02.mid,Chopin/Etudes_op_25/10/midi_score.mid,train,dynamics,0.26747018457634314,2.9730394037576158,0.9119419017247241,388
Chopin/Etudes_op_25/10/Zhao02.mid,Chopin/Etudes_op_25/10/midi_score.mid,train,articulation,1.1445951267406569,2.7725147914418073,1.1627282734158417,388
Chopin/Etudes_op_25/10/Zhao02.mid,Chopin/Etudes_op_25/10/midi_score.mid,train,pedal_depth,-0.35837190472715097,2.980609782184378,1.0173009608275148,388
Chopin/Etudes_op_25/10/Zhao02.mid,Chopin/Etudes_op_25/10/midi_score.mid,train,pedal_down_ratio,-0.43048186429614715,3.2738849656221993,1.1151765165230618,388
Chopin/Etudes_op_25/10/Zhao02.mid,Chopin/Etudes_op_25/10/midi_score.mid,train,pedal_changes,0.5327585997792527,3.8674327983975383,1.6400550600570218,388
Chopin/Etudes_op_25/11/ChenS02.mid,Chopin/Etudes_op_25/11/midi_score.mid,validation,tempo,0.025427198884162932,3.3475644455575573,1.4457969122596779,352
Chopin/Etudes_op_25/11/ChenS02.mid,Chopin/Etudes_op_25/11/midi_score.mid,validation,rubato,0.8316369885212641,4.5030420492348515,1.9829029061121661,352
Chopin/Etudes_op_25/11/ChenS02.mid,Chopin/Etudes_op_25/11/midi_score.mid,validation,dynamics,0.046737871595933796,2.7346658159116175,0.9906181082912813,352
Chopin/Etudes_op_25/11/ChenS02.mid,Chopin/Etudes_op_25/11/midi_score.mid,validation,articulation,0.14756580533342906,3.1714257808130215,1.5229465725672033,352
Chopin/Etudes_op_25/11/ChenS02.mid,Chopin/Etudes_op_25/11/midi_score.mid,validation,pedal_depth,-0.18306036551363852,3.2040379769022094,1.0952189715514828,352
Chopin/Etudes_op_25/11/ChenS02.mid,Chopin/Etudes_op_25/11/midi_score.mid,validation,pedal_down_ratio,-0.25127899798224684,3.466339910025985,1.1248478004903135,352
Chopin/Etudes_op_25/11/ChenS02.mid,Chopin/Etudes_op_25/11/midi_score.mid,validation,pedal_changes,-0.09508327030232144,2.301015141316179,1.1443627479756613,352
Chopin/Etudes_op_25/11/Gorucan02.mid,Chopin/Etudes_op_25/11/midi_score.mid,validation,tempo,-1.3746124058324445,4.5208893755786415,1.6106823220041402,352
Chopin/Etudes_op_25/11/Gorucan02.mid,Chopin/Etudes_op_25/11/midi_score.mid,validation,rubato,0.9963716190381187,6.032100049556046,2.15610189062129,352
Chopin/Etudes_op_25/11/Gorucan02.mid,Chopin/Etudes_op_25/11/midi_score.mid,validation,dynamics,-0.40030743394585133,4.054794892121839,1.1181668110288534,352
Chopin/Etudes_op_25/11/Gorucan02.mid,Chopin/Etudes_op_25/11/midi_score.mid,validation,articulation,-0.3828004476491416,3.550791491684509,1.4897453626653117,352
Chopin/Etudes_op_25/11/Gorucan02.mid,Chopin/Etudes_op_25/11/midi_score.mid,validation,pedal_depth,-0.279226028303563,3.3351295320295815,1.1800925685498969,352
Chopin/Etudes_op_25/11/Gorucan02.mid,Chopin/Etudes_op_25/11/midi_score.mid,validation,pedal_down_ratio,0.06854527006659361,2.2120593219067017,0.9981364480507369,352
Chopin/Etudes_op_25/11/Gorucan02.mid,Chopin/Etudes_op_25/11/midi_score.mid,validation,pedal_changes,0.07289717389844642,3.451522711974268,1.612262384859041,352
Chopin/Etudes_op_25/11/Guzman04.mid,Chopin/Etudes_op_25/11/midi_score.mid,validation,tempo,0.1573736929663415,3.728427939440931,1.2606753345309816,352
Chopin/Etudes_op_25/11/Guzman04.mid,Chopin/Etudes_op_25/11/midi_score.mid,validation,rubato,0.7269163266310463,5.166262133649559,1.7110577748803864,352
Chopin/Etudes_op_25/11/Guzman04.mid,Chopin/Etudes_op_25/11/midi_score.mid,validation,dynamics,-0.12089197501038423,4.021628976637194,1.232900163279939,352
Chopin/Etudes_op_25/11/Guzman04.mid,Chopin/Etudes_op_25/11/midi_score.mid,validation,articulation,-0.4971038689195893,4.1908281325302505,1.8101535922408656,352
Chopin/Etudes_op_25/11/Guzman04.mid,Chopin/Etudes_op_25/11/midi_score.mid,validation,pedal_depth,-0.17315630839461285,2.805139078914353,0.6916519185899664,352
Chopin/Etudes_op_25/11/Guzman04.mid,Chopin/Etudes_op_25/11/midi_score.mid,validation,pedal_down_ratio,0.05780599120621116,3.63823927687166,0.7872451804853406,352
Chopin/Etudes_op_25/11/Guzman04.mid,Chopin/Etudes_op_25/11/midi_score.mid,validation,pedal_changes,-0.16164155951394646,3.451522711974268,1.44237723988042,352
Chopin/Etudes_op_25/11/HouMiao_2009_02.mid,Chopin/Etudes_op_25/11/midi_score.mid,validation,tempo,-0.39937086412881523,2.7976138354784577,2.6749529540406636,352
Chopin/Etudes_op_25/11/HouMiao_2009_02.mid,Chopin/Etudes_op_25/11/midi_score.mid,validation,rubato,0.6645960506900638,3.6520114494098914,3.59758920097795,352
Chopin/Etudes_op_25/11/HouMiao_2009_02.mid,Chopin/Etudes_op_25/11/midi_score.mid,validation,dynamics,0.1687746206279819,3.279812868149232,1.0569264871579978,352
Chopin/Etudes_op_25/11/HouMiao_2009_02.mid,Chopin/Etudes_op_25/11/midi_score.mid,validation,articulation,-0.02428691216076838,3.024263888459738,1.5022758163090408,352
Chopin/Etudes_op_25/11/HouMiao_2009_02.mid,Chopin/Etudes_op_25/11/midi_score.mid,validation,pedal_depth,-1.5053144609636226,3.3708012629834054,1.0996908886567576,352
Chopin/Etudes_op_25/11/HouMiao_2009_02.mid,Chopin/Etudes_op_25/11/midi_score.mid,validation,pedal_down_ratio,-1.578452064863413,4.43733296443565,1.2332305328253266,352
Chopin/Etudes_op_25/11/HouMiao_2009_02.mid,Chopin/Etudes_op_25/11/midi_score.mid,validation,pedal_changes,0.5292968713495894,3.451522711974268,1.579271433769225,352
Chopin/Etudes_op_25/11/Huang02.mid,Chopin/Etudes_op_25/11/midi_score.mid,validation,tempo,0.15336552166597783,2.510574709364316,1.0089443794843194,352
Chopin/Etudes_op_25/11/Huang02.mid,Chopin/Etudes_op_25/11/midi_score.mid,validation,rubato,0.5100692133639292,3.434556223721229,1.382381322119685,352
Chopin/Etudes_op_25/11/Huang02.mid,Chopin/Etudes_op_25/11/midi_score.mid,validation,dynamics,-0.3901627578748621,2.8753948696575935,1.073064810111399,352
Chopin/Etudes_op_25/11/Huang02.mid,Chopin/Etudes_op_25/11/midi_score.mid,validation,articulation,0.272990649499748,3.424245034934134,1.4453742292667968,352
Chopin/Etudes_op_25/11/Huang02.mid,Chopin/Etudes_op_25/11/midi_score.mid,validation,pedal_depth,-0.7047331888689847,2.761368447998618,0.8487343778670641,352
Chopin/Etudes_op_25/11/Huang02.mid,Chopin/Etudes_op_25/11/midi_score.mid,validation,pedal_down_ratio,-0.4686659765690129,3.037914168979134,0.9064768358846335,352
Chopin/Etudes_op_25/11/Huang02.mid,Chopin/Etudes_op_25/11/midi_score.mid,validation,pedal_changes,0.3359608884015357,3.451522711974268,1.5697180994940536,352
Chopin/Etudes_op_25/11/KOLESO02.mid,Chopin/Etudes_op_25/11/midi_score.mid,validation,tempo,0.5591953656670349,2.960539486392601,1.2574962943151553,352
Chopin/Etudes_op_25/11/KOLESO02.mid,Chopin/Etudes_op_25/11/midi_score.mid,validation,rubato,0.6713811305451777,3.8922497269892418,1.6875384273617962,352
Chopin/Etudes_op_25/11/KOLESO02.mid,Chopin/Etudes_op_25/11/midi_score.mid,validation,dynamics,-0.4787551842167422,2.6823709755653424,0.9602180630093033,352
Chopin/Etudes_op_25/11/KOLESO02.mid,Chopin/Etudes_op_25/11/midi_score.mid,validation,articulation,0.9796537755426921,3.5637890700087165,1.4010472713935684,352
Chopin/Etudes_op_25/11/KOLESO02.mid,Chopin/Etudes_op_25/11/midi_score.mid,validation,pedal_depth,0.0862891255985135,1.7986377734704981,0.6718482236718248,352
Chopin/Etudes_op_25/11/KOLESO02.mid,Chopin/Etudes_op_25/11/midi_score.mid,validation,pedal_down_ratio,0.01630277372285233,1.5041445299304148,0.6669451129267466,352
Chopin/Etudes_op_25/11/KOLESO02.mid,Chopin/Etudes_op_25/11/midi_score.mid,validation,pedal_changes,0.5578218524402858,3.451522711974268,1.3879030646559845,352
Chopin/Etudes_op_25/11/KimSuyeon03M.mid,Chopin/Etudes_op_25/11/midi_score.mid,validation,tempo,1.1838557921205528,3.5748322159000185,1.4995490645136218,352
Chopin/Etudes_op_25/11/KimSuyeon03M.mid,Chopin/Etudes_op_25/11/midi_score.mid,validation,rubato,0.7635608398490284,4.907213675089482,2.01874985097217,352
Chopin/Etudes_op_25/11/KimSuyeon03M.mid,Chopin/Etudes_op_25/11/midi_score.mid,validation,dynamics,-0.053882128763349885,3.2238676203632775,1.0799318913501443,352
Chopin/Etudes_op_25/11/KimSuyeon03M.mid,Chopin/Etudes_op_25/11/midi_score.mid,validation,articulation,0.5069095587297845,3.556191276307096,1.545266487935596,352
Chopin/Etudes_op_25/11/KimSuyeon03M.mid,Chopin/Etudes_op_25/11/midi_score.mid,validation,pedal_depth,0.2724246967707917,1.8692578362175873,0.7366366262007691,352
Chopin/Etudes_op_25/11/KimSuyeon03M.mid,Chopin/Etudes_op_25/11/midi_score.mid,validation,pedal_down_ratio,0.09736958211501535,1.3805001021121346,0.7440471840364956,352
Chopin/Etudes_op_25/11/KimSuyeon03M.mid,Chopin/Etudes_op_25/11/midi_score.mid,validation,pedal_changes,-0.19016654060464283,3.451522711974268,1.3563868369414898,352
Chopin/Etudes_op_25/11/Kochetkova02.mid,Chopin/Etudes_op_25/11/midi_score.mid,validation,tempo,-0.12696718280087543,3.3918867892061932,1.1871571519896227,352
Chopin/Etudes_op_25/11/Kochetkova02.mid,Chopin/Etudes_op_25/11/midi_score.mid,validation,rubato,0.68052374028567,4.660150112853849,1.608189842921729,352
Chopin/Etudes_op_25/11/Kochetkova02.mid,Chopin/Etudes_op_25/11/midi_score.mid,validation,dynamics,-0.3542519027774383,3.249624729877027,0.9725543495043136,352
Chopin/Etudes_op_25/11/Kochetkova02.mid,Chopin/Etudes_op_25/11/midi_score.mid,validation,articulation,-0.2261555881447003,3.6232887251956787,1.453183311383509,352
Chopin/Etudes_op_25/11/Kochetkova02.mid,Chopin/Etudes_op_25/11/midi_score.mid,validation,pedal_depth,-1.1011750373349833,2.379541282802077,0.8955898340671912,352
Chopin/Etudes_op_25/11/Kochetkova02.mid,Chopin/Etudes_op_25/11/midi_score.mid,validation,pedal_down_ratio,-0.6322610311354108,1.9777341736962646,0.9489925969788279,352
Chopin/Etudes_op_25/11/Kochetkova02.mid,Chopin/Etudes_op_25/11/midi_score.mid,validation,pedal_changes,0.24087761809921435,3.451522711974268,1.1655262983636578,352
Chopin/Etudes_op_25/11/Kociuban02.mid,Chopin/Etudes_op_25/11/midi_score.mid,validation,tempo,-0.829262620325552,2.1205299121556593,1.0372042957852303,352
Chopin/Etudes_op_25/11/Kociuban02.mid,Chopin/Etudes_op_25/11/midi_score.mid,validation,rubato,0.47032529869789,3.015448438172734,1.4050144928664277,352
Chopin/Etudes_op_25/11/Kociuban02.mid,Chopin/Etudes_op_25/11/midi_score.mid,validation,dynamics,0.3495013765052507,2.517496965029168,0.9001972638063841,352
Chopin/Etudes_op_25/11/Kociuban02.mid,Chopin/Etudes_op_25/11/midi_score.mid,validation,articulation,-0.1898993928467268,3.199831058614082,1.4581670029550333,352
Chopin/Etudes_op_25/11/Kociuban02.mid,Chopin/Etudes_op_25/11/midi_score.mid,validation,pedal_depth,-0.7270231545821713,3.887439597778111,1.1852594526580462,352
Chopin/Etudes_op_25/11/Kociuban02.mid,Chopin/Etudes_op_25/11/midi_score.mid,validation,pedal_down_ratio,-0.2681280163056797,4.155359426749519,1.076071001050591,352
Chopin/Etudes_op_25/11/Kociuban02.mid,Chopin/Etudes_op_25/11/midi_score.mid,validation,pedal_changes,-0.110930482019375,2.301015141316179,1.3674313899182151,352
Chopin/Etudes_op_25/11/KyykhynenT10M.mid,Chopin/Etudes_op_25/11/midi_score.mid,validation,tempo,-0.6195971484099138,2.68174055317627,1.119309147943015,352
Chopin/Etudes_op_25/11/KyykhynenT10M.mid,Chopin/Etudes_op_25/11/midi_score.mid,validation,rubato,0.5385562026043964,3.429518694593063,1.5239290069182223,352
Chopin/Etudes_op_25/11/KyykhynenT10M.mid,Chopin/Etudes_op_25/11/midi_score.mid,validation,dynamics,1.0346181085083368,2.768164652504149,0.992986158746169,352
Chopin/Etudes_op_25/11/KyykhynenT10M.mid,Chopin/Etudes_op_25/11/midi_score.mid,validation,articulation,-0.19690335743438564,2.8241415201789852,1.4176398987041527,352
Chopin/Etudes_op_25/11/KyykhynenT10M.mid,Chopin/Etudes_op_25/11/midi_score.mid,validation,pedal_depth,0.1726273320166564,1.7434345740061976,0.8074680787369766,352
Chopin/Etudes_op_25/11/KyykhynenT10M.mid,Chopin/Etudes_op_25/11/midi_score.mid,validation,pedal_down_ratio,0.006893156257360615,1.3424064014575674,0.724639176562389,352
Chopin/Etudes_op_25/11/KyykhynenT10M.mid,Chopin/Etudes_op_25/11/midi_score.mid,validation,pedal_changes,0.18382765591782144,2.301015141316179,1.1394230234647784,352
Chopin/Etudes_op_25/11/LeeKoeun02.mid,Chopin/Etudes_op_25/11/midi_score.mid,validation,tempo,0.13220364402329404,2.9575503703155377,1.20132233018462,352
Chopin/Etudes_op_25/11/LeeKoeun02.mid,Chopin/Etudes_op_25/11/midi_score.mid,validation,rubato,0.6374298970653718,3.7810557264441993,1.6024173784887874,352
Chopin/Etudes_op_25/11/LeeKoeun02.mid,Chopin/Etudes_op_25/11/midi_score.mid,validation,dynamics,-0.5832034268770716,3.4853152871407356,0.9800122391962838,352
Chopin/Etudes_op_25/11/LeeKoeun02.mid,Chopin/Etudes_op_25/11/midi_score.mid,validation,articulation,-0.5273592860260855,3.7761017573525435,1.4316634286691177,352
Chopin/Etudes_op_25/11/LeeKoeun02.mid,Chopin/Etudes_op_25/11/midi_score.mid,validation,pedal_depth,0.22912631016563922,1.8969732125129952,1.0137881970794094,352
Chopin/Etudes_op_25/11/LeeKoeun02.mid,Chopin/Etudes_op_25/11/midi_score.mid,validation,pedal_down_ratio,0.044959218501219804,1.6065540550515176,1.0057969733278413,352
Chopin/Etudes_op_25/11/LeeKoeun02.mid,Chopin/Etudes_op_25/11/midi_score.mid,validation,pedal_changes,-0.05704996218139286,2.301015141316179,1.3549999366836805,352
Chopin/Etudes_op_25/11/Lisiecki07M.mid,Chopin/Etudes_op_25/11/midi_score.mid,validation,tempo,-1.1104379116597745,4.658552633253296,1.5367727606147694,352
Chopin/Etudes_op_25/11/Lisiecki07M.mid,Chopin/Etudes_op_25/11/midi_score.mid,validation,rubato,0.805041990894505,6.2144568829179505,2.0348217361428667,352
Chopin/Etudes_op_25/11/Lisiecki07M.mid,Chopin/Etudes_op_25/11/midi_score.mid,validation,dynamics,-0.6151444280953128,3.952917022010586,1.2163016461045004,352
Chopin/Etudes_op_25/11/Lisiecki07M.mid,Chopin/Etudes_op_25/11/midi_score.mid,validation,articulation,-0.0012795843308545448,3.6925878801730825,1.5219470116134244,352
Chopin/Etudes_op_25/11/Lisiecki07M.mid,Chopin/Etudes_op_25/11/midi_score.mid,validation,pedal_depth,-0.7867052574243222,2.3582653686004504,0.8877881567785975,352
Chopin/Etudes_op_25/11/Lisiecki07M.mid,Chopin/Etudes_op_25/11/midi_score.mid,validation,pedal_down_ratio,-0.009179526428549968,1.4873111236263585,0.7701148826593529,352
Chopin/Etudes_op_25/11/Lisiecki07M.mid,Chopin/Etudes_op_25/11/midi_score.mid,validation,pedal_changes,0.11093048201937501,2.301015141316179,1.2191414261807783,352
Chopin/Etudes_op_25/11/MiyashitaM03M.mid,Chopin/Etudes_op_25/11/midi_score.mid,validation,tempo,-0.41171867212493535,2.34330082723935,0.8605067980885686,352
Chopin/Etudes_op_25/11/MiyashitaM03M.mid,Chopin/Etudes_op_25/11/midi_score.mid,validation,rubato,0.53251807413141,3.0888117906828985,1.1499049623781392,352
Chopin/Etudes_op_25/11/MiyashitaM03M.mid,Chopin/Etudes_op_25/11/midi_score.mid,validation,dynamics,-0.10187946185688782,3.0205293428460305,0.8768480345714418,352
Chopin/Etudes_op_25/11/MiyashitaM03M.mid,Chopin/Etudes_op_25/11/midi_score.mid,validation,articulation,-0.2963630492696913,3.2110832033590673,1.2585520526189473,352
Chopin/Etudes_op_25/11/MiyashitaM03M.mid,Chopin/Etudes_op_25/11/midi_score.mid,validation,pedal_depth,-0.03735837378664058,1.7322535247260618,0.8435593053158275,352
Chopin/Etudes_op_25/11/MiyashitaM03M.mid,Chopin/Etudes_op_25/11/midi_score.mid,validation,pedal_down_ratio,-0.09310494043478777,1.3934158667844367,0.7684813113504892,352
Chopin/Etudes_op_25/11/MiyashitaM03M.mid,Chopin/Etudes_op_25/11/midi_score.mid,validation,pedal_changes,0.5071107749457143,3.451522711974268,1.5148584223086443,352
Chopin/Etudes_op_25/11/Richardson_2013_08M.mid,Chopin/Etudes_op_25/11/midi_score.mid,validation,tempo,1.3783462311537922,2.6650973735000134,0.9434701548649111,352
Chopin/Etudes_op_25/11/Richardson_2013_08M.mid,Chopin/Etudes_op_25/11/midi_score.mid,validation,rubato,0.5951041386180022,3.607791932028774,1.2344767663858092,352
Chopin/Etudes_op_25/11/Richardson_2013_08M.mid,Chopin/Etudes_op_25/11/midi_score.mid,validation,dynamics,0.21496621610275232,2.953711551964858,0.89045093195041,352
Chopin/Etudes_op_25/11/Richardson_2013_08M.mid,Chopin/Etudes_op_25/11/midi_score.mid,validation,articulation,-0.24995498902957194,4.037935176604318,1.754343267403672,352
Chopin/Etudes_op_25/11/Richardson_2013_08M.mid,Chopin/Etudes_op_25/11/midi_score.mid,validation,pedal_depth,0.07080978776280919,2.363933983076849,0.8230005957053969,352
Chopin/Etudes_op_25/11/Richardson_2013_08M.mid,Chopin/Etudes_op_25/11/midi_score.mid,validation,pedal_down_ratio,-0.04135591932424973,1.9009154419009735,0.9218000374581035,352
Chopin/Etudes_op_25/11/Richardson_2013_08M.mid,Chopin/Etudes_op_25/11/midi_score.mid,validation,pedal_changes,-0.10459159733255359,2.301015141316179,1.1574322687643548,352
Chopin/Etudes_op_25/11/Richardson_2015_03M.mid,Chopin/Etudes_op_25/11/midi_score.mid,validation,tempo,-0.18077543130270496,2.4340809925476794,1.0765991035710694,352
Chopin/Etudes_op_25/11/Richardson_2015_03M.mid,Chopin/Etudes_op_25/11/midi_score.mid,validation,rubato,0.560271002462007,3.507902001108291,1.4757438038528394,352
Chopin/Etudes_op_25/11/Richardson_2015_03M.mid,Chopin/Etudes_op_25/11/midi_score.mid,validation,dynamics,-0.2391047021963749,3.1149670064997705,0.8745510774935509,352
Chopin/Etudes_op_25/11/Richardson_2015_03M.mid,Chopin/Etudes_op_25/11/midi_score.mid,validation,articulation,-0.1970509270818516,3.7826245130072547,1.5393949684965058,352
Chopin/Etudes_op_25/11/Richardson_2015_03M.mid,Chopin/Etudes_op_25/11/midi_score.mid,validation,pedal_depth,-0.4690698732062518,2.6900914922806685,0.844971472244945,352
Chopin/Etudes_op_25/11/Richardson_2015_03M.mid,Chopin/Etudes_op_25/11/midi_score.mid,validation,pedal_down_ratio,-0.1986329565008022,1.9404238680407797,0.8329055851251198,352
Chopin/Etudes_op_25/11/Richardson_2015_03M.mid,Chopin/Etudes_op_25/11/midi_score.mid,validation,pedal_changes,-0.04754163515116073,2.301015141316179,1.0748901845492853,352
Chopin/Etudes_op_25/11/Seo02.mid,Chopin/Etudes_op_25/11/midi_score.mid,validation,tempo,-0.26469222879812765,2.8534392789650296,1.0704883187012055,352
Chopin/Etudes_op_25/11/Seo02.mid,Chopin/Etudes_op_25/11/midi_score.mid,validation,rubato,0.7000433620961811,3.977701302974279,1.4639782305745737,352
Chopin/Etudes_op_25/11/Seo02.mid,Chopin/Etudes_op_25/11/midi_score.mid,validation,dynamics,-0.07247158557413269,2.671651661148571,0.9816568845057163,352
Chopin/Etudes_op_25/11/Seo02.mid,Chopin/Etudes_op_25/11/midi_score.mid,validation,articulation,-0.43081590683704307,4.46956259449167,1.8797606063846326,352
Chopin/Etudes_op_25/11/Seo02.mid,Chopin/Etudes_op_25/11/midi_score.mid,validation,pedal_depth,0.0918053553839613,1.9227067721268525,0.7242425258596004,352
Chopin/Etudes_op_25/11/Seo02.mid,Chopin/Etudes_op_25/11/midi_score.mid,validation,pedal_down_ratio,0.03610371810981446,1.6262146111805047,0.7364389223713973,352
Chopin/Etudes_op_25/11/Seo02.mid,Chopin/Etudes_op_25/11/midi_score.mid,validation,pedal_changes,0.07923605858526786,2.8762689266452233,1.2252948607759648,352
Chopin/Etudes_op_25/11/Sham02M.mid,Chopin/Etudes_op_25/11/midi_score.mid,validation,tempo,0.39911106312206124,3.1884937774022077,1.0972957368006437,352
Chopin/Etudes_op_25/11/Sham02M.mid,Chopin/Etudes_op_25/11/midi_score.mid,validation,rubato,0.6547436112356915,4.253322866609302,1.4853751748714519,352
Chopin/Etudes_op_25/11/Sham02M.mid,Chopin/Etudes_op_25/11/midi_score.mid,validation,dynamics,0.6003457632562068,4.174867718425976,1.1991084668710947,352
Chopin/Etudes_op_25/11/Sham02M.mid,Chopin/Etudes_op_25/11/midi_score.mid,validation,articulation,0.5449993313035705,3.1723888698575826,1.4799748472540273,352
Chopin/Etudes_op_25/11/Sham02M.mid,Chopin/Etudes_op_25/11/midi_score.mid,validation,pedal_depth,-0.21980227621750445,3.1379806706385507,1.2009466471585404,352
Chopin/Etudes_op_25/11/Sham02M.mid,Chopin/Etudes_op_25/11/midi_score.mid,validation,pedal_down_ratio,-0.3586905003714286,2.43837517952257,1.1224634976919525,352
Chopin/Etudes_op_25/11/Sham02M.mid,Chopin/Etudes_op_25/11/midi_score.mid,validation,pedal_changes,0.2250304063821607,2.8762689266452233,1.2082975144358161,352
Chopin/Etudes_op_25/11/Shychko03M.mid,Chopin/Etudes_op_25/11/midi_score.mid,validation,tempo,0.6407405793084798,3.991039077122146,1.6345834534795307,352
Chopin/Etudes_op_25/11/Shychko03M.mid,Chopin/Etudes_op_25/11/midi_score.mid,validation,rubato,0.9277950029761554,5.643868558309317,2.214797981908982,352
Chopin/Etudes_op_25/11/Shychko03M.mid,Chopin/Etudes_op_25/11/midi_score.mid,validation,dynamics,0.5024262040671967,3.6324670339189513,1.2817820618787572,352
Chopin/Etudes_op_25/11/Shychko03M.mid,Chopin/Etudes_op_25/11/midi_score.mid,validation,articulation,-0.07498444476374667,3.5695436364683806,1.4607821046459961,352
Chopin/Etudes_op_25/11/Shychko03M.mid,Chopin/Etudes_op_25/11/midi_score.mid,validation,pedal_depth,0.20506607553309483,2.671134168054616,0.9241829557147632,352
Chopin/Etudes_op_25/11/Shychko03M.mid,Chopin/Etudes_op_25/11/midi_score.mid,validation,pedal_down_ratio,-0.08306229984005215,3.7290904608864297,1.0401916821827264,352
Chopin/Etudes_op_25/11/Shychko03M.mid,Chopin/Etudes_op_25/11/midi_score.mid,validation,pedal_changes,-0.22186096403875002,3.451522711974268,1.3170017109136625,352
Chopin/Etudes_op_25/11/Song02M.mid,Chopin/Etudes_op_25/11/midi_score.mid,validation,tempo,-0.23958878281950413,3.166225921500633,0.9947267578134771,352
Chopin/Etudes_op_25/11/Song02M.mid,Chopin/Etudes_op_25/11/midi_score.mid,validation,rubato,0.5956405459223525,4.133831198939862,1.3419502293224448,352
Chopin/Etudes_op_25/11/Song02M.mid,Chopin/Etudes_op_25/11/midi_score.mid,validation,dynamics,0.21036461480724405,2.83200281489703,0.8398121291209504,352
Chopin/Etudes_op_25/11/Song02M.mid,Chopin/Etudes_op_25/11/midi_score.mid,validation,articulation,-0.17951968842629099,3.1875747992913492,1.5701658807343664,352
Chopin/Etudes_op_25/11/Song02M.mid,Chopin/Etudes_op_25/11/midi_score.mid,validation,pedal_depth,-0.25922457311159763,2.471484331888676,0.9629855778754526,352
Chopin/Etudes_op_25/11/Song02M.mid,Chopin/Etudes_op_25/11/midi_score.mid,validation,pedal_down_ratio,-0.5042089346045637,4.0541207551533125,1.262901043353032,352
Chopin/Etudes_op_25/11/Song02M.mid,Chopin/Etudes_op_25/11/midi_score.mid,validation,pedal_changes,0.6782606614898928,3.451522711974268,1.4040655069025256,352
Chopin/Etudes_op_25/11/SunJay03.mid,Chopin/Etudes_op_25/11/midi_score.mid,validation,tempo,0.745349534076149,3.8208911788868294,1.6837321314068625,352
Chopin/Etudes_op_25/11/SunJay03.mid,Chopin/Etudes_op_25/11/midi_score.mid,validation,rubato,0.919427355758259,5.025210330258069,2.3099930996900278,352
Chopin/Etudes_op_25/11/SunJay03.mid,Chopin/Etudes_op_25/11/midi_score.mid,validation,dynamics,-0.6489433736967606,2.815740590696551,0.9579261818489042,352
Chopin/Etudes_op_25/11/SunJay03.mid,Chopin/Etudes_op_25/11/midi_score.mid,validation,articulation,0.37620249306887976,3.8192952149256008,1.6049603478233265,352
Chopin/Etudes_op_25/11/SunJay03.mid,Chopin/Etudes_op_25/11/midi_score.mid,validation,pedal_depth,0.18914615714118632,1.7944920461217924,0.6762284793275406,352
Chopin/Etudes_op_25/11/SunJay03.mid,Chopin/Etudes_op_25/11/midi_score.mid,validation,pedal_down_ratio,0.27412425543107666,1.5608654942031883,0.6646195937254593,352
Chopin/Etudes_op_25/11/SunJay03.mid,Chopin/Etudes_op_25/11/midi_score.mid,validation,pedal_changes,-0.1489637901403036,3.451522711974268,1.4998903224669762,352
Chopin/Etudes_op_25/11/Tan03.mid,Chopin/Etudes_op_25/11/midi_score.mid,validation,tempo,0.24654873070620498,2.2837276381178815,0.8181929524138125,352
Chopin/Etudes_op_25/11/Tan03.mid,Chopin/Etudes_op_25/11/midi_score.mid,validation,rubato,0.4981690056746567,3.0358245951831746,1.1562628587302421,352
Chopin/Etudes_op_25/11/Tan03.mid,Chopin/Etudes_op_25/11/midi_score.mid,validation,dynamics,-0.27047362963295446,3.3414748795091103,1.1232833529860375,352
Chopin/Etudes_op_25/11/Tan03.mid,Chopin/Etudes_op_25/11/midi_score.mid,validation,articulation,0.10444368681268285,3.7326606135825493,1.6558533590030262,352
Chopin/Etudes_op_25/11/Tan03.mid,Chopin/Etudes_op_25/11/midi_score.mid,validation,pedal_depth,-0.4510214125325323,3.7166031747115857,1.2893922137602523,352
Chopin/Etudes_op_25/11/Tan03.mid,Chopin/Etudes_op_25/11/midi_score.mid,validation,pedal_down_ratio,-0.5181344655130635,4.326251717381624,1.3001987110231765,352
Chopin/Etudes_op_25/11/Tan03.mid,Chopin/Etudes_op_25/11/midi_score.mid,validation,pedal_changes,0.39618029292633933,3.451522711974268,1.2910483972959679,352
Chopin/Etudes_op_25/11/Tang03.mid,Chopin/Etudes_op_25/11/midi_score.mid,validation,tempo,0.2906236012018127,2.976830373596474,1.2539485603435325,352
Chopin/Etudes_op_25/11/Tang03.mid,Chopin/Etudes_op_25/11/midi_score.mid,validation,rubato,0.7108835494399982,3.93785950709645,1.688950764955823,352
Chopin/Etudes_op_25/11/Tang03.mid,Chopin/Etudes_op_25/11/midi_score.mid,validation,dynamics,0.6356531134859564,2.681984058911689,0.8531177542511952,352
Chopin/Etudes_op_25/11/Tang03.mid,Chopin/Etudes_op_25/11/midi_score.mid,validation,articulation,-0.03648389026164234,3.774110520886212,1.3656486932378633,352
Chopin/Etudes_op_25/11/Tang03.mid,Chopin/Etudes_op_25/11/midi_score.mid,validation,pedal_depth,0.02687952995648149,2.665571968467721,0.734637058802198,352
Chopin/Etudes_op_25/11/Tang03.mid,Chopin/Etudes_op_25/11/midi_score.mid,validation,pedal_down_ratio,-0.22992103366111272,2.1067629564486734,0.806295549426391,352
Chopin/Etudes_op_25/11/Tang03.mid,Chopin/Etudes_op_25/11/midi_score.mid,validation,pedal_changes,-0.2186915216953393,3.451522711974268,1.0519046758359638,352
Chopin/Etudes_op_25/11/WangA02M.mid,Chopin/Etudes_op_25/11/midi_score.mid,validation,tempo,-0.23787851473124136,3.7043812257148883,1.28091967396631,352
Chopin/Etudes_op_25/11/WangA02M.mid,Chopin/Etudes_op_25/11/midi_score.mid,validation,rubato,0.6481516905286123,5.01958468877653,1.736424370893439,352
Chopin/Etudes_op_25/11/WangA02M.mid,Chopin/Etudes_op_25/11/midi_score.mid,validation,dynamics,0.06460194696059744,3.305999165115323,0.9784602216006238,352
Chopin/Etudes_op_25/11/WangA02M.mid,Chopin/Etudes_op_25/11/midi_score.mid,validation,articulation,-0.9553771218358539,3.737503896064422,1.4359957120951052,352
Chopin/Etudes_op_25/11/WangA02M.mid,Chopin/Etudes_op_25/11/midi_score.mid,validation,pedal_depth,0.3283960914860951,2.240427766973231,0.957773521329727,352
Chopin/Etudes_op_25/11/WangA02M.mid,Chopin/Etudes_op_25/11/midi_score.mid,validation,pedal_down_ratio,0.13221593156487968,1.8833706909111645,0.9872457066874547,352
Chopin/Etudes_op_25/11/WangA02M.mid,Chopin/Etudes_op_25/11/midi_score.mid,validation,pedal_changes,-0.1806582135744107,3.451522711974268,1.293957802859094,352
Chopin/Etudes_op_25/11/WangV02.mid,Chopin/Etudes_op_25/11/midi_score.mid,validation,tempo,-0.176797075612581,2.2058941980889735,0.9644384746915549,352
Chopin/Etudes_op_25/11/WangV02.mid,Chopin/Etudes_op_25/11/midi_score.mid,validation,rubato,0.5405029212308419,3.0535511560936133,1.276501076442598,352
Chopin/Etudes_op_25/11/WangV02.mid,Chopin/Etudes_op_25/11/midi_score.mid,validation,dynamics,-0.3998160365168294,3.055805404259165,1.0306428677848871,352
Chopin/Etudes_op_25/11/WangV02.mid,Chopin/Etudes_op_25/11/midi_score.mid,validation,articulation,-0.3685701763024167,3.9862382992993535,1.641394068296079,352
Chopin/Etudes_op_25/11/WangV02.mid,Chopin/Etudes_op_25/11/midi_score.mid,validation,pedal_depth,-0.014578387221669284,2.395375230714781,1.0566231906815544,352
Chopin/Etudes_op_25/11/WangV02.mid,Chopin/Etudes_op_25/11/midi_score.mid,validation,pedal_down_ratio,-0.11414167539735685,1.834008141555648,0.9452066223891361,352
Chopin/Etudes_op_25/11/WangV02.mid,Chopin/Etudes_op_25/11/midi_score.mid,validation,pedal_changes,0.07606661624185714,2.301015141316179,1.2939578006007082,352
Chopin/Etudes_op_25/12/Atzinger03.mid,Chopin/Etudes_op_25/12/midi_score.mid,train,tempo,0.4383664934658725,3.80873539372125,1.5198044375543882,328
Chopin/Etudes_op_25/12/Atzinger03.mid,Chopin/Etudes_op_25/12/midi_score.mid,train,rubato,0.9972495807058842,4.691131281507818,1.99044682493281,328
Chopin/Etudes_op_25/12/Atzinger03.mid,Chopin/Etudes_op_25/12/midi_score.mid,train,dynamics,-0.334898736167622,4.863086137515085,1.60909441209145,328
Chopin/Etudes_op_25/12/Atzinger03.mid,Chopin/Etudes_op_25/12/midi_score.mid,train,articulation,-0.15254857195939917,4.152330603420402,1.7865463882868273,328
Chopin/Etudes_op_25/12/Atzinger03.mid,Chopin/Etudes_op_25/12/midi_score.mid,train,pedal_depth,-1.3806431250246505,6.047549266969293,1.7243133358773968,328
Chopin/Etudes_op_25/12/Atzinger03.mid,Chopin/Etudes_op_25/12/midi_score.mid,train,pedal_down_ratio,-1.2566923694054053,6.003570376096534,1.8048690192272385,328
Chopin/Etudes_op_25/12/Atzinger03.mid,Chopin/Etudes_op_25/12/midi_score.mid,train,pedal_changes,0.09370508631191873,3.853621674577657,2.533341242885052,328
Chopin/Etudes_op_25/12/BorickC04M.mid,Chopin/Etudes_op_25/12/midi_score.mid,train,tempo,-0.17224765453900046,4.460512469373817,1.7771658608676717,328
Chopin/Etudes_op_25/12/BorickC04M.mid,Chopin/Etudes_op_25/12/midi_score.mid,train,rubato,1.3527756987031352,6.065459198770341,2.446281762593932,328
Chopin/Etudes_op_25/12/BorickC04M.mid,Chopin/Etudes_op_25/12/midi_score.mid,train,dynamics,-0.35162180470051835,3.7740177052401367,1.3477009682468482,328
Chopin/Etudes_op_25/12/BorickC04M.mid,Chopin/Etudes_op_25/12/midi_score.mid,train,articulation,-0.17377725623765425,3.6096321133884866,2.2636256158792065,328
Chopin/Etudes_op_25/12/BorickC04M.mid,Chopin/Etudes_op_25/12/midi_score.mid,train,pedal_depth,0.01578001169470907,1.9639001067307222,0.6425707773092214,328
Chopin/Etudes_op_25/12/BorickC04M.mid,Chopin/Etudes_op_25/12/midi_score.mid,train,pedal_down_ratio,-0.04116234676582705,1.6730555155088807,0.6175068216789847,328
Chopin/Etudes_op_25/12/BorickC04M.mid,Chopin/Etudes_op_25/12/midi_score.mid,train,pedal_changes,-0.10541822210090857,1.9268108372888284,1.014899082499223,328
Chopin/Etudes_op_25/12/Golubeva02.mid,Chopin/Etudes_op_25/12/midi_score.mid,train,tempo,-0.4591707502166601,2.2541146285168514,0.9591894833003487,328
Chopin/Etudes_op_25/12/Golubeva02.mid,Chopin/Etudes_op_25/12/midi_score.mid,train,rubato,0.4236196995249641,2.672050303495557,1.1318529061863047,328
Chopin/Etudes_op_25/12/Golubeva02.mid,Chopin/Etudes_op_25/12/midi_score.mid,train,dynamics,0.12142910531794987,2.6759780542905305,1.0051870488411985,328
Chopin/Etudes_op_25/12/Golubeva02.mid,Chopin/Etudes_op_25/12/midi_score.mid,train,articulation,0.6325345886085671,2.8230658099372,1.227036439119313,328
Chopin/Etudes_op_25/12/Golubeva02.mid,Chopin/Etudes_op_25/12/midi_score.mid,train,pedal_depth,-0.10279822233592098,0.9819370171944042,0.6714292747403965,328
Chopin/Etudes_op_25/12/Golubeva02.mid,Chopin/Etudes_op_25/12/midi_score.mid,train,pedal_down_ratio,-0.11763591991472629,1.3579255631843976,0.7391062059694353,328
Chopin/Etudes_op_25/12/Golubeva02.mid,Chopin/Etudes_op_25/12/midi_score.mid,train,pedal_changes,0.17569703683484758,1.9268108372888284,1.2633151957185742,328
Chopin/Etudes_op_25/12/HouKimberly03M.mid,Chopin/Etudes_op_25/12/midi_score.mid,train,tempo,0.6648015143612748,3.1766464036488187,1.3645043404569208,328
Chopin/Etudes_op_25/12/HouKimberly03M.mid,Chopin/Etudes_op_25/12/midi_score.mid,train,rubato,0.7081752923571949,4.3383631781562535,1.80047556647364,328
Chopin/Etudes_op_25/12/HouKimberly03M.mid,Chopin/Etudes_op_25/12/midi_score.mid,train,dynamics,-0.3918132174530148,3.7612109186678016,1.2471349499018982,328
Chopin/Etudes_op_25/12/HouKimberly03M.mid,Chopin/Etudes_op_25/12/midi_score.mid,train,articulation,-0.015261412955428835,4.538917687513015,2.0696618706005245,328
Chopin/Etudes_op_25/12/HouKimberly03M.mid,Chopin/Etudes_op_25/12/midi_score.mid,train,pedal_depth,0.0053765538733558564,1.5128971134586937,0.7769158078848203,328
Chopin/Etudes_op_25/12/HouKimberly03M.mid,Chopin/Etudes_op_25/12/midi_score.mid,train,pedal_down_ratio,0.03394088683755096,1.4750371699391858,0.7750055604832037,328
Chopin/Etudes_op_25/12/HouKimberly03M.mid,Chopin/Etudes_op_25/12/midi_score.mid,train,pedal_changes,-0.09370508631191872,1.9268108372888284,1.1409092045268536,328
Chopin/Etudes_op_25/12/KWON03.mid,Chopin/Etudes_op_25/12/midi_score.mid,train,tempo,-1.1206193758759944,2.8085017893372974,1.0907442972829684,328
Chopin/Etudes_op_25/12/KWON03.mid,Chopin/Etudes_op_25/12/midi_score.mid,train,rubato,0.5030609564270909,3.499027446118476,1.3449428185157553,328
Chopin/Etudes_op_25/12/KWON03.mid,Chopin/Etudes_op_25/12/midi_score.mid,train,dynamics,-0.9014604313336513,2.999207117613544,1.1449587357845714,328
Chopin/Etudes_op_25/12/KWON03.mid,Chopin/Etudes_op_25/12/midi_score.mid,train,articulation,-0.03600789904270598,3.1348464928183186,1.2267133936523813,328
Chopin/Etudes_op_25/12/KWON03.mid,Chopin/Etudes_op_25/12/midi_score.mid,train,pedal_depth,-0.33151011826025767,2.1488989323954435,0.8057633638149586,328
Chopin/Etudes_op_25/12/KWON03.mid,Chopin/Etudes_op_25/12/midi_score.mid,train,pedal_down_ratio,-0.13992736581883478,1.1740599324904393,0.6951509646169284,328
Chopin/Etudes_op_25/12/KWON03.mid,Chopin/Etudes_op_25/12/midi_score.mid,train,pedal_changes,0.01756970368348476,3.853621674577657,1.4114272489173665,328
Chopin/Etudes_op_25/12/Kunz03.mid,Chopin/Etudes_op_25/12/midi_score.mid,train,tempo,-0.41588578870242454,3.1709221724084244,1.100351421499256,328
Chopin/Etudes_op_25/12/Kunz03.mid,Chopin/Etudes_op_25/12/midi_score.mid,train,rubato,0.6131347932012061,4.061670796341221,1.4505351341486203,328
Chopin/Etudes_op_25/12/Kunz03.mid,Chopin/Etudes_op_25/12/midi_score.mid,train,dynamics,0.2923785324546627,3.520158735850634,1.3337487153210292,328
Chopin/Etudes_op_25/12/Kunz03.mid,Chopin/Etudes_op_25/12/midi_score.mid,train,articulation,0.17892813691941814,4.076614128317336,1.862628942944118,328
Chopin/Etudes_op_25/12/Kunz03.mid,Chopin/Etudes_op_25/12/midi_score.mid,train,pedal_depth,0.3210577672032674,1.7808491597358356,1.0405314970754878,328
Chopin/Etudes_op_25/12/Kunz03.mid,Chopin/Etudes_op_25/12/midi_score.mid,train,pedal_down_ratio,0.2895344590561651,1.5520574955320778,1.051602313543223,328
Chopin/Etudes_op_25/12/Kunz03.mid,Chopin/Etudes_op_25/12/midi_score.mid,train,pedal_changes,-0.10541822210090857,1.9268108372888284,1.0901764929400006,328
Chopin/Etudes_op_25/12/LuA04M.mid,Chopin/Etudes_op_25/12/midi_score.mid,train,tempo,0.5085549362647721,2.1861192166368086,0.8504041515583167,328
Chopin/Etudes_op_25/12/LuA04M.mid,Chopin/Etudes_op_25/12/midi_score.mid,train,rubato,0.45091269958273666,2.7821680505782442,1.0898806568310162,328
Chopin/Etudes_op_25/12/LuA04M.mid,Chopin/Etudes_op_25/12/midi_score.mid,train,dynamics,0.3785930835967662,3.2095230126570913,1.1723423324576339,328
Chopin/Etudes_op_25/12/LuA04M.mid,Chopin/Etudes_op_25/12/midi_score.mid,train,articulation,-0.018391945282835952,3.3671733681769105,1.404365160838041,328
Chopin/Etudes_op_25/12/LuA04M.mid,Chopin/Etudes_op_25/12/midi_score.mid,train,pedal_depth,-0.06479445327907646,1.9280764701655322,0.7304452048528827,328
Chopin/Etudes_op_25/12/LuA04M.mid,Chopin/Etudes_op_25/12/midi_score.mid,train,pedal_down_ratio,-0.14079825688543618,1.6104906935318208,0.7096812888544843,328
Chopin/Etudes_op_25/12/LuA04M.mid,Chopin/Etudes_op_25/12/midi_score.mid,train,pedal_changes,-0.017569703683484754,3.853621674577657,1.9091062532325112,328
Chopin/Etudes_op_25/12/Meek01.mid,Chopin/Etudes_op_25/12/midi_score.mid,train,tempo,-0.350850348146929,2.77550032285252,1.1613607761328124,328
Chopin/Etudes_op_25/12/Meek01.mid,Chopin/Etudes_op_25/12/midi_score.mid,train,rubato,0.8637058608007073,3.988893798149861,1.6268602194932518,328
Chopin/Etudes_op_25/12/Meek01.mid,Chopin/Etudes_op_25/12/midi_score.mid,train,dynamics,0.016994441818768056,4.095838022040192,1.3010293317252624,328
Chopin/Etudes_op_25/12/Meek01.mid,Chopin/Etudes_op_25/12/midi_score.mid,train,articulation,-0.11771054778350326,4.219131556789842,1.852552507181226,328
Chopin/Etudes_op_25/12/Meek01.mid,Chopin/Etudes_op_25/12/midi_score.mid,train,pedal_depth,-0.1593514182513921,1.9536059988732406,0.8193702596743376,328
Chopin/Etudes_op_25/12/Meek01.mid,Chopin/Etudes_op_25/12/midi_score.mid,train,pedal_down_ratio,-0.01657880795479656,2.0417236554437084,0.7721197047626905,328
Chopin/Etudes_op_25/12/Meek01.mid,Chopin/Etudes_op_25/12/midi_score.mid,train,pedal_changes,0.13470106157338316,1.9268108372888284,1.184712600537005,328
Chopin/Etudes_op_25/12/Yang03.mid,Chopin/Etudes_op_25/12/midi_score.mid,train,tempo,0.633410839233336,2.629400136742006,1.2277063925398572,328
Chopin/Etudes_op_25/12/Yang03.mid,Chopin/Etudes_op_25/12/midi_score.mid,train,rubato,0.5443340149621401,3.5465596993542814,1.5505533632305724,328
Chopin/Etudes_op_25/12/Yang03.mid,Chopin/Etudes_op_25/12/midi_score.mid,train,dynamics,0.4979828385958404,3.874693277461594,1.2884300839281033,328
Chopin/Etudes_op_25/12/Yang03.mid,Chopin/Etudes_op_25/12/midi_score.mid,train,articulation,-1.0029331918997126,3.4437108744461966,1.7864770997094874,328
Chopin/Etudes_op_25/12/Yang03.mid,Chopin/Etudes_op_25/12/midi_score.mid,train,pedal_depth,0.10450634606572354,2.105720365527579,0.9578706782333004,328
Chopin/Etudes_op_25/12/Yang03.mid,Chopin/Etudes_op_25/12/midi_score.mid,train,pedal_down_ratio,0.12554937082122566,2.077049766483355,0.9602924036887864,328
Chopin/Etudes_op_25/12/Yang03.mid,Chopin/Etudes_op_25/12/midi_score.mid,train,pedal_changes,-0.05270911105045428,3.853621674577657,1.8396608148603522,328
Chopin/Scherzos/31/ChenW04M.mid,Chopin/Scherzos/31/midi_score.mid,train,tempo,-0.12863560651333658,5.7085866360858715,1.8453760329807323,1548
Chopin/Scherzos/31/ChenW04M.mid,Chopin/Scherzos/31/midi_score.mid,train,rubato,1.0356103188275716,5.872720622084403,1.8788377989120237,1548
Chopin/Scherzos/31/ChenW04M.mid,Chopin/Scherzos/31/midi_score.mid,train,dynamics,0.9670007734408224,4.567604090490636,1.5205159261338927,1548
Chopin/Scherzos/31/ChenW04M.mid,Chopin/Scherzos/31/midi_score.mid,train,articulation,0.5713637946553807,4.102703150367682,1.653447455801892,1548
Chopin/Scherzos/31/ChenW04M.mid,Chopin/Scherzos/31/midi_score.mid,train,pedal_depth,0.03197869229370757,2.3876674442802166,0.8913875978122672,1548
Chopin/Scherzos/31/ChenW04M.mid,Chopin/Scherzos/31/midi_score.mid,train,pedal_down_ratio,-0.13659122009840569,2.432725944711194,0.951742654041936,1548
Chopin/Scherzos/31/ChenW04M.mid,Chopin/Scherzos/31/midi_score.mid,train,pedal_changes,0.08781106993594602,4.2294656029837725,1.4556939278043424,1548
Chopin/Scherzos/31/Dossin06.mid,Chopin/Scherzos/31/midi_score.mid,train,tempo,-0.10435854959812164,4.381988820530582,1.4745049192089892,1548
Chopin/Scherzos/31/Dossin06.mid,Chopin/Scherzos/31/midi_score.mid,train,rubato,0.7336166393918415,4.483048709452126,1.510789616984665,1548
Chopin/Scherzos/31/Dossin06.mid,Chopin/Scherzos/31/midi_score.mid,train,dynamics,-0.11417416433356865,3.6194712465772607,1.2925519221587607,1548
Chopin/Scherzos/31/Dossin06.mid,Chopin/Scherzos/31/midi_score.mid,train,articulation,-0.19577388481877656,4.390192537354663,2.0508397203638378,1548
Chopin/Scherzos/31/Dossin06.mid,Chopin/Scherzos/31/midi_score.mid,train,pedal_depth,0.15940407366605822,2.285549962098176,0.7921417148353926,1548
Chopin/Scherzos/31/Dossin06.mid,Chopin/Scherzos/31/midi_score.mid,train,pedal_down_ratio,0.14892692187509962,2.335647189042616,0.9108430552570967,1548
Chopin/Scherzos/31/Dossin06.mid,Chopin/Scherzos/31/midi_score.mid,train,pedal_changes,-0.045419518932385876,4.2294656029837725,1.4987189898821611,1548
Chopin/Scherzos/31/HuNY08M.mid,Chopin/Scherzos/31/midi_score.mid,train,tempo,-0.4132909472068691,3.4683941672497562,1.4970558788607462,1548
Chopin/Scherzos/31/HuNY08M.mid,Chopin/Scherzos/31/midi_score.mid,train,rubato,0.6119032257640468,3.58653686420726,1.5218483011175026,1548
Chopin/Scherzos/31/HuNY08M.mid,Chopin/Scherzos/31/midi_score.mid,train,dynamics,-0.35443155391949144,3.6801162490740653,1.412398008514121,1548
Chopin/Scherzos/31/HuNY08M.mid,Chopin/Scherzos/31/midi_score.mid,train,articulation,-0.3736489155298121,3.8186024357740305,1.571137515923202,1548
Chopin/Scherzos/31/HuNY08M.mid,Chopin/Scherzos/31/midi_score.mid,train,pedal_depth,-0.09809510924889446,3.1113211301178243,1.1355184357299974,1548
Chopin/Scherzos/31/HuNY08M.mid,Chopin/Scherzos/31/midi_score.mid,train,pedal_down_ratio,-0.1587648055840159,3.065582089517492,1.1585779672536363,1548
Chopin/Scherzos/31/HuNY08M.mid,Chopin/Scherzos/31/midi_score.mid,train,pedal_changes,0.10355650316583978,4.2294656029837725,1.6838956045028166,1548
Chopin/Scherzos/31/Jussow04.mid,Chopin/Scherzos/31/midi_score.mid,train,tempo,-0.0064322225287373564,4.132575541911666,1.8654073159435396,1548
Chopin/Scherzos/31/Jussow04.mid,Chopin/Scherzos/31/midi_score.mid,train,rubato,0.6585068700524186,4.253156590324691,1.9054395891981044,1548
Chopin/Scherzos/31/Jussow04.mid,Chopin/Scherzos/31/midi_score.mid,train,dynamics,-0.6724281652488862,3.5854508793229614,1.4222278395782575,1548
Chopin/Scherzos/31/Jussow04.mid,Chopin/Scherzos/31/midi_score.mid,train,articulation,-0.5724540096796543,4.9403885373572844,2.111375742387587,1548
Chopin/Scherzos/31/Jussow04.mid,Chopin/Scherzos/31/midi_score.mid,train,pedal_depth,-0.5085360611692772,3.1675727527965396,1.0385949024935937,1548
Chopin/Scherzos/31/Jussow04.mid,Chopin/Scherzos/31/midi_score.mid,train,pedal_down_ratio,-0.23363306489382626,3.2118606968513035,1.0827414482826274,1548
Chopin/Scherzos/31/Jussow04.mid,Chopin/Scherzos/31/midi_score.mid,train,pedal_changes,-0.0805439469067643,4.2294656029837725,1.4467357262515967,1548
Chopin/Scherzos/31/Jussow11M.mid,Chopin/Scherzos/31/midi_score.mid,train,tempo,0.14631732497258457,4.51763980783147,1.7322903650574668,1548
Chopin/Scherzos/31/Jussow11M.mid,Chopin/Scherzos/31/midi_score.mid,train,rubato,0.6764061470502243,4.604026323215557,1.7697102277722605,1548
Chopin/Scherzos/31/Jussow11M.mid,Chopin/Scherzos/31/midi_score.mid,train,dynamics,-0.8101218292138173,3.4975895830227195,1.3227608923115883,1548
Chopin/Scherzos/31/Jussow11M.mid,Chopin/Scherzos/31/midi_score.mid,train,articulation,-0.4201572838497397,4.684090801274044,1.9908195920789935,1548
Chopin/Scherzos/31/Jussow11M.mid,Chopin/Scherzos/31/midi_score.mid,train,pedal_depth,-0.5428134656539506,3.8401182751721894,1.1788054028989,1548
Chopin/Scherzos/31/Jussow11M.mid,Chopin/Scherzos/31/midi_score.mid,train,pedal_down_ratio,-0.3944348720387712,3.9736292216615396,1.2244724078876508,1548
Chopin/Scherzos/31/Jussow11M.mid,Chopin/Scherzos/31/midi_score.mid,train,pedal_changes,-0.13141380811103645,4.2294656029837725,1.4919570907914042,1548
Chopin/Scherzos/31/LeeN04M.mid,Chopin/Scherzos/31/midi_score.mid,train,tempo,-0.2591486968852793,3.9328942381748107,1.3489460044781718,1548
Chopin/Scherzos/31/LeeN04M.mid,Chopin/Scherzos/31/midi_score.mid,train,rubato,0.5893827384894101,4.043927167299416,1.3703814526822355,1548
Chopin/Scherzos/31/LeeN04M.mid,Chopin/Scherzos/31/midi_score.mid,train,dynamics,0.15879863704781053,3.464160874329361,1.311544309975852,1548
Chopin/Scherzos/31/LeeN04M.mid,Chopin/Scherzos/31/midi_score.mid,train,articulation,0.09102335980459814,4.363118271968512,1.6594027726221507,1548
Chopin/Scherzos/31/LeeN04M.mid,Chopin/Scherzos/31/midi_score.mid,train,pedal_depth,0.00623145791222018,3.1092655487110044,0.9546458771164598,1548
Chopin/Scherzos/31/LeeN04M.mid,Chopin/Scherzos/31/midi_score.mid,train,pedal_down_ratio,-0.08638465969318757,3.124605968850977,1.0013540261992089,1548
Chopin/Scherzos/31/LeeN04M.mid,Chopin/Scherzos/31/midi_score.mid,train,pedal_changes,0.14473686699786964,4.2294656029837725,1.5470924535046475,1548
Chopin/Scherzos/31/LinTami06M.mid,Chopin/Scherzos/31/midi_score.mid,train,tempo,0.2035391490852208,4.08210724071799,1.6796292136932882,1548
Chopin/Scherzos/31/LinTami06M.mid,Chopin/Scherzos/31/midi_score.mid,train,rubato,0.6673594020734346,4.098101774306474,1.7207913714807928,1548
Chopin/Scherzos/31/LinTami06M.mid,Chopin/Scherzos/31/midi_score.mid,train,dynamics,-0.0576784286715069,3.9257813358433253,1.4113810234945914,1548
Chopin/Scherzos/31/LinTami06M.mid,Chopin/Scherzos/31/midi_score.mid,train,articulation,-0.1694034475432098,4.3652929116009265,1.7216007067464119,1548
Chopin/Scherzos/31/LinTami06M.mid,Chopin/Scherzos/31/midi_score.mid,train,pedal_depth,-0.6776472077714949,2.2991577054539083,0.8202006903513783,1548
Chopin/Scherzos/31/LinTami06M.mid,Chopin/Scherzos/31/midi_score.mid,train,pedal_down_ratio,-0.14072107230378475,2.3870177257701752,0.8729603378530447,1548
Chopin/Scherzos/31/LinTami06M.mid,Chopin/Scherzos/31/midi_score.mid,train,pedal_changes,0.05389782913309791,4.2294656029837725,1.5111965326830232,1548
Chopin/Scherzos/31/LuoJ12M.mid,Chopin/Scherzos/31/midi_score.mid,train,tempo,0.3767446755829101,3.9478488813704065,1.5071158203112212,1548
Chopin/Scherzos/31/LuoJ12M.mid,Chopin/Scherzos/31/midi_score.mid,train,rubato,0.6661780759386959,4.041170963995347,1.5332815386302274,1548
Chopin/Scherzos/31/LuoJ12M.mid,Chopin/Scherzos/31/midi_score.mid,train,dynamics,0.333831977922656,3.219214230098385,1.2210296629253752,1548
Chopin/Scherzos/31/LuoJ12M.mid,Chopin/Scherzos/31/midi_score.mid,train,articulation,0.13709072240336204,3.7541273109573803,1.7607746275512244,1548
Chopin/Scherzos/31/LuoJ12M.mid,Chopin/Scherzos/31/midi_score.mid,train,pedal_depth,0.05811721994015768,2.5234514528880077,0.8127399831418444,1548
Chopin/Scherzos/31/LuoJ12M.mid,Chopin/Scherzos/31/midi_score.mid,train,pedal_down_ratio,0.05050311608179926,2.136281307239849,0.778298749790774,1548
Chopin/Scherzos/31/LuoJ12M.mid,Chopin/Scherzos/31/midi_score.mid,train,pedal_changes,0.2937128890960953,4.2294656029837725,1.6280699026904508,1548
Chopin/Scherzos/31/SunD04M.mid,Chopin/Scherzos/31/midi_score.mid,train,tempo,0.5029337488102616,4.045282199768623,1.5514955619600042,1548
Chopin/Scherzos/31/SunD04M.mid,Chopin/Scherzos/31/midi_score.mid,train,rubato,0.7078534192936324,4.1212011090879805,1.5751241306047736,1548
Chopin/Scherzos/31/SunD04M.mid,Chopin/Scherzos/31/midi_score.mid,train,dynamics,0.3953398099812481,3.4869397289257185,1.309344281318452,1548
Chopin/Scherzos/31/SunD04M.mid,Chopin/Scherzos/31/midi_score.mid,train,articulation,-0.22932974986772672,3.8009292137039283,1.6378874565396795,1548
Chopin/Scherzos/31/SunD04M.mid,Chopin/Scherzos/31/midi_score.mid,train,pedal_depth,0.206854806511187,2.2958213991907357,0.7791382963560989,1548
Chopin/Scherzos/31/SunD04M.mid,Chopin/Scherzos/31/midi_score.mid,train,pedal_down_ratio,0.04608164698104949,2.0372925508367343,0.7884209399114613,1548
Chopin/Scherzos/31/SunD04M.mid,Chopin/Scherzos/31/midi_score.mid,train,pedal_changes,0.19560672820214184,4.2294656029837725,1.6821790947758393,1548
Chopin/Scherzos/31/TongB04M.mid,Chopin/Scherzos/31/midi_score.mid,train,tempo,0.07526366104289302,3.452098098326,1.4220152288181398,1548
Chopin/Scherzos/31/TongB04M.mid,Chopin/Scherzos/31/midi_score.mid,train,rubato,0.587157336061704,3.5027994731709793,1.451773856705656,1548
Chopin/Scherzos/31/TongB04M.mid,Chopin/Scherzos/31/midi_score.mid,train,dynamics,-0.001634108564188522,3.249050726100296,1.2486760266710586,1548
Chopin/Scherzos/31/TongB04M.mid,Chopin/Scherzos/31/midi_score.mid,train,articulation,0.020033747945591002,3.8113161455633464,1.6612116582074392,1548
Chopin/Scherzos/31/TongB04M.mid,Chopin/Scherzos/31/midi_score.mid,train,pedal_depth,0.09415271057420257,1.7765854121082307,0.7103628237402814,1548
Chopin/Scherzos/31/TongB04M.mid,Chopin/Scherzos/31/midi_score.mid,train,pedal_down_ratio,0.09259612105399546,1.6611897063048977,0.8298011040320266,1548
Chopin/Scherzos/31/TongB04M.mid,Chopin/Scherzos/31/midi_score.mid,train,pedal_changes,0.009083903786477174,4.2294656029837725,1.3182197896729975,1548
Chopin/Scherzos/31/TuanS05M.mid,Chopin/Scherzos/31/midi_score.mid,train,tempo,-0.37496922125086946,3.469002189432268,1.341687926306011,1548
Chopin/Scherzos/31/TuanS05M.mid,Chopin/Scherzos/31/midi_score.mid,train,rubato,0.562532228324004,3.5453629420235715,1.3703782176316068,1548
Chopin/Scherzos/31/TuanS05M.mid,Chopin/Scherzos/31/midi_score.mid,train,dynamics,-0.16310486483624992,3.3596063543453347,1.3200928663899705,1548
Chopin/Scherzos/31/TuanS05M.mid,Chopin/Scherzos/31/midi_score.mid,train,articulation,0.23819184665297985,3.8181296735424324,1.7199069377303144,1548
Chopin/Scherzos/31/TuanS05M.mid,Chopin/Scherzos/31/midi_score.mid,train,pedal_depth,-0.09556651582750926,2.193682921354596,0.8789813976213583,1548
Chopin/Scherzos/31/TuanS05M.mid,Chopin/Scherzos/31/midi_score.mid,train,pedal_down_ratio,-0.07358933456780964,1.8097158292096374,0.8352776336146772,1548
Chopin/Scherzos/31/TuanS05M.mid,Chopin/Scherzos/31/midi_score.mid,train,pedal_changes,0.07569919822064314,4.2294656029837725,1.344261214735459,1548
Chopin/Scherzos/31/ZhangW04M.mid,Chopin/Scherzos/31/midi_score.mid,train,tempo,-0.04386729311176203,3.5842143369934627,1.466425648306304,1548
Chopin/Scherzos/31/ZhangW04M.mid,Chopin/Scherzos/31/midi_score.mid,train,rubato,0.6273742967276881,3.588133491713848,1.497016327288777,1548
Chopin/Scherzos/31/ZhangW04M.mid,Chopin/Scherzos/31/midi_score.mid,train,dynamics,-0.10035068171874612,3.2511637923893826,1.180567876097327,1548
Chopin/Scherzos/31/ZhangW04M.mid,Chopin/Scherzos/31/midi_score.mid,train,articulation,0.31699200907980957,3.8669413711833562,1.6195324865469658,1548
Chopin/Scherzos/31/ZhangW04M.mid,Chopin/Scherzos/31/midi_score.mid,train,pedal_depth,-0.5948260579658496,2.535963319680143,0.9854612295421331,1548
Chopin/Scherzos/31/ZhangW04M.mid,Chopin/Scherzos/31/midi_score.mid,train,pedal_down_ratio,-0.32827849326520425,2.2418658250584236,1.096068865775571,1548
Chopin/Scherzos/31/ZhangW04M.mid,Chopin/Scherzos/31/midi_score.mid,train,pedal_changes,0.29007932758150445,3.1720992022378294,1.6640488446223263,1548
Chopin/Sonata_3/2nd/GarritsonL09.mid,Chopin/Sonata_3/2nd/midi_score.mid,train,tempo,0.1029673334907909,3.678509715543749,1.0023904873980787,482
Chopin/Sonata_3/2nd/GarritsonL09.mid,Chopin/Sonata_3/2nd/midi_score.mid,train,rubato,0.7629053107690671,4.552392645261353,1.3079431967606274,482
Chopin/Sonata_3/2nd/GarritsonL09.mid,Chopin/Sonata_3/2nd/midi_score.mid,train,dynamics,-0.22573805406872594,3.919540746736215,1.4486929561730533,482
Chopin/Sonata_3/2nd/GarritsonL09.mid,Chopin/Sonata_3/2nd/midi_score.mid,train,articulation,-0.03977225834704833,3.9538963683461934,1.8593832579862306,482
Chopin/Sonata_3/2nd/GarritsonL09.mid,Chopin/Sonata_3/2nd/midi_score.mid,train,pedal_depth,-0.2958580985891986,3.3166539758088645,0.9037380795507755,482
Chopin/Sonata_3/2nd/GarritsonL09.mid,Chopin/Sonata_3/2nd/midi_score.mid,train,pedal_down_ratio,-0.28042872715201556,2.9957282444468287,0.9640815409939479,482
Chopin/Sonata_3/2nd/GarritsonL09.mid,Chopin/Sonata_3/2nd/midi_score.mid,train,pedal_changes,0.21328677446708,3.418955160860357,1.4187599616507183,482
Chopin/Sonata_3/2nd/HONG08.mid,Chopin/Sonata_3/2nd/midi_score.mid,train,tempo,0.2081695132037242,3.3560653921398775,1.2745163247749316,482
Chopin/Sonata_3/2nd/HONG08.mid,Chopin/Sonata_3/2nd/midi_score.mid,train,rubato,0.7209118457224569,4.214788913527825,1.613052022708542,482
Chopin/Sonata_3/2nd/HONG08.mid,Chopin/Sonata_3/2nd/midi_score.mid,train,dynamics,0.4146264356258327,5.4758657213803605,1.4650765575835032,482
Chopin/Sonata_3/2nd/HONG08.mid,Chopin/Sonata_3/2nd/midi_score.mid,train,articulation,0.19684115922389023,4.299049041822243,1.7846098858657868,482
Chopin/Sonata_3/2nd/HONG08.mid,Chopin/Sonata_3/2nd/midi_score.mid,train,pedal_depth,-0.1556978838640357,4.8932767188732536,1.0962588668562097,482
Chopin/Sonata_3/2nd/HONG08.mid,Chopin/Sonata_3/2nd/midi_score.mid,train,pedal_down_ratio,-0.24267894024294687,5.1184171780014776,1.252254148105555,482
Chopin/Sonata_3/2nd/HONG08.mid,Chopin/Sonata_3/2nd/midi_score.mid,train,pedal_changes,0.22283692854769555,3.418955160860357,1.414480129742606,482
Chopin/Sonata_3/2nd/HuangSW04.mid,Chopin/Sonata_3/2nd/midi_score.mid,train,tempo,-0.566901209990823,3.3145692370397253,1.1620381813745182,482
Chopin/Sonata_3/2nd/HuangSW04.mid,Chopin/Sonata_3/2nd/midi_score.mid,train,rubato,0.7825433796201068,4.3844133721888685,1.4935786904022856,482
Chopin/Sonata_3/2nd/HuangSW04.mid,Chopin/Sonata_3/2nd/midi_score.mid,train,dynamics,0.3004016883454111,3.8970577214203286,1.2853963064531146,482
Chopin/Sonata_3/2nd/HuangSW04.mid,Chopin/Sonata_3/2nd/midi_score.mid,train,articulation,0.5137583162649916,3.4747774598152716,1.5359084322759913,482
Chopin/Sonata_3/2nd/HuangSW04.mid,Chopin/Sonata_3/2nd/midi_score.mid,train,pedal_depth,0.009682323266907938,3.0912756585584034,0.9420881946630867,482
Chopin/Sonata_3/2nd/HuangSW04.mid,Chopin/Sonata_3/2nd/midi_score.mid,train,pedal_down_ratio,0.02248998310050465,3.7801798544084386,1.0628481777877206,482
Chopin/Sonata_3/2nd/HuangSW04.mid,Chopin/Sonata_3/2nd/midi_score.mid,train,pedal_changes,0.33107200812800486,3.418955160860357,1.450456198862882,482
Chopin/Sonata_3/2nd/Huangci06.mid,Chopin/Sonata_3/2nd/midi_score.mid,train,tempo,0.8407248625817052,3.3796797443798807,1.4253828900902707,482
Chopin/Sonata_3/2nd/Huangci06.mid,Chopin/Sonata_3/2nd/midi_score.mid,train,rubato,0.7084148957395873,4.159271056352271,1.804063532402489,482
Chopin/Sonata_3/2nd/Huangci06.mid,Chopin/Sonata_3/2nd/midi_score.mid,train,dynamics,-0.3032447134496457,4.206823847994763,1.5988507866665462,482
Chopin/Sonata_3/2nd/Huangci06.mid,Chopin/Sonata_3/2nd/midi_score.mid,train,articulation,-0.060713277830605906,4.919978232235147,2.10627686764699,482
Chopin/Sonata_3/2nd/Huangci06.mid,Chopin/Sonata_3/2nd/midi_score.mid,train,pedal_depth,0.10630913723481719,4.2936266099926685,1.1375451772848362,482
Chopin/Sonata_3/2nd/Huangci06.mid,Chopin/Sonata_3/2nd/midi_score.mid,train,pedal_down_ratio,0.21143900331897067,4.5129365265082715,1.2456249977896134,482
Chopin/Sonata_3/2nd/Huangci06.mid,Chopin/Sonata_3/2nd/midi_score.mid,train,pedal_changes,0.20692000508000297,3.418955160860357,1.4357517012568755,482
Chopin/Sonata_3/2nd/KimSJ08.mid,Chopin/Sonata_3/2nd/midi_score.mid,train,tempo,-0.7219233008094433,2.7268110121313716,0.9943631398139887,482
Chopin/Sonata_3/2nd/KimSJ08.mid,Chopin/Sonata_3/2nd/midi_score.mid,train,rubato,0.5522434415067522,3.531770678411852,1.1829830060159574,482
Chopin/Sonata_3/2nd/KimSJ08.mid,Chopin/Sonata_3/2nd/midi_score.mid,train,dynamics,0.40940857410037723,2.9977367087848688,1.227249317536537,482
Chopin/Sonata_3/2nd/KimSJ08.mid,Chopin/Sonata_3/2nd/midi_score.mid,train,articulation,0.0055496448104174435,4.507468324216261,1.8743991049899977,482
Chopin/Sonata_3/2nd/KimSJ08.mid,Chopin/Sonata_3/2nd/midi_score.mid,train,pedal_depth,0.1261987002880081,3.4285072102523753,0.9242188350069792,482
Chopin/Sonata_3/2nd/KimSJ08.mid,Chopin/Sonata_3/2nd/midi_score.mid,train,pedal_down_ratio,0.030525493515411218,3.519974675393017,1.0364342891376408,482
Chopin/Sonata_3/2nd/KimSJ08.mid,Chopin/Sonata_3/2nd/midi_score.mid,train,pedal_changes,0.27058769895077317,3.418955160860357,1.4441726071915382,482
Chopin/Sonata_3/2nd/KimSY21.mid,Chopin/Sonata_3/2nd/midi_score.mid,train,tempo,-0.17373565152542925,2.4288229131766106,0.9678343440026392,482
Chopin/Sonata_3/2nd/KimSY21.mid,Chopin/Sonata_3/2nd/midi_score.mid,train,rubato,0.4216912517078925,3.3820881738598696,1.2887257199102142,482
Chopin/Sonata_3/2nd/KimSY21.mid,Chopin/Sonata_3/2nd/midi_score.mid,train,dynamics,0.06791826148379554,3.511348931556677,1.344277703735641,482
Chopin/Sonata_3/2nd/KimSY21.mid,Chopin/Sonata_3/2nd/midi_score.mid,train,articulation,-0.1158914948027722,3.6614102477832517,1.5653843023187906,482
Chopin/Sonata_3/2nd/KimSY21.mid,Chopin/Sonata_3/2nd/midi_score.mid,train,pedal_depth,-0.6265532883823393,2.5998490942211605,0.895300255804456,482
Chopin/Sonata_3/2nd/KimSY21.mid,Chopin/Sonata_3/2nd/midi_score.mid,train,pedal_down_ratio,-0.2835583536051985,3.133503915371979,1.1577796929982775,482
Chopin/Sonata_3/2nd/KimSY21.mid,Chopin/Sonata_3/2nd/midi_score.mid,train,pedal_changes,0.1623526193704639,3.418955160860357,1.4420719887473088,482
Chopin/Sonata_3/2nd/SCHU09.mid,Chopin/Sonata_3/2nd/midi_score.mid,train,tempo,0.7658283430889453,3.6040534064363543,1.1998389312829412,482
Chopin/Sonata_3/2nd/SCHU09.mid,Chopin/Sonata_3/2nd/midi_score.mid,train,rubato,0.9081367864118198,4.838937962749896,1.569062104341638,482
Chopin/Sonata_3/2nd/SCHU09.mid,Chopin/Sonata_3/2nd/midi_score.mid,train,dynamics,-0.8389405114151678,4.416665417609706,1.317089938576877,482
Chopin/Sonata_3/2nd/SCHU09.mid,Chopin/Sonata_3/2nd/midi_score.mid,train,articulation,-0.16919213763776852,4.445836130919011,2.05157106232699,482
Chopin/Sonata_3/2nd/SCHU09.mid,Chopin/Sonata_3/2nd/midi_score.mid,train,pedal_depth,-0.027888190553953685,2.8814296609223344,0.8469576181997567,482
Chopin/Sonata_3/2nd/SCHU09.mid,Chopin/Sonata_3/2nd/midi_score.mid,train,pedal_down_ratio,-0.04526661403521155,3.2692624936176298,0.9737622369885067,482
Chopin/Sonata_3/2nd/SCHU09.mid,Chopin/Sonata_3/2nd/midi_score.mid,train,pedal_changes,0.05093415509661613,3.418955160860357,1.2959246962365472,482
Chopin/Sonata_3/2nd/Shybayeva07.mid,Chopin/Sonata_3/2nd/midi_score.mid,train,tempo,-0.9469487520547808,2.3780168364556062,1.0172336519766039,482
Chopin/Sonata_3/2nd/Shybayeva07.mid,Chopin/Sonata_3/2nd/midi_score.mid,train,rubato,0.47620830625887317,3.126425731644152,1.2400889615061532,482
Chopin/Sonata_3/2nd/Shybayeva07.mid,Chopin/Sonata_3/2nd/midi_score.mid,train,dynamics,0.12256275907805603,2.7729064556260026,0.9762785752062324,482
Chopin/Sonata_3/2nd/Shybayeva07.mid,Chopin/Sonata_3/2nd/midi_score.mid,train,articulation,-0.7435779531080439,3.9775740587909874,1.94474035183973,482
Chopin/Sonata_3/2nd/Shybayeva07.mid,Chopin/Sonata_3/2nd/midi_score.mid,train,pedal_depth,0.47600297520792617,2.844636267216389,0.8453585159068151,482
Chopin/Sonata_3/2nd/Shybayeva07.mid,Chopin/Sonata_3/2nd/midi_score.mid,train,pedal_down_ratio,0.49755566303805093,3.1065932236662825,1.0581233105668153,482
Chopin/Sonata_3/2nd/Shybayeva07.mid,Chopin/Sonata_3/2nd/midi_score.mid,train,pedal_changes,0.42339016424062154,1.7094775804301785,1.416621660309906,482
Chopin/Sonata_3/2nd/mikahailoff01.mid,Chopin/Sonata_3/2nd/midi_score.mid,train,tempo,0.4275726482908634,3.311789970291307,1.1571206366330065,482
Chopin/Sonata_3/2nd/mikahailoff01.mid,Chopin/Sonata_3/2nd/midi_score.mid,train,rubato,0.6457473861616385,4.1156937610460655,1.4274121795298615,482
Chopin/Sonata_3/2nd/mikahailoff01.mid,Chopin/Sonata_3/2nd/midi_score.mid,train,dynamics,-0.48839666798219844,3.377450025230952,1.3175352765905608,482
Chopin/Sonata_3/2nd/mikahailoff01.mid,Chopin/Sonata_3/2nd/midi_score.mid,train,articulation,0.08292232393373898,3.931478421970788,1.607609602014675,482
Chopin/Sonata_3/2nd/mikahailoff01.mid,Chopin/Sonata_3/2nd/midi_score.mid,train,pedal_depth,0.06551537894675385,3.008084119983409,1.02884180337812,482
Chopin/Sonata_3/2nd/mikahailoff01.mid,Chopin/Sonata_3/2nd/midi_score.mid,train,pedal_down_ratio,-0.06313257679761904,3.7261089608766054,1.3159937015797345,482
Chopin/Sonata_3/2nd/mikahailoff01.mid,Chopin/Sonata_3/2nd/midi_score.mid,train,pedal_changes,0.16871938875754092,3.418955160860357,1.2579406014918675,482
Chopin/Sonata_3/3rd/GarritsonL10.mid,Chopin/Sonata_3/3rd/midi_score.mid,test,tempo,-0.27805958854878965,3.8797307788535367,1.0028352191234469,421
Chopin/Sonata_3/3rd/GarritsonL10.mid,Chopin/Sonata_3/3rd/midi_score.mid,test,rubato,0.7138094813527348,4.468252911752213,1.1720253750481298,421
Chopin/Sonata_3/3rd/GarritsonL10.mid,Chopin/Sonata_3/3rd/midi_score.mid,test,dynamics,-0.15154601410728058,3.8119969423085602,1.1971845617259522,421
Chopin/Sonata_3/3rd/GarritsonL10.mid,Chopin/Sonata_3/3rd/midi_score.mid,test,articulation,-0.1562228688964242,4.421849246695328,1.9292888064267597,421
Chopin/Sonata_3/3rd/GarritsonL10.mid,Chopin/Sonata_3/3rd/midi_score.mid,test,pedal_depth,0.3067092348074978,2.5646555044605424,0.8160150284417765,421
Chopin/Sonata_3/3rd/GarritsonL10.mid,Chopin/Sonata_3/3rd/midi_score.mid,test,pedal_down_ratio,0.04065504624462817,1.8989324423563598,0.8333530813271558,421
Chopin/Sonata_3/3rd/GarritsonL10.mid,Chopin/Sonata_3/3rd/midi_score.mid,test,pedal_changes,0.25015435514792395,3.8744837332213335,1.3616781695360243,421
Chopin/Sonata_3/3rd/HONG08.mid,Chopin/Sonata_3/3rd/midi_score.mid,test,tempo,0.7959058641251396,3.85288493681235,0.9599680169144813,421
Chopin/Sonata_3/3rd/HONG08.mid,Chopin/Sonata_3/3rd/midi_score.mid,test,rubato,0.8647388061497557,4.576535806926647,1.153267290497745,421
Chopin/Sonata_3/3rd/HONG08.mid,Chopin/Sonata_3/3rd/midi_score.mid,test,dynamics,0.20428698197019907,3.928533956862574,1.1319472025905544,421
Chopin/Sonata_3/3rd/HONG08.mid,Chopin/Sonata_3/3rd/midi_score.mid,test,articulation,-0.32388357330477935,4.069102041454409,1.8891883134966658,421
Chopin/Sonata_3/3rd/HONG08.mid,Chopin/Sonata_3/3rd/midi_score.mid,test,pedal_depth,-0.06933079961511919,2.5749131071802682,0.9868998565260803,421
Chopin/Sonata_3/3rd/HONG08.mid,Chopin/Sonata_3/3rd/midi_score.mid,test,pedal_down_ratio,-0.43781101921102994,3.387730011525912,1.374960636607072,421
Chopin/Sonata_3/3rd/HONG08.mid,Chopin/Sonata_3/3rd/midi_score.mid,test,pedal_changes,0.055266659858262276,3.8744837332213335,1.333750882800189,421
Chopin/Sonata_3/3rd/HuangSW05.mid,Chopin/Sonata_3/3rd/midi_score.mid,test,tempo,0.05444427515497745,3.5905744493090928,1.0172339463710383,421
Chopin/Sonata_3/3rd/HuangSW05.mid,Chopin/Sonata_3/3rd/midi_score.mid,test,rubato,0.8029419057854643,4.2977439205119845,1.2550568466414644,421
Chopin/Sonata_3/3rd/HuangSW05.mid,Chopin/Sonata_3/3rd/midi_score.mid,test,dynamics,0.6586341183407907,4.83222666886501,1.0772918567138308,421
Chopin/Sonata_3/3rd/HuangSW05.mid,Chopin/Sonata_3/3rd/midi_score.mid,test,articulation,0.7005044011296928,4.184152143950252,1.8327467491728213,421
Chopin/Sonata_3/3rd/HuangSW05.mid,Chopin/Sonata_3/3rd/midi_score.mid,test,pedal_depth,-0.3237869364796796,3.9426899560212636,1.2195641503658745,421
Chopin/Sonata_3/3rd/HuangSW05.mid,Chopin/Sonata_3/3rd/midi_score.mid,test,pedal_down_ratio,-0.3493341098748901,3.4181777739839205,1.2674117393344129,421
Chopin/Sonata_3/3rd/HuangSW05.mid,Chopin/Sonata_3/3rd/midi_score.mid,test,pedal_changes,0.07853683243016216,2.582989155480889,1.5417969229107438,421
Chopin/Sonata_3/3rd/Huangci06.mid,Chopin/Sonata_3/3rd/midi_score.mid,test,tempo,0.1055307496434992,2.5460287029646316,0.8723334502028203,421
Chopin/Sonata_3/3rd/Huangci06.mid,Chopin/Sonata_3/3rd/midi_score.mid,test,rubato,0.5765424087093751,3.2313917844028275,1.141362570672037,421
Chopin/Sonata_3/3rd/Huangci06.mid,Chopin/Sonata_3/3rd/midi_score.mid,test,dynamics,-0.4071152607640498,4.979990107468868,1.1308764964910205,421
Chopin/Sonata_3/3rd/Huangci06.mid,Chopin/Sonata_3/3rd/midi_score.mid,test,articulation,-0.11862708868621608,4.757866082570094,1.839332124452001,421
Chopin/Sonata_3/3rd/Huangci06.mid,Chopin/Sonata_3/3rd/midi_score.mid,test,pedal_depth,-0.32067575453267505,3.2454918624468823,0.9406667731282701,421
Chopin/Sonata_3/3rd/Huangci06.mid,Chopin/Sonata_3/3rd/midi_score.mid,test,pedal_down_ratio,-0.19339922950812297,2.5539043925592533,0.907292048700921,421
Chopin/Sonata_3/3rd/Huangci06.mid,Chopin/Sonata_3/3rd/midi_score.mid,test,pedal_changes,0.21524909629007408,3.8744837332213335,1.3989913326152386,421
Chopin/Sonata_3/3rd/KimSJ09.mid,Chopin/Sonata_3/3rd/midi_score.mid,test,tempo,-0.6314381877522,2.861355687414301,0.9957713440392909,421
Chopin/Sonata_3/3rd/KimSJ09.mid,Chopin/Sonata_3/3rd/midi_score.mid,test,rubato,0.5563386450845381,3.420723258853227,1.1222058073738228,421
Chopin/Sonata_3/3rd/KimSJ09.mid,Chopin/Sonata_3/3rd/midi_score.mid,test,dynamics,0.4369233079681697,4.014469075847741,1.0495513333676627,421
Chopin/Sonata_3/3rd/KimSJ09.mid,Chopin/Sonata_3/3rd/midi_score.mid,test,articulation,-0.17376568280294794,3.8388248542390695,1.6145548420061822,421
Chopin/Sonata_3/3rd/KimSJ09.mid,Chopin/Sonata_3/3rd/midi_score.mid,test,pedal_depth,-0.19964327191589692,2.2775310526623915,1.0181092896417276,421
Chopin/Sonata_3/3rd/KimSJ09.mid,Chopin/Sonata_3/3rd/midi_score.mid,test,pedal_down_ratio,-0.09580199017258624,1.9891347973741564,1.1498824405910677,421
Chopin/Sonata_3/3rd/KimSJ09.mid,Chopin/Sonata_3/3rd/midi_score.mid,test,pedal_changes,-0.0029087715714874907,3.8744837332213335,1.4228594396583865,421
Chopin/Sonata_3/3rd/KimSY22.mid,Chopin/Sonata_3/3rd/midi_score.mid,test,tempo,-0.9750517953370433,3.4386622099038906,1.0073489035611967,421
Chopin/Sonata_3/3rd/KimSY22.mid,Chopin/Sonata_3/3rd/midi_score.mid,test,rubato,0.6758489483330812,3.888332115003778,1.1660937642706186,421
Chopin/Sonata_3/3rd/KimSY22.mid,Chopin/Sonata_3/3rd/midi_score.mid,test,dynamics,0.22533132430380623,3.1109012695414995,1.031569219204451,421
Chopin/Sonata_3/3rd/KimSY22.mid,Chopin/Sonata_3/3rd/midi_score.mid,test,articulation,0.23387522490519458,3.7506640642076405,1.6220746674007516,421
Chopin/Sonata_3/3rd/KimSY22.mid,Chopin/Sonata_3/3rd/midi_score.mid,test,pedal_depth,-0.8812071079609063,2.618279200469493,0.9126757181635532,421
Chopin/Sonata_3/3rd/KimSY22.mid,Chopin/Sonata_3/3rd/midi_score.mid,test,pedal_down_ratio,-0.366608816802267,3.0898807668443107,1.0910810845282648,421
Chopin/Sonata_3/3rd/KimSY22.mid,Chopin/Sonata_3/3rd/midi_score.mid,test,pedal_changes,-0.023270172571899894,3.6807595465602643,1.4815162921420286,421
Chopin/Sonata_3/3rd/SCHU09.mid,Chopin/Sonata_3/3rd/midi_score.mid,test,tempo,0.0753781671820229,3.076378148265123,0.9013336733964263,421
Chopin/Sonata_3/3rd/SCHU09.mid,Chopin/Sonata_3/3rd/midi_score.mid,test,rubato,0.5547485274633246,3.657425542835897,1.055248439093962,421
Chopin/Sonata_3/3rd/SCHU09.mid,Chopin/Sonata_3/3rd/midi_score.mid,test,dynamics,-0.6263249519003198,4.391059749888838,1.0239820553034142,421
Chopin/Sonata_3/3rd/SCHU09.mid,Chopin/Sonata_3/3rd/midi_score.mid,test,articulation,0.31294784005072723,5.0706125972672496,2.290029169267248,421
Chopin/Sonata_3/3rd/SCHU09.mid,Chopin/Sonata_3/3rd/midi_score.mid,test,pedal_depth,0.10808052434132072,2.5812262678263274,0.9205325826085304,421
Chopin/Sonata_3/3rd/SCHU09.mid,Chopin/Sonata_3/3rd/midi_score.mid,test,pedal_down_ratio,-0.07536410653280166,2.561807273472361,1.078978477008395,421
Chopin/Sonata_3/3rd/SCHU09.mid,Chopin/Sonata_3/3rd/midi_score.mid,test,pedal_changes,-0.10762454814503704,1.2914945777404445,0.9991986066987663,421
Chopin/Sonata_3/3rd/Shybayeva07.mid,Chopin/Sonata_3/3rd/midi_score.mid,test,tempo,0.10944597810559056,4.2841076456912734,0.8986819566612996,421
Chopin/Sonata_3/3rd/Shybayeva07.mid,Chopin/Sonata_3/3rd/midi_score.mid,test,rubato,0.7657906948012235,5.255466803989415,1.0855089524477157,421
Chopin/Sonata_3/3rd/Shybayeva07.mid,Chopin/Sonata_3/3rd/midi_score.mid,test,dynamics,0.10842495376047559,3.3202432163716438,0.8928625108566124,421
Chopin/Sonata_3/3rd/Shybayeva07.mid,Chopin/Sonata_3/3rd/midi_score.mid,test,articulation,-1.5591158692976677,4.92516024809872,2.2540201769313883,421
Chopin/Sonata_3/3rd/Shybayeva07.mid,Chopin/Sonata_3/3rd/midi_score.mid,test,pedal_depth,-0.14441590796858042,2.648047546515672,0.8307102648548397,421
Chopin/Sonata_3/3rd/Shybayeva07.mid,Chopin/Sonata_3/3rd/midi_score.mid,test,pedal_down_ratio,0.06521218912561462,1.7085848174059448,0.8468390103106822,421
Chopin/Sonata_3/3rd/Shybayeva07.mid,Chopin/Sonata_3/3rd/midi_score.mid,test,pedal_changes,0.05235788828677477,2.582989155480889,1.3396786937098997,421
Chopin/Sonata_3/3rd/mikahailoff01.mid,Chopin/Sonata_3/3rd/midi_score.mid,test,tempo,0.3333341112350267,2.63737891518367,0.835803275650718,421
Chopin/Sonata_3/3rd/mikahailoff01.mid,Chopin/Sonata_3/3rd/midi_score.mid,test,rubato,0.6644889682759008,3.4989204748476945,1.0107387648029362,421
Chopin/Sonata_3/3rd/mikahailoff01.mid,Chopin/Sonata_3/3rd/midi_score.mid,test,dynamics,-0.4842390463029976,3.5666821549729995,0.9678620283401516,421
Chopin/Sonata_3/3rd/mikahailoff01.mid,Chopin/Sonata_3/3rd/midi_score.mid,test,articulation,0.2960505695975772,4.66470461811846,2.075267190128154,421
Chopin/Sonata_3/3rd/mikahailoff01.mid,Chopin/Sonata_3/3rd/midi_score.mid,test,pedal_depth,0.13928686546169902,2.2708537543867156,0.7981966539241737,421
Chopin/Sonata_3/3rd/mikahailoff01.mid,Chopin/Sonata_3/3rd/midi_score.mid,test,pedal_down_ratio,-0.06390061376778462,1.8377334554584572,0.7735740809336253,421
Chopin/Sonata_3/3rd/mikahailoff01.mid,Chopin/Sonata_3/3rd/midi_score.mid,test,pedal_changes,-0.029087715714874875,2.582989155480889,1.2667154306554018,421
Chopin/Sonata_3/4th/GarritsonL11M.mid,Chopin/Sonata_3/4th/midi_score.mid,train,tempo,1.2160160907549744,2.309697979991212,0.8826549341036758,568
Chopin/Sonata_3/4th/GarritsonL11M.mid,Chopin/Sonata_3/4th/midi_score.mid,train,rubato,0.5926510816689304,3.7074832130095454,1.4571047359394813,568
Chopin/Sonata_3/4th/GarritsonL11M.mid,Chopin/Sonata_3/4th/midi_score.mid,train,dynamics,0.08851054446397767,3.5681198107102223,1.2065212126598028,568
Chopin/Sonata_3/4th/GarritsonL11M.mid,Chopin/Sonata_3/4th/midi_score.mid,train,articulation,-0.3626685192784833,3.7698480687468425,1.5306300535997241,568
Chopin/Sonata_3/4th/GarritsonL11M.mid,Chopin/Sonata_3/4th/midi_score.mid,train,pedal_depth,-0.45036394269825597,3.221366320172865,1.1254218777587295,568
Chopin/Sonata_3/4th/GarritsonL11M.mid,Chopin/Sonata_3/4th/midi_score.mid,train,pedal_down_ratio,-0.4324316356884413,3.589488587817403,1.1813760075880748,568
Chopin/Sonata_3/4th/GarritsonL11M.mid,Chopin/Sonata_3/4th/midi_score.mid,train,pedal_changes,0.13718370790925097,3.602655221555252,1.5133192010147096,568
Chopin/Sonata_3/4th/HONG08.mid,Chopin/Sonata_3/4th/midi_score.mid,train,tempo,-0.14058802340889232,2.238562923652759,0.8748416862752827,568
Chopin/Sonata_3/4th/HONG08.mid,Chopin/Sonata_3/4th/midi_score.mid,train,rubato,0.4942717751087196,4.072081515201447,1.6168768821466306,568
Chopin/Sonata_3/4th/HONG08.mid,Chopin/Sonata_3/4th/midi_score.mid,train,dynamics,-0.1805128602401284,4.180515031511366,1.1321305920870142,568
Chopin/Sonata_3/4th/HONG08.mid,Chopin/Sonata_3/4th/midi_score.mid,train,articulation,0.06033991721718042,3.7505820996961865,1.486147268017294,568
Chopin/Sonata_3/4th/HONG08.mid,Chopin/Sonata_3/4th/midi_score.mid,train,pedal_depth,-0.00014447056528951851,3.2764677835190574,1.0712614905911126,568
Chopin/Sonata_3/4th/HONG08.mid,Chopin/Sonata_3/4th/midi_score.mid,train,pedal_down_ratio,-0.09477126935570256,3.111005806749305,1.1450094792413879,568
Chopin/Sonata_3/4th/HONG08.mid,Chopin/Sonata_3/4th/midi_score.mid,train,pedal_changes,-0.16250993090788188,2.4017701477035014,1.3744018810350211,568
Chopin/Sonata_3/4th/HuangSW06M.mid,Chopin/Sonata_3/4th/midi_score.mid,train,tempo,-0.10188771625374016,2.0952213635064014,0.7063972202259312,568
Chopin/Sonata_3/4th/HuangSW06M.mid,Chopin/Sonata_3/4th/midi_score.mid,train,rubato,0.5354396891839822,4.1485431267890815,1.351214945375731,568
Chopin/Sonata_3/4th/HuangSW06M.mid,Chopin/Sonata_3/4th/midi_score.mid,train,dynamics,0.03675188106368851,3.991632146110944,1.4072501483465947,568
Chopin/Sonata_3/4th/HuangSW06M.mid,Chopin/Sonata_3/4th/midi_score.mid,train,articulation,0.40772812412483905,3.879081084510333,1.6067078362185636,568
Chopin/Sonata_3/4th/HuangSW06M.mid,Chopin/Sonata_3/4th/midi_score.mid,train,pedal_depth,-0.407264454016385,3.755480690045369,1.0673105372524703,568
Chopin/Sonata_3/4th/HuangSW06M.mid,Chopin/Sonata_3/4th/midi_score.mid,train,pedal_down_ratio,-0.346395031981739,3.8488006294678017,1.100719302064875,568
Chopin/Sonata_3/4th/HuangSW06M.mid,Chopin/Sonata_3/4th/midi_score.mid,train,pedal_changes,0.008442074332876984,3.1223011920145494,1.3312357881283086,568
Chopin/Sonata_3/4th/Huangci06.mid,Chopin/Sonata_3/4th/midi_score.mid,train,tempo,0.7442464715819844,2.215460765474891,0.8154257646846539,568
Chopin/Sonata_3/4th/Huangci06.mid,Chopin/Sonata_3/4th/midi_score.mid,train,rubato,0.6999665874958615,4.110672357338485,1.4572442999944906,568
Chopin/Sonata_3/4th/Huangci06.mid,Chopin/Sonata_3/4th/midi_score.mid,train,dynamics,-0.19054908083640734,5.456768270128694,1.6946041741288962,568
Chopin/Sonata_3/4th/Huangci06.mid,Chopin/Sonata_3/4th/midi_score.mid,train,articulation,-0.6429154356168973,4.722450065658946,1.8039779761539294,568
Chopin/Sonata_3/4th/Huangci06.mid,Chopin/Sonata_3/4th/midi_score.mid,train,pedal_depth,-0.0815529795379733,2.9466152826517096,1.335013889961445,568
Chopin/Sonata_3/4th/Huangci06.mid,Chopin/Sonata_3/4th/midi_score.mid,train,pedal_down_ratio,-0.12251880313174553,2.5679509797472346,1.2268071714008897,568
Chopin/Sonata_3/4th/Huangci06.mid,Chopin/Sonata_3/4th/midi_score.mid,train,pedal_changes,-0.103415410577743,2.4017701477035014,1.3558028927802515,568
Chopin/Sonata_3/4th/KimSJ10M.mid,Chopin/Sonata_3/4th/midi_score.mid,train,tempo,-1.0701283308025322,2.286849292411631,0.7243578031996855,568
Chopin/Sonata_3/4th/KimSJ10M.mid,Chopin/Sonata_3/4th/midi_score.mid,train,rubato,0.7168101705684569,3.4856023345311957,1.1490967472807203,568
Chopin/Sonata_3/4th/KimSJ10M.mid,Chopin/Sonata_3/4th/midi_score.mid,train,dynamics,0.16614961564413844,3.0991215803254994,1.0994907073652065,568
Chopin/Sonata_3/4th/KimSJ10M.mid,Chopin/Sonata_3/4th/midi_score.mid,train,articulation,0.0813686965601926,2.9729523081287152,1.2723384213911049,568
Chopin/Sonata_3/4th/KimSJ10M.mid,Chopin/Sonata_3/4th/midi_score.mid,train,pedal_depth,-0.06030367959996978,3.4724397462107968,1.0076970779045613,568
Chopin/Sonata_3/4th/KimSJ10M.mid,Chopin/Sonata_3/4th/midi_score.mid,train,pedal_down_ratio,-0.08177446069261275,3.5834181549574238,1.0085808250486161,568
Chopin/Sonata_3/4th/KimSJ10M.mid,Chopin/Sonata_3/4th/midi_score.mid,train,pedal_changes,-0.13929422649247017,3.602655221555252,1.284647427095257,568
Chopin/Sonata_3/4th/KimSY23M.mid,Chopin/Sonata_3/4th/midi_score.mid,train,tempo,-0.7495670588212916,2.3220462187160864,0.8133862431425103,568
Chopin/Sonata_3/4th/KimSY23M.mid,Chopin/Sonata_3/4th/midi_score.mid,train,rubato,0.7110233500831874,4.146657529265645,1.3915353987373957,568
Chopin/Sonata_3/4th/KimSY23M.mid,Chopin/Sonata_3/4th/midi_score.mid,train,dynamics,0.46844181264912793,3.3028723879194892,1.0948613384307586,568
Chopin/Sonata_3/4th/KimSY23M.mid,Chopin/Sonata_3/4th/midi_score.mid,train,articulation,0.6561002189855266,3.0901806156678924,1.129198978675274,568
Chopin/Sonata_3/4th/KimSY23M.mid,Chopin/Sonata_3/4th/midi_score.mid,train,pedal_depth,-0.22427639108932,2.2637253762190257,0.9614157240844675,568
Chopin/Sonata_3/4th/KimSY23M.mid,Chopin/Sonata_3/4th/midi_score.mid,train,pedal_down_ratio,-0.12984687102647052,1.8350035827167386,0.9364547234812192,568
Chopin/Sonata_3/4th/KimSY23M.mid,Chopin/Sonata_3/4th/midi_score.mid,train,pedal_changes,0.06753659466301586,2.4017701477035014,1.2485658685884824,568
Chopin/Sonata_3/4th/SCHU09.mid,Chopin/Sonata_3/4th/midi_score.mid,train,tempo,0.619232761847034,2.6602946060127475,0.915904340767593,568
Chopin/Sonata_3/4th/SCHU09.mid,Chopin/Sonata_3/4th/midi_score.mid,train,rubato,0.8063984468788258,4.777007510298067,1.6749632974153632,568
Chopin/Sonata_3/4th/SCHU09.mid,Chopin/Sonata_3/4th/midi_score.mid,train,dynamics,-0.3510544502972518,4.891395269363717,1.2339576049174554,568
Chopin/Sonata_3/4th/SCHU09.mid,Chopin/Sonata_3/4th/midi_score.mid,train,articulation,-0.1211515686186636,3.928256834977162,1.4592260963680266,568
Chopin/Sonata_3/4th/SCHU09.mid,Chopin/Sonata_3/4th/midi_score.mid,train,pedal_depth,0.05778357262095854,2.363603441184029,0.9855244315318994,568
Chopin/Sonata_3/4th/SCHU09.mid,Chopin/Sonata_3/4th/midi_score.mid,train,pedal_down_ratio,0.12261902186658503,1.9803808720652294,1.0799816981527197,568
Chopin/Sonata_3/4th/SCHU09.mid,Chopin/Sonata_3/4th/midi_score.mid,train,pedal_changes,-0.06964711324623508,3.602655221555252,1.4072607485220912,568
Chopin/Sonata_3/4th/Shybayeva07.mid,Chopin/Sonata_3/4th/midi_score.mid,train,tempo,-0.7161446347658409,2.205238107907639,0.7527515433354858,568
Chopin/Sonata_3/4th/Shybayeva07.mid,Chopin/Sonata_3/4th/midi_score.mid,train,rubato,0.6241899738378346,3.9624480596683034,1.2609595009855028,568
Chopin/Sonata_3/4th/Shybayeva07.mid,Chopin/Sonata_3/4th/midi_score.mid,train,dynamics,-0.29142502913992885,3.7827769229163377,1.3084181489335343,568
Chopin/Sonata_3/4th/Shybayeva07.mid,Chopin/Sonata_3/4th/midi_score.mid,train,articulation,-1.1691327835132317,4.092725891216185,1.644473283219946,568
Chopin/Sonata_3/4th/Shybayeva07.mid,Chopin/Sonata_3/4th/midi_score.mid,train,pedal_depth,0.3249861290370723,2.6491342759074468,0.9652397180980217,568
Chopin/Sonata_3/4th/Shybayeva07.mid,Chopin/Sonata_3/4th/midi_score.mid,train,pedal_down_ratio,0.29773596529877433,2.7566126970551386,1.0128439831186928,568
Chopin/Sonata_3/4th/Shybayeva07.mid,Chopin/Sonata_3/4th/midi_score.mid,train,pedal_changes,0.3229093432325445,3.602655221555252,1.496447780800563,568
Chopin/Sonata_3/4th/mikahailoff01.mid,Chopin/Sonata_3/4th/midi_score.mid,train,tempo,0.43514849504397085,2.404246556934191,0.7161587763671107,568
Chopin/Sonata_3/4th/mikahailoff01.mid,Chopin/Sonata_3/4th/midi_score.mid,train,rubato,0.8751904825873357,4.682174912424051,1.2874077090630507,568
Chopin/Sonata_3/4th/mikahailoff01.mid,Chopin/Sonata_3/4th/midi_score.mid,train,dynamics,-0.6781659784047858,3.817854980863335,1.2598895880762588,568
Chopin/Sonata_3/4th/mikahailoff01.mid,Chopin/Sonata_3/4th/midi_score.mid,train,articulation,0.3282423815051258,3.833667399267319,1.5539238034432072,568
Chopin/Sonata_3/4th/mikahailoff01.mid,Chopin/Sonata_3/4th/midi_score.mid,train,pedal_depth,0.018955407605432826,3.1504457915785866,1.017451683886945,568
Chopin/Sonata_3/4th/mikahailoff01.mid,Chopin/Sonata_3/4th/midi_score.mid,train,pedal_down_ratio,-0.12205628023988735,3.6089659640461624,1.225919333307655,568
Chopin/Sonata_3/4th/mikahailoff01.mid,Chopin/Sonata_3/4th/midi_score.mid,train,pedal_changes,0.06964711324623508,2.4017701477035014,1.410864497636905,568
Haydn/Keyboard_Sonatas/50-1_no_repeat/Day01.mid,Haydn/Keyboard_Sonatas/50-1_no_repeat/midi_score.mid,train,tempo,0.3554405172656985,2.2775172463590696,1.0728661768464143,561
Haydn/Keyboard_Sonatas/50-1_no_repeat/Day01.mid,Haydn/Keyboard_Sonatas/50-1_no_repeat/midi_score.mid,train,rubato,0.4763230193538556,3.095010040973562,1.3855814674780773,561
Haydn/Keyboard_Sonatas/50-1_no_repeat/Day01.mid,Haydn/Keyboard_Sonatas/50-1_no_repeat/midi_score.mid,train,dynamics,-0.3664680760258678,3.2829444538604102,0.9225648648750158,561
Haydn/Keyboard_Sonatas/50-1_no_repeat/Day01.mid,Haydn/Keyboard_Sonatas/50-1_no_repeat/midi_score.mid,train,articulation,-0.3487237828685157,4.479850002147611,1.8420220215496206,561
Haydn/Keyboard_Sonatas/50-1_no_repeat/Day01.mid,Haydn/Keyboard_Sonatas/50-1_no_repeat/midi_score.mid,train,pedal_depth,-0.2623905235996736,2.015367863169218,0.6824550604665396,561
Haydn/Keyboard_Sonatas/50-1_no_repeat/Day01.mid,Haydn/Keyboard_Sonatas/50-1_no_repeat/midi_score.mid,train,pedal_down_ratio,-0.38023822495565257,3.1363254596405343,0.8798498418667938,561
Haydn/Keyboard_Sonatas/50-1_no_repeat/Day01.mid,Haydn/Keyboard_Sonatas/50-1_no_repeat/midi_score.mid,train,pedal_changes,-0.10209472332807712,1.3764770933408985,0.9325587099553047,561
Haydn/Keyboard_Sonatas/50-1_no_repeat/EVSTIO01.mid,Haydn/Keyboard_Sonatas/50-1_no_repeat/midi_score.mid,train,tempo,0.5681455896683154,3.1084603835873312,1.4192038812048027,561
Haydn/Keyboard_Sonatas/50-1_no_repeat/EVSTIO01.mid,Haydn/Keyboard_Sonatas/50-1_no_repeat/midi_score.mid,train,rubato,0.70811222014711,4.175480091618786,1.8678014885127154,561
Haydn/Keyboard_Sonatas/50-1_no_repeat/EVSTIO01.mid,Haydn/Keyboard_Sonatas/50-1_no_repeat/midi_score.mid,train,dynamics,0.40897412413452816,3.8008226865639507,1.0404308123479693,561
Haydn/Keyboard_Sonatas/50-1_no_repeat/EVSTIO01.mid,Haydn/Keyboard_Sonatas/50-1_no_repeat/midi_score.mid,train,articulation,0.0646998307013057,3.758070385088182,1.5153569741424837,561
Haydn/Keyboard_Sonatas/50-1_no_repeat/EVSTIO01.mid,Haydn/Keyboard_Sonatas/50-1_no_repeat/midi_score.mid,train,pedal_depth,0.36919718824369224,2.886937913341839,0.9484053758508092,561
Haydn/Keyboard_Sonatas/50-1_no_repeat/EVSTIO01.mid,Haydn/Keyboard_Sonatas/50-1_no_repeat/midi_score.mid,train,pedal_down_ratio,0.17856754891545604,3.0733316086722398,1.0354098923080661,561
Haydn/Keyboard_Sonatas/50-1_no_repeat/EVSTIO01.mid,Haydn/Keyboard_Sonatas/50-1_no_repeat/midi_score.mid,train,pedal_changes,0.34712205931546214,2.752954186681797,1.205796838840443,561
Haydn/Keyboard_Sonatas/50-1_no_repeat/GalantM02M.mid,Haydn/Keyboard_Sonatas/50-1_no_repeat/midi_score.mid,train,tempo,-0.6717495482834137,2.908988899628539,1.0494191618451498,561
Haydn/Keyboard_Sonatas/50-1_no_repeat/GalantM02M.mid,Haydn/Keyboard_Sonatas/50-1_no_repeat/midi_score.mid,train,rubato,0.6912554476866525,3.822823307572598,1.3393572184160565,561
Haydn/Keyboard_Sonatas/50-1_no_repeat/GalantM02M.mid,Haydn/Keyboard_Sonatas/50-1_no_repeat/midi_score.mid,train,dynamics,-0.37624835095233267,3.195279871389408,0.9214160015740158,561
Haydn/Keyboard_Sonatas/50-1_no_repeat/GalantM02M.mid,Haydn/Keyboard_Sonatas/50-1_no_repeat/midi_score.mid,train,articulation,-0.43526876962356387,3.0528394622844424,1.490605062356596,561
Haydn/Keyboard_Sonatas/50-1_no_repeat/GalantM02M.mid,Haydn/Keyboard_Sonatas/50-1_no_repeat/midi_score.mid,train,pedal_depth,-0.1544862526661467,2.4768368387270585,0.6832875202579158,561
Haydn/Keyboard_Sonatas/50-1_no_repeat/GalantM02M.mid,Haydn/Keyboard_Sonatas/50-1_no_repeat/midi_score.mid,train,pedal_down_ratio,-0.08630519427065732,2.083591175513337,0.6515857660907263,561
Haydn/Keyboard_Sonatas/50-1_no_repeat/GalantM02M.mid,Haydn/Keyboard_Sonatas/50-1_no_repeat/midi_score.mid,train,pedal_changes,0.09729026575969701,3.4411927333522465,1.1484129572859767,561
Haydn/Keyboard_Sonatas/50-1_no_repeat/Georgieva01.mid,Haydn/Keyboard_Sonatas/50-1_no_repeat/midi_score.mid,train,tempo,-0.4264602015754543,3.172090866746118,2.6532237444529714,561
Haydn/Keyboard_Sonatas/50-1_no_repeat/Georgieva01.mid,Haydn/Keyboard_Sonatas/50-1_no_repeat/midi_score.mid,train,rubato,0.7442034817548062,4.068841582311391,3.4778779096078742,561
Haydn/Keyboard_Sonatas/50-1_no_repeat/Georgieva01.mid,Haydn/Keyboard_Sonatas/50-1_no_repeat/midi_score.mid,train,dynamics,-0.31426067683179715,3.1741419843402845,1.0322622138024427,561
Haydn/Keyboard_Sonatas/50-1_no_repeat/Georgieva01.mid,Haydn/Keyboard_Sonatas/50-1_no_repeat/midi_score.mid,train,articulation,0.3363732341479167,5.466178547626808,2.0346269540557294,561
Haydn/Keyboard_Sonatas/50-1_no_repeat/Georgieva01.mid,Haydn/Keyboard_Sonatas/50-1_no_repeat/midi_score.mid,train,pedal_depth,1.0402973744400168,2.7304434935596307,0.9013893975166336,561
Haydn/Keyboard_Sonatas/50-1_no_repeat/Georgieva01.mid,Haydn/Keyboard_Sonatas/50-1_no_repeat/midi_score.mid,train,pedal_down_ratio,0.3987618578561281,2.7932990759525493,1.0276384554449791,561
Haydn/Keyboard_Sonatas/50-1_no_repeat/Georgieva01.mid,Haydn/Keyboard_Sonatas/50-1_no_repeat/midi_score.mid,train,pedal_changes,0.3423176017470821,2.752954186681797,1.0692195716376365,561
Haydn/Keyboard_Sonatas/50-1_no_repeat/Gorucan01.mid,Haydn/Keyboard_Sonatas/50-1_no_repeat/midi_score.mid,train,tempo,0.5280074509008916,3.728987633506364,1.6596886625977336,561
Haydn/Keyboard_Sonatas/50-1_no_repeat/Gorucan01.mid,Haydn/Keyboard_Sonatas/50-1_no_repeat/midi_score.mid,train,rubato,0.7809758272278277,4.8350614714863465,2.201988384483401,561
Haydn/Keyboard_Sonatas/50-1_no_repeat/Gorucan01.mid,Haydn/Keyboard_Sonatas/50-1_no_repeat/midi_score.mid,train,dynamics,-0.12032080180226536,5.076682256411557,1.3349402292974772,561
Haydn/Keyboard_Sonatas/50-1_no_repeat/Gorucan01.mid,Haydn/Keyboard_Sonatas/50-1_no_repeat/midi_score.mid,train,articulation,-0.5877381981296109,4.808209972893356,1.9035367560630283,561
Haydn/Keyboard_Sonatas/50-1_no_repeat/Gorucan01.mid,Haydn/Keyboard_Sonatas/50-1_no_repeat/midi_score.mid,train,pedal_depth,0.005674434831742195,4.569739533592466,1.05702050650077,561
Haydn/Keyboard_Sonatas/50-1_no_repeat/Gorucan01.mid,Haydn/Keyboard_Sonatas/50-1_no_repeat/midi_score.mid,train,pedal_down_ratio,0.19870154970208903,4.606051482504442,1.2854135695488855,561
Haydn/Keyboard_Sonatas/50-1_no_repeat/Gorucan01.mid,Haydn/Keyboard_Sonatas/50-1_no_repeat/midi_score.mid,train,pedal_changes,0.3399153729628921,4.129431280022695,1.5899500031389704,561
Haydn/Keyboard_Sonatas/50-1_no_repeat/HSU01.mid,Haydn/Keyboard_Sonatas/50-1_no_repeat/midi_score.mid,train,tempo,-0.9282776726272166,2.972788008508779,2.8660312558151744,561
Haydn/Keyboard_Sonatas/50-1_no_repeat/HSU01.mid,Haydn/Keyboard_Sonatas/50-1_no_repeat/midi_score.mid,train,rubato,0.5816308200180974,3.9881148059671427,3.759072255979385,561
Haydn/Keyboard_Sonatas/50-1_no_repeat/HSU01.mid,Haydn/Keyboard_Sonatas/50-1_no_repeat/midi_score.mid,train,dynamics,-0.14877505194953103,3.473562774790346,0.9506094551102436,561
Haydn/Keyboard_Sonatas/50-1_no_repeat/HSU01.mid,Haydn/Keyboard_Sonatas/50-1_no_repeat/midi_score.mid,train,articulation,0.5009888703791676,3.663245131625355,1.8904719436683175,561
Haydn/Keyboard_Sonatas/50-1_no_repeat/HSU01.mid,Haydn/Keyboard_Sonatas/50-1_no_repeat/midi_score.mid,train,pedal_depth,0.2677286293028372,2.3150334424908836,0.9663844002906458,561
Haydn/Keyboard_Sonatas/50-1_no_repeat/HSU01.mid,Haydn/Keyboard_Sonatas/50-1_no_repeat/midi_score.mid,train,pedal_down_ratio,0.2149747980088907,2.0429296193404314,0.8259159224751911,561
Haydn/Keyboard_Sonatas/50-1_no_repeat/HSU01.mid,Haydn/Keyboard_Sonatas/50-1_no_repeat/midi_score.mid,train,pedal_changes,0.24382622159529005,2.752954186681797,1.0581063800889494,561
Haydn/Keyboard_Sonatas/50-1_no_repeat/HUAN_J01.mid,Haydn/Keyboard_Sonatas/50-1_no_repeat/midi_score.mid,train,tempo,-0.1614928262774162,3.885032664903581,1.461626725876912,561
Haydn/Keyboard_Sonatas/50-1_no_repeat/HUAN_J01.mid,Haydn/Keyboard_Sonatas/50-1_no_repeat/midi_score.mid,train,rubato,0.8668513961817373,5.22812117283233,1.9220075562541,561
Haydn/Keyboard_Sonatas/50-1_no_repeat/HUAN_J01.mid,Haydn/Keyboard_Sonatas/50-1_no_repeat/midi_score.mid,train,dynamics,-0.09585018809899987,3.3872118857954536,0.9076655564546747,561
Haydn/Keyboard_Sonatas/50-1_no_repeat/HUAN_J01.mid,Haydn/Keyboard_Sonatas/50-1_no_repeat/midi_score.mid,train,articulation,0.41881421274333624,3.4365546951981516,1.44914983900847,561
Haydn/Keyboard_Sonatas/50-1_no_repeat/HUAN_J01.mid,Haydn/Keyboard_Sonatas/50-1_no_repeat/midi_score.mid,train,pedal_depth,0.5429175561465013,2.8336780076941666,1.0075450838429194,561
Haydn/Keyboard_Sonatas/50-1_no_repeat/HUAN_J01.mid,Haydn/Keyboard_Sonatas/50-1_no_repeat/midi_score.mid,train,pedal_down_ratio,0.45502195267494683,3.180962283748148,1.0715914191651308,561
Haydn/Keyboard_Sonatas/50-1_no_repeat/HUAN_J01.mid,Haydn/Keyboard_Sonatas/50-1_no_repeat/midi_score.mid,train,pedal_changes,0.3783510335099328,2.752954186681797,1.0911064584507448,561
Haydn/Keyboard_Sonatas/50-1_no_repeat/HamSY02M.mid,Haydn/Keyboard_Sonatas/50-1_no_repeat/midi_score.mid,train,tempo,0.5943223693556626,2.8229142793333026,1.1794148124357475,561
Haydn/Keyboard_Sonatas/50-1_no_repeat/HamSY02M.mid,Haydn/Keyboard_Sonatas/50-1_no_repeat/midi_score.mid,train,rubato,0.7036341950131618,3.669680156064591,1.5563992683472854,561
Haydn/Keyboard_Sonatas/50-1_no_repeat/HamSY02M.mid,Haydn/Keyboard_Sonatas/50-1_no_repeat/midi_score.mid,train,dynamics,-0.011153256037132412,2.764547382111119,0.8739471397256263,561
Haydn/Keyboard_Sonatas/50-1_no_repeat/HamSY02M.mid,Haydn/Keyboard_Sonatas/50-1_no_repeat/midi_score.mid,train,articulation,-0.1403373390153712,3.5761921899192277,1.541579830987171,561
Haydn/Keyboard_Sonatas/50-1_no_repeat/HamSY02M.mid,Haydn/Keyboard_Sonatas/50-1_no_repeat/midi_score.mid,train,pedal_depth,0.11312301341862427,3.1790764924354873,1.0448687760568756,561
Haydn/Keyboard_Sonatas/50-1_no_repeat/HamSY02M.mid,Haydn/Keyboard_Sonatas/50-1_no_repeat/midi_score.mid,train,pedal_down_ratio,0.019880189254698005,2.1327126680307056,0.8230185965581417,561
Haydn/Keyboard_Sonatas/50-1_no_repeat/HamSY02M.mid,Haydn/Keyboard_Sonatas/50-1_no_repeat/midi_score.mid,train,pedal_changes,0.22701062010595968,2.752954186681797,1.207196483136946,561
Haydn/Keyboard_Sonatas/50-1_no_repeat/Huang01.mid,Haydn/Keyboard_Sonatas/50-1_no_repeat/midi_score.mid,train,tempo,0.40835527359553264,3.0269638312718086,1.072241497409386,561
Haydn/Keyboard_Sonatas/50-1_no_repeat/Huang01.mid,Haydn/Keyboard_Sonatas/50-1_no_repeat/midi_score.mid,train,rubato,0.6967323886058399,4.235510361793017,1.4349528398259523,561
Haydn/Keyboard_Sonatas/50-1_no_repeat/Huang01.mid,Haydn/Keyboard_Sonatas/50-1_no_repeat/midi_score.mid,train,dynamics,0.42708588765700045,2.949215649876651,0.9330434706306994,561
Haydn/Keyboard_Sonatas/50-1_no_repeat/Huang01.mid,Haydn/Keyboard_Sonatas/50-1_no_repeat/midi_score.mid,train,articulation,0.030425151702363533,3.858528952241385,1.7723365760387249,561
Haydn/Keyboard_Sonatas/50-1_no_repeat/Huang01.mid,Haydn/Keyboard_Sonatas/50-1_no_repeat/midi_score.mid,train,pedal_depth,0.6695800567094577,2.8533312222624034,0.9037961619523014,561
Haydn/Keyboard_Sonatas/50-1_no_repeat/Huang01.mid,Haydn/Keyboard_Sonatas/50-1_no_repeat/midi_score.mid,train,pedal_down_ratio,0.2634324200936716,2.6055987200093327,0.9973831238399035,561
Haydn/Keyboard_Sonatas/50-1_no_repeat/Huang01.mid,Haydn/Keyboard_Sonatas/50-1_no_repeat/midi_score.mid,train,pedal_changes,0.09008357940712686,2.752954186681797,1.094197419270675,561
Haydn/Keyboard_Sonatas/50-1_no_repeat/Huang05M.mid,Haydn/Keyboard_Sonatas/50-1_no_repeat/midi_score.mid,train,tempo,-0.4536847669021381,2.7625084757996596,0.9582148712846529,561
Haydn/Keyboard_Sonatas/50-1_no_repeat/Huang05M.mid,Haydn/Keyboard_Sonatas/50-1_no_repeat/midi_score.mid,train,rubato,0.7078114698282865,3.6700369986128845,1.272536694382799,561
Haydn/Keyboard_Sonatas/50-1_no_repeat/Huang05M.mid,Haydn/Keyboard_Sonatas/50-1_no_repeat/midi_score.mid,train,dynamics,-0.022656271959286736,3.47852755784767,0.9811814496689907,561
Haydn/Keyboard_Sonatas/50-1_no_repeat/Huang05M.mid,Haydn/Keyboard_Sonatas/50-1_no_repeat/midi_score.mid,train,articulation,-0.11730173942057949,3.765726551554594,1.7164383885571695,561
Haydn/Keyboard_Sonatas/50-1_no_repeat/Huang05M.mid,Haydn/Keyboard_Sonatas/50-1_no_repeat/midi_score.mid,train,pedal_depth,0.01768844577440854,2.4559882909739494,0.6377149500615009,561
Haydn/Keyboard_Sonatas/50-1_no_repeat/Huang05M.mid,Haydn/Keyboard_Sonatas/50-1_no_repeat/midi_score.mid,train,pedal_down_ratio,0.0277766927753112,2.6089604866517235,0.7747901538959995,561
Haydn/Keyboard_Sonatas/50-1_no_repeat/Huang05M.mid,Haydn/Keyboard_Sonatas/50-1_no_repeat/midi_score.mid,train,pedal_changes,0.11170363846483732,2.0647156400113476,0.97504972527053,561
Haydn/Keyboard_Sonatas/50-1_no_repeat/JeonH03M.mid,Haydn/Keyboard_Sonatas/50-1_no_repeat/midi_score.mid,train,tempo,-0.3473881173127646,2.931134530287807,0.9644542467146199,561
Haydn/Keyboard_Sonatas/50-1_no_repeat/JeonH03M.mid,Haydn/Keyboard_Sonatas/50-1_no_repeat/midi_score.mid,train,rubato,0.6179930824233956,3.842519738460023,1.2071345115697623,561
Haydn/Keyboard_Sonatas/50-1_no_repeat/JeonH03M.mid,Haydn/Keyboard_Sonatas/50-1_no_repeat/midi_score.mid,train,dynamics,0.3325104462026095,3.628388771605642,1.1146135072200534,561
Haydn/Keyboard_Sonatas/50-1_no_repeat/JeonH03M.mid,Haydn/Keyboard_Sonatas/50-1_no_repeat/midi_score.mid,train,articulation,0.3495113342120686,4.44501822008279,1.7804584362382028,561
Haydn/Keyboard_Sonatas/50-1_no_repeat/JeonH03M.mid,Haydn/Keyboard_Sonatas/50-1_no_repeat/midi_score.mid,train,pedal_depth,0.4470632615943857,2.6848854781079594,0.9915336815831354,561
Haydn/Keyboard_Sonatas/50-1_no_repeat/JeonH03M.mid,Haydn/Keyboard_Sonatas/50-1_no_repeat/midi_score.mid,train,pedal_down_ratio,0.27280478043724277,2.8715074247912113,0.8110080512453227,561
Haydn/Keyboard_Sonatas/50-1_no_repeat/JeonH03M.mid,Haydn/Keyboard_Sonatas/50-1_no_repeat/midi_score.mid,train,pedal_changes,0.2222061625375796,2.340011058679512,0.8125703023602387,561
Haydn/Keyboard_Sonatas/50-1_no_repeat/KARYAG06M.mid,Haydn/Keyboard_Sonatas/50-1_no_repeat/midi_score.mid,train,tempo,0.7881166251105269,2.914304625147164,1.2847459618072252,561
Haydn/Keyboard_Sonatas/50-1_no_repeat/KARYAG06M.mid,Haydn/Keyboard_Sonatas/50-1_no_repeat/midi_score.mid,train,rubato,0.6682219172201247,3.8102841919084587,1.6618503953558803,561
Haydn/Keyboard_Sonatas/50-1_no_repeat/KARYAG06M.mid,Haydn/Keyboard_Sonatas/50-1_no_repeat/midi_score.mid,train,dynamics,-0.5557031356817695,2.923254481328134,0.8961113267302087,561
Haydn/Keyboard_Sonatas/50-1_no_repeat/KARYAG06M.mid,Haydn/Keyboard_Sonatas/50-1_no_repeat/midi_score.mid,train,articulation,0.029159898911554575,3.496921427859828,1.4710640108930615,561
Haydn/Keyboard_Sonatas/50-1_no_repeat/KARYAG06M.mid,Haydn/Keyboard_Sonatas/50-1_no_repeat/midi_score.mid,train,pedal_depth,0.8322469229730213,2.663397234379125,0.8447743149607552,561
Haydn/Keyboard_Sonatas/50-1_no_repeat/KARYAG06M.mid,Haydn/Keyboard_Sonatas/50-1_no_repeat/midi_score.mid,train,pedal_down_ratio,0.5222014860143613,2.901023639308128,1.0243585345475477,561
Haydn/Keyboard_Sonatas/50-1_no_repeat/KARYAG06M.mid,Haydn/Keyboard_Sonatas/50-1_no_repeat/midi_score.mid,train,pedal_changes,0.8083499858799518,2.752954186681797,1.6204579388529887,561
Haydn/Keyboard_Sonatas/50-1_no_repeat/Kim01.mid,Haydn/Keyboard_Sonatas/50-1_no_repeat/midi_score.mid,train,tempo,-1.3719211671793736,2.388340328784882,1.7621246030424236,561
Haydn/Keyboard_Sonatas/50-1_no_repeat/Kim01.mid,Haydn/Keyboard_Sonatas/50-1_no_repeat/midi_score.mid,train,rubato,0.5423415236415221,2.9554268316220726,2.2801797485156055,561
Haydn/Keyboard_Sonatas/50-1_no_repeat/Kim01.mid,Haydn/Keyboard_Sonatas/50-1_no_repeat/midi_score.mid,train,dynamics,0.07295292083549797,3.5429404645646363,1.05175100843686,561
Haydn/Keyboard_Sonatas/50-1_no_repeat/Kim01.mid,Haydn/Keyboard_Sonatas/50-1_no_repeat/midi_score.mid,train,articulation,-0.3645366669903349,4.122009677096937,1.8031379038775641,561
Haydn/Keyboard_Sonatas/50-1_no_repeat/Kim01.mid,Haydn/Keyboard_Sonatas/50-1_no_repeat/midi_score.mid,train,pedal_depth,0.8520299961599921,2.898197525056537,1.068178179547278,561
Haydn/Keyboard_Sonatas/50-1_no_repeat/Kim01.mid,Haydn/Keyboard_Sonatas/50-1_no_repeat/midi_score.mid,train,pedal_down_ratio,0.8796586409461838,3.3314783937929255,1.2209380653547266,561
Haydn/Keyboard_Sonatas/50-1_no_repeat/Kim01.mid,Haydn/Keyboard_Sonatas/50-1_no_repeat/midi_score.mid,train,pedal_changes,1.1254441853930384,4.129431280022696,1.937502608631238,561
Haydn/Keyboard_Sonatas/50-1_no_repeat/Shi07M.mid,Haydn/Keyboard_Sonatas/50-1_no_repeat/midi_score.mid,train,tempo,-0.4120666279478455,2.8972828500619423,1.0865236746497027,561
Haydn/Keyboard_Sonatas/50-1_no_repeat/Shi07M.mid,Haydn/Keyboard_Sonatas/50-1_no_repeat/midi_score.mid,train,rubato,0.700413217350621,3.9027660188150257,1.4195771331780298,561
Haydn/Keyboard_Sonatas/50-1_no_repeat/Shi07M.mid,Haydn/Keyboard_Sonatas/50-1_no_repeat/midi_score.mid,train,dynamics,0.07277281172623286,3.2729904306863706,0.9395082885221829,561
Haydn/Keyboard_Sonatas/50-1_no_repeat/Shi07M.mid,Haydn/Keyboard_Sonatas/50-1_no_repeat/midi_score.mid,train,articulation,0.18956095111356863,4.319886107776566,1.6130659484015255,561
Haydn/Keyboard_Sonatas/50-1_no_repeat/Shi07M.mid,Haydn/Keyboard_Sonatas/50-1_no_repeat/midi_score.mid,train,pedal_depth,-0.39551462984067115,3.456569539335348,0.8091031264234196,561
Haydn/Keyboard_Sonatas/50-1_no_repeat/Shi07M.mid,Haydn/Keyboard_Sonatas/50-1_no_repeat/midi_score.mid,train,pedal_down_ratio,-0.3760574802850283,3.107544823529748,0.9020085831237402,561
Haydn/Keyboard_Sonatas/50-1_no_repeat/Shi07M.mid,Haydn/Keyboard_Sonatas/50-1_no_repeat/midi_score.mid,train,pedal_changes,-0.18857495955891893,1.3764770933408985,0.9973100970954777,561
Haydn/Keyboard_Sonatas/50-1_no_repeat/Tak01.mid,Haydn/Keyboard_Sonatas/50-1_no_repeat/midi_score.mid,train,tempo,-0.27050944017571205,2.7072554426190267,1.2603259308059374,561
Haydn/Keyboard_Sonatas/50-1_no_repeat/Tak01.mid,Haydn/Keyboard_Sonatas/50-1_no_repeat/midi_score.mid,train,rubato,0.6016731384053677,3.7284706723207255,1.6275451634008362,561
Haydn/Keyboard_Sonatas/50-1_no_repeat/Tak01.mid,Haydn/Keyboard_Sonatas/50-1_no_repeat/midi_score.mid,train,dynamics,-0.11184337090951188,3.2339045559064425,0.9829084491264632,561
Haydn/Keyboard_Sonatas/50-1_no_repeat/Tak01.mid,Haydn/Keyboard_Sonatas/50-1_no_repeat/midi_score.mid,train,articulation,-0.12166465163607769,4.0206263389771975,1.69009524682216,561
Haydn/Keyboard_Sonatas/50-1_no_repeat/Tak01.mid,Haydn/Keyboard_Sonatas/50-1_no_repeat/midi_score.mid,train,pedal_depth,-0.08835200861439725,2.1078079269828436,0.5818762825699932,561
Haydn/Keyboard_Sonatas/50-1_no_repeat/Tak01.mid,Haydn/Keyboard_Sonatas/50-1_no_repeat/midi_score.mid,train,pedal_down_ratio,-0.39652789871319505,2.8163699590415785,0.8773471672244612,561
Haydn/Keyboard_Sonatas/50-1_no_repeat/Tak01.mid,Haydn/Keyboard_Sonatas/50-1_no_repeat/midi_score.mid,train,pedal_changes,-0.1741615868537786,1.3764770933408985,1.0957396296293251,561
Haydn/Keyboard_Sonatas/50-1_no_repeat/Toscano03.mid,Haydn/Keyboard_Sonatas/50-1_no_repeat/midi_score.mid,train,tempo,-0.011650080948044528,2.583455591276887,1.1107532354268872,561
Haydn/Keyboard_Sonatas/50-1_no_repeat/Toscano03.mid,Haydn/Keyboard_Sonatas/50-1_no_repeat/midi_score.mid,train,rubato,0.6022342865905592,3.247327258812116,1.4780281795826526,561
Haydn/Keyboard_Sonatas/50-1_no_repeat/Toscano03.mid,Haydn/Keyboard_Sonatas/50-1_no_repeat/midi_score.mid,train,dynamics,-0.11861886276615974,3.6370617107160994,0.9578199255882787,561
Haydn/Keyboard_Sonatas/50-1_no_repeat/Toscano03.mid,Haydn/Keyboard_Sonatas/50-1_no_repeat/midi_score.mid,train,articulation,-0.021273735059828023,4.523174776246571,1.7115660180279955,561
Haydn/Keyboard_Sonatas/50-1_no_repeat/Toscano03.mid,Haydn/Keyboard_Sonatas/50-1_no_repeat/midi_score.mid,train,pedal_depth,-0.15641674457917265,1.9803555976735385,0.6819688757236295,561
Haydn/Keyboard_Sonatas/50-1_no_repeat/Toscano03.mid,Haydn/Keyboard_Sonatas/50-1_no_repeat/midi_score.mid,train,pedal_down_ratio,-0.13525781196902173,2.1815378292816554,0.8408042305352446,561
Haydn/Keyboard_Sonatas/50-1_no_repeat/Toscano03.mid,Haydn/Keyboard_Sonatas/50-1_no_repeat/midi_score.mid,train,pedal_changes,0.04203900372332587,2.752954186681797,0.9575743032455695,561
Haydn/Keyboard_Sonatas/50-1_no_repeat/Verbaite01.mid,Haydn/Keyboard_Sonatas/50-1_no_repeat/midi_score.mid,train,tempo,0.6005980622570868,3.086036513988145,1.2787658620383873,561
Haydn/Keyboard_Sonatas/50-1_no_repeat/Verbaite01.mid,Haydn/Keyboard_Sonatas/50-1_no_repeat/midi_score.mid,train,rubato,0.6352607902293121,3.8553531087942154,1.6748854201821137,561
Haydn/Keyboard_Sonatas/50-1_no_repeat/Verbaite01.mid,Haydn/Keyboard_Sonatas/50-1_no_repeat/midi_score.mid,train,dynamics,0.7596339736241708,3.8029749077907713,1.1045775304416063,561
Haydn/Keyboard_Sonatas/50-1_no_repeat/Verbaite01.mid,Haydn/Keyboard_Sonatas/50-1_no_repeat/midi_score.mid,train,articulation,0.016646286214741544,4.1866900463530285,1.7186428659833735,561
Haydn/Keyboard_Sonatas/50-1_no_repeat/Verbaite01.mid,Haydn/Keyboard_Sonatas/50-1_no_repeat/midi_score.mid,train,pedal_depth,-0.2288645218899695,1.8622285681199968,0.6626786332274641,561
Haydn/Keyboard_Sonatas/50-1_no_repeat/Verbaite01.mid,Haydn/Keyboard_Sonatas/50-1_no_repeat/midi_score.mid,train,pedal_down_ratio,-0.0273898912182754,2.479104774961601,0.7974918499796156,561
Haydn/Keyboard_Sonatas/50-1_no_repeat/Verbaite01.mid,Haydn/Keyboard_Sonatas/50-1_no_repeat/midi_score.mid,train,pedal_changes,0.07807243548617661,2.752954186681797,1.136588569697987,561
Haydn/Keyboard_Sonatas/50-1_no_repeat/YoungS02M.mid,Haydn/Keyboard_Sonatas/50-1_no_repeat/midi_score.mid,train,tempo,0.15638917826818638,3.0230756145520807,1.1394383004832025,561
Haydn/Keyboard_Sonatas/50-1_no_repeat/YoungS02M.mid,Haydn/Keyboard_Sonatas/50-1_no_repeat/midi_score.mid,train,rubato,0.5965795244255956,3.9894664167525615,1.4938364723235513,561
Haydn/Keyboard_Sonatas/50-1_no_repeat/YoungS02M.mid,Haydn/Keyboard_Sonatas/50-1_no_repeat/midi_score.mid,train,dynamics,0.2683249899917927,3.846807199026272,1.0967937246000468,561
Haydn/Keyboard_Sonatas/50-1_no_repeat/YoungS02M.mid,Haydn/Keyboard_Sonatas/50-1_no_repeat/midi_score.mid,train,articulation,-0.6602067338436757,3.7639560142074275,1.5386045378604654,561
Haydn/Keyboard_Sonatas/50-1_no_repeat/YoungS02M.mid,Haydn/Keyboard_Sonatas/50-1_no_repeat/midi_score.mid,train,pedal_depth,0.45575341130416375,2.7198720061317347,0.9100627261993743,561
Haydn/Keyboard_Sonatas/50-1_no_repeat/YoungS02M.mid,Haydn/Keyboard_Sonatas/50-1_no_repeat/midi_score.mid,train,pedal_down_ratio,0.23268136429476247,2.706358815142863,0.8997342008507552,561
Haydn/Keyboard_Sonatas/50-1_no_repeat/YoungS02M.mid,Haydn/Keyboard_Sonatas/50-1_no_repeat/midi_score.mid,train,pedal_changes,0.33751314417870204,2.752954186681797,1.1336132015528395,561
Liszt/Ballade_2/Broberg03.mid,Liszt/Ballade_2/midi_score.mid,test,tempo,-0.18282740547079526,4.415020393289127,1.3883988127857405,1005
Liszt/Ballade_2/Broberg03.mid,Liszt/Ballade_2/midi_score.mid,test,rubato,0.7175828495146576,4.494157268957942,1.4133199823722695,1005
Liszt/Ballade_2/Broberg03.mid,Liszt/Ballade_2/midi_score.mid,test,dynamics,-0.3735025785953004,3.3836953100409266,1.1269604945712695,1005
Liszt/Ballade_2/Broberg03.mid,Liszt/Ballade_2/midi_score.mid,test,articulation,-0.4328879302384336,4.851057526266147,2.078146071257009,1005
Liszt/Ballade_2/Broberg03.mid,Liszt/Ballade_2/midi_score.mid,test,pedal_depth,-0.26943694896531817,3.1709126738170874,1.5057376048151883,1005
Liszt/Ballade_2/Broberg03.mid,Liszt/Ballade_2/midi_score.mid,test,pedal_down_ratio,-0.19274021503653013,2.731680995186907,1.3487782374821107,1005
Liszt/Ballade_2/Broberg03.mid,Liszt/Ballade_2/midi_score.mid,test,pedal_changes,-0.11908726224777035,2.6949965217375857,1.511487665574772,1005
Liszt/Ballade_2/GarritsonL04M.mid,Liszt/Ballade_2/midi_score.mid,test,tempo,-0.5624050984875695,4.520164098167038,1.360440508399526,1005
Liszt/Ballade_2/GarritsonL04M.mid,Liszt/Ballade_2/midi_score.mid,test,rubato,0.7985603768533167,4.696755398649152,1.410003838372377,1005
Liszt/Ballade_2/GarritsonL04M.mid,Liszt/Ballade_2/midi_score.mid,test,dynamics,-0.0920574506007982,4.017591718252726,1.2017169740909632,1005
Liszt/Ballade_2/GarritsonL04M.mid,Liszt/Ballade_2/midi_score.mid,test,articulation,-0.15733273203886783,4.175344673366643,1.8349418577911498,1005
Liszt/Ballade_2/GarritsonL04M.mid,Liszt/Ballade_2/midi_score.mid,test,pedal_depth,-0.0026667198170958633,1.797965731080056,0.7635920584375261,1005
Liszt/Ballade_2/GarritsonL04M.mid,Liszt/Ballade_2/midi_score.mid,test,pedal_down_ratio,0.022540970539780745,1.6451715631644297,0.7143406135796305,1005
Liszt/Ballade_2/GarritsonL04M.mid,Liszt/Ballade_2/midi_score.mid,test,pedal_changes,0.23946895125910342,4.042494782606378,1.3959030693249643,1005
Liszt/Ballade_2/Jin07M.mid,Liszt/Ballade_2/midi_score.mid,test,tempo,0.05186914126330292,3.841571513079336,1.2395486920169658,1005
Liszt/Ballade_2/Jin07M.mid,Liszt/Ballade_2/midi_score.mid,test,rubato,0.6174918252225472,4.0041283149554365,1.2826747966454795,1005
Liszt/Ballade_2/Jin07M.mid,Liszt/Ballade_2/midi_score.mid,test,dynamics,0.8714347319955945,3.70969917712128,1.1726834164778495,1005
Liszt/Ballade_2/Jin07M.mid,Liszt/Ballade_2/midi_score.mid,test,articulation,0.3280405022363118,3.8551216385771934,1.6006444287227792,1005
Liszt/Ballade_2/Jin07M.mid,Liszt/Ballade_2/midi_score.mid,test,pedal_depth,0.04013782445579659,2.1433754231256823,1.0307604752674309,1005
Liszt/Ballade_2/Jin07M.mid,Liszt/Ballade_2/midi_score.mid,test,pedal_down_ratio,0.044534265440751945,1.8633755871651774,0.9662476350842185,1005
Liszt/Ballade_2/Jin07M.mid,Liszt/Ballade_2/midi_score.mid,test,pedal_changes,0.08672659315870232,3.368745652171982,1.408786633195611,1005
Liszt/Ballade_2/KIM_J04.mid,Liszt/Ballade_2/midi_score.mid,test,tempo,0.2791807730756896,4.191617832867116,1.8488854662407417,1005
Liszt/Ballade_2/KIM_J04.mid,Liszt/Ballade_2/midi_score.mid,test,rubato,0.6256984141845766,4.224525710332185,1.9159364517904025,1005
Liszt/Ballade_2/KIM_J04.mid,Liszt/Ballade_2/midi_score.mid,test,dynamics,-0.455847404067031,3.275935759410742,1.0876986890046587,1005
Liszt/Ballade_2/KIM_J04.mid,Liszt/Ballade_2/midi_score.mid,test,articulation,-0.3162985437967518,4.915059784994984,2.1799873693304264,1005
Liszt/Ballade_2/KIM_J04.mid,Liszt/Ballade_2/midi_score.mid,test,pedal_depth,0.13745457897749877,2.1719800572297308,1.017270397169766,1005
Liszt/Ballade_2/KIM_J04.mid,Liszt/Ballade_2/midi_score.mid,test,pedal_down_ratio,0.08147677067385269,2.0301661293233204,0.9298880828169268,1005
Liszt/Ballade_2/KIM_J04.mid,Liszt/Ballade_2/midi_score.mid,test,pedal_changes,0.006472133817813597,2.6949965217375857,1.2533719874805809,1005
Liszt/Ballade_2/Min06M.mid,Liszt/Ballade_2/midi_score.mid,test,tempo,0.3733134222648,3.731018504630924,1.2890485720659661,1005
Liszt/Ballade_2/Min06M.mid,Liszt/Ballade_2/midi_score.mid,test,rubato,0.5507928482645513,3.752240849455612,1.328636070495857,1005
Liszt/Ballade_2/Min06M.mid,Liszt/Ballade_2/midi_score.mid,test,dynamics,0.28982833354920745,3.7921369366128648,1.2530677330127695,1005
Liszt/Ballade_2/Min06M.mid,Liszt/Ballade_2/midi_score.mid,test,articulation,-0.5385583847066006,4.499232388913212,2.0854815733158163,1005
Liszt/Ballade_2/Min06M.mid,Liszt/Ballade_2/midi_score.mid,test,pedal_depth,-0.003228873727233909,2.2247691069144664,1.0072776402029076,1005
Liszt/Ballade_2/Min06M.mid,Liszt/Ballade_2/midi_score.mid,test,pedal_down_ratio,-0.021729087377087994,2.0659960753982523,0.9492365535640294,1005
Liszt/Ballade_2/Min06M.mid,Liszt/Ballade_2/midi_score.mid,test,pedal_changes,-0.001294426763562718,3.368745652171982,1.4285265219920482,1005
Liszt/Ballade_2/Sham05.mid,Liszt/Ballade_2/midi_score.mid,test,tempo,-0.25268414273698087,4.511426321859078,1.1728499378710842,1005
Liszt/Ballade_2/Sham05.mid,Liszt/Ballade_2/midi_score.mid,test,rubato,0.6446988568908938,4.6675965553271,1.2152213583573295,1005
Liszt/Ballade_2/Sham05.mid,Liszt/Ballade_2/midi_score.mid,test,dynamics,-0.2364820573936599,4.416665417609713,1.2973828785107724,1005
Liszt/Ballade_2/Sham05.mid,Liszt/Ballade_2/midi_score.mid,test,articulation,1.0360723003103185,4.199203513295704,1.7213150341886645,1005
Liszt/Ballade_2/Sham05.mid,Liszt/Ballade_2/midi_score.mid,test,pedal_depth,-0.6038071026370523,3.56431358085147,1.3123325175296665,1005
Liszt/Ballade_2/Sham05.mid,Liszt/Ballade_2/midi_score.mid,test,pedal_down_ratio,-0.6344838280977855,4.197351208796776,1.3582165104355008,1005
Liszt/Ballade_2/Sham05.mid,Liszt/Ballade_2/midi_score.mid,test,pedal_changes,0.1760420398445301,4.042494782606378,1.3724079389519859,1005
Liszt/Gran_Etudes_de_Paganini/2_La_campanella/Albright04.mid,Liszt/Gran_Etudes_de_Paganini/2_La_campanella/midi_score.mid,train,tempo,0.24567512074115072,4.549817115752917,1.5492321036000676,282
Liszt/Gran_Etudes_de_Paganini/2_La_campanella/Albright04.mid,Liszt/Gran_Etudes_de_Paganini/2_La_campanella/midi_score.mid,train,rubato,1.1505953186459734,5.119875143148798,1.7552562350496206,282
Liszt/Gran_Etudes_de_Paganini/2_La_campanella/Albright04.mid,Liszt/Gran_Etudes_de_Paganini/2_La_campanella/midi_score.mid,train,dynamics,0.049873175181033756,3.8983762042610075,1.1959018048154644,282
Liszt/Gran_Etudes_de_Paganini/2_La_campanella/Albright04.mid,Liszt/Gran_Etudes_de_Paganini/2_La_campanella/midi_score.mid,train,articulation,-0.19525551657602536,4.669917113873936,1.6109987789825606,282
Liszt/Gran_Etudes_de_Paganini/2_La_campanella/Albright04.mid,Liszt/Gran_Etudes_de_Paganini/2_La_campanella/midi_score.mid,train,pedal_depth,-0.7021763404258572,3.43844953881877,1.120242257774982,282
Liszt/Gran_Etudes_de_Paganini/2_La_campanella/Albright04.mid,Liszt/Gran_Etudes_de_Paganini/2_La_campanella/midi_score.mid,train,pedal_down_ratio,-0.4919043983332844,3.554849102776365,1.2102592026359684,282
Liszt/Gran_Etudes_de_Paganini/2_La_campanella/Albright04.mid,Liszt/Gran_Etudes_de_Paganini/2_La_campanella/midi_score.mid,train,pedal_changes,0.3268903530697798,4.167115762105752,1.8409848707691305,282
Liszt/Gran_Etudes_de_Paganini/2_La_campanella/Ali03.mid,Liszt/Gran_Etudes_de_Paganini/2_La_campanella/midi_score.mid,train,tempo,-0.6691150976994634,4.564022211802921,2.1026341361501744,282
Liszt/Gran_Etudes_de_Paganini/2_La_campanella/Ali03.mid,Liszt/Gran_Etudes_de_Paganini/2_La_campanella/midi_score.mid,train,rubato,0.8320413758427273,5.265293794762977,2.4147272724962234,282
Liszt/Gran_Etudes_de_Paganini/2_La_campanella/Ali03.mid,Liszt/Gran_Etudes_de_Paganini/2_La_campanella/midi_score.mid,train,dynamics,-0.8719355410406908,3.5651803529396235,1.3880371977020316,282
Liszt/Gran_Etudes_de_Paganini/2_La_campanella/Ali03.mid,Liszt/Gran_Etudes_de_Paganini/2_La_campanella/midi_score.mid,train,articulation,0.1350049758196285,4.596339963230077,1.7999819575233382,282
Liszt/Gran_Etudes_de_Paganini/2_La_campanella/Ali03.mid,Liszt/Gran_Etudes_de_Paganini/2_La_campanella/midi_score.mid,train,pedal_depth,-0.2520247803291573,3.41847336388994,1.1743275796678487,282
Liszt/Gran_Etudes_de_Paganini/2_La_campanella/Ali03.mid,Liszt/Gran_Etudes_de_Paganini/2_La_campanella/midi_score.mid,train,pedal_down_ratio,-0.10668511027705754,3.708374864080543,1.2040116777152579,282
Liszt/Gran_Etudes_de_Paganini/2_La_campanella/Ali03.mid,Liszt/Gran_Etudes_de_Paganini/2_La_campanella/midi_score.mid,train,pedal_changes,-0.12663319983784263,3.333692609684601,0.9901079214498846,282
Liszt/Gran_Etudes_de_Paganini/2_La_campanella/Bogdanovitch02.mid,Liszt/Gran_Etudes_de_Paganini/2_La_campanella/midi_score.mid,train,tempo,0.6775054757806775,4.860424944501127,1.5948988523314205,282
Liszt/Gran_Etudes_de_Paganini/2_La_campanella/Bogdanovitch02.mid,Liszt/Gran_Etudes_de_Paganini/2_La_campanella/midi_score.mid,train,rubato,1.0465571477754971,5.4761116191765105,1.8188841399426472,282
Liszt/Gran_Etudes_de_Paganini/2_La_campanella/Bogdanovitch02.mid,Liszt/Gran_Etudes_de_Paganini/2_La_campanella/midi_score.mid,train,dynamics,0.532790091064002,3.4697331077898785,1.1202571487401323,282
Liszt/Gran_Etudes_de_Paganini/2_La_campanella/Bogdanovitch02.mid,Liszt/Gran_Etudes_de_Paganini/2_La_campanella/midi_score.mid,train,articulation,0.2913227545890516,3.8558041938863474,1.3794370853594382,282
Liszt/Gran_Etudes_de_Paganini/2_La_campanella/Bogdanovitch02.mid,Liszt/Gran_Etudes_de_Paganini/2_La_campanella/midi_score.mid,train,pedal_depth,-0.3861331319142109,3.063021343288953,1.0328435236829248,282
Liszt/Gran_Etudes_de_Paganini/2_La_campanella/Bogdanovitch02.mid,Liszt/Gran_Etudes_de_Paganini/2_La_campanella/midi_score.mid,train,pedal_down_ratio,-0.35760163226906794,3.395658260252,1.1066512251947382,282
Liszt/Gran_Etudes_de_Paganini/2_La_campanella/Bogdanovitch02.mid,Liszt/Gran_Etudes_de_Paganini/2_La_campanella/midi_score.mid,train,pedal_changes,0.026504623221874034,3.333692609684601,1.1229902343131086,282
Liszt/Gran_Etudes_de_Paganini/2_La_campanella/BuiJL03M.mid,Liszt/Gran_Etudes_de_Paganini/2_La_campanella/midi_score.mid,train,tempo,-0.31712358259632817,3.1167721709909073,1.0970787996513258,282
Liszt/Gran_Etudes_de_Paganini/2_La_campanella/BuiJL03M.mid,Liszt/Gran_Etudes_de_Paganini/2_La_campanella/midi_score.mid,train,rubato,0.5965960639141666,3.606463939741438,1.309597036534484,282
Liszt/Gran_Etudes_de_Paganini/2_La_campanella/BuiJL03M.mid,Liszt/Gran_Etudes_de_Paganini/2_La_campanella/midi_score.mid,train,dynamics,-0.7177681247445986,3.5245004279850956,1.243229453178745,282
Liszt/Gran_Etudes_de_Paganini/2_La_campanella/BuiJL03M.mid,Liszt/Gran_Etudes_de_Paganini/2_La_campanella/midi_score.mid,train,articulation,-0.06253060795343768,2.8322567121240407,1.2994062088751837,282
Liszt/Gran_Etudes_de_Paganini/2_La_campanella/BuiJL03M.mid,Liszt/Gran_Etudes_de_Paganini/2_La_campanella/midi_score.mid,train,pedal_depth,-0.13974844716883958,2.1937524911787554,0.8047145528792445,282
Liszt/Gran_Etudes_de_Paganini/2_La_campanella/BuiJL03M.mid,Liszt/Gran_Etudes_de_Paganini/2_La_campanella/midi_score.mid,train,pedal_down_ratio,0.07919564305679094,2.397778668032622,0.8511371305173483,282
Liszt/Gran_Etudes_de_Paganini/2_La_campanella/BuiJL03M.mid,Liszt/Gran_Etudes_de_Paganini/2_La_campanella/midi_score.mid,train,pedal_changes,0.16197269746700801,2.500269457263451,0.9559340998024366,282
Liszt/Gran_Etudes_de_Paganini/2_La_campanella/FALIKS02_2004.mid,Liszt/Gran_Etudes_de_Paganini/2_La_campanella/midi_score.mid,train,tempo,-0.06255687578240192,3.0995312163541167,1.4213587745299465,282
Liszt/Gran_Etudes_de_Paganini/2_La_campanella/FALIKS02_2004.mid,Liszt/Gran_Etudes_de_Paganini/2_La_campanella/midi_score.mid,train,rubato,0.6115562905119324,3.707338842306487,1.6118959282584475,282
Liszt/Gran_Etudes_de_Paganini/2_La_campanella/FALIKS02_2004.mid,Liszt/Gran_Etudes_de_Paganini/2_La_campanella/midi_score.mid,train,dynamics,0.5863253957309034,2.9120251003736417,1.0454774345402822,282
Liszt/Gran_Etudes_de_Paganini/2_La_campanella/FALIKS02_2004.mid,Liszt/Gran_Etudes_de_Paganini/2_La_campanella/midi_score.mid,train,articulation,-0.1224835376263914,3.3372424832856473,1.1678570614346615,282
Liszt/Gran_Etudes_de_Paganini/2_La_campanella/FALIKS02_2004.mid,Liszt/Gran_Etudes_de_Paganini/2_La_campanella/midi_score.mid,train,pedal_depth,0.004134384786039883,3.2174165017998675,1.0449159132384283,282
Liszt/Gran_Etudes_de_Paganini/2_La_campanella/FALIKS02_2004.mid,Liszt/Gran_Etudes_de_Paganini/2_La_campanella/midi_score.mid,train,pedal_down_ratio,-0.05839374578415759,3.3666748671722315,1.018766878139548,282
Liszt/Gran_Etudes_de_Paganini/2_La_campanella/FALIKS02_2004.mid,Liszt/Gran_Etudes_de_Paganini/2_La_campanella/midi_score.mid,train,pedal_changes,0.055954204579511856,3.333692609684601,1.1185949523427383,282
Liszt/Gran_Etudes_de_Paganini/2_La_campanella/Faliks02.mid,Liszt/Gran_Etudes_de_Paganini/2_La_campanella/midi_score.mid,train,tempo,-0.35285854013729195,3.0501108518366413,1.3832537440392367,282
Liszt/Gran_Etudes_de_Paganini/2_La_campanella/Faliks02.mid,Liszt/Gran_Etudes_de_Paganini/2_La_campanella/midi_score.mid,train,rubato,0.5877848786834946,3.518812273492944,1.5163232739763723,282
Liszt/Gran_Etudes_de_Paganini/2_La_campanella/Faliks02.mid,Liszt/Gran_Etudes_de_Paganini/2_La_campanella/midi_score.mid,train,dynamics,0.22711181156390517,2.9797443659520244,1.0953666690736459,282
Liszt/Gran_Etudes_de_Paganini/2_La_campanella/Faliks02.mid,Liszt/Gran_Etudes_de_Paganini/2_La_campanella/midi_score.mid,train,articulation,-0.43366479714864486,3.623268342066914,1.2004344726376484,282
Liszt/Gran_Etudes_de_Paganini/2_La_campanella/Faliks02.mid,Liszt/Gran_Etudes_de_Paganini/2_La_campanella/midi_score.mid,train,pedal_depth,-0.2073318005216408,3.4694047860989627,1.0242705058708135,282
Liszt/Gran_Etudes_de_Paganini/2_La_campanella/Faliks02.mid,Liszt/Gran_Etudes_de_Paganini/2_La_campanella/midi_score.mid,train,pedal_down_ratio,-0.22308184331516834,3.1955725073155006,0.980069398957315,282
Liszt/Gran_Etudes_de_Paganini/2_La_campanella/Faliks02.mid,Liszt/Gran_Etudes_de_Paganini/2_La_campanella/midi_score.mid,train,pedal_changes,0.11485336729478748,3.333692609684601,1.3427542623057636,282
Liszt/Gran_Etudes_de_Paganini/2_La_campanella/Faliks03.mid,Liszt/Gran_Etudes_de_Paganini/2_La_campanella/midi_score.mid,train,tempo,-0.5409252814043833,2.831212858437185,1.1308371663628316,282
Liszt/Gran_Etudes_de_Paganini/2_La_campanella/Faliks03.mid,Liszt/Gran_Etudes_de_Paganini/2_La_campanella/midi_score.mid,train,rubato,0.5457490303526276,3.160494671685898,1.2561163597140492,282
Liszt/Gran_Etudes_de_Paganini/2_La_campanella/Faliks03.mid,Liszt/Gran_Etudes_de_Paganini/2_La_campanella/midi_score.mid,train,dynamics,0.478253767624067,2.8774535348667536,1.1127273675036584,282
Liszt/Gran_Etudes_de_Paganini/2_La_campanella/Faliks03.mid,Liszt/Gran_Etudes_de_Paganini/2_La_campanella/midi_score.mid,train,articulation,-0.45315200372679726,3.7784592163269846,1.2251732151031236,282
Liszt/Gran_Etudes_de_Paganini/2_La_campanella/Faliks03.mid,Liszt/Gran_Etudes_de_Paganini/2_La_campanella/midi_score.mid,train,pedal_depth,-0.4114130465340764,3.3360513377992866,1.027166910978536,282
Liszt/Gran_Etudes_de_Paganini/2_La_campanella/Faliks03.mid,Liszt/Gran_Etudes_de_Paganini/2_La_campanella/midi_score.mid,train,pedal_down_ratio,-0.4336814978811287,3.2773554513118563,1.029532043740774,282
Liszt/Gran_Etudes_de_Paganini/2_La_campanella/Faliks03.mid,Liszt/Gran_Etudes_de_Paganini/2_La_campanella/midi_score.mid,train,pedal_changes,0.2208718601822837,4.167115762105752,1.3518949853542754,282
Liszt/Gran_Etudes_de_Paganini/2_La_campanella/Gasanov02.mid,Liszt/Gran_Etudes_de_Paganini/2_La_campanella/midi_score.mid,train,tempo,-0.7769864850996454,3.6194286100610107,1.5656320352629332,282
Liszt/Gran_Etudes_de_Paganini/2_La_campanella/Gasanov02.mid,Liszt/Gran_Etudes_de_Paganini/2_La_campanella/midi_score.mid,train,rubato,0.7591915597075295,4.289439942858198,1.8118582523298343,282
Liszt/Gran_Etudes_de_Paganini/2_La_campanella/Gasanov02.mid,Liszt/Gran_Etudes_de_Paganini/2_La_campanella/midi_score.mid,train,dynamics,-0.36795657734927395,2.5522253218852837,0.984551447793519,282
Liszt/Gran_Etudes_de_Paganini/2_La_campanella/Gasanov02.mid,Liszt/Gran_Etudes_de_Paganini/2_La_campanella/midi_score.mid,train,articulation,-0.10499243479972982,3.8122486816309253,1.466684308061276,282
Liszt/Gran_Etudes_de_Paganini/2_La_campanella/Gasanov02.mid,Liszt/Gran_Etudes_de_Paganini/2_La_campanella/midi_score.mid,train,pedal_depth,-0.36602683283066845,2.6246627271646656,0.9941650807222826,282
Liszt/Gran_Etudes_de_Paganini/2_La_campanella/Gasanov02.mid,Liszt/Gran_Etudes_de_Paganini/2_La_campanella/midi_score.mid,train,pedal_down_ratio,-0.2940992519783658,2.6893449136905807,1.0039098598861285,282
Liszt/Gran_Etudes_de_Paganini/2_La_campanella/Gasanov02.mid,Liszt/Gran_Etudes_de_Paganini/2_La_campanella/midi_score.mid,train,pedal_changes,0.12663319983784263,2.500269457263451,0.9925925123613363,282
Liszt/Gran_Etudes_de_Paganini/2_La_campanella/HUAN_J03.mid,Liszt/Gran_Etudes_de_Paganini/2_La_campanella/midi_score.mid,train,tempo,-0.5771473737210852,3.618875080676132,1.5680219587799844,282
Liszt/Gran_Etudes_de_Paganini/2_La_campanella/HUAN_J03.mid,Liszt/Gran_Etudes_de_Paganini/2_La_campanella/midi_score.mid,train,rubato,0.8021919975845603,4.242671289314276,1.763707284499889,282
Liszt/Gran_Etudes_de_Paganini/2_La_campanella/HUAN_J03.mid,Liszt/Gran_Etudes_de_Paganini/2_La_campanella/midi_score.mid,train,dynamics,0.20321741971903762,3.56246611316054,1.159566736213183,282
Liszt/Gran_Etudes_de_Paganini/2_La_campanella/HUAN_J03.mid,Liszt/Gran_Etudes_de_Paganini/2_La_campanella/midi_score.mid,train,articulation,0.13838943099879375,3.8467189173337233,1.268234236291582,282
Liszt/Gran_Etudes_de_Paganini/2_La_campanella/HUAN_J03.mid,Liszt/Gran_Etudes_de_Paganini/2_La_campanella/midi_score.mid,train,pedal_depth,0.594149187146668,2.8279076564484886,1.047209096477088,282
Liszt/Gran_Etudes_de_Paganini/2_La_campanella/HUAN_J03.mid,Liszt/Gran_Etudes_de_Paganini/2_La_campanella/midi_score.mid,train,pedal_down_ratio,0.43650193592483405,3.02618513872166,1.0934375452609104,282
Liszt/Gran_Etudes_de_Paganini/2_La_campanella/HUAN_J03.mid,Liszt/Gran_Etudes_de_Paganini/2_La_campanella/midi_score.mid,train,pedal_changes,0.2208718601822837,2.500269457263451,1.086197392270833,282
Liszt/Gran_Etudes_de_Paganini/2_La_campanella/Hao03.mid,Liszt/Gran_Etudes_de_Paganini/2_La_campanella/midi_score.mid,train,tempo,0.276399983740472,2.926587022514961,3.091409439951782,282
Liszt/Gran_Etudes_de_Paganini/2_La_campanella/Hao03.mid,Liszt/Gran_Etudes_de_Paganini/2_La_campanella/midi_score.mid,train,rubato,0.6182009234919509,3.5417560511269137,3.5990256162893375,282
Liszt/Gran_Etudes_de_Paganini/2_La_campanella/Hao03.mid,Liszt/Gran_Etudes_de_Paganini/2_La_campanella/midi_score.mid,train,dynamics,0.5384876206394219,4.02883969015803,1.3298673743559937,282
Liszt/Gran_Etudes_de_Paganini/2_La_campanella/Hao03.mid,Liszt/Gran_Etudes_de_Paganini/2_La_campanella/midi_score.mid,train,articulation,0.3753929103817046,3.900556547209529,1.6426629663628318,282
Liszt/Gran_Etudes_de_Paganini/2_La_campanella/Hao03.mid,Liszt/Gran_Etudes_de_Paganini/2_La_campanella/midi_score.mid,train,pedal_depth,0.5763381603277764,3.0163257180161143,0.9445645971466801,282
Liszt/Gran_Etudes_de_Paganini/2_La_campanella/Hao03.mid,Liszt/Gran_Etudes_de_Paganini/2_La_campanella/midi_score.mid,train,pedal_down_ratio,0.2141981862339131,3.4962170859343233,1.059660864395084,282
Liszt/Gran_Etudes_de_Paganini/2_La_campanella/Hao03.mid,Liszt/Gran_Etudes_de_Paganini/2_La_campanella/midi_score.mid,train,pedal_changes,0.1501928649239529,2.500269457263451,0.9750674331808734,282
Liszt/Gran_Etudes_de_Paganini/2_La_campanella/KanM06.mid,Liszt/Gran_Etudes_de_Paganini/2_La_campanella/midi_score.mid,train,tempo,-0.41111765734020234,4.0853732350293654,1.6628434360121866,282
Liszt/Gran_Etudes_de_Paganini/2_La_campanella/KanM06.mid,Liszt/Gran_Etudes_de_Paganini/2_La_campanella/midi_score.mid,train,rubato,0.6929578761967525,4.684273121339685,1.9531627582357758,282
Liszt/Gran_Etudes_de_Paganini/2_La_campanella/KanM06.mid,Liszt/Gran_Etudes_de_Paganini/2_La_campanella/midi_score.mid,train,dynamics,-0.8962822197270335,3.5394065597360544,1.1878920808101225,282
Liszt/Gran_Etudes_de_Paganini/2_La_campanella/KanM06.mid,Liszt/Gran_Etudes_de_Paganini/2_La_campanella/midi_score.mid,train,articulation,0.5728266566816531,3.9852375551506114,1.5089075413809585,282
Liszt/Gran_Etudes_de_Paganini/2_La_campanella/KanM06.mid,Liszt/Gran_Etudes_de_Paganini/2_La_campanella/midi_score.mid,train,pedal_depth,0.27568706547673566,2.579001880310309,0.8694407152570208,282
Liszt/Gran_Etudes_de_Paganini/2_La_campanella/KanM06.mid,Liszt/Gran_Etudes_de_Paganini/2_La_campanella/midi_score.mid,train,pedal_down_ratio,0.1241183876783437,3.1674777924515407,1.0098915388185146,282
Liszt/Gran_Etudes_de_Paganini/2_La_campanella/KanM06.mid,Liszt/Gran_Etudes_de_Paganini/2_La_campanella/midi_score.mid,train,pedal_changes,0.19142227882464585,3.333692609684601,1.455426320887096,282
Liszt/Gran_Etudes_de_Paganini/2_La_campanella/Kolessova07.mid,Liszt/Gran_Etudes_de_Paganini/2_La_campanella/midi_score.mid,train,tempo,-0.2543228396254581,3.465208524007225,1.1658787919641438,282
Liszt/Gran_Etudes_de_Paganini/2_La_campanella/Kolessova07.mid,Liszt/Gran_Etudes_de_Paganini/2_La_campanella/midi_score.mid,train,rubato,0.7525087125479983,4.2009596549512525,1.3263306154783518,282
Liszt/Gran_Etudes_de_Paganini/2_La_campanella/Kolessova07.mid,Liszt/Gran_Etudes_de_Paganini/2_La_campanella/midi_score.mid,train,dynamics,-0.3093276256607004,3.5920346820404383,1.0633537776459727,282
Liszt/Gran_Etudes_de_Paganini/2_La_campanella/Kolessova07.mid,Liszt/Gran_Etudes_de_Paganini/2_La_campanella/midi_score.mid,train,articulation,0.7178759624774179,3.9526324296568003,1.2614670707070097,282
Liszt/Gran_Etudes_de_Paganini/2_La_campanella/Kolessova07.mid,Liszt/Gran_Etudes_de_Paganini/2_La_campanella/midi_score.mid,train,pedal_depth,-0.5593512169790099,4.143369271327668,0.9987050350699948,282
Liszt/Gran_Etudes_de_Paganini/2_La_campanella/Kolessova07.mid,Liszt/Gran_Etudes_de_Paganini/2_La_campanella/midi_score.mid,train,pedal_down_ratio,-0.6582143992263808,3.9921270620173828,1.0072877547325134,282
Liszt/Gran_Etudes_de_Paganini/2_La_campanella/Kolessova07.mid,Liszt/Gran_Etudes_de_Paganini/2_La_campanella/midi_score.mid,train,pedal_changes,-0.20320211136770097,3.333692609684601,1.0434031266166244,282
Liszt/Gran_Etudes_de_Paganini/2_La_campanella/LeungR04M.mid,Liszt/Gran_Etudes_de_Paganini/2_La_campanella/midi_score.mid,train,tempo,-0.49616572695148403,3.5562115464623663,1.0289953128049414,282
Liszt/Gran_Etudes_de_Paganini/2_La_campanella/LeungR04M.mid,Liszt/Gran_Etudes_de_Paganini/2_La_campanella/midi_score.mid,train,rubato,0.5868968909302481,4.065755460890154,1.1674609904205884,282
Liszt/Gran_Etudes_de_Paganini/2_La_campanella/LeungR04M.mid,Liszt/Gran_Etudes_de_Paganini/2_La_campanella/midi_score.mid,train,dynamics,0.2893877272298699,2.7495687564399445,0.9796641178190166,282
Liszt/Gran_Etudes_de_Paganini/2_La_campanella/LeungR04M.mid,Liszt/Gran_Etudes_de_Paganini/2_La_campanella/midi_score.mid,train,articulation,-0.13570316482152112,2.6054720271105234,1.2183444576629632,282
Liszt/Gran_Etudes_de_Paganini/2_La_campanella/LeungR04M.mid,Liszt/Gran_Etudes_de_Paganini/2_La_campanella/midi_score.mid,train,pedal_depth,-0.35179542850070605,2.5461503148826963,0.8576051321542564,282
Liszt/Gran_Etudes_de_Paganini/2_La_campanella/LeungR04M.mid,Liszt/Gran_Etudes_de_Paganini/2_La_campanella/midi_score.mid,train,pedal_down_ratio,-0.3775553812777422,2.6918150350139767,0.9654521497719438,282
Liszt/Gran_Etudes_de_Paganini/2_La_campanella/LeungR04M.mid,Liszt/Gran_Etudes_de_Paganini/2_La_campanella/midi_score.mid,train,pedal_changes,0.2326516927253388,2.500269457263451,1.0434031266166244,282
Liszt/Gran_Etudes_de_Paganini/2_La_campanella/Levitsky02.mid,Liszt/Gran_Etudes_de_Paganini/2_La_campanella/midi_score.mid,train,tempo,-0.00029849998620388356,4.714064876966512,1.6372992532044623,282
Liszt/Gran_Etudes_de_Paganini/2_La_campanella/Levitsky02.mid,Liszt/Gran_Etudes_de_Paganini/2_La_campanella/midi_score.mid,train,rubato,0.7394392800010805,5.504114212165943,1.8289301787003147,282
Liszt/Gran_Etudes_de_Paganini/2_La_campanella/Levitsky02.mid,Liszt/Gran_Etudes_de_Paganini/2_La_campanella/midi_score.mid,train,dynamics,-0.6012054767675569,2.956694377422491,1.0446867744421167,282
Liszt/Gran_Etudes_de_Paganini/2_La_campanella/Levitsky02.mid,Liszt/Gran_Etudes_de_Paganini/2_La_campanella/midi_score.mid,train,articulation,-0.6938520577140065,3.3258855733401664,1.2118752177327519,282
Liszt/Gran_Etudes_de_Paganini/2_La_campanella/Levitsky02.mid,Liszt/Gran_Etudes_de_Paganini/2_La_campanella/midi_score.mid,train,pedal_depth,-0.3961734593476116,3.387748192349739,1.0404034871728307,282
Liszt/Gran_Etudes_de_Paganini/2_La_campanella/Levitsky02.mid,Liszt/Gran_Etudes_de_Paganini/2_La_campanella/midi_score.mid,train,pedal_down_ratio,-0.6287781252759765,4.825247951657776,1.2685841162371305,282
Liszt/Gran_Etudes_de_Paganini/2_La_campanella/Levitsky02.mid,Liszt/Gran_Etudes_de_Paganini/2_La_campanella/midi_score.mid,train,pedal_changes,-0.20614706950346473,3.333692609684601,1.280790570450644,282
Liszt/Gran_Etudes_de_Paganini/2_La_campanella/Levitsky06M.mid,Liszt/Gran_Etudes_de_Paganini/2_La_campanella/midi_score.mid,train,tempo,0.13201331111378287,4.958234419500622,1.8625344826898664,282
Liszt/Gran_Etudes_de_Paganini/2_La_campanella/Levitsky06M.mid,Liszt/Gran_Etudes_de_Paganini/2_La_campanella/midi_score.mid,train,rubato,0.7978699485024092,5.51727346898846,2.1401432844778383,282
Liszt/Gran_Etudes_de_Paganini/2_La_campanella/Levitsky06M.mid,Liszt/Gran_Etudes_de_Paganini/2_La_campanella/midi_score.mid,train,dynamics,-0.2850304713547923,3.193480996762507,0.9964361163562242,282
Liszt/Gran_Etudes_de_Paganini/2_La_campanella/Levitsky06M.mid,Liszt/Gran_Etudes_de_Paganini/2_La_campanella/midi_score.mid,train,articulation,-0.42749440400169586,3.0748800934380114,1.2632225328694542,282
Liszt/Gran_Etudes_de_Paganini/2_La_campanella/Levitsky06M.mid,Liszt/Gran_Etudes_de_Paganini/2_La_campanella/midi_score.mid,train,pedal_depth,-0.7203839103992181,4.536420565405196,1.1423114518696333,282
Liszt/Gran_Etudes_de_Paganini/2_La_campanella/Levitsky06M.mid,Liszt/Gran_Etudes_de_Paganini/2_La_campanella/midi_score.mid,train,pedal_down_ratio,-0.5712663707078997,4.9870007146434165,1.2715425574801962,282
Liszt/Gran_Etudes_de_Paganini/2_La_campanella/Levitsky06M.mid,Liszt/Gran_Etudes_de_Paganini/2_La_campanella/midi_score.mid,train,pedal_changes,-0.2621012740829766,3.250350294442467,1.2187079808595056,282
Liszt/Gran_Etudes_de_Paganini/2_La_campanella/Lin02.mid,Liszt/Gran_Etudes_de_Paganini/2_La_campanella/midi_score.mid,train,tempo,0.24874546986446358,3.2925200598985818,1.7476583984437588,282
Liszt/Gran_Etudes_de_Paganini/2_La_campanella/Lin02.mid,Liszt/Gran_Etudes_de_Paganini/2_La_campanella/midi_score.mid,train,rubato,0.6576479841232707,3.659329281124499,2.0248725180567266,282
Liszt/Gran_Etudes_de_Paganini/2_La_campanella/Lin02.mid,Liszt/Gran_Etudes_de_Paganini/2_La_campanella/midi_score.mid,train,dynamics,-0.36147574673588884,2.664242077128181,0.9788980244815841,282
Liszt/Gran_Etudes_de_Paganini/2_La_campanella/Lin02.mid,Liszt/Gran_Etudes_de_Paganini/2_La_campanella/midi_score.mid,train,articulation,0.5603542946023718,4.094822530098558,1.2729617502628023,282
Liszt/Gran_Etudes_de_Paganini/2_La_campanella/Lin02.mid,Liszt/Gran_Etudes_de_Paganini/2_La_campanella/midi_score.mid,train,pedal_depth,0.17918375635739425,2.2580331172716814,0.7311677983236191,282
Liszt/Gran_Etudes_de_Paganini/2_La_campanella/Lin02.mid,Liszt/Gran_Etudes_de_Paganini/2_La_campanella/midi_score.mid,train,pedal_down_ratio,0.3216821111105765,2.5235553052960276,0.8107942511299644,282
Liszt/Gran_Etudes_de_Paganini/2_La_campanella/Lin02.mid,Liszt/Gran_Etudes_de_Paganini/2_La_campanella/midi_score.mid,train,pedal_changes,0.29155085544061443,3.333692609684601,1.2884600203649725,282
Liszt/Gran_Etudes_de_Paganini/2_La_campanella/Lin07M.mid,Liszt/Gran_Etudes_de_Paganini/2_La_campanella/midi_score.mid,train,tempo,0.34970058482223043,3.1168328543462067,1.509706822702368,282
Liszt/Gran_Etudes_de_Paganini/2_La_campanella/Lin07M.mid,Liszt/Gran_Etudes_de_Paganini/2_La_campanella/midi_score.mid,train,rubato,0.5488995780758635,3.642243545582381,1.7286598779534241,282
Liszt/Gran_Etudes_de_Paganini/2_La_campanella/Lin07M.mid,Liszt/Gran_Etudes_de_Paganini/2_La_campanella/midi_score.mid,train,dynamics,-0.08525405266746855,2.854299011605052,0.9592119708202725,282
Liszt/Gran_Etudes_de_Paganini/2_La_campanella/Lin07M.mid,Liszt/Gran_Etudes_de_Paganini/2_La_campanella/midi_score.mid,train,articulation,0.38002316383857154,3.876589601647473,1.4795481304626887,282
Liszt/Gran_Etudes_de_Paganini/2_La_campanella/Lin07M.mid,Liszt/Gran_Etudes_de_Paganini/2_La_campanella/midi_score.mid,train,pedal_depth,-0.080344543798688,2.2583868646918166,0.7388151202580882,282
Liszt/Gran_Etudes_de_Paganini/2_La_campanella/Lin07M.mid,Liszt/Gran_Etudes_de_Paganini/2_La_campanella/midi_score.mid,train,pedal_down_ratio,0.2863088397308041,2.3336943065496727,0.8056253518728812,282
Liszt/Gran_Etudes_de_Paganini/2_La_campanella/Lin07M.mid,Liszt/Gran_Etudes_de_Paganini/2_La_campanella/midi_score.mid,train,pedal_changes,0.3563399344274176,4.167115762105752,1.1141823317799897,282
Liszt/Gran_Etudes_de_Paganini/2_La_campanella/LiuC05M.mid,Liszt/Gran_Etudes_de_Paganini/2_La_campanella/midi_score.mid,train,tempo,0.628327587334736,4.435019443704668,1.8393395280452423,282
Liszt/Gran_Etudes_de_Paganini/2_La_campanella/LiuC05M.mid,Liszt/Gran_Etudes_de_Paganini/2_La_campanella/midi_score.mid,train,rubato,0.8439722799162579,5.445663240910072,2.1453299693187606,282
Liszt/Gran_Etudes_de_Paganini/2_La_campanella/LiuC05M.mid,Liszt/Gran_Etudes_de_Paganini/2_La_campanella/midi_score.mid,train,dynamics,-0.054274982053401345,3.8899939295592576,1.29499496963862,282
Liszt/Gran_Etudes_de_Paganini/2_La_campanella/LiuC05M.mid,Liszt/Gran_Etudes_de_Paganini/2_La_campanella/midi_score.mid,train,articulation,0.4145587541435458,4.694141098262245,1.7254034629624095,282
Liszt/Gran_Etudes_de_Paganini/2_La_campanella/LiuC05M.mid,Liszt/Gran_Etudes_de_Paganini/2_La_campanella/midi_score.mid,train,pedal_depth,-0.015533082937129981,3.1359551079577193,0.9837275073135897,282
Liszt/Gran_Etudes_de_Paganini/2_La_campanella/LiuC05M.mid,Liszt/Gran_Etudes_de_Paganini/2_La_campanella/midi_score.mid,train,pedal_down_ratio,-0.10956808206128099,3.513936626633981,0.9955106891844958,282
Liszt/Gran_Etudes_de_Paganini/2_La_campanella/LiuC05M.mid,Liszt/Gran_Etudes_de_Paganini/2_La_campanella/midi_score.mid,train,pedal_changes,0.2267617764538112,2.500269457263451,1.0122497179153083,282
Liszt/Gran_Etudes_de_Paganini/2_La_campanella/LiuY03M.mid,Liszt/Gran_Etudes_de_Paganini/2_La_campanella/midi_score.mid,train,tempo,0.5208228589292945,4.258641609218147,1.4284956959808996,282
Liszt/Gran_Etudes_de_Paganini/2_La_campanella/LiuY03M.mid,Liszt/Gran_Etudes_de_Paganini/2_La_campanella/midi_score.mid,train,rubato,0.7063739099429297,4.997990674331108,1.6425934223836363,282
Liszt/Gran_Etudes_de_Paganini/2_La_campanella/LiuY03M.mid,Liszt/Gran_Etudes_de_Paganini/2_La_campanella/midi_score.mid,train,dynamics,0.31712178349753317,3.291369489890023,1.0857844569461141,282
Liszt/Gran_Etudes_de_Paganini/2_La_campanella/LiuY03M.mid,Liszt/Gran_Etudes_de_Paganini/2_La_campanella/midi_score.mid,train,articulation,-0.2050436437561444,3.142642268231935,1.3225663415464863,282
Liszt/Gran_Etudes_de_Paganini/2_La_campanella/LiuY03M.mid,Liszt/Gran_Etudes_de_Paganini/2_La_campanella/midi_score.mid,train,pedal_depth,0.29535552009111493,2.4896340744250516,0.9775517613387663,282
Liszt/Gran_Etudes_de_Paganini/2_La_campanella/LiuY03M.mid,Liszt/Gran_Etudes_de_Paganini/2_La_campanella/midi_score.mid,train,pedal_down_ratio,0.2412463840111781,2.379216282812067,0.9499545992802093,282
Liszt/Gran_Etudes_de_Paganini/2_La_campanella/LiuY03M.mid,Liszt/Gran_Etudes_de_Paganini/2_La_campanella/midi_score.mid,train,pedal_changes,0.08834874407291345,2.500269457263451,1.1349894992868854,282
Liszt/Gran_Etudes_de_Paganini/2_La_campanella/MunA08M.mid,Liszt/Gran_Etudes_de_Paganini/2_La_campanella/midi_score.mid,train,tempo,0.44625727898769046,3.2412178116375783,1.863437827377571,282
Liszt/Gran_Etudes_de_Paganini/2_La_campanella/MunA08M.mid,Liszt/Gran_Etudes_de_Paganini/2_La_campanella/midi_score.mid,train,rubato,0.5428374674564892,3.8242808419963827,2.1147115686207,282
Liszt/Gran_Etudes_de_Paganini/2_La_campanella/MunA08M.mid,Liszt/Gran_Etudes_de_Paganini/2_La_campanella/midi_score.mid,train,dynamics,0.510996284587483,3.023594585284652,1.0161303153262784,282
Liszt/Gran_Etudes_de_Paganini/2_La_campanella/MunA08M.mid,Liszt/Gran_Etudes_de_Paganini/2_La_campanella/midi_score.mid,train,articulation,0.32294269493931155,3.6986878874523033,1.500012303697057,282
Liszt/Gran_Etudes_de_Paganini/2_La_campanella/MunA08M.mid,Liszt/Gran_Etudes_de_Paganini/2_La_campanella/midi_score.mid,train,pedal_depth,-0.17290370857367657,2.729298223669989,0.9281805436426902,282
Liszt/Gran_Etudes_de_Paganini/2_La_campanella/MunA08M.mid,Liszt/Gran_Etudes_de_Paganini/2_La_campanella/midi_score.mid,train,pedal_down_ratio,-0.18574345737325484,2.4953938539186113,1.018895623630602,282
Liszt/Gran_Etudes_de_Paganini/2_La_campanella/MunA08M.mid,Liszt/Gran_Etudes_de_Paganini/2_La_campanella/midi_score.mid,train,pedal_changes,0.067734037122567,2.500269457263451,0.964910203769253,282
Liszt/Gran_Etudes_de_Paganini/2_La_campanella/SEBAST02.mid,Liszt/Gran_Etudes_de_Paganini/2_La_campanella/midi_score.mid,train,tempo,0.6154291437778292,4.049466925664279,1.348743100669819,282
Liszt/Gran_Etudes_de_Paganini/2_La_campanella/SEBAST02.mid,Liszt/Gran_Etudes_de_Paganini/2_La_campanella/midi_score.mid,train,rubato,0.8257357114716382,4.428365083400241,1.555466860615197,282
Liszt/Gran_Etudes_de_Paganini/2_La_campanella/SEBAST02.mid,Liszt/Gran_Etudes_de_Paganini/2_La_campanella/midi_score.mid,train,dynamics,-0.7811343333861064,3.083933028739583,1.0479150216948552,282
Liszt/Gran_Etudes_de_Paganini/2_La_campanella/SEBAST02.mid,Liszt/Gran_Etudes_de_Paganini/2_La_campanella/midi_score.mid,train,articulation,-0.04822183392173317,4.236315736378273,1.477738951902217,282
Liszt/Gran_Etudes_de_Paganini/2_La_campanella/SEBAST02.mid,Liszt/Gran_Etudes_de_Paganini/2_La_campanella/midi_score.mid,train,pedal_depth,-0.1704891264818515,3.5994382986376405,0.9722546890480724,282
Liszt/Gran_Etudes_de_Paganini/2_La_campanella/SEBAST02.mid,Liszt/Gran_Etudes_de_Paganini/2_La_campanella/midi_score.mid,train,pedal_down_ratio,-0.11199383228593002,3.427768092062421,1.0623224826923645,282
Liszt/Gran_Etudes_de_Paganini/2_La_campanella/SEBAST02.mid,Liszt/Gran_Etudes_de_Paganini/2_La_campanella/midi_score.mid,train,pedal_changes,-0.08540378593714967,3.333692609684601,1.1468632266405525,282
Liszt/Gran_Etudes_de_Paganini/2_La_campanella/Seredenko02.mid,Liszt/Gran_Etudes_de_Paganini/2_La_campanella/midi_score.mid,train,tempo,-0.6363171885896004,4.183174237796331,1.6898545824032296,282
Liszt/Gran_Etudes_de_Paganini/2_La_campanella/Seredenko02.mid,Liszt/Gran_Etudes_de_Paganini/2_La_campanella/midi_score.mid,train,rubato,0.8861448798566977,4.885136243944848,1.9488403220231394,282
Liszt/Gran_Etudes_de_Paganini/2_La_campanella/Seredenko02.mid,Liszt/Gran_Etudes_de_Paganini/2_La_campanella/midi_score.mid,train,dynamics,-0.016203933704218295,3.7778784603655113,1.1572951900187147,282
Liszt/Gran_Etudes_de_Paganini/2_La_campanella/Seredenko02.mid,Liszt/Gran_Etudes_de_Paganini/2_La_campanella/midi_score.mid,train,articulation,0.6557944632084746,4.395692998444241,1.4621346731545914,282
Liszt/Gran_Etudes_de_Paganini/2_La_campanella/Seredenko02.mid,Liszt/Gran_Etudes_de_Paganini/2_La_campanella/midi_score.mid,train,pedal_depth,-0.16769119344673059,3.181182608654196,0.9291538215890699,282
Liszt/Gran_Etudes_de_Paganini/2_La_campanella/Seredenko02.mid,Liszt/Gran_Etudes_de_Paganini/2_La_campanella/midi_score.mid,train,pedal_down_ratio,-0.13709464430397003,2.920394117607954,0.8979068648541684,282
Liszt/Gran_Etudes_de_Paganini/2_La_campanella/Seredenko02.mid,Liszt/Gran_Etudes_de_Paganini/2_La_campanella/midi_score.mid,train,pedal_changes,0.580156752745465,3.333692609684601,1.4672249902032068,282
Liszt/Gran_Etudes_de_Paganini/2_La_campanella/Sychev03.mid,Liszt/Gran_Etudes_de_Paganini/2_La_campanella/midi_score.mid,train,tempo,0.40389913571036873,2.5392964445963147,0.8047974938047097,282
Liszt/Gran_Etudes_de_Paganini/2_La_campanella/Sychev03.mid,Liszt/Gran_Etudes_de_Paganini/2_La_campanella/midi_score.mid,train,rubato,0.4344074168519633,2.7784849191680276,0.9182714598778156,282
Liszt/Gran_Etudes_de_Paganini/2_La_campanella/Sychev03.mid,Liszt/Gran_Etudes_de_Paganini/2_La_campanella/midi_score.mid,train,dynamics,-0.15621902492157957,2.816289537875094,1.0330468283973995,282
Liszt/Gran_Etudes_de_Paganini/2_La_campanella/Sychev03.mid,Liszt/Gran_Etudes_de_Paganini/2_La_campanella/midi_score.mid,train,articulation,-0.6393100539143028,3.3414454578394395,1.1671967115616966,282
Liszt/Gran_Etudes_de_Paganini/2_La_campanella/Sychev03.mid,Liszt/Gran_Etudes_de_Paganini/2_La_campanella/midi_score.mid,train,pedal_depth,-0.748553840859035,2.468293349644297,0.9027561005414552,282
Liszt/Gran_Etudes_de_Paganini/2_La_campanella/Sychev03.mid,Liszt/Gran_Etudes_de_Paganini/2_La_campanella/midi_score.mid,train,pedal_down_ratio,-0.5217315128999519,2.8404799275851147,1.150677959916128,282
Liszt/Gran_Etudes_de_Paganini/2_La_campanella/Sychev03.mid,Liszt/Gran_Etudes_de_Paganini/2_La_campanella/midi_score.mid,train,pedal_changes,-0.02061470695034646,2.500269457263451,1.0621203700415407,282
Liszt/Gran_Etudes_de_Paganini/2_La_campanella/TET03.mid,Liszt/Gran_Etudes_de_Paganini/2_La_campanella/midi_score.mid,train,tempo,-0.11302056919687652,4.136983752272345,1.3076449827289667,282
Liszt/Gran_Etudes_de_Paganini/2_La_campanella/TET03.mid,Liszt/Gran_Etudes_de_Paganini/2_La_campanella/midi_score.mid,train,rubato,0.7387585160863626,4.626821250658793,1.4603621221916865,282
Liszt/Gran_Etudes_de_Paganini/2_La_campanella/TET03.mid,Liszt/Gran_Etudes_de_Paganini/2_La_campanella/midi_score.mid,train,dynamics,0.555165389707391,3.1782373895567697,1.0942058112407484,282
Liszt/Gran_Etudes_de_Paganini/2_La_campanella/TET03.mid,Liszt/Gran_Etudes_de_Paganini/2_La_campanella/midi_score.mid,train,articulation,0.04996329691685523,3.8009983916828753,1.2855816472067294,282
Liszt/Gran_Etudes_de_Paganini/2_La_campanella/TET03.mid,Liszt/Gran_Etudes_de_Paganini/2_La_campanella/midi_score.mid,train,pedal_depth,0.27003511260526397,3.52626267807808,0.9423520226600189,282
Liszt/Gran_Etudes_de_Paganini/2_La_campanella/TET03.mid,Liszt/Gran_Etudes_de_Paganini/2_La_campanella/midi_score.mid,train,pedal_down_ratio,0.26728745876538457,3.7626984461625455,1.0106355592993312,282
Liszt/Gran_Etudes_de_Paganini/2_La_campanella/TET03.mid,Liszt/Gran_Etudes_de_Paganini/2_La_campanella/midi_score.mid,train,pedal_changes,0.3916794320565831,3.333692609684601,1.6874072710142718,282
Liszt/Gran_Etudes_de_Paganini/2_La_campanella/VuV06M.mid,Liszt/Gran_Etudes_de_Paganini/2_La_campanella/midi_score.mid,train,tempo,-0.0749263040248946,3.417832167999623,1.724767875848893,282
Liszt/Gran_Etudes_de_Paganini/2_La_campanella/VuV06M.mid,Liszt/Gran_Etudes_de_Paganini/2_La_campanella/midi_score.mid,train,rubato,0.5361698615616384,3.9310600273397864,1.9452022814452385,282
Liszt/Gran_Etudes_de_Paganini/2_La_campanella/VuV06M.mid,Liszt/Gran_Etudes_de_Paganini/2_La_campanella/midi_score.mid,train,dynamics,0.09705498917393689,2.7542366571732217,0.9870635780973525,282
Liszt/Gran_Etudes_de_Paganini/2_La_campanella/VuV06M.mid,Liszt/Gran_Etudes_de_Paganini/2_La_campanella/midi_score.mid,train,articulation,0.3807194231709052,3.497514848931604,1.1663438656969534,282
Liszt/Gran_Etudes_de_Paganini/2_La_campanella/VuV06M.mid,Liszt/Gran_Etudes_de_Paganini/2_La_campanella/midi_score.mid,train,pedal_depth,0.15403624285453946,2.457228729917816,0.8345963539324287,282
Liszt/Gran_Etudes_de_Paganini/2_La_campanella/VuV06M.mid,Liszt/Gran_Etudes_de_Paganini/2_La_campanella/midi_score.mid,train,pedal_down_ratio,0.09511444168838219,2.4937266155252313,0.8430858881323917,282
Liszt/Gran_Etudes_de_Paganini/2_La_campanella/VuV06M.mid,Liszt/Gran_Etudes_de_Paganini/2_La_campanella/midi_score.mid,train,pedal_changes,0.20320211136770097,2.500269457263451,1.1425597847221918,282
Liszt/Gran_Etudes_de_Paganini/2_La_campanella/Yang05M.mid,Liszt/Gran_Etudes_de_Paganini/2_La_campanella/midi_score.mid,train,tempo,0.9336094286610462,2.8002462280720306,0.9076115373612387,282
Liszt/Gran_Etudes_de_Paganini/2_La_campanella/Yang05M.mid,Liszt/Gran_Etudes_de_Paganini/2_La_campanella/midi_score.mid,train,rubato,0.557981264540146,3.3328342126578177,1.0499460532971407,282
Liszt/Gran_Etudes_de_Paganini/2_La_campanella/Yang05M.mid,Liszt/Gran_Etudes_de_Paganini/2_La_campanella/midi_score.mid,train,dynamics,-0.025050558816732352,3.603474109099044,1.217059651810771,282
Liszt/Gran_Etudes_de_Paganini/2_La_campanella/Yang05M.mid,Liszt/Gran_Etudes_de_Paganini/2_La_campanella/midi_score.mid,train,articulation,-0.1335681929061491,3.1160772814138893,1.1557155043527843,282
Liszt/Gran_Etudes_de_Paganini/2_La_campanella/Yang05M.mid,Liszt/Gran_Etudes_de_Paganini/2_La_campanella/midi_score.mid,train,pedal_depth,0.12237113151664865,3.95715442832035,1.0375025578277528,282
Liszt/Gran_Etudes_de_Paganini/2_La_campanella/Yang05M.mid,Liszt/Gran_Etudes_de_Paganini/2_La_campanella/midi_score.mid,train,pedal_down_ratio,0.04500977234444998,3.879230933780042,1.0161196493054527,282
Liszt/Gran_Etudes_de_Paganini/2_La_campanella/Yang05M.mid,Liszt/Gran_Etudes_de_Paganini/2_La_campanella/midi_score.mid,train,pedal_changes,-0.05889916271527564,3.333692609684601,1.0586360948126654,282
Liszt/Gran_Etudes_de_Paganini/2_La_campanella/Yoon02.mid,Liszt/Gran_Etudes_de_Paganini/2_La_campanella/midi_score.mid,train,tempo,-0.5598126211869208,3.406365775070449,1.0160074896579887,282
Liszt/Gran_Etudes_de_Paganini/2_La_campanella/Yoon02.mid,Liszt/Gran_Etudes_de_Paganini/2_La_campanella/midi_score.mid,train,rubato,0.7850102329846241,4.016702962255118,1.139322231420604,282
Liszt/Gran_Etudes_de_Paganini/2_La_campanella/Yoon02.mid,Liszt/Gran_Etudes_de_Paganini/2_La_campanella/midi_score.mid,train,dynamics,0.15530167541789458,2.716745242433711,1.0651611637248162,282
Liszt/Gran_Etudes_de_Paganini/2_La_campanella/Yoon02.mid,Liszt/Gran_Etudes_de_Paganini/2_La_campanella/midi_score.mid,train,articulation,-0.1288564801094831,3.080909844629975,1.1711631454071822,282
Liszt/Gran_Etudes_de_Paganini/2_La_campanella/Yoon02.mid,Liszt/Gran_Etudes_de_Paganini/2_La_campanella/midi_score.mid,train,pedal_depth,0.49503757414277605,3.459786197723084,1.1163647218437658,282
Liszt/Gran_Etudes_de_Paganini/2_La_campanella/Yoon02.mid,Liszt/Gran_Etudes_de_Paganini/2_La_campanella/midi_score.mid,train,pedal_down_ratio,0.38915234199048954,3.2764425321405706,1.0978369545807465,282
Liszt/Gran_Etudes_de_Paganini/2_La_campanella/Yoon02.mid,Liszt/Gran_Etudes_de_Paganini/2_La_campanella/midi_score.mid,train,pedal_changes,0.16197269746700801,2.500269457263451,1.0243439309184763,282
Liszt/Gran_Etudes_de_Paganini/2_La_campanella/ZhangH02.mid,Liszt/Gran_Etudes_de_Paganini/2_La_campanella/midi_score.mid,train,tempo,-0.2751695269350265,2.9050379686135948,1.1688673290267662,282
Liszt/Gran_Etudes_de_Paganini/2_La_campanella/ZhangH02.mid,Liszt/Gran_Etudes_de_Paganini/2_La_campanella/midi_score.mid,train,rubato,0.39389839848594954,3.3221091307556927,1.3343462284863812,282
Liszt/Gran_Etudes_de_Paganini/2_La_campanella/ZhangH02.mid,Liszt/Gran_Etudes_de_Paganini/2_La_campanella/midi_score.mid,train,dynamics,0.1320055257836536,2.9155479705210685,0.9525187839278025,282
Liszt/Gran_Etudes_de_Paganini/2_La_campanella/ZhangH02.mid,Liszt/Gran_Etudes_de_Paganini/2_La_campanella/midi_score.mid,train,articulation,0.41657695399628175,3.467031741740598,1.2535117111012455,282
Liszt/Gran_Etudes_de_Paganini/2_La_campanella/ZhangH02.mid,Liszt/Gran_Etudes_de_Paganini/2_La_campanella/midi_score.mid,train,pedal_depth,0.2910380032667558,2.7150410725926535,0.910114558282372,282
Liszt/Gran_Etudes_de_Paganini/2_La_campanella/ZhangH02.mid,Liszt/Gran_Etudes_de_Paganini/2_La_campanella/midi_score.mid,train,pedal_down_ratio,0.14493764665010514,2.7937994279824796,0.9123477071941838,282
Liszt/Gran_Etudes_de_Paganini/2_La_campanella/ZhangH02.mid,Liszt/Gran_Etudes_de_Paganini/2_La_campanella/midi_score.mid,train,pedal_changes,-0.15313782305971668,2.500269457263451,0.9559340998024366,282
Liszt/Gran_Etudes_de_Paganini/2_La_campanella/ZhangH07M.mid,Liszt/Gran_Etudes_de_Paganini/2_La_campanella/midi_score.mid,train,tempo,0.1983759169748527,3.091779320069154,1.3196798257388342,282
Liszt/Gran_Etudes_de_Paganini/2_La_campanella/ZhangH07M.mid,Liszt/Gran_Etudes_de_Paganini/2_La_campanella/midi_score.mid,train,rubato,0.5777454805781178,3.60314486681085,1.550235667982141,282
Liszt/Gran_Etudes_de_Paganini/2_La_campanella/ZhangH07M.mid,Liszt/Gran_Etudes_de_Paganini/2_La_campanella/midi_score.mid,train,dynamics,0.09570706086827785,2.834332455180845,1.0392359813390464,282
Liszt/Gran_Etudes_de_Paganini/2_La_campanella/ZhangH07M.mid,Liszt/Gran_Etudes_de_Paganini/2_La_campanella/midi_score.mid,train,articulation,0.08576475958181295,3.248655675260565,1.3318380839662862,282
Liszt/Gran_Etudes_de_Paganini/2_La_campanella/ZhangH07M.mid,Liszt/Gran_Etudes_de_Paganini/2_La_campanella/midi_score.mid,train,pedal_depth,0.29541988475444064,2.913774505426616,0.9675098252428466,282
Liszt/Gran_Etudes_de_Paganini/2_La_campanella/ZhangH07M.mid,Liszt/Gran_Etudes_de_Paganini/2_La_campanella/midi_score.mid,train,pedal_down_ratio,0.2580155578197628,2.6772773716123197,0.9080786701414145,282
Liszt/Gran_Etudes_de_Paganini/2_La_campanella/ZhangH07M.mid,Liszt/Gran_Etudes_de_Paganini/2_La_campanella/midi_score.mid,train,pedal_changes,-0.23854160899686636,2.500269457263451,0.9623541457592638,282
Liszt/Transcendental_Etudes/10/CaoJ03M.mid,Liszt/Transcendental_Etudes/10/midi_score.mid,test,tempo,0.1857409746590922,3.1350351669226666,1.2205957639554221,356
Liszt/Transcendental_Etudes/10/CaoJ03M.mid,Liszt/Transcendental_Etudes/10/midi_score.mid,test,rubato,0.5574455196670463,3.672986764769382,1.4445047135518725,356
Liszt/Transcendental_Etudes/10/CaoJ03M.mid,Liszt/Transcendental_Etudes/10/midi_score.mid,test,dynamics,-0.4808774268155355,2.9019468664794537,1.0415989473169582,356
Liszt/Transcendental_Etudes/10/CaoJ03M.mid,Liszt/Transcendental_Etudes/10/midi_score.mid,test,articulation,0.2771673600727235,3.4718521112626224,1.4848255377449577,356
Liszt/Transcendental_Etudes/10/CaoJ03M.mid,Liszt/Transcendental_Etudes/10/midi_score.mid,test,pedal_depth,-0.33271610425103926,3.24166621785945,1.0046524335337943,356
Liszt/Transcendental_Etudes/10/CaoJ03M.mid,Liszt/Transcendental_Etudes/10/midi_score.mid,test,pedal_down_ratio,-0.4366742326792589,2.7773577030356638,0.9704300191676312,356
Liszt/Transcendental_Etudes/10/CaoJ03M.mid,Liszt/Transcendental_Etudes/10/midi_score.mid,test,pedal_changes,0.20100580999268305,3.1515363493743296,1.347798187268997,356
Liszt/Transcendental_Etudes/10/Goldberg02.mid,Liszt/Transcendental_Etudes/10/midi_score.mid,test,tempo,0.016909373517472428,3.42687034985014,1.3733077069556796,356
Liszt/Transcendental_Etudes/10/Goldberg02.mid,Liszt/Transcendental_Etudes/10/midi_score.mid,test,rubato,0.6531617183277034,4.0593924503533785,1.5800483101488343,356
Liszt/Transcendental_Etudes/10/Goldberg02.mid,Liszt/Transcendental_Etudes/10/midi_score.mid,test,dynamics,-0.42308500613569006,3.480903169405811,1.2355996565259788,356
Liszt/Transcendental_Etudes/10/Goldberg02.mid,Liszt/Transcendental_Etudes/10/midi_score.mid,test,articulation,-0.4101516883374311,3.7729993511007525,1.6579834864466159,356
Liszt/Transcendental_Etudes/10/Goldberg02.mid,Liszt/Transcendental_Etudes/10/midi_score.mid,test,pedal_depth,0.425149500537694,3.0527793622694306,1.1125473166096451,356
Liszt/Transcendental_Etudes/10/Goldberg02.mid,Liszt/Transcendental_Etudes/10/midi_score.mid,test,pedal_down_ratio,0.293472588597773,3.620534135330255,1.1359878072320302,356
Liszt/Transcendental_Etudes/10/Goldberg02.mid,Liszt/Transcendental_Etudes/10/midi_score.mid,test,pedal_changes,0.20980898415294652,3.1515363493743296,1.4162117592512384,356
Liszt/Transcendental_Etudes/10/HAGINO03.mid,Liszt/Transcendental_Etudes/10/midi_score.mid,test,tempo,-0.4692008070415834,3.156783186005315,1.277339554937343,356
Liszt/Transcendental_Etudes/10/HAGINO03.mid,Liszt/Transcendental_Etudes/10/midi_score.mid,test,rubato,0.5935937630096488,3.537252893656481,1.4418951318208277,356
Liszt/Transcendental_Etudes/10/HAGINO03.mid,Liszt/Transcendental_Etudes/10/midi_score.mid,test,dynamics,-0.18493423806186807,2.8185741323742226,1.0880813515251848,356
Liszt/Transcendental_Etudes/10/HAGINO03.mid,Liszt/Transcendental_Etudes/10/midi_score.mid,test,articulation,0.055102700724237945,3.311519544723086,1.3255428720107456,356
Liszt/Transcendental_Etudes/10/HAGINO03.mid,Liszt/Transcendental_Etudes/10/midi_score.mid,test,pedal_depth,0.19500083279415176,2.877826554722721,1.2143436675686212,356
Liszt/Transcendental_Etudes/10/HAGINO03.mid,Liszt/Transcendental_Etudes/10/midi_score.mid,test,pedal_down_ratio,0.010740165401905994,2.012073626823579,1.2339908416574559,356
Liszt/Transcendental_Etudes/10/HAGINO03.mid,Liszt/Transcendental_Etudes/10/midi_score.mid,test,pedal_changes,0.1452523736443476,2.7050686998796207,1.2412356792795358,356
Liszt/Transcendental_Etudes/10/Huang17M.mid,Liszt/Transcendental_Etudes/10/midi_score.mid,test,tempo,-0.647535656940977,4.262742219827513,1.47875492482362,356
Liszt/Transcendental_Etudes/10/Huang17M.mid,Liszt/Transcendental_Etudes/10/midi_score.mid,test,rubato,0.8016119594815299,4.886255121584119,1.6782046324693973,356
Liszt/Transcendental_Etudes/10/Huang17M.mid,Liszt/Transcendental_Etudes/10/midi_score.mid,test,dynamics,-0.20496266360233192,2.848617393218777,1.1263715886648178,356
Liszt/Transcendental_Etudes/10/Huang17M.mid,Liszt/Transcendental_Etudes/10/midi_score.mid,test,articulation,-0.43823194889108147,3.329828975143256,1.3597078930452842,356
Liszt/Transcendental_Etudes/10/Huang17M.mid,Liszt/Transcendental_Etudes/10/midi_score.mid,test,pedal_depth,-1.1530812127850947,2.8840378603110137,1.1752374487132748,356
Liszt/Transcendental_Etudes/10/Huang17M.mid,Liszt/Transcendental_Etudes/10/midi_score.mid,test,pedal_down_ratio,-0.4902769365712528,3.6556760106895485,1.241778157610225,356
Liszt/Transcendental_Etudes/10/Huang17M.mid,Liszt/Transcendental_Etudes/10/midi_score.mid,test,pedal_changes,0.027876718174167706,4.20204846583244,1.243730633467132,356
Liszt/Transcendental_Etudes/10/Hwang03.mid,Liszt/Transcendental_Etudes/10/midi_score.mid,test,tempo,-0.4869442976235635,3.0519663878083505,1.1915642734992236,356
Liszt/Transcendental_Etudes/10/Hwang03.mid,Liszt/Transcendental_Etudes/10/midi_score.mid,test,rubato,0.5473063216208941,3.4319895903608666,1.356328677326898,356
Liszt/Transcendental_Etudes/10/Hwang03.mid,Liszt/Transcendental_Etudes/10/midi_score.mid,test,dynamics,0.25430574371288284,3.1150751312629192,1.0244638438478841,356
Liszt/Transcendental_Etudes/10/Hwang03.mid,Liszt/Transcendental_Etudes/10/midi_score.mid,test,articulation,0.5251445656127144,3.299338331680438,1.403185018850734,356
Liszt/Transcendental_Etudes/10/Hwang03.mid,Liszt/Transcendental_Etudes/10/midi_score.mid,test,pedal_depth,-0.1642935678913891,3.1719992582118763,1.0191447925822785,356
Liszt/Transcendental_Etudes/10/Hwang03.mid,Liszt/Transcendental_Etudes/10/midi_score.mid,test,pedal_down_ratio,-0.19381042246860333,2.7896740625485323,0.9968906169474088,356
Liszt/Transcendental_Etudes/10/Hwang03.mid,Liszt/Transcendental_Etudes/10/midi_score.mid,test,pedal_changes,-0.10123650284303014,3.1515363493743296,1.0839160807752903,356
Liszt/Transcendental_Etudes/10/Kim02.mid,Liszt/Transcendental_Etudes/10/midi_score.mid,test,tempo,0.0694027883618902,2.573352857508967,0.8420733231643637,356
Liszt/Transcendental_Etudes/10/Kim02.mid,Liszt/Transcendental_Etudes/10/midi_score.mid,test,rubato,0.49568367663190804,2.962532656723411,0.9101419248817544,356
Liszt/Transcendental_Etudes/10/Kim02.mid,Liszt/Transcendental_Etudes/10/midi_score.mid,test,dynamics,0.5923050069390028,3.2916208626123753,1.1446923609344934,356
Liszt/Transcendental_Etudes/10/Kim02.mid,Liszt/Transcendental_Etudes/10/midi_score.mid,test,articulation,-0.7442308953223781,3.665589024258003,1.4227659640547263,356
Liszt/Transcendental_Etudes/10/Kim02.mid,Liszt/Transcendental_Etudes/10/midi_score.mid,test,pedal_depth,0.15687098498785942,2.029823697484032,0.6608463808566991,356
Liszt/Transcendental_Etudes/10/Kim02.mid,Liszt/Transcendental_Etudes/10/midi_score.mid,test,pedal_down_ratio,0.24032472623842488,1.4451800049489991,0.7028305584914306,356
Liszt/Transcendental_Etudes/10/Kim02.mid,Liszt/Transcendental_Etudes/10/midi_score.mid,test,pedal_changes,-0.09830211145627567,3.230324758108676,1.42819991268024,356
Liszt/Transcendental_Etudes/10/Ladid02.mid,Liszt/Transcendental_Etudes/10/midi_score.mid,test,tempo,-0.21624873131845124,3.736803855570522,1.4007966670857652,356
Liszt/Transcendental_Etudes/10/Ladid02.mid,Liszt/Transcendental_Etudes/10/midi_score.mid,test,rubato,0.777260262556059,4.193978873633096,1.552636876463582,356
Liszt/Transcendental_Etudes/10/Ladid02.mid,Liszt/Transcendental_Etudes/10/midi_score.mid,test,dynamics,-0.4574428402654316,2.890652889535943,1.058461958168548,356
Liszt/Transcendental_Etudes/10/Ladid02.mid,Liszt/Transcendental_Etudes/10/midi_score.mid,test,articulation,-0.13687518981978875,3.846049181246225,1.4956369427667742,356
Liszt/Transcendental_Etudes/10/Ladid02.mid,Liszt/Transcendental_Etudes/10/midi_score.mid,test,pedal_depth,-0.38493396026900834,2.782521008090233,0.9303501875565415,356
Liszt/Transcendental_Etudes/10/Ladid02.mid,Liszt/Transcendental_Etudes/10/midi_score.mid,test,pedal_down_ratio,0.3282325227713914,2.3611971116373187,1.0429835447908493,356
Liszt/Transcendental_Etudes/10/Ladid02.mid,Liszt/Transcendental_Etudes/10/midi_score.mid,test,pedal_changes,-0.007335978466886241,3.6767924076033847,1.2573643555728264,356
Liszt/Transcendental_Etudes/10/LeungM06M.mid,Liszt/Transcendental_Etudes/10/midi_score.mid,test,tempo,1.1383517214706342,3.003613438591375,1.1152261284834757,356
Liszt/Transcendental_Etudes/10/LeungM06M.mid,Liszt/Transcendental_Etudes/10/midi_score.mid,test,rubato,0.5944573424286632,3.367322651136198,1.2251346591532293,356
Liszt/Transcendental_Etudes/10/LeungM06M.mid,Liszt/Transcendental_Etudes/10/midi_score.mid,test,dynamics,-0.1602811232983397,3.1288716908344654,1.047633915055782,356
Liszt/Transcendental_Etudes/10/LeungM06M.mid,Liszt/Transcendental_Etudes/10/midi_score.mid,test,articulation,-0.11226974260357586,3.0844634210535453,1.3851588370247954,356
Liszt/Transcendental_Etudes/10/LeungM06M.mid,Liszt/Transcendental_Etudes/10/midi_score.mid,test,pedal_depth,-0.18806485295940423,2.383681144690529,0.9114698763934861,356
Liszt/Transcendental_Etudes/10/LeungM06M.mid,Liszt/Transcendental_Etudes/10/midi_score.mid,test,pedal_down_ratio,-0.26839533024298223,2.2154747260624528,0.9145971496687064,356
Liszt/Transcendental_Etudes/10/LeungM06M.mid,Liszt/Transcendental_Etudes/10/midi_score.mid,test,pedal_changes,0.20100580999268305,3.1515363493743296,1.3104816437781028,356
Liszt/Transcendental_Etudes/10/MCVEY02.mid,Liszt/Transcendental_Etudes/10/midi_score.mid,test,tempo,-0.4966389836929471,3.4373707935990834,1.2883840839280085,356
Liszt/Transcendental_Etudes/10/MCVEY02.mid,Liszt/Transcendental_Etudes/10/midi_score.mid,test,rubato,0.6108975677107864,3.796249305627776,1.4374540191036136,356
Liszt/Transcendental_Etudes/10/MCVEY02.mid,Liszt/Transcendental_Etudes/10/midi_score.mid,test,dynamics,0.06471942765656193,3.2922767479384363,1.3110729747200256,356
Liszt/Transcendental_Etudes/10/MCVEY02.mid,Liszt/Transcendental_Etudes/10/midi_score.mid,test,articulation,-0.19532555324879455,4.039859010198578,1.5860164474490035,356
Liszt/Transcendental_Etudes/10/MCVEY02.mid,Liszt/Transcendental_Etudes/10/midi_score.mid,test,pedal_depth,-0.4231323233323389,3.422816710612248,1.2766636057863654,356
Liszt/Transcendental_Etudes/10/MCVEY02.mid,Liszt/Transcendental_Etudes/10/midi_score.mid,test,pedal_down_ratio,-0.32535620375727414,4.025206283840218,1.3437213264134258,356
Liszt/Transcendental_Etudes/10/MCVEY02.mid,Liszt/Transcendental_Etudes/10/midi_score.mid,test,pedal_changes,0.22741533247347356,4.20204846583244,1.422763291995272,356
Liszt/Transcendental_Etudes/10/MorozovY03.mid,Liszt/Transcendental_Etudes/10/midi_score.mid,test,tempo,0.5520431006380089,3.3553531889866988,1.133370287817091,356
Liszt/Transcendental_Etudes/10/MorozovY03.mid,Liszt/Transcendental_Etudes/10/midi_score.mid,test,rubato,0.6555405377262886,3.850604488079931,1.298808316610149,356
Liszt/Transcendental_Etudes/10/MorozovY03.mid,Liszt/Transcendental_Etudes/10/midi_score.mid,test,dynamics,0.9325390291514034,3.4999174259797616,1.2242288578898228,356
Liszt/Transcendental_Etudes/10/MorozovY03.mid,Liszt/Transcendental_Etudes/10/midi_score.mid,test,articulation,0.07492214289101175,3.2547782654435116,1.3100830351156136,356
Liszt/Transcendental_Etudes/10/MorozovY03.mid,Liszt/Transcendental_Etudes/10/midi_score.mid,test,pedal_depth,-0.14643110875029547,2.4277429077019947,0.9188180322525288,356
Liszt/Transcendental_Etudes/10/MorozovY03.mid,Liszt/Transcendental_Etudes/10/midi_score.mid,test,pedal_down_ratio,-0.2527321308407291,2.4166603547284615,0.9652650595458822,356
Liszt/Transcendental_Etudes/10/MorozovY03.mid,Liszt/Transcendental_Etudes/10/midi_score.mid,test,pedal_changes,0.20394020137943755,2.6262802911452745,1.038641520043549,356
Liszt/Transcendental_Etudes/10/Qin03.mid,Liszt/Transcendental_Etudes/10/midi_score.mid,test,tempo,-0.12158076824230389,4.327449551319834,1.670707476782717,356
Liszt/Transcendental_Etudes/10/Qin03.mid,Liszt/Transcendental_Etudes/10/midi_score.mid,test,rubato,0.9394429163975875,4.833340574219317,1.9149207542006308,356
Liszt/Transcendental_Etudes/10/Qin03.mid,Liszt/Transcendental_Etudes/10/midi_score.mid,test,dynamics,0.12159711251219149,3.438171762137779,1.2833162748573776,356
Liszt/Transcendental_Etudes/10/Qin03.mid,Liszt/Transcendental_Etudes/10/midi_score.mid,test,articulation,0.17498482350142033,4.065828963648109,1.4675639908717142,356
Liszt/Transcendental_Etudes/10/Qin03.mid,Liszt/Transcendental_Etudes/10/midi_score.mid,test,pedal_depth,0.12086618206183047,2.980557385733892,0.9575923565518905,356
Liszt/Transcendental_Etudes/10/Qin03.mid,Liszt/Transcendental_Etudes/10/midi_score.mid,test,pedal_down_ratio,0.03631658218164596,2.5181429863205587,0.9229237109367406,356
Liszt/Transcendental_Etudes/10/Qin03.mid,Liszt/Transcendental_Etudes/10/midi_score.mid,test,pedal_changes,-0.21274337553970102,3.1515363493743296,1.2057644638833136,356
Liszt/Transcendental_Etudes/10/SUDBIN02.mid,Liszt/Transcendental_Etudes/10/midi_score.mid,test,tempo,0.3739527143607831,4.036933306758495,1.45214567890359,356
Liszt/Transcendental_Etudes/10/SUDBIN02.mid,Liszt/Transcendental_Etudes/10/midi_score.mid,test,rubato,0.7659470043064042,4.82967024585907,1.6308157542511434,356
Liszt/Transcendental_Etudes/10/SUDBIN02.mid,Liszt/Transcendental_Etudes/10/midi_score.mid,test,dynamics,-0.24183772501811565,3.5641512657943357,1.20037949478611,356
Liszt/Transcendental_Etudes/10/SUDBIN02.mid,Liszt/Transcendental_Etudes/10/midi_score.mid,test,articulation,0.25594066076357336,3.805798769191819,1.6123568602626264,356
Liszt/Transcendental_Etudes/10/SUDBIN02.mid,Liszt/Transcendental_Etudes/10/midi_score.mid,test,pedal_depth,0.23738184902287218,3.0842928263509624,1.3331582463439327,356
Liszt/Transcendental_Etudes/10/SUDBIN02.mid,Liszt/Transcendental_Etudes/10/midi_score.mid,test,pedal_down_ratio,0.04395822859426362,2.595748482931679,1.3346352665054666,356
Liszt/Transcendental_Etudes/10/SUDBIN02.mid,Liszt/Transcendental_Etudes/10/midi_score.mid,test,pedal_changes,-0.11003967700329363,3.1515363493743296,1.2732887473646268,356
Liszt/Transcendental_Etudes/10/Shamray02.mid,Liszt/Transcendental_Etudes/10/midi_score.mid,test,tempo,-0.34859292815971865,3.066387617831663,1.2291173519423755,356
Liszt/Transcendental_Etudes/10/Shamray02.mid,Liszt/Transcendental_Etudes/10/midi_score.mid,test,rubato,0.5679935975201496,3.482518449226995,1.3836242584730354,356
Liszt/Transcendental_Etudes/10/Shamray02.mid,Liszt/Transcendental_Etudes/10/midi_score.mid,test,dynamics,0.6146518298326019,3.3588601806934584,1.1504356660279356,356
Liszt/Transcendental_Etudes/10/Shamray02.mid,Liszt/Transcendental_Etudes/10/midi_score.mid,test,articulation,-0.05356496535708796,4.166016528185423,1.6888674986122199,356
Liszt/Transcendental_Etudes/10/Shamray02.mid,Liszt/Transcendental_Etudes/10/midi_score.mid,test,pedal_depth,-0.3072744137892028,2.3583067826611877,0.9820583156371393,356
Liszt/Transcendental_Etudes/10/Shamray02.mid,Liszt/Transcendental_Etudes/10/midi_score.mid,test,pedal_down_ratio,-0.29810167663274173,2.485405679121168,1.1971762689938983,356
Liszt/Transcendental_Etudes/10/Shamray02.mid,Liszt/Transcendental_Etudes/10/midi_score.mid,test,pedal_changes,0.1540555478046111,3.1515363493743296,1.4804228160017705,356
Liszt/Transcendental_Etudes/10/Tran02.mid,Liszt/Transcendental_Etudes/10/midi_score.mid,test,tempo,0.011194214399087505,5.0718964465556375,1.94520216719688,356
Liszt/Transcendental_Etudes/10/Tran02.mid,Liszt/Transcendental_Etudes/10/midi_score.mid,test,rubato,1.0174851359249433,6.014050822118467,2.2692323381361903,356
Liszt/Transcendental_Etudes/10/Tran02.mid,Liszt/Transcendental_Etudes/10/midi_score.mid,test,dynamics,0.19436006886055324,4.627241087524386,1.356637261096002,356
Liszt/Transcendental_Etudes/10/Tran02.mid,Liszt/Transcendental_Etudes/10/midi_score.mid,test,articulation,0.5046919581460809,4.260824757933034,1.614301086343789,356
Liszt/Transcendental_Etudes/10/Tran02.mid,Liszt/Transcendental_Etudes/10/midi_score.mid,test,pedal_depth,0.2858561676121216,2.018797672666853,1.0246938971390056,356
Liszt/Transcendental_Etudes/10/Tran02.mid,Liszt/Transcendental_Etudes/10/midi_score.mid,test,pedal_down_ratio,0.28676957210737203,1.7913511714321495,1.085406476158152,356
Liszt/Transcendental_Etudes/10/Tran02.mid,Liszt/Transcendental_Etudes/10/midi_score.mid,test,pedal_changes,0.019073544013904223,3.1515363493743296,1.3784984833964575,356
Liszt/Transcendental_Etudes/10/Uiasiuk03.mid,Liszt/Transcendental_Etudes/10/midi_score.mid,test,tempo,-0.26203153976370824,3.180545952626587,1.210398858936889,356
Liszt/Transcendental_Etudes/10/Uiasiuk03.mid,Liszt/Transcendental_Etudes/10/midi_score.mid,test,rubato,0.5886580602111047,3.8043305370414013,1.3788474521419976,356
Liszt/Transcendental_Etudes/10/Uiasiuk03.mid,Liszt/Transcendental_Etudes/10/midi_score.mid,test,dynamics,-0.7752386572152837,3.328521087892633,1.2458565624902502,356
Liszt/Transcendental_Etudes/10/Uiasiuk03.mid,Liszt/Transcendental_Etudes/10/midi_score.mid,test,articulation,-0.709927738806409,4.23508908142359,1.7805198626667944,356
Liszt/Transcendental_Etudes/10/Uiasiuk03.mid,Liszt/Transcendental_Etudes/10/midi_score.mid,test,pedal_depth,0.3437188316111937,2.5180273366439283,0.9766132017896294,356
Liszt/Transcendental_Etudes/10/Uiasiuk03.mid,Liszt/Transcendental_Etudes/10/midi_score.mid,test,pedal_down_ratio,0.16667743212996383,2.405992537739838,1.0185000230792058,356
Liszt/Transcendental_Etudes/10/Uiasiuk03.mid,Liszt/Transcendental_Etudes/10/midi_score.mid,test,pedal_changes,0.07482698036223967,2.6262802911452745,1.2198225928847977,356
Liszt/Transcendental_Etudes/10/Yeletskiy03.mid,Liszt/Transcendental_Etudes/10/midi_score.mid,test,tempo,0.7281236014103087,3.579586252883818,1.3306724622825583,356
Liszt/Transcendental_Etudes/10/Yeletskiy03.mid,Liszt/Transcendental_Etudes/10/midi_score.mid,test,rubato,0.7880259836314174,4.124413451448939,1.545915804174013,356
Liszt/Transcendental_Etudes/10/Yeletskiy03.mid,Liszt/Transcendental_Etudes/10/midi_score.mid,test,dynamics,-0.10143147243120146,2.9980102522595544,1.0705612391887895,356
Liszt/Transcendental_Etudes/10/Yeletskiy03.mid,Liszt/Transcendental_Etudes/10/midi_score.mid,test,articulation,0.2973001561685178,3.291166286615301,1.297194367432193,356
Liszt/Transcendental_Etudes/10/Yeletskiy03.mid,Liszt/Transcendental_Etudes/10/midi_score.mid,test,pedal_depth,-0.15267334776885247,3.025204607686053,1.2107965299617969,356
Liszt/Transcendental_Etudes/10/Yeletskiy03.mid,Liszt/Transcendental_Etudes/10/midi_score.mid,test,pedal_down_ratio,-0.13744124036525776,2.6938095275186593,1.399473158148886,356
Liszt/Transcendental_Etudes/10/Yeletskiy03.mid,Liszt/Transcendental_Etudes/10/midi_score.mid,test,pedal_changes,-0.09243332868276666,2.10102423291622,1.0356526083226674,356
Liszt/Transcendental_Etudes/5/Gryaznov02.mid,Liszt/Transcendental_Etudes/5/midi_score.mid,train,tempo,-0.17001425964974276,5.347109586256343,1.8465751286400485,260
Liszt/Transcendental_Etudes/5/Gryaznov02.mid,Liszt/Transcendental_Etudes/5/midi_score.mid,train,rubato,0.6718523344816085,6.410802217715293,2.28762292442432,260
Liszt/Transcendental_Etudes/5/Gryaznov02.mid,Liszt/Transcendental_Etudes/5/midi_score.mid,train,dynamics,0.30794143666656965,4.435885582280632,1.3802178677372927,260
Liszt/Transcendental_Etudes/5/Gryaznov02.mid,Liszt/Transcendental_Etudes/5/midi_score.mid,train,articulation,-0.8497722930739361,3.62779471954513,1.235637879374977,260
Liszt/Transcendental_Etudes/5/Gryaznov02.mid,Liszt/Transcendental_Etudes/5/midi_score.mid,train,pedal_depth,-0.44734640572624806,3.2474785669313615,0.9231746139469937,260
Liszt/Transcendental_Etudes/5/Gryaznov02.mid,Liszt/Transcendental_Etudes/5/midi_score.mid,train,pedal_down_ratio,-0.6634380593291348,3.0965490263965973,1.0657763428162608,260
Liszt/Transcendental_Etudes/5/Gryaznov02.mid,Liszt/Transcendental_Etudes/5/midi_score.mid,train,pedal_changes,-0.341310838070777,2.31267516141061,1.1885048243605858,260
Liszt/Transcendental_Etudes/5/HUAN_B03.mid,Liszt/Transcendental_Etudes/5/midi_score.mid,train,tempo,0.18519364560359014,4.29281384785194,1.5039011436152472,260
Liszt/Transcendental_Etudes/5/HUAN_B03.mid,Liszt/Transcendental_Etudes/5/midi_score.mid,train,rubato,0.746689465548485,5.3831757788968755,1.9179992279049976,260
Liszt/Transcendental_Etudes/5/HUAN_B03.mid,Liszt/Transcendental_Etudes/5/midi_score.mid,train,dynamics,0.16926259661121362,3.1953266414696024,1.0323454261965481,260
Liszt/Transcendental_Etudes/5/HUAN_B03.mid,Liszt/Transcendental_Etudes/5/midi_score.mid,train,articulation,0.3574339172326003,3.2813555500715657,1.3274792148758532,260
Liszt/Transcendental_Etudes/5/HUAN_B03.mid,Liszt/Transcendental_Etudes/5/midi_score.mid,train,pedal_depth,-0.1788232646327447,2.5161403483394715,0.8407456687133029,260
Liszt/Transcendental_Etudes/5/HUAN_B03.mid,Liszt/Transcendental_Etudes/5/midi_score.mid,train,pedal_down_ratio,-0.10809117743636083,2.544230914293668,0.859035220079899,260
Liszt/Transcendental_Etudes/5/HUAN_B03.mid,Liszt/Transcendental_Etudes/5/midi_score.mid,train,pedal_changes,-0.03530801773145969,3.083566881880813,1.2179488788303314,260
Liszt/Transcendental_Etudes/5/Huang16M.mid,Liszt/Transcendental_Etudes/5/midi_score.mid,train,tempo,-0.6191589190622544,4.427624390800069,2.1765476012708977,260
Liszt/Transcendental_Etudes/5/Huang16M.mid,Liszt/Transcendental_Etudes/5/midi_score.mid,train,rubato,0.8178972283059156,5.6397748975079285,2.690218060126176,260
Liszt/Transcendental_Etudes/5/Huang16M.mid,Liszt/Transcendental_Etudes/5/midi_score.mid,train,dynamics,-0.34650603739370356,3.779595075275863,1.4485687886199088,260
Liszt/Transcendental_Etudes/5/Huang16M.mid,Liszt/Transcendental_Etudes/5/midi_score.mid,train,articulation,-0.07618171628301533,3.8635024711413974,1.3794151599028612,260
Liszt/Transcendental_Etudes/5/Huang16M.mid,Liszt/Transcendental_Etudes/5/midi_score.mid,train,pedal_depth,-0.795105878910113,2.5439874840818035,0.8767075072169196,260
Liszt/Transcendental_Etudes/5/Huang16M.mid,Liszt/Transcendental_Etudes/5/midi_score.mid,train,pedal_down_ratio,-0.5782268209215043,2.761786749162196,0.9876835463182004,260
Liszt/Transcendental_Etudes/5/Huang16M.mid,Liszt/Transcendental_Etudes/5/midi_score.mid,train,pedal_changes,-0.1853670930901634,3.083566881880813,1.091253308675129,260
Liszt/Transcendental_Etudes/5/Huangci01.mid,Liszt/Transcendental_Etudes/5/midi_score.mid,train,tempo,0.4790458178395729,4.396202505600506,2.3639441018778244,260
Liszt/Transcendental_Etudes/5/Huangci01.mid,Liszt/Transcendental_Etudes/5/midi_score.mid,train,rubato,0.5339232600190875,5.839187960750387,2.9597474563670683,260
Liszt/Transcendental_Etudes/5/Huangci01.mid,Liszt/Transcendental_Etudes/5/midi_score.mid,train,dynamics,-0.33081343535224134,3.1628133103119147,1.284884624891279,260
Liszt/Transcendental_Etudes/5/Huangci01.mid,Liszt/Transcendental_Etudes/5/midi_score.mid,train,articulation,0.14555189985683323,3.556535207330504,1.41154198206336,260
Liszt/Transcendental_Etudes/5/Huangci01.mid,Liszt/Transcendental_Etudes/5/midi_score.mid,train,pedal_depth,-0.0510013594403736,3.132278123709466,0.9682932481117288,260
Liszt/Transcendental_Etudes/5/Huangci01.mid,Liszt/Transcendental_Etudes/5/midi_score.mid,train,pedal_down_ratio,0.11093673424114477,3.3399472599620625,1.0983747815913605,260
Liszt/Transcendental_Etudes/5/Huangci01.mid,Liszt/Transcendental_Etudes/5/midi_score.mid,train,pedal_changes,0.1353474013039288,3.083566881880813,1.1444162759774963,260
Liszt/Transcendental_Etudes/5/KIM_W02.mid,Liszt/Transcendental_Etudes/5/midi_score.mid,train,tempo,-0.023096689391040613,4.11187719037574,1.5132460324402135,260
Liszt/Transcendental_Etudes/5/KIM_W02.mid,Liszt/Transcendental_Etudes/5/midi_score.mid,train,rubato,0.6516601654134786,4.965928089281692,1.8825602105769503,260
Liszt/Transcendental_Etudes/5/KIM_W02.mid,Liszt/Transcendental_Etudes/5/midi_score.mid,train,dynamics,0.5208724768679188,2.9855577105555757,1.0554866434624903,260
Liszt/Transcendental_Etudes/5/KIM_W02.mid,Liszt/Transcendental_Etudes/5/midi_score.mid,train,articulation,0.2450286550079926,3.0395669283028393,1.309629187389654,260
Liszt/Transcendental_Etudes/5/KIM_W02.mid,Liszt/Transcendental_Etudes/5/midi_score.mid,train,pedal_depth,0.38934981355175363,3.0877282386249023,0.9739411154026659,260
Liszt/Transcendental_Etudes/5/KIM_W02.mid,Liszt/Transcendental_Etudes/5/midi_score.mid,train,pedal_down_ratio,0.30544403680065607,3.05318939875829,1.0132096067676972,260
Liszt/Transcendental_Etudes/5/KIM_W02.mid,Liszt/Transcendental_Etudes/5/midi_score.mid,train,pedal_changes,0.2059634367668482,2.31267516141061,1.1384087926326167,260
Liszt/Transcendental_Etudes/5/LiuY06M.mid,Liszt/Transcendental_Etudes/5/midi_score.mid,train,tempo,-0.29945441903506853,3.963831159309729,1.3560385437760216,260
Liszt/Transcendental_Etudes/5/LiuY06M.mid,Liszt/Transcendental_Etudes/5/midi_score.mid,train,rubato,0.46108956514219324,5.394545112243908,1.6336248261754522,260
Liszt/Transcendental_Etudes/5/LiuY06M.mid,Liszt/Transcendental_Etudes/5/midi_score.mid,train,dynamics,-0.3750738511558901,3.3004464812648653,1.131997429755753,260
Liszt/Transcendental_Etudes/5/LiuY06M.mid,Liszt/Transcendental_Etudes/5/midi_score.mid,train,articulation,-0.15336667718856853,3.773281758241037,1.350950010518477,260
Liszt/Transcendental_Etudes/5/LiuY06M.mid,Liszt/Transcendental_Etudes/5/midi_score.mid,train,pedal_depth,0.5981350650338255,3.0345882423796624,0.9463112915550181,260
Liszt/Transcendental_Etudes/5/LiuY06M.mid,Liszt/Transcendental_Etudes/5/midi_score.mid,train,pedal_down_ratio,0.5792441822199698,2.7722999693569235,0.9301337523161403,260
Liszt/Transcendental_Etudes/5/LiuY06M.mid,Liszt/Transcendental_Etudes/5/midi_score.mid,train,pedal_changes,0.6914486805744189,3.8544586023510163,1.2676062548871103,260
Liszt/Transcendental_Etudes/5/Min03M.mid,Liszt/Transcendental_Etudes/5/midi_score.mid,train,tempo,0.5936882197630925,3.3757755755353784,1.4190056375783306,260
Liszt/Transcendental_Etudes/5/Min03M.mid,Liszt/Transcendental_Etudes/5/midi_score.mid,train,rubato,0.5877191348779464,3.9450468393130427,1.7458422056930312,260
Liszt/Transcendental_Etudes/5/Min03M.mid,Liszt/Transcendental_Etudes/5/midi_score.mid,train,dynamics,0.1365709110951561,3.5184466687347693,1.1867816103189193,260
Liszt/Transcendental_Etudes/5/Min03M.mid,Liszt/Transcendental_Etudes/5/midi_score.mid,train,articulation,-0.47477625269566454,3.394635847231952,1.3102253267696298,260
Liszt/Transcendental_Etudes/5/Min03M.mid,Liszt/Transcendental_Etudes/5/midi_score.mid,train,pedal_depth,0.026041070999813863,2.8967597530086433,0.9074983289916121,260
Liszt/Transcendental_Etudes/5/Min03M.mid,Liszt/Transcendental_Etudes/5/midi_score.mid,train,pedal_down_ratio,-0.0011250670140906856,2.766558155801418,0.9209520972381411,260
Liszt/Transcendental_Etudes/5/Min03M.mid,Liszt/Transcendental_Etudes/5/midi_score.mid,train,pedal_changes,-0.011769339243819897,3.083566881880813,1.0902055390796443,260
Liszt/Transcendental_Etudes/5/Park03M.mid,Liszt/Transcendental_Etudes/5/midi_score.mid,train,tempo,-1.3020871067166453,5.716557012254883,1.8276612950915088,260
Liszt/Transcendental_Etudes/5/Park03M.mid,Liszt/Transcendental_Etudes/5/midi_score.mid,train,rubato,0.5422012714416672,7.042245545571259,2.243832585985124,260
Liszt/Transcendental_Etudes/5/Park03M.mid,Liszt/Transcendental_Etudes/5/midi_score.mid,train,dynamics,0.1006331920573064,3.9220868295139715,1.2711988789857271,260
Liszt/Transcendental_Etudes/5/Park03M.mid,Liszt/Transcendental_Etudes/5/midi_score.mid,train,articulation,-0.1721883727326578,4.301707046332975,1.5612300948751612,260
Liszt/Transcendental_Etudes/5/Park03M.mid,Liszt/Transcendental_Etudes/5/midi_score.mid,train,pedal_depth,0.03187994448126116,3.0918791732524844,0.9636385012209925,260
Liszt/Transcendental_Etudes/5/Park03M.mid,Liszt/Transcendental_Etudes/5/midi_score.mid,train,pedal_down_ratio,0.11689234639979945,3.277876742025043,1.0484652471798694,260
Liszt/Transcendental_Etudes/5/Park03M.mid,Liszt/Transcendental_Etudes/5/midi_score.mid,train,pedal_changes,0.002942334810954974,3.083566881880813,1.0309395251389348,260
Liszt/Transcendental_Etudes/5/Sun09.mid,Liszt/Transcendental_Etudes/5/midi_score.mid,train,tempo,0.49884336368007975,5.867458237298195,1.735392009590163,260
Liszt/Transcendental_Etudes/5/Sun09.mid,Liszt/Transcendental_Etudes/5/midi_score.mid,train,rubato,0.9381322998501487,7.21372422678475,2.1997425426475075,260
Liszt/Transcendental_Etudes/5/Sun09.mid,Liszt/Transcendental_Etudes/5/midi_score.mid,train,dynamics,0.5639921212703698,3.711704397519347,1.0955079937006678,260
Liszt/Transcendental_Etudes/5/Sun09.mid,Liszt/Transcendental_Etudes/5/midi_score.mid,train,articulation,0.4892403773992089,3.464512048747917,1.605957800473779,260
Liszt/Transcendental_Etudes/5/Sun09.mid,Liszt/Transcendental_Etudes/5/midi_score.mid,train,pedal_depth,0.12016105533303224,3.2373869772843533,0.9475031213302577,260
Liszt/Transcendental_Etudes/5/Sun09.mid,Liszt/Transcendental_Etudes/5/midi_score.mid,train,pedal_down_ratio,0.04972129820206875,3.4705791708245206,0.9789526591748462,260
Liszt/Transcendental_Etudes/5/Sun09.mid,Liszt/Transcendental_Etudes/5/midi_score.mid,train,pedal_changes,0.2971758159064524,3.8544586023510163,1.1464117708800026,260
Liszt/Transcendental_Etudes/5/Wang06M.mid,Liszt/Transcendental_Etudes/5/midi_score.mid,train,tempo,0.08484222739488109,3.3613705637466817,1.2981683778619721,260
Liszt/Transcendental_Etudes/5/Wang06M.mid,Liszt/Transcendental_Etudes/5/midi_score.mid,train,rubato,0.6027737567675621,4.16838545046077,1.641883728503656,260
Liszt/Transcendental_Etudes/5/Wang06M.mid,Liszt/Transcendental_Etudes/5/midi_score.mid,train,dynamics,-0.14854358403082768,3.2221020782857077,1.1502380935234142,260
Liszt/Transcendental_Etudes/5/Wang06M.mid,Liszt/Transcendental_Etudes/5/midi_score.mid,train,articulation,0.2442363674719225,3.1395757791917203,1.2142019413850513,260
Liszt/Transcendental_Etudes/5/Wang06M.mid,Liszt/Transcendental_Etudes/5/midi_score.mid,train,pedal_depth,0.08857393851470795,3.591369336929434,1.0987001726041858,260
Liszt/Transcendental_Etudes/5/Wang06M.mid,Liszt/Transcendental_Etudes/5/midi_score.mid,train,pedal_down_ratio,0.041023260972492065,3.68005101510552,1.1136853570911625,260
Liszt/Transcendental_Etudes/5/Wang06M.mid,Liszt/Transcendental_Etudes/5/midi_score.mid,train,pedal_changes,0.07355837027387435,3.083566881880813,1.184652291519993,260
Liszt/Transcendental_Etudes/5/WangY02M.mid,Liszt/Transcendental_Etudes/5/midi_score.mid,train,tempo,0.21381772321370163,5.297685843724727,1.8183190973866936,260
Liszt/Transcendental_Etudes/5/WangY02M.mid,Liszt/Transcendental_Etudes/5/midi_score.mid,train,rubato,0.8591903337408442,5.992675533635449,2.2770964127517535,260
Liszt/Transcendental_Etudes/5/WangY02M.mid,Liszt/Transcendental_Etudes/5/midi_score.mid,train,dynamics,-0.7677667610019587,3.8843906003659754,1.316727341868641,260
Liszt/Transcendental_Etudes/5/WangY02M.mid,Liszt/Transcendental_Etudes/5/midi_score.mid,train,articulation,0.9159876823387005,3.7597258438945502,1.4975033452868796,260
Liszt/Transcendental_Etudes/5/WangY02M.mid,Liszt/Transcendental_Etudes/5/midi_score.mid,train,pedal_depth,0.6440725386088354,3.184657441408506,1.0397716356667974,260
Liszt/Transcendental_Etudes/5/WangY02M.mid,Liszt/Transcendental_Etudes/5/midi_score.mid,train,pedal_down_ratio,0.5184639002748523,3.7671290639605415,1.1418356028920809,260
Liszt/Transcendental_Etudes/5/WangY02M.mid,Liszt/Transcendental_Etudes/5/midi_score.mid,train,pedal_changes,0.47371590456375084,3.083566881880813,1.2801660068438079,260
Mozart/Piano_Sonatas/8-1/Bogdanovitch01.mid,Mozart/Piano_Sonatas/8-1/midi_score.mid,train,tempo,0.7918320312733254,2.8594902224995224,1.3609583573489845,527
Mozart/Piano_Sonatas/8-1/Bogdanovitch01.mid,Mozart/Piano_Sonatas/8-1/midi_score.mid,train,rubato,0.7096671589217934,5.092277617379672,2.1652039182495972,527
Mozart/Piano_Sonatas/8-1/Bogdanovitch01.mid,Mozart/Piano_Sonatas/8-1/midi_score.mid,train,dynamics,0.45508520564602845,3.6165552150983222,1.1554498538443982,527
Mozart/Piano_Sonatas/8-1/Bogdanovitch01.mid,Mozart/Piano_Sonatas/8-1/midi_score.mid,train,articulation,-0.41785171814034405,4.476919541157224,1.9317261192425974,527
Mozart/Piano_Sonatas/8-1/Bogdanovitch01.mid,Mozart/Piano_Sonatas/8-1/midi_score.mid,train,pedal_depth,0.04912627289368238,1.830790042072234,0.7267293558766129,527
Mozart/Piano_Sonatas/8-1/Bogdanovitch01.mid,Mozart/Piano_Sonatas/8-1/midi_score.mid,train,pedal_down_ratio,0.08068319939741558,2.21342509690676,0.8622678085594214,527
Mozart/Piano_Sonatas/8-1/Bogdanovitch01.mid,Mozart/Piano_Sonatas/8-1/midi_score.mid,train,pedal_changes,0.23277859330410464,3.586598325957418,1.2045728730478507,527
Mozart/Piano_Sonatas/8-1/Jia01.mid,Mozart/Piano_Sonatas/8-1/midi_score.mid,train,tempo,0.5006136553955934,2.6613296722094812,1.5643965736771528,527
Mozart/Piano_Sonatas/8-1/Jia01.mid,Mozart/Piano_Sonatas/8-1/midi_score.mid,train,rubato,0.669458550189626,4.8863823012946295,2.6520647411734712,527
Mozart/Piano_Sonatas/8-1/Jia01.mid,Mozart/Piano_Sonatas/8-1/midi_score.mid,train,dynamics,-0.13483827946465396,4.669189047983069,1.2629135780865308,527
Mozart/Piano_Sonatas/8-1/Jia01.mid,Mozart/Piano_Sonatas/8-1/midi_score.mid,train,articulation,0.0019321886966822957,5.813959812257425,2.3590158779791155,527
Mozart/Piano_Sonatas/8-1/Jia01.mid,Mozart/Piano_Sonatas/8-1/midi_score.mid,train,pedal_depth,0.3772858062592016,3.3132780808888658,0.890953595899382,527
Mozart/Piano_Sonatas/8-1/Jia01.mid,Mozart/Piano_Sonatas/8-1/midi_score.mid,train,pedal_down_ratio,0.29859720703026854,3.139470170808479,0.8342108434543035,527
Mozart/Piano_Sonatas/8-1/Jia01.mid,Mozart/Piano_Sonatas/8-1/midi_score.mid,train,pedal_changes,0.144639125936531,3.586598325957418,1.1169535260724734,527
Mozart/Piano_Sonatas/8-1/LEE_J03.mid,Mozart/Piano_Sonatas/8-1/midi_score.mid,train,tempo,0.28548127119027417,2.9716345433444418,1.1928974463782196,527
Mozart/Piano_Sonatas/8-1/LEE_J03.mid,Mozart/Piano_Sonatas/8-1/midi_score.mid,train,rubato,0.7661932810159574,5.939047060703473,2.18250014864366,527
Mozart/Piano_Sonatas/8-1/LEE_J03.mid,Mozart/Piano_Sonatas/8-1/midi_score.mid,train,dynamics,-0.6390800952072138,3.74310252901917,1.2190404304767828,527
Mozart/Piano_Sonatas/8-1/LEE_J03.mid,Mozart/Piano_Sonatas/8-1/midi_score.mid,train,articulation,-0.5536416406899524,4.64145485080434,1.9022807581831696,527
Mozart/Piano_Sonatas/8-1/LEE_J03.mid,Mozart/Piano_Sonatas/8-1/midi_score.mid,train,pedal_depth,-0.8395841024977069,2.459473328672266,0.8675709633895914,527
Mozart/Piano_Sonatas/8-1/LEE_J03.mid,Mozart/Piano_Sonatas/8-1/midi_score.mid,train,pedal_down_ratio,-0.7948229753360678,2.539971177221656,0.9405265491189294,527
Mozart/Piano_Sonatas/8-1/LEE_J03.mid,Mozart/Piano_Sonatas/8-1/midi_score.mid,train,pedal_changes,-0.7141556843116219,2.3910655506382787,0.9687110127631765,527
Mozart/Piano_Sonatas/8-1/Lo01.mid,Mozart/Piano_Sonatas/8-1/midi_score.mid,train,tempo,-0.9755827395067446,2.6145696821542614,1.3944777939969175,527
Mozart/Piano_Sonatas/8-1/Lo01.mid,Mozart/Piano_Sonatas/8-1/midi_score.mid,train,rubato,0.6121742538248212,4.5579942917692104,2.051847591107684,527
Mozart/Piano_Sonatas/8-1/Lo01.mid,Mozart/Piano_Sonatas/8-1/midi_score.mid,train,dynamics,-0.4512124707206824,4.07499480749178,1.3526268183268235,527
Mozart/Piano_Sonatas/8-1/Lo01.mid,Mozart/Piano_Sonatas/8-1/midi_score.mid,train,articulation,0.6333753409144838,5.238959185386462,2.0821481507904145,527
Mozart/Piano_Sonatas/8-1/Lo01.mid,Mozart/Piano_Sonatas/8-1/midi_score.mid,train,pedal_depth,0.7626803688912919,3.0096157120074354,1.1411822173073007,527
Mozart/Piano_Sonatas/8-1/Lo01.mid,Mozart/Piano_Sonatas/8-1/midi_score.mid,train,pedal_down_ratio,0.7599304820565319,2.805681374054296,1.1855186883630962,527
Mozart/Piano_Sonatas/8-1/Lo01.mid,Mozart/Piano_Sonatas/8-1/midi_score.mid,train,pedal_changes,0.36611778752684426,3.586598325957418,1.1714707411396603,527
Mozart/Piano_Sonatas/8-1/Rozanski02.mid,Mozart/Piano_Sonatas/8-1/midi_score.mid,train,tempo,-0.9250053629454991,2.6287131534026846,1.5009084070917091,527
Mozart/Piano_Sonatas/8-1/Rozanski02.mid,Mozart/Piano_Sonatas/8-1/midi_score.mid,train,rubato,0.6500022371401029,4.614142115975582,2.340233411601431,527
Mozart/Piano_Sonatas/8-1/Rozanski02.mid,Mozart/Piano_Sonatas/8-1/midi_score.mid,train,dynamics,0.6442166154884105,4.017074251797043,1.1770535323637763,527
Mozart/Piano_Sonatas/8-1/Rozanski02.mid,Mozart/Piano_Sonatas/8-1/midi_score.mid,train,articulation,0.14765166023816595,4.242395784569128,1.9587367906604458,527
Mozart/Piano_Sonatas/8-1/Rozanski02.mid,Mozart/Piano_Sonatas/8-1/midi_score.mid,train,pedal_depth,0.1357063440391549,2.068105438641212,0.7300150481010167,527
Mozart/Piano_Sonatas/8-1/Rozanski02.mid,Mozart/Piano_Sonatas/8-1/midi_score.mid,train,pedal_down_ratio,0.062237394582004946,1.9067689906403396,0.7845774655102088,527
Mozart/Piano_Sonatas/8-1/Rozanski02.mid,Mozart/Piano_Sonatas/8-1/midi_score.mid,train,pedal_changes,0.4203574597530433,2.3910655506382787,1.1469039723380239,527
Schubert/Impromptu_op.90_D.899/3/Hou06M.mid,Schubert/Impromptu_op.90_D.899/3/midi_score.mid,train,tempo,0.3525651033837314,1.9144663124558523,0.7801369809523793,339
Schubert/Impromptu_op.90_D.899/3/Hou06M.mid,Schubert/Impromptu_op.90_D.899/3/midi_score.mid,train,rubato,0.8054868625054744,3.659159824435114,1.4742284305760176,339
Schubert/Impromptu_op.90_D.899/3/Hou06M.mid,Schubert/Impromptu_op.90_D.899/3/midi_score.mid,train,dynamics,0.1923809847667261,2.8091558005105206,0.9795825926586061,339
Schubert/Impromptu_op.90_D.899/3/Hou06M.mid,Schubert/Impromptu_op.90_D.899/3/midi_score.mid,train,articulation,0.34348170897889185,3.4634024628322173,1.4033140907958144,339
Schubert/Impromptu_op.90_D.899/3/Hou06M.mid,Schubert/Impromptu_op.90_D.899/3/midi_score.mid,train,pedal_depth,-0.9282234319570113,2.916171336652006,1.0361515818532567,339
Schubert/Impromptu_op.90_D.899/3/Hou06M.mid,Schubert/Impromptu_op.90_D.899/3/midi_score.mid,train,pedal_down_ratio,-0.8760841421275282,3.699204154220881,1.8265107780014158,339
Schubert/Impromptu_op.90_D.899/3/Hou06M.mid,Schubert/Impromptu_op.90_D.899/3/midi_score.mid,train,pedal_changes,0.047509105295354744,2.8092340522470627,1.2685443550709714,339
Schubert/Impromptu_op.90_D.899/3/JeonH06M.mid,Schubert/Impromptu_op.90_D.899/3/midi_score.mid,train,tempo,-0.713937309749403,1.985473315351141,0.7083697568049206,339
Schubert/Impromptu_op.90_D.899/3/JeonH06M.mid,Schubert/Impromptu_op.90_D.899/3/midi_score.mid,train,rubato,0.5383490000181999,3.4060011372792314,1.1556066564150262,339
Schubert/Impromptu_op.90_D.899/3/JeonH06M.mid,Schubert/Impromptu_op.90_D.899/3/midi_score.mid,train,dynamics,-0.5521065972448344,3.484774826141538,0.954838450839911,339
Schubert/Impromptu_op.90_D.899/3/JeonH06M.mid,Schubert/Impromptu_op.90_D.899/3/midi_score.mid,train,articulation,0.3421193580984038,3.155826603311895,1.3629348485028325,339
Schubert/Impromptu_op.90_D.899/3/JeonH06M.mid,Schubert/Impromptu_op.90_D.899/3/midi_score.mid,train,pedal_depth,0.4005132515601604,1.480626880616421,0.5861629999549477,339
Schubert/Impromptu_op.90_D.899/3/JeonH06M.mid,Schubert/Impromptu_op.90_D.899/3/midi_score.mid,train,pedal_down_ratio,-0.00916717324136207,1.640172403536168,0.6775847134656343,339
Schubert/Impromptu_op.90_D.899/3/JeonH06M.mid,Schubert/Impromptu_op.90_D.899/3/midi_score.mid,train,pedal_changes,0.10534627695926486,1.4397324517766277,1.0802276247600708,339
Schubert/Impromptu_op.90_D.899/3/Ko08M.mid,Schubert/Impromptu_op.90_D.899/3/midi_score.mid,train,tempo,-0.7912180742527611,2.1283218813825426,0.864474286061526,339
Schubert/Impromptu_op.90_D.899/3/Ko08M.mid,Schubert/Impromptu_op.90_D.899/3/midi_score.mid,train,rubato,0.8001692316981452,3.791687695374459,1.5636019997767014,339
Schubert/Impromptu_op.90_D.899/3/Ko08M.mid,Schubert/Impromptu_op.90_D.899/3/midi_score.mid,train,dynamics,1.1242578052325467,2.7287399843338447,0.7454986547389575,339
Schubert/Impromptu_op.90_D.899/3/Ko08M.mid,Schubert/Impromptu_op.90_D.899/3/midi_score.mid,train,articulation,0.5735581874158002,3.081062104101036,1.2682863803147346,339
Schubert/Impromptu_op.90_D.899/3/Ko08M.mid,Schubert/Impromptu_op.90_D.899/3/midi_score.mid,train,pedal_depth,0.2516288581482749,1.3250731157713846,0.5493152831297691,339
Schubert/Impromptu_op.90_D.899/3/Ko08M.mid,Schubert/Impromptu_op.90_D.899/3/midi_score.mid,train,pedal_down_ratio,0.18046938803466017,1.4140674969713478,0.7710536872046515,339
Schubert/Impromptu_op.90_D.899/3/Ko08M.mid,Schubert/Impromptu_op.90_D.899/3/midi_score.mid,train,pedal_changes,0.10534627695926484,1.4046170261235313,1.1632406462574731,339
Schubert/Impromptu_op.90_D.899/3/Kociuban10M.mid,Schubert/Impromptu_op.90_D.899/3/midi_score.mid,train,tempo,-0.666039161967679,1.7075012609604472,0.6871454024586153,339
Schubert/Impromptu_op.90_D.899/3/Kociuban10M.mid,Schubert/Impromptu_op.90_D.899/3/midi_score.mid,train,rubato,0.5302091688989398,2.791991145147021,1.168224417609649,339
Schubert/Impromptu_op.90_D.899/3/Kociuban10M.mid,Schubert/Impromptu_op.90_D.899/3/midi_score.mid,train,dynamics,0.4921353674159463,3.132444446225948,1.000513917137166,339
Schubert/Impromptu_op.90_D.899/3/Kociuban10M.mid,Schubert/Impromptu_op.90_D.899/3/midi_score.mid,train,articulation,0.366734371959093,2.7610780693643058,1.254824888925952,339
Schubert/Impromptu_op.90_D.899/3/Kociuban10M.mid,Schubert/Impromptu_op.90_D.899/3/midi_score.mid,train,pedal_depth,-1.6619535691263694,1.9534860651629948,0.6979235044687768,339
Schubert/Impromptu_op.90_D.899/3/Kociuban10M.mid,Schubert/Impromptu_op.90_D.899/3/midi_score.mid,train,pedal_down_ratio,-0.49151568773083826,3.1638390903259324,1.5936127638209792,339
Schubert/Impromptu_op.90_D.899/3/Kociuban10M.mid,Schubert/Impromptu_op.90_D.899/3/midi_score.mid,train,pedal_changes,-0.07229646457988764,2.8443494779001517,1.309184145235624,339
Schubert/Impromptu_op.90_D.899/3/LEE_K04M.mid,Schubert/Impromptu_op.90_D.899/3/midi_score.mid,train,tempo,-0.11467571564736842,1.8875988395317507,0.7500325555874374,339
Schubert/Impromptu_op.90_D.899/3/LEE_K04M.mid,Schubert/Impromptu_op.90_D.899/3/midi_score.mid,train,rubato,0.633199769482057,3.640887306145402,1.479161305704733,339
Schubert/Impromptu_op.90_D.899/3/LEE_K04M.mid,Schubert/Impromptu_op.90_D.899/3/midi_score.mid,train,dynamics,-0.9397342463849772,3.0237483015282844,0.9115426278922754,339
Schubert/Impromptu_op.90_D.899/3/LEE_K04M.mid,Schubert/Impromptu_op.90_D.899/3/midi_score.mid,train,articulation,-1.4454939533025728,3.8309972907479213,1.6238229451486166,339
Schubert/Impromptu_op.90_D.899/3/LEE_K04M.mid,Schubert/Impromptu_op.90_D.899/3/midi_score.mid,train,pedal_depth,0.31869883299355034,1.7082421122971871,0.7849527517448758,339
Schubert/Impromptu_op.90_D.899/3/LEE_K04M.mid,Schubert/Impromptu_op.90_D.899/3/midi_score.mid,train,pedal_down_ratio,0.37328692924902923,1.984564630218495,1.1579278045965935,339
Schubert/Impromptu_op.90_D.899/3/LEE_K04M.mid,Schubert/Impromptu_op.90_D.899/3/midi_score.mid,train,pedal_changes,-0.22515184683450723,2.8092340522470627,1.2194206455152945,339
Schubert/Impromptu_op.90_D.899/3/LeeSH08M.mid,Schubert/Impromptu_op.90_D.899/3/midi_score.mid,train,tempo,-0.6706913344475591,2.2451762022302404,1.0321056875590793,339
Schubert/Impromptu_op.90_D.899/3/LeeSH08M.mid,Schubert/Impromptu_op.90_D.899/3/midi_score.mid,train,rubato,0.7315595045844174,4.017347800578339,1.8606804316080585,339
Schubert/Impromptu_op.90_D.899/3/LeeSH08M.mid,Schubert/Impromptu_op.90_D.899/3/midi_score.mid,train,dynamics,-0.5449744730319843,2.78524981039864,0.885941384765053,339
Schubert/Impromptu_op.90_D.899/3/LeeSH08M.mid,Schubert/Impromptu_op.90_D.899/3/midi_score.mid,train,articulation,0.2262880345806461,3.5666219785398803,1.5088210647865383,339
Schubert/Impromptu_op.90_D.899/3/LeeSH08M.mid,Schubert/Impromptu_op.90_D.899/3/midi_score.mid,train,pedal_depth,0.3076268133828916,1.937688491502458,0.6936331577633051,339
Schubert/Impromptu_op.90_D.899/3/LeeSH08M.mid,Schubert/Impromptu_op.90_D.899/3/midi_score.mid,train,pedal_down_ratio,0.20380246368911945,1.837001091916472,0.9507920800890365,339
Schubert/Impromptu_op.90_D.899/3/LeeSH08M.mid,Schubert/Impromptu_op.90_D.899/3/midi_score.mid,train,pedal_changes,-0.05164033184277688,2.106925539185297,1.1707213753354615,339
Schubert/Impromptu_op.90_D.899/3/Mizumoto07M.mid,Schubert/Impromptu_op.90_D.899/3/midi_score.mid,train,tempo,0.6433508461483202,2.521429226320459,1.0336491964654635,339
Schubert/Impromptu_op.90_D.899/3/Mizumoto07M.mid,Schubert/Impromptu_op.90_D.899/3/midi_score.mid,train,rubato,0.871570154917058,4.698919222656191,1.8260460131716276,339
Schubert/Impromptu_op.90_D.899/3/Mizumoto07M.mid,Schubert/Impromptu_op.90_D.899/3/midi_score.mid,train,dynamics,0.2919109912341666,2.894917946252405,0.9372476665848961,339
Schubert/Impromptu_op.90_D.899/3/Mizumoto07M.mid,Schubert/Impromptu_op.90_D.899/3/midi_score.mid,train,articulation,-0.13434609265497224,3.956521126258438,1.4133570782601688,339
Schubert/Impromptu_op.90_D.899/3/Mizumoto07M.mid,Schubert/Impromptu_op.90_D.899/3/midi_score.mid,train,pedal_depth,-0.3098008505958161,2.580699661659763,0.7769035581154242,339
Schubert/Impromptu_op.90_D.899/3/Mizumoto07M.mid,Schubert/Impromptu_op.90_D.899/3/midi_score.mid,train,pedal_down_ratio,0.08964675127633377,2.2393392945070403,0.8529632909549688,339
Schubert/Impromptu_op.90_D.899/3/Mizumoto07M.mid,Schubert/Impromptu_op.90_D.899/3/midi_score.mid,train,pedal_changes,-0.0020656132737110764,2.8092340522470627,1.399428209908881,339
Schubert/Impromptu_op.90_D.899/3/Sham06.mid,Schubert/Impromptu_op.90_D.899/3/midi_score.mid,train,tempo,1.894481971173927,2.29367635173739,0.9514907182811767,339
Schubert/Impromptu_op.90_D.899/3/Sham06.mid,Schubert/Impromptu_op.90_D.899/3/midi_score.mid,train,rubato,0.5462843560642483,3.9864745093900575,1.5675440405549048,339
Schubert/Impromptu_op.90_D.899/3/Sham06.mid,Schubert/Impromptu_op.90_D.899/3/midi_score.mid,train,dynamics,-0.21802036386809212,2.597496216620112,0.9803584137026217,339
Schubert/Impromptu_op.90_D.899/3/Sham06.mid,Schubert/Impromptu_op.90_D.899/3/midi_score.mid,train,articulation,0.28620608850408624,3.2931832800472653,1.4717550569417586,339
Schubert/Impromptu_op.90_D.899/3/Sham06.mid,Schubert/Impromptu_op.90_D.899/3/midi_score.mid,train,pedal_depth,-0.007896217892061904,2.0387301373670987,0.7188828978274724,339
Schubert/Impromptu_op.90_D.899/3/Sham06.mid,Schubert/Impromptu_op.90_D.899/3/midi_score.mid,train,pedal_down_ratio,-0.4975410464603615,2.914024126817173,1.4804822294165645,339
Schubert/Impromptu_op.90_D.899/3/Sham06.mid,Schubert/Impromptu_op.90_D.899/3/midi_score.mid,train,pedal_changes,0.13839608933864206,4.248966504023683,1.5736490106200918,339
Schubert/Impromptu_op.90_D.899/3/Woo10M.mid,Schubert/Impromptu_op.90_D.899/3/midi_score.mid,train,tempo,0.7996082501568493,2.14715916218572,0.9532395970970455,339
Schubert/Impromptu_op.90_D.899/3/Woo10M.mid,Schubert/Impromptu_op.90_D.899/3/midi_score.mid,train,rubato,0.5505752826119391,3.897664876642347,1.7111684152301294,339
Schubert/Impromptu_op.90_D.899/3/Woo10M.mid,Schubert/Impromptu_op.90_D.899/3/midi_score.mid,train,dynamics,-0.44034849202056836,3.269317593380858,0.9978872302396306,339
Schubert/Impromptu_op.90_D.899/3/Woo10M.mid,Schubert/Impromptu_op.90_D.899/3/midi_score.mid,train,articulation,-0.11952346932451618,3.0922393688431478,1.30912021155374,339
Schubert/Impromptu_op.90_D.899/3/Woo10M.mid,Schubert/Impromptu_op.90_D.899/3/midi_score.mid,train,pedal_depth,-1.2372554988664344,2.3210987944479893,0.6817541175305218,339
Schubert/Impromptu_op.90_D.899/3/Woo10M.mid,Schubert/Impromptu_op.90_D.899/3/midi_score.mid,train,pedal_down_ratio,-0.15908190146026163,2.011820764097637,0.87794912156011,339
Schubert/Impromptu_op.90_D.899/3/Woo10M.mid,Schubert/Impromptu_op.90_D.899/3/midi_score.mid,train,pedal_changes,0.0061968398211332335,2.8092340522470627,1.2001780820590298,339
Schubert/Impromptu_op.90_D.899/3/WuuE10M.mid,Schubert/Impromptu_op.90_D.899/3/midi_score.mid,train,tempo,-0.442458109694006,1.5874813518652413,0.9766541187373587,339
Schubert/Impromptu_op.90_D.899/3/WuuE10M.mid,Schubert/Impromptu_op.90_D.899/3/midi_score.mid,train,rubato,0.5724229459786307,3.40559935832779,1.9536254458810867,339
Schubert/Impromptu_op.90_D.899/3/WuuE10M.mid,Schubert/Impromptu_op.90_D.899/3/midi_score.mid,train,dynamics,0.42590971220759427,3.247709133181451,0.9108490489330684,339
Schubert/Impromptu_op.90_D.899/3/WuuE10M.mid,Schubert/Impromptu_op.90_D.899/3/midi_score.mid,train,articulation,-0.4727065831630052,3.201311746818056,1.3670473666609695,339
Schubert/Impromptu_op.90_D.899/3/WuuE10M.mid,Schubert/Impromptu_op.90_D.899/3/midi_score.mid,train,pedal_depth,0.13837198027387201,1.9686128126417441,0.9228011692070902,339
Schubert/Impromptu_op.90_D.899/3/WuuE10M.mid,Schubert/Impromptu_op.90_D.899/3/midi_score.mid,train,pedal_down_ratio,-0.09743086866003543,1.8632840326553293,1.2956487206541978,339
Schubert/Impromptu_op.90_D.899/3/WuuE10M.mid,Schubert/Impromptu_op.90_D.899/3/midi_score.mid,train,pedal_changes,0.4027945883736597,2.8092340522470627,1.7752410028285182,339
Schubert/Impromptu_op.90_D.899/3/ZhangW07M.mid,Schubert/Impromptu_op.90_D.899/3/midi_score.mid,train,tempo,0.21593000158279516,2.4479105220071613,1.1142273808229504,339
Schubert/Impromptu_op.90_D.899/3/ZhangW07M.mid,Schubert/Impromptu_op.90_D.899/3/midi_score.mid,train,rubato,0.9309680923746014,4.539655602310218,2.1539820421521862,339
Schubert/Impromptu_op.90_D.899/3/ZhangW07M.mid,Schubert/Impromptu_op.90_D.899/3/midi_score.mid,train,dynamics,0.12119929168143848,3.2319134070195172,0.7557598140497742,339
Schubert/Impromptu_op.90_D.899/3/ZhangW07M.mid,Schubert/Impromptu_op.90_D.899/3/midi_score.mid,train,articulation,0.11544356395432206,2.9237369353319904,1.3293780039823198,339
Schubert/Impromptu_op.90_D.899/3/ZhangW07M.mid,Schubert/Impromptu_op.90_D.899/3/midi_score.mid,train,pedal_depth,-1.4416920071515786,2.763541711198069,0.8983570158901205,339
Schubert/Impromptu_op.90_D.899/3/ZhangW07M.mid,Schubert/Impromptu_op.90_D.899/3/midi_score.mid,train,pedal_down_ratio,-0.9632381891595223,3.05670808950549,1.6505864635926542,339
Schubert/Impromptu_op.90_D.899/3/ZhangW07M.mid,Schubert/Impromptu_op.90_D.899/3/midi_score.mid,train,pedal_changes,0.27885779195099514,4.213851078370594,1.9546790058690044,339
Schubert/Impromptu_op.90_D.899/3/ZhaoK10M.mid,Schubert/Impromptu_op.90_D.899/3/midi_score.mid,train,tempo,0.7504115463964968,2.5611671550223387,1.129806986389874,339
Schubert/Impromptu_op.90_D.899/3/ZhaoK10M.mid,Schubert/Impromptu_op.90_D.899/3/midi_score.mid,train,rubato,0.6835237041431588,4.397328155310497,2.0369855892001767,339
Schubert/Impromptu_op.90_D.899/3/ZhaoK10M.mid,Schubert/Impromptu_op.90_D.899/3/midi_score.mid,train,dynamics,0.2243938055597776,5.388574191888577,1.3205599433865962,339
Schubert/Impromptu_op.90_D.899/3/ZhaoK10M.mid,Schubert/Impromptu_op.90_D.899/3/midi_score.mid,train,articulation,-0.3805666223584202,3.645644240628428,1.3460838614586508,339
Schubert/Impromptu_op.90_D.899/3/ZhaoK10M.mid,Schubert/Impromptu_op.90_D.899/3/midi_score.mid,train,pedal_depth,0.2102387456538863,2.2662091929128128,0.7533739966579627,339
Schubert/Impromptu_op.90_D.899/3/ZhaoK10M.mid,Schubert/Impromptu_op.90_D.899/3/midi_score.mid,train,pedal_down_ratio,0.23935382377478362,2.0122698797683922,0.8645702591375234,339
Schubert/Impromptu_op.90_D.899/3/ZhaoK10M.mid,Schubert/Impromptu_op.90_D.899/3/midi_score.mid,train,pedal_changes,0.014459292915977534,2.8092340522470627,1.3485998291377999,339
Schubert/Piano_Sonatas/894-2_no_repeat/BianF14.mid,Schubert/Piano_Sonatas/894-2_no_repeat/midi_score.mid,train,tempo,0.30086337337096764,3.102713193189249,1.074965575638861,513
Schubert/Piano_Sonatas/894-2_no_repeat/BianF14.mid,Schubert/Piano_Sonatas/894-2_no_repeat/midi_score.mid,train,rubato,0.7698231205104438,3.979811355347633,1.4051544892499712,513
Schubert/Piano_Sonatas/894-2_no_repeat/BianF14.mid,Schubert/Piano_Sonatas/894-2_no_repeat/midi_score.mid,train,dynamics,-0.03013186452567873,3.4921409061433373,1.2953550886909473,513
Schubert/Piano_Sonatas/894-2_no_repeat/BianF14.mid,Schubert/Piano_Sonatas/894-2_no_repeat/midi_score.mid,train,articulation,0.11948502253074789,3.5326027667450557,1.5075967609750736,513
Schubert/Piano_Sonatas/894-2_no_repeat/BianF14.mid,Schubert/Piano_Sonatas/894-2_no_repeat/midi_score.mid,train,pedal_depth,0.11888964483856712,2.9777268412088675,0.9510893668697014,513
Schubert/Piano_Sonatas/894-2_no_repeat/BianF14.mid,Schubert/Piano_Sonatas/894-2_no_repeat/midi_score.mid,train,pedal_down_ratio,0.030391526631623728,3.31507385559272,1.1825215881058315,513
Schubert/Piano_Sonatas/894-2_no_repeat/BianF14.mid,Schubert/Piano_Sonatas/894-2_no_repeat/midi_score.mid,train,pedal_changes,0.09468447458526741,3.9097240910208733,1.3971463275980625,513
Schubert/Piano_Sonatas/894-2_no_repeat/CHEN11M.mid,Schubert/Piano_Sonatas/894-2_no_repeat/midi_score.mid,train,tempo,-1.0505132303806537,3.2138799121132773,1.174650545160458,513
Schubert/Piano_Sonatas/894-2_no_repeat/CHEN11M.mid,Schubert/Piano_Sonatas/894-2_no_repeat/midi_score.mid,train,rubato,0.6017561965064088,3.8553463135234933,1.3752045129054908,513
Schubert/Piano_Sonatas/894-2_no_repeat/CHEN11M.mid,Schubert/Piano_Sonatas/894-2_no_repeat/midi_score.mid,train,dynamics,-0.7648814944253455,4.244217424804545,1.376432669323224,513
Schubert/Piano_Sonatas/894-2_no_repeat/CHEN11M.mid,Schubert/Piano_Sonatas/894-2_no_repeat/midi_score.mid,train,articulation,-0.019266947951446636,3.461599731823016,1.5176980909737798,513
Schubert/Piano_Sonatas/894-2_no_repeat/CHEN11M.mid,Schubert/Piano_Sonatas/894-2_no_repeat/midi_score.mid,train,pedal_depth,0.12550891053564767,2.197924295814555,0.8885923745329231,513
Schubert/Piano_Sonatas/894-2_no_repeat/CHEN11M.mid,Schubert/Piano_Sonatas/894-2_no_repeat/midi_score.mid,train,pedal_down_ratio,-0.22071933996278828,2.4124968884104963,1.0848345823795196,513
Schubert/Piano_Sonatas/894-2_no_repeat/CHEN11M.mid,Schubert/Piano_Sonatas/894-2_no_repeat/midi_score.mid,train,pedal_changes,-0.020213539518203153,3.3511920780178914,1.2295322923236305,513
Schubert/Piano_Sonatas/894-2_no_repeat/Chan01.mid,Schubert/Piano_Sonatas/894-2_no_repeat/midi_score.mid,train,tempo,1.1140463883996683,3.6883702865941697,1.3172351728868863,513
Schubert/Piano_Sonatas/894-2_no_repeat/Chan01.mid,Schubert/Piano_Sonatas/894-2_no_repeat/midi_score.mid,train,rubato,0.741606464486126,4.7425197338795995,1.57501980832499,513
Schubert/Piano_Sonatas/894-2_no_repeat/Chan01.mid,Schubert/Piano_Sonatas/894-2_no_repeat/midi_score.mid,train,dynamics,-0.07813284706478246,3.7785318238576053,1.341885088782548,513
Schubert/Piano_Sonatas/894-2_no_repeat/Chan01.mid,Schubert/Piano_Sonatas/894-2_no_repeat/midi_score.mid,train,articulation,0.0009164047189891549,4.2856380499509275,1.7265834014639938,513
Schubert/Piano_Sonatas/894-2_no_repeat/Chan01.mid,Schubert/Piano_Sonatas/894-2_no_repeat/midi_score.mid,train,pedal_depth,0.20729347533318035,2.8601709569263827,0.992684180796256,513
Schubert/Piano_Sonatas/894-2_no_repeat/Chan01.mid,Schubert/Piano_Sonatas/894-2_no_repeat/midi_score.mid,train,pedal_down_ratio,-0.17962323199041288,2.740282057084742,0.9862246677782166,513
Schubert/Piano_Sonatas/894-2_no_repeat/Chan01.mid,Schubert/Piano_Sonatas/894-2_no_repeat/midi_score.mid,train,pedal_changes,-0.020213539518203153,3.23948567541727,1.1665931404013474,513
Schubert/Piano_Sonatas/894-2_no_repeat/HouY09.mid,Schubert/Piano_Sonatas/894-2_no_repeat/midi_score.mid,train,tempo,-0.6202310831116635,4.604177179602045,1.4345527375346692,513
Schubert/Piano_Sonatas/894-2_no_repeat/HouY09.mid,Schubert/Piano_Sonatas/894-2_no_repeat/midi_score.mid,train,rubato,0.7995832626666923,5.931981943585156,1.8540914483177258,513
Schubert/Piano_Sonatas/894-2_no_repeat/HouY09.mid,Schubert/Piano_Sonatas/894-2_no_repeat/midi_score.mid,train,dynamics,-0.18877045706823178,3.8435596509250916,1.397910119420619,513
Schubert/Piano_Sonatas/894-2_no_repeat/HouY09.mid,Schubert/Piano_Sonatas/894-2_no_repeat/midi_score.mid,train,articulation,0.39416355977898626,4.968147217877998,2.126782856151958,513
Schubert/Piano_Sonatas/894-2_no_repeat/HouY09.mid,Schubert/Piano_Sonatas/894-2_no_repeat/midi_score.mid,train,pedal_depth,-0.31582375259329776,2.6929338988927167,0.9106674855698769,513
Schubert/Piano_Sonatas/894-2_no_repeat/HouY09.mid,Schubert/Piano_Sonatas/894-2_no_repeat/midi_score.mid,train,pedal_down_ratio,0.045032892710946876,3.51344442080486,1.2371743192563742,513
Schubert/Piano_Sonatas/894-2_no_repeat/HouY09.mid,Schubert/Piano_Sonatas/894-2_no_repeat/midi_score.mid,train,pedal_changes,-0.3627798408266987,3.351192078017892,1.3192411579501038,513
Schubert/Piano_Sonatas/894-2_no_repeat/Lee10M.mid,Schubert/Piano_Sonatas/894-2_no_repeat/midi_score.mid,train,tempo,0.3265218458089317,2.6641376419440626,1.0413048362574866,513
Schubert/Piano_Sonatas/894-2_no_repeat/Lee10M.mid,Schubert/Piano_Sonatas/894-2_no_repeat/midi_score.mid,train,rubato,0.5039146968371057,3.435406889624035,1.344303611936045,513
Schubert/Piano_Sonatas/894-2_no_repeat/Lee10M.mid,Schubert/Piano_Sonatas/894-2_no_repeat/midi_score.mid,train,dynamics,0.3092626537136181,3.4927915138356265,1.3567509848327226,513
Schubert/Piano_Sonatas/894-2_no_repeat/Lee10M.mid,Schubert/Piano_Sonatas/894-2_no_repeat/midi_score.mid,train,articulation,0.6282900613036533,3.9052643849694855,1.5881424002134523,513
Schubert/Piano_Sonatas/894-2_no_repeat/Lee10M.mid,Schubert/Piano_Sonatas/894-2_no_repeat/midi_score.mid,train,pedal_depth,-1.2241392733065093,2.757728850846113,0.8466286563903577,513
Schubert/Piano_Sonatas/894-2_no_repeat/Lee10M.mid,Schubert/Piano_Sonatas/894-2_no_repeat/midi_score.mid,train,pedal_down_ratio,-0.4329298498153227,3.0672038596186413,1.2800484519903537,513
Schubert/Piano_Sonatas/894-2_no_repeat/Lee10M.mid,Schubert/Piano_Sonatas/894-2_no_repeat/midi_score.mid,train,pedal_changes,0.26277601373664106,3.351192078017892,1.3663393156029051,513
Schubert/Piano_Sonatas/894-2_no_repeat/SINKEV12M.mid,Schubert/Piano_Sonatas/894-2_no_repeat/midi_score.mid,train,tempo,-0.2868135770187945,3.2735772111440324,1.2227340055879832,513
Schubert/Piano_Sonatas/894-2_no_repeat/SINKEV12M.mid,Schubert/Piano_Sonatas/894-2_no_repeat/midi_score.mid,train,rubato,0.7398016348429637,4.4683335681098235,1.5408490446742993,513
Schubert/Piano_Sonatas/894-2_no_repeat/SINKEV12M.mid,Schubert/Piano_Sonatas/894-2_no_repeat/midi_score.mid,train,dynamics,0.5778871499365985,4.508722710634116,1.5791221604160832,513
Schubert/Piano_Sonatas/894-2_no_repeat/SINKEV12M.mid,Schubert/Piano_Sonatas/894-2_no_repeat/midi_score.mid,train,articulation,-1.5008829071858323,3.8848299969789135,1.780266377570226,513
Schubert/Piano_Sonatas/894-2_no_repeat/SINKEV12M.mid,Schubert/Piano_Sonatas/894-2_no_repeat/midi_score.mid,train,pedal_depth,0.24315335807061653,2.901664187716107,0.9212355516689076,513
Schubert/Piano_Sonatas/894-2_no_repeat/SINKEV12M.mid,Schubert/Piano_Sonatas/894-2_no_repeat/midi_score.mid,train,pedal_down_ratio,-0.04717221664577874,2.639793235166964,1.0255882879246194,513
Schubert/Piano_Sonatas/894-2_no_repeat/SINKEV12M.mid,Schubert/Piano_Sonatas/894-2_no_repeat/midi_score.mid,train,pedal_changes,0.2819256827538861,3.351192078017892,1.4425450337038637,513
Scriabin/Sonatas/5/FaB05M.mid,Scriabin/Sonatas/5/midi_score.mid,train,tempo,-0.15354623514254515,4.340115960502264,1.4224399449521175,843
Scriabin/Sonatas/5/FaB05M.mid,Scriabin/Sonatas/5/midi_score.mid,train,rubato,0.8216021864727255,4.5356478516285925,1.47876976412664,843
Scriabin/Sonatas/5/FaB05M.mid,Scriabin/Sonatas/5/midi_score.mid,train,dynamics,-0.4663866675057403,3.7225491338327936,1.3004391221520406,843
Scriabin/Sonatas/5/FaB05M.mid,Scriabin/Sonatas/5/midi_score.mid,train,articulation,0.08145318780828821,4.934579593035628,1.8303693419149256,843
Scriabin/Sonatas/5/FaB05M.mid,Scriabin/Sonatas/5/midi_score.mid,train,pedal_depth,-0.20943483932278892,3.6505146087828733,1.1051181398525904,843
Scriabin/Sonatas/5/FaB05M.mid,Scriabin/Sonatas/5/midi_score.mid,train,pedal_down_ratio,-0.018843524734647493,2.992899129599367,1.097922246758635,843
Scriabin/Sonatas/5/FaB05M.mid,Scriabin/Sonatas/5/midi_score.mid,train,pedal_changes,-0.1336244494537206,3.8431553614624425,1.4818608996792832,843
Scriabin/Sonatas/5/GarritsonL06M.mid,Scriabin/Sonatas/5/midi_score.mid,train,tempo,0.3093845022920967,4.739025819878373,1.574748754704426,843
Scriabin/Sonatas/5/GarritsonL06M.mid,Scriabin/Sonatas/5/midi_score.mid,train,rubato,0.6292191055619164,4.903471887504078,1.633617068317575,843
Scriabin/Sonatas/5/GarritsonL06M.mid,Scriabin/Sonatas/5/midi_score.mid,train,dynamics,0.21958296671101007,4.125968403608011,1.3862792357736209,843
Scriabin/Sonatas/5/GarritsonL06M.mid,Scriabin/Sonatas/5/midi_score.mid,train,articulation,-0.7583349433035127,4.961534111104309,2.0412642230269724,843
Scriabin/Sonatas/5/GarritsonL06M.mid,Scriabin/Sonatas/5/midi_score.mid,train,pedal_depth,0.2355905881880531,2.80749450432001,1.0272619070782512,843
Scriabin/Sonatas/5/GarritsonL06M.mid,Scriabin/Sonatas/5/midi_score.mid,train,pedal_down_ratio,0.1895678465005946,2.738547716880789,0.9874215573235541,843
Scriabin/Sonatas/5/GarritsonL06M.mid,Scriabin/Sonatas/5/midi_score.mid,train,pedal_changes,0.34132332197417764,3.8431553614624425,1.4779145312027493,843
Scriabin/Sonatas/5/Na03.mid,Scriabin/Sonatas/5/midi_score.mid,train,tempo,-0.6312523787530426,3.627564903714765,1.3491511708052155,843
Scriabin/Sonatas/5/Na03.mid,Scriabin/Sonatas/5/midi_score.mid,train,rubato,0.41960800157986755,3.6973787504180313,1.370115957178171,843
Scriabin/Sonatas/5/Na03.mid,Scriabin/Sonatas/5/midi_score.mid,train,dynamics,0.519144814552182,4.135823537202224,1.4325228780983432,843
Scriabin/Sonatas/5/Na03.mid,Scriabin/Sonatas/5/midi_score.mid,train,articulation,0.654642530973901,4.2052094307596555,1.9823813299615527,843
Scriabin/Sonatas/5/Na03.mid,Scriabin/Sonatas/5/midi_score.mid,train,pedal_depth,-0.04273209139356623,2.2501364230467464,0.912374838838682,843
Scriabin/Sonatas/5/Na03.mid,Scriabin/Sonatas/5/midi_score.mid,train,pedal_down_ratio,0.07046697450206296,2.1787083300606165,0.9631479089948101,843
Scriabin/Sonatas/5/Na03.mid,Scriabin/Sonatas/5/midi_score.mid,train,pedal_changes,0.28177329558719344,3.8431553614624425,1.4174010213003116,843
Scriabin/Sonatas/5/Na07M.mid,Scriabin/Sonatas/5/midi_score.mid,train,tempo,-0.4618356280373168,3.9933226666236417,1.3478251251134334,843
Scriabin/Sonatas/5/Na07M.mid,Scriabin/Sonatas/5/midi_score.mid,train,rubato,0.5124575664729489,3.984622372887161,1.3181842028857933,843
Scriabin/Sonatas/5/Na07M.mid,Scriabin/Sonatas/5/midi_score.mid,train,dynamics,0.4018380597049832,3.956205920058273,1.3456244490134317,843
Scriabin/Sonatas/5/Na07M.mid,Scriabin/Sonatas/5/midi_score.mid,train,articulation,0.5690368592175504,4.225933250262037,1.8183536844160042,843
Scriabin/Sonatas/5/Na07M.mid,Scriabin/Sonatas/5/midi_score.mid,train,pedal_depth,-0.2389953667391161,2.58690168257243,1.0273910516669837,843
Scriabin/Sonatas/5/Na07M.mid,Scriabin/Sonatas/5/midi_score.mid,train,pedal_down_ratio,-0.18974206140475738,2.2595208755096365,1.0145489741666132,843
Scriabin/Sonatas/5/Na07M.mid,Scriabin/Sonatas/5/midi_score.mid,train,pedal_changes,0.3064647699427723,3.8431553614624425,1.4686650945025226,843
Scriabin/Sonatas/5/TET02.mid,Scriabin/Sonatas/5/midi_score.mid,train,tempo,0.011540056584206346,5.225792761845382,1.6769629907494719,843
Scriabin/Sonatas/5/TET02.mid,Scriabin/Sonatas/5/midi_score.mid,train,rubato,0.8403251217875547,5.748594982462481,1.7271662244770087,843
Scriabin/Sonatas/5/TET02.mid,Scriabin/Sonatas/5/midi_score.mid,train,dynamics,0.23343128319742398,4.1954758703866295,1.3485766153237764,843
Scriabin/Sonatas/5/TET02.mid,Scriabin/Sonatas/5/midi_score.mid,train,articulation,-0.6415574678176975,5.717106450688071,2.3347728446430214,843
Scriabin/Sonatas/5/TET02.mid,Scriabin/Sonatas/5/midi_score.mid,train,pedal_depth,0.6520254219140299,3.4055487110576586,1.1188538401019277,843
Scriabin/Sonatas/5/TET02.mid,Scriabin/Sonatas/5/midi_score.mid,train,pedal_down_ratio,0.6323357183787226,4.0712159572046795,1.2064309163529854,843
Scriabin/Sonatas/5/TET02.mid,Scriabin/Sonatas/5/midi_score.mid,train,pedal_changes,0.3355135633022767,3.8431553614624425,1.5816284054541847,843
Scriabin/Sonatas/5/Yeletskiy02.mid,Scriabin/Sonatas/5/midi_score.mid,train,tempo,0.39381663871809824,3.8581696576743223,1.429717724921647,843
Scriabin/Sonatas/5/Yeletskiy02.mid,Scriabin/Sonatas/5/midi_score.mid,train,rubato,0.6123916548713335,3.9202482701832535,1.477394110986303,843
Scriabin/Sonatas/5/Yeletskiy02.mid,Scriabin/Sonatas/5/midi_score.mid,train,dynamics,-0.4883867102789196,3.147843816534838,1.1209907417175724,843
Scriabin/Sonatas/5/Yeletskiy02.mid,Scriabin/Sonatas/5/midi_score.mid,train,articulation,-0.17092215849326142,3.936105628992312,1.573055042781643,843
Scriabin/Sonatas/5/Yeletskiy02.mid,Scriabin/Sonatas/5/midi_score.mid,train,pedal_depth,-0.41134859389289014,2.8127068423813446,0.930760912256672,843
Scriabin/Sonatas/5/Yeletskiy02.mid,Scriabin/Sonatas/5/midi_score.mid,train,pedal_down_ratio,-0.4331677641550515,3.4097191109702636,0.9881646276006366,843
Scriabin/Sonatas/5/Yeletskiy02.mid,Scriabin/Sonatas/5/midi_score.mid,train,pedal_changes,0.0,2.562103574308295,1.2557274796803015,843
Scriabin/Sonatas/5/Yeletskiy07M.mid,Scriabin/Sonatas/5/midi_score.mid,train,tempo,0.47685904041315297,4.025333486849248,1.3311600102971826,843
Scriabin/Sonatas/5/Yeletskiy07M.mid,Scriabin/Sonatas/5/midi_score.mid,train,rubato,0.7620137369601896,4.299118943069573,1.3737221686628132,843
Scriabin/Sonatas/5/Yeletskiy07M.mid,Scriabin/Sonatas/5/midi_score.mid,train,dynamics,-0.2076583240769008,3.58227842297401,1.2179119778053236,843
Scriabin/Sonatas/5/Yeletskiy07M.mid,Scriabin/Sonatas/5/midi_score.mid,train,articulation,-0.03005116427774166,3.478301774324547,1.8607953457595978,843
Scriabin/Sonatas/5/Yeletskiy07M.mid,Scriabin/Sonatas/5/midi_score.mid,train,pedal_depth,-0.3722317096558481,3.363293236881696,1.048210148229864,843
Scriabin/Sonatas/5/Yeletskiy07M.mid,Scriabin/Sonatas/5/midi_score.mid,train,pedal_down_ratio,-0.37938150837258117,3.236199145963423,0.9974621856649442,843
Scriabin/Sonatas/5/Yeletskiy07M.mid,Scriabin/Sonatas/5/midi_score.mid,train,pedal_changes,-0.12926713044979493,2.562103574308295,1.1514005837071994,843
