model,seed,split,condition,channel,mse,window_median_mse,targets,windows,shape_correlation,shape_amplitude_ratio,slope_mse,slope_correlation,direction_accuracy,hidden_adjacent_pairs,nonflat_pairs,step_amplitude_percent,direction_percent
zero,-1,validation,best,tempo,1.5307611420424512,1.0970227798102172,11899,935,,0.0,1.6087890031489123,,0.0,8478,8269,0.0,0.0
zero,-1,validation,best,rubato,2.0979968432490823,1.3932906686836224,11899,935,,0.0,2.9422066703266454,,0.0,8478,8288,0.0,0.0
zero,-1,validation,best,dynamics,1.2955657571091914,1.0706280579905592,11899,935,,0.0,1.1887787664996805,,0.0,8478,8396,0.0,0.0
zero,-1,validation,best,articulation,1.9326207740087624,1.3662667652076559,11899,935,,0.0,3.192537827632371,,0.0,8478,8419,0.0,0.0
zero,-1,validation,best,pedal_depth,0.9519034268992507,0.6189128798061,11899,935,,0.0,0.8151765460979562,,0.0,8478,7433,0.0,0.0
zero,-1,validation,best,pedal_down_ratio,0.9514088671015123,0.506363389078875,11899,935,,0.0,0.9767877254777589,,0.0,8478,6770,0.0,0.0
zero,-1,validation,best,pedal_changes,1.0717716631383514,0.7999070433981282,11899,935,,0.0,1.6338040829215645,,0.0,8478,4214,0.0,0.0
visible_mean,-1,validation,best,tempo,1.104658419043881,0.734009455362282,11899,935,,0.0,1.6087890031489123,,0.0,8478,8269,0.0,0.0
visible_mean,-1,validation,best,rubato,2.037718207661211,1.3840934428330236,11899,935,,0.0,2.9422066703266454,,0.0,8478,8288,0.0,0.0
visible_mean,-1,validation,best,dynamics,1.154308989824346,0.9269077036563322,11899,935,,0.0,1.1887787664996805,,0.0,8478,8396,0.0,0.0
visible_mean,-1,validation,best,articulation,1.7709603115020913,1.2494745533365899,11899,935,,0.0,3.192537827632371,,0.0,8478,8419,0.0,0.0
visible_mean,-1,validation,best,pedal_depth,0.7072599755673954,0.510289775946147,11899,935,,0.0,0.8151765460979562,,0.0,8478,7433,0.0,0.0
visible_mean,-1,validation,best,pedal_down_ratio,0.806775986317281,0.4860776038404756,11899,935,,0.0,0.9767877254777589,,0.0,8478,6770,0.0,0.0
visible_mean,-1,validation,best,pedal_changes,0.9876903671865392,0.7653236302346756,11899,935,,0.0,1.6338040829215645,,0.0,8478,4214,0.0,0.0
linear_interpolation,-1,validation,best,tempo,1.3866508402575006,0.922300112034561,11899,935,0.2043595546032991,0.7149806001789748,1.642478322324495,0.05054856685368028,0.4850646994799855,8478,8269,20.393906648154797,48.506469947998546
linear_interpolation,-1,validation,best,rubato,2.5677458750658424,1.719509790653734,11899,935,0.19936822465036777,0.7152998826335939,3.0025731636709208,0.051612300002456354,0.4779198841698842,8478,8288,20.39354906048767,47.79198841698842
linear_interpolation,-1,validation,best,dynamics,1.1071544252102778,0.9139774938761023,11899,935,0.4025411817542307,0.7550382870535778,1.1808270722826588,0.1349831913518566,0.5114340161981896,8478,8396,24.248724855113178,51.14340161981896
linear_interpolation,-1,validation,best,articulation,2.709893396669317,1.775635895098811,11899,935,0.08590533603881821,0.7553814375091102,3.3048278747805395,0.008492389978196735,0.4740467989072336,8478,8419,19.604361659605292,47.40467989072336
linear_interpolation,-1,validation,best,pedal_depth,0.7163976746527907,0.4836758837719657,11899,935,0.3664471461377543,0.7701969307126064,0.8293864534862271,0.07672617081214567,0.4817704829812996,8478,7433,22.926323530972887,48.17704829812996
linear_interpolation,-1,validation,best,pedal_down_ratio,0.8498931046796584,0.5695091532055401,11899,935,0.32733989589158785,0.7426935061389562,0.9925062682361446,0.07575432372188345,0.45140324963072376,8478,6770,22.37232130355872,45.14032496307237
linear_interpolation,-1,validation,best,pedal_changes,1.3228334873048153,0.9998837885655522,11899,935,0.09656049153826962,0.6677478297283987,1.6946304753641166,-0.003888112436390021,0.2930707166587565,8478,4214,18.916063165237382,29.30707166587565
zero,-1,test,best,tempo,1.7672843179645739,1.06695420902436,20480,1670,,0.0,1.81496561935788,,0.0,14504,14248,0.0,0.0
zero,-1,test,best,rubato,2.2912431139597196,1.2468648494309997,20480,1670,,0.0,2.9219543209770755,,0.0,14504,14251,0.0,0.0
zero,-1,test,best,dynamics,1.352316194348408,1.0368864941286278,20480,1670,,0.0,1.1686582424360488,,0.0,14504,14379,0.0,0.0
zero,-1,test,best,articulation,1.9211917947902424,1.4053353586145714,20480,1670,,0.0,2.9107681288284026,,0.0,14504,14455,0.0,0.0
zero,-1,test,best,pedal_depth,0.9391690103160751,0.6514273813486802,20480,1670,,0.0,0.8974391104961388,,0.0,14504,12503,0.0,0.0
zero,-1,test,best,pedal_down_ratio,0.8875595789458808,0.45322051205991093,20480,1670,,0.0,1.098929170464586,,0.0,14504,10142,0.0,0.0
zero,-1,test,best,pedal_changes,0.9728143888868519,0.6724103345874892,20480,1670,,0.0,1.7145009622420926,,0.0,14504,5897,0.0,0.0
visible_mean,-1,test,best,tempo,1.3086581584539825,0.723028460001744,20480,1670,,0.0,1.81496561935788,,0.0,14504,14248,0.0,0.0
visible_mean,-1,test,best,rubato,2.0710623952370915,1.1334682175666955,20480,1670,,0.0,2.9219543209770755,,0.0,14504,14251,0.0,0.0
visible_mean,-1,test,best,dynamics,1.1285917684870623,0.8983639187588189,20480,1670,,0.0,1.1686582424360488,,0.0,14504,14379,0.0,0.0
visible_mean,-1,test,best,articulation,1.7584955771899644,1.322033219310334,20480,1670,,0.0,2.9107681288284026,,0.0,14504,14455,0.0,0.0
visible_mean,-1,test,best,pedal_depth,0.7168311309140323,0.521978321064649,20480,1670,,0.0,0.8974391104961388,,0.0,14504,12503,0.0,0.0
visible_mean,-1,test,best,pedal_down_ratio,0.7866875618235184,0.4654610610454101,20480,1670,,0.0,1.098929170464586,,0.0,14504,10142,0.0,0.0
visible_mean,-1,test,best,pedal_changes,0.9354022970179745,0.7025350324015003,20480,1670,,0.0,1.7145009622420926,,0.0,14504,5897,0.0,0.0
linear_interpolation,-1,test,best,tempo,1.650108589955881,0.8468780612432322,20480,1670,0.2244689489889912,0.7353582095837762,1.8491934761079816,0.0563196268909429,0.4779618192026951,14504,14248,20.48450772913833,47.79618192026951
linear_interpolation,-1,test,best,rubato,2.626848587121409,1.369563358215562,20480,1670,0.21469918950431888,0.7328019081508464,2.986643055176504,0.04900634322777368,0.4757560872921199,14504,14251,20.57013262741049,47.575608729211986
linear_interpolation,-1,test,best,dynamics,1.0891506384418315,0.8726741914492497,20480,1670,0.39640256009112423,0.748550566200042,1.1732026731029321,0.10898375258551841,0.5076848181375617,14504,14379,23.4591914710965,50.768481813756175
linear_interpolation,-1,test,best,articulation,2.4233927435277893,1.7872951701436655,20480,1670,0.12876974459046314,0.7136649695489741,3.0054693843861187,0.010292728662923764,0.4792805257696299,14504,14455,19.083169560480208,47.92805257696299
linear_interpolation,-1,test,best,pedal_depth,0.785516817044714,0.5109109023615319,20480,1670,0.3251800212524328,0.754979955585952,0.9225015469471904,0.05050727003880413,0.4762856914340558,14504,12503,22.504124321394656,47.62856914340558
linear_interpolation,-1,test,best,pedal_down_ratio,0.9372666944199824,0.5861418178882953,20480,1670,0.2707688028193323,0.758910267632389,1.1306068076476186,0.044124445120296,0.4264444882666141,14504,10142,21.961924770155303,42.64444882666141
linear_interpolation,-1,test,best,pedal_changes,1.3239275294712156,1.0640583507466088,20480,1670,0.09271965320650655,0.6995388058310549,1.7956197043386992,-0.03277562889402276,0.2619976259114804,14504,5897,18.719910708197666,26.19976259114804
cnn,20261006,validation,initial,tempo,1.5362114004371208,1.1123316818224172,11899,935,-0.006411904728045195,0.06633704285128587,1.6159176611762391,0.007588397766958125,0.5038094086346596,8478,8269,7.444143096784468,50.38094086346596
cnn,20261006,validation,initial,rubato,2.1020646878246816,1.389965054168903,11899,935,0.0008633242451595093,0.05414921443305556,2.9466724627500933,0.017897199015338896,0.5059121621621622,8478,8288,6.069576538095191,50.59121621621622
cnn,20261006,validation,initial,dynamics,1.2998662767480358,1.0515769343147972,11899,935,0.011060579036914184,0.06973192029797774,1.196113866346801,0.011420289003733621,0.5075035731300619,8478,8396,9.08821366804462,50.75035731300619
cnn,20261006,validation,initial,articulation,1.9419735267985279,1.3638133846647444,11899,935,-0.00909803753112436,0.05564818006903345,3.2106339999206273,-0.017440075210879896,0.49221997861978856,8478,8419,5.99175358060683,49.221997861978856
cnn,20261006,validation,initial,pedal_depth,0.9566078213894534,0.6210292819352585,11899,935,-0.007762876118308512,0.08492337201581315,0.8251118600493059,-0.005481972075149389,0.49522400107628145,8478,7433,10.499098581947477,49.522400107628144
cnn,20261006,validation,initial,pedal_down_ratio,0.9562951528564214,0.5008564388473129,11899,935,0.015835009599758237,0.08454426907513103,0.9817322478727717,0.02801244448286606,0.5087149187592319,8478,6770,10.442338514408684,50.87149187592319
cnn,20261006,validation,initial,pedal_changes,1.0747019466655547,0.8012136353960915,11899,935,-0.0046661159871297445,0.0705361908370345,1.6405011405995595,0.005498187644097465,0.5090175605125771,8478,4214,6.97571521821201,50.901756051257706
cnn,20261006,validation,final,tempo,1.0590443712530242,0.7047834098037021,11899,935,0.2025895097497135,0.29846683107864164,1.620885857039021,0.08543946120435035,0.5217075825371871,8478,8269,20.72034426110598,52.17075825371871
cnn,20261006,validation,final,rubato,1.9103599420445811,1.2910781085441339,11899,935,0.20242927067140265,0.2624201220914784,2.9505085987245576,0.08364255530709654,0.5236486486486487,8478,8288,18.2780318436415,52.36486486486487
cnn,20261006,validation,final,dynamics,0.9938686659902758,0.8222304947964513,11899,935,0.33489818040415054,0.3330476968032954,1.2090027471456721,0.03079833049700338,0.5097665555026203,8478,8396,16.45989048309313,50.97665555026203
cnn,20261006,validation,final,articulation,1.7648859719414225,1.2603660914363568,11899,935,0.09563945288472687,0.1839367121585101,3.2234235243209812,0.023413298877498757,0.5088490319515382,8478,8419,12.437070594778064,50.88490319515382
cnn,20261006,validation,final,pedal_depth,0.6535658640680903,0.47563185971794697,11899,935,0.25268110774166636,0.29564050852083373,0.8328892395657326,0.02818552935879389,0.5160769541235033,8478,7433,17.831036885756152,51.60769541235033
cnn,20261006,validation,final,pedal_down_ratio,0.7696644010375624,0.4843139812271771,11899,935,0.214328769510644,0.2696070069066245,0.9969726740252853,0.025844117030579084,0.5196454948301329,8478,6770,17.19972792131246,51.964549483013286
cnn,20261006,validation,final,pedal_changes,1.0076256019255527,0.7867676225982821,11899,935,0.06372565211669515,0.17303057412027792,1.6526823437084075,0.03882002241353574,0.5327479829140959,8478,4214,15.314891589772062,53.27479829140959
cnn,20261006,validation,best,tempo,1.048130401031863,0.7001876851178928,11899,935,0.20483764277708122,0.27885651870773065,1.61607234142535,0.07796208179748071,0.5127584955859233,8478,8269,18.068584416860585,51.275849558592334
cnn,20261006,validation,best,rubato,1.9076926848095983,1.2886517828309614,11899,935,0.20489865744226232,0.24244591923669617,2.9476432316947747,0.0745085788210103,0.513030888030888,8478,8288,16.035479254246766,51.303088803088805
cnn,20261006,validation,best,dynamics,0.9973791685556068,0.8355948425316553,11899,935,0.326453221355465,0.3169255128787064,1.2093912653120606,0.024494314451779,0.5077417818008576,8478,8396,15.835722262631869,50.77417818008576
cnn,20261006,validation,best,articulation,1.7529854341004845,1.2187408270185585,11899,935,0.0977171052296909,0.17674248129277453,3.2061089541668477,0.04026328744465476,0.5120560636655185,8478,8419,11.696273552490718,51.20560636655185
cnn,20261006,validation,best,pedal_depth,0.6610626734650112,0.47826161967348496,11899,935,0.23683479237126925,0.27670990841484183,0.832461135876461,0.023862294275702686,0.5116372931521593,8478,7433,17.138793021068206,51.16372931521593
cnn,20261006,validation,best,pedal_down_ratio,0.76749429458417,0.4854648693508526,11899,935,0.1951501806721696,0.2508666992724133,0.9972434432031174,0.015429720092130861,0.5073855243722304,8478,6770,16.099500234559034,50.73855243722304
cnn,20261006,validation,best,pedal_changes,0.9969327807720325,0.775902037935775,11899,935,0.07537537638170656,0.16407372450222585,1.6491807939640912,0.042021078235603006,0.5242050308495492,8478,4214,14.772479543683287,52.420503084954916
cnn,20261006,validation,shuffle0,tempo,1.1683047343638138,0.7837897522991789,11899,935,-0.005774596117828578,0.2340541895302992,1.650058937564426,0.0046537512181822685,0.5011488692707703,8478,8269,16.477267201830117,50.11488692707703
cnn,20261006,validation,shuffle0,rubato,2.1115960458292085,1.4319565800540615,11899,935,-0.006993135032180049,0.2016506027527162,2.990779530612526,0.01475636988223378,0.5071187258687259,8478,8288,14.398901336508501,50.71187258687259
cnn,20261006,validation,shuffle0,dynamics,1.254748122808833,1.0259590070310398,11899,935,-0.019795616521500005,0.24683656926602482,1.213552640615181,-0.0037436985159365064,0.4986898523106241,8478,8396,14.053403428727435,49.86898523106241
cnn,20261006,validation,shuffle0,articulation,1.8145518551567437,1.2614834356678986,11899,935,0.014824226026772247,0.15222630308756271,3.220792878644211,0.010069028137247131,0.4988715999524884,8478,8419,10.486081371502163,49.887159995248844
cnn,20261006,validation,shuffle0,pedal_depth,0.7468768133925958,0.5449921696076316,11899,935,0.0181377518329273,0.21029064923204271,0.8311385620376447,0.014242422709463605,0.5019507601237724,8478,7433,15.488096725152548,50.195076012377235
cnn,20261006,validation,shuffle0,pedal_down_ratio,0.8472838501512922,0.5340718458554474,11899,935,0.011477518337478875,0.19433076955377335,0.9983433314273322,-0.0031155774227792114,0.5042836041358937,8478,6770,14.555560937889211,50.42836041358937
cnn,20261006,validation,shuffle0,pedal_changes,1.0186416568114074,0.7905508619843845,11899,935,0.018269938079767248,0.14341253777323484,1.649523735976529,0.03236795939374006,0.5066445182724253,8478,4214,13.565348923922544,50.66445182724253
cnn,20261006,validation,shuffle1,tempo,1.1722137387155154,0.7873986020925453,11899,935,-0.004101187018652934,0.2262330726520087,1.6425732674034303,0.01542578012115045,0.4949812552908453,8478,8269,16.100133834754462,49.49812552908453
cnn,20261006,validation,shuffle1,rubato,2.1245377279585127,1.4268767174565526,11899,935,-0.007799149320282867,0.1958642772839475,2.9915969423784654,0.012499472568059528,0.5008445945945946,8478,8288,14.257192115090852,50.08445945945946
cnn,20261006,validation,shuffle1,dynamics,1.2272106015075672,1.0151930444567865,11899,935,0.0013877035558623957,0.24288731187513865,1.211303151223102,0.003485191626658342,0.5092901381610291,8478,8396,14.099692964673343,50.92901381610291
cnn,20261006,validation,shuffle1,articulation,1.8171363567322922,1.2603478533305659,11899,935,0.0009748691944928303,0.15034790231101633,3.2163642585308483,0.017116506363891653,0.5046917686186008,8478,8419,10.528657526085116,50.46917686186008
cnn,20261006,validation,shuffle1,pedal_depth,0.744678960417985,0.5277995852229871,11899,935,0.015334626649592129,0.22159835543313855,0.8377285081140695,-0.011460923964398089,0.49979819722857527,8478,7433,15.524925643222689,49.97981972285753
cnn,20261006,validation,shuffle1,pedal_down_ratio,0.8479197385457571,0.507362006918971,11899,935,0.006774366815417101,0.20135343577491616,1.002245690365101,-0.016868204410543715,0.4976366322008863,8478,6770,14.54795073837273,49.76366322008863
cnn,20261006,validation,shuffle1,pedal_changes,1.0215034347837484,0.7837026079029128,11899,935,0.011458518393356012,0.14490477821189096,1.6543566404410124,0.021846025843920692,0.5059326056003797,8478,4214,13.610096786696873,50.59326056003797
cnn,20261006,validation,shuffle2,tempo,1.1773709282990348,0.7868255198362635,11899,935,-0.006746881849254418,0.2328430138890511,1.6491252666390084,0.009508050795865398,0.49619059136534044,8478,8269,16.802806011692606,49.61905913653404
cnn,20261006,validation,shuffle2,rubato,2.123527509526602,1.4529092158972696,11899,935,-0.0020394028819511233,0.20047353915727514,2.9955740954655576,0.012709397473605118,0.49903474903474904,8478,8288,14.789959880489285,49.9034749034749
cnn,20261006,validation,shuffle2,dynamics,1.242263234176698,0.9978151789375568,11899,935,-0.011881703139537451,0.25874027587407483,1.211264116744367,0.006825954789583903,0.5022629823725584,8478,8396,14.43935216461194,50.22629823725584
cnn,20261006,validation,shuffle2,articulation,1.8145301178742756,1.243300197593131,11899,935,0.002573605800879856,0.15563783625983865,3.215917179677971,0.0191263080499871,0.502672526428317,8478,8419,10.68982630020454,50.26725264283169
cnn,20261006,validation,shuffle2,pedal_depth,0.7533727204876512,0.5436166428495228,11899,935,-0.0014589281321600988,0.21680286572277593,0.83436559665393,0.005053910362741391,0.49630028252388,8478,7433,15.860446826551144,49.630028252387994
cnn,20261006,validation,shuffle2,pedal_down_ratio,0.8490890215988784,0.5232908056339018,11899,935,0.00598436033793303,0.1978267629275073,0.9971640540117738,0.0034051614881721666,0.5028064992614476,8478,6770,14.79514040650985,50.28064992614476
cnn,20261006,validation,shuffle2,pedal_changes,1.0246652998552028,0.7840751630197439,11899,935,0.005062973890681569,0.14443835761540627,1.660391216946847,0.009168647599319174,0.5071191267204557,8478,4214,13.708754930254418,50.711912672045564
cnn,20261006,validation,gap1,tempo,1.0168847110960817,0.7195088765507608,11899,935,0.26657328360407107,0.3181184948655417,1.7202747691399136,0.08312128641053021,0.5220994475138122,2234,2172,18.413649663550096,52.20994475138122
cnn,20261006,validation,gap1,rubato,1.8674885711227798,1.2725849258744117,11899,935,0.26481086799684683,0.2723338117228751,3.1352351175925413,0.07573644515804843,0.5186549976969138,2234,2171,16.49151038998855,51.86549976969138
cnn,20261006,validation,gap1,dynamics,0.9519344277056316,0.8065319272373285,11899,935,0.4102915734673138,0.37836976654233095,1.234345101062797,0.06237045066837687,0.5225428313796213,2234,2218,17.854394318613075,52.25428313796213
cnn,20261006,validation,gap1,articulation,1.8388559818441697,1.2934935198758684,11899,935,0.1114633135814128,0.19940622331994995,3.266580788888055,-0.004700909764844194,0.4833032490974729,2234,2216,13.310404140615494,48.33032490974729
cnn,20261006,validation,gap1,pedal_depth,0.6833385506118111,0.5271586757314972,11899,935,0.27222583179510645,0.31123489627595413,0.8699856320313185,0.024926679510301315,0.534316217590239,2234,1967,18.929725681752455,53.4316217590239
cnn,20261006,validation,gap1,pedal_down_ratio,0.7738942529741085,0.5533078463371957,11899,935,0.23007681514222822,0.2863050392522846,0.9873429517419733,-0.012948974380876594,0.5207399103139013,2234,1784,18.523326799351235,52.07399103139013
cnn,20261006,validation,gap1,pedal_changes,0.9215243074422567,0.763921864204813,11899,935,0.0938534131713336,0.19434043954940186,1.5993890031150433,0.06132222558441933,0.5445719329214475,2234,1133,17.456737340843446,54.457193292144744
zero,-1,validation,gap1,tempo,1.5200374808961183,1.1629316237027125,11899,935,,0.0,1.7146341838576877,,0.0,2234,2172,0.0,0.0
zero,-1,validation,gap1,rubato,2.0891488855257867,1.4912951931751903,11899,935,,0.0,3.1282846650131693,,0.0,2234,2171,0.0,0.0
zero,-1,validation,gap1,dynamics,1.3462079901463817,1.1032371163224144,11899,935,,0.0,1.2225848869063198,,0.0,2234,2218,0.0,0.0
zero,-1,validation,gap1,articulation,2.0163073996225767,1.4339144005346034,11899,935,,0.0,3.2058451056370947,,0.0,2234,2216,0.0,0.0
zero,-1,validation,gap1,pedal_depth,0.9908458278645111,0.7076109652210555,11899,935,,0.0,0.8476757240858361,,0.0,2234,1967,0.0,0.0
zero,-1,validation,gap1,pedal_down_ratio,0.9532120156540537,0.5777790239708621,11899,935,,0.0,0.9503139997381518,,0.0,2234,1784,0.0,0.0
zero,-1,validation,gap1,pedal_changes,0.9830219357154134,0.814564718182536,11899,935,,0.0,1.5849306802018608,,0.0,2234,1133,0.0,0.0
visible_mean,-1,validation,gap1,tempo,1.0903293851562414,0.7775793402498535,11899,935,,0.0,1.7146341838576877,,0.0,2234,2172,0.0,0.0
visible_mean,-1,validation,gap1,rubato,2.0209914082228932,1.4111705131171326,11899,935,,0.0,3.1282846650131693,,0.0,2234,2171,0.0,0.0
visible_mean,-1,validation,gap1,dynamics,1.1464304591358507,0.9393899379426036,11899,935,,0.0,1.2225848869063198,,0.0,2234,2218,0.0,0.0
visible_mean,-1,validation,gap1,articulation,1.841867169678561,1.2864064693086765,11899,935,,0.0,3.2058451056370947,,0.0,2234,2216,0.0,0.0
visible_mean,-1,validation,gap1,pedal_depth,0.7261721011116223,0.5519400994683097,11899,935,,0.0,0.8476757240858361,,0.0,2234,1967,0.0,0.0
visible_mean,-1,validation,gap1,pedal_down_ratio,0.8052517334394385,0.5373073189295139,11899,935,,0.0,0.9503139997381518,,0.0,2234,1784,0.0,0.0
visible_mean,-1,validation,gap1,pedal_changes,0.9104152664427836,0.7651167723664193,11899,935,,0.0,1.5849306802018608,,0.0,2234,1133,0.0,0.0
linear_interpolation,-1,validation,gap1,tempo,1.2640103008182064,0.8623667558500405,11899,935,0.2649171548891404,0.7532844542181898,1.837617536531605,0.04259297412239753,0.4930939226519337,2234,2172,31.37498550111948,49.30939226519337
linear_interpolation,-1,validation,gap1,rubato,2.3311829545984653,1.6078026433973056,11899,935,0.26565090737224284,0.7474028024374934,3.3664299530211124,0.03764825817585007,0.4758175955780746,2234,2171,31.605595525547827,47.581759557807466
linear_interpolation,-1,validation,gap1,dynamics,0.9204051408030007,0.7591741905703192,11899,935,0.5229320945407188,0.7992831556795423,1.2049527377687606,0.19446644992889556,0.5198376916140667,2234,2218,34.746135794859484,51.98376916140667
linear_interpolation,-1,validation,gap1,articulation,2.531297986335414,1.7974169373412228,11899,935,0.11595571488982832,0.738562905491417,3.575286122327802,-0.01145600676238669,0.48601083032490977,2234,2216,32.80833224897066,48.601083032490976
linear_interpolation,-1,validation,gap1,pedal_depth,0.6426979104762625,0.4868463189965987,11899,935,0.46937024412655515,0.7979658065247542,0.8419761692747666,0.18493123498824768,0.5048296898830706,2234,1967,35.06606931535352,50.482968988307064
linear_interpolation,-1,validation,gap1,pedal_down_ratio,0.7561554542491925,0.5562856225965107,11899,935,0.4337195855598684,0.7850533647452813,0.9664202803693273,0.15995972033318817,0.4669282511210762,2234,1784,36.533570390633166,46.69282511210762
linear_interpolation,-1,validation,gap1,pedal_changes,1.2006607156673337,1.0372972873233253,11899,935,0.1506533346466409,0.7438451848312522,1.7318847125094554,-0.0034512088733058104,0.2912621359223301,2234,1133,30.131294188393156,29.126213592233007
cnn,20261006,validation,gap8,tempo,1.0157782578974326,0.6691370699715731,11899,935,0.18121759894738032,0.25041071913987784,1.5419672689687813,0.0685806184193964,0.5173989820297081,9867,9627,17.68061672365664,51.739898202970814
cnn,20261006,validation,gap8,rubato,1.8299097538178877,1.2058775933435677,11899,935,0.18138344842252185,0.21779415675686012,2.854894976849793,0.06243148145714527,0.5120662868979803,9867,9655,15.540609720947558,51.20662868979803
cnn,20261006,validation,gap8,dynamics,1.070085720644821,0.8765689575038185,11899,935,0.23622836753725954,0.27211695295753363,1.2144089785381325,0.02059697725108104,0.5027121072561662,9867,9771,14.796145157877035,50.27121072561662
cnn,20261006,validation,gap8,articulation,1.8646898269838084,1.2590502995059447,11899,935,0.06330787056942466,0.1488973751935023,3.174456022240024,0.0021705582769327267,0.49678407350689124,9867,9795,10.922661559254202,49.67840735068913
cnn,20261006,validation,gap8,pedal_depth,0.6967494306563569,0.4898934511055744,11899,935,0.15636474605520173,0.2347422043806743,0.8296005892571163,0.028665391643514507,0.5159470351180195,9867,8685,15.971555342843816,51.59470351180195
cnn,20261006,validation,gap8,pedal_down_ratio,0.8051039023148961,0.43488872736330886,11899,935,0.11596257304408089,0.21036925765107437,1.0152621982097612,0.012788161290385734,0.5103395455705897,9867,7834,14.875627653691485,51.03395455705897
cnn,20261006,validation,gap8,pedal_changes,0.9949379644183873,0.7960875195390371,11899,935,0.0454191111205498,0.14876713734166064,1.6233598211366125,0.04914413413073602,0.5287472261448457,9867,4957,14.304664326301053,52.87472261448457
zero,-1,validation,gap8,tempo,1.483444603860026,1.0168929478845283,11899,935,,0.0,1.531200949077657,,0.0,9867,9627,0.0,0.0
zero,-1,validation,gap8,rubato,1.9745225202422958,1.2684423932570097,11899,935,,0.0,2.8413559514444167,,0.0,9867,9655,0.0,0.0
zero,-1,validation,gap8,dynamics,1.3280084583770664,1.0559872186352421,11899,935,,0.0,1.1955232796561355,,0.0,9867,9771,0.0,0.0
zero,-1,validation,gap8,articulation,2.0313389525655676,1.3984532589296137,11899,935,,0.0,3.1384955748025596,,0.0,9867,9795,0.0,0.0
zero,-1,validation,gap8,pedal_depth,0.9371221661042769,0.5925596426973179,11899,935,,0.0,0.8162080795883695,,0.0,9867,8685,0.0,0.0
zero,-1,validation,gap8,pedal_down_ratio,0.9364782037633284,0.4626793899742887,11899,935,,0.0,0.9969739043976915,,0.0,9867,7834,0.0,0.0
zero,-1,validation,gap8,pedal_changes,1.0376023217816408,0.7999070433981282,11899,935,,0.0,1.6130397426818612,,0.0,9867,4957,0.0,0.0
visible_mean,-1,validation,gap8,tempo,1.0634523072601576,0.6837711073651259,11899,935,,0.0,1.531200949077657,,0.0,9867,9627,0.0,0.0
visible_mean,-1,validation,gap8,rubato,1.9402955019215247,1.283906780339855,11899,935,,0.0,2.8413559514444167,,0.0,9867,9655,0.0,0.0
visible_mean,-1,validation,gap8,dynamics,1.1651904237816417,0.9390216569825374,11899,935,,0.0,1.1955232796561355,,0.0,9867,9771,0.0,0.0
visible_mean,-1,validation,gap8,articulation,1.8768748404431592,1.2673302938099047,11899,935,,0.0,3.1384955748025596,,0.0,9867,9795,0.0,0.0
visible_mean,-1,validation,gap8,pedal_depth,0.7236327285450344,0.5210813196773889,11899,935,,0.0,0.8162080795883695,,0.0,9867,8685,0.0,0.0
visible_mean,-1,validation,gap8,pedal_down_ratio,0.823759232092778,0.4782241109057539,11899,935,,0.0,0.9969739043976915,,0.0,9867,7834,0.0,0.0
visible_mean,-1,validation,gap8,pedal_changes,0.9830325981940571,0.7863369166366674,11899,935,,0.0,1.6130397426818612,,0.0,9867,4957,0.0,0.0
linear_interpolation,-1,validation,gap8,tempo,1.423292239636248,0.887660823103159,11899,935,0.18194452291060648,0.702493395311332,1.549461720791208,0.0332209663241317,0.47138256985561444,9867,9627,14.734894275788882,47.13825698556144
linear_interpolation,-1,validation,gap8,rubato,2.656417327776885,1.623444788737367,11899,935,0.1699583170406355,0.7060676661202556,2.8796924183488013,0.029031798044611448,0.46970481615743137,9867,9655,14.875191636624695,46.97048161574314
linear_interpolation,-1,validation,gap8,dynamics,1.2636345111144611,0.9965626808013851,11899,935,0.28753053127792216,0.6643934266552642,1.1966473112293192,0.08083106713440232,0.4896121174905332,9867,9771,16.729932368402974,48.96121174905332
linear_interpolation,-1,validation,gap8,articulation,2.692864472588877,1.7070620786547133,11899,935,0.09482156416770444,0.6032118981813276,3.1848076559507046,0.010616587223197617,0.4697294538029607,9867,9795,13.255230225886038,46.972945380296075
linear_interpolation,-1,validation,gap8,pedal_depth,0.7904325168020749,0.5262226450133819,11899,935,0.2505984323095129,0.6542701232860706,0.8196896076388404,0.07067183049759473,0.4755325273459988,9867,8685,16.67635407165146,47.55325273459988
linear_interpolation,-1,validation,gap8,pedal_down_ratio,0.9997596674951592,0.5783400055579544,11899,935,0.19726319174684606,0.6494459408604921,1.0046446549869612,0.05245493480669079,0.4488128669900434,9867,7834,15.469864757197529,44.88128669900434
linear_interpolation,-1,validation,gap8,pedal_changes,1.3858454185050035,1.0606727440687327,11899,935,0.06302921098023637,0.5820956537640082,1.6393556399269467,0.0033812712845163032,0.29634859794230384,9867,4957,13.119241795293949,29.634859794230383
cnn,20261006,validation,gap16,tempo,1.191683305201528,0.6877175141253695,11899,935,0.10547731311884591,0.1939540656569416,1.7251783193826724,0.04727882905803958,0.5138553635222555,10635,10357,15.867408003861454,51.38553635222555
cnn,20261006,validation,gap16,rubato,2.2273002784481672,1.2833923436494412,11899,935,0.09431549772779965,0.16422748705149057,3.2724212199598983,0.03162898930699377,0.4977353763129999,10635,10377,13.588542100020709,49.77353763129999
cnn,20261006,validation,gap16,dynamics,1.1693055322563612,0.8845117520622704,11899,935,0.1940716691566911,0.21438074798883755,1.2079543260977503,0.03388512558911099,0.5103068300560464,10635,10527,13.780005772391931,51.03068300560464
cnn,20261006,validation,gap16,articulation,1.8613179194559248,1.3252921788883656,11899,935,0.04854434399275719,0.12023209966077934,3.242252559567272,0.016074436931089522,0.5016539079482091,10635,10581,10.021610609179655,50.16539079482091
cnn,20261006,validation,gap16,pedal_depth,0.7603289856964226,0.5408624652090909,11899,935,0.07510836414711441,0.170799048066195,0.881758475247878,0.0291118773785432,0.5129328772979906,10635,9356,14.28937950509388,51.29328772979906
cnn,20261006,validation,gap16,pedal_down_ratio,0.8218180292554622,0.40298608035178807,11899,935,0.051580738732117146,0.1625346324488058,1.0365300110091649,0.01122074803408215,0.5109877126654064,10635,8464,13.574141902285703,51.098771266540645
cnn,20261006,validation,gap16,pedal_changes,0.9671948287069887,0.739686088672592,11899,935,0.02883061256362159,0.13657070730092996,1.6410876646643848,0.04472751860766474,0.5330710136780963,10635,5337,13.261584747394336,53.30710136780963
zero,-1,validation,gap16,tempo,1.6446513166733532,0.9720267616852827,11899,935,,0.0,1.7078148421911385,,0.0,10635,10357,0.0,0.0
zero,-1,validation,gap16,rubato,2.328978758434715,1.2980516526148635,11899,935,,0.0,3.24046417918505,,0.0,10635,10377,0.0,0.0
zero,-1,validation,gap16,dynamics,1.3423959307155677,1.027719805619634,11899,935,,0.0,1.1964129049298322,,0.0,10635,10527,0.0,0.0
zero,-1,validation,gap16,articulation,1.9963705586950957,1.4303138908097386,11899,935,,0.0,3.2202711861022375,,0.0,10635,10581,0.0,0.0
zero,-1,validation,gap16,pedal_depth,0.988580298925239,0.6047072527372651,11899,935,,0.0,0.871173630790888,,0.0,10635,9356,0.0,0.0
zero,-1,validation,gap16,pedal_down_ratio,0.937768404635388,0.4123489523989571,11899,935,,0.0,1.0207968602229947,,0.0,10635,8464,0.0,0.0
zero,-1,validation,gap16,pedal_changes,1.003339173506451,0.7181984724728724,11899,935,,0.0,1.6317434218091467,,0.0,10635,5337,0.0,0.0
visible_mean,-1,validation,gap16,tempo,1.2171683477349748,0.7042277266123296,11899,935,,0.0,1.7078148421911385,,0.0,10635,10357,0.0,0.0
visible_mean,-1,validation,gap16,rubato,2.313754851688754,1.339126627897123,11899,935,,0.0,3.24046417918505,,0.0,10635,10377,0.0,0.0
visible_mean,-1,validation,gap16,dynamics,1.2528722338052194,0.9266264968565339,11899,935,,0.0,1.1964129049298322,,0.0,10635,10527,0.0,0.0
visible_mean,-1,validation,gap16,articulation,1.8755642590126804,1.353400688888774,11899,935,,0.0,3.2202711861022375,,0.0,10635,10581,0.0,0.0
visible_mean,-1,validation,gap16,pedal_depth,0.775494316151192,0.5479500904680071,11899,935,,0.0,0.871173630790888,,0.0,10635,9356,0.0,0.0
visible_mean,-1,validation,gap16,pedal_down_ratio,0.8404692828883019,0.4461776081393063,11899,935,,0.0,1.0207968602229947,,0.0,10635,8464,0.0,0.0
visible_mean,-1,validation,gap16,pedal_changes,0.9607677352685393,0.7379728710849937,11899,935,,0.0,1.6317434218091467,,0.0,10635,5337,0.0,0.0
linear_interpolation,-1,validation,gap16,tempo,1.5799245061309453,0.859167736645917,11899,935,0.12332863697390721,0.44885364116238047,1.7080392770602577,0.040138815249286634,0.43352322100994495,10635,10357,8.186024699152952,43.35232210099449
linear_interpolation,-1,validation,gap16,rubato,2.975235815588685,1.6379292535190342,11899,935,0.12282563083693591,0.43742130695732523,3.2411279105530766,0.03887877123349906,0.437602389900742,10635,10377,8.035014937453495,43.7602389900742
linear_interpolation,-1,validation,gap16,dynamics,1.5567896915298796,1.1382586847472638,11899,935,0.22606074855821226,0.4746919945970905,1.1942716020915598,0.060657505460124876,0.44723092998955066,10635,10527,10.413117373050436,44.72309299895507
linear_interpolation,-1,validation,gap16,articulation,2.858504311542316,1.7754081781266273,11899,935,0.05788126657251184,0.4600457945316826,3.2368336477069137,0.009510173898293313,0.43474151781495135,10635,10581,8.186102427099655,43.47415178149514
linear_interpolation,-1,validation,gap16,pedal_depth,0.9620120484530492,0.5871384434846285,11899,935,0.16139293662330093,0.48281619331609565,0.8726149325190377,0.040255334882854495,0.435549380076956,10635,9356,9.759677320702387,43.5549380076956
linear_interpolation,-1,validation,gap16,pedal_down_ratio,1.1322529338562706,0.583038449032154,11899,935,0.1099582770159471,0.4816684132056676,1.0247551665616337,0.02883525220194857,0.4162334593572779,10635,8464,9.750467723825855,41.62334593572779
linear_interpolation,-1,validation,gap16,pedal_changes,1.4418133353797722,1.0476428609179347,11899,935,0.03661649538858615,0.44095739143000034,1.6405005780171111,0.002523390082610835,0.2720629567172569,10635,5337,7.577684469474997,27.206295671725687
cnn,20261006,test,best,tempo,1.2378055339945202,0.6864498481911676,20480,1670,0.2174170015106739,0.26598578809817724,1.8283249188632018,0.06496053726554381,0.5193009545199326,14504,14248,17.28155882041172,51.93009545199326
cnn,20261006,test,best,rubato,1.9565944301948182,1.029650897519034,20480,1670,0.21198563233627038,0.24800236183290716,2.9386956448263137,0.06274638764399187,0.5124552662971019,14504,14251,16.120407620052955,51.24552662971019
cnn,20261006,test,best,dynamics,0.9812421904419395,0.7911822612042105,20480,1670,0.33050927898129145,0.3235196456135356,1.1829899542971996,0.04313264906479233,0.5162389595938521,14504,14379,16.20264376474132,51.623895959385216
cnn,20261006,test,best,articulation,1.7198856588308622,1.2811917887084547,20480,1670,0.12700993234270821,0.18735128354442168,2.9320032759781656,0.033172571339300405,0.5105499827049463,14504,14455,12.492077360607102,51.054998270494636
cnn,20261006,test,best,pedal_depth,0.6784180524632302,0.5092378047383986,20480,1670,0.2426899443262388,0.27446616316063277,0.9108442585549629,0.03839323202770604,0.5148364392545789,14504,12503,16.65291570773097,51.48364392545789
cnn,20261006,test,best,pedal_down_ratio,0.7546177904010981,0.46132252528445966,20480,1670,0.1975773844772981,0.254782874215964,1.1107866042036136,0.04168235087021871,0.5244527706566752,14504,10142,15.35876199207723,52.44527706566752
cnn,20261006,test,best,pedal_changes,0.9314242187217406,0.705285328258286,20480,1670,0.08688974408780695,0.17219391192097283,1.7294960375578683,0.044337276434901804,0.5177208750211972,14504,5897,14.784105452629495,51.772087502119724
cnn,20261007,validation,initial,tempo,1.5386318240913137,1.1067514065957937,11899,935,-0.0037271070111178015,0.08103819988242407,1.614649684928936,0.025605813359961586,0.5115491595114282,8478,8269,9.11594436711323,51.15491595114282
cnn,20261007,validation,initial,rubato,2.1055698804183636,1.3947675328713844,11899,935,-0.012417742188401299,0.052090931684444626,2.9526841761828466,-0.0009953808259697194,0.5041023166023166,8478,8288,5.869245198791137,50.410231660231666
cnn,20261007,validation,initial,dynamics,1.299929294104224,1.0873216351913633,11899,935,0.012298436726699502,0.0782218871663863,1.200872790540337,0.0022429298755820147,0.5113149118627918,8478,8396,10.296240551593835,51.13149118627918
cnn,20261007,validation,initial,articulation,1.9393588765975072,1.3808074620143747,11899,935,-0.011686407089828616,0.059696664508351885,3.208467212348668,-0.008021583940523817,0.49518945242902956,8478,8419,6.307066370486759,49.51894524290296
cnn,20261007,validation,initial,pedal_depth,0.9567497028217169,0.6343493688501826,11899,935,0.007053305348308471,0.08492240685905027,0.8226318946520009,0.013540527646859342,0.5119063635140589,8478,7433,11.025125353799364,51.19063635140589
cnn,20261007,validation,initial,pedal_down_ratio,0.9551390625764964,0.5049583850985812,11899,935,0.000406554284081186,0.08667001399819589,0.9863796212490241,0.007784353861727188,0.49054652880354505,8478,6770,10.728881134864107,49.0546528803545
cnn,20261007,validation,initial,pedal_changes,1.0822964909793724,0.8024438589934272,11899,935,0.0041855195083062915,0.08176345396503593,1.6477081192635954,-0.004967626751401032,0.4978642619838633,8478,4214,8.740923351279536,49.78642619838633
cnn,20261007,validation,final,tempo,1.0578427686943144,0.7069830891597544,11899,935,0.20099416272029869,0.29347308864992955,1.6262774862185978,0.0746820664207447,0.5188051759583988,8478,8269,20.3042809294343,51.88051759583988
cnn,20261007,validation,final,rubato,1.9182459459434729,1.314965195787386,11899,935,0.1989947823226761,0.2608700683079189,2.9532646018613242,0.07883486419639156,0.5184604247104247,8478,8288,17.882932920175453,51.84604247104247
cnn,20261007,validation,final,dynamics,1.0046094996897463,0.8291325063134626,11899,935,0.33429098064010576,0.3164628520463915,1.20368407552039,0.04015956977709389,0.5157217722725107,8478,8396,15.934453031616636,51.57217722725107
cnn,20261007,validation,final,articulation,1.7696439660051229,1.2415923605197001,11899,935,0.08150878231558653,0.17362708770018345,3.242744014460852,-0.000943192980592389,0.500653284238033,8478,8419,12.436604996227004,50.0653284238033
cnn,20261007,validation,final,pedal_depth,0.6690514834046548,0.49089492081633535,11899,935,0.23060076671866492,0.26250428621310284,0.8334664385554951,0.025720309020298128,0.5106955468855106,8478,7433,17.762794535831585,51.06955468855106
cnn,20261007,validation,final,pedal_down_ratio,0.7754996249338434,0.4921779722813811,11899,935,0.18334751428528243,0.24004932709586768,0.996561973086588,0.023284796049977102,0.5109305760709011,8478,6770,16.741834990788067,51.09305760709011
cnn,20261007,validation,final,pedal_changes,0.9984580320217951,0.7836074200283392,11899,935,0.07530532987730101,0.16255948089793557,1.6470432751447073,0.04942335143244521,0.5306122448979592,8478,4214,15.214782577249508,53.06122448979592
cnn,20261007,validation,best,tempo,1.0574804342398676,0.7160846363801038,11899,935,0.20270641853457302,0.28377649196672616,1.6241202047490289,0.06844653685774535,0.5204982464626919,8478,8269,18.765293918274782,52.049824646269194
cnn,20261007,validation,best,rubato,1.9207105242351763,1.2954318763425687,11899,935,0.19998678825883606,0.2476735774936952,2.95237756612517,0.06987361299008,0.5135135135135135,8478,8288,16.12051520707369,51.35135135135135
cnn,20261007,validation,best,dynamics,1.0128250086368025,0.8230680042467677,11899,935,0.314729442292743,0.3077545277070827,1.2001475666037562,0.04442235715887493,0.5220343020485946,8478,8396,15.164718737541538,52.20343020485946
cnn,20261007,validation,best,articulation,1.7551297539475772,1.2410647025779762,11899,935,0.0911536945356686,0.17921807150654645,3.2232544636522356,0.0210866412780886,0.5122936215702577,8478,8419,12.137446152309556,51.22936215702577
cnn,20261007,validation,best,pedal_depth,0.6546612433653163,0.4852192888157139,11899,935,0.24147713098216858,0.2727915009896637,0.829184396286492,0.03337621242387053,0.5082739136284138,8478,7433,16.87222138967252,50.82739136284138
cnn,20261007,validation,best,pedal_down_ratio,0.7691605440958172,0.4789790384019059,11899,935,0.19920214419948218,0.2468323530489018,0.9959937719443792,0.014933260287695942,0.512112259970458,8478,6770,15.610754905638155,51.211225997045794
cnn,20261007,validation,best,pedal_changes,0.9961264133967779,0.772236936132708,11899,935,0.07683268702505784,0.16080666623553944,1.6490828790159593,0.041974523894937825,0.5242050308495492,8478,4214,14.740653369730259,52.420503084954916
cnn,20261007,validation,shuffle0,tempo,1.1747342564082837,0.7934757699187276,11899,935,-0.010953795268684363,0.23624333167906333,1.6548239933638669,0.0023027933116108465,0.49389285282379974,8478,8269,17.143674670345167,49.38928528237997
cnn,20261007,validation,shuffle0,rubato,2.116803540642087,1.445539738738687,11899,935,-0.009319791130012571,0.20405089207124083,2.996343666421325,0.011402845957358063,0.5026544401544402,8478,8288,14.749608531113465,50.26544401544402
cnn,20261007,validation,shuffle0,dynamics,1.2415777155024426,1.0111576023460516,11899,935,-0.001961438801902911,0.2421751551751495,1.206802420562732,0.012987543537552215,0.4997617913292044,8478,8396,13.669868530519146,49.97617913292044
cnn,20261007,validation,shuffle0,articulation,1.8201705596342561,1.2833277503102605,11899,935,-0.003986392647456826,0.154000251606477,3.2321378547718562,-0.0032054028141413555,0.5027913053806865,8478,8419,10.821342897346035,50.27913053806865
cnn,20261007,validation,shuffle0,pedal_depth,0.7465136450488984,0.5460188231507768,11899,935,0.011124463523037004,0.21373971198786454,0.8329040785374617,-0.0007150025783497368,0.49293690300013454,8478,7433,14.687917559659475,49.29369030001345
cnn,20261007,validation,shuffle0,pedal_down_ratio,0.8589519724118808,0.5101555033086559,11899,935,-0.00382642067180559,0.19413052363045688,1.0004737477668895,-0.01773230743515897,0.5054652880354505,8478,6770,13.911933314634728,50.54652880354505
cnn,20261007,validation,shuffle0,pedal_changes,1.0214967382593652,0.7893754744435869,11899,935,0.003659079077348315,0.13872803930292618,1.6533798890790854,0.019519050260379103,0.5004746084480304,8478,4214,13.069224128394929,50.04746084480304
cnn,20261007,validation,shuffle1,tempo,1.1810500051080561,0.7906176609431197,11899,935,-0.0026504172085932364,0.23201796774669523,1.6494476668177012,0.009298374083348743,0.4971580602249365,8478,8269,16.85372559785682,49.71580602249365
cnn,20261007,validation,shuffle1,rubato,2.130640835731138,1.4694029876904127,11899,935,-0.002650578129139023,0.20023489647554016,2.9919366084748433,0.013720610461287608,0.5003619691119691,8478,8288,14.444039362122574,50.0361969111969
cnn,20261007,validation,shuffle1,dynamics,1.22914331481138,0.9929206387068559,11899,935,-0.003741595030286763,0.23349982245470957,1.209324548742419,0.004801604440299022,0.5032158170557408,8478,8396,13.617908873421655,50.32158170557408
cnn,20261007,validation,shuffle1,articulation,1.8249339994271496,1.3035610239810718,11899,935,-0.009049826329951554,0.153110878624528,3.2201724072568663,0.015200480379088476,0.49625846300035636,8478,8419,10.948092391041767,49.62584630003563
cnn,20261007,validation,shuffle1,pedal_depth,0.7377505294376924,0.5257855773324159,11899,935,0.019936256408156314,0.21275550084862394,0.8327718709677158,0.00564705200748236,0.5018162249428225,8478,7433,15.276447370887897,50.18162249428225
cnn,20261007,validation,shuffle1,pedal_down_ratio,0.8510326655138385,0.5141309811302925,11899,935,0.017876141445407192,0.19204955077686123,0.9935824467302588,0.007820726118443602,0.506794682422452,8478,6770,13.924211543752731,50.67946824224519
cnn,20261007,validation,shuffle1,pedal_changes,1.0193490131558631,0.7781815237942453,11899,935,0.016733168378586242,0.13958153589677724,1.654559899260476,0.018626241212021815,0.5180351210251543,8478,4214,13.286515847599937,51.80351210251543
cnn,20261007,validation,shuffle2,tempo,1.1760718145847728,0.7769507510488999,11899,935,-0.0101084201512245,0.23342826458162505,1.6630277652301955,-0.011612785900170935,0.4936509856089007,8478,8269,17.23236643046634,49.36509856089007
cnn,20261007,validation,shuffle2,rubato,2.122797797377459,1.43499872876466,11899,935,-0.004738031896896586,0.20127473843340074,3.0081766112074546,-0.0015386776638528134,0.4962596525096525,8478,8288,14.818261481502004,49.62596525096525
cnn,20261007,validation,shuffle2,dynamics,1.2301774722555547,0.991923369340406,11899,935,-0.004584817848801402,0.2433574606270171,1.2053454373133528,0.01613274051082688,0.5054787994282992,8478,8396,13.515156355212879,50.54787994282992
cnn,20261007,validation,shuffle2,articulation,1.8162544849216355,1.270270175952946,11899,935,0.0006869258742824012,0.15393360757251986,3.223871998694983,0.010339541787444445,0.509561705665756,8478,8419,10.987170545868345,50.9561705665756
cnn,20261007,validation,shuffle2,pedal_depth,0.7487923056445757,0.5314058090948273,11899,935,0.004328256556628736,0.2122885778245424,0.8316159944306739,0.008401519228518242,0.5046414637427687,8478,7433,15.07335291669846,50.46414637427687
cnn,20261007,validation,shuffle2,pedal_down_ratio,0.858861419334733,0.5168318704993762,11899,935,-0.0013478344219733803,0.1947976700241421,0.9980849516362083,-0.006584297650194659,0.5070901033973412,8478,6770,14.134077970144125,50.70901033973412
cnn,20261007,validation,shuffle2,pedal_changes,1.0258492967516064,0.7844373417393156,11899,935,0.004646145620038239,0.13912964559391428,1.658026991383498,0.008916962546894463,0.5109159943046986,8478,4214,13.097585437583897,51.091599430469856
cnn,20261007,validation,gap1,tempo,1.026902544784502,0.7421548698814527,11899,935,0.25256970158480674,0.31453892950455903,1.7250598641557793,0.08343102868441289,0.5147329650092081,2234,2172,19.76547596844274,51.47329650092081
cnn,20261007,validation,gap1,rubato,1.8690645984423824,1.2941093835054953,11899,935,0.2572252399709497,0.2725904282846427,3.1317953994828684,0.08303947011986376,0.5085214187010594,2234,2171,17.26516010570745,50.85214187010594
cnn,20261007,validation,gap1,dynamics,0.9754055988353841,0.7933583582137174,11899,935,0.3949576144782846,0.3396594268812249,1.232564440897898,0.055426418808167156,0.5207394048692516,2234,2218,16.130210529052547,52.07394048692516
cnn,20261007,validation,gap1,articulation,1.826931482178664,1.2980841394339997,11899,935,0.12057645388394339,0.19019549403588157,3.243861302089635,0.01646746152178559,0.5027075812274369,2234,2216,12.66784092953018,50.270758122743686
cnn,20261007,validation,gap1,pedal_depth,0.6975968865128157,0.5433633425771499,11899,935,0.24681604032690987,0.2830346507162976,0.8839651883084052,-0.031052161959805504,0.4936451448906965,2234,1967,17.73158220130547,49.36451448906965
cnn,20261007,validation,gap1,pedal_down_ratio,0.7838692901293507,0.5325339187588024,11899,935,0.2201067597812032,0.2590182633286456,0.9742294661427977,0.009557248956368218,0.4966367713004484,2234,1784,16.836404732736654,49.66367713004484
cnn,20261007,validation,gap1,pedal_changes,0.9213325256619798,0.7585642500428146,11899,935,0.0867687201792436,0.1760848842130523,1.6117190746409733,0.022852593886666682,0.5180935569285083,2234,1133,15.492713557759693,51.809355692850836
cnn,20261007,validation,gap8,tempo,1.0308278280036447,0.6786714357377708,11899,935,0.17160468210576774,0.2591864454128198,1.550021456975186,0.06122697490806432,0.5130362522073335,9867,9627,18.787228008085815,51.30362522073335
cnn,20261007,validation,gap8,rubato,1.8361132914728688,1.2292958692570106,11899,935,0.17954669161977457,0.22596934914343403,2.8554043338889543,0.06618319452529338,0.5152770585189022,9867,9655,16.275264858798653,51.52770585189022
cnn,20261007,validation,gap8,dynamics,1.0851278255114094,0.8898234168218349,11899,935,0.20549069694895014,0.2531747354192746,1.2154458531389356,0.015832326092306396,0.5061917920376625,9867,9771,14.586069363870525,50.61917920376625
cnn,20261007,validation,gap8,articulation,1.8740690366896844,1.2624259365175847,11899,935,0.051341856787901805,0.1522121198592593,3.171074915510639,0.012275709602102123,0.5063808065339459,9867,9795,11.490600937120027,50.63808065339459
cnn,20261007,validation,gap8,pedal_depth,0.7060438020859098,0.4999500891103861,11899,935,0.1571532126516481,0.22968083430448397,0.8213524352229734,0.05929030860213685,0.5252734599884858,9867,8685,15.846311443038072,52.52734599884859
cnn,20261007,validation,gap8,pedal_down_ratio,0.8091039211400387,0.43273298237893476,11899,935,0.12202647971884385,0.20797345872523484,1.0091562476706581,0.033341270287491,0.518253765636967,9867,7834,14.886549923921333,51.8253765636967
cnn,20261007,validation,gap8,pedal_changes,0.9908944812888467,0.7740539098856473,11899,935,0.03330410133929858,0.1446297970123583,1.6310675314808343,0.030543113918806777,0.5130119023602986,9867,4957,14.05555680310778,51.30119023602986
cnn,20261007,validation,gap16,tempo,1.220209252247749,0.6864097465980529,11899,935,0.09627600594771848,0.19959209563496297,1.7357498370505764,0.03704905178941264,0.5025586559814618,10635,10357,17.021480687036547,50.25586559814618
cnn,20261007,validation,gap16,rubato,2.2441642247713185,1.2630202784559783,11899,935,0.09406853600672269,0.16857240727444323,3.2775735922229403,0.03207989946754014,0.5105521827117664,10635,10377,14.380963520483089,51.05521827117664
cnn,20261007,validation,gap16,dynamics,1.1954195040723006,0.9022902951253412,11899,935,0.1477362088636918,0.19824921380084223,1.2132650415384922,0.01970281258222538,0.5079319844210126,10635,10527,14.001677494328668,50.793198442101264
cnn,20261007,validation,gap16,articulation,1.8588486326064895,1.3305118485362206,11899,935,0.03679948760959264,0.12259450834200153,3.2607930809423844,-0.005820595251196735,0.49730649277005956,10635,10581,10.651915379654668,49.73064927700596
cnn,20261007,validation,gap16,pedal_depth,0.777683170086667,0.5611451741410556,11899,935,0.07910922448969697,0.17599982852656015,0.8793090196434629,0.040046851530241706,0.5210560068405301,10635,9356,14.462930635214121,52.10560068405301
cnn,20261007,validation,gap16,pedal_down_ratio,0.8371150627254654,0.40658144921520517,11899,935,0.05292711009107506,0.16449154430173543,1.0351865925818051,0.018031126033430732,0.5118147448015122,10635,8464,13.810250943457788,51.18147448015122
cnn,20261007,validation,gap16,pedal_changes,0.9654767549679711,0.7223664770574467,11899,935,0.02952439255671571,0.13378447933321475,1.645779364046559,0.03554317157823342,0.5235150833801762,10635,5337,13.486969093865591,52.35150833801762
cnn,20261007,test,best,tempo,1.2589281343292271,0.7041945166102672,20480,1670,0.21672609051153213,0.27179626065732665,1.8325269937693578,0.06617409449110784,0.5128439079169006,14504,14248,18.47375064865744,51.28439079169006
cnn,20261007,test,best,rubato,1.9664483174408893,1.063092406983263,20480,1670,0.21544544890681963,0.2546099873023199,2.9395818047155338,0.06594471642616082,0.5114728790962038,14504,14251,16.782917524421155,51.147287909620374
cnn,20261007,test,best,dynamics,0.9908443617252427,0.7961791342016391,20480,1670,0.32445728121539685,0.31378118500792984,1.1842857625953873,0.036852820514950056,0.5106057444884902,14504,14379,15.82452759258562,51.06057444884902
cnn,20261007,test,best,articulation,1.7350072477026686,1.2965591057028243,20480,1670,0.10548477459978803,0.18862823513814622,2.9648106218348795,-0.007017158962657696,0.4960221376686268,14504,14455,12.931045383377215,49.60221376686268
cnn,20261007,test,best,pedal_depth,0.686345987665071,0.5079663799762528,20480,1670,0.23780928744045063,0.2720078717756872,0.9081890955100687,0.04414488188451606,0.5168359593697512,14504,12503,16.210393600871974,51.683595936975124
cnn,20261007,test,best,pedal_down_ratio,0.757003053542153,0.4541193123042314,20480,1670,0.20561936110842177,0.2485599518645235,1.1067535932049846,0.05172563974273108,0.5103529875764149,14504,10142,15.073570226027961,51.03529875764149
cnn,20261007,test,best,pedal_changes,0.9280944208390078,0.6916859929286416,20480,1670,0.08546931341433664,0.16679966683492653,1.7326094064642854,0.03527665892217134,0.5207732745463796,14504,5897,14.393499845513574,52.07732745463795
cnn,20261008,validation,initial,tempo,1.5344038796253336,1.096576295376288,11899,935,-0.0037443666596581066,0.06749730994540369,1.6210813745816786,-0.01178163244655714,0.491111379852461,8478,8269,7.640393007203183,49.1111379852461
cnn,20261008,validation,initial,rubato,2.100771148516355,1.3977127976001222,11899,935,0.0031649367059444315,0.05298895517288717,2.9544346989945427,-0.009405975381153862,0.4997586872586873,8478,8288,5.571852225934455,49.97586872586873
cnn,20261008,validation,initial,dynamics,1.3039475603326278,1.0697001636095536,11899,935,-0.009882615274307912,0.07418156724823928,1.2061285472228847,-0.020824577434616187,0.5016674606955693,8478,8396,10.178538051190223,50.166746069556936
cnn,20261008,validation,initial,articulation,1.9425959924637446,1.3665237674827844,11899,935,-0.022998494024753173,0.057289469470122756,3.2091331888510477,-0.011135113309359207,0.4949518945242903,8478,8419,6.175858186291621,49.49518945242903
cnn,20261008,validation,initial,pedal_depth,0.9592869854838485,0.6222801997873446,11899,935,-0.015375661691921678,0.09541098084067388,0.8279635134092957,-0.002714157947618219,0.5018162249428225,8478,7433,12.256631995809421,50.18162249428225
cnn,20261008,validation,initial,pedal_down_ratio,0.962090607563201,0.5162688557802995,11899,935,-0.032234206758185856,0.08477949594453349,0.9951522306358322,-0.039543078538841536,0.4948301329394387,8478,6770,10.320753850086325,49.48301329394387
cnn,20261008,validation,initial,pedal_changes,1.0807884865583735,0.8049914559077481,11899,935,-0.01748323017281746,0.07337822942643324,1.6460474833100416,-0.005867359371516235,0.4921689606074988,8478,4214,8.089535289555299,49.21689606074988
cnn,20261008,validation,final,tempo,1.0581023224637778,0.7012765431896353,11899,935,0.20125431637860836,0.30687119026990306,1.6271329661852965,0.07224982841894552,0.5279961301245616,8478,8269,20.08917964512875,52.799613012456156
cnn,20261008,validation,final,rubato,1.9237019108095585,1.3451116947062332,11899,935,0.19684919732727418,0.2656531689696008,2.9678583425281104,0.06286631075718783,0.5225627413127413,8478,8288,17.522884507013377,52.256274131274125
cnn,20261008,validation,final,dynamics,1.0065911517039918,0.8270634093598891,11899,935,0.3230099813317763,0.3425668351764553,1.2112593922216075,0.028831942298114133,0.5134587898999523,8478,8396,16.906975082862534,51.34587898999523
cnn,20261008,validation,final,articulation,1.7510639978517237,1.2079489413958922,11899,935,0.09900921252819762,0.18358700153858845,3.2318693838617767,0.012599372232636455,0.5073049055707328,8478,8419,12.432278573404998,50.73049055707328
cnn,20261008,validation,final,pedal_depth,0.657369234985943,0.48465221043858847,11899,935,0.23401051132346154,0.27812622806957943,0.8287036461981145,0.03981876837706847,0.5154042782187542,8478,7433,17.46739499336887,51.540427821875426
cnn,20261008,validation,final,pedal_down_ratio,0.7569483544249237,0.4770758645554388,11899,935,0.20494817760851722,0.25408191386051315,1.00331974237587,0.003026703290256497,0.508271787296898,8478,6770,16.79162417523935,50.827178729689805
cnn,20261008,validation,final,pedal_changes,0.994287347137258,0.7660976649369026,11899,935,0.09027381260581575,0.1616699280373652,1.6418119922568244,0.056965377396461465,0.5301376364499288,8478,4214,14.723392453993558,53.013763644992885
cnn,20261008,validation,best,tempo,1.0581023224637778,0.7012765431896353,11899,935,0.20125431637860836,0.30687119026990306,1.6271329661852965,0.07224982841894552,0.5279961301245616,8478,8269,20.08917964512875,52.799613012456156
cnn,20261008,validation,best,rubato,1.9237019108095585,1.3451116947062332,11899,935,0.19684919732727418,0.2656531689696008,2.9678583425281104,0.06286631075718783,0.5225627413127413,8478,8288,17.522884507013377,52.256274131274125
cnn,20261008,validation,best,dynamics,1.0065911517039918,0.8270634093598891,11899,935,0.3230099813317763,0.3425668351764553,1.2112593922216075,0.028831942298114133,0.5134587898999523,8478,8396,16.906975082862534,51.34587898999523
cnn,20261008,validation,best,articulation,1.7510639978517237,1.2079489413958922,11899,935,0.09900921252819762,0.18358700153858845,3.2318693838617767,0.012599372232636455,0.5073049055707328,8478,8419,12.432278573404998,50.73049055707328
cnn,20261008,validation,best,pedal_depth,0.657369234985943,0.48465221043858847,11899,935,0.23401051132346154,0.27812622806957943,0.8287036461981145,0.03981876837706847,0.5154042782187542,8478,7433,17.46739499336887,51.540427821875426
cnn,20261008,validation,best,pedal_down_ratio,0.7569483544249237,0.4770758645554388,11899,935,0.20494817760851722,0.25408191386051315,1.00331974237587,0.003026703290256497,0.508271787296898,8478,6770,16.79162417523935,50.827178729689805
cnn,20261008,validation,best,pedal_changes,0.994287347137258,0.7660976649369026,11899,935,0.09027381260581575,0.1616699280373652,1.6418119922568244,0.056965377396461465,0.5301376364499288,8478,4214,14.723392453993558,53.013763644992885
cnn,20261008,validation,shuffle0,tempo,1.1824675511867122,0.7965477945337014,11899,935,0.0008450280087478572,0.25930524805626176,1.65890619641518,0.010581541959723287,0.5030838069899625,8478,8269,18.72705255497098,50.308380698996245
cnn,20261008,validation,shuffle0,rubato,2.129634717126184,1.4474498180643935,11899,935,0.006092444383559076,0.22513020752590146,3.00945678295767,0.011917089803549328,0.4984314671814672,8478,8288,16.348032968524837,49.84314671814672
cnn,20261008,validation,shuffle0,dynamics,1.2585739878309798,1.0261827442080205,11899,935,0.0032725869023028462,0.26688063151095004,1.2179469408854025,-0.003957602132540969,0.5003573130061935,8478,8396,15.242397453413744,50.03573130061935
cnn,20261008,validation,shuffle0,articulation,1.8153222921675,1.2824019026745586,11899,935,0.017375342304617337,0.1634542519485788,3.2379182560237103,-0.005337596476152122,0.49210119966741894,8478,8419,11.402107163882249,49.21011996674189
cnn,20261008,validation,shuffle0,pedal_depth,0.7494031192664775,0.5581675760859053,11899,935,0.012272815654320817,0.21377878248555202,0.8326750416118982,0.010037436609852788,0.5003363379523745,8478,7433,15.701761362511855,50.033633795237456
cnn,20261008,validation,shuffle0,pedal_down_ratio,0.8462115800743513,0.5289499682750873,11899,935,0.0045425849157332285,0.1975345039138853,1.0035810130250622,-0.014916714210638058,0.49556868537666177,8478,6770,15.155462941675568,49.556868537666176
cnn,20261008,validation,shuffle0,pedal_changes,1.020244855759663,0.8006899998198813,11899,935,0.01566741403955453,0.1421227233154695,1.6491650767140325,0.029791497275410535,0.5201708590412909,8478,4214,13.122695393234546,52.01708590412909
cnn,20261008,validation,shuffle1,tempo,1.1855380189038625,0.7935779398606422,11899,935,-0.005895770834978891,0.2577609996248672,1.6630804019131757,0.0021630275385861033,0.5001814004111743,8478,8269,18.565696511032336,50.018140041117434
cnn,20261008,validation,shuffle1,rubato,2.1436779614805093,1.4594574837987802,11899,935,-0.006021970057615481,0.22291173902525563,3.0126703391206062,0.007488308598866715,0.4972249034749035,8478,8288,16.22409922119189,49.72249034749035
cnn,20261008,validation,shuffle1,dynamics,1.2614937225195169,1.0098764616627678,11899,935,-0.006860653090521483,0.26753683147023727,1.2113257920885911,0.014191489770685769,0.5057170080990948,8478,8396,15.223466714659398,50.57170080990948
cnn,20261008,validation,shuffle1,articulation,1.8321658271124175,1.3058167014630426,11899,935,-0.008184338651852816,0.1623988127796345,3.239652233011713,-0.006775472259472069,0.5001781684285544,8478,8419,11.489957671313466,50.017816842855446
cnn,20261008,validation,shuffle1,pedal_depth,0.7407955731150162,0.5403893343218528,11899,935,0.009199822321934333,0.22020879439424743,0.835544134233997,-0.0011569846365415853,0.5082739136284138,8478,7433,15.698589272905267,50.82739136284138
cnn,20261008,validation,shuffle1,pedal_down_ratio,0.8349226257883389,0.5004256959984427,11899,935,0.027987430765351973,0.20460430285455872,1.0023544237831936,-0.010060631102010715,0.4983751846381093,8478,6770,15.21216531069562,49.83751846381093
cnn,20261008,validation,shuffle1,pedal_changes,1.0202365457931164,0.7878282576177523,11899,935,0.015443369884085924,0.14378070483612376,1.6588600296397307,0.008394147288909746,0.5092548647365923,8478,4214,13.251862346602122,50.925486473659234
cnn,20261008,validation,shuffle2,tempo,1.1850665976640073,0.8009126655348541,11899,935,0.0040282019969641635,0.2570703246436509,1.659054237711507,0.010167377188354167,0.49425565364614826,8478,8269,18.698442703685636,49.425565364614826
cnn,20261008,validation,shuffle2,rubato,2.1396849373083855,1.4947162825946518,11899,935,0.005342477390365329,0.22182800317007081,3.0148249423554194,0.006821373049231917,0.4998793436293436,8478,8288,16.390529843201364,49.98793436293436
cnn,20261008,validation,shuffle2,dynamics,1.2538672174217818,1.0032833214861645,11899,935,0.0012663916914973058,0.2738041411571201,1.215844969328056,-0.0014944236584006384,0.5003573130061935,8478,8396,14.90560963737435,50.03573130061935
cnn,20261008,validation,shuffle2,articulation,1.8208171429841842,1.2836734467160815,11899,935,0.007581349808203193,0.16349135627490285,3.2186131252555006,0.020774173032255573,0.5046917686186008,8478,8419,11.347981288040836,50.46917686186008
cnn,20261008,validation,shuffle2,pedal_depth,0.742261207526535,0.5526924268101859,11899,935,0.022651523166348303,0.21284445442961267,0.8358298798710624,-0.0005410286536001515,0.49455132517153233,8478,7433,15.874139120591416,49.45513251715323
cnn,20261008,validation,shuffle2,pedal_down_ratio,0.8439905089094225,0.5259082700624195,11899,935,0.008098541500981896,0.1971892262462954,1.005369849180697,-0.016656724149470965,0.5010339734121123,8478,6770,15.540999313534169,50.103397341211235
cnn,20261008,validation,shuffle2,pedal_changes,1.0186237085801384,0.7747275467180383,11899,935,0.014589076930371505,0.14295913343883085,1.658497963357282,0.008826512034411383,0.4959658281917418,8478,4214,13.209962440355474,49.59658281917418
cnn,20261008,validation,gap1,tempo,1.0299736632924033,0.740608513989087,11899,935,0.25247816782607335,0.3370521836782741,1.7454823600810978,0.06187073750980293,0.511049723756906,2234,2172,20.948962172052767,51.10497237569061
cnn,20261008,validation,gap1,rubato,1.8827866120503183,1.3068504647378458,11899,935,0.2510271752750024,0.28916120140278584,3.1628510683949123,0.060080124379160806,0.5145094426531552,2234,2171,18.082505392599415,51.45094426531552
cnn,20261008,validation,gap1,dynamics,0.9719281307712403,0.8075737098751593,11899,935,0.40085616191703916,0.37795542674265825,1.2477288999299503,0.030497660370557268,0.5130748422001803,2234,2218,17.70885072070114,51.307484220018026
cnn,20261008,validation,gap1,articulation,1.827876463093036,1.2927694003558463,11899,935,0.12068918268241229,0.20207027294499236,3.2557551801971094,0.011156345792709549,0.5004512635379061,2234,2216,13.659132452182057,50.045126353790614
cnn,20261008,validation,gap1,pedal_depth,0.6977063408672997,0.5365070419273039,11899,935,0.2556572869338199,0.293503700181839,0.8732977563866929,0.010778697006510116,0.5160142348754448,2234,1967,18.481816092895702,51.60142348754449
cnn,20261008,validation,gap1,pedal_down_ratio,0.773071064972036,0.5301570410063421,11899,935,0.22080482786187264,0.27551547723754516,0.9823457240108227,0.008518171018079473,0.5151345291479821,2234,1784,19.220500681363028,51.51345291479821
cnn,20261008,validation,gap1,pedal_changes,0.929299571801238,0.7744989428469239,11899,935,0.07382476312845367,0.18004843327787035,1.613724953330099,0.026842059708315692,0.5242718446601942,2234,1133,16.458279806825136,52.42718446601942
cnn,20261008,validation,gap8,tempo,1.0275645744351416,0.6748872632839936,11899,935,0.1722808924083179,0.28294631911747753,1.560346557077472,0.0529310945686668,0.5209307156954399,9867,9627,20.061426905798076,52.093071569543994
cnn,20261008,validation,gap8,rubato,1.831847692902077,1.1909747648102682,11899,935,0.17633983304828635,0.24599266353754584,2.869939819754236,0.0594875144886966,0.522216468151217,9867,9655,17.596252055648566,52.2216468151217
cnn,20261008,validation,gap8,dynamics,1.0847425972456735,0.903403930382216,11899,935,0.22335691189976445,0.28177069573724894,1.2210407350661923,0.010569647330496763,0.5071128850680585,9867,9771,15.686562370399775,50.71128850680585
cnn,20261008,validation,gap8,articulation,1.868835467240864,1.2408856746071444,11899,935,0.07279967722521324,0.15899669352737994,3.1652069885198393,0.022661307004053683,0.5037263910158244,9867,9795,11.76559998266193,50.372639101582436
cnn,20261008,validation,gap8,pedal_depth,0.690527080055631,0.5051296380056374,11899,935,0.1684791880907243,0.23558562197354882,0.8283633540839217,0.03714944114435328,0.5096142774899252,9867,8685,16.48643086631628,50.96142774899251
cnn,20261008,validation,gap8,pedal_down_ratio,0.8005226400628684,0.4297647385279302,11899,935,0.1239731067067879,0.2119702452331984,1.0191793103343123,0.007961108941393,0.5016594332397243,9867,7834,15.755395415789387,50.16594332397243
cnn,20261008,validation,gap8,pedal_changes,0.990101539508569,0.7925445780824057,11899,935,0.05276392229241956,0.1467848608936727,1.6256771897036806,0.040151579879883846,0.5265281420213839,9867,4957,13.73150687568902,52.65281420213839
cnn,20261008,validation,gap16,tempo,1.1988553887147464,0.6772164330328371,11899,935,0.11055812577589472,0.22141817399169422,1.7260725169147917,0.05990158049286394,0.518489910205658,10635,10357,17.941961988669195,51.848991020565805
cnn,20261008,validation,gap16,rubato,2.227018740841396,1.2633239561780039,11899,935,0.10733972287918879,0.18725723751675022,3.2591567045041505,0.05837177462010626,0.5184542738749157,10635,10377,15.42009605114904,51.84542738749157
cnn,20261008,validation,gap16,dynamics,1.214444548386284,0.9222195093641472,11899,935,0.1614840431178794,0.22304580597674023,1.219613829398296,0.008783481862757205,0.5104968177068491,10635,10527,14.822291086151923,51.049681770684906
cnn,20261008,validation,gap16,articulation,1.865719408701832,1.3523412018876306,11899,935,0.043098857020748206,0.12825776874630038,3.251804302496262,0.009525252616971175,0.5046781967677914,10635,10581,10.893467281590672,50.467819676779136
cnn,20261008,validation,gap16,pedal_depth,0.7651355374035863,0.5226637039129112,11899,935,0.0810562135334646,0.1727740714127856,0.8809452238464163,0.03664114497735563,0.516673792218897,10635,9356,14.872060541265226,51.667379221889696
cnn,20261008,validation,gap16,pedal_down_ratio,0.8365243130514088,0.40004275002743345,11899,935,0.06359491885207687,0.1691100011055446,1.038841966007456,0.014940415892305662,0.5164224952741021,10635,8464,14.87688516910618,51.642249527410215
cnn,20261008,validation,gap16,pedal_changes,0.9661903479070912,0.7204999646887742,11899,935,0.04144189414290548,0.13567293970037725,1.6431973524807273,0.038466783983125814,0.5220161139216788,10635,5337,13.066228726441578,52.20161139216788
cnn,20261008,test,best,tempo,1.2554637227808922,0.6765583941495082,20480,1670,0.21602206323797402,0.303377207168294,1.8376486471991373,0.0697253803194854,0.5219679955081415,14504,14248,20.175064586560072,52.196799550814156
cnn,20261008,test,best,rubato,1.9682470186862262,1.0428535790422382,20480,1670,0.2167814598138662,0.28161572292492826,2.9449635773134366,0.07149090496469984,0.5208757280190863,14504,14251,18.559855076693342,52.087572801908635
cnn,20261008,test,best,dynamics,0.9901475577924563,0.8119216336947346,20480,1670,0.32953146153293783,0.3539997561818973,1.1895207565687993,0.03396191070864859,0.5128312121844356,14504,14379,17.18990044499491,51.28312121844356
cnn,20261008,test,best,articulation,1.7273638278583578,1.2858388184943461,20480,1670,0.1220901466297717,0.19673957299006162,2.942384484246441,0.02714416335983684,0.5075060532687651,14504,14455,13.486912809017864,50.75060532687651
cnn,20261008,test,best,pedal_depth,0.6813066842599799,0.5049128629328321,20480,1670,0.23364661847295903,0.28126834949755786,0.9173010589586691,0.022839775390510894,0.5177157482204271,14504,12503,17.334201606767564,51.77157482204271
cnn,20261008,test,best,pedal_down_ratio,0.7510402825233952,0.46341483862567734,20480,1670,0.19796820110863442,0.2597465897018367,1.121893206062883,0.017795685134956832,0.5116347860382567,14504,10142,16.34578006799682,51.16347860382567
cnn,20261008,test,best,pedal_changes,0.9306377853916892,0.7019416716608957,20480,1670,0.0801413870863015,0.17374900425797082,1.7326865930921123,0.03929029005195018,0.5272172290995422,14504,5897,14.953297793392206,52.72172290995422
bilstm,20261006,validation,initial,tempo,1.532379232892672,1.0923099189864283,11899,935,-0.0030745106945857534,0.05004252424673905,1.6141271604635772,0.000390474593764934,0.5028419397750635,8478,8269,5.78559660394048,50.284193977506355
bilstm,20261006,validation,initial,rubato,2.100646534855676,1.3988027588508816,11899,935,0.004118570365032433,0.040755858938941375,2.946238758139811,0.009488796454336043,0.5063947876447876,8478,8288,4.765337510033755,50.63947876447876
bilstm,20261006,validation,initial,dynamics,1.29789664247902,1.0559670636136125,11899,935,0.010884637850935939,0.05557718334713044,1.1931293194133126,0.012018357908072978,0.5026202953787517,8478,8396,7.371346412600363,50.26202953787517
bilstm,20261006,validation,initial,articulation,1.9390541349389823,1.3628938077456996,11899,935,-0.015270236373896358,0.04291185866191174,3.2065623831992554,-0.022430791893368662,0.4949518945242903,8478,8419,4.760286570646529,49.49518945242903
bilstm,20261006,validation,initial,pedal_depth,0.9562910116747648,0.6214010526557293,11899,935,-0.023520240000037707,0.06926147719587619,0.8242865945748495,-0.018243850212254414,0.4960312121619804,8478,7433,8.91296325412318,49.60312121619804
bilstm,20261006,validation,initial,pedal_down_ratio,0.9541697185659049,0.5117852467734454,11899,935,0.008853898293772906,0.06542614368924872,0.9795081378286137,0.025172235991524728,0.5035450516986706,8478,6770,8.367212533719774,50.35450516986706
bilstm,20261006,validation,initial,pedal_changes,1.0746231115066536,0.7924558403875253,11899,935,-0.006762975535321941,0.053999807017551686,1.6378357377383412,0.00301227612574602,0.5061699098243949,8478,4214,5.281639022455176,50.61699098243949
bilstm,20261006,validation,final,tempo,1.037792736378611,0.7002865188390591,11899,935,0.22266027123886145,0.28490126659121545,1.6196728642425657,0.05030310954483238,0.5137259644455194,8478,8269,14.662744938231468,51.372596444551945
bilstm,20261006,validation,final,rubato,1.8782730772901972,1.2769455674443448,11899,935,0.2281432114444094,0.24614654509092132,2.944366454461951,0.058360401051620554,0.5158059845559846,8478,8288,12.265217362406034,51.58059845559846
bilstm,20261006,validation,final,dynamics,0.9751021938892942,0.8150724049509974,11899,935,0.3498607680325569,0.33463948981276737,1.200452236294813,0.03373905561705056,0.5135778942353502,8478,8396,13.804746421602573,51.35778942353502
bilstm,20261006,validation,final,articulation,1.7412114339916345,1.2228549094329837,11899,935,0.11268647196306984,0.16847511336672671,3.221486275239484,0.008324701598664656,0.5033852001425347,8478,8419,10.376139284740846,50.338520014253476
bilstm,20261006,validation,final,pedal_depth,0.6426798074116618,0.47230884249848043,11899,935,0.2760180856531023,0.2892449323030542,0.8302750101249899,0.010543609280384844,0.5062558859141666,8478,7433,14.707401553062963,50.62558859141666
bilstm,20261006,validation,final,pedal_down_ratio,0.770630917188286,0.516182681932247,11899,935,0.2427074402840091,0.26628551148991514,0.9937466834529095,0.00928191989581954,0.5038404726735598,8478,6770,14.143592023079234,50.38404726735598
bilstm,20261006,validation,final,pedal_changes,0.9888890475827956,0.7685246101878449,11899,935,0.07821690525584801,0.15529124346802892,1.654381858270329,0.008401442668912604,0.5173232083531086,8478,4214,12.097047218141638,51.732320835310865
bilstm,20261006,validation,best,tempo,1.037792736378611,0.7002865188390591,11899,935,0.22266027123886145,0.28490126659121545,1.6196728642425657,0.05030310954483238,0.5137259644455194,8478,8269,14.662744938231468,51.372596444551945
bilstm,20261006,validation,best,rubato,1.8782730772901972,1.2769455674443448,11899,935,0.2281432114444094,0.24614654509092132,2.944366454461951,0.058360401051620554,0.5158059845559846,8478,8288,12.265217362406034,51.58059845559846
bilstm,20261006,validation,best,dynamics,0.9751021938892942,0.8150724049509974,11899,935,0.3498607680325569,0.33463948981276737,1.200452236294813,0.03373905561705056,0.5135778942353502,8478,8396,13.804746421602573,51.35778942353502
bilstm,20261006,validation,best,articulation,1.7412114339916345,1.2228549094329837,11899,935,0.11268647196306984,0.16847511336672671,3.221486275239484,0.008324701598664656,0.5033852001425347,8478,8419,10.376139284740846,50.338520014253476
bilstm,20261006,validation,best,pedal_depth,0.6426798074116618,0.47230884249848043,11899,935,0.2760180856531023,0.2892449323030542,0.8302750101249899,0.010543609280384844,0.5062558859141666,8478,7433,14.707401553062963,50.62558859141666
bilstm,20261006,validation,best,pedal_down_ratio,0.770630917188286,0.516182681932247,11899,935,0.2427074402840091,0.26628551148991514,0.9937466834529095,0.00928191989581954,0.5038404726735598,8478,6770,14.143592023079234,50.38404726735598
bilstm,20261006,validation,best,pedal_changes,0.9888890475827956,0.7685246101878449,11899,935,0.07821690525584801,0.15529124346802892,1.654381858270329,0.008401442668912604,0.5173232083531086,8478,4214,12.097047218141638,51.732320835310865
bilstm,20261006,validation,shuffle0,tempo,1.1688523682145577,0.7801750567466578,11899,935,-0.01985582673664916,0.20485140284486555,1.6336864068994292,-0.0051083832793691565,0.5038094086346596,8478,8269,11.932582813443975,50.38094086346596
bilstm,20261006,validation,shuffle0,rubato,2.1047891989684837,1.4114700632132229,11899,935,-0.019206789621729965,0.17605351564065463,2.9704983905091704,0.0024495897828812597,0.5036196911196911,8478,8288,10.050710831061558,50.36196911196911
bilstm,20261006,validation,shuffle0,dynamics,1.243128590842337,1.0131667534179263,11899,935,-0.004747657077099773,0.24460984165551977,1.2064738010475282,-0.012214762658425875,0.4929728442115293,8478,8396,11.01490179856798,49.29728442115293
bilstm,20261006,validation,shuffle0,articulation,1.8026671404772914,1.2678737080327245,11899,935,0.014310600231852775,0.13613318219863754,3.2186926529741458,-0.004928187397821098,0.5016035158569901,8478,8419,8.569841292883043,50.16035158569901
bilstm,20261006,validation,shuffle0,pedal_depth,0.7494511152988061,0.5736327223031453,11899,935,0.002687986022131402,0.20107297178277658,0.8247511325664709,0.014288632287631867,0.5019507601237724,8478,7433,12.368604001113217,50.195076012377235
bilstm,20261006,validation,shuffle0,pedal_down_ratio,0.8723660016102015,0.5368535087984979,11899,935,-0.004769707636748186,0.1849901004205284,0.9913262174142752,-0.0034934320851822036,0.5017725258493353,8478,6770,11.87012416450391,50.17725258493353
bilstm,20261006,validation,shuffle0,pedal_changes,1.013233213171071,0.7860662190627945,11899,935,0.01387443075358838,0.12095469856946936,1.6387165179969105,0.0374568876988995,0.5355956336022781,8478,4214,10.393785942554434,53.55956336022781
bilstm,20261006,validation,shuffle1,tempo,1.1693221305845225,0.7720002563754541,11899,935,-0.005317818649139728,0.21160197402140363,1.621869553764237,0.02444697888801858,0.5067118152134478,8478,8269,11.772524714855386,50.67118152134478
bilstm,20261006,validation,shuffle1,rubato,2.112900359620939,1.4173932591405842,11899,935,-0.004529536027161306,0.18152583449546777,2.9562913397905883,0.02637544763038863,0.5048262548262549,8478,8288,10.035601683984579,50.48262548262549
bilstm,20261006,validation,shuffle1,dynamics,1.238586381259028,1.0176698463841063,11899,935,-0.008101108415480363,0.24973873915902078,1.2078205038256513,-0.01563486463049448,0.49821343496903286,8478,8396,11.162029587464346,49.82134349690329
bilstm,20261006,validation,shuffle1,articulation,1.8108211602871935,1.2782925485399244,11899,935,0.0002581018308650504,0.13646292648007363,3.2109404210344428,0.010533164608006079,0.5016035158569901,8478,8419,8.714142892109907,50.16035158569901
bilstm,20261006,validation,shuffle1,pedal_depth,0.7396398882568578,0.5480329380370649,11899,935,0.024314251217349467,0.2044227285190293,0.8265598354410348,0.00698803080769206,0.5055832100094174,8478,7433,12.540931306774498,50.55832100094174
bilstm,20261006,validation,shuffle1,pedal_down_ratio,0.8630902686325829,0.5263571655298909,11899,935,0.020863636804187822,0.1879208105809965,0.9894958251581396,0.007994667570054442,0.5098966026587888,8478,6770,12.24588269306898,50.989660265878875
bilstm,20261006,validation,shuffle1,pedal_changes,1.014286401080243,0.7766519418884785,11899,935,0.01637876545033717,0.12154708005459432,1.646192058554208,0.01532301519349208,0.5192216421452301,8478,4214,10.376555211930828,51.922164214523015
bilstm,20261006,validation,shuffle2,tempo,1.1681154897900365,0.7797603279007119,11899,935,-0.0037704823556895216,0.2110431299003495,1.623505144141908,0.021313720866238006,0.5050187447091546,8478,8269,11.916481351943835,50.50187447091547
bilstm,20261006,validation,shuffle2,rubato,2.105456825339045,1.4250265597487195,11899,935,-0.00018418316576503414,0.18146336589908424,2.9560167179218846,0.026895945913213225,0.5015685328185329,8478,8288,10.040400421494402,50.15685328185329
bilstm,20261006,validation,shuffle2,dynamics,1.2439937130927088,0.9914209977151801,11899,935,-0.01340331922799279,0.2594539236516076,1.2048993863522488,-0.0015881040575000751,0.49499761791329205,8478,8396,11.463152117257797,49.499761791329206
bilstm,20261006,validation,shuffle2,articulation,1.8068331708446261,1.2559263453536456,11899,935,-0.00010436248709564534,0.13861222833114006,3.222485512594864,-0.013066650527437185,0.4973274735716831,8478,8419,8.460895321433906,49.732747357168314
bilstm,20261006,validation,shuffle2,pedal_depth,0.7450956329264357,0.5490893068748096,11899,935,-0.0027384248036460626,0.20043070326507995,0.8282322955154592,-0.0015364518669328242,0.4958966769810305,8478,7433,12.513557187205816,49.58966769810305
bilstm,20261006,validation,shuffle2,pedal_down_ratio,0.868824294157877,0.5415483661194443,11899,935,0.0026798655708289553,0.18639407655198703,0.9904114657076619,0.002416914536010756,0.5070901033973412,8478,6770,12.072474192343115,50.70901033973412
bilstm,20261006,validation,shuffle2,pedal_changes,1.0158096206145588,0.7812602769757903,11899,935,0.013404817610749027,0.12344546090042682,1.6443354764409028,0.021373494200903436,0.5263407688656858,8478,4214,10.450143078511394,52.63407688656858
bilstm,20261006,validation,gap1,tempo,1.0010537573188767,0.704129946434738,11899,935,0.298939661899519,0.33817933541394074,1.7485766809439252,0.02168785444919439,0.505524861878453,2234,2172,16.403255161561557,50.552486187845304
bilstm,20261006,validation,gap1,rubato,1.8357348116732415,1.2692124459519738,11899,935,0.3021230847718101,0.2906171781329256,3.1549163656972903,0.038791214892194406,0.5158912943344081,2234,2171,13.868198206195112,51.5891294334408
bilstm,20261006,validation,gap1,dynamics,0.9404383416460572,0.7789322820220832,11899,935,0.4320695272947093,0.3688437603013416,1.2250091214760495,0.07497305844545374,0.5387736699729486,2234,2218,16.194483883653998,53.877366997294864
bilstm,20261006,validation,gap1,articulation,1.8139241776904316,1.2818140088216556,11899,935,0.13396601190855287,0.19255037217010856,3.2372714278023227,0.017138771498239273,0.503158844765343,2234,2216,11.779014918076774,50.3158844765343
bilstm,20261006,validation,gap1,pedal_depth,0.6636349743608909,0.5241016873630252,11899,935,0.31868760123984236,0.32543313512065186,0.8719974649623567,-0.003744576325148396,0.49771225216065074,2234,1967,16.53261649077106,49.771225216065076
bilstm,20261006,validation,gap1,pedal_down_ratio,0.7755349483752874,0.5552478165537624,11899,935,0.27054197672767716,0.3030651650784881,0.9840286996759183,-0.025318336170865915,0.4915919282511211,2234,1784,16.461253989224225,49.15919282511211
bilstm,20261006,validation,gap1,pedal_changes,0.9164178348102026,0.7512039760149197,11899,935,0.08665218209157861,0.18452271160772907,1.5993420026476162,0.03941027929376386,0.5216240070609003,2234,1133,14.21205573515009,52.162400706090025
bilstm,20261006,validation,gap8,tempo,1.0126052417672855,0.6722983018720368,11899,935,0.1973790457899118,0.2509342284054475,1.5434676470714646,0.039130112383494425,0.5125168796094318,9867,9627,13.677143532416542,51.25168796094318
bilstm,20261006,validation,gap8,rubato,1.809486950575544,1.192337590244846,11899,935,0.20039993338899958,0.21995651390945786,2.849350223432829,0.046289881700735225,0.5173485240807871,9867,9655,11.663323844107456,51.734852408078716
bilstm,20261006,validation,gap8,dynamics,1.0607364436576978,0.8595468496808627,11899,935,0.2375397747186495,0.2802099329696185,1.2096697567899946,0.018823097106771314,0.49974414082489,9867,9771,12.909894906393514,49.974414082489
bilstm,20261006,validation,gap8,articulation,1.860944993269964,1.2385254268861927,11899,935,0.07454158450235912,0.1415200770551535,3.168852948238571,-0.0013417885258523604,0.5065849923430321,9867,9795,9.70325438099177,50.658499234303214
bilstm,20261006,validation,gap8,pedal_depth,0.6819839212289772,0.5068545378405231,11899,935,0.1721938205572677,0.24268004462763806,0.8252463431705216,0.024211819705363406,0.4991364421416235,9867,8685,13.226210027254503,49.91364421416235
bilstm,20261006,validation,gap8,pedal_down_ratio,0.8207811088449741,0.4729041863092738,11899,935,0.1247923599454805,0.2221029755326448,1.0109622266983078,0.01003278472564705,0.5090630584631095,9867,7834,12.896810700449787,50.90630584631095
bilstm,20261006,validation,gap8,pedal_changes,0.9886256963946285,0.7772860191532202,11899,935,0.02937307007471924,0.1349268488674471,1.6311815573171218,0.007433752163064605,0.5136171071212426,9867,4957,11.371770954055679,51.361710712124264
bilstm,20261006,validation,gap16,tempo,1.1886222084137819,0.6580774104844148,11899,935,0.11661358975619303,0.17347289190603501,1.7249786168839663,0.014752690631138897,0.5042000579318335,10635,10357,11.61157582627799,50.42000579318335
bilstm,20261006,validation,gap16,rubato,2.195867329729869,1.2386028272625245,11899,935,0.1083394799008825,0.14613283220804923,3.2649165999686214,0.01001730617527027,0.5071793389226174,10635,10377,9.749043405178924,50.71793389226173
bilstm,20261006,validation,gap16,dynamics,1.1642061610786132,0.9011248875101542,11899,935,0.19618876685009096,0.2071375663503978,1.208980416994403,0.010866208963004853,0.5034672746271492,10635,10527,11.389365388016373,50.346727462714924
bilstm,20261006,validation,gap16,articulation,1.848644410292864,1.316902089371491,11899,935,0.057095414412356625,0.10605827880571785,3.2402454802396883,0.0070169898679001376,0.5097816841508364,10635,10581,8.609863634527281,50.97816841508364
bilstm,20261006,validation,gap16,pedal_depth,0.7513813815675116,0.5391178872306458,11899,935,0.10372060287278104,0.15881703799482252,0.8821457813812931,0.0033107698560826864,0.5065198802907225,10635,9356,11.563576254806474,50.65198802907225
bilstm,20261006,validation,gap16,pedal_down_ratio,0.8348860337501638,0.42803873079454274,11899,935,0.07923353898340417,0.15401341425081433,1.0326393696041627,0.009232386225778506,0.506734404536862,10635,8464,11.739481237700511,50.673440453686204
bilstm,20261006,validation,gap16,pedal_changes,0.9629108693714088,0.7326463053829885,11899,935,0.016670870074666437,0.11475921578994153,1.644910949067441,0.01354079353460205,0.5053400786958966,10635,5337,10.440051719700785,50.53400786958966
bilstm,20261006,test,best,tempo,1.2223986101918114,0.6508710477080966,20480,1670,0.23603754751508826,0.288238288918536,1.8445904075492292,0.01621908687483818,0.509685569904548,14504,14248,14.517526666350841,50.96855699045481
bilstm,20261006,test,best,rubato,1.9235289297871816,1.0260179219008323,20480,1670,0.23711356132542666,0.2697885527746337,2.9538406325563664,0.02307356641589715,0.5102098098379061,14504,14251,13.015736081040307,51.02098098379061
bilstm,20261006,test,best,dynamics,0.9631684940163667,0.7834550008608714,20480,1670,0.3528554006835888,0.3469540954051568,1.1798603906981917,0.04379587150232955,0.5197857987342652,14504,14379,15.114328779135402,51.978579873426526
bilstm,20261006,test,best,articulation,1.7197504653107978,1.2804558153102827,20480,1670,0.1303461683137931,0.18328568206423382,2.951254811703911,-0.003220126729871926,0.49719820131442405,14504,14455,11.455179063801248,49.719820131442404
bilstm,20261006,test,best,pedal_depth,0.6704378728710763,0.4971402079553946,20480,1670,0.2574515008199383,0.3001627338017715,0.9163675177709673,0.0010798094453590163,0.4992401823562345,14504,12503,14.632515016348869,49.92401823562345
bilstm,20261006,test,best,pedal_down_ratio,0.7540599748975774,0.4680985956468098,20480,1670,0.21996547455041734,0.2798765920728322,1.1195984319382826,0.003370038556186275,0.5,14504,10142,14.055468923989265,50.0
bilstm,20261006,test,best,pedal_changes,0.9228955494484886,0.696111851349108,20480,1670,0.09328449363063598,0.16765837308238518,1.7267723039647491,0.034826320268424256,0.516025097507207,14504,5897,12.631879685682062,51.60250975072071
bilstm,20261007,validation,initial,tempo,1.534033733493536,1.1071297330394119,11899,935,0.0023705094066396445,0.05973749244527851,1.6138652043215185,0.012181010280437665,0.5039303422421091,8478,8269,6.960855546458508,50.39303422421091
bilstm,20261007,validation,initial,rubato,2.105857453856275,1.3957489199303326,11899,935,-0.021749575788083193,0.04100482745475796,2.951813527348763,-0.011537673852346556,0.4962596525096525,8478,8288,4.6814607898360485,49.62596525096525
bilstm,20261007,validation,initial,dynamics,1.2979521203900235,1.0709736085447228,11899,935,0.012080395793634376,0.05745150903390013,1.195235332408171,-0.005208502257506262,0.5020247737017628,8478,8396,6.849043288240692,50.20247737017628
bilstm,20261007,validation,initial,articulation,1.9366750613988566,1.372786924985813,11899,935,-0.014905590570616273,0.04266884731724247,3.2038390355112223,-0.01894081623708777,0.49661479985746526,8478,8419,4.353874611920442,49.661479985746524
bilstm,20261007,validation,initial,pedal_depth,0.9554467648749775,0.6224848866303964,11899,935,-0.0012041703112663695,0.060518883002857585,0.8198714908615385,0.0030241918234700407,0.5039687878380197,8478,7433,7.903414767792983,50.39687878380197
bilstm,20261007,validation,initial,pedal_down_ratio,0.9542866392722508,0.5039024037127047,11899,935,-0.0008384669981201598,0.060890487568379156,0.9812807205903593,0.0018269907027121386,0.49276218611521416,8478,6770,6.981618748179554,49.276218611521415
bilstm,20261007,validation,initial,pedal_changes,1.077587432168317,0.8039106538002111,11899,935,-0.003066342782941562,0.056345648135464096,1.6404529018587641,-0.002195652588697862,0.5007119126720455,8478,4214,6.1605389984698125,50.071191267204554
bilstm,20261007,validation,final,tempo,1.0389063280927118,0.7159154058890511,11899,935,0.22550358320798636,0.271525588591398,1.6169901522468704,0.05127675753648385,0.5116700931188778,8478,8269,13.932776201294045,51.16700931188778
bilstm,20261007,validation,final,rubato,1.87961348124201,1.3127374533958625,11899,935,0.22682652346764126,0.2367237004792919,2.9391827428814903,0.061842394646681065,0.5113416988416989,8478,8288,11.48908860720924,51.134169884169886
bilstm,20261007,validation,final,dynamics,0.9763718274412528,0.8086355810841618,11899,935,0.35861619647809656,0.32100972012929446,1.1951360167162748,0.04631380545341438,0.514292520247737,8478,8396,13.308489494819748,51.429252024773696
bilstm,20261007,validation,final,articulation,1.743585119082501,1.2101693086224148,11899,935,0.10482673241716968,0.1616733408841645,3.230299443659264,-0.011853693657614867,0.49827770519064024,8478,8419,9.750930950830574,49.827770519064025
bilstm,20261007,validation,final,pedal_depth,0.6531868290864181,0.4890937670972076,11899,935,0.2631333327947428,0.2592609386090947,0.8310784690151167,-0.002812914574983195,0.499260056504776,8478,7433,13.690009492954255,49.9260056504776
bilstm,20261007,validation,final,pedal_down_ratio,0.7770720451828,0.49778038354948523,11899,935,0.22292262221720296,0.23443484851195961,0.9917519803198067,0.009229920008940058,0.5062038404726735,8478,6770,13.34325663887476,50.62038404726735
bilstm,20261007,validation,final,pedal_changes,0.9843601660167616,0.76920177650661,11899,935,0.08289981057585877,0.13926454323508056,1.6485962462607258,0.02186613338280849,0.5128144280968201,8478,4214,11.954316353760513,51.28144280968201
bilstm,20261007,validation,best,tempo,1.0345227801543795,0.6986760963229981,11899,935,0.21391181276883395,0.25052451564963796,1.6201379915440006,0.0362967418022061,0.509130487362438,8478,8269,12.783118407388997,50.9130487362438
bilstm,20261007,validation,best,rubato,1.8917191410189438,1.3012552214097766,11899,935,0.21775228684563444,0.21596456026738306,2.9450633598923557,0.048199492792058984,0.5085666023166023,8478,8288,10.565998150067326,50.856660231660236
bilstm,20261007,validation,best,dynamics,0.979317606215843,0.813015546561724,11899,935,0.35251112113717525,0.3069809722429732,1.1918412797635216,0.05396068284409836,0.521081467365412,8478,8396,12.80095078003625,52.10814673654121
bilstm,20261007,validation,best,articulation,1.73453175763786,1.2225527167960666,11899,935,0.10664996232119979,0.15782785244904213,3.2239410056175135,-0.0039002084932836787,0.5062358949994061,8478,8419,9.530288763471862,50.623589499940614
bilstm,20261007,validation,best,pedal_depth,0.6437551162750177,0.46629190441324175,11899,935,0.27488232278843455,0.2743820295381404,0.8310574331272266,-0.004039961794467281,0.5035651822951702,8478,7433,13.576345915885673,50.35651822951702
bilstm,20261007,validation,best,pedal_down_ratio,0.7594622544941169,0.5029805802787995,11899,935,0.24331468927348715,0.24789987779497794,0.9892362995638116,0.013974535005143505,0.5056129985228951,8478,6770,12.799162247856993,50.56129985228951
bilstm,20261007,validation,best,pedal_changes,0.9853247969130209,0.7664064400069261,11899,935,0.08213102188090755,0.1437235712256634,1.6454927114277105,0.026192856025350018,0.522781205505458,8478,4214,11.477989489066816,52.2781205505458
bilstm,20261007,validation,shuffle0,tempo,1.1527650612440936,0.760123020567248,11899,935,-0.019600477709594315,0.1779902357411345,1.6261607864414174,0.0014773918085831765,0.49752086104728505,8478,8269,10.539664440949426,49.752086104728505
bilstm,20261007,validation,shuffle0,rubato,2.0894662907855395,1.4062794899631905,11899,935,-0.014041081503392908,0.15198639344932055,2.9546040174359476,0.019512899046079394,0.5050675675675675,8478,8288,8.72937615900044,50.50675675675676
bilstm,20261007,validation,shuffle0,dynamics,1.2282723374936726,0.984745400333813,11899,935,-0.003958544874491363,0.22608061379617508,1.1982360338962583,0.015129288989677353,0.510600285850405,8478,8396,10.555065201249674,51.0600285850405
bilstm,20261007,validation,shuffle0,articulation,1.7994116404227551,1.268569044963285,11899,935,0.00460519473563074,0.12829917245288328,3.217600971501432,-0.011132154669777627,0.500653284238033,8478,8419,7.814602602671425,50.0653284238033
bilstm,20261007,validation,shuffle0,pedal_depth,0.7486696224898741,0.565364331670625,11899,935,0.003072003481214099,0.18836430554402353,0.8246769448502609,0.007385395977359724,0.5038342526570698,8478,7433,11.577947444450025,50.38342526570698
bilstm,20261007,validation,shuffle0,pedal_down_ratio,0.8631881374543711,0.5416754626773244,11899,935,-0.006079231539414199,0.17008860972751078,0.9856474915061249,0.012246118064641731,0.5078286558345643,8478,6770,10.858891750326345,50.78286558345643
bilstm,20261007,validation,shuffle0,pedal_changes,1.014023304035489,0.7910628307495136,11899,935,0.0035018975187533375,0.11323904618924484,1.6407908247628344,0.027631760963124568,0.5168485999050784,8478,4214,9.866939276949836,51.68485999050784
bilstm,20261007,validation,shuffle1,tempo,1.1543456547873958,0.76313730057387,11899,935,-0.009909861391185559,0.17974296765429462,1.6149707810390919,0.03390918160290332,0.49981859958882574,8478,8269,10.451665672650092,49.98185995888257
bilstm,20261007,validation,shuffle1,rubato,2.0972591015414688,1.4023205759944182,11899,935,-0.0051419282808073535,0.15341134968958287,2.9439811663098525,0.04029399657898064,0.5147200772200772,8478,8288,8.74480870872217,51.47200772200772
bilstm,20261007,validation,shuffle1,dynamics,1.2156596450417696,0.9934620046464264,11899,935,0.002948489889672412,0.22163432742123587,1.1987770995732967,0.01181269524479906,0.5096474511672224,8478,8396,10.42392334320757,50.96474511672224
bilstm,20261007,validation,shuffle1,articulation,1.8007483561340396,1.2735698194132352,11899,935,-0.004874714868771115,0.12604173492034454,3.2084688487972906,0.007741696803122165,0.5029100843330562,8478,8419,7.882797239849765,50.29100843330562
bilstm,20261007,validation,shuffle1,pedal_depth,0.7387752446561371,0.5447459409336122,11899,935,0.030920160879001513,0.18959817793549244,0.8245706450893516,0.007365273111527286,0.4993945916857258,8478,7433,11.512747941027262,49.93945916857258
bilstm,20261007,validation,shuffle1,pedal_down_ratio,0.85294778803077,0.5344737821198197,11899,935,0.025003011982523592,0.17163857746791333,0.9857404218540835,0.013081875813589414,0.5088626292466765,8478,6770,11.000458678980037,50.88626292466765
bilstm,20261007,validation,shuffle1,pedal_changes,1.007950891007456,0.7684936219336468,11899,935,0.029362016162674948,0.1126752801772633,1.6418918276914605,0.024020419842826508,0.5149501661129569,8478,4214,9.839967612487102,51.49501661129568
bilstm,20261007,validation,shuffle2,tempo,1.1501400787749327,0.7633735067153171,11899,935,-0.008627945702390151,0.1813112141727515,1.626559368241618,0.001033777775709843,0.4901439109928649,8478,8269,10.612914824998306,49.01439109928649
bilstm,20261007,validation,shuffle2,rubato,2.09213730325195,1.4155253645712595,11899,935,-0.0048147750051613985,0.1551083288564,2.959384374165477,0.011283158939188463,0.5006032818532818,8478,8288,8.852178157281038,50.06032818532818
bilstm,20261007,validation,shuffle2,dynamics,1.2231819341012782,0.9733993918975291,11899,935,-0.010094243106467378,0.2365759240148485,1.19853532959624,0.014460710458916852,0.5064316341114816,8478,8396,10.608224689017378,50.643163411148166
bilstm,20261007,validation,shuffle2,articulation,1.799380202145059,1.267447279594053,11899,935,0.0006694385726999083,0.12830279686020274,3.217501070270013,-0.009565506370198052,0.49994061052381517,8478,8419,7.930481795841131,49.99406105238152
bilstm,20261007,validation,shuffle2,pedal_depth,0.7465913562849055,0.5305519738922174,11899,935,0.004559294004356032,0.1907290237347638,0.8274771996140694,-0.008121140748226922,0.5023543656666218,8478,7433,11.521343217575927,50.23543656666219
bilstm,20261007,validation,shuffle2,pedal_down_ratio,0.8586969905819785,0.5478715658012218,11899,935,0.004811600766243127,0.17305588513092995,0.9878154224513744,0.0019328260479358963,0.5044313146233382,8478,6770,10.853680288095074,50.443131462333824
bilstm,20261007,validation,shuffle2,pedal_changes,1.0080552232314348,0.788367054630309,11899,935,0.026411812606329327,0.11272380433607465,1.6398005728380507,0.030035117691226014,0.5208827717133365,8478,4214,9.771015890325112,52.08827717133365
bilstm,20261007,validation,gap1,tempo,0.9979681844184868,0.7023789769960879,11899,935,0.28180791886670553,0.2807202249686274,1.7402561476056615,0.013053569626187854,0.48066298342541436,2234,2172,13.59549798286253,48.06629834254144
bilstm,20261007,validation,gap1,rubato,1.8522727561192018,1.2766435582657971,11899,935,0.28097245644853036,0.24001031359523362,3.1542570573483864,0.017865585795727307,0.4845693228926762,2234,2171,11.058309124769638,48.45693228926762
bilstm,20261007,validation,gap1,dynamics,0.9450583538276285,0.789363505306657,11899,935,0.4301782296012456,0.3236331876897547,1.2312566221916774,0.044257964945940344,0.5311091073038774,2234,2218,13.941076973865119,53.11091073038774
bilstm,20261007,validation,gap1,articulation,1.8047002646851882,1.2902288469052285,11899,935,0.13718488425009773,0.17475128007228408,3.240278199583287,0.005268234965210249,0.503158844765343,2234,2216,10.91222329044401,50.3158844765343
bilstm,20261007,validation,gap1,pedal_depth,0.6755696863432578,0.5323722067879194,11899,935,0.2986945146769866,0.2902730747155803,0.8711967040764034,-0.016312607286176308,0.49059481443823083,2234,1967,15.100682396246912,49.05948144382308
bilstm,20261007,validation,gap1,pedal_down_ratio,0.769041591136476,0.5390703971406865,11899,935,0.2645512823462641,0.26412158252113865,0.9759555766021508,-0.02374440508993902,0.48654708520179374,2234,1784,14.243635286102393,48.654708520179376
bilstm,20261007,validation,gap1,pedal_changes,0.9117205317965379,0.7577274627070795,11899,935,0.09171660073167803,0.16388710885184782,1.6063442889823467,0.0163975672588426,0.5110326566637247,2234,1133,13.397022006274078,51.103265666372465
bilstm,20261007,validation,gap8,tempo,1.0093582733788045,0.6709067711421697,11899,935,0.18296943987687836,0.21960018514024926,1.5407053400690633,0.03531660540583227,0.5121013815311104,9867,9627,12.16554766603656,51.21013815311104
bilstm,20261007,validation,gap8,rubato,1.8171219351015464,1.1897438599378742,11899,935,0.18739258273716253,0.19095517723042116,2.848926527960428,0.03791341798252636,0.5108234075608493,9867,9655,10.19711583239523,51.08234075608493
bilstm,20261007,validation,gap8,dynamics,1.0473437538001604,0.8679779870417537,11899,935,0.24910110827060983,0.2599995467987083,1.2059900078393524,0.02114724988748179,0.5079316344284106,9867,9771,11.71125083558427,50.79316344284106
bilstm,20261007,validation,gap8,articulation,1.8536655276449756,1.2262360164825936,11899,935,0.0776851405609097,0.13092793986392043,3.1605271503241728,0.003605178314210976,0.5016845329249617,9867,9795,8.74753763995308,50.168453292496174
bilstm,20261007,validation,gap8,pedal_depth,0.6787738772989947,0.4925249191989234,11899,935,0.18295465208336031,0.23135260019969828,0.8232245388156064,0.029082946944619784,0.5139896373056995,9867,8685,12.640015034860921,51.398963730569946
bilstm,20261007,validation,gap8,pedal_down_ratio,0.8067550752108813,0.4485017953649323,11899,935,0.14178355679025867,0.20371282862960863,1.0065908775706611,0.016000548774213905,0.5145519530252745,9867,7834,11.561174854026337,51.45519530252744
bilstm,20261007,validation,gap8,pedal_changes,0.9798918414593403,0.7879540421941885,11899,935,0.04849958566982857,0.12667564683696086,1.6243833785912931,0.022218961665105265,0.5122049626790397,9867,4957,10.894548394050615,51.22049626790397
bilstm,20261007,validation,gap16,tempo,1.1949940716237752,0.6693893016476551,11899,935,0.09594319734095917,0.15103109065736622,1.722416525211985,0.012990292611528191,0.5053586946026841,10635,10357,10.636383326790222,50.535869460268415
bilstm,20261007,validation,gap16,rubato,2.219315423034298,1.2376614702106128,11899,935,0.08918912393299784,0.12640452794162108,3.2639941726252983,0.00280038898851044,0.5002409174135106,10635,10377,8.804221576104009,50.024091741351064
bilstm,20261007,validation,gap16,dynamics,1.1582586060490234,0.8873607296472391,11899,935,0.1975065113913466,0.1913941956986504,1.2040512053233408,0.024915431547332285,0.5047021943573667,10635,10527,10.863518680339203,50.470219435736674
bilstm,20261007,validation,gap16,articulation,1.842659915374865,1.3253182417583351,11899,935,0.047784756910989934,0.09755411829050258,3.241702034913537,-0.003824191132530156,0.5026935072299404,10635,10581,7.7859560792933395,50.26935072299404
bilstm,20261007,validation,gap16,pedal_depth,0.7584937807434246,0.5374499504594877,11899,935,0.09386518391158327,0.1541397724742621,0.88286836808505,-0.005236509051410925,0.49412141941000426,10635,9356,11.080909106072866,49.41214194100043
bilstm,20261007,validation,gap16,pedal_down_ratio,0.8284667768891655,0.40444287245591953,11899,935,0.07263819044617568,0.14489224010723564,1.0339983432928033,-0.010132947913758013,0.49822778827977315,10635,8464,10.408876815170414,49.82277882797732
bilstm,20261007,validation,gap16,pedal_changes,0.958407816315564,0.7231961277863661,11899,935,0.017887264088113607,0.1069865909007644,1.6430532956986534,0.014383166956685215,0.5057148210605209,10635,5337,9.888474036356667,50.57148210605209
bilstm,20261007,test,best,tempo,1.2179470109441954,0.6650339615941528,20480,1670,0.23444362309914052,0.2522953972699206,1.8387285320097746,0.01280645193453206,0.5082818641212802,14504,14248,12.796159465981896,50.82818641212802
bilstm,20261007,test,best,rubato,1.9266594177770695,1.0048260842327714,20480,1670,0.23214541089735227,0.23516778390691054,2.9516843979321217,0.01070115851734642,0.5028419058311697,14504,14251,11.213074806083112,50.284190583116974
bilstm,20261007,test,best,dynamics,0.9597144682803365,0.7636646451093838,20480,1670,0.3513782929395319,0.32278316761702863,1.181905117777553,0.02721673748814084,0.5068502677515822,14504,14379,13.712066639874063,50.685026775158214
bilstm,20261007,test,best,articulation,1.7070918538466553,1.245559257899725,20480,1670,0.1406022948532473,0.17423988971448892,2.9457125827076256,-0.0038851921583321954,0.5022483569699067,14504,14455,10.56053764902714,50.22483569699067
bilstm,20261007,test,best,pedal_depth,0.6700624259887183,0.4968294499718863,20480,1670,0.26640693158070744,0.2841441481288609,0.9134460957102007,0.003420716622508567,0.5002799328161242,14504,12503,13.697703895031953,50.02799328161242
bilstm,20261007,test,best,pedal_down_ratio,0.7495182921659771,0.4535970948946525,20480,1670,0.22251415668389135,0.25808865904382233,1.1119001461731417,0.016294139088054636,0.501380398343522,14504,10142,12.616741661522173,50.1380398343522
bilstm,20261007,test,best,pedal_changes,0.923227309348053,0.6990024990102984,20480,1670,0.08863499864741013,0.15705614304323934,1.724040351584219,0.03711825756519238,0.5212820078005765,14504,5897,12.044198758089353,52.128200780057654
bilstm,20261008,validation,initial,tempo,1.5357774433314566,1.0910323451809376,11899,935,-0.015094521890397637,0.05613085788808402,1.6153559054093227,-0.004802640886473158,0.5003023340186238,8478,8269,5.9214202548731505,50.030233401862375
bilstm,20261008,validation,initial,rubato,2.101799718273286,1.3930032706898319,11899,935,-0.00976300452329277,0.04127956613909687,2.95034913832653,-0.011516284073750872,0.4942084942084942,8478,8288,4.229429352459713,49.42084942084942
bilstm,20261008,validation,initial,dynamics,1.30011592481366,1.0609744280715434,11899,935,-0.006753284463900048,0.052032520452153404,1.1968629008879776,-0.016891186829909113,0.5023820867079561,8478,8396,6.715868514382764,50.238208670795615
bilstm,20261008,validation,initial,articulation,1.9404897002653219,1.3716143845330335,11899,935,-0.02386656213175163,0.046047471250566706,3.2091677816091013,-0.025389656897687532,0.494714336619551,8478,8419,5.110752487008078,49.4714336619551
bilstm,20261008,validation,initial,pedal_depth,0.9541841694135036,0.6198150324244389,11899,935,-0.0002106532657112241,0.07228348495192048,0.8208873677487466,0.007545841440746119,0.5071976321808153,8478,7433,9.163550714917191,50.719763218081525
bilstm,20261008,validation,initial,pedal_down_ratio,0.9569114546581359,0.5079020974690746,11899,935,-0.02617138472133759,0.06879018403067902,0.987475812672878,-0.021952002217381937,0.4936484490398818,8478,6770,8.489482224431432,49.36484490398818
bilstm,20261008,validation,initial,pedal_changes,1.0754018866760438,0.7992977965286128,11899,935,-0.0045098624299162995,0.05558735854618647,1.6382912209948624,0.00986267249792805,0.5047460844803038,8478,4214,6.3161185895628105,50.47460844803038
bilstm,20261008,validation,final,tempo,1.033018518793443,0.6902421558785492,11899,935,0.21884642054172423,0.27689051851139307,1.6169306064593167,0.05267960623721985,0.503446607812311,8478,8269,14.094333016001878,50.3446607812311
bilstm,20261008,validation,final,rubato,1.8884041633394002,1.291977210558444,11899,935,0.21888668250225446,0.23737937596778275,2.950702573942205,0.046805172793217595,0.5076013513513513,8478,8288,11.786246563137787,50.76013513513513
bilstm,20261008,validation,final,dynamics,0.9856543537559779,0.8203798355933747,11899,935,0.3551799452676706,0.3574790090684064,1.2073391058960468,0.020738219194089334,0.5091710338256312,8478,8396,14.720539137612743,50.91710338256312
bilstm,20261008,validation,final,articulation,1.7451078013915722,1.1901119847615822,11899,935,0.10162167388069661,0.17598116606337555,3.238880226220977,-0.019662663744083785,0.49388288395296354,8478,8419,10.236929058293883,49.38828839529636
bilstm,20261008,validation,final,pedal_depth,0.6491580834852185,0.49278998154387715,11899,935,0.2620252647895734,0.2779325494802831,0.8316347045035285,0.00349127685537728,0.5002018027714247,8478,7433,14.566744256402053,50.020180277142465
bilstm,20261008,validation,final,pedal_down_ratio,0.762542326308435,0.488752977417851,11899,935,0.2394844997120788,0.24973080207398432,1.0010824332806798,-0.01688076646226138,0.49423929098966024,8478,6770,14.175437050199708,49.42392909896603
bilstm,20261008,validation,final,pedal_changes,0.9821309654324524,0.7523532187657117,11899,935,0.08428775014396152,0.15117929912370365,1.6447225117098518,0.03592725220021265,0.5208827717133365,8478,4214,12.521390739646698,52.08827717133365
bilstm,20261008,validation,best,tempo,1.0333911366218573,0.6938476604537686,11899,935,0.21654996797381748,0.2763736636009253,1.6186496889751656,0.045424090806128095,0.502962873382513,8478,8269,13.572791574885912,50.2962873382513
bilstm,20261008,validation,best,rubato,1.885129604928991,1.2995276813082053,11899,935,0.21682283688497986,0.23759215068661943,2.957120891114291,0.03609682761886422,0.4996380308880309,8478,8288,11.578285854223875,49.96380308880309
bilstm,20261008,validation,best,dynamics,0.9847162381550429,0.8215638881778483,11899,935,0.3453294525081216,0.33974678990769036,1.2023540028850799,0.029232494055573124,0.5102429728442115,8478,8396,14.002239548326994,51.02429728442115
bilstm,20261008,validation,best,articulation,1.741238422809969,1.1955984084834268,11899,935,0.10934517683567875,0.1733993857166238,3.238696613492721,-0.016472281146541735,0.4987528210001188,8478,8419,10.488440868631283,49.87528210001188
bilstm,20261008,validation,best,pedal_depth,0.6517083377068382,0.4901642919377295,11899,935,0.2547012222722635,0.30207413147365625,0.8357339104409134,-0.00899302607554462,0.5020852953047222,8478,7433,15.00954326271482,50.20852953047223
bilstm,20261008,validation,best,pedal_down_ratio,0.7670382020103225,0.5032482290369166,11899,935,0.2239742112761023,0.27214422856881404,1.0021309450873586,-0.018109558758131156,0.49556868537666177,8478,6770,14.398917086943497,49.556868537666176
bilstm,20261008,validation,best,pedal_changes,0.9811350175866277,0.7662675206204632,11899,935,0.08094904460718864,0.15344336429169217,1.652838321841393,0.01573847390250065,0.5144755576649265,8478,4214,12.480952353108592,51.44755576649265
bilstm,20261008,validation,shuffle0,tempo,1.1572710989069148,0.7614146238947168,11899,935,-0.014648783587123754,0.20395351025506753,1.6326106736103774,-0.007939320949586246,0.49195791510460757,8478,8269,11.388305678436748,49.19579151046076
bilstm,20261008,validation,shuffle0,rubato,2.099541856538518,1.3923270744598715,11899,935,-0.010591956571168477,0.17614207122286563,2.972175733473335,-0.0032679744373145924,0.4966216216216216,8478,8288,9.764843126076753,49.66216216216216
bilstm,20261008,validation,shuffle0,dynamics,1.2495355638213788,1.0044022660602807,11899,935,-0.0065732987317687645,0.2507912912071002,1.2101391942737698,-0.019813123066649202,0.49499761791329205,8478,8396,11.56089361684398,49.499761791329206
bilstm,20261008,validation,shuffle0,articulation,1.8023657553350818,1.2791106222836248,11899,935,0.023230652634731574,0.14156637219256818,3.2197997399015152,-0.005416762370999019,0.5043354317614919,8478,8419,8.719118101500595,50.433543176149186
bilstm,20261008,validation,shuffle0,pedal_depth,0.7567725295169602,0.57900541007057,11899,935,-0.005571026758347934,0.21388590756324552,0.8299006623830192,-0.009494236293456878,0.5047759989237186,8478,7433,12.52053025181081,50.47759989237186
bilstm,20261008,validation,shuffle0,pedal_down_ratio,0.8726690208896271,0.5504989388550656,11899,935,-0.025328016087487276,0.19695159774232807,0.9968218605058342,-0.022427193825640075,0.49542097488921716,8478,6770,12.254594692813846,49.54209748892172
bilstm,20261008,validation,shuffle0,pedal_changes,1.0113162623385366,0.7755177548392048,11899,935,-0.0031273768725125647,0.12326423501486378,1.646071779491329,0.019268952583788884,0.5166112956810631,8478,4214,10.803785664404304,51.66112956810631
bilstm,20261008,validation,shuffle1,tempo,1.17011287797118,0.7679877219630747,11899,935,-0.01937816110760526,0.20665122764927507,1.6250790380367228,0.011645546140661696,0.4894183093481679,8478,8269,11.27567607427128,48.941830934816785
bilstm,20261008,validation,shuffle1,rubato,2.121980029163484,1.439329190423915,11899,935,-0.016632161113373685,0.1786289867235938,2.959194355144144,0.019519113340740638,0.5054295366795367,8478,8288,9.783912947099688,50.54295366795367
bilstm,20261008,validation,shuffle1,dynamics,1.243012300924306,1.0166664469079607,11899,935,-0.0014692029398299471,0.2524539107877527,1.2048497481302216,0.0006724027237562319,0.5072653644592663,8478,8396,11.685101603483243,50.72653644592663
bilstm,20261008,validation,shuffle1,articulation,1.815126541514957,1.2651395087221455,11899,935,0.0011075342077303118,0.1383768214302448,3.221245049077176,-0.008016803558408477,0.49423922081007243,8478,8419,8.716224033545005,49.42392208100724
bilstm,20261008,validation,shuffle1,pedal_depth,0.7503309096792264,0.5768322805620943,11899,935,0.004469851244341571,0.21048598591750686,0.8300412060846026,-0.00843498735690431,0.49387864926678327,8478,7433,12.686002322249553,49.387864926678326
bilstm,20261008,validation,shuffle1,pedal_down_ratio,0.8614178401081977,0.5501805085574426,11899,935,-0.0034314428326375243,0.19334199519569145,0.9951251110846758,-0.014217507178920901,0.4964549483013294,8478,6770,12.352801533370071,49.64549483013294
bilstm,20261008,validation,shuffle1,pedal_changes,1.0091004496230518,0.7758912709161758,11899,935,0.017510683051788965,0.1206481632388602,1.6491261337597567,0.00858925818259009,0.5196962505932605,8478,4214,10.580110314128468,51.96962505932605
bilstm,20261008,validation,shuffle2,tempo,1.1610175331746984,0.7622418752033011,11899,935,-0.007591099470071662,0.20281936040455784,1.625651462377795,0.009790396681639025,0.502237271737816,8478,8269,11.24944678895859,50.2237271737816
bilstm,20261008,validation,shuffle2,rubato,2.1128485793873546,1.4277930604313742,11899,935,-0.009170110700691375,0.17442829171577656,2.963815340234105,0.010441206796194143,0.4995173745173745,8478,8288,9.668550540535058,49.95173745173745
bilstm,20261008,validation,shuffle2,dynamics,1.2432818425319474,0.9878901072496681,11899,935,-0.013241344048324845,0.25946223063090057,1.2055386009168993,-0.0006773062406541042,0.5002382086707956,8478,8396,11.799344472790958,50.02382086707956
bilstm,20261008,validation,shuffle2,articulation,1.810540029471572,1.2616792951328126,11899,935,0.0054196962820290935,0.1431806412647474,3.2157753386692365,0.0029107152329794703,0.5014847369046205,8478,8419,8.82705865837215,50.14847369046205
bilstm,20261008,validation,shuffle2,pedal_depth,0.7558327852779301,0.5559014803781479,11899,935,-0.005331904671458989,0.21139351735699896,0.831772312219988,-0.01621701145214741,0.49630028252388,8478,7433,12.736941095889733,49.630028252387994
bilstm,20261008,validation,shuffle2,pedal_down_ratio,0.8648065838970346,0.5430622404120994,11899,935,-0.010748402743950497,0.19371750683542094,0.9975036398348599,-0.02388612487805433,0.4901033973412112,8478,6770,12.370947770071107,49.010339734121125
bilstm,20261008,validation,shuffle2,pedal_changes,1.0074398444381283,0.7786004174794522,11899,935,0.01683312505547297,0.12298085817175534,1.6465155605709327,0.017795560042428986,0.5099667774086378,8478,4214,10.777101716672464,50.99667774086378
bilstm,20261008,validation,gap1,tempo,1.0067184324675453,0.7163378149404397,11899,935,0.28737983920936494,0.32979320639532944,1.7425985414288998,0.02899109843159902,0.4986187845303867,2234,2172,15.994734208540082,49.86187845303867
bilstm,20261008,validation,gap1,rubato,1.8386744622436288,1.2759131362854452,11899,935,0.28982538277825454,0.281106261917011,3.144181354593558,0.04975410514891859,0.5080608014739751,2234,2171,13.664165746067573,50.806080147397516
bilstm,20261008,validation,gap1,dynamics,0.943406826729022,0.7930822882623099,11899,935,0.4220351493633476,0.38341396325481697,1.243938339728242,0.027473934290116606,0.5076645626690712,2234,2218,16.24249918452232,50.76645626690712
bilstm,20261008,validation,gap1,articulation,1.8236107504247339,1.3020749733022492,11899,935,0.13343851167466936,0.20049811528141237,3.2350120101889885,0.02244231970299881,0.5203068592057761,2234,2216,12.05822366392957,52.03068592057761
bilstm,20261008,validation,gap1,pedal_depth,0.6833729608971426,0.5405646561292138,11899,935,0.2939696469215511,0.34099785303814323,0.8742038408216213,-0.0036684848356676072,0.5165226232841891,2234,1967,17.33699377452013,51.65226232841891
bilstm,20261008,validation,gap1,pedal_down_ratio,0.7787210526610657,0.5812467981682897,11899,935,0.24763619073025667,0.31291255347854,0.9841592893281375,-0.016885760251027875,0.5145739910313901,2234,1784,17.28541806762962,51.45739910313901
bilstm,20261008,validation,gap1,pedal_changes,0.914085405304562,0.7652859769481484,11899,935,0.08190093650588699,0.18769180213345407,1.6259411504570138,-0.01042993078651056,0.4960282436010591,2234,1133,15.082063026370454,49.60282436010591
bilstm,20261008,validation,gap8,tempo,1.0096074089819254,0.6627853993154635,11899,935,0.18947970538140518,0.24455582239687873,1.545461825778998,0.029187290837798772,0.5034797964059416,9867,9627,12.99628605445534,50.34797964059416
bilstm,20261008,validation,gap8,rubato,1.8069347109334328,1.1754301436186636,11899,935,0.195817401503548,0.2117876089298228,2.8511435291581613,0.03944809472907586,0.510719834282755,9867,9655,11.006157721451979,51.0719834282755
bilstm,20261008,validation,gap8,dynamics,1.0387526974264438,0.8616400368833117,11899,935,0.24443313683307538,0.2871241197043631,1.2112770939931465,0.015325054247268939,0.5073175724081466,9867,9771,13.111080874893357,50.73175724081466
bilstm,20261008,validation,gap8,articulation,1.8664484841048334,1.2848469291876603,11899,935,0.06726308083739034,0.14387266134111112,3.166685503077495,0.0004254570937995626,0.5021949974476774,9867,9795,9.519464378908598,50.21949974476774
bilstm,20261008,validation,gap8,pedal_depth,0.6931903710526217,0.5085605036888281,11899,935,0.17361471565224074,0.2571849359854302,0.8313105751051107,0.003986081567894992,0.5103051237766264,9867,8685,13.994454648187585,51.03051237766264
bilstm,20261008,validation,gap8,pedal_down_ratio,0.8163884919525308,0.4790786636226586,11899,935,0.1235137241996311,0.23001901072933897,1.016515763089794,-0.008934230344670335,0.5086801123308654,9867,7834,13.130613943167353,50.86801123308654
bilstm,20261008,validation,gap8,pedal_changes,0.9817059701486585,0.7864897997927155,11899,935,0.0380164015228038,0.13534004572697914,1.6280530912664768,0.01991829597204163,0.5029251563445633,9867,4957,11.84441881986362,50.29251563445632
bilstm,20261008,validation,gap16,tempo,1.1833984462118927,0.6696570284314554,11899,935,0.11503020552870521,0.17068486252514298,1.7159386075399932,0.03510125398481201,0.5073863087766728,10635,10357,11.252569388128263,50.738630877667276
bilstm,20261008,validation,gap16,rubato,2.1971040613072628,1.2409471997628754,11899,935,0.11221323770955205,0.14305857303801842,3.2525078851222933,0.027639811733194887,0.5023609906524044,10635,10377,9.462734363595029,50.23609906524044
bilstm,20261008,validation,gap16,dynamics,1.1548844016590885,0.8820978358398717,11899,935,0.19019976765659866,0.21258361360379763,1.2091058351571382,0.014138236936565407,0.5056521326113803,10635,10527,11.810754709313317,50.565213261138034
bilstm,20261008,validation,gap16,articulation,1.8468332790187705,1.3002423178375733,11899,935,0.0488420704045465,0.10434284069608192,3.2408824778918888,0.004634737630611607,0.5057177960495227,10635,10581,8.477162579517277,50.57177960495227
bilstm,20261008,validation,gap16,pedal_depth,0.7694910177520463,0.55238529687332,11899,935,0.0867119723621414,0.16688194178906313,0.8855767482288337,-0.006987409985062529,0.4993587002992732,10635,9356,12.171765639318044,49.93587002992732
bilstm,20261008,validation,gap16,pedal_down_ratio,0.8430468789285037,0.43573907208460394,11899,935,0.05806595110173439,0.15830734146076902,1.0386898280848227,-0.01483802024289665,0.49846408317580343,10635,8464,11.834505052767577,49.84640831758034
bilstm,20261008,validation,gap16,pedal_changes,0.9614391634414045,0.7271058104064453,11899,935,0.014882106834895874,0.11439804646719776,1.6435777710912194,0.01896394928767296,0.5079632752482668,10635,5337,10.621364693753392,50.79632752482668
bilstm,20261008,test,best,tempo,1.2391975763276808,0.677591292208814,20480,1670,0.23216328844987638,0.2785593095361452,1.8431067289761167,0.010708500327432383,0.5029477821448625,14504,14248,13.58019073276073,50.29477821448624
bilstm,20261008,test,best,rubato,1.928478878216615,1.0159071175432814,20480,1670,0.231142578859539,0.2595460878034126,2.9593249401884596,0.009079886078435675,0.5033330994316189,14504,14251,12.263690298881766,50.333309943161886
bilstm,20261008,test,best,dynamics,0.9549703450698337,0.7797032813485696,20480,1670,0.3572699976385008,0.35747665795880174,1.1812743519247975,0.03627532566417205,0.5088670978510328,14504,14379,14.634872969171367,50.88670978510328
bilstm,20261008,test,best,articulation,1.7173295563286497,1.2716462465805978,20480,1670,0.13641101378279732,0.19015448472589505,2.9595482231198775,-0.016622896688447925,0.4989968868903494,14504,14455,11.390590275576532,49.89968868903494
bilstm,20261008,test,best,pedal_depth,0.6695609832655333,0.5020087426324401,20480,1670,0.2664316451006203,0.3070253764491749,0.9153643979152222,0.007959860442632052,0.5093177637367032,14504,12503,14.952191136689052,50.931776373670324
bilstm,20261008,test,best,pedal_down_ratio,0.7536215958726131,0.4752472649509546,20480,1670,0.22508206515465312,0.28491686156961654,1.1169608751074216,0.014694298430790228,0.5103529875764149,14504,10142,14.363479061966858,51.03529875764149
bilstm,20261008,test,best,pedal_changes,0.9224178369881187,0.6987506347825729,20480,1670,0.09325751843610296,0.16332332657007248,1.7355921960758565,0.015393846597724286,0.5073766321858573,14504,5897,12.737373375414887,50.73766321858572
transformer,20261006,validation,initial,tempo,1.5385554312317102,1.1059601409150461,11899,935,-0.004997846337657529,0.09793976692792498,1.6347277915109832,-0.001815626924179036,0.4973999274398355,8478,8269,12.518122540869042,49.73999274398355
transformer,20261006,validation,initial,rubato,2.1106666575401865,1.3999822933707489,11899,935,-0.004010880900550638,0.08180401207326965,2.9594617715286136,0.01265907921499941,0.5096525096525096,8478,8288,9.033471080638126,50.965250965250966
transformer,20261006,validation,initial,dynamics,1.3086558944117435,1.0720842279968943,11899,935,-0.00239938836452979,0.11253825399587206,1.2221908635325147,-0.013403852880106521,0.49797522629823726,8478,8396,15.476236055365774,49.797522629823725
transformer,20261006,validation,initial,articulation,1.947294610973797,1.37729145465018,11899,935,-0.011420706720398936,0.07877970469391095,3.2249316657642733,-0.015490306066797114,0.496377241952726,8478,8419,8.646918165974851,49.6377241952726
transformer,20261006,validation,initial,pedal_depth,0.9621458782389689,0.6212390340717568,11899,935,0.0040789780404256,0.12909997123845934,0.833795486992863,0.0032137102504195087,0.5086775191712632,8478,7433,15.434668015868896,50.86775191712633
transformer,20261006,validation,initial,pedal_down_ratio,0.9657199553031992,0.498293166639137,11899,935,0.006747856369391254,0.14144044775233203,1.0008010090030475,0.020392269076408637,0.5020679468242245,8478,6770,17.846148058356626,50.20679468242245
transformer,20261006,validation,initial,pedal_changes,1.0766679237792038,0.8137400087586112,11899,935,0.0027751784636856755,0.10802592474990048,1.6555314029662864,0.0013486059202830725,0.5042714760322734,8478,4214,11.666496456530282,50.42714760322734
transformer,20261006,validation,final,tempo,1.049796182910658,0.6836267900957114,11899,935,0.19899385994821017,0.257259270207395,1.614718688353352,0.061537442213144875,0.5223122505744346,8478,8269,14.805539032965495,52.23122505744347
transformer,20261006,validation,final,rubato,1.9157013664048346,1.2936315278072614,11899,935,0.1962444335491323,0.2229832827674525,2.9455271097204507,0.05915616490029677,0.519546332046332,8478,8288,12.728357217028094,51.954633204633204
transformer,20261006,validation,final,dynamics,1.0596437140839063,0.8516673197284313,11899,935,0.25052626330969013,0.26140794160244485,1.203653597902639,0.014360795232900892,0.5016674606955693,8478,8396,12.730393772392548,50.166746069556936
transformer,20261006,validation,final,articulation,1.7674701308940617,1.2318269251022296,11899,935,0.07882188696202935,0.1441492542838397,3.22084440118843,0.010195130183786733,0.512531179474997,8478,8419,10.489192612997009,51.2531179474997
transformer,20261006,validation,final,pedal_depth,0.6879428388931672,0.5100099530204187,11899,935,0.16825173719521372,0.2289798432019872,0.832052927325506,-0.008158088476163571,0.4961657473429302,8478,7433,13.596168431222319,49.61657473429302
transformer,20261006,validation,final,pedal_down_ratio,0.8125901613944766,0.5130682261572777,11899,935,0.13436350647806156,0.20522995348287884,0.9930291434892099,0.008062806236846395,0.5054652880354505,8478,6770,13.73937132392874,50.54652880354505
transformer,20261006,validation,final,pedal_changes,1.0262806076536444,0.781839583788169,11899,935,0.03942164012644291,0.13515152175717535,1.6518166697981047,0.01780274430659357,0.5109159943046986,8478,4214,12.43438508834635,51.091599430469856
transformer,20261006,validation,best,tempo,1.049796182910658,0.6836267900957114,11899,935,0.19899385994821017,0.257259270207395,1.614718688353352,0.061537442213144875,0.5223122505744346,8478,8269,14.805539032965495,52.23122505744347
transformer,20261006,validation,best,rubato,1.9157013664048346,1.2936315278072614,11899,935,0.1962444335491323,0.2229832827674525,2.9455271097204507,0.05915616490029677,0.519546332046332,8478,8288,12.728357217028094,51.954633204633204
transformer,20261006,validation,best,dynamics,1.0596437140839063,0.8516673197284313,11899,935,0.25052626330969013,0.26140794160244485,1.203653597902639,0.014360795232900892,0.5016674606955693,8478,8396,12.730393772392548,50.166746069556936
transformer,20261006,validation,best,articulation,1.7674701308940617,1.2318269251022296,11899,935,0.07882188696202935,0.1441492542838397,3.22084440118843,0.010195130183786733,0.512531179474997,8478,8419,10.489192612997009,51.2531179474997
transformer,20261006,validation,best,pedal_depth,0.6879428388931672,0.5100099530204187,11899,935,0.16825173719521372,0.2289798432019872,0.832052927325506,-0.008158088476163571,0.4961657473429302,8478,7433,13.596168431222319,49.61657473429302
transformer,20261006,validation,best,pedal_down_ratio,0.8125901613944766,0.5130682261572777,11899,935,0.13436350647806156,0.20522995348287884,0.9930291434892099,0.008062806236846395,0.5054652880354505,8478,6770,13.73937132392874,50.54652880354505
transformer,20261006,validation,best,pedal_changes,1.0262806076536444,0.781839583788169,11899,935,0.03942164012644291,0.13515152175717535,1.6518166697981047,0.01780274430659357,0.5109159943046986,8478,4214,12.43438508834635,51.091599430469856
transformer,20261006,validation,shuffle0,tempo,1.141703028290165,0.7518114287052429,11899,935,0.008599224736298585,0.18547537860084565,1.6235831358816153,0.028340744682704005,0.5000604668037247,8478,8269,12.839981433174351,50.00604668037247
transformer,20261006,validation,shuffle0,rubato,2.0738948985695296,1.411778591686724,11899,935,0.01130961976923254,0.1589861413815756,2.953714662680582,0.03748868503141722,0.5136341698841699,8478,8288,11.050733176556534,51.363416988416986
transformer,20261006,validation,shuffle0,dynamics,1.1912345353016944,0.9563523580109402,11899,935,-0.0030351826677976874,0.18333634302844776,1.1979562099915473,0.0175553636651817,0.5094092424964268,8478,8396,10.721923783180419,50.940924249642684
transformer,20261006,validation,shuffle0,articulation,1.807360165457481,1.2563791678383482,11899,935,0.007785579060921536,0.11664722313307167,3.2129711545413033,0.009573608969729553,0.5087302529991685,8478,8419,9.014707770773082,50.873025299916854
transformer,20261006,validation,shuffle0,pedal_depth,0.743615546970808,0.5474217483690228,11899,935,-0.011922545159204042,0.1665929988595423,0.8272886174566614,-0.0021412724600602317,0.4971074936095789,8478,7433,11.983244867298772,49.71074936095789
transformer,20261006,validation,shuffle0,pedal_down_ratio,0.866839498432593,0.5216264386574067,11899,935,-0.012500508619400807,0.15418566183664903,0.9896832792408139,0.006990983429113359,0.5087149187592319,8478,6770,12.233458892316463,50.87149187592319
transformer,20261006,validation,shuffle0,pedal_changes,1.0341755890013204,0.7849550477132351,11899,935,0.00735146149432482,0.11296177989254423,1.641627297693267,0.032120538599341296,0.5185097294731846,8478,4214,10.848369828400015,51.85097294731846
transformer,20261006,validation,shuffle1,tempo,1.1497355239518938,0.763567180239259,11899,935,0.008843844425309107,0.19004539723797423,1.625426174467681,0.023936522630922677,0.5013907364856693,8478,8269,12.841045361189998,50.139073648566935
transformer,20261006,validation,shuffle1,rubato,2.0883802430519616,1.4032430441194033,11899,935,0.008670513284958263,0.1631172393191705,2.9586130163490334,0.029221111187504343,0.5127895752895753,8478,8288,10.945832650000483,51.27895752895753
transformer,20261006,validation,shuffle1,dynamics,1.1879939145665583,0.9705039640526151,11899,935,0.009877513995652063,0.18294704735697118,1.2015893665122062,0.004899114861789114,0.4972606002858504,8478,8396,10.893721957298776,49.72606002858504
transformer,20261006,validation,shuffle1,articulation,1.8083405728914461,1.287948233469937,11899,935,0.005508816838716553,0.11448788047107444,3.2138966389782415,0.008707284003116735,0.5033852001425347,8478,8419,9.09694122175663,50.338520014253476
transformer,20261006,validation,shuffle1,pedal_depth,0.7362891303510707,0.5411464698942883,11899,935,-0.005160308268277398,0.16495334910533824,0.8279677251154082,-0.004393240426311967,0.49387864926678327,8478,7433,12.097402260231577,49.387864926678326
transformer,20261006,validation,shuffle1,pedal_down_ratio,0.8549430354449866,0.5228540630886032,11899,935,0.007809396180599652,0.15150986148316323,0.9886618593265354,0.012274835098194938,0.5059084194977843,8478,6770,12.34078039973611,50.59084194977843
transformer,20261006,validation,shuffle1,pedal_changes,1.0322804340691074,0.784718763794204,11899,935,0.010056665514462767,0.11247105055858463,1.647485942282468,0.015581640973846693,0.5052206929283342,8478,4214,10.844525857478569,50.522069292833415
transformer,20261006,validation,shuffle2,tempo,1.1437335877168104,0.7480335895512149,11899,935,0.004902373468899116,0.18965613999141842,1.6272869379824721,0.02093804549823797,0.5050187447091546,8478,8269,13.022576546205533,50.50187447091547
transformer,20261006,validation,shuffle2,rubato,2.0816013421776627,1.4135447804753483,11899,935,0.0030611743199569974,0.16279445288880914,2.964248035246331,0.02218769261905625,0.5077220077220077,8478,8288,11.159908736442931,50.77220077220077
transformer,20261006,validation,shuffle2,dynamics,1.1996006307694373,0.9580084546543387,11899,935,-0.007834450061395208,0.19127824422657444,1.2008561703244507,0.007119024240257649,0.5021438780371605,8478,8396,10.825588627439986,50.21438780371605
transformer,20261006,validation,shuffle2,articulation,1.8094187113396933,1.2752776101246126,11899,935,0.0030300639157657045,0.11870954020205578,3.21644089519384,0.003458239581194704,0.4964960209050956,8478,8419,9.006501499887586,49.64960209050956
transformer,20261006,validation,shuffle2,pedal_depth,0.7336034022335185,0.5538220101076233,11899,935,0.0035237043894999786,0.16240635223403851,0.8281841673631593,-0.005401303051552521,0.49885645096192655,8478,7433,12.106839466557497,49.885645096192654
transformer,20261006,validation,shuffle2,pedal_down_ratio,0.8579370911466182,0.5186236326492195,11899,935,0.01468708984126447,0.1505978516306194,0.9884778590971633,0.012828246355663995,0.5090103397341211,8478,6770,12.32108049022907,50.90103397341211
transformer,20261006,validation,shuffle2,pedal_changes,1.0328857161640383,0.7812554846284494,11899,935,0.010142926465764389,0.11386726788550874,1.646036454193628,0.01954777426294721,0.5161366872330327,8478,4214,10.83148862849884,51.61366872330328
transformer,20261006,validation,gap1,tempo,1.0272030766229887,0.7167395230894431,11899,935,0.25664385162520986,0.2616583506475814,1.7299455811845514,0.04048969433177862,0.4986187845303867,2234,2172,14.330404992906603,49.86187845303867
transformer,20261006,validation,gap1,rubato,1.8872345966315713,1.2979552118662585,11899,935,0.2540679832223278,0.22555972033225816,3.13012322732491,0.05762242946863991,0.5085214187010594,2234,2171,12.024749305125997,50.85214187010594
transformer,20261006,validation,gap1,dynamics,1.0438693334800422,0.8699245777460867,11899,935,0.31892938004823024,0.2623771101526795,1.240937533375074,0.0059761403627527285,0.5004508566275925,2234,2218,12.873591856601543,50.04508566275925
transformer,20261006,validation,gap1,articulation,1.8361887836248632,1.3059694328116938,11899,935,0.09630166375972245,0.1421927150069539,3.229295575002842,0.013046086071037761,0.49232851985559567,2234,2216,9.951754911925512,49.23285198555957
transformer,20261006,validation,gap1,pedal_depth,0.7205561858308798,0.5547897247824431,11899,935,0.20668198494859344,0.22975537784598082,0.8615110462921357,0.005762659732207581,0.4997458057956279,2234,1967,13.31571008011456,49.97458057956279
transformer,20261006,validation,gap1,pedal_down_ratio,0.8155314077071331,0.5463941286357183,11899,935,0.16819850215424895,0.20841262517940068,0.9667445842443592,0.007433931765835693,0.5140134529147982,2234,1784,13.866541535840057,51.401345291479814
transformer,20261006,validation,gap1,pedal_changes,0.9419326455732221,0.7691515935510922,11899,935,0.05345844319862367,0.13837292944452184,1.5832048027149423,0.0655470021053564,0.529567519858782,2234,1133,12.120812463869953,52.956751985878206
transformer,20261006,validation,gap8,tempo,1.0143855857486581,0.6767008150272975,11899,935,0.18485865237294935,0.24688659603776467,1.5424558111029425,0.052727855706878185,0.516464111353485,9867,9627,15.336309302622434,51.6464111353485
transformer,20261006,validation,gap8,rubato,1.8292047408908148,1.2100378044193003,11899,935,0.18052274729394618,0.2143992563404108,2.850374959554075,0.05333840578221159,0.5141377524598654,9867,9655,13.092826332400923,51.413775245986535
transformer,20261006,validation,gap8,dynamics,1.108032045184391,0.8981686251681893,11899,935,0.1837957250215374,0.25501346149824305,1.2185869282866892,-0.007577752972976068,0.49984648449493396,9867,9771,13.155872697831233,49.9846484494934
transformer,20261006,validation,gap8,articulation,1.8884139426519564,1.2802386924407472,11899,935,0.06546313154137322,0.1310823068387057,3.162707121980368,0.015070823738502475,0.5142419601837672,9867,9795,10.41928298455776,51.42419601837672
transformer,20261006,validation,gap8,pedal_depth,0.7173128729288215,0.5187140535563131,11899,935,0.10322499754057864,0.2231987189387664,0.8262581655528274,0.025231860220046406,0.5089234312032239,9867,8685,13.914417459639228,50.892343120322394
transformer,20261006,validation,gap8,pedal_down_ratio,0.8486471029688717,0.4782987032977389,11899,935,0.06156867802155659,0.19954076055008912,1.0151481344954278,0.003937666097581326,0.5130201684962982,9867,7834,13.916681715152102,51.302016849629815
transformer,20261006,validation,gap8,pedal_changes,1.011113828699284,0.7933509105598989,11899,935,0.0006637488603523538,0.1340864951048658,1.6357728274538865,0.008163248826763518,0.5033286261851927,9867,4957,12.714142198844797,50.33286261851927
transformer,20261006,validation,gap16,tempo,1.1886261092395625,0.6834111377348483,11899,935,0.08978067913430132,0.188844335826446,1.735691898252093,0.01471958021338422,0.5083518393357149,10635,10357,14.334459856645745,50.83518393357149
transformer,20261006,validation,gap16,rubato,2.235298726958282,1.3001802667277655,11899,935,0.08522344811047307,0.15901868974935815,3.2810520684938593,0.009151499313203389,0.4997590825864894,10635,10377,12.144640214881909,49.975908258648936
transformer,20261006,validation,gap16,dynamics,1.225643279214666,0.9213714791958535,11899,935,0.13768918395356597,0.19847790462131168,1.2142769552623223,0.009278211801568669,0.4990975586586872,10635,10527,13.181220557414633,49.90975586586872
transformer,20261006,validation,gap16,articulation,1.8723289990029237,1.3485576260265717,11899,935,0.0276091660670381,0.11078486242960402,3.2573035812907385,-0.004688807309163973,0.5085530668178811,10635,10581,10.265741126616303,50.855306681788115
transformer,20261006,validation,gap16,pedal_depth,0.7753818279231658,0.5419297368507229,11899,935,0.059911409793737484,0.1587038710548931,0.8833976819394314,0.015158240539748367,0.5054510474561779,10635,9356,13.45993985344024,50.545104745617785
transformer,20261006,validation,gap16,pedal_down_ratio,0.8612000874992476,0.4731094360512887,11899,935,0.042158773584282244,0.1534291641498047,1.0391208328014587,0.0008438544746500501,0.502835538752363,10635,8464,13.490621559493796,50.2835538752363
transformer,20261006,validation,gap16,pedal_changes,0.9845962669005706,0.7285067233440808,11899,935,0.00973976532357115,0.12920084313890148,1.6526993540318164,0.01320889957138404,0.5107738429829493,10635,5337,12.73070829771088,51.07738429829492
transformer,20261006,test,best,tempo,1.2335536870923536,0.6595675410953106,20480,1670,0.22105987627637583,0.2641096838399867,1.8304306634797185,0.04609059679791687,0.5084924199887704,14504,14248,14.92762981968501,50.849241998877034
transformer,20261006,test,best,rubato,1.9469851730771954,1.02973072250155,20480,1670,0.21996066782697812,0.24645194696354805,2.9418539685555682,0.04279952821441858,0.5175777138446425,14504,14251,13.571796968494903,51.75777138446425
transformer,20261006,test,best,dynamics,1.024923960501119,0.8290664931478791,20480,1670,0.2789634079255449,0.2784777966633384,1.1874046444845254,0.015189421432192518,0.5063634466930941,14504,14379,14.272582987159483,50.63634466930941
transformer,20261006,test,best,articulation,1.7470700699462416,1.3098425834678356,20480,1670,0.09894303067667554,0.15537340679537598,2.943688549449235,0.007262128760802705,0.5016257350397786,14504,14455,11.369736322815035,50.16257350397786
transformer,20261006,test,best,pedal_depth,0.7015287575693769,0.5168828455538615,20480,1670,0.19010543442797084,0.24023921707216586,0.9145588720425962,0.00022949316724800475,0.5001199712069103,14504,12503,13.834869352027763,50.011997120691035
transformer,20261006,test,best,pedal_down_ratio,0.7782975386588944,0.462000316555397,20480,1670,0.15966997753730394,0.21882011828038536,1.1156142534495328,0.013015691835205779,0.5081837901794518,14504,10142,13.69479310067955,50.81837901794518
transformer,20261006,test,best,pedal_changes,0.9456118165886795,0.699757515988747,20480,1670,0.04988828274276336,0.14917757742672588,1.7300129963385462,0.03018743622826507,0.5173817195183992,14504,5897,12.999442029309138,51.73817195183992
transformer,20261007,validation,initial,tempo,1.541958206344657,1.1021998420701122,11899,935,-0.0015216140174170078,0.10440170096277153,1.6266914074020498,0.009400297178573052,0.5069536824283468,8478,8269,11.532963042997288,50.69536824283468
transformer,20261007,validation,initial,rubato,2.1171350267081612,1.4177124723995465,11899,935,-0.015993284293849917,0.08257930120686423,2.9789087344608207,-0.01530467748554707,0.4936052123552124,8478,8288,9.749373748759917,49.36052123552124
transformer,20261007,validation,initial,dynamics,1.3049775632079834,1.0702927802688527,11899,935,0.006766197217248276,0.09856543778216126,1.2019150371540752,0.010732271511929514,0.5077417818008576,8478,8396,11.639437799203796,50.77417818008576
transformer,20261007,validation,initial,articulation,1.939764043936343,1.3849118852043172,11899,935,-0.010660435458580706,0.07044901128853297,3.2193561451923602,-0.016767245724352568,0.49388288395296354,8478,8419,7.65462582486047,49.38828839529636
transformer,20261007,validation,initial,pedal_depth,0.961735090508806,0.6338987078542921,11899,935,-0.005008100637122031,0.1232044052757369,0.8305594500304634,0.012735393387288014,0.5105610117045607,8478,7433,15.086431431832898,51.05610117045607
transformer,20261007,validation,initial,pedal_down_ratio,0.9606280756757596,0.513400887482489,11899,935,0.004515405247711389,0.11505440086643197,0.9983057164965143,-0.011800119966304666,0.493205317577548,8478,6770,13.715579927733515,49.3205317577548
transformer,20261007,validation,initial,pedal_changes,1.092612018644292,0.8080942573020682,11899,935,-0.014800991771667467,0.10782242684081174,1.665299129466968,-0.012471591191423154,0.488609397247271,8478,4214,12.693098756732363,48.860939724727096
transformer,20261007,validation,final,tempo,1.0602262485274965,0.7064206648499597,11899,935,0.19992312743751256,0.23646463708082197,1.6115034539736837,0.06132131817767762,0.5123956947635748,8478,8269,13.517011931443307,51.23956947635748
transformer,20261007,validation,final,rubato,1.9092504201984957,1.3230026488004134,11899,935,0.20207921212917515,0.2042749797917541,2.9326153171306286,0.07196173847484354,0.520511583011583,8478,8288,11.578856031714695,52.051158301158296
transformer,20261007,validation,final,dynamics,1.0373218609993586,0.8533796654331223,11899,935,0.2823328768896546,0.2513324371067345,1.2001192117154422,0.02432770522958272,0.5135778942353502,8478,8396,12.510181179424961,51.35778942353502
transformer,20261007,validation,final,articulation,1.7593051160872208,1.2117835270903896,11899,935,0.08199411135133709,0.14404785513319274,3.2204192742679707,-0.000530130208443804,0.4960209050956171,8478,8419,9.284517391006888,49.602090509561705
transformer,20261007,validation,final,pedal_depth,0.7020277991205369,0.5254207447892462,11899,935,0.17387871390127735,0.2103841108041098,0.8318927609494814,-0.009026388912719181,0.49024619938113817,8478,7433,13.441416963645297,49.024619938113815
transformer,20261007,validation,final,pedal_down_ratio,0.8186288282163091,0.49434019482773145,11899,935,0.14016669000430498,0.18667528447315437,0.9922049307534854,-0.00018489625904276013,0.495864106351551,8478,6770,12.539569401533507,49.5864106351551
transformer,20261007,validation,final,pedal_changes,1.019773125741472,0.7831845522148332,11899,935,0.050670712097229696,0.12137877271035354,1.6453043363247357,0.025133995946312934,0.5085429520645467,8478,4214,11.27633807226196,50.85429520645467
transformer,20261007,validation,best,tempo,1.0602262485274965,0.7064206648499597,11899,935,0.19992312743751256,0.23646463708082197,1.6115034539736837,0.06132131817767762,0.5123956947635748,8478,8269,13.517011931443307,51.23956947635748
transformer,20261007,validation,best,rubato,1.9092504201984957,1.3230026488004134,11899,935,0.20207921212917515,0.2042749797917541,2.9326153171306286,0.07196173847484354,0.520511583011583,8478,8288,11.578856031714695,52.051158301158296
transformer,20261007,validation,best,dynamics,1.0373218609993586,0.8533796654331223,11899,935,0.2823328768896546,0.2513324371067345,1.2001192117154422,0.02432770522958272,0.5135778942353502,8478,8396,12.510181179424961,51.35778942353502
transformer,20261007,validation,best,articulation,1.7593051160872208,1.2117835270903896,11899,935,0.08199411135133709,0.14404785513319274,3.2204192742679707,-0.000530130208443804,0.4960209050956171,8478,8419,9.284517391006888,49.602090509561705
transformer,20261007,validation,best,pedal_depth,0.7020277991205369,0.5254207447892462,11899,935,0.17387871390127735,0.2103841108041098,0.8318927609494814,-0.009026388912719181,0.49024619938113817,8478,7433,13.441416963645297,49.024619938113815
transformer,20261007,validation,best,pedal_down_ratio,0.8186288282163091,0.49434019482773145,11899,935,0.14016669000430498,0.18667528447315437,0.9922049307534854,-0.00018489625904276013,0.495864106351551,8478,6770,12.539569401533507,49.5864106351551
transformer,20261007,validation,best,pedal_changes,1.019773125741472,0.7831845522148332,11899,935,0.050670712097229696,0.12137877271035354,1.6453043363247357,0.025133995946312934,0.5085429520645467,8478,4214,11.27633807226196,50.85429520645467
transformer,20261007,validation,shuffle0,tempo,1.1603862275751657,0.7735813838285563,11899,935,-0.01468666250789214,0.16992987315460856,1.626206995818472,0.010712641760798175,0.5068327488208973,8478,8269,11.529469410962086,50.683274882089734
transformer,20261007,validation,shuffle0,rubato,2.073848053975851,1.3851652337078642,11899,935,-0.006377984159917904,0.14690682479055245,2.959849211659824,0.019043662423544952,0.5091698841698842,8478,8288,9.876946870388089,50.91698841698842
transformer,20261007,validation,shuffle0,dynamics,1.1929939610275193,0.9626535548294958,11899,935,0.00916338512778799,0.1842247679738777,1.2013956459836088,0.005495710916108257,0.5085755121486422,8478,8396,10.859526708589755,50.857551214864216
transformer,20261007,validation,shuffle0,articulation,1.8058280024048203,1.263056867612202,11899,935,0.010201645329714406,0.12193102667940058,3.2173284524460124,-0.005736145597948048,0.49221997861978856,8478,8419,8.246532488225144,49.221997861978856
transformer,20261007,validation,shuffle0,pedal_depth,0.7550988299517484,0.5477227044195225,11899,935,0.0020718978316804013,0.15508060605380716,0.8252782358830613,0.009271387377139232,0.5011435490380735,8478,7433,12.093342251068123,50.114354903807346
transformer,20261007,validation,shuffle0,pedal_down_ratio,0.8653007847916853,0.5080396808700496,11899,935,0.002581121042882766,0.14016569666066994,0.9895039891936638,-3.227749060591438e-05,0.5031019202363368,8478,6770,11.403235642362475,50.31019202363368
transformer,20261007,validation,shuffle0,pedal_changes,1.0263263351169174,0.7958276327346783,11899,935,0.018048294490710923,0.10414527388621742,1.6414494962173825,0.027208429936762132,0.5144755576649265,8478,4214,10.088312548151924,51.44755576649265
transformer,20261007,validation,shuffle1,tempo,1.1645754600167342,0.7688877176838838,11899,935,-0.012495750947796504,0.1727206913705074,1.6219935612535832,0.023228288027868197,0.502962873382513,8478,8269,11.665570174586172,50.2962873382513
transformer,20261007,validation,shuffle1,rubato,2.0898364181597024,1.3973301797652768,11899,935,-0.008756715185412956,0.14936882322850398,2.9532690536478667,0.03164611536937345,0.5092905405405406,8478,8288,10.055131549538936,50.929054054054056
transformer,20261007,validation,shuffle1,dynamics,1.1942785869754524,0.9672121072061433,11899,935,0.0010375090077971744,0.1879715167931509,1.2019064317719612,0.0027511116807941633,0.5057170080990948,8478,8396,10.788487946973829,50.57170080990948
transformer,20261007,validation,shuffle1,articulation,1.804099164558066,1.2570043227595558,11899,935,-0.0020669651183394815,0.12179101693818145,3.2159102653812726,-0.00201373876641793,0.49720869461931344,8478,8419,8.34523616176242,49.72086946193134
transformer,20261007,validation,shuffle1,pedal_depth,0.7460126518752933,0.5346846382478628,11899,935,0.0220857999478173,0.15378787507653532,0.8253261334050537,0.009538090255118014,0.4993945916857258,8478,7433,12.147975923185102,49.93945916857258
transformer,20261007,validation,shuffle1,pedal_down_ratio,0.858571163591938,0.5044558664808796,11899,935,0.02192443200359807,0.13920185055687742,0.9883729112210977,0.0050904163105517895,0.5039881831610045,8478,6770,11.405956593305243,50.398818316100446
transformer,20261007,validation,shuffle1,pedal_changes,1.0297892579435428,0.7928904155897414,11899,935,0.017846425314482505,0.10317139845552874,1.6447543885351912,0.01607209619749125,0.511390602752729,8478,4214,9.955699342608497,51.1390602752729
transformer,20261007,validation,shuffle2,tempo,1.1597192727572552,0.7813866670999992,11899,935,-0.018697494186704654,0.16746448378706982,1.6296727378346902,0.002094893382210757,0.4981255290845326,8478,8269,11.600101548547956,49.81255290845326
transformer,20261007,validation,shuffle2,rubato,2.0807518914533425,1.4010388897407902,11899,935,-0.01291453175991609,0.1449613990754646,2.962890597070465,0.014319252403229607,0.49891409266409265,8478,8288,9.932229814951791,49.89140926640926
transformer,20261007,validation,shuffle2,dynamics,1.2005767150229367,0.9635613882915955,11899,935,-0.01219862754920231,0.18933684701865416,1.2041482535070673,-0.006540963443882096,0.5020247737017628,8478,8396,10.730310047108958,50.20247737017628
transformer,20261007,validation,shuffle2,articulation,1.8061027232474476,1.2526424879572706,11899,935,-0.00019460358178382303,0.12224278004911952,3.2105536974613185,0.007212092571890856,0.49863404204774914,8478,8419,8.250499531717061,49.863404204774916
transformer,20261007,validation,shuffle2,pedal_depth,0.7507600876018411,0.5355142070604901,11899,935,0.007452734967229108,0.15535830076942814,0.8274686655783682,-0.0010997435931366316,0.49387864926678327,8478,7433,12.166782238821353,49.387864926678326
transformer,20261007,validation,shuffle2,pedal_down_ratio,0.8597195689912794,0.5153612990565393,11899,935,0.01701667897278408,0.14116764290990177,0.9878290257195567,0.007662371475517425,0.5025110782865584,8478,6770,11.420527424850222,50.25110782865584
transformer,20261007,validation,shuffle2,pedal_changes,1.0263957088752844,0.7912310107904641,11899,935,0.023927764652777635,0.10394246015773127,1.6426261746738318,0.023310072081668163,0.5094921689606074,8478,4214,10.044245326872426,50.94921689606075
transformer,20261007,validation,gap1,tempo,1.0335643330563793,0.7437632665751449,11899,935,0.25963183724860195,0.23683038853392216,1.7284928410283715,0.03778572345131652,0.5082872928176796,2234,2172,13.52639534435793,50.82872928176796
transformer,20261007,validation,gap1,rubato,1.8825968113883877,1.2947371561474708,11899,935,0.2570076217374109,0.20498448942271544,3.141123251838129,0.040143752851690195,0.49884845693228924,2234,2171,11.57165929165215,49.884845693228925
transformer,20261007,validation,gap1,dynamics,1.0287441215837965,0.8505306281810147,11899,935,0.34459851764541005,0.25256830690484017,1.217355959111583,0.07935846306792131,0.5266005410279531,2234,2218,12.44574977194597,52.66005410279531
transformer,20261007,validation,gap1,articulation,1.8235237146490175,1.2832096840549798,11899,935,0.10381144081230818,0.1442562626443075,3.2186896020420077,0.022607873365977447,0.4778880866425993,2234,2216,8.998236482124158,47.78880866425993
transformer,20261007,validation,gap1,pedal_depth,0.731560978554505,0.5605562762474491,11899,935,0.22396222179291755,0.2070389441664121,0.8563404193940174,0.027642566380503945,0.5241484494153533,2234,1967,13.32417437641926,52.414844941535335
transformer,20261007,validation,gap1,pedal_down_ratio,0.8187577972233835,0.5324095857227481,11899,935,0.17911941687560579,0.1871554251923304,0.968000708680849,-0.006293382159899956,0.5184977578475336,2234,1784,13.053024299052748,51.84977578475336
transformer,20261007,validation,gap1,pedal_changes,0.9426883777153602,0.7983093199680399,11899,935,0.0433257536457938,0.12707892598334264,1.6040907993765305,0.006691937751784275,0.5180935569285083,2234,1133,11.67282414975689,51.809355692850836
transformer,20261007,validation,gap8,tempo,1.0283082971891995,0.6822308248738975,11899,935,0.1846981245681285,0.23337567356954506,1.5399702318237807,0.05149700564494886,0.5123091305702712,9867,9627,14.301519698260426,51.23091305702712
transformer,20261007,validation,gap8,rubato,1.8176997434742146,1.2090553666793236,11899,935,0.1900420846124268,0.2028692063535667,2.844914854063846,0.055493188431168634,0.5160020714655619,9867,9655,12.127597193556827,51.60020714655619
transformer,20261007,validation,gap8,dynamics,1.0865085520760558,0.912718997219387,11899,935,0.20640408415358655,0.2496426166628942,1.2082064165756619,0.021085914514686013,0.5055777300173985,9867,9771,12.625340264230639,50.55777300173985
transformer,20261007,validation,gap8,articulation,1.8636294540409633,1.2023437454589936,11899,935,0.07327002092588292,0.13332385070995667,3.1599584938148775,0.009739768691671966,0.5062787136294028,9867,9795,9.301935145497762,50.62787136294028
transformer,20261007,validation,gap8,pedal_depth,0.7065420342154234,0.5021816290702682,11899,935,0.1295543797671831,0.20267751230283332,0.8283653858370059,0.017871847398007113,0.5043177892918825,9867,8685,14.113013284154324,50.431778929188255
transformer,20261007,validation,gap8,pedal_down_ratio,0.838393093486073,0.468434932084423,11899,935,0.08100203737263999,0.1788900798600514,1.0138274976744857,0.00044047973351372596,0.5006382435537401,9867,7834,13.038757938392001,50.06382435537401
transformer,20261007,validation,gap8,pedal_changes,1.0008995215473482,0.7946979555918663,11899,935,0.03150510348048981,0.12280057632506387,1.6285247767849038,0.017965131958465053,0.5019164817429898,9867,4957,11.755554367425361,50.191648174298976
transformer,20261007,validation,gap16,tempo,1.1933853197835311,0.6750500517157655,11899,935,0.11066492326363285,0.17342483854317686,1.7187553853328388,0.045216041725744165,0.5166554021434778,10635,10357,13.716836496766877,51.665540214347786
transformer,20261007,validation,gap16,rubato,2.214410309378692,1.2549876680898333,11899,935,0.10829329199879463,0.14730657410573128,3.247583070630116,0.04795761670185125,0.5154668979473837,10635,10377,11.50506619753723,51.54668979473836
transformer,20261007,validation,gap16,dynamics,1.2244386158046163,0.925246030917549,11899,935,0.1408698686363467,0.19956110906629693,1.210810155242225,0.016258512080874036,0.5018523795953264,10635,10527,12.714920448453002,50.185237959532635
transformer,20261007,validation,gap16,articulation,1.8628360775820885,1.325962069730605,11899,935,0.03431387758022063,0.10994130783288814,3.2484276990397185,-0.0003036265561397585,0.4991021642566865,10635,10581,9.32144435826106,49.91021642566865
transformer,20261007,validation,gap16,pedal_depth,0.7743361603516105,0.531132592258564,11899,935,0.05088391780960782,0.14777954458609038,0.8887143239004685,-0.007891274969034828,0.4954040188114579,10635,9356,13.416722397108108,49.54040188114579
transformer,20261007,validation,gap16,pedal_down_ratio,0.8510874875532922,0.4276519953088324,11899,935,0.025424474492939917,0.1423638106268792,1.0405564468209862,-0.01185750332607746,0.5,10635,8464,12.775253450970805,50.0
transformer,20261007,validation,gap16,pedal_changes,0.9755641377598815,0.7315134388380552,11899,935,0.0200741942933391,0.11868330737163058,1.6452663254224758,0.02314054877641059,0.5105864718006371,10635,5337,11.707955083808576,51.05864718006371
transformer,20261007,test,best,tempo,1.2539992410351064,0.674449967010189,20480,1670,0.2182432718157545,0.23148308772339482,1.837306038681186,0.023063343108511998,0.508422234699607,14504,14248,13.64417554585755,50.8422234699607
transformer,20261007,test,best,rubato,1.9595989961675435,1.0331804421731008,20480,1670,0.21780039503781903,0.21623029648360265,2.945691779890298,0.02902014172732809,0.5088765700652585,14504,14251,12.376753835269879,50.887657006525856
transformer,20261007,test,best,dynamics,1.0118395898663939,0.8185033643964063,20480,1670,0.288432119032385,0.26872319294979874,1.187719146038644,0.0058556870738723146,0.5035816120731622,14504,14379,13.374355814266417,50.35816120731622
transformer,20261007,test,best,articulation,1.735718699554387,1.2623701956509628,20480,1670,0.09928276402810368,0.1589478829622619,2.9373743422697487,0.008041986253884467,0.5053614666205465,14504,14455,10.364052976996646,50.53614666205465
transformer,20261007,test,best,pedal_depth,0.7113219201760898,0.520890127275986,20480,1670,0.19606981875319815,0.21581443271643327,0.913520862171903,0.004666507826426285,0.5058785891386067,14504,12503,13.866438973426694,50.58785891386067
transformer,20261007,test,best,pedal_down_ratio,0.7745457480312148,0.45030058634507186,20480,1670,0.16840257101179187,0.19588613531626214,1.1142858976274168,0.007725118236805028,0.5129165845000986,14504,10142,12.616103495064127,51.291658450009855
transformer,20261007,test,best,pedal_changes,0.940768110238926,0.6862634683610453,20480,1670,0.05484798548846843,0.13296402157937567,1.728508831246245,0.024357445516417813,0.5038154994064779,14504,5897,11.798843978857269,50.38154994064779
transformer,20261008,validation,initial,tempo,1.5478199503089476,1.1080237967050688,11899,935,-0.013207866331126578,0.11708552789985086,1.6372859841037093,-0.0006614529117797142,0.5004232676260733,8478,8269,13.22929452013085,50.042326762607324
transformer,20261008,validation,initial,rubato,2.1128898453940224,1.4007161004393107,11899,935,-0.005640319685472311,0.07969226257110447,2.9733792722096166,-0.02068704434723449,0.4888996138996139,8478,8288,8.424922304585811,48.88996138996139
transformer,20261008,validation,initial,dynamics,1.3109447604685631,1.068216027310418,11899,935,0.000980797835497562,0.10449668331000797,1.211753868738904,0.0026773490765370023,0.5058361124344927,8478,8396,14.154022878619873,50.58361124344927
transformer,20261008,validation,initial,articulation,1.952140754661675,1.382414072788434,11899,935,-0.016423935703399298,0.0938884542757445,3.2393419323726698,-0.028447984607099932,0.49186364176267966,8478,8419,9.590984707982773,49.186364176267965
transformer,20261008,validation,initial,pedal_depth,0.957279897744248,0.6164050852212596,11899,935,0.014663201167262862,0.12212884584428364,0.830276355154106,0.0177099447005451,0.5085429839903135,8478,7433,15.504500528578482,50.85429839903135
transformer,20261008,validation,initial,pedal_down_ratio,0.9628816667287338,0.5209746593689534,11899,935,-0.017196972596116463,0.11778951490993429,1.000319328260447,-0.011869338029330252,0.4964549483013294,8478,6770,14.374322236046421,49.64549483013294
transformer,20261008,validation,initial,pedal_changes,1.0773103430463296,0.8095955006373902,11899,935,0.0050996360580043395,0.10057779013781636,1.6511307155066515,0.0029335427394459224,0.5018984337921215,8478,4214,10.598536505093932,50.18984337921215
transformer,20261008,validation,final,tempo,1.0591018903871985,0.6913835478130007,11899,935,0.1800102687686282,0.21849281676509907,1.6193793495181423,0.03286709625639764,0.5080420848953924,8478,8269,12.038241926456221,50.804208489539235
transformer,20261008,validation,final,rubato,1.9350102227338908,1.274274571543046,11899,935,0.17417853558800375,0.18655274132699232,2.95842488385465,0.026822481325183337,0.5068774131274131,8478,8288,10.575158613846668,50.68774131274131
transformer,20261008,validation,final,dynamics,1.0743460506510556,0.8897296137379657,11899,935,0.2395349537004069,0.24778615918856065,1.203048955224281,-0.0015180808158440692,0.4901143401619819,8478,8396,10.802598151891704,49.011434016198194
transformer,20261008,validation,final,articulation,1.7500163080874418,1.222480181555425,11899,935,0.06738709358469733,0.1284677808951506,3.222847733776914,-0.017502425357300438,0.4916260838579404,8478,8419,8.161498037815086,49.16260838579404
transformer,20261008,validation,final,pedal_depth,0.7111942781390882,0.539372260876978,11899,935,0.09864611337376981,0.15172192277376426,0.8227038206125111,0.01914642818915498,0.5054486748284677,8478,7433,11.725147613268067,50.54486748284677
transformer,20261008,validation,final,pedal_down_ratio,0.8245269631397167,0.49595291253712875,11899,935,0.07796683604937545,0.1376972752589743,0.9874828526612791,0.0044431277441512,0.5025110782865584,8478,6770,10.936264011337425,50.25110782865584
transformer,20261008,validation,final,pedal_changes,1.0290421908788034,0.7774073339178168,11899,935,0.027672947386914223,0.109742535910922,1.6407391320788145,0.03397843857914094,0.516373991457048,8478,4214,10.746653712178308,51.6373991457048
transformer,20261008,validation,best,tempo,1.0591018903871985,0.6913835478130007,11899,935,0.1800102687686282,0.21849281676509907,1.6193793495181423,0.03286709625639764,0.5080420848953924,8478,8269,12.038241926456221,50.804208489539235
transformer,20261008,validation,best,rubato,1.9350102227338908,1.274274571543046,11899,935,0.17417853558800375,0.18655274132699232,2.95842488385465,0.026822481325183337,0.5068774131274131,8478,8288,10.575158613846668,50.68774131274131
transformer,20261008,validation,best,dynamics,1.0743460506510556,0.8897296137379657,11899,935,0.2395349537004069,0.24778615918856065,1.203048955224281,-0.0015180808158440692,0.4901143401619819,8478,8396,10.802598151891704,49.011434016198194
transformer,20261008,validation,best,articulation,1.7500163080874418,1.222480181555425,11899,935,0.06738709358469733,0.1284677808951506,3.222847733776914,-0.017502425357300438,0.4916260838579404,8478,8419,8.161498037815086,49.16260838579404
transformer,20261008,validation,best,pedal_depth,0.7111942781390882,0.539372260876978,11899,935,0.09864611337376981,0.15172192277376426,0.8227038206125111,0.01914642818915498,0.5054486748284677,8478,7433,11.725147613268067,50.54486748284677
transformer,20261008,validation,best,pedal_down_ratio,0.8245269631397167,0.49595291253712875,11899,935,0.07796683604937545,0.1376972752589743,0.9874828526612791,0.0044431277441512,0.5025110782865584,8478,6770,10.936264011337425,50.25110782865584
transformer,20261008,validation,best,pedal_changes,1.0290421908788034,0.7774073339178168,11899,935,0.027672947386914223,0.109742535910922,1.6407391320788145,0.03397843857914094,0.516373991457048,8478,4214,10.746653712178308,51.6373991457048
transformer,20261008,validation,shuffle0,tempo,1.1371544305472563,0.7540525553404304,11899,935,0.00621075186648054,0.1643803858808319,1.6212455745330328,0.01708185110553518,0.5001814004111743,8478,8269,10.668071900841113,50.018140041117434
transformer,20261008,validation,shuffle0,rubato,2.06282417159244,1.3907023400630492,11899,935,0.009311584473002,0.14017672330967462,2.957941416996072,0.01953248287838788,0.5034990347490348,8478,8288,9.521901938127206,50.34990347490348
transformer,20261008,validation,shuffle0,dynamics,1.187899863498022,0.9797133667472594,11899,935,0.025497103540081,0.17610674882561964,1.201590827671457,-0.007277113521279908,0.4985707479752263,8478,8396,9.673508328872732,49.857074797522635
transformer,20261008,validation,shuffle0,articulation,1.7910783002787953,1.2545408962536728,11899,935,0.0022534266260020633,0.10588562793917086,3.2155485717893697,-0.013867227600669793,0.4910321890960922,8478,8419,7.228994691071565,49.10321890960922
transformer,20261008,validation,shuffle0,pedal_depth,0.7359583547676632,0.5574511146089999,11899,935,0.0038672285025375553,0.12360169681783491,0.8211040579969345,0.019370907063119034,0.5027579712094713,8478,7433,10.692606003244364,50.27579712094713
transformer,20261008,validation,shuffle0,pedal_down_ratio,0.851689376048972,0.49620921075901603,11899,935,-0.016791789048536496,0.11626021237001204,0.9851114290236934,0.007004367223309299,0.4976366322008863,8478,6770,9.979611148109669,49.76366322008863
transformer,20261008,validation,shuffle0,pedal_changes,1.0315767654608734,0.785218236232942,11899,935,0.01401871033769885,0.10025073313184538,1.6361355095143606,0.04293381102090957,0.5185097294731846,8478,4214,10.014862730374704,51.85097294731846
transformer,20261008,validation,shuffle1,tempo,1.141958757771599,0.7525562643367993,11899,935,0.009137179881480342,0.16520577313687126,1.623717743245274,0.009389271794055992,0.49909299794412865,8478,8269,10.607410170621478,49.90929979441287
transformer,20261008,validation,shuffle1,rubato,2.074734336357862,1.3469299816001812,11899,935,0.011012498526583446,0.1413137789648746,2.9611395119563815,0.013320322634592693,0.5056708494208494,8478,8288,9.456404005716138,50.56708494208494
transformer,20261008,validation,shuffle1,dynamics,1.181829235133116,0.9682656743374476,11899,935,0.029479163947405608,0.17893929030709063,1.2011953965276962,-0.006379178989814148,0.4967841829442592,8478,8396,9.596970941412215,49.67841829442592
transformer,20261008,validation,shuffle1,articulation,1.7909595099589868,1.240912635410031,11899,935,-0.005359537426467097,0.1044736904531172,3.2182538949684347,-0.01892221697906887,0.49388288395296354,8478,8419,7.292306674656716,49.38828839529636
transformer,20261008,validation,shuffle1,pedal_depth,0.7308835908464533,0.5376855398981396,11899,935,0.011415029604854871,0.12439310883568516,0.82134840051158,0.01905422598135269,0.5097538006188619,8478,7433,10.822847229763914,50.97538006188619
transformer,20261008,validation,shuffle1,pedal_down_ratio,0.8416705764023082,0.4899452462737744,11899,935,0.0048095675320443745,0.11721090230803699,0.9854512768277685,0.005096486196687004,0.4979320531757755,8478,6770,9.959376475055564,49.79320531757755
transformer,20261008,validation,shuffle1,pedal_changes,1.031823637296582,0.7834339497510512,11899,935,0.011210204831057743,0.1006175944870874,1.6403833601674929,0.030084544140959936,0.522781205505458,8478,4214,10.031102151987916,52.2781205505458
transformer,20261008,validation,shuffle2,tempo,1.1382084627960025,0.7560571428904429,11899,935,0.006371660607184816,0.16240163071594624,1.6270627116223564,0.0006593199132391903,0.5053815455315032,8478,8269,10.715793792347801,50.538154553150314
transformer,20261008,validation,shuffle2,rubato,2.071417774756249,1.3801367036453664,11899,935,0.005297233878010742,0.13956934983533603,2.9674985093932515,0.003257116565868067,0.4985521235521235,8478,8288,9.597046840405245,49.85521235521235
transformer,20261008,validation,shuffle2,dynamics,1.2035479718836284,0.9978019829099605,11899,935,-0.0047940752766406905,0.18199752472581002,1.2017149079625782,-0.008232114427604317,0.49821343496903286,8478,8396,9.632048570650891,49.82134349690329
transformer,20261008,validation,shuffle2,articulation,1.7927056418936227,1.2294696158377785,11899,935,-0.0010465399442121319,0.10691400450025451,3.2145619290984806,-0.010686678505274381,0.49340776814348497,8478,8419,7.317102587811399,49.340776814348494
transformer,20261008,validation,shuffle2,pedal_depth,0.7360709448840046,0.5498309110967533,11899,935,0.0012048746989788673,0.12219965610326823,0.8220461933488095,0.01411554290947169,0.50369971747612,8478,7433,10.712471169398482,50.369971747612
transformer,20261008,validation,shuffle2,pedal_down_ratio,0.8454297550813823,0.5094012806072343,11899,935,0.006823920308239373,0.11457618816712649,0.9861614887358676,0.0010763690250825346,0.507533234859675,8478,6770,9.92935451550786,50.753323485967506
transformer,20261008,validation,shuffle2,pedal_changes,1.0332048947864394,0.7850594844924482,11899,935,0.009796732972948387,0.09977100894913266,1.6400798310195912,0.03001544532563429,0.5175605125771239,8478,4214,9.888908090421882,51.756051257712386
transformer,20261008,validation,gap1,tempo,1.0310530090086454,0.7254042422393232,11899,935,0.23610663218791916,0.22112470545377305,1.7201033155603545,0.04226985112620055,0.5105893186003683,2234,2172,11.270706735283497,51.05893186003683
transformer,20261008,validation,gap1,rubato,1.9126175866956707,1.2936549862160782,11899,935,0.23025258865460815,0.18757302235387993,3.1445468836351296,0.022412829854838424,0.5099032703823123,2234,2171,9.779781966217163,50.99032703823123
transformer,20261008,validation,gap1,dynamics,1.0665735813638253,0.8946536336410199,11899,935,0.30444150224472855,0.2511157662291491,1.228907327065524,0.030153918548448812,0.5108205590622182,2234,2218,10.817717228093189,51.082055906221825
transformer,20261008,validation,gap1,articulation,1.8184990992396455,1.2939330493635752,11899,935,0.09416265377939824,0.13116849915072637,3.2093630841489396,0.03460398627771476,0.5108303249097473,2234,2216,8.25797737283513,51.08303249097473
transformer,20261008,validation,gap1,pedal_depth,0.7535533200582774,0.5854463581627436,11899,935,0.10887173847982003,0.15219367972523457,0.8646711146026965,-0.027927725700334756,0.4875444839857651,2234,1967,11.631296547109626,48.754448398576514
transformer,20261008,validation,gap1,pedal_down_ratio,0.8311015014630113,0.5445149891771,11899,935,0.07995351419593982,0.1392764085031428,0.9641684387428334,-0.009174895256071874,0.4938340807174888,2234,1784,11.172000272680892,49.38340807174888
transformer,20261008,validation,gap1,pedal_changes,0.9439934855421667,0.7866993737880901,11899,935,0.028630429420800917,0.11351231437099046,1.5941381708906892,0.027671768771398573,0.5145631067961165,2234,1133,10.859766457550785,51.45631067961165
transformer,20261008,validation,gap8,tempo,1.0167523758241217,0.6445287778015203,11899,935,0.16120928138224846,0.20595561032331333,1.5446272210256908,0.025557580331675354,0.5070115300716734,9867,9627,12.260999996075443,50.70115300716734
transformer,20261008,validation,gap8,rubato,1.8369160577498804,1.1979987542487802,11899,935,0.15591285611723857,0.17704067133057055,2.860388302531027,0.023055741398928194,0.5075090626618333,9867,9655,10.806337797298376,50.75090626618333
transformer,20261008,validation,gap8,dynamics,1.126609183146179,0.9277938054346905,11899,935,0.16579490757037305,0.23273349786570993,1.2132506698584986,-0.014800128843820962,0.4922730529116774,9867,9771,10.795275986852584,49.22730529116774
transformer,20261008,validation,gap8,articulation,1.858777704936021,1.236402254730892,11899,935,0.04732117480296664,0.11678077008098127,3.1544148440046356,0.008559428521786329,0.5070954568657479,9867,9795,8.027263900842554,50.709545686574785
transformer,20261008,validation,gap8,pedal_depth,0.7242364064048525,0.529081127455457,11899,935,0.07594029979302046,0.14796859323838338,0.8256234546548781,0.010159740131891056,0.5083477259643063,9867,8685,11.820912370056815,50.83477259643063
transformer,20261008,validation,gap8,pedal_down_ratio,0.8396145753246566,0.473461392041983,11899,935,0.04485548668599777,0.1345982571982349,1.0091800636759607,-0.0005912727719108728,0.49872351289251976,9867,7834,11.018761610562274,49.872351289251974
transformer,20261008,validation,gap8,pedal_changes,1.008047958310204,0.7960749462862172,11899,935,0.02646843349968326,0.10961385070820918,1.6183346305584863,0.04003311247638008,0.5150292515634456,9867,4957,10.991533532407043,51.50292515634456
transformer,20261008,validation,gap16,tempo,1.1860797828988923,0.6854414849830183,11899,935,0.08179900830837025,0.15371242146227537,1.7184320728770777,0.03256134844848514,0.5080621801680023,10635,10357,11.787736013325995,50.80621801680023
transformer,20261008,validation,gap16,rubato,2.2297711945217795,1.286183504969837,11899,935,0.08111386163014918,0.12936304519350555,3.2561646560312494,0.027603666434852216,0.5043846969258938,10635,10377,10.248891563309881,50.43846969258938
transformer,20261008,validation,gap16,dynamics,1.2307879413335268,0.9262171759508497,11899,935,0.12349405342311212,0.16732332294992622,1.2106735035613545,-0.0009673117129713882,0.48978816376935497,10635,10527,10.821720418354367,48.9788163769355
transformer,20261008,validation,gap16,articulation,1.8537360031214274,1.3339843343854851,11899,935,0.029897105482878696,0.09422847700396818,3.2361679757293587,0.00883190283362599,0.49673943861638786,10635,10581,7.9625961449152864,49.67394386163878
transformer,20261008,validation,gap16,pedal_depth,0.7827264886551305,0.5418005382939985,11899,935,0.014970625556848619,0.11918420509296557,0.8826089164156975,-0.001653603805040474,0.4946558358272766,10635,9356,11.296917484148109,49.46558358272766
transformer,20261008,validation,gap16,pedal_down_ratio,0.8468074405148841,0.4188293047016074,11899,935,0.021848262957526197,0.11675335683879726,1.030964062431175,0.005726295099726997,0.49444706994328924,10635,8464,10.57666391082644,49.444706994328925
transformer,20261008,validation,gap16,pedal_changes,0.9770291061299742,0.7284163541195463,11899,935,0.026270927538606256,0.10926193530867728,1.6408374167085353,0.028680943233768685,0.5158328649053776,10635,5337,10.86530092192206,51.58328649053776
transformer,20261008,test,best,tempo,1.2524027718916357,0.6721763788153803,20480,1670,0.20123624690469769,0.21263650140160156,1.8307938747009975,0.020731842687900258,0.5079309376754633,14504,14248,11.645129191502763,50.793093767546324
transformer,20261008,test,best,rubato,1.9746727819629992,1.0267129388537128,20480,1670,0.20067103600634772,0.1965012415120885,2.940151142702992,0.025900898631420564,0.5067714546347625,14504,14251,10.896484920251408,50.67714546347625
transformer,20261008,test,best,dynamics,1.048360722738364,0.8489313056519141,20480,1670,0.26330593498017507,0.2540149435351694,1.1774836987027402,0.021367692541499065,0.5027470616871828,14504,14379,11.088012848385748,50.274706168718275
transformer,20261008,test,best,articulation,1.7271842407256135,1.2824824110475215,20480,1670,0.10120454220358845,0.13676033839277035,2.929260152122353,0.00777370521724645,0.49712902109996543,14504,14455,8.798300058783164,49.71290210999654
transformer,20261008,test,best,pedal_depth,0.7287006135051677,0.5432454493966457,20480,1670,0.11214321924107046,0.15648077212858127,0.9081118965205628,0.006918395952992491,0.5055586659201792,14504,12503,11.61542814403471,50.55586659201792
transformer,20261008,test,best,pedal_down_ratio,0.7919759868217002,0.449448530148145,20480,1670,0.08661000357089793,0.1446868298450914,1.1090427178010975,0.011198042706424764,0.5089725892328929,14504,10142,10.782031060265721,50.89725892328929
transformer,20261008,test,best,pedal_changes,0.9545071363841796,0.7006437487891453,20480,1670,0.012526493434198285,0.11591364592317371,1.7322113019731666,0.007048144298942011,0.5000847888756995,14504,5897,10.89391096156799,50.00847888756995
