key,beat_index,display_interval,score_start_seconds,score_end_seconds,performance_start_seconds,performance_end_seconds,score_interval_seconds,performance_interval_seconds,status,status_reason,raw_log2,raw_mask,common_log2,common_support,individual_log2,individual_mask,speed_vs_score_percent,speed_vs_common_percent
Bach/Fugue/bwv_848/Denisova06M.mid,0,1,1.0,1.5,0.825521,1.341146,0.5,0.515625,regular,,-0.044394119358453395,True,-0.161887682376894,9,0.1174935630184406,True,96.96969696969697,8.484848484848483
Bach/Fugue/bwv_848/Denisova06M.mid,1,2,1.5,2.0,1.341146,1.933594,0.5,0.5924480000000001,regular,,-0.24476043729342167,True,-0.3750405437860456,9,0.13028010649262395,True,84.39559252457597,9.45061845090201
Bach/Fugue/bwv_848/Denisova06M.mid,2,3,2.0,2.5,1.933594,2.467448,0.5,0.533854,regular,,-0.09451714838186542,True,-0.24285733668187354,9,0.1483401883000081,True,93.65856582511323,10.829365332094568
Bach/Fugue/bwv_848/Denisova06M.mid,3,4,2.5,3.0,2.467448,3.005208,0.5,0.53776,regular,,-0.10503435287119012,True,-0.3098537107795227,9,0.20481935790833256,True,92.97828027372805,15.254202618268407
Bach/Fugue/bwv_848/Denisova06M.mid,4,5,3.0,3.5,3.005208,3.566406,0.5,0.5611980000000001,regular,,-0.16658177259642423,True,-0.30073289658743935,9,0.13415112399101511,True,89.09511438030783,9.744689040231934
Bach/Fugue/bwv_848/Denisova06M.mid,5,6,3.5,4.0,3.566406,4.113281,0.5,0.5468749999999996,regular,,-0.12928301694496527,True,-0.3692330650487287,9,0.23995004810376344,True,91.4285714285715,18.095177142857004
Bach/Fugue/bwv_848/Denisova06M.mid,6,7,4.0,4.5,4.113281,4.635417,0.5,0.5221360000000006,regular,,-0.06249753752183875,True,-0.254240884177117,9,0.19174334665527823,True,95.76049151945077,14.214304319181052
Bach/Fugue/bwv_848/Denisova06M.mid,7,8,4.5,5.0,4.635417,5.147136,0.5,0.5117189999999994,regular,,-0.0334237063653879,True,-0.17492536301108502,9,0.14150165664569714,True,97.70987592799966,10.305265194374456
Bach/Fugue/bwv_848/Denisova06M.mid,8,9,5.0,5.5,5.147136,5.664713,0.5,0.5175770000000002,regular,,-0.049845413626989674,True,-0.17126320161136432,9,0.12141778798437465,True,96.60398356186613,8.780336065937496
Bach/Fugue/bwv_848/Denisova06M.mid,9,10,5.5,6.0,5.664713,6.186198,0.5,0.5214850000000002,regular,,-0.06069766075922652,True,-0.2526651297207665,9,0.19196746896153996,True,95.88003490033266,14.232048860465804
Bach/Fugue/bwv_848/Denisova06M.mid,10,11,6.0,6.5,6.186198,6.738281,0.5,0.5520829999999997,regular,,-0.1429570827806224,True,-0.25581491942515555,9,0.11285783664453314,True,90.5660924172634,8.136820007136397
Bach/Fugue/bwv_848/Denisova06M.mid,11,12,6.5,7.0,6.738281,7.274088000000001,0.5,0.535807000000001,regular,,-0.0997853343693006,True,-0.2667877398175594,9,0.16700240544825878,True,93.31718323948718,12.272329402191676
Bach/Fugue/bwv_848/Denisova06M.mid,12,13,7.0,7.5,7.274088000000001,7.792317999999999,0.5,0.5182299999999982,regular,,-0.051664439732245895,True,-0.19639805218946346,9,0.14473361245721755,True,96.48225691295404,10.552650367597678
Bach/Fugue/bwv_848/Denisova06M.mid,13,14,7.5,8.0,7.792317999999999,8.280599,0.5,0.4882810000000015,regular,,0.03421645399795853,True,-0.1980364418283263,9,0.23225289582628483,True,102.40005242882653,17.466786542993948
Bach/Fugue/bwv_848/Denisova06M.mid,14,15,8.0,8.5,8.280599,8.783854,0.5,0.5032549999999993,regular,,-0.009361505968878601,True,-0.21107700424754847,9,0.20171549827866986,True,99.35321059900065,15.006507635294286
Bach/Fugue/bwv_848/Denisova06M.mid,15,16,8.5,9.0,8.783854,9.29948,0.5,0.515626000000001,regular,,-0.044396917309761835,True,-0.23362059701671248,9,0.18922367970695064,True,96.9695089076189,14.015003122418127
Bach/Fugue/bwv_848/Denisova06M.mid,16,17,9.0,9.5,9.29948,9.792101,0.5,0.49262099999999975,regular,,0.021449964918757742,True,-0.12974196827838796,9,0.15119193319714572,True,101.49790609819725,11.048656066225295
Bach/Fugue/bwv_848/Denisova06M.mid,17,18,9.5,10.0,9.792101,10.307292,0.5,0.5151909999999997,regular,,-0.04317929598601316,True,-0.3083375737903656,9,0.2651582778043524,True,97.05138482621014,20.17678880259946
Bach/Fugue/bwv_848/Denisova06M.mid,18,19,10.0,10.5,10.307292,10.832682,0.5,0.5253899999999998,regular,,-0.07146064633845381,True,-0.25424330336745155,9,0.18278265702899774,True,95.16739945564251,13.507109004739542
Bach/Fugue/bwv_848/Denisova06M.mid,19,20,10.5,11.0,10.832682,11.343099,0.5,0.5104170000000003,regular,,-0.02974828556193528,True,-0.2272136750294351,9,0.1974653894674998,True,97.95911970016667,14.668202665663479
Bach/Fugue/bwv_848/Denisova06M.mid,20,21,11.0,11.5,11.343099,11.835069,0.5,0.49197000000000024,regular,,0.023357751214753857,True,-0.15313084007554387,9,0.17648859129029773,True,101.6322133463422,13.012988596865865
Bach/Fugue/bwv_848/Denisova06M.mid,21,22,11.5,12.0,11.835069,12.343099,0.5,0.5080299999999998,regular,,-0.022985598120509383,True,-0.26969866798385195,9,0.24671306986334257,True,98.41938468200702,18.650079719702138
Bach/Fugue/bwv_848/Denisova06M.mid,22,23,12.0,12.5,12.343099,12.861979,0.5,0.5188799999999993,regular,,-0.0534728340189928,True,-0.26522323653707736,9,0.21175040251808455,True,96.36139377119963,15.809242984890343
Bach/Fugue/bwv_848/Denisova06M.mid,23,24,12.5,13.0,12.861979,13.371094,0.5,0.5091149999999995,regular,,-0.02606347730799567,True,-0.22560810581826454,9,0.19954462851026888,True,98.20963829390226,14.83358376791154
Bach/Fugue/bwv_848/Denisova06M.mid,24,25,13.0,13.5,13.371094,13.860677,0.5,0.48958300000000143,regular,,0.030374631304302322,True,-0.15987198245993992,9,0.19024661376424223,True,102.1277291082408,14.095873426977185
Bach/Fugue/bwv_848/Denisova06M.mid,25,26,13.5,14.0,13.860677,14.365885999999998,0.5,0.5052089999999971,regular,,-0.014952245227235372,True,-0.22561057350118785,9,0.21065832827395248,True,98.96894156675809,15.721612243646648
Bach/Fugue/bwv_848/Denisova06M.mid,26,27,14.0,14.5,14.365885999999998,14.873698,0.5,0.5078120000000013,regular,,-0.02236639252802622,True,-0.2930879213989927,9,0.27072152887096645,True,98.46163540837924,20.641103400470612
Bach/Fugue/bwv_848/Denisova06M.mid,27,28,14.5,15.0,14.873698,15.39388,0.5,0.5201820000000001,regular,,-0.05708838328622084,True,-0.16825692320858107,9,0.11116853992236023,True,96.12020408241729,8.010273327412252
Bach/Fugue/bwv_848/Denisova06M.mid,28,29,15.0,15.5,15.39388,15.877604000000002,0.5,0.48372400000000226,regular,,0.047743975912729844,True,-0.19967046049874965,9,0.24741443641147948,True,103.36472864691386,18.70777550834682
Bach/Fugue/bwv_848/Denisova06M.mid,29,30,15.5,16.0,15.877604000000002,16.389974,0.5,0.5123699999999971,regular,,-0.035257911396638676,True,-0.20782789767515486,9,0.1725699862785162,True,97.58572906298238,12.706442609833815
Bach/Fugue/bwv_848/Denisova06M.mid,30,31,16.0,16.5,16.389974,16.913412,0.5,0.5234380000000023,regular,,-0.0660905685538761,True,-0.25109007678007894,9,0.18499950822620284,True,95.52229681452202,13.681658572743565
Bach/Fugue/bwv_848/Denisova06M.mid,31,32,16.5,17.0,16.913412,17.398438,0.5,0.48502599999999774,regular,,0.04386600930786272,True,-0.206198095151885,9,0.2500641044597477,True,103.08725717796621,18.925995719817635
Bach/Fugue/bwv_848/Denisova06M.mid,32,33,17.0,17.5,17.398438,17.879557000000005,0.5,0.48111900000000674,regular,,0.05553432048379841,True,-0.19147168982722707,9,0.24700601031102548,True,103.92439292565727,18.674174164809966
Bach/Fugue/bwv_848/Denisova06M.mid,33,34,17.5,18.0,17.879557000000005,18.378906,0.5,0.49934899999999516,regular,,0.0018796128369085233,True,-0.21269881764386162,9,0.21457843048077013,True,100.13036974140428,16.03647949630512
Bach/Fugue/bwv_848/Denisova06M.mid,34,35,18.0,18.5,18.378906,18.875651,0.5,0.49674500000000066,regular,,0.009422648824610405,True,-0.16992500144231246,9,0.17934765026692287,True,100.65526578022916,13.237174002757818
Bach/Fugue/bwv_848/Denisova06M.mid,35,36,18.5,19.0,18.875651,19.370443,0.5,0.49479200000000034,regular,,0.015105920469665106,True,-0.211077004247544,9,0.2261829247172091,True,101.05256350143084,16.973596986207802
Bach/Fugue/bwv_848/Denisova06M.mid,36,37,19.0,19.5,19.370443,19.860677,0.5,0.4902339999999974,regular,,0.02845754962514706,True,-0.17270767931974293,9,0.20116522894489,True,101.99210989037941,14.962650489358909
Bach/Fugue/bwv_848/Denisova06M.mid,37,38,19.5,20.0,19.860677,20.392361,0.5,0.531684000000002,regular,,-0.08864095707416896,True,-0.28231643670259005,9,0.19367547962842108,True,94.04082123968335,14.367368587356141
Bach/Fugue/bwv_848/Denisova06M.mid,38,39,20.0,20.5,20.392361,20.922526,0.5,0.5301650000000002,regular,,-0.08451333579849461,True,-0.2447628724334186,9,0.16024953663492397,True,94.31026189959726,11.748040704308698
Bach/Fugue/bwv_848/Denisova06M.mid,39,40,20.5,21.0,20.922526,21.426215,0.5,0.5036889999999978,regular,,-0.010605129619280436,True,-0.19748800240598471,9,0.1868828727867043,True,99.26760362048846,13.830161071614391
Bach/Fugue/bwv_848/Denisova06M.mid,40,41,21.0,21.5,21.426215,21.947048,0.5,0.5208329999999997,regular,,-0.058892765728445914,True,-0.19858467284108086,9,0.13969190711263496,True,96.00006144003939,10.16698250686924
Bach/Fugue/bwv_848/Denisova06M.mid,41,42,21.5,22.0,21.947048,22.447917,0.5,0.5008690000000016,regular,,-0.0025052275683818803,True,-0.26136472275018513,9,0.25885949518180323,True,99.82650154032261,19.653242664248882
Bach/Fugue/bwv_848/Denisova06M.mid,42,43,22.0,22.5,22.447917,22.964192,0.5,0.5162750000000003,regular,,-0.046211644119778635,True,-0.19912515541740364,9,0.152913511297625,True,96.84761028521616,11.181250302648554
Bach/Fugue/bwv_848/Denisova06M.mid,43,44,22.5,23.0,22.964192,23.438802,0.5,0.4746099999999984,regular,,0.07518559655015356,True,-0.18322097696852405,9,0.2584065735186776,True,105.34965550662685,19.61568445671215
Bach/Fugue/bwv_848/Denisova06M.mid,44,45,23.0,23.5,23.438802,23.92513,0.5,0.4863280000000003,regular,,0.03999843874514894,True,-0.14465726404198445,9,0.1846557027871334,True,102.81127140530664,13.654570577881717
Bach/Fugue/bwv_848/Denisova06M.mid,45,46,23.5,24.0,23.92513,24.450521,0.5,0.525390999999999,regular,,-0.07146339228654341,True,-0.19311568043663094,9,0.12165228815008752,True,95.16721831930903,8.798018999183919
Bach/Fugue/bwv_848/Denisova06M.mid,46,47,24.0,24.5,24.450521,24.971355,0.5,0.5208340000000007,regular,,-0.05889553570204086,True,-0.31439490561801475,9,0.2554993699159739,True,95.99987712015717,19.374887200144357
Bach/Fugue/bwv_848/Denisova06M.mid,47,48,24.5,25.0,24.971355,25.487413,0.5,0.516058000000001,regular,,-0.04560512504408745,True,-0.20457145724063527,9,0.15896633219654782,True,96.88833425700193,11.648690651050563
Bach/Fugue/bwv_848/Denisova06M.mid,48,49,25.0,25.5,25.487413,25.96224,0.5,0.4748270000000012,regular,,0.07452612187341709,True,-0.1980364418283263,9,0.27256256370174337,True,105.30150981304742,20.795152760899555
Bach/Fugue/bwv_848/Denisova06M.mid,49,50,25.5,26.0,25.96224,26.477431,0.5,0.515190999999998,regular,,-0.043179295986008205,True,-0.21808925208678628,9,0.17490995610077809,True,97.05138482621048,12.889394418770319
Bach/Fugue/bwv_848/Denisova06M.mid,50,51,26.0,26.5,26.477431,26.958333000000003,0.5,0.48090200000000394,regular,,0.05618516870683424,True,-0.20402800182719855,9,0.2602131705340328,True,103.97128728930134,19.76556554142142
Bach/Fugue/bwv_848/Denisova06M.mid,51,52,26.5,27.0,26.958333000000003,27.435547,0.5,0.4772139999999965,regular,,0.06729172697095512,True,-0.2081551359872812,9,0.2754468629582363,True,104.77479705121888,21.03689330153896
Bach/Fugue/bwv_848/Denisova06M.mid,52,53,27.0,27.5,27.435547,27.940104,0.5,0.5045570000000019,regular,,-0.013089165469397375,True,-0.13784448410224365,9,0.12475531863284628,True,99.09683147790996,9.032279801885778
Bach/Fugue/bwv_848/Denisova06M.mid,53,54,27.5,28.0,27.940104,28.464193,0.5,0.524089,regular,,-0.06788373396636943,True,-0.2745705960456577,9,0.20668686207928827,True,95.40364327432935,15.403490628500904
Bach/Fugue/bwv_848/Denisova06M.mid,54,55,28.0,28.5,28.464193,28.97526,0.5,0.511066999999997,regular,,-0.03158434349949074,True,-0.25424330336743856,9,0.22265895986794781,True,97.83453050187214,16.68822287488704
Bach/Fugue/bwv_848/Denisova06M.mid,55,56,28.5,29.0,28.97526,29.48567700000001,0.5,0.510417000000011,regular,,-0.02974828556196553,True,-0.2288174593955905,9,0.199069173833625,True,97.9591197001646,14.795745439510952
Bach/Fugue/bwv_848/Denisova06M.mid,56,57,29.0,29.5,29.48567700000001,29.986328000000004,0.5,0.5006509999999942,regular,,-0.001877167172400758,True,-0.18982582370798862,9,0.18794865653558787,True,99.8699692999726,13.914283602750292
Bach/Fugue/bwv_848/Denisova06M.mid,57,58,29.5,30.0,29.986328000000004,30.44401,0.5,0.4576819999999948,regular,,0.12758254103353656,True,-0.2094533656289497,9,0.3370359066624863,True,109.24615781263097,26.315869970854543
Bach/Fugue/bwv_848/Denisova06M.mid,58,59,30.0,30.5,30.44401,30.936849,0.5,0.492839,regular,,0.02081166904871835,True,-0.2029404764642409,9,0.22375214551295924,True,101.45301000935396,16.77667554718575
Bach/Fugue/bwv_848/Denisova06M.mid,59,60,30.5,31.0,30.936849,31.427083000000003,0.5,0.4902340000000045,regular,,0.02845754962512633,True,-0.2029404764642409,9,0.23139802608936724,True,101.99210989037795,17.397202152439355
Bach/Fugue/bwv_848/Denisova06M.mid,60,61,31.0,31.5,31.427083000000003,31.901693,0.5,0.4746099999999984,regular,,0.07518559655015356,True,-0.1749279189258543,9,0.25011351547600785,True,105.34965550662685,18.930068898674634
Bach/Fugue/bwv_848/Denisova06M.mid,61,62,31.5,32.0,31.901693,32.376953,0.5,0.4752599999999987,regular,,0.07321111178286417,True,-0.1463554440390127,9,0.2195665558218769,True,105.20557168707685,16.438370576107264
Bach/Fugue/bwv_848/Denisova06M.mid,62,63,32.0,32.5,32.376953,32.863281,0.5,0.4863280000000003,regular,,0.03999843874514894,True,-0.1799084532390533,9,0.21990689198420224,True,102.81127140530664,16.465841983188344
Bach/Fugue/bwv_848/Denisova06M.mid,63,64,32.5,33.0,32.863281,33.337891,0.5,0.4746099999999984,regular,,0.07518559655015356,True,-0.206198095151885,9,0.2813836917020386,True,105.34965550662685,21.535997977287018
Bach/Fugue/bwv_848/Denisova06M.mid,64,65,33.0,33.5,33.337891,33.819661,0.5,0.4817700000000045,regular,,0.053583535679492214,True,-0.15313084007554387,9,0.2067143757550361,True,103.78396330198963,15.40569151254669
Bach/Fugue/bwv_848/Denisova06M.mid,65,66,33.5,34.0,33.819661,34.291016,0.5,0.4713549999999955,regular,,0.08511406301915252,True,-0.13271370302815044,9,0.21782776604730297,True,106.07716052656804,16.298119251944012
Bach/Fugue/bwv_848/Denisova06M.mid,66,67,34.0,34.5,34.291016,34.769531,0.5,0.4785150000000016,regular,,0.06336394533503506,True,-0.21431880991695318,9,0.27768275525198827,True,104.48993239501338,21.22462200766921
Bach/Fugue/bwv_848/Denisova06M.mid,67,68,34.5,35.0,34.769531,35.24348900000001,0.5,0.4739580000000103,regular,,0.07716887516545154,True,-0.18982329405091905,9,0.2669921692163706,True,105.49457968849332,20.32964946260677
Bach/Fugue/bwv_848/Denisova06M.mid,68,69,35.0,35.5,35.24348900000001,35.71875,0.5,0.47526099999998905,regular,,0.07320807619495608,True,-0.18156566582541422,9,0.2547737420203703,True,105.20535032329848,19.31486067655697
Bach/Fugue/bwv_848/Denisova06M.mid,69,70,35.5,36.0,35.71875,36.208984,0.5,0.49023400000000095,regular,,0.028457549625136698,True,-0.193113156541528,9,0.2215707061666647,True,101.99210989037869,16.60023580575861
Bach/Fugue/bwv_848/Denisova06M.mid,70,71,36.0,36.5,36.208984,36.688151,0.5,0.4791669999999968,regular,,0.06139954105056055,True,-0.17990590613270027,9,0.24130544718326083,True,104.34775349721565,18.206178639180045
Bach/Fugue/bwv_848/Denisova06M.mid,71,72,36.5,37.0,36.688151,37.182292,0.5,0.49414099999999905,regular,,0.017005330454535523,True,-0.24158639332071352,9,0.258591723775249,True,101.18569396184509,19.631036485536704
Bach/Fugue/bwv_848/Denisova06M.mid,72,73,37.0,37.5,37.182292,37.660807,0.5,0.4785150000000016,regular,,0.06336394533503506,True,-0.17103769162014837,9,0.23440163695518343,True,104.48993239501338,17.64187120571159
Bach/Fugue/bwv_848/Denisova06M.mid,73,74,37.5,38.0,37.660807,38.182292,0.5,0.5214849999999984,regular,,-0.06069766075922168,True,-0.26574412617087434,9,0.20504646541165267,True,95.88003490033299,15.27234723913254
Bach/Fugue/bwv_848/Denisova06M.mid,74,75,38.0,38.5,38.182292,38.688802,0.5,0.5065100000000058,regular,,-0.018662657471728416,True,-0.24634727690091407,9,0.22768461942918566,True,98.71473416121978,17.095417662038844
Bach/Fugue/bwv_848/Denisova06M.mid,75,76,38.5,39.0,38.688802,39.188151,0.5,0.49934899999999516,regular,,0.0018796128369085233,True,-0.23999674880662228,9,0.2418763616435308,True,100.13036974140428,18.252965360900454
Bach/Fugue/bwv_848/Denisova06M.mid,76,77,39.0,39.5,39.188151,39.707465,0.5,0.5193140000000014,regular,,-0.05467902416114601,True,-0.18156566582541422,9,0.12688664166426822,True,96.28086283058008,9.19347446824018
Bach/Fugue/bwv_848/Denisova06M.mid,77,78,39.5,40.0,39.707465,40.240886,0.5,0.5334210000000041,regular,,-0.09334652790078429,True,-0.28458046252591174,9,0.19123393462512744,True,93.7345923763774,14.173982651599811
Bach/Fugue/bwv_848/Denisova06M.mid,78,79,40.0,40.5,40.240886,40.752604,0.5,0.5117179999999948,regular,,-0.03342088705155131,True,-0.24792751344358557,9,0.21450662639203427,True,97.71006687277077,16.030704411415286
Bach/Fugue/bwv_848/Denisova06M.mid,79,80,40.5,41.0,40.752604,41.243924,0.5,0.49132000000000176,regular,,0.025265127295400036,True,-0.2029404764642588,9,0.22820560375965884,True,101.76666938044417,17.137710657005613
Bach/Fugue/bwv_848/Denisova06M.mid,80,81,41.0,41.5,41.243924,41.755642,0.5,0.5117180000000019,regular,,-0.033420887051571306,True,-0.23840535079834263,9,0.20498446374677132,True,97.7100668727694,15.267393369003477
Bach/Fugue/bwv_848/Denisova06M.mid,81,82,41.5,42.0,41.755642,42.259549,0.5,0.5039069999999981,regular,,-0.01122940268868833,True,-0.24476043729341504,9,0.2335310346047267,True,99.22465851833809,17.570900979744202
Bach/Fugue/bwv_848/Denisova06M.mid,82,83,42.0,42.5,42.259549,42.733724,0.5,0.47417500000000246,regular,,0.07650849349045881,True,-0.24634241196255735,9,0.32285090545301615,True,105.44630147097536,25.079981019666096
Bach/Fugue/bwv_848/Denisova06M.mid,83,84,42.5,43.0,42.733724,43.284288,0.5,0.5505639999999943,regular,,-0.13898218391741746,True,-0.21507468138596145,9,0.07609249746854399,True,90.81596326676012,5.415900785377579
Bach/Fugue/bwv_848/Denisova06M.mid,84,85,43.0,43.5,43.284288,43.77474,0.5,0.4904520000000048,regular,,0.02781614651731276,True,-0.21031903481917877,9,0.23813518133649153,True,101.94677562737947,17.94671038144246
Bach/Fugue/bwv_848/Denisova06M.mid,85,86,43.5,44.0,43.77474,44.26302,0.5,0.48827999999999605,regular,,0.034219408641956855,True,-0.18156566582541422,9,0.21578507446737108,True,102.40026214467193,16.133570901942115
Bach/Fugue/bwv_848/Denisova06M.mid,86,87,44.0,44.5,44.26302,44.759766,0.5,0.4967460000000017,regular,,0.009419744530475225,True,-0.1779152415724845,9,0.18733498610295973,True,100.6550631509863,13.865838879424015
Bach/Fugue/bwv_848/Denisova06M.mid,87,88,44.5,45.0,44.759766,45.285156,0.5,0.5253900000000016,regular,,-0.0714606463384587,True,-0.1963955340301138,9,0.12493488769165512,True,95.16739945564218,9.045851653057273
Bach/Fugue/bwv_848/Denisova06M.mid,88,89,45.0,45.5,45.285156,45.776041,0.5,0.4908849999999987,regular,,0.02654301202175038,True,-0.18487185267275114,9,0.21141486469450152,True,101.85685038247274,15.782311539362146
Bach/Fugue/bwv_848/Denisova06M.mid,89,90,45.5,46.0,45.776041,46.263672,0.5,0.48763100000000037,regular,,0.03613825005179582,True,-0.1914716898272181,9,0.22760993987901393,True,102.5365491529455,17.08935650112403
Bach/Fugue/bwv_848/Denisova06M.mid,90,91,46.0,46.5,46.263672,46.763672,0.5,0.5,regular,,0.0,True,-0.1463554440390127,9,0.1463554440390127,True,100.0,10.67700000000116
Bach/Fugue/bwv_848/Denisova06M.mid,91,92,46.5,47.0,46.763672,47.275391,0.5,0.5117189999999994,regular,,-0.0334237063653879,True,-0.17326050076655158,9,0.1398367944011637,True,97.70987592799966,10.17804693591526
Bach/Fugue/bwv_848/Denisova06M.mid,92,93,47.0,47.5,47.275391,47.756511,0.5,0.4811200000000042,regular,,0.05553132186279615,True,-0.21431880991697083,9,0.26985013177976697,True,103.92417692051788,20.56825739940187
Bach/Fugue/bwv_848/Denisova06M.mid,93,94,47.5,48.0,47.756511,48.23763,0.5,0.48111899999999963,regular,,0.05553432048381968,True,-0.12239707314187764,9,0.17793139362569732,True,103.92439292565881,13.126066524082896
Bach/Fugue/bwv_848/Denisova06M.mid,94,95,48.0,48.5,48.23763,48.73090300000001,0.5,0.4932730000000092,regular,,0.01954177336103606,True,-0.13214248824762367,9,0.15168426160865972,True,101.36374786375713,11.086558558850818
Bach/Fugue/bwv_848/Denisova06M.mid,95,96,48.5,49.0,48.73090300000001,49.251302,0.5,0.5203989999999905,regular,,-0.05769009488463975,True,-0.24211588582755467,9,0.18442579094291492,True,96.08012313628757,13.636459716487717
Bach/Fugue/bwv_848/Denisova06M.mid,96,97,49.0,49.5,49.251302,49.770833,0.5,0.5195310000000006,regular,,-0.05528174127183176,True,-0.2652256373815189,9,0.2099438961096871,True,96.24064781504845,15.664320319671615
Bach/Fugue/bwv_848/Denisova06M.mid,97,98,49.5,50.0,49.770833,50.246745,0.5,0.4759119999999939,regular,,0.071233262741937,True,-0.1497484199616128,9,0.22098168270354981,True,105.06143993007244,16.552639983865276
Bach/Fugue/bwv_848/Denisova06M.mid,98,99,50.0,50.5,50.246745,50.746962,0.5,0.5002170000000064,regular,,-0.0006259938169295807,True,-0.21917037950426857,9,0.218544385687339,True,99.95661882742762,16.35590153873318
Bach/Fugue/bwv_848/Denisova06M.mid,99,100,50.5,51.0,50.746962,51.243923,0.5,0.4969609999999989,regular,,0.008795457011866101,True,-0.26886552069611713,9,0.27766097770798326,True,100.61151679910519,21.22279213057095
Bach/Fugue/bwv_848/Denisova06M.mid,100,101,51.0,51.5,51.243923,51.757813,0.5,0.5138899999999964,regular,,-0.039531483523884095,True,-0.18982582370798862,9,0.15029434018410454,True,97.29708692521814,10.979587071163618
Bach/Fugue/bwv_848/Denisova06M.mid,101,102,51.5,52.0,51.757813,52.225261,0.5,0.4674480000000045,regular,,0.09712220970456903,True,-0.2730169024661976,9,0.3701391121707666,True,106.96376923208469,29.247745203744728
Bach/Fugue/bwv_848/Denisova06M.mid,102,103,52.0,52.5,52.225261,52.726996,0.5,0.5017349999999965,regular,,-0.004997486159226427,True,-0.14295969596328797,9,0.13796220980406154,True,99.6541999262566,10.034978624173615
Bach/Fugue/bwv_848/Denisova06M.mid,103,104,52.5,53.0,52.726996,53.225911,0.5,0.49891500000000377,regular,,0.0031340499140385136,True,-0.2683457570362307,9,0.27147980695026924,True,100.21747191405275,20.7045288275547
Bach/Fugue/bwv_848/Denisova06M.mid,104,105,53.0,53.5,53.225911,53.77734399999999,0.5,0.5514329999999887,regular,,-0.14125751180014673,True,-0.2823164367025817,9,0.141058924902435,True,90.67284692791513,10.271420099995815
Bach/Fugue/bwv_848/Denisova06M.mid,105,106,53.5,54.0,53.77734399999999,54.25260400000001,0.5,0.47526000000002,regular,,0.07321111178279932,True,-0.20620059625932696,9,0.2794117080421263,True,105.20557168707212,21.369986954504945
Bach/Fugue/bwv_848/Denisova06M.mid,106,107,54.0,54.5,54.25260400000001,54.761067,0.5,0.5084629999999848,regular,,-0.02421470051564119,True,-0.16992500144231246,9,0.14571030092667125,True,98.3355721065279,10.627518619843896
Bach/Fugue/bwv_848/Denisova06M.mid,107,108,54.5,55.0,54.761067,55.25260400000001,0.5,0.4915370000000152,regular,,0.024628076678719683,True,-0.19945437346298875,9,0.22408245014170844,True,101.72174220862,16.80341459543714
Bach/Fugue/bwv_848/Denisova06M.mid,108,109,55.0,55.5,55.25260400000001,55.76888,0.5,0.5162759999999906,regular,,-0.04621443854838704,True,-0.24052682495316433,9,0.19431238640477727,True,96.84742269638896,14.417869511660678
Bach/Fugue/bwv_848/Denisova06M.mid,109,110,55.5,56.0,55.76888,56.264974,0.5,0.49609399999999937,regular,,0.011314586200597117,True,-0.1963955340301138,9,0.20771012023071092,True,100.7873507843273,15.485371723907186
Bach/Fugue/bwv_848/Denisova06M.mid,110,111,56.0,56.5,56.264974,56.757161,0.5,0.49218700000000126,regular,,0.022721542095786463,True,-0.19639553403013163,9,0.2191170761259181,True,101.5874047872046,16.40209920213353
Bach/Fugue/bwv_848/Denisova06M.mid,111,112,56.5,57.0,56.757161,57.257813,0.5,0.5006519999999952,regular,,-0.0018800488077146363,True,-0.2320221461755266,9,0.23014209736781197,True,99.86976982015547,17.295047258372204
Bach/Fugue/bwv_848/Denisova06M.mid,112,113,57.0,57.5,57.257813,57.764323,0.5,0.5065099999999987,regular,,-0.018662657471708134,True,-0.23362059701674298,9,0.21495793954503484,True,98.71473416122116,16.067007561551563
Bach/Fugue/bwv_848/Denisova06M.mid,113,114,57.5,58.0,57.764323,58.26215300000001,0.5,0.49783000000001465,regular,,0.006274922930936033,True,-0.20728566779207896,9,0.213560590723015,True,100.43589177028008,15.954643151273734
Bach/Fugue/bwv_848/Denisova06M.mid,114,115,58.0,58.5,58.26215300000001,58.764323,0.5,0.5021699999999854,regular,,-0.0062477486483015,True,-0.20076296326498916,9,0.19451521461668766,True,99.56787542067718,14.433956628236377
Bach/Fugue/bwv_848/Denisova06M.mid,115,116,58.5,59.0,58.764323,59.265625,0.5,0.5013020000000026,regular,,-0.0037518950364648076,True,-0.19530475783339174,9,0.19155286279692693,True,99.740276320461,14.199225217531206
Bach/Fugue/bwv_848/Denisova06M.mid,116,117,59.0,59.5,59.265625,59.755208,0.5,0.4895830000000032,regular,,0.03037463130429699,True,-0.18322351822875213,9,0.21359814953304912,True,102.12772910824042,15.95766192861881
Bach/Fugue/bwv_848/Denisova06M.mid,117,118,59.5,60.0,59.755208,60.240234,0.5,0.48502599999999774,regular,,0.04386600930786272,True,-0.13955069755834426,9,0.18341670686620698,True,103.08725717796621,13.557005191474936
Bach/Fugue/bwv_848/Denisova06M.mid,118,119,60.0,60.5,60.240234,60.70703100000001,0.5,0.4667970000000068,regular,,0.09913280569090291,True,-0.13340044069414056,9,0.23253324638504347,True,107.11294202833194,17.489615400269578
Bach/Fugue/bwv_848/Denisova06M.mid,119,120,60.5,61.0,60.70703100000001,61.171875,0.5,0.46484399999999226,regular,,0.10518146078907373,True,-0.1615497781374512,9,0.26673123892652495,True,107.56296736109496,20.30788823777784
Bach/Fugue/bwv_848/Denisova06M.mid,120,121,61.0,61.5,61.171875,61.66015600000001,0.5,0.48828100000000774,regular,,0.03421645399794007,True,-0.15143802341912008,9,0.18565447741706015,True,102.40005242882522,13.733280631439126
Bach/Fugue/bwv_848/Denisova06M.mid,121,122,61.5,62.0,61.66015600000001,62.126953,0.5,0.4667969999999926,regular,,0.09913280569094686,True,-0.1375035237499274,9,0.23663632944087426,True,107.11294202833521,17.82423623116812
Bach/Fugue/bwv_848/Denisova06M.mid,122,123,62.0,62.5,62.126953,62.597005,0.5,0.4700520000000026,regular,,0.08910772960264976,True,-0.16490724839161836,9,0.2540149779942681,True,106.37120999378733,19.25212529677494
Bach/Fugue/bwv_848/Denisova06M.mid,123,124,62.5,63.0,62.597005,63.059245,0.5,0.4622399999999942,regular,,0.1132859858722142,True,-0.12653416799813277,9,0.23982015387034697,True,108.16891658013287,18.084544825200346
Bach/Fugue/bwv_848/Denisova06M.mid,124,125,63.0,63.5,63.059245,63.546224,0.5,0.48697900000000516,regular,,0.03806853459018014,True,-0.18322097696851514,9,0.22128951155869528,True,102.67383193114993,16.577511555937743
Bach/Fugue/bwv_848/Denisova06M.mid,125,126,63.5,64.0,63.546224,64.015625,0.5,0.46940099999999774,regular,,0.09110717954204205,True,-0.09627264961325484,9,0.18737982915529688,True,106.5187334496523,13.869378207545546
Bach/Fugue/bwv_848/Denisova06M.mid,126,127,64.0,64.5,64.015625,64.486328,0.5,0.4707030000000003,regular,,0.0871110468924227,True,-0.1292830169449665,9,0.21639406383738918,True,106.22409459892961,16.18260346757926
Bach/Fugue/bwv_848/Denisova06M.mid,127,128,64.5,65.0,64.486328,64.936198,0.5,0.4498700000000042,regular,,0.15241993222534997,True,-0.10293488728786386,9,0.2553548195132138,True,111.1432191521985,19.36292706782271
Bach/Fugue/bwv_848/Denisova06M.mid,128,129,65.0,65.5,64.936198,65.389323,0.5,0.453125,regular,,0.14201900487242786,True,-0.1548190809726439,9,0.29683808584507176,True,110.34482758620689,22.844910344827383
Bach/Fugue/bwv_848/Denisova06M.mid,129,130,65.5,66.0,65.389323,65.86067800000001,0.5,0.47135500000000263,regular,,0.08511406301913077,True,-0.14635544403893863,9,0.2314695070580694,True,106.07716052656644,17.40301895598314
Bach/Fugue/bwv_848/Denisova06M.mid,130,131,66.0,66.5,65.86067800000001,66.317709,0.5,0.4570309999999864,regular,,0.12963606958337234,True,-0.15312824525127575,9,0.2827643148346481,True,109.4017692454155,21.65236056197792
Bach/Fugue/bwv_848/Denisova06M.mid,131,132,66.5,67.0,66.317709,66.811198,0.5,0.49348900000001095,regular,,0.018910167900323682,True,-0.26834815269001044,9,0.2872583205903341,True,101.31938097910773,22.031899393905494
Bach/Fugue/bwv_848/Denisova06M.mid,132,133,67.0,67.5,66.811198,67.294271,0.5,0.4830729999999903,regular,,0.04968687522578692,True,-0.15650534860014115,9,0.20619222382592806,True,103.50402527154488,15.363930503260384
Bach/Fugue/bwv_848/Denisova06M.mid,133,134,67.5,68.0,67.294271,67.78775999999999,0.5,0.49348899999999674,regular,,0.0189101679003651,True,-0.10153981932470932,9,0.12044998722507441,True,101.31938097911063,8.70738760134701
Bach/Fugue/bwv_848/Denisova06M.mid,134,135,68.0,68.5,67.78775999999999,68.231771,0.5,0.44401100000000326,regular,,0.17133267631001206,True,-0.10713076767016827,9,0.2784634439801803,True,112.60982272961624,21.290238304904292
Bach/Fugue/bwv_848/Denisova06M.mid,135,136,68.5,69.0,68.231771,68.751302,0.5,0.5195310000000006,regular,,-0.05528174127183176,True,-0.20457145724063527,9,0.14928971596880353,True,96.24064781504845,10.902333065784127
Bach/Fugue/bwv_848/Denisova06M.mid,136,137,69.0,69.5,68.751302,69.24349000000001,0.5,0.49218800000001295,regular,,0.022718610905827684,True,-0.1615523578588731,9,0.18427096876470078,True,101.5871983876053,13.624265524550626
Bach/Fugue/bwv_848/Denisova06M.mid,137,138,69.5,70.0,69.24349000000001,69.722656,0.5,0.4791659999999922,regular,,0.06140255189344613,True,-0.14295969596336225,9,0.20436224785680837,True,104.34797126674434,15.217690737663153
Bach/Fugue/bwv_848/Denisova06M.mid,138,139,70.0,70.5,69.722656,70.195964,0.5,0.47330800000000295,regular,,0.07914878772173159,True,-0.12239707314185881,9,0.2015458608635904,True,105.6394567596569,14.992985540069345
Bach/Fugue/bwv_848/Denisova06M.mid,139,140,70.5,71.0,70.195964,70.716146,0.5,0.5201819999999913,regular,,-0.05708838328619618,True,-0.20130764976121546,9,0.1442192664750193,True,96.12020408241892,10.513243441721137
Bach/Fugue/bwv_848/Denisova06M.mid,140,141,71.0,71.5,70.716146,71.19205699999998,0.5,0.4759109999999822,regular,,0.07123629417752489,True,-0.16992500144231246,9,0.24116129561983735,True,105.0616606886621,18.194368274744864
Bach/Fugue/bwv_848/Denisova06M.mid,141,142,71.5,72.0,71.19205699999998,71.666667,0.5,0.47461000000002684,regular,,0.0751855965500672,True,-0.15987198245993992,9,0.23505757901000712,True,105.34965550662054,17.69537093613026
Bach/Fugue/bwv_848/Denisova06M.mid,142,143,72.0,72.5,71.666667,72.134114,0.5,0.46744699999999284,regular,,0.09712529602989463,True,-0.15481908097257008,9,0.2519443770024647,True,106.96399805753542,19.081093685482863
Bach/Fugue/bwv_848/Denisova06M.mid,143,144,72.5,73.0,72.134114,72.654948,0.5,0.5208340000000078,regular,,-0.05889553570206055,True,-0.1848769293761089,9,0.12598139367404834,True,95.99987712015586,9.1249803200178
Bach/Fugue/bwv_848/Denisova06M.mid,144,145,73.0,73.5,72.654948,73.144531,0.5,0.4895829999999961,regular,,0.030374631304318007,True,-0.23202460291186938,9,0.2623992342161874,True,102.12772910824191,19.947179538507378
Bach/Fugue/bwv_848/Denisova06M.mid,145,146,73.5,74.0,73.144531,73.619792,0.5,0.47526100000000326,regular,,0.07320807619491285,True,-0.13442599163554206,9,0.2076340678304549,True,105.20535032329532,15.47928401446711
Bach/Fugue/bwv_848/Denisova06M.mid,146,147,74.0,74.5,73.619792,74.085286,0.5,0.4654939999999925,regular,,0.10316552264796128,True,-0.09627804786044712,9,0.19944357050840839,True,107.41277008941212,14.82554017882729
Bach/Fugue/bwv_848/Denisova06M.mid,147,148,74.5,75.0,74.085286,74.610677,0.5,0.525390999999999,regular,,-0.07146339228654341,True,-0.1715962768842005,9,0.1001328845976571,True,95.16721831930903,7.187218661911474
Bach/Fugue/bwv_848/Denisova06M.mid,148,149,75.0,75.5,74.610677,75.089844,0.5,0.4791670000000039,regular,,0.06139954105053906,True,-0.130999379745113,9,0.19239892079565207,True,104.3477534972141,14.26621616263527
Bach/Fugue/bwv_848/Denisova06M.mid,149,150,75.5,76.0,75.089844,75.66275999999998,0.5,0.572915999999978,regular,,-0.19639553403006005,True,-0.19639553403006005,9,0.0,True,87.2728288265678,0.0
Bach/Fugue/bwv_848/Denisova06M.mid,150,151,76.0,76.5,75.66275999999998,76.201823,0.5,0.5390630000000272,regular,,-0.10852579492954308,True,-0.17658830622792568,9,0.0680625112983826,True,92.75353715613478,4.830789722159098
Bach/Fugue/bwv_848/Denisova06M.mid,151,152,76.5,77.0,76.201823,76.710938,0.5,0.5091149999999942,regular,,-0.026063477307980663,True,-0.24634484443383814,9,0.22028136712585747,True,98.20963829390328,16.49607652495611
Bach/Fugue/bwv_848/Denisova06M.mid,152,153,77.0,77.5,76.710938,77.20768299999997,0.5,0.4967449999999758,regular,,0.009422648824682649,True,-0.2447604372934325,9,0.25418308611811513,True,100.6552657802342,19.266021801937306
Bach/Fugue/bwv_848/Denisova06M.mid,153,154,77.5,78.0,77.20768299999997,77.695964,0.5,0.48828100000002905,regular,,0.03421645399787719,True,-0.13613625039123442,9,0.1703527043891116,True,102.40005242882076,12.533356817070137
Bach/Fugue/bwv_848/Denisova06M.mid,154,155,78.0,78.5,77.695964,78.210938,0.5,0.5149739999999952,regular,,-0.04257150048041961,True,-0.16992756623128272,9,0.1273560657508631,True,97.09228038697191,9.229009619909194
Bach/Fugue/bwv_848/Denisova06M.mid,155,156,78.5,79.0,78.210938,78.70638000000002,0.5,0.4954420000000255,regular,,0.013211919836888261,True,-0.24158639332071352,9,0.25479831315760176,True,100.9199865978206,19.31689279470946
Bach/Fugue/bwv_848/Denisova06M.mid,156,157,79.0,79.5,78.70638000000002,79.175781,0.5,0.4694009999999764,regular,,0.0911071795421076,True,-0.19147168982723603,9,0.2825788693693436,True,106.51873344965715,21.636724250700844
Bach/Fugue/bwv_848/Denisova06M.mid,157,158,79.5,80.0,79.175781,79.661459,0.5,0.48567799999999295,regular,,0.04192795752666233,True,-0.12584415334207338,9,0.16777211086873572,True,102.94886735656283,12.332244820642122
Bach/Fugue/bwv_848/Denisova06M.mid,158,159,80.0,80.5,79.661459,80.146484,0.5,0.48502500000000737,regular,,0.04386898378039442,True,-0.20293796969859706,9,0.24680695347899148,True,103.08746971805421,18.657801144271495
Bach/Fugue/bwv_848/Denisova06M.mid,159,160,80.5,81.0,80.146484,80.661458,0.5,0.5149739999999952,regular,,-0.04257150048041961,True,-0.2510876522964451,9,0.20851615181602548,True,97.09228038697191,15.54991125765594
Bach/Fugue/bwv_848/Denisova06M.mid,160,161,81.0,81.5,80.661458,81.132813,0.5,0.47135500000000263,regular,,0.08511406301913077,True,-0.12584415334211094,9,0.2109582163612417,True,106.07716052656644,15.745669399921827
Bach/Fugue/bwv_848/Denisova06M.mid,161,162,81.5,82.0,81.132813,81.61393299999997,0.5,0.4811199999999758,regular,,0.05553132186288153,True,-0.1429570827806502,9,0.19848840464353174,True,103.92417692052402,14.749542733629472
Bach/Fugue/bwv_848/Denisova06M.mid,162,163,82.0,82.5,81.61393299999997,82.085938,0.5,0.4720050000000242,regular,,0.08312595259466794,True,-0.11721362078312646,9,0.2003395733777944,True,105.93108123854076,14.89687609240969
Bach/Fugue/bwv_848/Denisova06M.mid,163,164,82.5,83.0,82.085938,82.586589,0.5,0.5006510000000048,regular,,-0.0018771671724313907,True,-0.14125489553244908,9,0.1393777283600177,True,99.86996929997048,10.142993822040895
Bach/Fugue/bwv_848/Denisova06M.mid,164,165,83.0,83.5,82.586589,83.07356700000003,0.5,0.4869780000000219,regular,,0.03807149713373566,True,-0.13784448410226233,9,0.175915981235998,True,102.67404276989464,12.968142298006343
Bach/Fugue/bwv_848/Denisova06M.mid,165,166,83.5,84.0,83.07356700000003,83.59700500000002,0.5,0.5234379999999987,regular,,-0.0660905685538662,True,-0.21593698515205934,9,0.14984641659819314,True,95.52229681452268,10.945135813600148
Bach/Fugue/bwv_848/Denisova06M.mid,166,167,84.0,84.5,83.59700500000002,84.121094,0.5,0.5240889999999752,regular,,-0.06788373396630093,True,-0.2526651297207665,9,0.18478139575446556,True,95.40364327433389,13.664473018901097
Bach/Fugue/bwv_848/Denisova06M.mid,167,168,84.5,85.0,84.121094,84.61263000000002,0.5,0.49153600000002484,regular,,0.02463101175073787,True,-0.19147168982723603,9,0.2161027015779739,True,101.7219491552958,16.15914195500935
Bach/Fugue/bwv_848/Denisova06M.mid,168,169,85.0,85.5,84.61263000000002,85.119791,0.5,0.5071609999999822,regular,,-0.0205157135435847,True,-0.2320221461755964,9,0.21150643263201171,True,98.58802234399285,15.78966048257437
Bach/Fugue/bwv_848/Denisova06M.mid,169,170,85.5,86.0,85.119791,85.641276,0.5,0.5214849999999984,regular,,-0.06069766075922168,True,-0.2761250009675494,9,0.2154273402083277,True,95.88003490033299,16.104777702139312
Bach/Fugue/bwv_848/Denisova06M.mid,170,171,86.0,86.5,85.641276,86.103515,0.5,0.46223899999999674,regular,,0.11328910697077317,True,-0.29001855194063164,9,0.4033076589114048,True,108.16915059092884,32.25366098490275
Bach/Fugue/bwv_848/Denisova06M.mid,171,172,86.5,87.0,86.103515,86.587239,0.5,0.48372399999999516,regular,,0.04774397591275123,True,-0.10153713002990318,9,0.14928110594265442,True,103.3647286469154,10.901671200933073
Bach/Fugue/bwv_848/Denisova06M.mid,172,173,87.0,87.5,86.587239,87.072482,0.5,0.485242999999997,regular,,0.043220693773528336,True,-0.14465987414690318,9,0.1878805679204315,True,103.04115669880929,13.908907495832375
Bach/Fugue/bwv_848/Denisova06M.mid,173,174,87.5,88.0,87.072482,87.583334,0.5,0.5108519999999999,regular,,-0.030977290614940003,True,-0.23148893542559187,9,0.20051164481065187,True,97.875705683838,14.910580755284897
Bach/Fugue/bwv_848/Denisova06M.mid,174,175,88.0,88.5,87.583334,88.10611999999998,0.5,0.5227859999999822,regular,,-0.06429241196702577,True,-0.26428900484789064,9,0.19999659288086485,True,95.64142880643648,14.869564219397304
Bach/Fugue/bwv_848/Denisova06M.mid,175,176,88.5,89.0,88.10611999999998,88.59700500000002,0.5,0.4908850000000484,regular,,0.026543012021604136,True,-0.2526651297207665,9,0.27920814174237063,True,101.85685038246241,21.352862686768088
Bach/Fugue/bwv_848/Denisova06M.mid,176,177,89.0,89.5,88.59700500000002,89.08138000000002,0.5,0.484375,regular,,0.045803689613124754,True,-0.16155235785890965,9,0.2073560474720344,True,103.2258064516129,15.457032258065375
Bach/Fugue/bwv_848/Denisova06M.mid,177,178,89.5,90.0,89.08138000000002,89.578776,0.5,0.49739599999998063,regular,,0.007533189269405175,True,-0.26209394309808237,9,0.26962713236748753,True,100.52352652615208,20.549622433639236
Bach/Fugue/bwv_848/Denisova06M.mid,178,179,90.0,90.5,89.578776,90.080729,0.5,0.5019530000000003,regular,,-0.0056241899234739405,True,-0.2042459094584873,9,0.19862171953501337,True,99.61091974746633,14.760146866337372
Bach/Fugue/bwv_848/Denisova06M.mid,179,180,90.5,91.0,90.080729,90.58138,0.5,0.5006509999999906,regular,,-0.001877167172390494,True,-0.20163135213262845,9,0.19975418496023795,True,99.8699692999733,14.850264955031767
Bach/Fugue/bwv_848/Denisova06M.mid,180,181,91.0,91.5,90.58138,91.047743,0.5,0.4663630000000012,regular,,0.10047476139603166,True,-0.15930883837744406,9,0.2597835997734757,True,107.21262192755401,19.729909962838832
Bach/Fugue/bwv_848/Denisova06M.mid,181,182,91.5,92.0,91.047743,91.57487,0.5,0.5271270000000072,regular,,-0.07622249543183124,True,-0.27457059604567474,9,0.1983481006138435,True,94.85380183523006,14.738383729158816
Bach/Fugue/bwv_848/Denisova06M.mid,182,183,92.0,92.5,91.57487,92.074219,0.5,0.49934899999999516,regular,,0.0018796128369085233,True,-0.2807710670195492,9,0.2826506798564577,True,100.13036974140428,21.642778898123634
Bach/Fugue/bwv_848/Denisova06M.mid,183,184,92.5,93.0,92.074219,92.588541,0.5,0.514322000000007,regular,,-0.040743771056711495,True,-0.19967297294835276,9,0.15892920189164128,True,97.21536313826613,11.64581721178396
Bach/Fugue/bwv_848/Denisova06M.mid,184,185,93.0,93.5,92.588541,93.061198,0.5,0.4726569999999981,regular,,0.0811344734921212,True,-0.16992500144231246,9,0.25105947493443365,True,105.78495610982213,19.008075623549896
Bach/Fugue/bwv_848/Denisova06M.mid,185,186,93.5,94.0,93.061198,93.580078,0.5,0.5188799999999958,regular,,-0.05347283401898299,True,-0.33538949711646665,9,0.28191666309748364,True,96.36139377120028,21.580905026214197
Bach/Fugue/bwv_848/Denisova06M.mid,186,187,94.0,94.5,93.580078,94.065104,0.5,0.48502600000000484,regular,,0.04386600930784159,True,-0.22881992159512066,9,0.2726859309029622,True,103.0872571779647,20.805482592684292
Bach/Fugue/bwv_848/Denisova06M.mid,187,188,94.5,95.0,94.065104,94.587239,0.5,0.5221349999999916,regular,,-0.06249477445544341,True,-0.21593698515213003,9,0.15344221069668662,True,95.76067492123839,11.222001972675406
Bach/Fugue/bwv_848/Denisova06M.mid,188,189,95.0,95.5,94.587239,95.082683,0.5,0.4954440000000062,regular,,0.013206095978131431,True,-0.22721367502946152,9,0.24041977100759296,True,100.91957920572128,18.13363367000172
Bach/Fugue/bwv_848/Denisova06M.mid,189,190,95.5,96.0,95.082683,95.608724,0.5,0.5260409999999922,regular,,-0.07324715366346614,True,-0.2288174593955905,9,0.15557030573212438,True,95.04962540942768,11.386184727047887
Bach/Fugue/bwv_848/Denisova06M.mid,190,191,96.0,96.5,95.608724,96.083984,0.5,0.4752600000000058,regular,,0.07321111178284256,True,-0.2110770042475264,9,0.28428811603036896,True,105.20557168707528,21.780919917515387
Bach/Fugue/bwv_848/Denisova06M.mid,191,192,96.5,97.0,96.083984,96.589844,0.5,0.5058599999999984,regular,,-0.016810070165807656,True,-0.2223940701297871,9,0.20558399996397944,True,98.84157672083217,15.315304629735726
Bach/Fugue/bwv_848/Denisova06M.mid,192,193,97.0,97.5,96.589844,97.084636,0.5,0.4947920000000039,regular,,0.015105920469654643,True,-0.2792216625480438,9,0.29432758301769846,True,101.0525635014301,22.631327911527826
Bach/Fugue/bwv_848/Denisova06M.mid,193,194,97.5,98.0,97.084636,97.602214,0.5,0.5175780000000003,regular,,-0.049848201026057665,True,-0.26678534157125516,9,0.2169371405451975,True,96.60379691563391,16.22634656032537
Bach/Fugue/bwv_848/Denisova06M.mid,194,195,98.0,98.5,97.602214,98.078776,0.5,0.47656200000000126,regular,,0.06926417608516003,True,-0.20130764976121546,9,0.2705718258463755,True,104.9181428649365,20.62858557753297
Bach/Fugue/bwv_848/Denisova06M.mid,195,196,98.5,99.0,98.078776,98.586589,0.5,0.5078129999999987,regular,,-0.022369233527484107,True,-0.22561057350119235,9,0.20324133997370825,True,98.4614415148886,15.128206642997474
Bach/Fugue/bwv_848/Denisova06M.mid,196,197,99.0,99.5,98.586589,99.093099,0.5,0.5065099999999916,regular,,-0.01866265747168785,True,-0.24158639332074838,9,0.22292373584906053,True,98.71473416122255,16.70964048094192
Bach/Fugue/bwv_848/Denisova06M.mid,197,198,99.5,100.0,99.093099,99.596354,0.5,0.50325500000001,regular,,-0.009361505968909231,True,-0.19146916305447953,9,0.1821076570855703,True,99.35321059899853,13.454014366476033
Bach/Fugue/bwv_848/Denisova06M.mid,198,199,100.0,100.5,99.596354,100.054688,0.5,0.4583339999999936,regular,,0.12552878361989114,True,-0.15987198245993992,9,0.28540076607983106,True,109.09075041345547,21.87487727290734
Bach/Fugue/bwv_848/Denisova06M.mid,199,200,100.5,101.0,100.054688,100.559245,0.5,0.5045570000000055,regular,,-0.013089165469407558,True,-0.30225938224638577,9,0.2891702167769782,True,99.09683147790925,22.19372637778744
Bach/Fugue/bwv_848/Denisova06M.mid,200,201,101.0,101.5,100.559245,101.04362,0.5,0.484375,regular,,0.045803689613124754,True,-0.14465726404202148,9,0.19046095365514623,True,103.2258064516129,14.11282580645474
Bach/Fugue/bwv_848/Denisova06M.mid,201,202,101.5,102.0,101.04362,101.549479,0.5,0.505859000000001,regular,,-0.016807218197944496,True,-0.20032606143123216,9,0.18351884323328765,True,98.8417721143637,13.565044804977235
Bach/Fugue/bwv_848/Denisova06M.mid,202,203,102.0,102.5,101.549479,102.029514,0.5,0.4800350000000009,regular,,0.05878849637527072,True,-0.17547989042348636,9,0.23426838679875708,True,104.15907173435251,17.631006072475046
Bach/Fugue/bwv_848/Denisova06M.mid,203,204,102.5,103.0,102.029514,102.56467,0.5,0.5351560000000006,regular,,-0.09803140900064386,True,-0.26886552069610015,9,0.1708341116954563,True,93.43070058076512,12.570913901740344
Bach/Fugue/bwv_848/Denisova06M.mid,204,205,103.0,103.5,102.56467,103.061849,0.5,0.4971789999999885,regular,,0.008162734208357801,True,-0.2500350416136521,9,0.25819777582200987,True,100.56740127801287,19.598374026261155
Bach/Fugue/bwv_848/Denisova06M.mid,205,206,103.5,104.0,103.061849,103.572049,0.5,0.5102000000000118,regular,,-0.029134804053056122,True,-0.1799084532390896,9,0.15077364918603348,True,98.0007840062698,11.016464131713407
Bach/Fugue/bwv_848/Denisova06M.mid,206,207,104.0,104.5,103.572049,104.084202,0.5,0.5121529999999979,regular,,-0.03464676878968246,True,-0.24950844813220596,9,0.2148616793425235,True,97.62707628384527,16.059263540388773
Bach/Fugue/bwv_848/Denisova06M.mid,207,208,104.5,105.0,104.084202,104.588108,0.5,0.5039060000000006,regular,,-0.01122653966739915,True,-0.29971590419269883,9,0.28848936452529966,True,99.22485542938551,22.13607299774012
Bach/Fugue/bwv_848/Denisova06M.mid,208,209,105.0,105.5,104.588108,105.059245,0.5,0.4711369999999988,regular,,0.08578145865650069,True,-0.16490724839161836,9,0.2506887070481191,True,106.12624353425888,18.977494868796356
Bach/Fugue/bwv_848/Denisova06M.mid,209,210,105.5,106.0,105.059245,105.53710900000002,0.5,0.47786400000001095,regular,,0.06532800898900806,True,-0.13955069755834426,9,0.20487870654735232,True,104.63228031406186,15.258943967318741
Bach/Fugue/bwv_848/Denisova06M.mid,210,211,106.0,106.5,105.53710900000002,106.007161,0.5,0.47005199999998126,regular,,0.0891077296027154,True,-0.1279079268710363,9,0.2170156564737517,True,106.37120999379218,16.232672129895334
Bach/Fugue/bwv_848/Denisova06M.mid,211,212,106.5,107.0,106.007161,106.48112,0.5,0.4739590000000078,regular,,0.07716583123853102,True,-0.1548190809726439,9,0.23198491221117493,True,105.49435710683662,17.44496886861308
Bach/Fugue/bwv_848/Denisova06M.mid,212,213,107.0,107.5,106.48112,106.947917,0.5,0.4667969999999997,regular,,0.09913280569092503,True,-0.18652591234330615,9,0.28565871803423115,True,107.11294202833359,21.896670287082383
Bach/Fugue/bwv_848/Denisova06M.mid,213,214,107.5,108.0,106.947917,107.501953,0.5,0.5540359999999964,regular,,-0.1480516274774541,True,-0.347250644642229,9,0.1991990171647749,True,90.24684316542665,14.806077583406344
Bach/Fugue/bwv_848/Denisova06M.mid,214,215,108.0,108.5,107.501953,108.185221,0.5,0.6832679999999982,regular,,-0.4505234666941581,True,-0.6287512023481805,9,0.1782277356540224,True,73.1777282120634,13.149305982427295
Bach/Fugue/bwv_848/Denisova06M.mid,215,216,108.5,109.0,108.185221,109.11849,0.5,0.9332689999999957,regular,,-0.9003648801135171,True,-1.2104275186779994,9,0.31006263856448224,True,53.57512142801296,23.97615264194938
Bach/Fugue/bwv_848/Lee01M.mid,0,1,1.0,1.5,0.846354,1.4375,0.5,0.591146,regular,,-0.24158639332072604,True,-0.161887682376894,9,-0.07969871094383205,True,84.58147395059767,-5.37447601776887
Bach/Fugue/bwv_848/Lee01M.mid,1,2,1.5,2.0,1.4375,2.085938,0.5,0.6484380000000001,regular,,-0.3750405437860456,True,-0.3750405437860456,9,0.0,True,77.10837427788006,0.0
Bach/Fugue/bwv_848/Lee01M.mid,2,3,2.0,2.5,2.085938,2.700521,0.5,0.6145830000000001,regular,,-0.29767976616180686,True,-0.24285733668187354,9,-0.05482242947993332,True,81.35597632866511,-3.728707107095366
Bach/Fugue/bwv_848/Lee01M.mid,3,4,2.5,3.0,2.700521,3.335938,0.5,0.6354169999999999,regular,,-0.3457755936651593,True,-0.3098537107795227,9,-0.035921882885636636,True,78.68848331095958,-2.4591724804340584
Bach/Fugue/bwv_848/Lee01M.mid,4,5,3.0,3.5,3.335938,3.951823000000001,0.5,0.6158850000000009,regular,,-0.30073289658743935,True,-0.30073289658743935,9,0.0,True,81.18398727035068,0.0
Bach/Fugue/bwv_848/Lee01M.mid,5,6,3.5,4.0,3.951823000000001,4.597656,0.5,0.6458329999999988,regular,,-0.3692330650487287,True,-0.3692330650487287,9,0.0,True,77.41939479710715,0.0
Bach/Fugue/bwv_848/Lee01M.mid,6,7,4.0,4.5,4.597656,5.19401,0.5,0.5963539999999998,regular,,-0.254240884177117,True,-0.254240884177117,9,0.0,True,83.84281819187935,0.0
Bach/Fugue/bwv_848/Lee01M.mid,7,8,4.5,5.0,5.19401,5.758463,0.5,0.5644530000000003,regular,,-0.17492536301108502,True,-0.17492536301108502,9,0.0,True,88.5813344955204,0.0
Bach/Fugue/bwv_848/Lee01M.mid,8,9,5.0,5.5,5.758463,6.327474,0.5,0.5690109999999997,regular,,-0.18652844778870245,True,-0.17126320161136432,9,-0.015265246177338126,True,87.87176346327227,-1.0525279827634693
Bach/Fugue/bwv_848/Lee01M.mid,9,10,5.5,6.0,6.327474,6.906901,0.5,0.5794270000000008,regular,,-0.21269881764386608,True,-0.2526651297207665,9,0.03996631207690041,True,86.29214724201655,2.808981977022039
Bach/Fugue/bwv_848/Lee01M.mid,10,11,6.0,6.5,6.906901,7.494791999999999,0.5,0.5878909999999982,regular,,-0.23362059701670587,True,-0.25581491942515555,9,0.02219432240844968,True,85.04977963602123,1.5502873832054473
Bach/Fugue/bwv_848/Lee01M.mid,11,12,6.5,7.0,7.494791999999999,8.096355,0.5,0.6015630000000023,regular,,-0.2667877398175594,True,-0.2667877398175594,9,0.0,True,83.11681403277763,0.0
Bach/Fugue/bwv_848/Lee01M.mid,12,13,7.0,7.5,8.096355,8.647786,0.5,0.5514309999999991,regular,,-0.14125227926002074,True,-0.19639805218946346,9,0.05514577292944273,True,90.67317579171298,3.8964077101215495
Bach/Fugue/bwv_848/Lee01M.mid,13,14,7.5,8.0,8.647786,9.20638,0.5,0.5585939999999994,regular,,-0.15987198245993992,True,-0.1980364418283263,9,0.03816445936838639,True,89.51044944986887,2.680658940124437
Bach/Fugue/bwv_848/Lee01M.mid,14,15,8.0,8.5,9.20638,9.757161,0.5,0.5507810000000006,regular,,-0.13955069755834426,True,-0.21107700424754847,9,0.0715263066892042,True,90.780183049161,5.082782448922323
Bach/Fugue/bwv_848/Lee01M.mid,15,16,8.5,9.0,9.757161,10.335286,0.5,0.578125,regular,,-0.2094533656289497,True,-0.23362059701671248,9,0.024167231387762778,True,86.48648648648648,1.689254054054208
Bach/Fugue/bwv_848/Lee01M.mid,16,17,9.0,9.5,10.335286,10.880642,0.5,0.545356,regular,,-0.12527021163186502,True,-0.12974196827838796,9,0.00447175664652294,True,91.68323077035919,0.31043941938833514
Bach/Fugue/bwv_848/Lee01M.mid,17,18,9.5,10.0,10.880642,11.494791,0.5,0.6141489999999994,regular,,-0.29666061849773545,True,-0.3083375737903656,9,0.011676955292630131,True,81.41346806719551,0.8126692382468245
Bach/Fugue/bwv_848/Lee01M.mid,18,19,10.0,10.5,11.494791,12.086589,0.5,0.5917980000000007,regular,,-0.24317672601933443,True,-0.25424330336745155,9,0.011066577348117113,True,84.48828823348498,0.7700262589600132
Bach/Fugue/bwv_848/Lee01M.mid,19,20,10.5,11.0,12.086589,12.670573,0.5,0.5839839999999992,regular,,-0.2240007477849364,True,-0.2272136750294351,9,0.0032129272444987034,True,85.61878407627619,0.22295131373476101
Bach/Fugue/bwv_848/Lee01M.mid,20,21,11.0,11.5,12.670573,13.226563,0.5,0.5559900000000013,regular,,-0.15313084007554387,True,-0.15313084007554387,9,0.0,True,89.92967499415437,0.0
Bach/Fugue/bwv_848/Lee01M.mid,21,22,11.5,12.0,13.226563,13.803385,0.5,0.576822,regular,,-0.206198095151885,True,-0.26969866798385195,9,0.06350057283196694,True,86.68185332736962,4.499828369930847
Bach/Fugue/bwv_848/Lee01M.mid,22,23,12.0,12.5,13.803385,14.38737,0.5,0.5839850000000002,regular,,-0.22400321821872768,True,-0.26522323653707736,9,0.04122001831834968,True,85.61863746500336,2.8983621154649595
Bach/Fugue/bwv_848/Lee01M.mid,23,24,12.5,13.0,14.38737,14.973307,0.5,0.5859369999999995,regular,,-0.2288174593955862,True,-0.22560810581826454,9,-0.003209353577321661,True,85.33340615117332,-0.22220818961718472
Bach/Fugue/bwv_848/Lee01M.mid,24,25,13.0,13.5,14.973307,15.531901,0.5,0.5585939999999994,regular,,-0.15987198245993992,True,-0.15987198245993992,9,0.0,True,89.51044944986887,0.0
Bach/Fugue/bwv_848/Lee01M.mid,25,26,13.5,14.0,15.531901,16.116537,0.5,0.5846360000000015,regular,,-0.22561057350118785,True,-0.22561057350118785,9,0.0,True,85.52329996784303,0.0
Bach/Fugue/bwv_848/Lee01M.mid,26,27,14.0,14.5,16.116537,16.707031,0.5,0.5904939999999996,regular,,-0.2399943056085278,True,-0.2930879213989927,9,0.0530936157904649,True,84.67486545163885,3.7487256432749057
Bach/Fugue/bwv_848/Lee01M.mid,27,28,14.5,15.0,16.707031,17.268881,0.5,0.5618499999999997,regular,,-0.16825692320858107,True,-0.16825692320858107,9,0.0,True,88.99172376968946,0.0
Bach/Fugue/bwv_848/Lee01M.mid,28,29,15.0,15.5,17.268881,17.843099,0.5,0.5742179999999983,regular,,-0.19967046049874965,True,-0.19967046049874965,9,0.0,True,87.0749436625117,0.0
Bach/Fugue/bwv_848/Lee01M.mid,29,30,15.5,16.0,17.843099,18.420573,0.5,0.5774740000000023,regular,,-0.20782789767515486,True,-0.20782789767515486,9,0.0,True,86.58398473351147,0.0
Bach/Fugue/bwv_848/Lee01M.mid,30,31,16.0,16.5,18.420573,19.000651,0.5,0.5800780000000003,regular,,-0.21431880991695318,True,-0.25109007678007894,9,0.03677126686312576,True,86.19530476935856,2.5815493778422556
Bach/Fugue/bwv_848/Lee01M.mid,31,32,16.5,17.0,19.000651,19.583984,0.5,0.5833329999999997,regular,,-0.22239159693904528,True,-0.206198095151885,9,-0.01619350178716028,True,85.71433469390558,-1.1161720663839862
Bach/Fugue/bwv_848/Lee01M.mid,32,33,17.0,17.5,19.583984,20.154948,0.5,0.570964,regular,,-0.19147168982722707,True,-0.19147168982722707,9,0.0,True,87.57119538184543,0.0
Bach/Fugue/bwv_848/Lee01M.mid,33,34,17.5,18.0,20.154948,20.698568,0.5,0.5436200000000007,regular,,-0.12067043952927164,True,-0.21269881764386162,9,0.09202837811458997,True,91.97601265589923,6.586770170339269
Bach/Fugue/bwv_848/Lee01M.mid,34,35,18.0,18.5,20.698568,21.261068,0.5,0.5625,regular,,-0.16992500144231246,True,-0.16992500144231246,9,0.0,True,88.88888888888889,0.0
Bach/Fugue/bwv_848/Lee01M.mid,35,36,18.5,19.0,21.261068,21.839844,0.5,0.5787759999999977,regular,,-0.211077004247544,True,-0.211077004247544,9,0.0,True,86.38920756907716,0.0
Bach/Fugue/bwv_848/Lee01M.mid,36,37,19.0,19.5,21.839844,22.395399,0.5,0.5555550000000018,regular,,-0.15200165074929248,True,-0.17270767931974293,9,0.020706028570450452,True,90.0000900000897,1.4455814455812606
Bach/Fugue/bwv_848/Lee01M.mid,37,38,19.5,20.0,22.395399,22.976562,0.5,0.5811630000000001,regular,,-0.21701476118783383,True,-0.28231643670259005,9,0.06530167551475621,True,86.03438278073448,4.630370481259278
Bach/Fugue/bwv_848/Lee01M.mid,38,39,20.0,20.5,22.976562,23.569011,0.5,0.5924489999999984,regular,,-0.2447628724334186,True,-0.2447628724334186,9,0.0,True,84.39545007249592,0.0
Bach/Fugue/bwv_848/Lee01M.mid,39,40,20.5,21.0,23.569011,24.142361,0.5,0.5733500000000014,regular,,-0.19748800240598471,True,-0.19748800240598471,9,0.0,True,87.20676724513801,0.0
Bach/Fugue/bwv_848/Lee01M.mid,40,41,21.0,21.5,24.142361,24.706163,0.5,0.563801999999999,regular,,-0.1732605007665606,True,-0.19858467284108086,9,0.025324172074520257,True,88.68361587933367,1.7708344418790414
Bach/Fugue/bwv_848/Lee01M.mid,41,42,21.5,22.0,24.706163,25.299479,0.5,0.5933160000000015,regular,,-0.24687259370762882,True,-0.26136472275018513,9,0.014492129042556312,True,84.27212480364574,1.0095800551471796
Bach/Fugue/bwv_848/Lee01M.mid,42,43,22.0,22.5,25.299479,25.873047,0.5,0.5735679999999981,regular,,-0.1980364418283263,True,-0.19912515541740364,9,0.0010887135890773336,True,87.17362195938436,0.07549235661700554
Bach/Fugue/bwv_848/Lee01M.mid,43,44,22.5,23.0,25.873047,26.442057,0.5,0.5690099999999987,regular,,-0.1865259123433242,True,-0.18322097696852405,9,-0.003304935374800144,True,87.87191789248013,-0.2288184741918547
Bach/Fugue/bwv_848/Lee01M.mid,44,45,23.0,23.5,26.442057,26.994791,0.5,0.552734000000001,regular,,-0.14465726404198445,True,-0.14465726404198445,9,0.0,True,90.4594253293626,0.0
Bach/Fugue/bwv_848/Lee01M.mid,45,46,23.5,24.0,26.994791,27.566406,0.5,0.5716150000000013,regular,,-0.19311568043663094,True,-0.19311568043663094,9,0.0,True,87.47146243538026,0.0
Bach/Fugue/bwv_848/Lee01M.mid,46,47,24.0,24.5,27.566406,28.188151,0.5,0.6217450000000007,regular,,-0.31439490561801475,True,-0.31439490561801475,9,0.0,True,80.41882122091846,0.0
Bach/Fugue/bwv_848/Lee01M.mid,47,48,24.5,25.0,28.188151,28.764323,0.5,0.5761719999999997,regular,,-0.20457145724063527,True,-0.20457145724063527,9,0.0,True,86.77964219017937,0.0
Bach/Fugue/bwv_848/Lee01M.mid,48,49,25.0,25.5,28.764323,29.337891,0.5,0.5735679999999981,regular,,-0.1980364418283263,True,-0.1980364418283263,9,0.0,True,87.17362195938436,0.0
Bach/Fugue/bwv_848/Lee01M.mid,49,50,25.5,26.0,29.337891,29.898871000000003,0.5,0.5609800000000043,regular,,-0.16602124205160126,True,-0.21808925208678628,9,0.05206801003518502,True,89.12973724553393,3.674997326107928
Bach/Fugue/bwv_848/Lee01M.mid,50,51,26.0,26.5,29.898871000000003,30.464844,0.5,0.5659729999999961,regular,,-0.1788051353867129,True,-0.20402800182719855,9,0.02522286644048566,True,88.34343687773153,1.7636883738296922
Bach/Fugue/bwv_848/Lee01M.mid,51,52,26.5,27.0,30.464844,31.014323,0.5,0.5494790000000016,regular,,-0.13613625039126243,True,-0.2081551359872812,9,0.07201888559601877,True,90.99528826397344,5.118666955425091
Bach/Fugue/bwv_848/Lee01M.mid,52,53,27.0,27.5,31.014323,31.564453000000004,0.5,0.5501300000000029,regular,,-0.13784448410224365,True,-0.13784448410224365,9,0.0,True,90.88760838347253,0.0
Bach/Fugue/bwv_848/Lee01M.mid,53,54,27.5,28.0,31.564453000000004,32.158854,0.5,0.5944009999999942,regular,,-0.24950844813218007,True,-0.2745705960456577,9,0.025062147913477634,True,84.11829724378069,1.7523523681841124
Bach/Fugue/bwv_848/Lee01M.mid,54,55,28.0,28.5,32.158854,32.714844,0.5,0.5559900000000013,regular,,-0.15313084007554387,True,-0.25424330336743856,9,0.10111246329189469,True,89.92967499415437,7.26002266227704
Bach/Fugue/bwv_848/Lee01M.mid,55,56,28.5,29.0,32.714844,33.300781,0.5,0.5859370000000013,regular,,-0.2288174593955905,True,-0.2288174593955905,9,0.0,True,85.33340615117307,0.0
Bach/Fugue/bwv_848/Lee01M.mid,56,57,29.0,29.5,33.300781,33.871094,0.5,0.5703129999999987,regular,,-0.18982582370798862,True,-0.18982582370798862,9,0.0,True,87.67115601432917,0.0
Bach/Fugue/bwv_848/Lee01M.mid,57,58,29.5,30.0,33.871094,34.421875,0.5,0.5507810000000006,regular,,-0.13955069755834426,True,-0.2094533656289497,9,0.06990266807060544,True,90.780183049161,4.964586650592402
Bach/Fugue/bwv_848/Lee01M.mid,58,59,30.0,30.5,34.421875,34.981120000000004,0.5,0.5592450000000042,regular,,-0.16155235785890965,True,-0.2029404764642409,9,0.04138811860533126,True,89.40625307333929,2.9103523500416664
Bach/Fugue/bwv_848/Lee01M.mid,59,60,30.5,31.0,34.981120000000004,35.556641,0.5,0.5755209999999948,regular,,-0.2029404764642409,True,-0.2029404764642409,9,0.0,True,86.87780289511669,0.0
Bach/Fugue/bwv_848/Lee01M.mid,60,61,31.0,31.5,35.556641,36.103516,0.5,0.546875,regular,,-0.1292830169449665,True,-0.1749279189258543,9,0.0456449019808878,True,91.42857142857143,3.2144457142853042
Bach/Fugue/bwv_848/Lee01M.mid,61,62,31.5,32.0,36.103516,36.645833,0.5,0.5423170000000042,regular,,-0.11720830030679202,True,-0.1463554440390127,9,0.029147143732220687,True,92.19699917207024,2.0408727736732453
Bach/Fugue/bwv_848/Lee01M.mid,62,63,32.0,32.5,36.645833,37.210938,0.5,0.5651049999999955,regular,,-0.17659085919830103,True,-0.1799084532390533,9,0.0033175940407522697,True,88.47913219667211,0.23022270197664216
Bach/Fugue/bwv_848/Lee01M.mid,63,64,32.5,33.0,37.210938,37.78776,0.5,0.576822,regular,,-0.206198095151885,True,-0.206198095151885,9,0.0,True,86.68185332736962,0.0
Bach/Fugue/bwv_848/Lee01M.mid,64,65,33.0,33.5,37.78776,38.34375,0.5,0.5559900000000013,regular,,-0.15313084007554387,True,-0.15313084007554387,9,0.0,True,89.92967499415437,0.0
Bach/Fugue/bwv_848/Lee01M.mid,65,66,33.5,34.0,38.34375,38.870443,0.5,0.5266930000000016,regular,,-0.07503419062996233,True,-0.13271370302815044,9,0.05767951239818811,True,94.93196226264607,4.079036554500201
Bach/Fugue/bwv_848/Lee01M.mid,66,67,34.0,34.5,38.870443,39.433594,0.5,0.5631509999999977,regular,,-0.17159371506016655,True,-0.21431880991695318,9,0.04272509485678663,True,88.78613373677788,3.005765771525335
Bach/Fugue/bwv_848/Lee01M.mid,67,68,34.5,35.0,39.433594,39.976563,0.5,0.5429689999999994,regular,,-0.11894173698581771,True,-0.18982329405091905,9,0.07088155706510134,True,92.0862885358097,5.035830774868331
Bach/Fugue/bwv_848/Lee01M.mid,68,69,35.0,35.5,39.976563,40.54362,0.5,0.5670569999999984,regular,,-0.18156566582541422,True,-0.18156566582541422,9,0.0,True,88.17455740780935,0.0
Bach/Fugue/bwv_848/Lee01M.mid,69,70,35.5,36.0,40.54362,41.085938,0.5,0.5423180000000016,regular,,-0.11721096054740249,True,-0.193113156541528,9,0.07590219599412551,True,92.19682916665101,5.401996614532812
Bach/Fugue/bwv_848/Lee01M.mid,70,71,36.0,36.5,41.085938,41.636067,0.5,0.5501289999999983,regular,,-0.13784186163781031,True,-0.17990590613270027,9,0.04206404449488996,True,90.88777359492074,2.9585788060614484
Bach/Fugue/bwv_848/Lee01M.mid,71,72,36.5,37.0,41.636067,42.231771,0.5,0.5957040000000049,regular,,-0.25266755155486265,True,-0.24158639332071352,9,-0.011081158234149124,True,83.93430294240022,-0.7651451056246197
Bach/Fugue/bwv_848/Lee01M.mid,72,73,37.0,37.5,42.231771,42.770182,0.5,0.5384109999999964,regular,,-0.10677979032708466,True,-0.17103769162014837,9,0.0642579012930637,True,92.86585898133643,4.554698919601652
Bach/Fugue/bwv_848/Lee01M.mid,73,74,37.5,38.0,42.770182,43.359375,0.5,0.5891930000000016,regular,,-0.23681219542313747,True,-0.26574412617087434,9,0.028931930747736867,True,84.86183644408514,2.025652035918089
Bach/Fugue/bwv_848/Lee01M.mid,74,75,38.0,38.5,43.359375,43.963542,0.5,0.6041669999999968,regular,,-0.2730192903758665,True,-0.24634727690091407,9,-0.026672013474952405,True,82.75857502975215,-1.8317782997080496
Bach/Fugue/bwv_848/Lee01M.mid,75,76,38.5,39.0,43.963542,44.51237,0.5,0.5488280000000003,regular,,-0.13442599163554206,True,-0.23999674880662228,9,0.10557075717108022,True,91.10322359646369,7.5919960351871225
Bach/Fugue/bwv_848/Lee01M.mid,76,77,39.0,39.5,44.51237,45.071614,0.5,0.5592439999999996,regular,,-0.16154977813743274,True,-0.18156566582541422,9,0.020015887687981487,True,89.40641294318765,1.3970646086500222
Bach/Fugue/bwv_848/Lee01M.mid,77,78,39.5,40.0,45.071614,45.609375,0.5,0.5377610000000033,regular,,-0.10503703565478158,True,-0.28458046252591174,9,0.17954342687113017,True,92.97810737483697,13.252541556563473
Bach/Fugue/bwv_848/Lee01M.mid,78,79,40.0,40.5,45.609375,46.203125,0.5,0.59375,regular,,-0.24792751344358557,True,-0.24792751344358557,9,0.0,True,84.21052631578947,0.0
Bach/Fugue/bwv_848/Lee01M.mid,79,80,40.5,41.0,46.203125,46.778646,0.5,0.575521000000002,regular,,-0.2029404764642588,True,-0.2029404764642588,9,0.0,True,86.87780289511561,0.0
Bach/Fugue/bwv_848/Lee01M.mid,80,81,41.0,41.5,46.778646,47.371962,0.5,0.5933160000000015,regular,,-0.24687259370762882,True,-0.23840535079834263,9,-0.008467242909286188,True,84.27212480364574,-0.5851856346368787
Bach/Fugue/bwv_848/Lee01M.mid,81,82,41.5,42.0,47.371962,47.910157,0.5,0.5381949999999946,regular,,-0.10620089306473286,True,-0.24476043729341504,9,0.13855954422868216,True,92.90312990644748,10.080547013629495
Bach/Fugue/bwv_848/Lee01M.mid,82,83,42.0,42.5,47.910157,48.503255,0.5,0.5930980000000048,regular,,-0.24634241196255735,True,-0.24634241196255735,9,0.0,True,84.30309999359228,0.0
Bach/Fugue/bwv_848/Lee01M.mid,83,84,42.5,43.0,48.503255,49.079427,0.5,0.5761719999999997,regular,,-0.20457145724063527,True,-0.21507468138596145,9,0.010503224145326173,True,86.77964219017937,0.7306845872414003
Bach/Fugue/bwv_848/Lee01M.mid,84,85,43.0,43.5,49.079427,49.667969,0.5,0.5885419999999968,regular,,-0.2352172787954084,True,-0.21031903481917877,9,-0.02489824397622964,True,84.95570409588487,-1.711007880490945
Bach/Fugue/bwv_848/Lee01M.mid,85,86,43.5,44.0,49.667969,50.208984,0.5,0.5410150000000016,regular,,-0.11374049939691909,True,-0.18156566582541422,9,0.06782516642849513,True,92.418879328669,4.813544910953794
Bach/Fugue/bwv_848/Lee01M.mid,86,87,44.0,44.5,50.208984,50.759115,0.5,0.5501310000000004,regular,,-0.13784710656189145,True,-0.1779152415724845,9,0.04006813501059306,True,90.88744317262609,2.8162383141442806
Bach/Fugue/bwv_848/Lee01M.mid,87,88,44.5,45.0,50.759115,51.332031,0.5,0.5729159999999993,regular,,-0.1963955340301138,True,-0.1963955340301138,9,0.0,True,87.27282882656455,0.0
Bach/Fugue/bwv_848/Lee01M.mid,88,89,45.0,45.5,51.332031,51.894531,0.5,0.5625,regular,,-0.16992500144231246,True,-0.18487185267275114,9,0.01494685123043868,True,88.88888888888889,1.041422222221572
Bach/Fugue/bwv_848/Lee01M.mid,89,90,45.5,46.0,51.894531,52.465495,0.5,0.5709639999999965,regular,,-0.1914716898272181,True,-0.1914716898272181,9,0.0,True,87.57119538184598,0.0
Bach/Fugue/bwv_848/Lee01M.mid,90,91,46.0,46.5,52.465495,53.042318,0.5,0.5768230000000045,regular,,-0.20620059625932696,True,-0.1463554440390127,9,-0.05984515222031425,True,86.68170305275554,-4.063291512300742
Bach/Fugue/bwv_848/Lee01M.mid,91,92,46.5,47.0,53.042318,53.60612,0.5,0.5638019999999955,regular,,-0.17326050076655158,True,-0.17326050076655158,9,0.0,True,88.68361587933423,0.0
Bach/Fugue/bwv_848/Lee01M.mid,92,93,47.0,47.5,53.60612,54.169922,0.5,0.5638020000000026,regular,,-0.17326050076656965,True,-0.21431880991697083,9,0.04105830915040118,True,88.68361587933312,2.8868290641049072
Bach/Fugue/bwv_848/Lee01M.mid,93,94,47.5,48.0,54.169922,54.714193,0.5,0.544271000000002,regular,,-0.12239707314187764,True,-0.12239707314187764,9,0.0,True,91.86600057691815,0.0
Bach/Fugue/bwv_848/Lee01M.mid,94,95,48.0,48.5,54.714193,55.26215300000001,0.5,0.5479600000000104,regular,,-0.13214248824762367,True,-0.13214248824762367,9,0.0,True,91.24753631651772,0.0
Bach/Fugue/bwv_848/Lee01M.mid,95,96,48.5,49.0,55.26215300000001,55.853516000000006,0.5,0.5913629999999941,regular,,-0.24211588582755467,True,-0.24211588582755467,9,0.0,True,84.55043687210816,0.0
Bach/Fugue/bwv_848/Lee01M.mid,96,97,49.0,49.5,55.853516000000006,56.454428,0.5,0.6009119999999939,regular,,-0.2652256373815189,True,-0.2652256373815189,9,0.0,True,83.20685890779433,0.0
Bach/Fugue/bwv_848/Lee01M.mid,97,98,49.5,50.0,56.454428,57.005859,0.5,0.5514310000000009,regular,,-0.14125227926002532,True,-0.1497484199616128,9,0.008496140701587496,True,90.6731757917127,0.5906450671081194
Bach/Fugue/bwv_848/Lee01M.mid,98,99,50.0,50.5,57.005859,57.57595500000001,0.5,0.5700960000000066,regular,,-0.18927678414825164,True,-0.21917037950426857,9,0.029893595356016933,True,87.7045269568624,2.093682467515232
Bach/Fugue/bwv_848/Lee01M.mid,99,100,50.5,51.0,57.57595500000001,58.148437,0.5,0.5724819999999937,regular,,-0.19530223776502761,True,-0.26886552069611713,9,0.07356328293108952,True,87.33899057088354,5.231256179235673
Bach/Fugue/bwv_848/Lee01M.mid,100,101,51.0,51.5,58.148437,58.71875,0.5,0.5703129999999987,regular,,-0.18982582370798862,True,-0.18982582370798862,9,0.0,True,87.67115601432917,0.0
Bach/Fugue/bwv_848/Lee01M.mid,101,102,51.5,52.0,58.71875,59.322916000000006,0.5,0.6041660000000064,regular,,-0.2730169024661976,True,-0.2730169024661976,9,0.0,True,82.75871200961237,0.0
Bach/Fugue/bwv_848/Lee01M.mid,102,103,52.0,52.5,59.322916000000006,59.875,0.5,0.5520839999999936,regular,,-0.14295969596328797,True,-0.14295969596328797,9,0.0,True,90.56592837321962,0.0
Bach/Fugue/bwv_848/Lee01M.mid,103,104,52.5,53.0,59.875,60.452474,0.5,0.5774740000000023,regular,,-0.20782789767515486,True,-0.2683457570362307,9,0.06051785936107584,True,86.58398473351147,4.284002396644123
Bach/Fugue/bwv_848/Lee01M.mid,104,105,53.0,53.5,60.452474,61.036458,0.5,0.583984000000001,regular,,-0.2240007477849409,True,-0.2823164367025817,9,0.05831568891764083,True,85.61878407627592,4.124941779226224
Bach/Fugue/bwv_848/Lee01M.mid,105,106,53.5,54.0,61.036458,61.61328100000001,0.5,0.5768230000000045,regular,,-0.20620059625932696,True,-0.20620059625932696,9,0.0,True,86.68170305275554,0.0
Bach/Fugue/bwv_848/Lee01M.mid,106,107,54.0,54.5,61.61328100000001,62.17578100000001,0.5,0.5625,regular,,-0.16992500144231246,True,-0.16992500144231246,9,0.0,True,88.88888888888889,0.0
Bach/Fugue/bwv_848/Lee01M.mid,107,108,54.5,55.0,62.17578100000001,62.71875,0.5,0.5429689999999923,regular,,-0.11894173698579875,True,-0.19945437346298875,9,0.08051263647719,True,92.08628853581091,5.739370019282843
Bach/Fugue/bwv_848/Lee01M.mid,108,109,55.0,55.5,62.71875,63.27474,0.5,0.5559900000000013,regular,,-0.15313084007554387,True,-0.24052682495316433,9,0.08739598487762046,True,89.92967499415437,6.245076350295721
Bach/Fugue/bwv_848/Lee01M.mid,109,110,55.5,56.0,63.27474,63.80859399999999,0.5,0.533853999999991,regular,,-0.09451714838184079,True,-0.1963955340301138,9,0.10187838564827302,True,93.65856582511482,7.316981796522848
Bach/Fugue/bwv_848/Lee01M.mid,110,111,56.0,56.5,63.80859399999999,64.388672,0.5,0.5800780000000074,regular,,-0.21431880991697083,True,-0.19639553403013163,9,-0.0179232758868392,True,86.1953047693575,-1.2346615455164445
Bach/Fugue/bwv_848/Lee01M.mid,111,112,56.5,57.0,64.388672,64.949219,0.5,0.5605469999999997,regular,,-0.16490724839161836,True,-0.2320221461755266,9,0.06711489778390825,True,89.19858638080309,4.761955732522044
Bach/Fugue/bwv_848/Lee01M.mid,112,113,57.0,57.5,64.949219,65.566406,0.5,0.6171870000000013,regular,,-0.3037795794110296,True,-0.23362059701674298,9,-0.07015898239428664,True,81.01272385840905,-4.746697516309948
Bach/Fugue/bwv_848/Lee01M.mid,113,114,57.5,58.0,65.566406,66.143663,0.5,0.577257000000003,regular,,-0.20728566779207896,True,-0.20728566779207896,9,0.0,True,86.61653301735576,0.0
Bach/Fugue/bwv_848/Lee01M.mid,114,115,58.0,58.5,66.143663,66.710938,0.5,0.5672749999999951,regular,,-0.18212019046684402,True,-0.20076296326498916,9,0.018642772798145135,True,88.14067251333204,1.300603763607216
Bach/Fugue/bwv_848/Lee01M.mid,115,116,58.5,59.0,66.710938,67.29231700000001,0.5,0.5813790000000125,regular,,-0.217550865917703,True,-0.19530475783339174,9,-0.022246108084311267,True,86.00241838800322,-1.530155027963016
Bach/Fugue/bwv_848/Lee01M.mid,116,117,59.0,59.5,67.29231700000001,67.860026,0.5,0.5677089999999936,regular,,-0.18322351822875213,True,-0.18322351822875213,9,0.0,True,88.07329106989772,0.0
Bach/Fugue/bwv_848/Lee01M.mid,117,118,59.5,60.0,67.860026,68.40625,0.5,0.5462239999999952,regular,,-0.12756460976928483,True,-0.13955069755834426,9,0.011986087789059435,True,91.53753771346635,0.8342731187215336
Bach/Fugue/bwv_848/Lee01M.mid,118,119,60.0,60.5,68.40625,68.935547,0.5,0.5292969999999997,regular,,-0.08214938206409839,True,-0.13340044069414056,9,0.05125105863004217,True,94.4649223403874,3.6163061570356065
Bach/Fugue/bwv_848/Lee01M.mid,119,120,60.5,61.0,68.935547,69.490235,0.5,0.5546879999999987,regular,,-0.14974841996159433,True,-0.1615497781374512,9,0.011801358175856869,True,90.14076381677648,0.821362639899912
Bach/Fugue/bwv_848/Lee01M.mid,120,121,61.0,61.5,69.490235,70.045573,0.5,0.5553380000000061,regular,,-0.15143802341912008,True,-0.15143802341912008,9,0.0,True,90.03525780695621,0.0
Bach/Fugue/bwv_848/Lee01M.mid,121,122,61.5,62.0,70.045573,70.591797,0.5,0.5462239999999952,regular,,-0.12756460976928483,True,-0.1375035237499274,9,0.00993891398064256,True,91.53753771346635,0.6912914848124644
Bach/Fugue/bwv_848/Lee01M.mid,122,123,62.0,62.5,70.591797,71.152344,0.5,0.5605469999999997,regular,,-0.16490724839161836,True,-0.16490724839161836,9,0.0,True,89.19858638080309,0.0
Bach/Fugue/bwv_848/Lee01M.mid,123,124,62.5,63.0,71.152344,71.681641,0.5,0.5292969999999997,regular,,-0.08214938206409839,True,-0.12653416799813277,9,0.04438478593403439,True,94.4649223403874,3.124332841485903
Bach/Fugue/bwv_848/Lee01M.mid,124,125,63.0,63.5,71.681641,72.249349,0.5,0.5677079999999961,regular,,-0.18322097696851514,True,-0.18322097696851514,9,0.0,True,88.0734462082626,0.0
Bach/Fugue/bwv_848/Lee01M.mid,125,126,63.5,64.0,72.249349,72.768229,0.5,0.51888000000001,regular,,-0.05347283401902255,True,-0.09627264961325484,9,0.042799815594232286,True,96.36139377119764,3.0111008325601234
Bach/Fugue/bwv_848/Lee01M.mid,126,127,64.0,64.5,72.768229,73.263671,0.5,0.49544199999999705,regular,,0.01321191983697079,True,-0.1292830169449665,9,0.14249493678193728,True,100.91998659782637,10.381235341372596
Bach/Fugue/bwv_848/Lee01M.mid,127,128,64.5,65.0,73.263671,73.765625,0.5,0.5019539999999978,regular,,-0.005627064084202424,True,-0.10293488728786386,9,0.09730782320366144,True,99.61072130115552,6.9775318057075735
Bach/Fugue/bwv_848/Lee01M.mid,128,129,65.0,65.5,73.765625,74.296875,0.5,0.53125,regular,,-0.08746284125033943,True,-0.1548190809726439,9,0.06735623972230448,True,94.11764705882352,4.7794823529410015
Bach/Fugue/bwv_848/Lee01M.mid,129,130,65.5,66.0,74.296875,74.822266,0.5,0.525390999999999,regular,,-0.07146339228654341,True,-0.14635544403893863,9,0.07489205175239522,True,95.16721831930903,5.328222219257353
Bach/Fugue/bwv_848/Lee01M.mid,130,131,66.0,66.5,74.822266,75.353516,0.5,0.53125,regular,,-0.08746284125033943,True,-0.15312824525127575,9,0.06566540400093632,True,94.11764705882352,4.65675294117586
Bach/Fugue/bwv_848/Lee01M.mid,131,132,66.5,67.0,75.353516,75.898438,0.5,0.5449219999999997,regular,,-0.12412164276994668,True,-0.26834815269001044,9,0.14422650992006375,True,91.75625135340476,10.513798305079245
Bach/Fugue/bwv_848/Lee01M.mid,132,133,67.0,67.5,75.898438,76.44400999999998,0.5,0.5455719999999786,regular,,-0.12584150897297883,True,-0.15650534860014115,9,0.03066383962716232,True,91.64693202730705,2.1482040867247196
Bach/Fugue/bwv_848/Lee01M.mid,133,134,67.5,68.0,76.44400999999998,76.976562,0.5,0.5325520000000239,regular,,-0.09099430646884842,True,-0.10153981932470932,9,0.010545512855860903,True,93.88754525379261,0.7336372786101183
Bach/Fugue/bwv_848/Lee01M.mid,134,135,68.0,68.5,76.976562,77.514974,0.5,0.5384119999999939,regular,,-0.10678246986687392,True,-0.10713076767016827,9,0.0003482978032943451,True,92.86568650030193,0.024145078489823987
Bach/Fugue/bwv_848/Lee01M.mid,135,136,68.5,69.0,77.514974,78.091146,0.5,0.5761719999999997,regular,,-0.20457145724063527,True,-0.20457145724063527,9,0.0,True,86.77964219017937,0.0
Bach/Fugue/bwv_848/Lee01M.mid,136,137,69.0,69.5,78.091146,78.62825500000002,0.5,0.5371090000000294,regular,,-0.10328680114830242,True,-0.1615523578588731,9,0.05826555671057067,True,93.09097408532955,4.121323604698386
Bach/Fugue/bwv_848/Lee01M.mid,137,138,69.5,70.0,78.62825500000002,79.191406,0.5,0.5631509999999764,regular,,-0.1715937150601119,True,-0.14295969596336225,9,-0.028634019096749647,True,88.78613373678125,-1.9651922841218115
Bach/Fugue/bwv_848/Lee01M.mid,138,139,70.0,70.5,79.191406,79.735677,0.5,0.5442709999999948,regular,,-0.12239707314185881,True,-0.12239707314185881,9,0.0,True,91.86600057691935,0.0
Bach/Fugue/bwv_848/Lee01M.mid,139,140,70.5,71.0,79.735677,80.298828,0.5,0.5631510000000048,regular,,-0.17159371506018478,True,-0.20130764976121546,9,0.029713934701030675,True,88.78613373677676,2.080969402522455
Bach/Fugue/bwv_848/Lee01M.mid,140,141,71.0,71.5,80.298828,80.850911,0.5,0.5520829999999961,regular,,-0.14295708278061306,True,-0.16992500144231246,9,0.026967918661699397,True,90.56609241726399,1.8868539694219926
Bach/Fugue/bwv_848/Lee01M.mid,141,142,71.5,72.0,80.850911,81.42838499999998,0.5,0.577473999999981,regular,,-0.2078278976751016,True,-0.15987198245993992,9,-0.04795591521516168,True,86.58398473351467,-3.2694112635343178
Bach/Fugue/bwv_848/Lee01M.mid,142,143,72.0,72.5,81.42838499999998,81.983073,0.5,0.5546880000000272,regular,,-0.14974841996166824,True,-0.15481908097257008,9,0.005070661010901839,True,90.14076381677187,0.3520898234581124
Bach/Fugue/bwv_848/Lee01M.mid,143,144,72.5,73.0,81.983073,82.55143299999997,0.5,0.56835999999997,regular,,-0.1848769293761089,True,-0.1848769293761089,9,0.0,True,87.97241185164796,0.0
Bach/Fugue/bwv_848/Lee01M.mid,144,145,73.0,73.5,82.55143299999997,83.113281,0.5,0.5618480000000261,regular,,-0.16825178768276577,True,-0.23202460291186938,9,0.06377281522910361,True,88.9920405518889,4.51954977146464
Bach/Fugue/bwv_848/Lee01M.mid,145,146,73.5,74.0,83.113281,83.662109,0.5,0.5488280000000003,regular,,-0.13442599163554206,True,-0.13442599163554206,9,0.0,True,91.10322359646369,0.0
Bach/Fugue/bwv_848/Lee01M.mid,146,147,74.0,74.5,83.662109,84.218099,0.5,0.5559899999999942,regular,,-0.15313084007552552,True,-0.09627804786044712,9,-0.0568527922150784,True,89.9296749941555,-3.864098275143936
Bach/Fugue/bwv_848/Lee01M.mid,147,148,74.5,75.0,84.218099,84.768229,0.5,0.55013000000001,regular,,-0.13784448410226233,True,-0.1715962768842005,9,0.033751792781938184,True,90.88760838347135,2.3670768727377207
Bach/Fugue/bwv_848/Lee01M.mid,148,149,75.0,75.5,84.768229,85.31575500000002,0.5,0.547526000000019,regular,,-0.130999379745113,True,-0.130999379745113,9,0.0,True,91.31986426215059,0.0
Bach/Fugue/bwv_848/Lee01M.mid,149,150,75.5,76.0,85.31575500000002,85.864583,0.5,0.5488279999999719,regular,,-0.13442599163546734,True,-0.19639553403006005,9,0.06196954239459271,True,91.10322359646841,4.388988899984578
Bach/Fugue/bwv_848/Lee01M.mid,150,151,76.0,76.5,85.864583,86.41861999999998,0.5,0.5540369999999797,regular,,-0.14805423144852237,True,-0.17658830622792568,9,0.028534074779403312,True,90.24668027586937,1.9975200212281263
Bach/Fugue/bwv_848/Lee01M.mid,151,152,76.5,77.0,86.41861999999998,87.011719,0.5,0.5930990000000236,regular,,-0.24634484443383814,True,-0.24634484443383814,9,0.0,True,84.3029578535759,0.0
Bach/Fugue/bwv_848/Lee01M.mid,152,153,77.0,77.5,87.011719,87.541667,0.5,0.5299480000000045,regular,,-0.08392271040622207,True,-0.2447604372934325,9,0.16083772688721043,True,94.34887951270609,11.793609939088263
Bach/Fugue/bwv_848/Lee01M.mid,153,154,77.5,78.0,87.541667,88.095052,0.5,0.5533849999999916,regular,,-0.14635544403897566,True,-0.13613625039123442,9,-0.010219193647741237,True,90.35300920697301,-0.7058377079249918
Bach/Fugue/bwv_848/Lee01M.mid,154,155,78.0,78.5,88.095052,88.65755300000002,0.5,0.5625010000000259,regular,,-0.16992756623128272,True,-0.16992756623128272,9,0.0,True,88.88873086447437,0.0
Bach/Fugue/bwv_848/Lee01M.mid,155,156,78.5,79.0,88.65755300000002,89.239584,0.5,0.5820309999999722,regular,,-0.2191679007808682,True,-0.24158639332071352,9,0.02241849253984532,True,85.9060771677151,1.5660677867713284
Bach/Fugue/bwv_848/Lee01M.mid,156,157,79.0,79.5,89.239584,89.77018299999996,0.5,0.5305989999999667,regular,,-0.08569386168857852,True,-0.19147168982723603,9,0.1057778281386575,True,94.23312143446017,7.607439893410915
Bach/Fugue/bwv_848/Lee01M.mid,157,158,79.5,80.0,89.77018299999996,90.322266,0.5,0.5520830000000387,regular,,-0.14295708278072447,True,-0.12584415334207338,9,-0.017112929438651087,True,90.566092417257,-1.1791705232814493
Bach/Fugue/bwv_848/Lee01M.mid,158,159,80.0,80.5,90.322266,90.857422,0.5,0.5351560000000006,regular,,-0.09803140900064386,True,-0.20293796969859706,9,0.1049065606979532,True,93.43070058076512,7.542473596486052
Bach/Fugue/bwv_848/Lee01M.mid,159,160,80.5,81.0,90.857422,91.416666,0.5,0.5592440000000067,regular,,-0.1615497781374512,True,-0.2510876522964451,9,0.08953787415899389,True,89.40641294318651,6.40292966933723
Bach/Fugue/bwv_848/Lee01M.mid,160,161,81.0,81.5,91.416666,91.934896,0.5,0.5182299999999884,regular,,-0.051664439732218674,True,-0.12584415334211094,9,0.07417971360989226,True,96.48225691295586,5.276228701545018
Bach/Fugue/bwv_848/Lee01M.mid,161,162,81.5,82.0,91.934896,92.486979,0.5,0.5520830000000103,regular,,-0.1429570827806502,True,-0.1429570827806502,9,0.0,True,90.56609241726166,0.0
Bach/Fugue/bwv_848/Lee01M.mid,162,163,82.0,82.5,92.486979,93.039714,0.5,0.5527349999999984,regular,,-0.14465987414690318,True,-0.11721362078312646,9,-0.02744625336377672,True,90.4592616715065,-1.8844473391394105
Bach/Fugue/bwv_848/Lee01M.mid,163,164,82.5,83.0,93.039714,93.591146,0.5,0.5514319999999913,regular,,-0.14125489553244908,True,-0.14125489553244908,9,0.0,True,90.6730113595163,0.0
Bach/Fugue/bwv_848/Lee01M.mid,164,165,83.0,83.5,93.591146,94.140625,0.5,0.5494790000000052,regular,,-0.13613625039127175,True,-0.13784448410226233,9,0.0017082337109905754,True,90.99528826397284,0.1184758653205798
Bach/Fugue/bwv_848/Lee01M.mid,165,166,83.5,84.0,94.140625,94.71875,0.5,0.578125,regular,,-0.2094533656289497,True,-0.21593698515205934,9,0.006483619523109635,True,86.48648648648648,0.45042162162005717
Bach/Fugue/bwv_848/Lee01M.mid,166,167,84.0,84.5,94.71875,95.300781,0.5,0.5820310000000006,regular,,-0.21916790078093867,True,-0.2526651297207665,9,0.03349722893982782,True,85.9060771677109,2.349015774073836
Bach/Fugue/bwv_848/Lee01M.mid,167,168,84.5,85.0,95.300781,95.88151,0.5,0.5807290000000052,regular,,-0.2159369851520947,True,-0.19147168982723603,9,-0.024465295324858666,True,86.09867941845431,-1.681507209042683
Bach/Fugue/bwv_848/Lee01M.mid,168,169,85.0,85.5,95.88151,96.463542,0.5,0.5820319999999981,regular,,-0.21917037950423332,True,-0.2320221461755964,9,0.01285176667136309,True,85.90592957088298,0.8947961624120827
Bach/Fugue/bwv_848/Lee01M.mid,169,170,85.5,86.0,96.463542,97.047527,0.5,0.5839849999999984,regular,,-0.22400321821872338,True,-0.2761250009675494,9,0.05212178274882601,True,85.61863746500362,3.6788616145964403
Bach/Fugue/bwv_848/Lee01M.mid,170,171,86.0,86.5,97.047527,97.614584,0.5,0.5670569999999913,regular,,-0.18156566582539624,True,-0.29001855194063164,9,0.1084528861152354,True,88.17455740781045,7.807151662003947
Bach/Fugue/bwv_848/Lee01M.mid,171,172,86.5,87.0,97.614584,98.173828,0.5,0.5592440000000067,regular,,-0.1615497781374512,True,-0.10153713002990318,9,-0.060012648107548014,True,89.40641294318651,-4.074429050648798
Bach/Fugue/bwv_848/Lee01M.mid,172,173,87.0,87.5,98.173828,98.726563,0.5,0.5527349999999984,regular,,-0.14465987414690318,True,-0.14465987414690318,9,0.0,True,90.4592616715065,0.0
Bach/Fugue/bwv_848/Lee01M.mid,173,174,87.5,88.0,98.726563,99.311198,0.5,0.5846350000000058,regular,,-0.22560810581827315,True,-0.23148893542559187,9,0.005880829607318727,True,85.52344625278936,0.40845997930025435
Bach/Fugue/bwv_848/Lee01M.mid,174,175,88.0,88.5,99.311198,99.863281,0.5,0.5520829999999961,regular,,-0.14295708278061306,True,-0.26428900484789064,9,0.12133192206727758,True,90.56609241726399,8.77386190120004
Bach/Fugue/bwv_848/Lee01M.mid,175,176,88.5,89.0,99.863281,100.465495,0.5,0.6022140000000036,regular,,-0.26834815269001044,True,-0.2526651297207665,9,-0.015683022969243954,True,83.02696383677514,-1.0811771230830245
Bach/Fugue/bwv_848/Lee01M.mid,176,177,89.0,89.5,100.465495,101.013021,0.5,0.5475259999999906,regular,,-0.13099937974503809,True,-0.16155235785890965,9,0.03055297811387156,True,91.31986426215532,2.1403549785788747
Bach/Fugue/bwv_848/Lee01M.mid,177,178,89.5,90.0,101.013021,101.577474,0.5,0.5644530000000003,regular,,-0.17492536301108502,True,-0.26209394309808237,9,0.08716858008699735,True,88.5813344955204,6.228330791049137
Bach/Fugue/bwv_848/Lee01M.mid,178,179,90.0,90.5,101.577474,102.151692,0.5,0.5742180000000019,regular,,-0.19967046049875867,True,-0.2042459094584873,9,0.00457544895972864,True,87.07494366251116,0.3176493944782107
Bach/Fugue/bwv_848/Lee01M.mid,179,180,90.5,91.0,102.151692,102.727214,0.5,0.5755220000000065,regular,,-0.20294298322560037,True,-0.20163135213262845,9,-0.0013116310929719155,True,86.8776519403245,-0.09087402392978
Bach/Fugue/bwv_848/Lee01M.mid,180,181,91.0,91.5,102.727214,103.28559,0.5,0.5583759999999955,regular,,-0.15930883837744406,True,-0.15930883837744406,9,0.0,True,89.54539593392337,0.0
Bach/Fugue/bwv_848/Lee01M.mid,181,182,91.5,92.0,103.28559,103.871745,0.5,0.5861550000000051,regular,,-0.22935411952559043,True,-0.27457059604567474,9,0.045216476520084314,True,85.3016693536685,3.183799506957378
Bach/Fugue/bwv_848/Lee01M.mid,182,183,92.0,92.5,103.871745,104.45638,0.5,0.5846349999999916,regular,,-0.22560810581823812,True,-0.2807710670195492,9,0.05516296120131106,True,85.52344625279143,3.897645539523678
Bach/Fugue/bwv_848/Lee01M.mid,183,184,92.5,93.0,104.45638,105.03906299999998,0.5,0.5826829999999887,regular,,-0.2207831252307145,True,-0.19967297294835276,9,-0.021110152282361738,True,85.80995155170301,-1.4525908598654012
Bach/Fugue/bwv_848/Lee01M.mid,184,185,93.0,93.5,105.03906299999998,105.611111,0.5,0.5720480000000094,regular,,-0.19420811235506316,True,-0.16992500144231246,9,-0.024283110912750705,True,87.40525270606518,-1.669090705676662
Bach/Fugue/bwv_848/Lee01M.mid,185,186,93.5,94.0,105.611111,106.151692,0.5,0.5405810000000031,regular,,-0.1125827109410673,True,-0.33538949711646665,9,0.22280678617539934,True,92.49307689319402,16.700179991529758
Bach/Fugue/bwv_848/Lee01M.mid,186,187,94.0,94.5,106.151692,106.73763,0.5,0.5859379999999987,regular,,-0.22881992159512066,True,-0.22881992159512066,9,0.0,True,85.33326051561788,0.0
Bach/Fugue/bwv_848/Lee01M.mid,187,188,94.5,95.0,106.73763,107.31835900000002,0.5,0.5807290000000194,regular,,-0.21593698515213003,True,-0.21593698515213003,9,0.0,True,86.0986794184522,0.0
Bach/Fugue/bwv_848/Lee01M.mid,188,189,95.0,95.5,107.31835900000002,107.885417,0.5,0.5670579999999887,regular,,-0.18156821000308063,True,-0.22721367502946152,9,0.045645465026380894,True,88.17440191303358,3.2144859961454166
Bach/Fugue/bwv_848/Lee01M.mid,189,190,95.5,96.0,107.885417,108.45638,0.5,0.5709629999999919,regular,,-0.19146916305440764,True,-0.2288174593955905,9,0.03734829634118286,True,87.57134875640052,2.62258675255833
Bach/Fugue/bwv_848/Lee01M.mid,190,191,96.0,96.5,108.45638,109.018229,0.5,0.5618490000000094,regular,,-0.16825435544794948,True,-0.2110770042475264,9,0.04282264879957692,True,88.99188216050783,3.012731178658494
Bach/Fugue/bwv_848/Lee01M.mid,191,192,96.5,97.0,109.018229,109.60156299999998,0.5,0.5833339999999794,regular,,-0.2223940701297871,True,-0.2223940701297871,9,0.0,True,85.71418775521703,0.0
Bach/Fugue/bwv_848/Lee01M.mid,192,193,97.0,97.5,109.60156299999998,110.208333,0.5,0.6067700000000116,regular,,-0.2792216625480438,True,-0.2792216625480438,9,0.0,True,82.40354664864618,0.0
Bach/Fugue/bwv_848/Lee01M.mid,193,194,97.5,98.0,110.208333,110.770833,0.5,0.5625,regular,,-0.16992500144231246,True,-0.26678534157125516,9,0.0968603401289427,True,88.88888888888889,6.944355555555772
Bach/Fugue/bwv_848/Lee01M.mid,194,195,98.0,98.5,110.770833,111.345703,0.5,0.5748700000000042,regular,,-0.20130764976121546,True,-0.20130764976121546,9,0.0,True,86.9761859202944,0.0
Bach/Fugue/bwv_848/Lee01M.mid,195,196,98.5,99.0,111.345703,111.930339,0.5,0.5846360000000033,regular,,-0.22561057350119235,True,-0.22561057350119235,9,0.0,True,85.52329996784276,0.0
Bach/Fugue/bwv_848/Lee01M.mid,196,197,99.0,99.5,111.930339,112.492839,0.5,0.5625,regular,,-0.16992500144231246,True,-0.24158639332074838,9,0.07166139187843593,True,88.88888888888889,5.092622222223831
Bach/Fugue/bwv_848/Lee01M.mid,197,198,99.5,100.0,112.492839,113.079427,0.5,0.5865879999999919,regular,,-0.23041946288056644,True,-0.19146916305447953,9,-0.038950299826086915,True,85.2387024623768,-2.66370945194443
Bach/Fugue/bwv_848/Lee01M.mid,198,199,100.0,100.5,113.079427,113.632161,0.5,0.552734000000001,regular,,-0.14465726404198445,True,-0.15987198245993992,9,0.015214718417955464,True,90.4594253293626,1.0601844648598395
Bach/Fugue/bwv_848/Lee01M.mid,199,200,100.5,101.0,113.632161,114.202474,0.5,0.5703129999999987,regular,,-0.18982582370798862,True,-0.30225938224638577,9,0.11243355853839715,True,87.67115601432917,8.105023031209353
Bach/Fugue/bwv_848/Lee01M.mid,200,201,101.0,101.5,114.202474,114.727214,0.5,0.5247400000000084,regular,,-0.06967467337068002,True,-0.14465726404202148,9,0.07498259067134146,True,95.28528414071577,5.334832488471675
Bach/Fugue/bwv_848/Lee01M.mid,201,202,101.5,102.0,114.727214,115.3125,0.5,0.5852859999999964,regular,,-0.22721367502942647,True,-0.20032606143123216,9,-0.026887613598194304,True,85.42832051339056,-1.8464477195739608
Bach/Fugue/bwv_848/Lee01M.mid,202,203,102.0,102.5,115.3125,115.87717,0.5,0.5646700000000067,regular,,-0.17547989042348636,True,-0.17547989042348636,9,0.0,True,88.5472931092486,0.0
Bach/Fugue/bwv_848/Lee01M.mid,203,204,102.5,103.0,115.87717,116.480903,0.5,0.6037329999999912,regular,,-0.27198256602004595,True,-0.26886552069610015,9,-0.0031170453239457996,True,82.81806692693745,-0.215823882410429
Bach/Fugue/bwv_848/Lee01M.mid,204,205,103.0,103.5,116.480903,117.05273400000002,0.5,0.5718310000000173,regular,,-0.19366073832753555,True,-0.2500350416136521,9,0.056374303286116534,True,87.43842149166186,3.9849186210599323
Bach/Fugue/bwv_848/Lee01M.mid,205,206,103.5,104.0,117.05273400000002,117.610677,0.5,0.5579429999999803,regular,,-0.15818964756539933,True,-0.1799084532390896,9,0.021718805673690278,True,89.61488897611721,1.5168216108159558
Bach/Fugue/bwv_848/Lee01M.mid,206,207,104.0,104.5,117.610677,118.18533,0.5,0.5746529999999979,regular,,-0.20076296326498916,True,-0.24950844813220596,9,0.048745484867216804,True,87.00902979711267,3.436508640867983
Bach/Fugue/bwv_848/Lee01M.mid,207,208,104.5,105.0,118.18533,118.741753,0.5,0.5564230000000094,regular,,-0.1542539606868018,True,-0.29971590419269883,9,0.14546194350589703,True,89.85969307523081,10.608475925686507
Bach/Fugue/bwv_848/Lee01M.mid,208,209,105.0,105.5,118.741753,119.292317,0.5,0.5505639999999943,regular,,-0.13898218391741746,True,-0.16490724839161836,9,0.0259250644742009,True,90.81596326676012,1.813231522585112
Bach/Fugue/bwv_848/Lee01M.mid,209,210,105.5,106.0,119.292317,119.832031,0.5,0.5397140000000036,regular,,-0.11026701593368404,True,-0.13955069755834426,9,0.02928368162466022,True,92.64165835979735,2.050530466135202
Bach/Fugue/bwv_848/Lee01M.mid,210,211,106.0,106.5,119.832031,120.372396,0.5,0.5403649999999942,regular,,-0.11200613795223617,True,-0.1279079268710363,9,0.015901788918800133,True,92.53004913345708,1.1083249285204722
Bach/Fugue/bwv_848/Lee01M.mid,211,212,106.5,107.0,120.372396,120.89974,0.5,0.5273439999999994,regular,,-0.0768162809949827,True,-0.1548190809726439,9,0.07800279997766121,True,94.8147698655907,5.555576625504369
Bach/Fugue/bwv_848/Lee01M.mid,212,213,107.0,107.5,120.89974,121.458333,0.5,0.5585930000000019,regular,,-0.15986939973200406,True,-0.18652591234330615,9,0.026656512611302086,True,89.51060969256656,1.8648640423330833
Bach/Fugue/bwv_848/Lee01M.mid,213,214,107.5,108.0,121.458333,122.05599,0.5,0.5976569999999981,regular,,-0.2573896531323468,True,-0.347250644642229,9,0.0898609915098822,True,83.66002573382418,6.426763176872198
Bach/Fugue/bwv_848/Lee01M.mid,214,215,108.0,108.5,122.05599,122.755208,0.5,0.6992180000000019,regular,,-0.4838142297916546,True,-0.6287512023481805,9,0.14493697255652588,True,71.50845659007615,10.568234799448415
Bach/Fugue/bwv_848/Lee01M.mid,215,216,108.5,109.0,122.755208,123.871615,0.5,1.1164070000000095,regular,,-1.1588630754084481,True,-1.2104275186779994,9,0.05156444326955123,True,44.78653394326583,3.638816309820656
Bach/Fugue/bwv_848/LeeSH01M.mid,0,1,1.0,1.5,0.855208,1.520833,0.5,0.6656250000000001,regular,,-0.4127815253384762,True,-0.161887682376894,9,-0.2508938429615822,True,75.11737089201877,-15.962441314554013
Bach/Fugue/bwv_848/LeeSH01M.mid,1,2,1.5,2.0,1.520833,2.229167,0.5,0.7083339999999998,regular,,-0.5025016983591706,True,-0.3750405437860456,9,-0.12746115457312496,True,70.58816885819404,-8.455897923860743
Bach/Fugue/bwv_848/LeeSH01M.mid,2,3,2.0,2.5,2.229167,2.928125,0.5,0.6989580000000002,regular,,-0.48327767257002124,True,-0.24285733668187354,9,-0.2404203358881477,True,71.53505646977356,-15.350135487396946
Bach/Fugue/bwv_848/LeeSH01M.mid,3,4,2.5,3.0,2.928125,3.642708,0.5,0.7145829999999997,regular,,-0.5151734975868578,True,-0.3098537107795227,9,-0.20531978680733515,True,69.97087812052627,-13.265358957601789
Bach/Fugue/bwv_848/LeeSH01M.mid,4,5,3.0,3.5,3.642708,4.375,0.5,0.7322920000000002,regular,,-0.5504909401671579,True,-0.30073289658743935,9,-0.2497580435797186,True,68.27877404095632,-15.896254499571105
Bach/Fugue/bwv_848/LeeSH01M.mid,5,6,3.5,4.0,4.375,5.088542,0.5,0.7135420000000003,regular,,-0.5130702561989409,True,-0.3692330650487287,9,-0.14383719115021215,True,70.07295996591648,-9.489140092664702
Bach/Fugue/bwv_848/LeeSH01M.mid,6,7,4.0,4.5,5.088542,5.767708,0.5,0.6791659999999995,regular,,-0.44183614247949143,True,-0.254240884177117,9,-0.18759525830237445,True,73.61970416658083,-12.19318988288573
Bach/Fugue/bwv_848/LeeSH01M.mid,7,8,4.5,5.0,5.767708,6.419792,0.5,0.6520840000000003,regular,,-0.3831297262831327,True,-0.17492536301108502,9,-0.20820436327204767,True,76.67723790186537,-13.438606069156725
Bach/Fugue/bwv_848/LeeSH01M.mid,8,9,5.0,5.5,6.419792,7.058333,0.5,0.638541,regular,,-0.3528511618419561,True,-0.17126320161136432,9,-0.18158796023059176,True,78.30350752731617,-11.826805169911177
Bach/Fugue/bwv_848/LeeSH01M.mid,9,10,5.5,6.0,7.058333,7.727603999999999,0.5,0.6692709999999984,regular,,-0.4206624077430341,True,-0.2526651297207665,9,-0.1679972780222676,True,74.70815260186102,-10.992258741227129
Bach/Fugue/bwv_848/LeeSH01M.mid,10,11,6.0,6.5,7.727603999999999,8.402083,0.5,0.6744790000000007,regular,,-0.43184543046928325,True,-0.25581491942515555,9,-0.1760305110441277,True,74.13129244943126,-11.486495502454803
Bach/Fugue/bwv_848/LeeSH01M.mid,11,12,6.5,7.0,8.402083,9.067708,0.5,0.6656250000000004,regular,,-0.4127815253384766,True,-0.2667877398175594,9,-0.14599378552091724,True,75.11737089201874,-9.624338028168717
Bach/Fugue/bwv_848/LeeSH01M.mid,12,13,7.0,7.5,9.067708,9.753125,0.5,0.685417000000001,regular,,-0.4550538797411641,True,-0.19639805218946346,9,-0.2586558275517007,True,72.9482927911037,-16.41336587799857
Bach/Fugue/bwv_848/LeeSH01M.mid,13,14,7.5,8.0,9.753125,10.4,0.5,0.6468749999999996,regular,,-0.3715588626119621,True,-0.1980364418283263,9,-0.17352242078363578,True,77.29468599033821,-11.332483091787692
Bach/Fugue/bwv_848/LeeSH01M.mid,14,15,8.0,8.5,10.4,11.048958,0.5,0.6489580000000004,regular,,-0.3761970163841332,True,-0.21107700424754847,9,-0.16512001213658475,True,77.04658853115298,-10.814567352586892
Bach/Fugue/bwv_848/LeeSH01M.mid,15,16,8.5,9.0,11.048958,11.703125,0.5,0.6541669999999993,regular,,-0.38773088841415065,True,-0.23362059701671248,9,-0.15411029139743818,True,76.43308207231495,-10.131357894849252
Bach/Fugue/bwv_848/LeeSH01M.mid,16,17,9.0,9.5,11.703125,12.336111,0.5,0.6329860000000007,regular,,-0.34024549646620644,True,-0.12974196827838796,9,-0.21050352818781848,True,78.99068857763038,-13.57644560859185
Bach/Fugue/bwv_848/LeeSH01M.mid,17,18,9.5,10.0,12.336111,12.983333,0.5,0.6472219999999993,regular,,-0.37233255297858214,True,-0.3083375737903656,9,-0.06399497918821656,True,77.25324540883972,-4.338851275141988
Bach/Fugue/bwv_848/LeeSH01M.mid,18,19,10.0,10.5,12.983333,13.632291,0.5,0.6489580000000004,regular,,-0.3761970163841332,True,-0.25424330336745155,9,-0.12195371301668168,True,77.04658853115298,-8.105763393008404
Bach/Fugue/bwv_848/LeeSH01M.mid,19,20,10.5,11.0,13.632291,14.290625,0.5,0.658334,regular,,-0.396891613524848,True,-0.2272136750294351,9,-0.16967793849541288,True,75.949290177934,-11.095887497835447
Bach/Fugue/bwv_848/LeeSH01M.mid,20,21,11.0,11.5,14.290625,14.966667,0.5,0.6760419999999989,regular,,-0.43518478373468444,True,-0.15313084007554387,9,-0.2820539436591406,True,73.95990189958623,-17.758068285697913
Bach/Fugue/bwv_848/LeeSH01M.mid,21,22,11.5,12.0,14.966667,15.613021,0.5,0.6463540000000005,regular,,-0.3703964325134005,True,-0.26969866798385195,9,-0.10069776452954854,True,77.35699013234228,-6.741816404013598
Bach/Fugue/bwv_848/LeeSH01M.mid,22,23,12.0,12.5,15.613021,16.303125,0.5,0.6901040000000016,regular,,-0.46488570030490395,True,-0.26522323653707736,9,-0.1996624637678266,True,72.4528476867253,-12.924573687444674
Bach/Fugue/bwv_848/LeeSH01M.mid,23,24,12.5,13.0,16.303125,16.961458,0.5,0.658332999999999,regular,,-0.3968894220898955,True,-0.22560810581826454,9,-0.17128131627163098,True,75.94940554400293,-11.194638579563355
Bach/Fugue/bwv_848/LeeSH01M.mid,24,25,13.0,13.5,16.961458,17.606771,0.5,0.645312999999998,regular,,-0.36807099435831164,True,-0.15987198245993992,9,-0.20819901189837173,True,77.48178015939575,-13.438284987285073
Bach/Fugue/bwv_848/LeeSH01M.mid,25,26,13.5,14.0,17.606771,18.277084,0.5,0.6703130000000002,regular,,-0.42290681874794334,True,-0.22561057350118785,9,-0.1972962452467555,True,74.59201895234015,-12.781640815559104
Bach/Fugue/bwv_848/LeeSH01M.mid,26,27,14.0,14.5,18.277084,18.970312,0.5,0.6932280000000013,regular,,-0.47140183232470495,True,-0.2930879213989927,9,-0.17831391092571225,True,72.12634227122953,-11.626477868753387
Bach/Fugue/bwv_848/LeeSH01M.mid,27,28,14.5,15.0,18.970312,19.645312,0.5,0.6750000000000007,regular,,-0.43295940727610777,True,-0.16825692320858107,9,-0.2647024840675267,True,74.07407407407399,-16.76296296296309
Bach/Fugue/bwv_848/LeeSH01M.mid,28,29,15.0,15.5,19.645312,20.317187,0.5,0.671875,regular,,-0.42626475470209796,True,-0.19967046049874965,9,-0.2265942942033483,True,74.4186046511628,-14.534995348837459
Bach/Fugue/bwv_848/LeeSH01M.mid,29,30,15.5,16.0,20.317187,20.957292,0.5,0.6401049999999984,regular,,-0.3563804829663875,True,-0.20782789767515486,9,-0.14855258529123266,True,78.11218471969462,-9.784488482357785
Bach/Fugue/bwv_848/LeeSH01M.mid,30,31,16.0,16.5,20.957292,21.65625,0.5,0.6989580000000011,regular,,-0.4832776725700233,True,-0.25109007678007894,9,-0.23218759578994436,True,71.53505646977347,-14.865700084983771
Bach/Fugue/bwv_848/LeeSH01M.mid,31,32,16.5,17.0,21.65625,22.308333,0.5,0.6520830000000011,regular,,-0.3831275138440206,True,-0.206198095151885,9,-0.1769294186921356,True,76.67735549002185,-11.541628903069242
Bach/Fugue/bwv_848/LeeSH01M.mid,32,33,17.0,17.5,22.308333,22.916666,0.5,0.6083329999999982,regular,,-0.2829331727534474,True,-0.19147168982722707,9,-0.09146148292622036,True,82.19182585853495,-6.142852681014896
Bach/Fugue/bwv_848/LeeSH01M.mid,33,34,17.5,18.0,22.916666,23.563021,0.5,0.6463549999999998,regular,,-0.37039866456259307,True,-0.21269881764386162,9,-0.15769984691873146,True,77.35687045044908,-10.354681251015434
Bach/Fugue/bwv_848/LeeSH01M.mid,34,35,18.0,18.5,23.563021,24.198958,0.5,0.635937000000002,regular,,-0.34695575507276,True,-0.16992500144231246,9,-0.17703075363044754,True,78.62414044158437,-11.547842003217568
Bach/Fugue/bwv_848/LeeSH01M.mid,35,36,18.5,19.0,24.198958,24.852605,0.5,0.6536469999999994,regular,,-0.3865836282367919,True,-0.211077004247544,9,-0.17550662398924788,True,76.49388737346005,-11.454347683076918
Bach/Fugue/bwv_848/LeeSH01M.mid,36,37,19.0,19.5,24.852605,25.493403,0.5,0.6407980000000002,regular,,-0.35794155005872347,True,-0.17270767931974293,9,-0.18523387073898054,True,78.02770920009111,-12.049350965514774
Bach/Fugue/bwv_848/LeeSH01M.mid,37,38,19.5,20.0,25.493403,26.1625,0.5,0.6690970000000007,regular,,-0.4202872808145276,True,-0.28231643670259005,9,-0.13797084411193755,True,74.72758060490474,-9.12035175766737
Bach/Fugue/bwv_848/LeeSH01M.mid,38,39,20.0,20.5,26.1625,26.83125,0.5,0.6687499999999993,regular,,-0.41953889151378315,True,-0.2447628724334186,9,-0.17477601908036455,True,74.76635514018699,-11.409495327102947
Bach/Fugue/bwv_848/LeeSH01M.mid,39,40,20.5,21.0,26.83125,27.484722,0.5,0.6534720000000007,regular,,-0.38619732579047733,True,-0.19748800240598471,9,-0.18870932338449262,True,76.51437245972275,-12.26096910043572
Bach/Fugue/bwv_848/LeeSH01M.mid,40,41,21.0,21.5,27.484722,28.146875,0.5,0.662153,regular,,-0.40523651615962636,True,-0.19858467284108086,9,-0.2066518433185455,True,75.51124891075024,-13.34540506499224
Bach/Fugue/bwv_848/LeeSH01M.mid,41,42,21.5,22.0,28.146875,28.786806,0.5,0.6399309999999971,regular,,-0.3559882612809621,True,-0.26136472275018513,9,-0.09462353853077698,True,78.13342375974945,-6.34834068047942
Bach/Fugue/bwv_848/LeeSH01M.mid,42,43,22.0,22.5,28.786806,29.442708000000003,0.5,0.6559020000000046,regular,,-0.3915521792917346,True,-0.19912515541740364,9,-0.19242702387433094,True,76.23090034791728,-12.4867739387904
Bach/Fugue/bwv_848/LeeSH01M.mid,43,44,22.5,23.0,29.442708000000003,30.080208,0.5,0.6374999999999957,regular,,-0.35049724708412366,True,-0.18322097696852405,9,-0.16727627011559962,True,78.43137254902013,-10.94776470588182
Bach/Fugue/bwv_848/LeeSH01M.mid,44,45,23.0,23.5,30.080208,30.697396,0.5,0.6171880000000023,regular,,-0.30378191694223755,True,-0.14465726404198445,9,-0.1591246529002531,True,81.01259259739304,-10.44317128654495
Bach/Fugue/bwv_848/LeeSH01M.mid,45,46,23.5,24.0,30.697396,31.277604,0.5,0.580207999999999,regular,,-0.2146420928939062,True,-0.19311568043663094,9,-0.021526412457275268,True,86.17599205802073,-1.4810205995087384
Bach/Fugue/bwv_848/LeeSH01M.mid,46,47,24.0,24.5,31.277604,32.042709,0.5,0.7651050000000019,regular,,-0.6137296562961708,True,-0.31439490561801475,9,-0.29933475067815607,True,65.35050744669016,-18.73729749511516
Bach/Fugue/bwv_848/LeeSH01M.mid,47,48,24.5,25.0,32.042709,32.682639,0.5,0.6399299999999997,regular,,-0.3559860068251466,True,-0.20457145724063527,9,-0.1514145495845113,True,78.1335458565781,-9.963277233447418
Bach/Fugue/bwv_848/LeeSH01M.mid,48,49,25.0,25.5,32.682639,33.34948,0.5,0.666840999999998,regular,,-0.4154147147132633,True,-0.1980364418283263,9,-0.217378272884937,True,74.98039262732817,-13.98729232305756
Bach/Fugue/bwv_848/LeeSH01M.mid,49,50,25.5,26.0,33.34948,34.010069,0.5,0.6605890000000016,regular,,-0.4018248514578804,True,-0.21808925208678628,9,-0.1837355993710941,True,75.69002814155228,-11.957964785970816
Bach/Fugue/bwv_848/LeeSH01M.mid,50,51,26.0,26.5,34.010069,34.644791999999995,0.5,0.6347229999999939,regular,,-0.3441990265811774,True,-0.20402800182719855,9,-0.14017102475397886,True,78.7745205388815,-9.258842046055262
Bach/Fugue/bwv_848/LeeSH01M.mid,51,52,26.5,27.0,34.644791999999995,35.270833,0.5,0.6260410000000078,regular,,-0.3243290487876804,True,-0.2081551359872812,9,-0.11617391280039918,True,79.86697356882276,-7.736873463559949
Bach/Fugue/bwv_848/LeeSH01M.mid,52,53,27.0,27.5,35.270833,35.921875,0.5,0.6510419999999968,regular,,-0.3808225226005956,True,-0.13784448410224365,9,-0.24297803849835198,True,76.7999606784205,-15.500075263960605
Bach/Fugue/bwv_848/LeeSH01M.mid,53,54,27.5,28.0,35.921875,36.58125,0.5,0.6593749999999972,regular,,-0.3991710938198165,True,-0.2745705960456577,9,-0.12460049777415882,True,75.82938388625625,-8.274199052131674
Bach/Fugue/bwv_848/LeeSH01M.mid,54,55,28.0,28.5,36.58125,37.263542,0.5,0.6822920000000039,regular,,-0.4484612056442417,True,-0.25424330336743856,9,-0.19421790227680313,True,73.28240694599924,-12.595340411437899
Bach/Fugue/bwv_848/LeeSH01M.mid,55,56,28.5,29.0,37.263542,37.928646,0.5,0.6651039999999995,regular,,-0.41165185257308357,True,-0.2288174593955905,9,-0.18283439317749306,True,75.17621304337374,-11.902950516009264
Bach/Fugue/bwv_848/LeeSH01M.mid,56,57,29.0,29.5,37.928646,38.591146,0.5,0.6625000000000014,regular,,-0.4059923596758399,True,-0.18982582370798862,9,-0.2161665359678513,True,75.47169811320738,-13.9150188679249
Bach/Fugue/bwv_848/LeeSH01M.mid,57,58,29.5,30.0,38.591146,39.229167,0.5,0.6380209999999948,regular,,-0.35167581514862944,True,-0.2094533656289497,9,-0.14222244951967974,True,78.36732646731127,-9.387778772171346
Bach/Fugue/bwv_848/LeeSH01M.mid,58,59,30.0,30.5,39.229167,39.882813,0.5,0.653646000000002,regular,,-0.38658142108806975,True,-0.2029404764642409,9,-0.18364094462382885,True,76.4940043999349,-11.952188187490922
Bach/Fugue/bwv_848/LeeSH01M.mid,59,60,30.5,31.0,39.882813,40.543229,0.5,0.6604159999999979,regular,,-0.4014469781818427,True,-0.2029404764642409,9,-0.1985065017176018,True,75.70985560616363,-12.85477638337098
Bach/Fugue/bwv_848/LeeSH01M.mid,60,61,31.0,31.5,40.543229,41.180208,0.5,0.6369790000000037,regular,,-0.3493177154352516,True,-0.1749279189258543,9,-0.1743897965093973,True,78.49552340030002,-11.38577566921446
Bach/Fugue/bwv_848/LeeSH01M.mid,61,62,31.5,32.0,41.180208,41.808854,0.5,0.6286459999999963,regular,,-0.33031974763394417,True,-0.1463554440390127,9,-0.18396430359493146,True,79.53601868142054,-11.971920603963268
Bach/Fugue/bwv_848/LeeSH01M.mid,62,63,32.0,32.5,41.808854,42.445313,0.5,0.6364590000000021,regular,,-0.3481394853793526,True,-0.1799084532390533,9,-0.16823103214029927,True,78.55965584585941,-11.006679141940213
Bach/Fugue/bwv_848/LeeSH01M.mid,63,64,32.5,33.0,42.445313,43.0875,0.5,0.6421869999999998,regular,,-0.36106536552767104,True,-0.206198095151885,9,-0.15486727037578604,True,77.85894139868918,-10.178499409050621
Bach/Fugue/bwv_848/LeeSH01M.mid,64,65,33.0,33.5,43.0875,43.720312,0.5,0.6328120000000013,regular,,-0.3398488629769845,True,-0.15313084007554387,9,-0.18671802290144066,True,79.0124081085692,-12.139782431433007
Bach/Fugue/bwv_848/LeeSH01M.mid,65,66,33.5,34.0,43.720312,44.346354,0.5,0.6260419999999982,regular,,-0.32433135325955154,True,-0.13271370302815044,9,-0.1916176502314011,True,79.86684599435844,-12.437663926701873
Bach/Fugue/bwv_848/LeeSH01M.mid,66,67,34.0,34.5,44.346354,44.986979,0.5,0.640625,regular,,-0.3575520046180836,True,-0.21431880991695318,9,-0.14323319470113044,True,78.04878048780488,-9.451239024390192
Bach/Fugue/bwv_848/LeeSH01M.mid,67,68,34.5,35.0,44.986979,45.6375,0.5,0.6505210000000048,regular,,-0.379667535625033,True,-0.18982329405091905,9,-0.18984424157411398,True,76.8614694990625,-12.329963214102236
Bach/Fugue/bwv_848/LeeSH01M.mid,68,69,35.0,35.5,45.6375,46.271355,0.5,0.633854999999997,regular,,-0.3422247538270993,True,-0.18156566582541422,9,-0.1606590880016851,True,78.88239423843031,-10.538372340677112
Bach/Fugue/bwv_848/LeeSH01M.mid,69,70,35.5,36.0,46.271355,46.895313,0.5,0.6239580000000018,regular,,-0.31952082645817376,True,-0.193113156541528,9,-0.12640766991664576,True,80.13359873581211,-8.389026184454375
Bach/Fugue/bwv_848/LeeSH01M.mid,70,71,36.0,36.5,46.895313,47.514583,0.5,0.6192700000000002,regular,,-0.3086404627463737,True,-0.17990590613270027,9,-0.12873455661367342,True,80.74022639559479,-8.536664136806909
Bach/Fugue/bwv_848/LeeSH01M.mid,71,72,36.5,37.0,47.514583,48.202604,0.5,0.6880209999999991,regular,,-0.46052450511775994,True,-0.24158639332071352,9,-0.21893811179704642,True,72.67220041248751,-14.080238829920072
Bach/Fugue/bwv_848/LeeSH01M.mid,72,73,37.0,37.5,48.202604,48.85,0.5,0.6473960000000005,regular,,-0.3727203568537454,True,-0.17103769162014837,9,-0.201682665233597,True,77.23248212840357,-13.046419811056568
Bach/Fugue/bwv_848/LeeSH01M.mid,73,74,37.5,38.0,48.85,49.55,0.5,0.6999999999999957,regular,,-0.485426827170233,True,-0.26574412617087434,9,-0.21968270099935866,True,71.42857142857186,-14.124571428572544
Bach/Fugue/bwv_848/LeeSH01M.mid,74,75,38.0,38.5,49.55,50.232292,0.5,0.6822920000000039,regular,,-0.4484612056442417,True,-0.24634727690091407,9,-0.20211392874332762,True,73.28240694599924,-13.072408880655734
Bach/Fugue/bwv_848/LeeSH01M.mid,75,76,38.5,39.0,50.232292,50.878646,0.5,0.6463540000000023,regular,,-0.3703964325134044,True,-0.23999674880662228,9,-0.13039968370678215,True,77.35699013234206,-8.642168223605799
Bach/Fugue/bwv_848/LeeSH01M.mid,76,77,39.0,39.5,50.878646,51.540972,0.5,0.6623259999999931,regular,,-0.40561339830495785,True,-0.18156566582541422,9,-0.22404773247954363,True,75.49152532136821,-14.384004251682061
Bach/Fugue/bwv_848/LeeSH01M.mid,77,78,39.5,40.0,51.540972,52.26007,0.5,0.7190980000000025,regular,,-0.5242603023134129,True,-0.28458046252591174,9,-0.23967983978750118,True,69.53155202767888,-15.306675863374277
Bach/Fugue/bwv_848/LeeSH01M.mid,78,79,40.0,40.5,52.26007,52.89375,0.5,0.6336799999999982,regular,,-0.34182638749597977,True,-0.24792751344358557,9,-0.0938988740523942,True,78.90417876530763,-6.3012877161971845
Bach/Fugue/bwv_848/LeeSH01M.mid,79,80,40.5,41.0,52.89375,53.561459,0.5,0.6677090000000021,regular,,-0.41729139145385463,True,-0.2029404764642588,9,-0.21435091498959583,True,74.88292055371403,-13.806613360011605
Bach/Fugue/bwv_848/LeeSH01M.mid,80,81,41.0,41.5,53.561459,54.202778,0.5,0.6413190000000029,regular,,-0.3591140548421081,True,-0.23840535079834263,9,-0.12070870404376549,True,77.96432040840796,-8.026426786046137
Bach/Fugue/bwv_848/LeeSH01M.mid,81,82,41.5,42.0,54.202778,54.89895799999999,0.5,0.6961799999999911,regular,,-0.47753227373429213,True,-0.24476043729341504,9,-0.2327718364408771,True,71.82050619092854,-14.900169496393904
Bach/Fugue/bwv_848/LeeSH01M.mid,82,83,42.0,42.5,54.89895799999999,55.558854,0.5,0.6598960000000034,regular,,-0.4003105779066904,True,-0.24634241196255735,9,-0.15396816594413304,True,75.76951519633359,-10.12250415216916
Bach/Fugue/bwv_848/LeeSH01M.mid,83,84,42.5,43.0,55.558854,56.286458,0.5,0.7276040000000066,regular,,-0.5412253793339098,True,-0.21507468138596145,9,-0.3261506979479484,True,68.71869863277215,-20.23380850022885
Bach/Fugue/bwv_848/LeeSH01M.mid,84,85,43.0,43.5,56.286458,56.972917,0.5,0.6864589999999993,regular,,-0.4572454604987393,True,-0.21031903481917877,9,-0.24692642567956055,True,72.83756203939355,-15.73101962389619
Bach/Fugue/bwv_848/LeeSH01M.mid,85,86,43.5,44.0,56.972917,57.608334,0.5,0.6354169999999968,regular,,-0.3457755936651524,True,-0.18156566582541422,9,-0.1642099278397382,True,78.68848331095997,-10.758289438274213
Bach/Fugue/bwv_848/LeeSH01M.mid,86,87,44.0,44.5,57.608334,58.26302,0.5,0.6546859999999981,regular,,-0.3888750333493934,True,-0.1779152415724845,9,-0.21095979177690888,True,76.37249001811578,-13.603773411988776
Bach/Fugue/bwv_848/LeeSH01M.mid,87,88,44.5,45.0,58.26302,58.911459,0.5,0.6484390000000033,regular,,-0.3750427686617208,True,-0.1963955340301138,9,-0.178647234631607,True,77.1082553640354,-11.646893539716697
Bach/Fugue/bwv_848/LeeSH01M.mid,88,89,45.0,45.5,58.911459,59.578125,0.5,0.6666659999999993,regular,,-0.4150360565830802,True,-0.18487185267275114,9,-0.23016420391032905,True,75.00007500007507,-14.746214746215209
Bach/Fugue/bwv_848/LeeSH01M.mid,89,90,45.5,46.0,59.578125,60.229167,0.5,0.6510419999999968,regular,,-0.3808225226005956,True,-0.1914716898272181,9,-0.18935083277337753,True,76.7999606784205,-12.299974502413164
Bach/Fugue/bwv_848/LeeSH01M.mid,90,91,46.0,46.5,60.229167,60.852084,0.5,0.622917000000001,regular,,-0.31711185060010655,True,-0.1463554440390127,9,-0.17075640656109384,True,80.26751557591126,-11.162321786047759
Bach/Fugue/bwv_848/LeeSH01M.mid,91,92,46.5,47.0,60.852084,61.483854,0.5,0.631770000000003,regular,,-0.3374713365329486,True,-0.17326050076655158,9,-0.164210835766397,True,79.14272599205368,-10.758345600457005
Bach/Fugue/bwv_848/LeeSH01M.mid,92,93,47.0,47.5,61.483854,62.12916600000001,0.5,0.6453120000000112,regular,,-0.3680687587050089,True,-0.21431880991697083,9,-0.15374994878803805,True,77.48190022810537,-10.108908558961039
Bach/Fugue/bwv_848/LeeSH01M.mid,93,94,47.5,48.0,62.12916600000001,62.766145,0.5,0.6369789999999895,regular,,-0.34931771543521933,True,-0.12239707314187764,9,-0.2269206422933417,True,78.49552340030176,-14.5543259667884
Bach/Fugue/bwv_848/LeeSH01M.mid,94,95,48.0,48.5,62.766145,63.406944,0.5,0.6407990000000012,regular,,-0.35794380146075133,True,-0.13214248824762367,9,-0.22580131321312766,True,78.02758743381295,-14.488006379534085
Bach/Fugue/bwv_848/LeeSH01M.mid,95,96,48.5,49.0,63.406944,64.10208399999999,0.5,0.6951399999999879,regular,,-0.47537546851051005,True,-0.24211588582755467,9,-0.23325958268295538,True,71.92795695831181,-14.928935178524549
Bach/Fugue/bwv_848/LeeSH01M.mid,96,97,49.0,49.5,64.10208399999999,64.779687,0.5,0.6776030000000048,regular,,-0.4385121671433581,True,-0.2652256373815189,9,-0.17328652976183923,True,73.78951982207819,-11.31798412935161
Bach/Fugue/bwv_848/LeeSH01M.mid,97,98,49.5,50.0,64.779687,65.427084,0.5,0.647396999999998,regular,,-0.3727225853103978,True,-0.1497484199616128,9,-0.222974165348785,True,77.23236283146223,-14.32027025148285
Bach/Fugue/bwv_848/LeeSH01M.mid,98,99,50.0,50.5,65.427084,66.10625,0.5,0.6791660000000093,regular,,-0.4418361424795123,True,-0.21917037950426857,9,-0.22266576297524374,True,73.61970416657977,-14.301952689032667
Bach/Fugue/bwv_848/LeeSH01M.mid,99,100,50.5,51.0,66.10625,66.795833,0.5,0.689582999999999,regular,,-0.463796113823282,True,-0.26886552069611713,9,-0.19493059312716488,True,72.50758791907585,-12.638507619821498
Bach/Fugue/bwv_848/LeeSH01M.mid,100,101,51.0,51.5,66.795833,67.463021,0.5,0.6671879999999959,regular,,-0.41616524590932535,True,-0.18982582370798862,9,-0.22633942220133674,True,74.9413958284626,-14.519895441764193
Bach/Fugue/bwv_848/LeeSH01M.mid,101,102,51.5,52.0,67.463021,68.136979,0.5,0.673957999999999,regular,,-0.43073059284066795,True,-0.2730169024661976,9,-0.15771369037447036,True,74.18859928957009,-10.355541443234236
Bach/Fugue/bwv_848/LeeSH01M.mid,102,103,52.0,52.5,68.136979,68.80555600000001,0.5,0.6685770000000133,regular,,-0.4191656301596853,True,-0.14295969596328797,9,-0.2762059341963973,True,74.78570157214352,-17.42402146649038
Bach/Fugue/bwv_848/LeeSH01M.mid,103,104,52.5,53.0,68.80555600000001,69.508333,0.5,0.7027769999999833,regular,,-0.4911388817051745,True,-0.2683457570362307,9,-0.2227931246689438,True,71.1463237983047,-14.309517812903202
Bach/Fugue/bwv_848/LeeSH01M.mid,104,105,53.0,53.5,69.508333,70.192709,0.5,0.6843760000000003,regular,,-0.45286107275981996,True,-0.2823164367025817,9,-0.17054463605723824,True,73.05925397734575,-11.149280512467243
Bach/Fugue/bwv_848/LeeSH01M.mid,105,106,53.5,54.0,70.192709,70.87083299999998,0.5,0.6781239999999826,regular,,-0.43962101007895327,True,-0.20620059625932696,9,-0.2334204138196263,True,73.73282762444816,-14.938418342365214
Bach/Fugue/bwv_848/LeeSH01M.mid,106,107,54.0,54.5,70.87083299999998,71.545834,0.5,0.675001000000023,regular,,-0.43296154460055886,True,-0.16992500144231246,9,-0.2630365431582464,True,74.07396433486511,-16.66679012327674
Bach/Fugue/bwv_848/LeeSH01M.mid,107,108,54.5,55.0,71.545834,72.227604,0.5,0.6817700000000002,regular,,-0.4473570229192467,True,-0.19945437346298875,9,-0.24790264945625798,True,73.33851592179178,-15.788022353580908
Bach/Fugue/bwv_848/LeeSH01M.mid,108,109,55.0,55.5,72.227604,72.890625,0.5,0.6630210000000005,regular,,-0.4071264709498358,True,-0.24052682495316433,9,-0.16659964599667146,True,75.41239266931208,-10.905989403049055
Bach/Fugue/bwv_848/LeeSH01M.mid,109,110,55.5,56.0,72.890625,73.548438,0.5,0.6578130000000044,regular,,-0.3957494247639308,True,-0.1963955340301138,9,-0.199353890733817,True,76.00944341324916,-12.905947434909992
Bach/Fugue/bwv_848/LeeSH01M.mid,110,111,56.0,56.5,73.548438,74.165104,0.5,0.616665999999995,regular,,-0.30256121034926203,True,-0.19639553403013163,9,-0.1061656763191304,True,81.08116873639929,-7.094602264433086
Bach/Fugue/bwv_848/LeeSH01M.mid,111,112,56.5,57.0,74.165104,74.850521,0.5,0.685417000000001,regular,,-0.4550538797411641,True,-0.2320221461755266,9,-0.22303173356563752,True,72.9482927911037,-14.323689082707446
Bach/Fugue/bwv_848/LeeSH01M.mid,112,113,57.0,57.5,74.850521,75.49947900000002,0.5,0.6489580000000217,regular,,-0.3761970163841806,True,-0.23362059701674298,9,-0.14257641936743765,True,77.04658853115043,-9.410008043664824
Bach/Fugue/bwv_848/LeeSH01M.mid,113,114,57.5,58.0,75.49947900000002,76.160764,0.5,0.6612849999999781,regular,,-0.40334408224873464,True,-0.20728566779207896,9,-0.19605841445665567,True,75.61036466879129,-12.706775444774628
Bach/Fugue/bwv_848/LeeSH01M.mid,114,115,58.0,58.5,76.160764,76.832986,0.5,0.672222000000005,regular,,-0.42700966402087115,True,-0.20076296326498916,9,-0.226246700755882,True,74.38018987774817,-14.514401492365078
Bach/Fugue/bwv_848/LeeSH01M.mid,115,116,58.5,59.0,76.832986,77.475521,0.5,0.6425349999999952,regular,,-0.3618469476699584,True,-0.19530475783339174,9,-0.16654218983656666,True,77.81677262717265,-10.902441112158009
Bach/Fugue/bwv_848/LeeSH01M.mid,116,117,59.0,59.5,77.475521,78.127604,0.5,0.6520830000000046,regular,,-0.38312751384402854,True,-0.18322351822875213,9,-0.19990399561527641,True,76.67735549002143,-12.939150384231834
Bach/Fugue/bwv_848/LeeSH01M.mid,117,118,59.5,60.0,78.127604,78.767708,0.5,0.6401039999999938,regular,,-0.35637822912338607,True,-0.13955069755834426,9,-0.2168275315650418,True,78.11230675015386,-13.95445115168692
Bach/Fugue/bwv_848/LeeSH01M.mid,118,119,60.0,60.5,78.767708,79.408333,0.5,0.640625,regular,,-0.3575520046180836,True,-0.13340044069414056,9,-0.22415156392394306,True,78.04878048780488,-14.390165853657845
Bach/Fugue/bwv_848/LeeSH01M.mid,119,120,60.5,61.0,79.408333,80.044271,0.5,0.6359379999999959,regular,,-0.34695802368411277,True,-0.1615497781374512,9,-0.18540824554666158,True,78.62401680667034,-12.059980689939847
Bach/Fugue/bwv_848/LeeSH01M.mid,120,121,61.0,61.5,80.044271,80.690104,0.5,0.6458330000000103,regular,,-0.3692330650487546,True,-0.15143802341912008,9,-0.2177950416296345,True,77.41939479710575,-14.01213626432882
Bach/Fugue/bwv_848/LeeSH01M.mid,121,122,61.5,62.0,80.690104,81.315625,0.5,0.625520999999992,regular,,-0.3231302244953914,True,-0.1375035237499274,9,-0.18562670074546403,True,79.93336754481567,-12.073295700703222
Bach/Fugue/bwv_848/LeeSH01M.mid,122,123,62.0,62.5,81.315625,81.963021,0.5,0.6473960000000005,regular,,-0.3727203568537454,True,-0.16490724839161836,9,-0.20781310846212703,True,77.23248212840357,-13.415127680739584
Bach/Fugue/bwv_848/LeeSH01M.mid,123,124,62.5,63.0,81.963021,82.595313,0.5,0.6322920000000067,regular,,-0.33866287121108574,True,-0.12653416799813277,9,-0.21212870321295296,True,79.07738829528044,-13.673745674467897
Bach/Fugue/bwv_848/LeeSH01M.mid,124,125,63.0,63.5,82.595313,83.226563,0.5,0.6312499999999943,regular,,-0.33628338786441936,True,-0.18322097696851514,9,-0.15306241089590422,True,79.20792079207992,-10.066059405940395
Bach/Fugue/bwv_848/LeeSH01M.mid,125,126,63.5,64.0,83.226563,83.860416,0.5,0.633853000000002,regular,,-0.34222020169037,True,-0.09627264961325484,9,-0.24594755207711516,True,78.88264313649985,-15.673823425936833
Bach/Fugue/bwv_848/LeeSH01M.mid,126,127,64.0,64.5,83.860416,84.495312,0.5,0.6348959999999977,regular,,-0.3445921937338806,True,-0.1292830169449665,9,-0.21530917678891412,True,78.75305561855829,-13.863845417201869
Bach/Fugue/bwv_848/LeeSH01M.mid,127,128,64.5,65.0,84.495312,85.11666600000002,0.5,0.621354000000025,regular,,-0.31348734511067805,True,-0.10293488728786386,9,-0.21055245782281418,True,80.4694264461128,-13.579376651635403
Bach/Fugue/bwv_848/LeeSH01M.mid,128,129,65.0,65.5,85.11666600000002,85.777604,0.5,0.6609379999999732,regular,,-0.40258684963261976,True,-0.1548190809726439,9,-0.24776776865997585,True,75.65006097395222,-15.780148818796668
Bach/Fugue/bwv_848/LeeSH01M.mid,129,130,65.5,66.0,85.777604,86.414583,0.5,0.6369789999999966,regular,,-0.3493177154352355,True,-0.14635544403893863,9,-0.20296227139629686,True,78.4955234003009,-13.123509566252533
Bach/Fugue/bwv_848/LeeSH01M.mid,130,131,66.0,66.5,86.414583,87.05416600000002,0.5,0.6395830000000302,regular,,-0.35520349786835226,True,-0.15312824525127575,9,-0.2020752526170765,True,78.17593650862771,-13.070078473009685
Bach/Fugue/bwv_848/LeeSH01M.mid,131,132,66.5,67.0,87.05416600000002,87.82135500000004,0.5,0.7671890000000161,regular,,-0.6176539401725449,True,-0.26834815269001044,9,-0.3493057874825345,True,65.17298866380898,-21.503827609625407
Bach/Fugue/bwv_848/LeeSH01M.mid,132,133,67.0,67.5,87.82135500000004,88.486458,0.5,0.6651029999999594,regular,,-0.411649683444371,True,-0.15650534860014115,9,-0.2551443348442298,True,75.17632607280835,-16.209669780464388
Bach/Fugue/bwv_848/LeeSH01M.mid,133,134,67.5,68.0,88.486458,89.127083,0.5,0.640625,regular,,-0.3575520046180836,True,-0.10153981932470932,9,-0.25601218529337433,True,78.04878048780488,-16.260058536584143
Bach/Fugue/bwv_848/LeeSH01M.mid,134,135,68.0,68.5,89.127083,89.776562,0.5,0.6494789999999995,regular,,-0.37735478400264816,True,-0.10713076767016827,9,-0.2702240163324799,True,76.98478318775517,-17.08092178500106
Bach/Fugue/bwv_848/LeeSH01M.mid,135,136,68.5,69.0,89.776562,90.441667,0.5,0.665104999999997,regular,,-0.4116540216984424,True,-0.20457145724063527,9,-0.20708256445780712,True,75.1761000142838,-13.371272205140192
Bach/Fugue/bwv_848/LeeSH01M.mid,136,137,69.0,69.5,90.441667,91.095833,0.5,0.6541660000000036,regular,,-0.38772868301990515,True,-0.1615523578588731,9,-0.22617632516103206,True,76.43319891281376,-14.510231348008466
Bach/Fugue/bwv_848/LeeSH01M.mid,137,138,69.5,70.0,91.095833,91.735417,0.5,0.6395839999999993,regular,,-0.3552057535472374,True,-0.14295969596336225,9,-0.21224605758387513,True,78.17581427928162,-13.680767498870727
Bach/Fugue/bwv_848/LeeSH01M.mid,138,139,70.0,70.5,91.735417,92.379688,0.5,0.6442710000000034,regular,,-0.36573956257913864,True,-0.12239707314185881,9,-0.24334248943727982,True,77.60709390923965,-15.521418781849242
Bach/Fugue/bwv_848/LeeSH01M.mid,139,140,70.5,71.0,92.379688,93.047396,0.5,0.6677080000000046,regular,,-0.4172892307878795,True,-0.20130764976121546,9,-0.21598158102666404,True,74.88303270291752,-13.903981980146987
Bach/Fugue/bwv_848/LeeSH01M.mid,140,141,71.0,71.5,93.047396,93.726041,0.5,0.6786449999999888,regular,,-0.4407290014220001,True,-0.16992500144231246,9,-0.2708039999796876,True,73.67622247272259,-17.114249718187082
Bach/Fugue/bwv_848/LeeSH01M.mid,141,142,71.5,72.0,93.726041,94.382292,0.5,0.6562510000000117,regular,,-0.39231962116955427,True,-0.15987198245993992,9,-0.23244763870961435,True,76.1903600908785,-14.88104399079172
Bach/Fugue/bwv_848/LeeSH01M.mid,142,143,72.0,72.5,94.382292,95.030729,0.5,0.648436999999987,regular,,-0.37503831890691747,True,-0.15481908097257008,9,-0.2202192379343474,True,77.10849319209268,-14.156502482125216
Bach/Fugue/bwv_848/LeeSH01M.mid,143,144,72.5,73.0,95.030729,95.678125,0.5,0.6473960000000005,regular,,-0.3727203568537454,True,-0.1848769293761089,9,-0.1878434274776365,True,77.23248212840357,-12.208292915005732
Bach/Fugue/bwv_848/LeeSH01M.mid,144,145,73.0,73.5,95.678125,96.326562,0.5,0.6484370000000013,regular,,-0.37503831890694905,True,-0.23202460291186938,9,-0.14301371599507967,True,77.10849319209099,-9.43746269876568
Bach/Fugue/bwv_848/LeeSH01M.mid,145,146,73.5,74.0,96.326562,96.971875,0.5,0.6453130000000016,regular,,-0.3680709943583195,True,-0.13442599163554206,9,-0.23364500272277747,True,77.48178015939533,-14.951659117358712
Bach/Fugue/bwv_848/LeeSH01M.mid,146,147,74.0,74.5,96.971875,97.603646,0.5,0.6317710000000005,regular,,-0.33747362010750165,True,-0.09627804786044712,9,-0.2411955722470545,True,79.14260072083074,-15.39561011821985
Bach/Fugue/bwv_848/LeeSH01M.mid,147,148,74.5,75.0,97.603646,98.258854,0.5,0.6552080000000018,regular,,-0.3900248773080869,True,-0.1715962768842005,9,-0.21842860042388637,True,76.31164454646444,-14.049889500738576
Bach/Fugue/bwv_848/LeeSH01M.mid,148,149,75.0,75.5,98.258854,98.894791,0.5,0.6359369999999984,regular,,-0.34695575507275184,True,-0.130999379745113,9,-0.21595637532763884,True,78.62414044158483,-13.90247776115866
Bach/Fugue/bwv_848/LeeSH01M.mid,149,150,75.5,76.0,98.894791,99.433333,0.5,0.5385420000000067,regular,,-0.10713076767020639,True,-0.19639553403006005,9,0.08926476635985366,True,92.84326942002549,6.38278908608257
Bach/Fugue/bwv_848/LeeSH01M.mid,150,151,76.0,76.5,99.433333,100.086979,0.5,0.6536459999999948,regular,,-0.3865814210880541,True,-0.17658830622792568,9,-0.20999311486012842,True,76.49400439993573,-13.54586427515882
Bach/Fugue/bwv_848/LeeSH01M.mid,151,152,76.5,77.0,100.086979,100.732292,0.5,0.6453130000000016,regular,,-0.3680709943583195,True,-0.24634484443383814,9,-0.12172614992448139,True,77.48178015939533,-8.091267338481925
Bach/Fugue/bwv_848/LeeSH01M.mid,152,153,77.0,77.5,100.732292,101.380729,0.5,0.6484370000000013,regular,,-0.37503831890694905,True,-0.2447604372934325,9,-0.13027788161351656,True,77.10849319209099,-8.634454850663454
Bach/Fugue/bwv_848/LeeSH01M.mid,153,154,77.5,78.0,101.380729,102.01823,0.5,0.6375010000000003,regular,,-0.3504995101334035,True,-0.13613625039123442,9,-0.2143632597421691,True,78.43124951960856,-13.807350890431442
Bach/Fugue/bwv_848/LeeSH01M.mid,154,155,78.0,78.5,102.01823,102.651042,0.5,0.6328120000000013,regular,,-0.3398488629769845,True,-0.16992756623128272,9,-0.1699212967457018,True,79.0124081085692,-11.110882853039334
Bach/Fugue/bwv_848/LeeSH01M.mid,155,156,78.5,79.0,102.651042,103.322395,0.5,0.6713529999999963,regular,,-0.42514344566258955,True,-0.24158639332071352,9,-0.18355705234187603,True,74.47646767051056,-11.947068084897506
Bach/Fugue/bwv_848/LeeSH01M.mid,156,157,79.0,79.5,103.322395,103.958333,0.5,0.6359379999999959,regular,,-0.34695802368411277,True,-0.19147168982723603,9,-0.15548633385687674,True,78.62401680667034,-10.217033735991992
Bach/Fugue/bwv_848/LeeSH01M.mid,157,158,79.5,80.0,103.958333,104.58802,0.5,0.6296870000000041,regular,,-0.3327067880758591,True,-0.12584415334207338,9,-0.2068626347337857,True,79.40452955198325,-13.358065197473218
Bach/Fugue/bwv_848/LeeSH01M.mid,158,159,80.0,80.5,104.58802,105.227604,0.5,0.6395839999999993,regular,,-0.3552057535472374,True,-0.20293796969859706,9,-0.15226778384864031,True,78.17581427928162,-10.016510731973876
Bach/Fugue/bwv_848/LeeSH01M.mid,159,160,80.5,81.0,105.227604,105.883333,0.5,0.6557289999999938,regular,,-0.3911716054206735,True,-0.2510876522964451,9,-0.1400839531242284,True,76.2510122321881,-9.25336533842469
Bach/Fugue/bwv_848/LeeSH01M.mid,160,161,81.0,81.5,105.883333,106.522396,0.5,0.6390630000000073,regular,,-0.3540300668129176,True,-0.12584415334211094,9,-0.22818591347080666,True,78.23954758763914,-14.629230607937197
Bach/Fugue/bwv_848/LeeSH01M.mid,161,162,81.5,82.0,106.522396,107.139583,0.5,0.6171870000000013,regular,,-0.3037795794110296,True,-0.1429570827806502,9,-0.16082249663037942,True,81.01272385840905,-10.548504748154253
Bach/Fugue/bwv_848/LeeSH01M.mid,162,163,82.0,82.5,107.139583,107.7625,0.5,0.622917000000001,regular,,-0.31711185060010655,True,-0.11721362078312646,9,-0.19989822981698008,True,80.26751557591126,-12.938802440773758
Bach/Fugue/bwv_848/LeeSH01M.mid,163,164,82.5,83.0,107.7625,108.40625,0.5,0.6437499999999972,regular,,-0.3645724322958497,True,-0.14125489553244908,9,-0.2233175367634006,True,77.66990291262171,-14.340660194175737
Bach/Fugue/bwv_848/LeeSH01M.mid,164,165,83.0,83.5,108.40625,109.046354,0.5,0.6401039999999938,regular,,-0.35637822912338607,True,-0.13784448410226233,9,-0.21853374502112374,True,78.11230675015386,-14.056153375074148
Bach/Fugue/bwv_848/LeeSH01M.mid,165,166,83.5,84.0,109.046354,109.779687,0.5,0.7333330000000018,regular,,-0.55254036725816,True,-0.21593698515205934,9,-0.3366033821061007,True,68.18184917356764,-20.80964582256771
Bach/Fugue/bwv_848/LeeSH01M.mid,166,167,84.0,84.5,109.779687,110.48125,0.5,0.7015630000000073,regular,,-0.4886445680547986,True,-0.2526651297207665,9,-0.23597943833403212,True,71.2694369571934,-15.089165192577978
Bach/Fugue/bwv_848/LeeSH01M.mid,167,168,84.5,85.0,110.48125,111.143229,0.5,0.6619790000000023,regular,,-0.40485735616869467,True,-0.19147168982723603,9,-0.21338566634145864,True,75.5310969079077,-13.748925570146245
Bach/Fugue/bwv_848/LeeSH01M.mid,168,169,85.0,85.5,111.143229,111.803646,0.5,0.6604169999999954,regular,,-0.40144916270484804,True,-0.2320221461755964,9,-0.16942701652925163,True,75.70974096669278,-11.080423429437387
Bach/Fugue/bwv_848/LeeSH01M.mid,169,170,85.5,86.0,111.803646,112.469792,0.5,0.6661459999999977,regular,,-0.4139103142288252,True,-0.2761250009675494,9,-0.1377853132612758,True,75.05862078283165,-9.108663866479494
Bach/Fugue/bwv_848/LeeSH01M.mid,170,171,86.0,86.5,112.469792,113.120313,0.5,0.6505209999999977,regular,,-0.37966753562501737,True,-0.29001855194063164,9,-0.08964898368438573,True,76.86146949906333,-6.024863148153179
Bach/Fugue/bwv_848/LeeSH01M.mid,171,172,86.5,87.0,113.120313,113.761459,0.5,0.6411460000000062,regular,,-0.35872482590629645,True,-0.10153713002990318,9,-0.2571876958763933,True,77.98535746928081,-16.328262205489715
Bach/Fugue/bwv_848/LeeSH01M.mid,172,173,87.0,87.5,113.761459,114.423611,0.5,0.6621519999999919,regular,,-0.4052343373638767,True,-0.14465987414690318,9,-0.26057446321697353,True,75.51136294989763,-16.524453599776905
Bach/Fugue/bwv_848/LeeSH01M.mid,173,174,87.5,88.0,114.423611,115.111979,0.5,0.6883680000000112,regular,,-0.4612519378272804,True,-0.23148893542559187,9,-0.22976300240168854,True,72.63556702228922,-14.72250307975119
Bach/Fugue/bwv_848/LeeSH01M.mid,174,175,88.0,88.5,115.111979,115.795833,0.5,0.6838539999999966,regular,,-0.4517602536754737,True,-0.26428900484789064,9,-0.18747124882758304,True,73.11502162742376,-12.185641964512756
Bach/Fugue/bwv_848/LeeSH01M.mid,175,176,88.5,89.0,115.795833,116.4625,0.5,0.6666670000000039,regular,,-0.41503822062619233,True,-0.2526651297207665,9,-0.16237309090542584,True,74.99996250001831,-10.64459467770313
Bach/Fugue/bwv_848/LeeSH01M.mid,176,177,89.0,89.5,116.4625,117.121354,0.5,0.658853999999991,regular,,-0.3980307090225637,True,-0.16155235785890965,9,-0.23647835116365407,True,75.8893472605474,-15.118523982549714
Bach/Fugue/bwv_848/LeeSH01M.mid,177,178,89.5,90.0,117.121354,117.759895,0.5,0.6385410000000036,regular,,-0.3528511618419641,True,-0.26209394309808237,9,-0.0907572187438817,True,78.30350752731574,-6.097024310107327
Bach/Fugue/bwv_848/LeeSH01M.mid,178,179,90.0,90.5,117.759895,118.427604,0.5,0.6677090000000021,regular,,-0.41729139145385463,True,-0.2042459094584873,9,-0.21304548199536733,True,74.88292055371403,-13.728585356796904
Bach/Fugue/bwv_848/LeeSH01M.mid,179,180,90.5,91.0,118.427604,119.085417,0.5,0.6578130000000044,regular,,-0.3957494247639308,True,-0.20163135213262845,9,-0.19411807263130237,True,76.00944341324916,-12.589292093649485
Bach/Fugue/bwv_848/LeeSH01M.mid,180,181,91.0,91.5,119.085417,119.729514,0.5,0.6440969999999879,regular,,-0.36534987742914554,True,-0.15930883837744406,9,-0.20604103905170149,True,77.62805912774154,-13.308709712977079
Bach/Fugue/bwv_848/LeeSH01M.mid,181,182,91.5,92.0,119.729514,120.394271,0.5,0.6647570000000087,regular,,-0.41089896909046925,True,-0.27457059604567474,9,-0.1363283730447945,True,75.21545466990095,-9.016828705827335
Bach/Fugue/bwv_848/LeeSH01M.mid,182,183,92.0,92.5,120.394271,121.072917,0.5,0.6786460000000005,regular,,-0.4407311272668744,True,-0.2807710670195492,9,-0.15996006024732523,True,73.67611390916615,-10.495015074135106
Bach/Fugue/bwv_848/LeeSH01M.mid,183,184,92.5,93.0,121.072917,121.700521,0.5,0.627603999999991,regular,,-0.3279264523863993,True,-0.19967297294835276,9,-0.12825347943804652,True,79.66807094919841,-8.506159935244572
Bach/Fugue/bwv_848/LeeSH01M.mid,184,185,93.0,93.5,121.700521,122.357639,0.5,0.6571180000000112,regular,,-0.39422436657186327,True,-0.16992500144231246,9,-0.22429936512955082,True,76.08983470244179,-14.398935959752974
Bach/Fugue/bwv_848/LeeSH01M.mid,185,186,93.5,94.0,122.357639,123.028646,0.5,0.6710069999999888,regular,,-0.4243997219294435,True,-0.33538949711646665,9,-0.08901022481297682,True,74.5148709327933,-5.983246076415654
Bach/Fugue/bwv_848/LeeSH01M.mid,186,187,94.0,94.5,123.028646,123.699479,0.5,0.6708330000000018,regular,,-0.4240255656388232,True,-0.22881992159512066,9,-0.19520564404370255,True,74.53419852630962,-12.655161567782578
Bach/Fugue/bwv_848/LeeSH01M.mid,187,188,94.5,95.0,123.699479,124.370312,0.5,0.6708330000000018,regular,,-0.4240255656388232,True,-0.21593698515213003,9,-0.20808858048669318,True,74.53419852630962,-13.431658848026586
Bach/Fugue/bwv_848/LeeSH01M.mid,188,189,95.0,95.5,124.370312,125.064583,0.5,0.6942710000000005,regular,,-0.47357081581380733,True,-0.22721367502946152,9,-0.2463571407843458,True,72.01798721248613,-15.697760672704145
Bach/Fugue/bwv_848/LeeSH01M.mid,189,190,95.5,96.0,125.064583,125.722916,0.5,0.658332999999999,regular,,-0.3968894220898955,True,-0.2288174593955905,9,-0.16807196269430502,True,75.94940554400293,-10.996866327526925
Bach/Fugue/bwv_848/LeeSH01M.mid,190,191,96.0,96.5,125.722916,126.3875,0.5,0.664584000000005,regular,,-0.41052346537323153,True,-0.2110770042475264,9,-0.19944646112570513,True,75.23503424698703,-12.911535637333074
Bach/Fugue/bwv_848/LeeSH01M.mid,191,192,96.5,97.0,126.3875,127.059375,0.5,0.671875,regular,,-0.42626475470209796,True,-0.2223940701297871,9,-0.20387068457231086,True,74.4186046511628,-13.178195348840285
Bach/Fugue/bwv_848/LeeSH01M.mid,192,193,97.0,97.5,127.059375,127.764062,0.5,0.7046869999999927,regular,,-0.4950545047259264,True,-0.2792216625480438,9,-0.21583284217788257,True,70.95348715103374,-13.895105202732868
Bach/Fugue/bwv_848/LeeSH01M.mid,193,194,97.5,98.0,127.764062,128.41718799999998,0.5,0.6531259999999861,regular,,-0.385433246102866,True,-0.26678534157125516,9,-0.11864790453161084,True,76.55490671019231,-7.894954419206387
Bach/Fugue/bwv_848/LeeSH01M.mid,194,195,98.0,98.5,128.41718799999998,129.070313,0.5,0.653125000000017,regular,,-0.3854310371935581,True,-0.20130764976121546,9,-0.18412338743234263,True,76.55502392344297,-11.981626794260032
Bach/Fugue/bwv_848/LeeSH01M.mid,195,196,98.5,99.0,129.070313,129.726042,0.5,0.655729000000008,regular,,-0.3911716054207048,True,-0.22561057350119235,9,-0.16556103191951244,True,76.25101223218645,-10.841826425246378
Bach/Fugue/bwv_848/LeeSH01M.mid,196,197,99.0,99.5,129.726042,130.3875,0.5,0.6614579999999819,regular,,-0.4037214590233649,True,-0.24158639332074838,9,-0.16213506570261654,True,75.59058927399981,-10.629851026062845
Bach/Fugue/bwv_848/LeeSH01M.mid,197,198,99.5,100.0,130.3875,131.055208,0.5,0.6677080000000046,regular,,-0.4172892307878795,True,-0.19146916305447953,9,-0.22582006773339997,True,74.88303270291752,-14.489117997685167
Bach/Fugue/bwv_848/LeeSH01M.mid,198,199,100.0,100.5,131.055208,131.676042,0.5,0.6208340000000021,regular,,-0.31227947405554457,True,-0.15987198245993992,9,-0.15240749159560465,True,80.53682626917957,-10.02522413398791
Bach/Fugue/bwv_848/LeeSH01M.mid,199,200,100.5,101.0,131.676042,132.31093700000002,0.5,0.6348950000000286,regular,,-0.3445899213993055,True,-0.30225938224638577,9,-0.04233053915291973,True,78.7531796596252,-2.8915017443905144
Bach/Fugue/bwv_848/LeeSH01M.mid,200,201,101.0,101.5,132.31093700000002,132.965625,0.5,0.6546879999999646,regular,,-0.38887944063109225,True,-0.14465726404202148,9,-0.24422217658907078,True,76.37225670854315,-15.572914120917902
Bach/Fugue/bwv_848/LeeSH01M.mid,201,202,101.5,102.0,132.965625,133.647396,0.5,0.6817709999999977,regular,,-0.4473591390199539,True,-0.20032606143123216,9,-0.24703307758872173,True,73.33840835119149,-15.73724901763014
Bach/Fugue/bwv_848/LeeSH01M.mid,202,203,102.0,102.5,133.647396,134.309028,0.5,0.6616320000000258,regular,,-0.40410091762198636,True,-0.17547989042348636,9,-0.2286210271985,True,75.57071000193167,-14.654974366417475
Bach/Fugue/bwv_848/LeeSH01M.mid,203,204,102.5,103.0,134.309028,134.981944,0.5,0.6729159999999865,regular,,-0.42849832978927294,True,-0.26886552069610015,9,-0.1596328090931728,True,74.3034791861109,-10.474710067822683
Bach/Fugue/bwv_848/LeeSH01M.mid,204,205,103.0,103.5,134.981944,135.67031200000002,0.5,0.6883680000000254,regular,,-0.4612519378273104,True,-0.2500350416136521,9,-0.2112168962136583,True,72.63556702228772,-13.619168816681018
Bach/Fugue/bwv_848/LeeSH01M.mid,205,206,103.5,104.0,135.67031200000002,136.348264,0.5,0.6779519999999764,regular,,-0.43925503715653214,True,-0.1799084532390896,9,-0.25934658391744253,True,73.75153403191044,-16.45337723024128
Bach/Fugue/bwv_848/LeeSH01M.mid,206,207,104.0,104.5,136.348264,137.027431,0.5,0.6791670000000067,regular,,-0.44183826669358534,True,-0.24950844813220596,9,-0.19232981856137937,True,73.61959576952282,-12.48087730999902
Bach/Fugue/bwv_848/LeeSH01M.mid,207,208,104.5,105.0,137.027431,137.781597,0.5,0.7541659999999979,regular,,-0.5929540161635859,True,-0.29971590419269883,9,-0.29323811197088706,True,66.2984011477581,-18.393165430423174
Bach/Fugue/bwv_848/LeeSH01M.mid,208,209,105.0,105.5,137.781597,138.515104,0.5,0.733507000000003,regular,,-0.5528826389964464,True,-0.16490724839161836,9,-0.38797539060482805,True,68.16567531052846,-23.579870403418465
Bach/Fugue/bwv_848/LeeSH01M.mid,209,210,105.5,106.0,138.515104,139.165104,0.5,0.6500000000000057,regular,,-0.37851162325374244,True,-0.13955069755834426,9,-0.23896092569539817,True,76.92307692307625,-15.264461538462188
Bach/Fugue/bwv_848/LeeSH01M.mid,210,211,106.0,106.5,139.165104,139.797396,0.5,0.6322919999999783,regular,,-0.3386628712110209,True,-0.1279079268710363,9,-0.2107549443399846,True,79.077388295284,-13.59150519063779
Bach/Fugue/bwv_848/LeeSH01M.mid,211,212,106.5,107.0,139.797396,140.448959,0.5,0.6515630000000101,regular,,-0.381976585661007,True,-0.1548190809726439,9,-0.2271575046883631,True,76.73855022461254,-14.568353328843036
Bach/Fugue/bwv_848/LeeSH01M.mid,212,213,107.0,107.5,140.448959,141.09531299999998,0.5,0.6463539999999739,regular,,-0.37039643251334103,True,-0.18652591234330615,9,-0.18387052017003488,True,77.35699013234546,-11.96619808958952
Bach/Fugue/bwv_848/LeeSH01M.mid,213,214,107.5,108.0,141.09531299999998,141.872917,0.5,0.777604000000025,regular,,-0.637107545308077,True,-0.347250644642229,9,-0.289856900665848,True,64.30008076089936,-18.20168106131444
Bach/Fugue/bwv_848/LeeSH01M.mid,214,215,108.0,108.5,141.872917,142.854167,0.5,0.9812499999999886,regular,,-0.972692654004248,True,-0.6287512023481805,9,-0.3439414516560675,True,50.95541401273944,-21.211414012737
Bach/Fugue/bwv_848/LeeSH01M.mid,215,216,108.5,109.0,142.854167,144.533333,0.5,1.6791660000000093,regular,,-1.7477448601371928,True,-1.2104275186779994,9,-0.5373173414591934,True,29.77668675997473,-31.09490068283999
Bach/Fugue/bwv_848/Lin04M.mid,0,1,1.0,1.5,0.81901,1.342448,0.5,0.5234380000000001,regular,,-0.0660905685538699,True,-0.161887682376894,9,0.0957971138230241,True,95.52229681452243,6.865569561246968
Bach/Fugue/bwv_848/Lin04M.mid,1,2,1.5,2.0,1.342448,1.972656,0.5,0.6302079999999999,regular,,-0.3338999734748676,True,-0.3750405437860456,9,0.041140570311178015,True,79.33888493957552,2.892695744896947
Bach/Fugue/bwv_848/Lin04M.mid,2,3,2.0,2.5,1.972656,2.519531,0.5,0.5468750000000002,regular,,-0.12928301694496702,True,-0.24285733668187354,9,0.11357431973690651,True,91.42857142857139,8.190537142857131
Bach/Fugue/bwv_848/Lin04M.mid,3,4,2.5,3.0,2.519531,3.126302,0.5,0.6067709999999997,regular,,-0.27922404020981845,True,-0.3098537107795227,9,0.030629670569704226,True,82.40341084198161,2.145784818325276
Bach/Fugue/bwv_848/Lin04M.mid,4,5,3.0,3.5,3.126302,3.726562,0.5,0.60026,regular,,-0.26365943827092947,True,-0.30073289658743935,9,0.03707345831650988,True,83.29723786359244,2.6030386832374166
Bach/Fugue/bwv_848/Lin04M.mid,5,6,3.5,4.0,3.726562,4.3125,0.5,0.5859380000000001,regular,,-0.22881992159512404,True,-0.3692330650487287,9,0.14041314345360467,True,85.33326051561768,10.22207127716561
Bach/Fugue/bwv_848/Lin04M.mid,6,7,4.0,4.5,4.3125,4.871094,0.5,0.5585940000000003,regular,,-0.15987198245994225,True,-0.254240884177117,9,0.09436890171717474,True,89.51044944986873,6.75982914245401
Bach/Fugue/bwv_848/Lin04M.mid,7,8,4.5,5.0,4.871094,5.402344,0.5,0.53125,regular,,-0.08746284125033943,True,-0.17492536301108502,9,0.08746252176074559,True,94.11764705882352,6.249976470588294
Bach/Fugue/bwv_848/Lin04M.mid,8,9,5.0,5.5,5.402344,5.929037,0.5,0.5266929999999999,regular,,-0.07503419062995743,True,-0.17126320161136432,9,0.09622901098140689,True,94.93196226264638,6.897566514078912
Bach/Fugue/bwv_848/Lin04M.mid,9,10,5.5,6.0,5.929037,6.50651,0.5,0.5774729999999995,regular,,-0.20782539938727693,True,-0.2526651297207665,9,0.044839730333489564,True,86.58413466949978,3.1568575500501135
Bach/Fugue/bwv_848/Lin04M.mid,10,11,6.0,6.5,6.50651,7.063802000000001,0.5,0.5572920000000012,regular,,-0.15650534860013418,True,-0.25581491942515555,9,0.09930957082502137,True,89.71957250418073,7.126066765716564
Bach/Fugue/bwv_848/Lin04M.mid,11,12,6.5,7.0,7.063802000000001,7.638021000000001,0.5,0.5742190000000003,regular,,-0.19967297294835498,True,-0.2667877398175594,9,0.0671147668692044,True,87.07479202185921,4.761946226091788
Bach/Fugue/bwv_848/Lin04M.mid,12,13,7.0,7.5,7.638021000000001,8.210938,0.5,0.5729169999999995,regular,,-0.19639805218946346,True,-0.19639805218946346,9,0.0,True,87.2726764958974,0.0
Bach/Fugue/bwv_848/Lin04M.mid,13,14,7.5,8.0,8.210938,8.755208,0.5,0.5442699999999991,regular,,-0.12239442244696587,True,-0.1980364418283263,9,0.07564201938136043,True,91.86616936446998,5.382990060080283
Bach/Fugue/bwv_848/Lin04M.mid,14,15,8.0,8.5,8.755208,9.282552,0.5,0.5273440000000011,regular,,-0.07681628099498759,True,-0.21107700424754847,9,0.1342607232525609,True,94.81476986559038,9.753026487453775
Bach/Fugue/bwv_848/Lin04M.mid,15,16,8.5,9.0,9.282552,9.838541,0.5,0.5559889999999985,regular,,-0.15312824525128022,True,-0.23362059701671248,9,0.08049235176543226,True,89.92983674137463,5.737883303447093
Bach/Fugue/bwv_848/Lin04M.mid,16,17,9.0,9.5,9.838541,10.359809,0.5,0.521268000000001,regular,,-0.06009720249463053,True,-0.12974196827838796,9,0.06964476578375743,True,95.91994904732289,4.9458244127777755
Bach/Fugue/bwv_848/Lin04M.mid,17,18,9.5,10.0,10.359809,10.909505,0.5,0.5496959999999991,regular,,-0.13670588639633255,True,-0.3083375737903656,9,0.17163168739403303,True,90.95936663173842,12.633164512749032
Bach/Fugue/bwv_848/Lin04M.mid,18,19,10.0,10.5,10.909505,11.470052,0.5,0.5605470000000015,regular,,-0.16490724839162305,True,-0.25424330336745155,9,0.0893360549758285,True,89.19858638080281,6.388045962247464
Bach/Fugue/bwv_848/Lin04M.mid,19,20,10.5,11.0,11.470052,12.035156,0.5,0.5651039999999998,regular,,-0.17658830622794833,True,-0.2272136750294351,9,0.05062536880148677,True,88.4792887680852,3.5713780118350127
Bach/Fugue/bwv_848/Lin04M.mid,20,21,11.0,11.5,12.035156,12.560764,0.5,0.5256080000000001,regular,,-0.07205913943439614,True,-0.15313084007554387,9,0.08107170064114773,True,95.12792803762498,5.7803534192784785
Bach/Fugue/bwv_848/Lin04M.mid,21,22,11.5,12.0,12.560764,13.071614,0.5,0.5108499999999996,regular,,-0.030971642412074268,True,-0.26969866798385195,9,0.2387270255717777,True,97.87608887148878,17.995106195557003
Bach/Fugue/bwv_848/Lin04M.mid,22,23,12.0,12.5,13.071614,13.615234,0.5,0.5436199999999989,regular,,-0.12067043952926695,True,-0.26522323653707736,9,0.1445527970078104,True,91.97601265589952,10.538795482138157
Bach/Fugue/bwv_848/Lin04M.mid,23,24,12.5,13.0,13.615234,14.176432,0.5,0.561198000000001,regular,,-0.16658177259642656,True,-0.22560810581826454,9,0.05902633322183798,True,89.09511438030768,4.176244391462771
Bach/Fugue/bwv_848/Lin04M.mid,24,25,13.0,13.5,14.176432,14.718099,0.5,0.5416670000000003,regular,,-0.11547810523199656,True,-0.15987198245993992,9,0.04439387722794336,True,92.30763550299348,3.124982692318162
Bach/Fugue/bwv_848/Lin04M.mid,25,26,13.5,14.0,14.718099,15.248698,0.5,0.5305989999999987,regular,,-0.08569386168866555,True,-0.22561057350118785,9,0.1399167118125223,True,94.23312143445449,10.184150365907747
Bach/Fugue/bwv_848/Lin04M.mid,26,27,14.0,14.5,15.248698,15.817709,0.5,0.5690110000000015,regular,,-0.1865284477887068,True,-0.2930879213989927,9,0.10655947361028589,True,87.87176346327202,7.665756901008555
Bach/Fugue/bwv_848/Lin04M.mid,27,28,14.5,15.0,15.817709,16.379557000000002,0.5,0.5618480000000012,regular,,-0.16825178768270188,True,-0.16825692320858107,9,5.13552587919075e-06,True,88.99204055189284,0.0003559681619505283
Bach/Fugue/bwv_848/Lin04M.mid,28,29,15.0,15.5,16.379557000000002,16.941406,0.5,0.5618489999999987,regular,,-0.16825435544792194,True,-0.19967046049874965,9,0.0314161050508277,True,88.99188216050953,2.2014811808866215
Bach/Fugue/bwv_848/Lin04M.mid,29,30,15.5,16.0,16.941406,17.457682000000002,0.5,0.5162760000000013,regular,,-0.046214438548416815,True,-0.20782789767515486,9,0.16161345912673805,True,96.84742269638697,11.853737148347165
Bach/Fugue/bwv_848/Lin04M.mid,30,31,16.0,16.5,17.457682000000002,18.027344,0.5,0.5696619999999974,regular,,-0.1881780777947608,True,-0.25109007678007894,9,0.06291199898531813,True,87.77134511341853,4.457204447550092
Bach/Fugue/bwv_848/Lin04M.mid,31,32,16.5,17.0,18.027344,18.575521,0.5,0.548176999999999,regular,,-0.13271370302815974,True,-0.206198095151885,9,0.07348439212372526,True,91.21141529104668,5.225501982024237
Bach/Fugue/bwv_848/Lin04M.mid,32,33,17.0,17.5,18.575521,19.113932,0.5,0.538411,regular,,-0.10677979032709414,True,-0.19147168982722707,9,0.08469189950013292,True,92.86585898133582,6.046124614838863
Bach/Fugue/bwv_848/Lin04M.mid,33,34,17.5,18.0,19.113932,19.630208,0.5,0.5162760000000013,regular,,-0.046214438548416815,True,-0.21269881764386162,9,0.1664843790954448,True,96.84742269638697,12.232023181398633
Bach/Fugue/bwv_848/Lin04M.mid,34,35,18.0,18.5,19.630208,20.160156,0.5,0.529948000000001,regular,,-0.0839227104062124,True,-0.16992500144231246,9,0.08600229103610006,True,94.34887951270673,6.142489451795077
Bach/Fugue/bwv_848/Lin04M.mid,35,36,18.5,19.0,20.160156,20.695963,0.5,0.5358069999999984,regular,,-0.09978533436929356,True,-0.211077004247544,9,0.11129166987825044,True,93.31718323948763,8.01949209323496
Bach/Fugue/bwv_848/Lin04M.mid,36,37,19.0,19.5,20.695963,21.259549,0.5,0.5635860000000008,regular,,-0.17270767931974293,True,-0.17270767931974293,9,0.0,True,88.71760476661935,0.0
Bach/Fugue/bwv_848/Lin04M.mid,37,38,19.5,20.0,21.259549,21.806424,0.5,0.546875,regular,,-0.1292830169449665,True,-0.28231643670259005,9,0.15303341975762355,True,91.42857142857143,11.190491428571603
Bach/Fugue/bwv_848/Lin04M.mid,38,39,20.0,20.5,21.806424,22.369792,0.5,0.5633680000000005,regular,,-0.17214952428797203,True,-0.2447628724334186,9,0.07261334814544657,True,88.75193479217839,5.161990031382312
Bach/Fugue/bwv_848/Lin04M.mid,39,40,20.5,21.0,22.369792,22.909722,0.5,0.5399299999999982,regular,,-0.11084428424246366,True,-0.19748800240598471,9,0.08664371816352105,True,92.60459689219003,6.189691256274553
Bach/Fugue/bwv_848/Lin04M.mid,40,41,21.0,21.5,22.909722,23.460504,0.5,0.5507820000000017,regular,,-0.13955331691836703,True,-0.19858467284108086,9,0.05903135592271383,True,90.78001822862738,4.176607078662734
Bach/Fugue/bwv_848/Lin04M.mid,41,42,21.5,22.0,23.460504,24.009114,0.5,0.54861,regular,,-0.1338528248178249,True,-0.26136472275018513,9,0.12751189793236023,True,91.13942509250651,9.240808588979155
Bach/Fugue/bwv_848/Lin04M.mid,42,43,22.0,22.5,24.009114,24.546875,0.5,0.5377609999999997,regular,,-0.10503703565477211,True,-0.19912515541740364,9,0.09408811976263153,True,92.97810737483758,6.739053222528109
Bach/Fugue/bwv_848/Lin04M.mid,43,44,22.5,23.0,24.546875,25.065755,0.5,0.5188799999999993,regular,,-0.0534728340189928,True,-0.18322097696852405,9,0.12974814294953124,True,96.36139377119963,9.410268270120328
Bach/Fugue/bwv_848/Lin04M.mid,44,45,23.0,23.5,25.065755,25.594401,0.5,0.528646000000002,regular,,-0.08037387130376948,True,-0.14465726404198445,9,0.06428339273821497,True,94.58125096945747,4.5565463467044
Bach/Fugue/bwv_848/Lin04M.mid,45,46,23.5,24.0,25.594401,26.089844,0.5,0.4954429999999981,regular,,0.013209007904622734,True,-0.19311568043663094,9,0.20632468834125367,True,100.9197829013634,15.374523406325958
Bach/Fugue/bwv_848/Lin04M.mid,46,47,24.0,24.5,26.089844,26.660156,0.5,0.5703120000000013,regular,,-0.18982329405093695,True,-0.31439490561801475,9,0.1245716115670778,True,87.67130973923027,9.018396947635557
Bach/Fugue/bwv_848/Lin04M.mid,47,48,24.5,25.0,26.660156,27.209635,0.5,0.549478999999998,regular,,-0.13613625039125307,True,-0.20457145724063527,9,0.0684352068493822,True,90.99528826397402,4.8578744592608105
Bach/Fugue/bwv_848/Lin04M.mid,48,49,25.0,25.5,27.209635,27.746094,0.5,0.5364590000000007,regular,,-0.10153981932469025,True,-0.1980364418283263,9,0.09649662250363605,True,93.20376766910414,6.917397228865074
Bach/Fugue/bwv_848/Lin04M.mid,49,50,25.5,26.0,27.746094,28.321615,0.5,0.575521000000002,regular,,-0.2029404764642588,True,-0.21808925208678628,9,0.015148775622527477,True,86.87780289511561,1.0555653051761247
Bach/Fugue/bwv_848/Lin04M.mid,50,51,26.0,26.5,28.321615,28.871094,0.5,0.549478999999998,regular,,-0.13613625039125307,True,-0.20402800182719855,9,0.06789175143594547,True,90.99528826397402,4.818382504156335
Bach/Fugue/bwv_848/Lin04M.mid,51,52,26.5,27.0,28.871094,29.411458000000003,0.5,0.5403640000000038,regular,,-0.11200346809693117,True,-0.2081551359872812,9,0.09615166789035003,True,92.53022036997217,6.891835873595905
Bach/Fugue/bwv_848/Lin04M.mid,52,53,27.0,27.5,29.411458000000003,29.946615,0.5,0.5351569999999981,regular,,-0.0980341048382863,True,-0.13784448410224365,9,0.03981037926395735,True,93.43052599517557,2.797870531452417
Bach/Fugue/bwv_848/Lin04M.mid,53,54,27.5,28.0,29.946615,30.501303000000004,0.5,0.5546880000000023,regular,,-0.14974841996160357,True,-0.2745705960456577,9,0.12482217608405413,True,90.1407638167759,9.03733269874265
Bach/Fugue/bwv_848/Lin04M.mid,54,55,28.0,28.5,30.501303000000004,31.059896,0.5,0.5585929999999948,regular,,-0.15986939973198563,True,-0.25424330336743856,9,0.09437390363545292,True,89.5106096925677,6.7601992864216145
Bach/Fugue/bwv_848/Lin04M.mid,55,56,28.5,29.0,31.059896,31.627604,0.5,0.5677080000000032,regular,,-0.18322097696853315,True,-0.2288174593955905,9,0.045596482427057355,True,88.0734462082615,3.2109817018604563
Bach/Fugue/bwv_848/Lin04M.mid,56,57,29.0,29.5,31.627604,32.188803,0.5,0.5611989999999984,regular,,-0.16658434333572328,True,-0.18982582370798862,9,0.02324148037226534,True,89.09495562180285,1.6240228510742762
Bach/Fugue/bwv_848/Lin04M.mid,57,58,29.5,30.0,32.188803,32.733073,0.5,0.5442699999999974,regular,,-0.12239442244696117,True,-0.2094533656289497,9,0.08705894318198854,True,91.86616936447028,6.220258327668761
Bach/Fugue/bwv_848/Lin04M.mid,58,59,30.0,30.5,32.733073,33.279297,0.5,0.5462240000000023,regular,,-0.1275646097693037,True,-0.2029404764642409,9,0.0753758666949372,True,91.53753771346516,5.363550484781412
Bach/Fugue/bwv_848/Lin04M.mid,59,60,30.5,31.0,33.279297,33.828776,0.5,0.549478999999998,regular,,-0.13613625039125307,True,-0.2029404764642409,9,0.06680422607298783,True,90.99528826397402,4.739398593940239
Bach/Fugue/bwv_848/Lin04M.mid,60,61,31.0,31.5,33.828776,34.375651,0.5,0.546875,regular,,-0.1292830169449665,True,-0.1749279189258543,9,0.0456449019808878,True,91.42857142857143,3.2144457142853042
Bach/Fugue/bwv_848/Lin04M.mid,61,62,31.5,32.0,34.375651,34.904297,0.5,0.528646000000002,regular,,-0.08037387130376948,True,-0.1463554440390127,9,0.06598157273524323,True,94.58125096945747,4.6796911354675474
Bach/Fugue/bwv_848/Lin04M.mid,62,63,32.0,32.5,34.904297,35.451172,0.5,0.546875,regular,,-0.1292830169449665,True,-0.1799084532390533,9,0.050625436294086806,True,91.42857142857143,3.5713828571429658
Bach/Fugue/bwv_848/Lin04M.mid,63,64,32.5,33.0,35.451172,36.019531,0.5,0.568359000000001,regular,,-0.1848743910267082,True,-0.206198095151885,9,0.021323704125176812,True,87.97256663482045,1.4890236628607927
Bach/Fugue/bwv_848/Lin04M.mid,64,65,33.0,33.5,36.019531,36.545573,0.5,0.5260419999999968,regular,,-0.07324989621333637,True,-0.15313084007554387,9,0.0798809438622075,True,95.04944472114451,5.693081541018524
Bach/Fugue/bwv_848/Lin04M.mid,65,66,33.5,34.0,36.545573,37.082682,0.5,0.537109000000001,regular,,-0.1032868011482262,True,-0.13271370302815044,9,0.029426901879924236,True,93.09097408533447,2.0606618023519383
Bach/Fugue/bwv_848/Lin04M.mid,66,67,34.0,34.5,37.082682,37.619141,0.5,0.5364590000000007,regular,,-0.10153981932469025,True,-0.21431880991695318,9,0.11277899059226293,True,93.20376766910414,8.130910283917228
Bach/Fugue/bwv_848/Lin04M.mid,67,68,34.5,35.0,37.619141,38.20638,0.5,0.5872390000000038,regular,,-0.23201968943512255,True,-0.18982329405091905,9,-0.0421963953842035,True,85.14420874635314,-2.8824720429006816
Bach/Fugue/bwv_848/Lin04M.mid,68,69,35.0,35.5,38.20638,38.736979,0.5,0.5305989999999952,regular,,-0.08569386168865586,True,-0.18156566582541422,9,0.09587180413675836,True,94.23312143445513,6.8711022825153245
Bach/Fugue/bwv_848/Lin04M.mid,69,70,35.5,36.0,38.736979,39.26823,0.5,0.5312510000000046,regular,,-0.0874655569090494,True,-0.193113156541528,9,0.10564759963247859,True,94.11746989652644,7.597726874866846
Bach/Fugue/bwv_848/Lin04M.mid,70,71,36.0,36.5,39.26823,39.789063,0.5,0.5208329999999961,regular,,-0.05889276572843607,True,-0.17990590613270027,9,0.1210131404042642,True,96.00006144004004,8.749829599891003
Bach/Fugue/bwv_848/Lin04M.mid,71,72,36.5,37.0,39.789063,40.335938,0.5,0.546875,regular,,-0.1292830169449665,True,-0.24158639332071352,9,0.11230337637574703,True,91.42857142857143,8.095268571427617
Bach/Fugue/bwv_848/Lin04M.mid,72,73,37.0,37.5,40.335938,40.859375,0.5,0.5234370000000013,regular,,-0.06608781236036221,True,-0.17103769162014837,9,0.10494987925978616,True,95.52247930505463,7.545702730225676
Bach/Fugue/bwv_848/Lin04M.mid,73,74,37.5,38.0,40.859375,41.436849,0.5,0.5774740000000023,regular,,-0.20782789767515486,True,-0.26574412617087434,9,0.05791622849571948,True,86.58398473351147,4.09611514977059
Bach/Fugue/bwv_848/Lin04M.mid,74,75,38.0,38.5,41.436849,41.997396,0.5,0.5605469999999997,regular,,-0.16490724839161836,True,-0.24634727690091407,9,0.08144002850929571,True,89.19858638080309,5.80736316490858
Bach/Fugue/bwv_848/Lin04M.mid,75,76,38.5,39.0,41.997396,42.55599,0.5,0.5585939999999994,regular,,-0.15987198245993992,True,-0.23999674880662228,9,0.08012476634668236,True,89.51044944986887,5.7109456958001275
Bach/Fugue/bwv_848/Lin04M.mid,76,77,39.0,39.5,42.55599,43.123047,0.5,0.5670569999999984,regular,,-0.18156566582541422,True,-0.18156566582541422,9,0.0,True,88.17455740780935,0.0
Bach/Fugue/bwv_848/Lin04M.mid,77,78,39.5,40.0,43.123047,43.689236,0.5,0.5661890000000014,regular,,-0.17935562574519623,True,-0.28458046252591174,9,0.10522483678071551,True,88.30973402874284,7.566201392113498
Bach/Fugue/bwv_848/Lin04M.mid,78,79,40.0,40.5,43.689236,44.265625,0.5,0.5763889999999989,regular,,-0.20511470801447035,True,-0.24792751344358557,9,0.042812805429115225,True,86.74697122949968,3.0120283350308767
Bach/Fugue/bwv_848/Lin04M.mid,79,80,40.5,41.0,44.265625,44.81684,0.5,0.5512149999999991,regular,,-0.14068705318960814,True,-0.2029404764642588,9,0.062253423274650665,True,90.70870712879744,4.4095316709456185
Bach/Fugue/bwv_848/Lin04M.mid,80,81,41.0,41.5,44.81684,45.391927,0.5,0.5750870000000035,regular,,-0.20185213068978544,True,-0.23840535079834263,9,0.03655322010855719,True,86.94336682971394,2.5660465286114738
Bach/Fugue/bwv_848/Lin04M.mid,81,82,41.5,42.0,45.391927,45.948785,0.5,0.5568579999999983,regular,,-0.15538138920612232,True,-0.24476043729341504,9,0.08937904808729272,True,89.78949750205646,6.391216432196221
Bach/Fugue/bwv_848/Lin04M.mid,82,83,42.0,42.5,45.948785,46.505208,0.5,0.5564230000000023,regular,,-0.15425396068678343,True,-0.24634241196255735,9,0.09208845127577392,True,89.85969307523195,6.591208487068706
Bach/Fugue/bwv_848/Lin04M.mid,83,84,42.5,43.0,46.505208,47.057292,0.5,0.5520839999999936,regular,,-0.14295969596328797,True,-0.21507468138596145,9,0.07211498542267347,True,90.56592837321962,5.125669282211925
Bach/Fugue/bwv_848/Lin04M.mid,84,85,43.0,43.5,47.057292,47.60026,0.5,0.5429680000000019,regular,,-0.11893907993474151,True,-0.21031903481917877,9,0.09137995488443726,True,92.08645813381236,6.538875219165005
Bach/Fugue/bwv_848/Lin04M.mid,85,86,43.5,44.0,47.60026,48.138672,0.5,0.538412000000001,regular,,-0.1067824698668929,True,-0.18156566582541422,9,0.07478319595852133,True,92.86568650030071,5.320275179601734
Bach/Fugue/bwv_848/Lin04M.mid,86,87,44.0,44.5,48.138672,48.651042,0.5,0.5123699999999971,regular,,-0.035257911396638676,True,-0.1779152415724845,9,0.14265733017584584,True,97.58572906298238,10.393660831037863
Bach/Fugue/bwv_848/Lin04M.mid,87,88,44.5,45.0,48.651042,49.217448,0.5,0.5664060000000006,regular,,-0.1799084532390533,True,-0.1963955340301138,9,0.01648708079106051,True,88.27590103212174,1.1493522314380018
Bach/Fugue/bwv_848/Lin04M.mid,88,89,45.0,45.5,49.217448,49.749348,0.5,0.5319000000000003,regular,,-0.08922694207039605,True,-0.18487185267275114,9,0.09564491060235508,True,94.00263207369802,6.854295920285041
Bach/Fugue/bwv_848/Lin04M.mid,89,90,45.5,46.0,49.749348,50.302083,0.5,0.5527350000000055,regular,,-0.14465987414692177,True,-0.1914716898272181,9,0.046811815680296326,True,90.45926167150533,3.297963762018104
Bach/Fugue/bwv_848/Lin04M.mid,90,91,46.0,46.5,50.302083,50.832031,0.5,0.5299479999999974,regular,,-0.08392271040620271,True,-0.1463554440390127,9,0.06243273363281,True,94.34887951270736,4.422509378280221
Bach/Fugue/bwv_848/Lin04M.mid,91,92,46.5,47.0,50.832031,51.386719,0.5,0.5546879999999987,regular,,-0.14974841996159433,True,-0.17326050076655158,9,0.02351208080495726,True,90.14076381677648,1.643085842851617
Bach/Fugue/bwv_848/Lin04M.mid,92,93,47.0,47.5,51.386719,51.917969,0.5,0.53125,regular,,-0.08746284125033943,True,-0.21431880991697083,9,0.1268559686666314,True,94.11764705882352,9.19115294117786
Bach/Fugue/bwv_848/Lin04M.mid,93,94,47.5,48.0,51.917969,52.459636,0.5,0.5416670000000039,regular,,-0.1154781052320061,True,-0.12239707314187764,9,0.006918967909871537,True,92.30763550299287,0.4807381656992276
Bach/Fugue/bwv_848/Lin04M.mid,94,95,48.0,48.5,52.459636,53.006944,0.5,0.5473079999999939,regular,,-0.13042484968282675,True,-0.13214248824762367,9,0.001717638564796925,True,91.35623816936817,0.11912853457587426
Bach/Fugue/bwv_848/Lin04M.mid,95,96,48.5,49.0,53.006944,53.557291000000006,0.5,0.5503470000000092,regular,,-0.1384134461576791,True,-0.24211588582755467,9,0.10370243966987558,True,90.8517717003984,7.452752536124328
Bach/Fugue/bwv_848/Lin04M.mid,96,97,49.0,49.5,53.557291000000006,54.114583,0.5,0.5572919999999968,regular,,-0.15650534860012275,True,-0.2652256373815189,9,0.10872028878139614,True,89.71957250418144,7.827135505264263
Bach/Fugue/bwv_848/Lin04M.mid,97,98,49.5,50.0,54.114583,54.654947,0.5,0.5403639999999967,regular,,-0.11200346809691213,True,-0.1497484199616128,9,0.037744951864700685,True,92.53022036997339,2.650805753160686
Bach/Fugue/bwv_848/Lin04M.mid,98,99,50.0,50.5,54.654947,55.23697900000001,0.5,0.5820320000000123,regular,,-0.21917037950426857,True,-0.21917037950426857,9,0.0,True,85.90592957088089,0.0
Bach/Fugue/bwv_848/Lin04M.mid,99,100,50.5,51.0,55.23697900000001,55.790365,0.5,0.553385999999989,regular,,-0.14635805107337976,True,-0.26886552069611713,9,0.12250746962273737,True,90.35284593394302,8.86252995197155
Bach/Fugue/bwv_848/Lin04M.mid,100,101,51.0,51.5,55.790365,56.34375,0.5,0.5533849999999987,regular,,-0.14635544403899411,True,-0.18982582370798862,9,0.0434703796689945,True,90.35300920697186,3.058991479711254
Bach/Fugue/bwv_848/Lin04M.mid,101,102,51.5,52.0,56.34375,56.928386,0.5,0.5846360000000033,regular,,-0.22561057350119235,True,-0.2730169024661976,9,0.04740632896500524,True,85.52329996784276,3.340540096744481
Bach/Fugue/bwv_848/Lin04M.mid,102,103,52.0,52.5,56.928386,57.467448,0.5,0.5390619999999942,regular,,-0.10852311862561083,True,-0.14295969596328797,9,0.034436577337677146,True,92.75370922083275,2.415677602947267
Bach/Fugue/bwv_848/Lin04M.mid,103,104,52.5,53.0,57.467448,58.054036,0.5,0.5865880000000061,regular,,-0.2304194628806014,True,-0.2683457570362307,9,0.037926294155629314,True,85.23870246237475,2.6637094519480025
Bach/Fugue/bwv_848/Lin04M.mid,104,105,53.0,53.5,58.054036,58.619141000000006,0.5,0.5651050000000026,regular,,-0.17659085919831916,True,-0.2823164367025817,9,0.10572557750426256,True,88.479132196671,7.6035427044522095
Bach/Fugue/bwv_848/Lin04M.mid,105,106,53.5,54.0,58.619141000000006,59.182943,0.5,0.5638019999999955,regular,,-0.17326050076655158,True,-0.20620059625932696,9,0.03294009549277538,True,88.68361587933423,2.309498724731216
Bach/Fugue/bwv_848/Lin04M.mid,106,107,54.0,54.5,59.182943,59.73828100000001,0.5,0.5553380000000061,regular,,-0.15143802341912008,True,-0.16992500144231246,9,0.01848697802319238,True,90.03525780695621,1.2896650328257484
Bach/Fugue/bwv_848/Lin04M.mid,107,108,54.5,55.0,59.73828100000001,60.30078100000001,0.5,0.5625,regular,,-0.16992500144231246,True,-0.19945437346298875,9,0.029529372020676292,True,88.88888888888889,2.0679111111096216
Bach/Fugue/bwv_848/Lin04M.mid,108,109,55.0,55.5,60.30078100000001,60.87109399999999,0.5,0.5703129999999845,regular,,-0.18982582370795265,True,-0.24052682495316433,9,0.05070100124521168,True,87.67115601433136,3.5768078230772535
Bach/Fugue/bwv_848/Lin04M.mid,109,110,55.5,56.0,60.87109399999999,61.442708,0.5,0.571614000000011,regular,,-0.19311315654154596,True,-0.1963955340301138,9,0.003282377488567856,True,87.47161546078131,0.22777608665784868
Bach/Fugue/bwv_848/Lin04M.mid,110,111,56.0,56.5,61.442708,61.999349,0.5,0.556640999999999,regular,,-0.1548190809726439,True,-0.19639553403013163,9,0.04157645305748772,True,89.82450089016095,2.923787503976057
Bach/Fugue/bwv_848/Lin04M.mid,111,112,56.5,57.0,61.999349,62.536458,0.5,0.537109000000001,regular,,-0.1032868011482262,True,-0.2320221461755266,9,0.12873534502730039,True,93.09097408533447,9.333487243739896
Bach/Fugue/bwv_848/Lin04M.mid,112,113,57.0,57.5,62.536458,63.11328100000001,0.5,0.5768230000000045,regular,,-0.20620059625932696,True,-0.23362059701674298,9,0.02742000075741602,True,86.68170305275554,1.9187861787773215
Bach/Fugue/bwv_848/Lin04M.mid,113,114,57.5,58.0,63.11328100000001,63.668837,0.5,0.5555559999999957,regular,,-0.1520042476006099,True,-0.20728566779207896,9,0.05528142019146906,True,89.99992800005829,3.906176875059844
Bach/Fugue/bwv_848/Lin04M.mid,114,115,58.0,58.5,63.668837,64.237413,0.5,0.5685760000000002,regular,,-0.18542510822280714,True,-0.20076296326498916,9,0.01533785504218202,True,87.93899144529487,1.068810502025699
Bach/Fugue/bwv_848/Lin04M.mid,115,116,58.5,59.0,64.237413,64.805339,0.5,0.5679259999999999,regular,,-0.183774865849585,True,-0.19530475783339174,9,0.011529891983806745,True,88.03963896704855,0.8023932695441507
Bach/Fugue/bwv_848/Lin04M.mid,116,117,59.0,59.5,64.805339,65.345703,0.5,0.5403639999999967,regular,,-0.11200346809691213,True,-0.18322351822875213,9,0.07122005013184,True,92.53022036997339,5.060477752033265
Bach/Fugue/bwv_848/Lin04M.mid,117,118,59.5,60.0,65.345703,65.87174499999999,0.5,0.5260419999999897,regular,,-0.07324989621331682,True,-0.13955069755834426,9,0.06630080134502744,True,95.0494447211458,4.702856425914928
Bach/Fugue/bwv_848/Lin04M.mid,118,119,60.0,60.5,65.87174499999999,66.419922,0.5,0.5481770000000097,regular,,-0.13271370302818786,True,-0.13340044069414056,9,0.0006867376659527025,True,91.2114152910449,0.04761235878096423
Bach/Fugue/bwv_848/Lin04M.mid,119,120,60.5,61.0,66.419922,66.979166,0.5,0.5592440000000067,regular,,-0.1615497781374512,True,-0.1615497781374512,9,0.0,True,89.40641294318651,0.0
Bach/Fugue/bwv_848/Lin04M.mid,120,121,61.0,61.5,66.979166,67.51432199999999,0.5,0.5351559999999864,regular,,-0.09803140900060564,True,-0.15143802341912008,9,0.053406614418514436,True,93.4307005807676,3.7712367982457757
Bach/Fugue/bwv_848/Lin04M.mid,121,122,61.5,62.0,67.51432199999999,68.0625,0.5,0.5481780000000072,regular,,-0.13271633483091091,True,-0.1375035237499274,9,0.004787188919016472,True,91.21124890090326,0.3323737909930666
Bach/Fugue/bwv_848/Lin04M.mid,122,123,62.0,62.5,68.0625,68.602864,0.5,0.5403639999999967,regular,,-0.11200346809691213,True,-0.16490724839161836,9,0.05290378029470623,True,92.53022036997339,3.7350748754548877
Bach/Fugue/bwv_848/Lin04M.mid,123,124,62.5,63.0,68.602864,69.136719,0.5,0.5338550000000026,regular,,-0.0945198507943105,True,-0.12653416799813277,9,0.03201431720382228,True,93.65839038690234,2.243867716888779
Bach/Fugue/bwv_848/Lin04M.mid,124,125,63.0,63.5,69.136719,69.667969,0.5,0.53125,regular,,-0.08746284125033943,True,-0.18322097696851514,9,0.09575813571817571,True,94.11764705882352,6.862682352940444
Bach/Fugue/bwv_848/Lin04M.mid,125,126,63.5,64.0,69.667969,70.202473,0.5,0.5345039999999983,regular,,-0.09627264961325484,True,-0.09627264961325484,9,0.0,True,93.54466945055633,0.0
Bach/Fugue/bwv_848/Lin04M.mid,126,127,64.0,64.5,70.202473,70.73111999999998,0.5,0.5286469999999781,regular,,-0.08037660033915801,True,-0.1292830169449665,9,0.04890641660580848,True,94.58107205753947,3.4480475629338008
Bach/Fugue/bwv_848/Lin04M.mid,127,128,64.5,65.0,70.73111999999998,71.25455699999998,0.5,0.5234370000000013,regular,,-0.06608781236036221,True,-0.10293488728786386,9,0.03684707492750165,True,95.52247930505463,2.586939784542886
Bach/Fugue/bwv_848/Lin04M.mid,128,129,65.0,65.5,71.25455699999998,71.80599000000002,0.5,0.5514330000000456,regular,,-0.14125751180029547,True,-0.1548190809726439,9,0.013561569172348437,True,90.67284692790578,0.9444483735926372
Bach/Fugue/bwv_848/Lin04M.mid,129,130,65.5,66.0,71.80599000000002,72.359375,0.5,0.5533849999999774,regular,,-0.14635544403893863,True,-0.14635544403893863,9,0.0,True,90.35300920697533,0.0
Bach/Fugue/bwv_848/Lin04M.mid,130,131,66.0,66.5,72.359375,72.88736999999998,0.5,0.5279949999999758,regular,,-0.07859617274675595,True,-0.15312824525127575,9,0.07453207250451979,True,94.69786645707306,5.30194414720258
Bach/Fugue/bwv_848/Lin04M.mid,131,132,66.5,67.0,72.88736999999998,73.442709,0.5,0.5553390000000178,regular,,-0.15144062128521027,True,-0.26834815269001044,9,0.11690753140480017,True,90.0350956802933,8.44079022002494
Bach/Fugue/bwv_848/Lin04M.mid,132,133,67.0,67.5,73.442709,74.011719,0.5,0.5690100000000058,regular,,-0.18652591234334226,True,-0.15650534860014115,9,-0.030020563743201112,True,87.87191789247902,-2.0593662677284708
Bach/Fugue/bwv_848/Lin04M.mid,133,134,67.5,68.0,74.011719,74.548177,0.5,0.5364579999999961,regular,,-0.10153713002990318,True,-0.10153981932470932,9,2.6892948061379984e-06,True,93.20394140827494,0.00018640788499618786
Bach/Fugue/bwv_848/Lin04M.mid,134,135,68.0,68.5,74.548177,75.085286,0.5,0.537109000000001,regular,,-0.1032868011482262,True,-0.10713076767016827,9,0.0038439665219420632,True,93.09097408533447,0.26679873172699786
Bach/Fugue/bwv_848/Lin04M.mid,135,136,68.5,69.0,75.085286,75.649089,0.5,0.5638030000000072,regular,,-0.17326305963256886,True,-0.20457145724063527,9,0.03130839760806642,True,88.68345858393688,2.193851398448098
Bach/Fugue/bwv_848/Lin04M.mid,136,137,69.0,69.5,75.649089,76.208334,0.5,0.55924499999999,regular,,-0.1615523578588731,True,-0.1615523578588731,9,0.0,True,89.40625307334155,0.0
Bach/Fugue/bwv_848/Lin04M.mid,137,138,69.5,70.0,76.208334,76.760417,0.5,0.5520830000000103,regular,,-0.1429570827806502,True,-0.14295969596336225,9,2.613182712052353e-06,True,90.56609241726166,0.00018113218695885568
Bach/Fugue/bwv_848/Lin04M.mid,138,139,70.0,70.5,76.760417,77.295573,0.5,0.5351560000000006,regular,,-0.09803140900064386,True,-0.12239707314185881,9,0.02436566414121495,True,93.43070058076512,1.7032416715862726
Bach/Fugue/bwv_848/Lin04M.mid,139,140,70.5,71.0,77.295573,77.86263000000002,0.5,0.5670570000000197,regular,,-0.18156566582546854,True,-0.20130764976121546,9,0.019741983935746915,True,88.17455740780603,1.3778156340516423
Bach/Fugue/bwv_848/Lin04M.mid,140,141,71.0,71.5,77.86263000000002,78.425781,0.5,0.5631509999999764,regular,,-0.1715937150601119,True,-0.16992500144231246,9,-0.0016687136177994388,True,88.78613373678125,-0.11559954612109023
Bach/Fugue/bwv_848/Lin04M.mid,141,142,71.5,72.0,78.425781,78.984375,0.5,0.5585939999999994,regular,,-0.15987198245993992,True,-0.15987198245993992,9,0.0,True,89.51044944986887,0.0
Bach/Fugue/bwv_848/Lin04M.mid,142,143,72.0,72.5,78.984375,79.516927,0.5,0.5325519999999955,regular,,-0.09099430646877148,True,-0.15481908097257008,9,0.0638247745037986,True,93.88754525379761,4.523314155232789
Bach/Fugue/bwv_848/Lin04M.mid,143,144,72.5,73.0,79.516927,80.067708,0.5,0.5507810000000006,regular,,-0.13955069755834426,True,-0.1848769293761089,9,0.04532623181776463,True,90.780183049161,3.191649675636845
Bach/Fugue/bwv_848/Lin04M.mid,144,145,73.0,73.5,80.067708,80.617839,0.5,0.5501310000000075,regular,,-0.13784710656190993,True,-0.23202460291186938,9,0.09417749634995945,True,90.88744317262493,6.745666032271945
Bach/Fugue/bwv_848/Lin04M.mid,145,146,73.5,74.0,80.617839,81.15494699999998,0.5,0.537107999999975,regular,,-0.10328411510792278,True,-0.13442599163554206,9,0.03114187652761928,True,93.09114740425078,2.182056495160341
Bach/Fugue/bwv_848/Lin04M.mid,146,147,74.0,74.5,81.15494699999998,81.689453,0.5,0.5345060000000217,regular,,-0.09627804786044712,True,-0.09627804786044712,9,0.0,True,93.54431942765464,0.0
Bach/Fugue/bwv_848/Lin04M.mid,147,148,74.5,75.0,81.689453,82.244791,0.5,0.5553380000000061,regular,,-0.15143802341912008,True,-0.1715962768842005,9,0.020158253465080433,True,90.03525780695621,1.4070710090064231
Bach/Fugue/bwv_848/Lin04M.mid,148,149,75.0,75.5,82.244791,82.717448,0.5,0.4726569999999981,regular,,0.0811344734921212,True,-0.130999379745113,9,0.21213385323723422,True,105.78495610982213,15.840027757976967
Bach/Fugue/bwv_848/Lin04M.mid,149,150,75.5,76.0,82.717448,83.268229,0.5,0.5507810000000006,regular,,-0.13955069755834426,True,-0.19639553403006005,9,0.05684483647171579,True,90.780183049161,4.0188387035822535
Bach/Fugue/bwv_848/Lin04M.mid,150,151,76.0,76.5,83.268229,83.818359,0.5,0.5501299999999958,regular,,-0.13784448410222497,True,-0.17658830622792568,9,0.03874382212570071,True,90.88760838347369,2.7219020958673923
Bach/Fugue/bwv_848/Lin04M.mid,151,152,76.5,77.0,83.818359,84.37955699999998,0.5,0.5611979999999761,regular,,-0.16658177259636256,True,-0.24634484443383814,9,0.07976307183747558,True,89.09511438031163,5.684446487701102
Bach/Fugue/bwv_848/Lin04M.mid,152,153,77.0,77.5,84.37955699999998,84.93294200000003,0.5,0.5533850000000484,regular,,-0.14635544403912387,True,-0.2447604372934325,9,0.09840499325430863,True,90.35300920696373,7.058919197295321
Bach/Fugue/bwv_848/Lin04M.mid,153,154,77.5,78.0,84.93294200000003,85.451172,0.5,0.5182299999999742,regular,,-0.051664439732179164,True,-0.13613625039123442,9,0.08447181065905526,True,96.4822569129585,6.029948092549305
Bach/Fugue/bwv_848/Lin04M.mid,154,155,78.0,78.5,85.451172,85.998046,0.5,0.5468740000000025,regular,,-0.12928037887162921,True,-0.16992756623128272,9,0.0406471873596535,True,91.42873861255019,2.857513796600916
Bach/Fugue/bwv_848/Lin04M.mid,155,156,78.5,79.0,85.998046,86.558594,0.5,0.5605479999999972,regular,,-0.16490982211648064,True,-0.24158639332071352,9,0.07667657120423288,True,89.19842725333112,5.458586954194436
Bach/Fugue/bwv_848/Lin04M.mid,156,157,79.0,79.5,86.558594,87.09375,0.5,0.5351560000000006,regular,,-0.09803140900064386,True,-0.19147168982723603,9,0.09344028082659217,True,93.43070058076512,6.691133052792628
Bach/Fugue/bwv_848/Lin04M.mid,157,158,79.5,80.0,87.09375,87.62044300000002,0.5,0.526693000000023,regular,,-0.0750341906300207,True,-0.12584415334207338,9,0.05080996271205268,True,94.93196226264222,3.5846308950311783
Bach/Fugue/bwv_848/Lin04M.mid,158,159,80.0,80.5,87.62044300000002,88.167969,0.5,0.5475259999999764,regular,,-0.13099937974500073,True,-0.20293796969859706,9,0.07193858995359634,True,91.3198642621577,5.1128165603161015
Bach/Fugue/bwv_848/Lin04M.mid,159,160,80.5,81.0,88.167969,88.728516,0.5,0.5605469999999997,regular,,-0.16490724839161836,True,-0.2510876522964451,9,0.08618040390482673,True,89.19858638080309,6.155594446138479
Bach/Fugue/bwv_848/Lin04M.mid,160,161,81.0,81.5,88.728516,89.274089,0.5,0.5455730000000045,regular,,-0.12584415334211094,True,-0.12584415334211094,9,0.0,True,91.64676404440759,0.0
Bach/Fugue/bwv_848/Lin04M.mid,161,162,81.5,82.0,89.274089,89.789062,0.5,0.5149729999999977,regular,,-0.04256869898667829,True,-0.1429570827806502,9,0.10038838379397191,True,97.09246892555575,7.206203043657195
Bach/Fugue/bwv_848/Lin04M.mid,162,163,82.0,82.5,89.789062,90.322266,0.5,0.5332039999999978,regular,,-0.0927595084174582,True,-0.11721362078312646,9,0.02445411236566826,True,93.77273988942358,1.7094770481857728
Bach/Fugue/bwv_848/Lin04M.mid,163,164,82.5,83.0,90.322266,90.843099,0.5,0.5208329999999961,regular,,-0.05889276572843607,True,-0.14125489553244908,9,0.082362129804013,True,96.00006144004004,5.875011760006645
Bach/Fugue/bwv_848/Lin04M.mid,164,165,83.0,83.5,90.843099,91.373047,0.5,0.5299480000000045,regular,,-0.08392271040622207,True,-0.13784448410226233,9,0.05392177369604026,True,94.34887951270609,3.8082981726519005
Bach/Fugue/bwv_848/Lin04M.mid,165,166,83.5,84.0,91.373047,91.909505,0.5,0.5364579999999961,regular,,-0.10153713002990318,True,-0.21593698515205934,9,0.11439985512215615,True,93.20394140827494,8.252463380170513
Bach/Fugue/bwv_848/Lin04M.mid,166,167,84.0,84.5,91.909505,92.460938,0.5,0.551433000000003,regular,,-0.141257511800184,True,-0.2526651297207665,9,0.11140761792058249,True,90.67284692791279,8.028173866996923
Bach/Fugue/bwv_848/Lin04M.mid,167,168,84.5,85.0,92.460938,93.011068,0.5,0.5501299999999958,regular,,-0.13784448410222497,True,-0.19147168982723603,9,0.05362720572501106,True,90.88760838347369,3.7871048661240017
Bach/Fugue/bwv_848/Lin04M.mid,168,169,85.0,85.5,93.011068,93.561849,0.5,0.5507810000000006,regular,,-0.13955069755834426,True,-0.2320221461755964,9,0.09247144861725215,True,90.780183049161,6.6195093875801385
Bach/Fugue/bwv_848/Lin04M.mid,169,170,85.5,86.0,93.561849,94.092448,0.5,0.5305990000000094,regular,,-0.08569386168869444,True,-0.2761250009675494,9,0.19043113927885494,True,94.2331214344526,14.110467603593055
Bach/Fugue/bwv_848/Lin04M.mid,170,171,86.0,86.5,94.092448,94.616536,0.5,0.5240879999999919,regular,,-0.06788098119646008,True,-0.29001855194063164,9,0.22213757074417156,True,95.40382531178118,16.64605944040118
Bach/Fugue/bwv_848/Lin04M.mid,171,172,86.5,87.0,94.616536,95.13737,0.5,0.5208340000000078,regular,,-0.05889553570206055,True,-0.10153713002990318,9,0.04264159432784263,True,95.99987712015586,2.9998041602483903
Bach/Fugue/bwv_848/Lin04M.mid,172,173,87.0,87.5,95.13737,95.66276,0.5,0.5253900000000016,regular,,-0.0714606463384587,True,-0.14465987414690318,9,0.07319922780844448,True,95.16739945564218,5.204705076228467
Bach/Fugue/bwv_848/Lin04M.mid,173,174,87.5,88.0,95.66276,96.220052,0.5,0.5572919999999897,regular,,-0.15650534860010437,True,-0.23148893542559187,9,0.0749835868254875,True,89.7195725041826,5.334905220243366
Bach/Fugue/bwv_848/Lin04M.mid,174,175,88.0,88.5,96.220052,96.753906,0.5,0.5338540000000052,regular,,-0.09451714838187927,True,-0.26428900484789064,9,0.16977185646601137,True,93.65856582511233,12.48805853285583
Bach/Fugue/bwv_848/Lin04M.mid,175,176,88.5,89.0,96.753906,97.328125,0.5,0.5742189999999994,regular,,-0.19967297294835276,True,-0.2526651297207665,9,0.05299215677241373,True,87.07479202185935,3.741429663595419
Bach/Fugue/bwv_848/Lin04M.mid,176,177,89.0,89.5,97.328125,97.88737,0.5,0.5592450000000042,regular,,-0.16155235785890965,True,-0.16155235785890965,9,0.0,True,89.40625307333929,0.0
Bach/Fugue/bwv_848/Lin04M.mid,177,178,89.5,90.0,97.88737,98.486979,0.5,0.599609000000001,regular,,-0.26209394309808237,True,-0.26209394309808237,9,0.0,True,83.38767430108608,0.0
Bach/Fugue/bwv_848/Lin04M.mid,178,179,90.0,90.5,98.486979,98.953125,0.5,0.46614599999999484,regular,,0.10114620763308274,True,-0.2042459094584873,9,0.30539211709157005,True,107.26253148155418,23.575446319392032
Bach/Fugue/bwv_848/Lin04M.mid,179,180,90.5,91.0,98.953125,99.516927,0.5,0.5638019999999955,regular,,-0.17326050076655158,True,-0.20163135213262845,9,0.028370851366076866,True,88.68361587933423,1.9859808940035564
Bach/Fugue/bwv_848/Lin04M.mid,180,181,91.0,91.5,99.516927,100.02908,0.5,0.5121529999999979,regular,,-0.03464676878968246,True,-0.15930883837744406,9,0.1246620695877616,True,97.62707628384527,9.025232694135902
Bach/Fugue/bwv_848/Lin04M.mid,181,182,91.5,92.0,100.02908,100.57487,0.5,0.5457900000000109,regular,,-0.1264178668141778,True,-0.27457059604567474,9,0.14815272923149694,True,91.61032631598052,10.814965462906844
Bach/Fugue/bwv_848/Lin04M.mid,182,183,92.0,92.5,100.57487,101.117188,0.5,0.5423179999999945,regular,,-0.11721096054738356,True,-0.2807710670195492,9,0.16356010647216562,True,92.19682916665222,12.004764732129784
Bach/Fugue/bwv_848/Lin04M.mid,183,184,92.5,93.0,101.117188,101.657553,0.5,0.5403649999999942,regular,,-0.11200613795223617,True,-0.19967297294835276,9,0.08766683499611659,True,92.53004913345708,6.26502456672907
Bach/Fugue/bwv_848/Lin04M.mid,184,185,93.0,93.5,101.657553,102.175347,0.5,0.5177940000000092,regular,,-0.050450153045941595,True,-0.16992500144231246,9,0.11947484839637086,True,96.5634982251612,8.633935503306347
Bach/Fugue/bwv_848/Lin04M.mid,185,186,93.5,94.0,102.175347,102.681641,0.5,0.5062939999999969,regular,,-0.01804729233973957,True,-0.33538949711646665,9,0.3173422047767271,True,98.75684878746401,24.603293738424505
Bach/Fugue/bwv_848/Lin04M.mid,186,187,94.0,94.5,102.681641,103.25,0.5,0.568359000000001,regular,,-0.1848743910267082,True,-0.22881992159512066,9,0.043945530568412466,True,87.97256663482045,3.0929394977466207
Bach/Fugue/bwv_848/Lin04M.mid,187,188,94.5,95.0,103.25,103.764974,0.5,0.5149739999999952,regular,,-0.04257150048041961,True,-0.21593698515213003,9,0.17336548467171042,True,97.09228038697191,12.76860579369538
Bach/Fugue/bwv_848/Lin04M.mid,188,189,95.0,95.5,103.764974,104.337891,0.5,0.5729170000000039,regular,,-0.19639805218947468,True,-0.22721367502946152,9,0.030815622839986845,True,87.27267649589672,2.158951471156673
Bach/Fugue/bwv_848/Lin04M.mid,189,190,95.5,96.0,104.337891,104.891927,0.5,0.5540359999999964,regular,,-0.1480516274774541,True,-0.2288174593955905,9,0.08076583191813641,True,90.24684316542665,5.757929087641431
Bach/Fugue/bwv_848/Lin04M.mid,190,191,96.0,96.5,104.891927,105.445964,0.5,0.5540370000000081,regular,,-0.1480542314485964,True,-0.2110770042475264,9,0.06302277279893001,True,90.24668027586473,4.465225246686083
Bach/Fugue/bwv_848/Lin04M.mid,191,192,96.5,97.0,105.445964,105.968099,0.5,0.5221349999999916,regular,,-0.06249477445544341,True,-0.2223940701297871,9,0.1598992956743437,True,95.76067492123839,11.720915089007388
Bach/Fugue/bwv_848/Lin04M.mid,192,193,97.0,97.5,105.968099,106.539714,0.5,0.5716150000000084,regular,,-0.19311568043664887,True,-0.2792216625480438,9,0.08610598211139495,True,87.47146243537917,6.150118523832057
Bach/Fugue/bwv_848/Lin04M.mid,193,194,97.5,98.0,106.539714,107.09960900000002,0.5,0.5598950000000116,regular,,-0.1632282015996983,True,-0.26678534157125516,9,0.10355713997155686,True,89.30245849668057,7.441931076360539
Bach/Fugue/bwv_848/Lin04M.mid,194,195,98.0,98.5,107.09960900000002,107.651042,0.5,0.5514329999999887,regular,,-0.14125751180014673,True,-0.20130764976121546,9,0.06005013796106873,True,90.67284692791513,4.250199026901898
Bach/Fugue/bwv_848/Lin04M.mid,195,196,98.5,99.0,107.651042,108.175781,0.5,0.5247389999999967,regular,,-0.06967192401589017,True,-0.22561057350119235,9,0.15593864948530217,True,95.28546572677142,11.414627081274102
Bach/Fugue/bwv_848/Lin04M.mid,196,197,99.0,99.5,108.175781,108.72851599999998,0.5,0.5527349999999842,regular,,-0.14465987414686618,True,-0.24158639332074838,9,0.0969265191738822,True,90.45926167150881,6.949261400133146
Bach/Fugue/bwv_848/Lin04M.mid,197,198,99.5,100.0,108.72851599999998,109.274089,0.5,0.5455730000000187,regular,,-0.12584415334214852,True,-0.19146916305447953,9,0.06562500971233101,True,91.6467640444052,4.653822678175181
Bach/Fugue/bwv_848/Lin04M.mid,198,199,100.0,100.5,109.274089,109.811849,0.5,0.5377599999999916,regular,,-0.10503435287116755,True,-0.15987198245993992,9,0.05483762958877236,True,92.97828027372951,3.8742189824472044
Bach/Fugue/bwv_848/Lin04M.mid,199,200,100.5,101.0,109.811849,110.336589,0.5,0.5247400000000084,regular,,-0.06967467337068002,True,-0.30225938224638577,9,0.23258470887570576,True,95.28528414071577,17.49380645652509
Bach/Fugue/bwv_848/Lin04M.mid,200,201,101.0,101.5,110.336589,110.852865,0.5,0.5162759999999906,regular,,-0.04621443854838704,True,-0.14465726404202148,9,0.09844282549363444,True,96.84742269638896,7.0617266733346495
Bach/Fugue/bwv_848/Lin04M.mid,201,202,101.5,102.0,110.852865,111.386068,0.5,0.5332030000000003,regular,,-0.0927568027055916,True,-0.20032606143123216,9,0.10756925872564056,True,93.77291575628789,7.7411417415150545
Bach/Fugue/bwv_848/Lin04M.mid,202,203,102.0,102.5,111.386068,111.916233,0.5,0.5301650000000109,regular,,-0.08451333579852366,True,-0.17547989042348636,9,0.0909665546249627,True,94.31026189959536,6.508351173690283
Bach/Fugue/bwv_848/Lin04M.mid,203,204,102.5,103.0,111.916233,112.449219,0.5,0.532985999999994,regular,,-0.09216954317054693,True,-0.26886552069610015,9,0.17669597752555322,True,93.81109447527808,13.029235289483232
Bach/Fugue/bwv_848/Lin04M.mid,204,205,103.0,103.5,112.449219,112.996094,0.5,0.546875,regular,,-0.1292830169449665,True,-0.2500350416136521,9,0.12075202466868559,True,91.42857142857143,8.730148571430611
Bach/Fugue/bwv_848/Lin04M.mid,205,206,103.5,104.0,112.996094,113.517361,0.5,0.5212669999999946,regular,,-0.060094434827262025,True,-0.1799084532390896,9,0.11981401841182758,True,95.92013306040957,8.659477772431542
Bach/Fugue/bwv_848/Lin04M.mid,206,207,104.0,104.5,113.517361,114.069879,0.5,0.5525180000000063,regular,,-0.1440933706804857,True,-0.24950844813220596,9,0.10541507745172027,True,90.4947893100305,7.580386521343757
Bach/Fugue/bwv_848/Lin04M.mid,207,208,104.5,105.0,114.069879,114.584201,0.5,0.5143219999999928,regular,,-0.040743771056671624,True,-0.29971590419269883,9,0.2589721331360272,True,97.21536313826881,19.66258491762002
Bach/Fugue/bwv_848/Lin04M.mid,208,209,105.0,105.5,114.584201,115.11263,0.5,0.5284290000000027,regular,,-0.07978154847280776,True,-0.16490724839161836,9,0.0851256999188106,True,94.62009087313479,6.078016157326107
Bach/Fugue/bwv_848/Lin04M.mid,209,210,105.5,106.0,115.11263,115.621745,0.5,0.5091150000000084,regular,,-0.026063477308020947,True,-0.13955069755834426,9,0.11348722025032332,True,98.20963829390054,8.184005578305781
Bach/Fugue/bwv_848/Lin04M.mid,210,211,106.0,106.5,115.621745,116.152995,0.5,0.53125,regular,,-0.08746284125033943,True,-0.1279079268710363,9,0.040445085620696875,True,94.11764705882352,2.8431058823517716
Bach/Fugue/bwv_848/Lin04M.mid,211,212,106.5,107.0,116.152995,116.636068,0.5,0.4830729999999903,regular,,0.04968687522578692,True,-0.1548190809726439,9,0.20450595619843082,True,103.50402527154488,15.22916826235583
Bach/Fugue/bwv_848/Lin04M.mid,212,213,107.0,107.5,116.636068,117.149089,0.5,0.513021000000009,regular,,-0.0370897874279746,True,-0.18652591234330615,9,0.14943612491533154,True,97.46189727126009,10.913588332637751
Bach/Fugue/bwv_848/Lin04M.mid,213,214,107.5,108.0,117.149089,117.674479,0.5,0.5253900000000016,regular,,-0.0714606463384587,True,-0.347250644642229,9,0.27578999830377027,True,95.16739945564218,21.065684539103348
Bach/Fugue/bwv_848/Lin04M.mid,214,215,108.0,108.5,117.674479,118.313368,0.5,0.6388889999999918,regular,,-0.35363720551814565,True,-0.6287512023481805,9,0.27511399683003485,True,78.26085595463475,21.008970259312516
Bach/Fugue/bwv_848/Lin04M.mid,215,216,108.5,109.0,118.313368,119.267187,0.5,0.95381900000001,regular,,-0.93178742650372,True,-1.2104275186779994,9,0.2786400921742793,True,52.42084714185761,21.30509037878017
Bach/Fugue/bwv_848/Lou01M.mid,0,1,1.0,1.5,0.813802,1.321615,0.5,0.507813,regular,,-0.022369233527487684,True,-0.161887682376894,9,0.1395184488494063,True,98.46144151488836,10.153737694781345
Bach/Fugue/bwv_848/Lou01M.mid,1,2,1.5,2.0,1.321615,1.972656,0.5,0.651041,regular,,-0.3808203066204525,True,-0.3750405437860456,9,-0.0057797628344068985,True,76.80007864328053,-0.3998212094169019
Bach/Fugue/bwv_848/Lou01M.mid,2,3,2.0,2.5,1.972656,2.541667,0.5,0.5690109999999999,regular,,-0.186528447788703,True,-0.24285733668187354,9,0.05632888889317053,True,87.87176346327225,3.98164534604783
Bach/Fugue/bwv_848/Lou01M.mid,3,4,2.5,3.0,2.541667,3.154948,0.5,0.6132810000000002,regular,,-0.29462016078652287,True,-0.3098537107795227,9,0.015233549992999806,True,81.52869565500967,1.06150361742822
Bach/Fugue/bwv_848/Lou01M.mid,4,5,3.0,3.5,3.154948,3.731771,0.5,0.5768230000000001,regular,,-0.2062005962593159,True,-0.30073289658743935,9,0.09453230032812346,True,86.6817030527562,6.771921369293674
Bach/Fugue/bwv_848/Lou01M.mid,5,6,3.5,4.0,3.731771,4.372396,0.5,0.640625,regular,,-0.3575520046180836,True,-0.3692330650487287,9,0.011681060430645096,True,78.04878048780488,0.8129560975607812
Bach/Fugue/bwv_848/Lou01M.mid,6,7,4.0,4.5,4.372396,4.955729,0.5,0.5833329999999997,regular,,-0.22239159693904528,True,-0.254240884177117,9,0.031849287238071705,True,85.71433469390558,2.232172704098723
Bach/Fugue/bwv_848/Lou01M.mid,7,8,4.5,5.0,4.955729,5.513021,0.5,0.5572920000000003,regular,,-0.15650534860013185,True,-0.17492536301108502,9,0.018420014410953173,True,89.71957250418087,1.2849637174048754
Bach/Fugue/bwv_848/Lou01M.mid,8,9,5.0,5.5,5.513021,6.0052080000000005,0.5,0.4921870000000004,regular,,0.022721542095788985,True,-0.17126320161136432,9,0.1939847437071533,True,101.58740478720478,14.39188763620271
Bach/Fugue/bwv_848/Lou01M.mid,9,10,5.5,6.0,6.0052080000000005,6.6171880000000005,0.5,0.61198,regular,,-0.2915564103634127,True,-0.2526651297207665,9,-0.03889128064264619,True,81.7020164057649,-2.65972744207321
Bach/Fugue/bwv_848/Lou01M.mid,10,11,6.0,6.5,6.6171880000000005,7.226561999999999,0.5,0.6093739999999981,regular,,-0.285399851360747,True,-0.25581491942515555,9,-0.029584931935591474,True,82.05141669976099,-2.0297879463186277
Bach/Fugue/bwv_848/Lou01M.mid,11,12,6.5,7.0,7.226561999999999,7.798177000000001,0.5,0.5716150000000022,regular,,-0.19311568043663313,True,-0.2667877398175594,9,0.07367205938092625,True,87.47146243538012,5.239190714029542
Bach/Fugue/bwv_848/Lou01M.mid,12,13,7.0,7.5,7.798177000000001,8.347005000000001,0.5,0.5488280000000003,regular,,-0.13442599163554206,True,-0.19639805218946346,9,0.061972060553921404,True,91.10322359646369,4.389171106430274
Bach/Fugue/bwv_848/Lou01M.mid,13,14,7.5,8.0,8.347005000000001,8.920573,0.5,0.5735679999999981,regular,,-0.1980364418283263,True,-0.1980364418283263,9,0.0,True,87.17362195938436,0.0
Bach/Fugue/bwv_848/Lou01M.mid,14,15,8.0,8.5,8.920573,9.514323,0.5,0.59375,regular,,-0.24792751344358557,True,-0.21107700424754847,9,-0.03685050919603711,True,84.21052631578947,-2.5219368421053536
Bach/Fugue/bwv_848/Lou01M.mid,15,16,8.5,9.0,9.514323,10.102214,0.5,0.5878910000000008,regular,,-0.23362059701671248,True,-0.23362059701671248,9,0.0,True,85.04977963602084,0.0
Bach/Fugue/bwv_848/Lou01M.mid,16,17,9.0,9.5,10.102214,10.638021,0.5,0.5358070000000001,regular,,-0.09978533436929836,True,-0.12974196827838796,9,0.029956633909089606,True,93.31718323948732,2.098143547956495
Bach/Fugue/bwv_848/Lou01M.mid,17,18,9.5,10.0,10.638021,11.257161,0.5,0.6191399999999998,regular,,-0.3083375737903656,True,-0.3083375737903656,9,0.0,True,80.75717931324097,0.0
Bach/Fugue/bwv_848/Lou01M.mid,18,19,10.0,10.5,11.257161,11.853516,0.5,0.5963550000000009,regular,,-0.25424330336745155,True,-0.25424330336745155,9,0.0,True,83.84267759975171,0.0
Bach/Fugue/bwv_848/Lou01M.mid,19,20,10.5,11.0,11.853516,12.438802,0.5,0.585286,regular,,-0.2272136750294351,True,-0.2272136750294351,9,0.0,True,85.42832051339005,0.0
Bach/Fugue/bwv_848/Lou01M.mid,20,21,11.0,11.5,12.438802,12.9796,0.5,0.5407979999999988,regular,,-0.11316172131221171,True,-0.15313084007554387,9,0.03996911876333216,True,92.45596322471627,2.809181986620243
Bach/Fugue/bwv_848/Lou01M.mid,21,22,11.5,12.0,12.9796,13.607422,0.5,0.6278220000000001,regular,,-0.3284274895197518,True,-0.26969866798385195,9,-0.05872882153589987,True,79.64040763146241,-3.989028737444316
Bach/Fugue/bwv_848/Lou01M.mid,22,23,12.0,12.5,13.607422,14.208332999999998,0.5,0.6009109999999982,regular,,-0.26522323653707736,True,-0.26522323653707736,9,0.0,True,83.20699737565155,0.0
Bach/Fugue/bwv_848/Lou01M.mid,23,24,12.5,13.0,14.208332999999998,14.766927,0.5,0.5585940000000029,regular,,-0.15987198245994905,True,-0.22560810581826454,9,0.0657361233583155,True,89.51044944986832,4.6618832282479294
Bach/Fugue/bwv_848/Lou01M.mid,24,25,13.0,13.5,14.766927,15.322266,0.5,0.555339,regular,,-0.1514406212851642,True,-0.15987198245993992,9,0.00843136117477572,True,90.03509568029617,0.5861284728786069
Bach/Fugue/bwv_848/Lou01M.mid,25,26,13.5,14.0,15.322266,15.892578,0.5,0.5703119999999995,regular,,-0.1898232940509324,True,-0.22561057350118785,9,0.03578727945025545,True,87.67130973923054,2.5116076814098287
Bach/Fugue/bwv_848/Lou01M.mid,26,27,14.0,14.5,15.892578,16.505208,0.5,0.6126299999999993,regular,,-0.2930879213989927,True,-0.2930879213989927,9,0.0,True,81.61533062370444,0.0
Bach/Fugue/bwv_848/Lou01M.mid,27,28,14.5,15.0,16.505208,17.065104,0.5,0.559896000000002,regular,,-0.1632307783216528,True,-0.16825692320858107,9,0.005026144886928263,True,89.3022989983851,0.3489933844852919
Bach/Fugue/bwv_848/Lou01M.mid,28,29,15.0,15.5,17.065104,17.61263,0.5,0.5475259999999977,regular,,-0.13099937974505685,True,-0.19967046049874965,9,0.0686710807536928,True,91.31986426215414,4.875019633770942
Bach/Fugue/bwv_848/Lou01M.mid,29,30,15.5,16.0,17.61263,18.180338,0.5,0.5677079999999997,regular,,-0.18322097696852405,True,-0.20782789767515486,9,0.024606920706630814,True,88.07344620826206,1.7202505513402342
Bach/Fugue/bwv_848/Lou01M.mid,30,31,16.0,16.5,18.180338,18.775391,0.5,0.595053,regular,,-0.25109007678007894,True,-0.25109007678007894,9,0.0,True,84.02612876500075,0.0
Bach/Fugue/bwv_848/Lou01M.mid,31,32,16.5,17.0,18.775391,19.348308,0.5,0.5729170000000003,regular,,-0.19639805218946568,True,-0.206198095151885,9,0.00980004296241932,True,87.27267649589726,0.6815996034328908
Bach/Fugue/bwv_848/Lou01M.mid,32,33,17.0,17.5,19.348308,19.940104,0.5,0.5917960000000022,regular,,-0.24317185037772152,True,-0.19147168982722707,9,-0.05170016055049445,True,84.48857376528368,-3.520131937357143
Bach/Fugue/bwv_848/Lou01M.mid,33,34,17.5,18.0,19.940104,20.519531,0.5,0.579426999999999,regular,,-0.21269881764386162,True,-0.21269881764386162,9,0.0,True,86.29214724201682,0.0
Bach/Fugue/bwv_848/Lou01M.mid,34,35,18.0,18.5,20.519531,21.050131,0.5,0.5305999999999997,regular,,-0.08569658067924574,True,-0.16992500144231246,9,0.08422842076306672,True,94.23294383716552,6.012061816811213
Bach/Fugue/bwv_848/Lou01M.mid,35,36,18.5,19.0,21.050131,21.59375,0.5,0.5436189999999996,regular,,-0.12066778566008131,True,-0.211077004247544,9,0.09040921858746269,True,91.97618184794871,6.467213250456304
Bach/Fugue/bwv_848/Lou01M.mid,36,37,19.0,19.5,21.59375,22.116319,0.5,0.5225690000000007,regular,,-0.0636934483071342,True,-0.17270767931974293,9,0.10901423101260872,True,95.68114449957791,7.849107007878386
Bach/Fugue/bwv_848/Lou01M.mid,37,38,19.5,20.0,22.116319,22.724392,0.5,0.608073000000001,regular,,-0.28231643670259005,True,-0.28231643670259005,9,0.0,True,82.22696945925887,0.0
Bach/Fugue/bwv_848/Lou01M.mid,38,39,20.0,20.5,22.724392,23.321614,0.5,0.5972219999999986,regular,,-0.2563392164429229,True,-0.2447628724334186,9,-0.011576344009504302,True,83.72096138454397,-0.7992002973768823
Bach/Fugue/bwv_848/Lou01M.mid,39,40,20.5,21.0,23.321614,23.885416,0.5,0.563801999999999,regular,,-0.1732605007665606,True,-0.19748800240598471,9,0.02422750163942411,True,88.68361587933367,1.693502328832167
Bach/Fugue/bwv_848/Lou01M.mid,40,41,21.0,21.5,23.885416,24.459202,0.5,0.5737860000000019,regular,,-0.19858467284108086,True,-0.19858467284108086,9,0.0,True,87.14050185957802,0.0
Bach/Fugue/bwv_848/Lou01M.mid,41,42,21.5,22.0,24.459202,25.090712,0.5,0.6315099999999987,regular,,-0.3368774844717527,True,-0.26136472275018513,9,-0.07551276172156757,True,79.1753099713387,-5.099523364633996
Bach/Fugue/bwv_848/Lou01M.mid,42,43,22.0,22.5,25.090712,25.664713,0.5,0.5740009999999991,regular,,-0.19912515541740364,True,-0.19912515541740364,9,0.0,True,87.1078621814249,0.0
Bach/Fugue/bwv_848/Lou01M.mid,43,44,22.5,23.0,25.664713,26.22005200000001,0.5,0.5553390000000107,regular,,-0.15144062128519176,True,-0.18322097696852405,9,0.03178035568333229,True,90.03509568029445,2.2272881969371388
Bach/Fugue/bwv_848/Lou01M.mid,44,45,23.0,23.5,26.22005200000001,26.780599,0.5,0.560546999999989,regular,,-0.16490724839159107,True,-0.14465726404198445,9,-0.02024998434960662,True,89.19858638080478,-1.39381711078433
Bach/Fugue/bwv_848/Lou01M.mid,45,46,23.5,24.0,26.780599,27.320963,0.5,0.5403640000000003,regular,,-0.11200346809692165,True,-0.19311568043663094,9,0.08111221233970929,True,92.53022036997278,5.783323833564231
Bach/Fugue/bwv_848/Lou01M.mid,46,47,24.0,24.5,27.320963,27.990885,0.5,0.6699219999999997,regular,,-0.422065035363698,True,-0.31439490561801475,9,-0.10767012974568324,True,74.63555458695194,-7.191434226671026
Bach/Fugue/bwv_848/Lou01M.mid,47,48,24.5,25.0,27.990885,28.561632,0.5,0.5707470000000008,regular,,-0.190923276388727,True,-0.20457145724063527,9,0.013648180851908276,True,87.60449025575244,0.9505087192747185
Bach/Fugue/bwv_848/Lou01M.mid,48,49,25.0,25.5,28.561632,29.101563,0.5,0.5399309999999993,regular,,-0.11084695624384598,True,-0.1980364418283263,9,0.08718948558448032,True,92.60442538028019,6.229870113032744
Bach/Fugue/bwv_848/Lou01M.mid,49,50,25.5,26.0,29.101563,29.683159000000003,0.5,0.5815960000000047,regular,,-0.21808925208678628,True,-0.21808925208678628,9,0.0,True,85.97032991973741,0.0
Bach/Fugue/bwv_848/Lou01M.mid,50,51,26.0,26.5,29.683159000000003,30.276042,0.5,0.5928829999999969,regular,,-0.24581933539185266,True,-0.20402800182719855,9,-0.041791333564654115,True,84.33367123024317,-2.8552007731687166
Bach/Fugue/bwv_848/Lou01M.mid,51,52,26.5,27.0,30.276042,30.84375,0.5,0.5677079999999997,regular,,-0.18322097696852405,True,-0.2081551359872812,9,0.024934159018757146,True,88.07344620826206,1.7433257942467422
Bach/Fugue/bwv_848/Lou01M.mid,52,53,27.0,27.5,30.84375,31.384766,0.5,0.541015999999999,regular,,-0.11374316603962566,True,-0.13784448410224365,9,0.02410131806261799,True,92.41870850400005,1.6846082186116262
Bach/Fugue/bwv_848/Lou01M.mid,53,54,27.5,28.0,31.384766,31.989583000000003,0.5,0.6048170000000042,regular,,-0.2745705960456577,True,-0.2745705960456577,9,0.0,True,82.6696339553942,0.0
Bach/Fugue/bwv_848/Lou01M.mid,54,55,28.0,28.5,31.989583000000003,32.585938,0.5,0.5963549999999955,regular,,-0.25424330336743856,True,-0.25424330336743856,9,0.0,True,83.84267759975246,0.0
Bach/Fugue/bwv_848/Lou01M.mid,55,56,28.5,29.0,32.585938,33.149088,0.5,0.5631500000000003,regular,,-0.17159115323160173,True,-0.2288174593955905,9,0.05722630616398877,True,88.78629139660832,4.046346444109202
Bach/Fugue/bwv_848/Lou01M.mid,56,57,29.0,29.5,33.149088,33.703776,0.5,0.5546879999999987,regular,,-0.14974841996159433,True,-0.18982582370798862,9,0.04007740374639429,True,90.14076381677648,2.8168988692742656
Bach/Fugue/bwv_848/Lou01M.mid,57,58,29.5,30.0,33.703776,34.291667,0.5,0.587890999999999,regular,,-0.23362059701670795,True,-0.2094533656289497,9,-0.024167231387758253,True,85.0497796360211,-1.6611922958506022
Bach/Fugue/bwv_848/Lou01M.mid,58,59,30.0,30.5,34.291667,34.897136,0.5,0.6054690000000065,regular,,-0.27612500096756626,True,-0.2029404764642409,9,-0.07318452450332535,True,82.58061106348875,-4.946248280260647
Bach/Fugue/bwv_848/Lou01M.mid,59,60,30.5,31.0,34.897136,35.445963,0.5,0.5488269999999957,regular,,-0.13442336294975749,True,-0.2029404764642409,9,0.06851711351448342,True,91.1033895927139,4.863827763575639
Bach/Fugue/bwv_848/Lou01M.mid,60,61,31.0,31.5,35.445963,36.010417,0.5,0.5644539999999978,regular,,-0.1749279189258543,True,-0.1749279189258543,9,0.0,True,88.5811775627424,0.0
Bach/Fugue/bwv_848/Lou01M.mid,61,62,31.5,32.0,36.010417,36.563802,0.5,0.5533850000000058,regular,,-0.1463554440390127,True,-0.1463554440390127,9,0.0,True,90.3530092069707,0.0
Bach/Fugue/bwv_848/Lou01M.mid,62,63,32.0,32.5,36.563802,37.130208,0.5,0.5664060000000006,regular,,-0.1799084532390533,True,-0.1799084532390533,9,0.0,True,88.27590103212174,0.0
Bach/Fugue/bwv_848/Lou01M.mid,63,64,32.5,33.0,37.130208,37.699219,0.5,0.5690109999999962,regular,,-0.18652844778869335,True,-0.206198095151885,9,0.019669647363191656,True,87.87176346327283,1.3727326888239155
Bach/Fugue/bwv_848/Lou01M.mid,64,65,33.0,33.5,37.699219,38.242188,0.5,0.5429689999999994,regular,,-0.11894173698581771,True,-0.15313084007554387,9,0.034189103089726156,True,92.0862885358097,2.3981111260499093
Bach/Fugue/bwv_848/Lou01M.mid,65,66,33.5,34.0,38.242188,38.778646,0.5,0.5364580000000032,regular,,-0.10153713002992225,True,-0.13271370302815044,9,0.031176572998228194,True,93.20394140827372,2.1845139787256764
Bach/Fugue/bwv_848/Lou01M.mid,66,67,34.0,34.5,38.778646,39.358724,0.5,0.5800780000000003,regular,,-0.21431880991695318,True,-0.21431880991695318,9,0.0,True,86.19530476935856,0.0
Bach/Fugue/bwv_848/Lou01M.mid,67,68,34.5,35.0,39.358724,39.924479,0.5,0.5657549999999958,regular,,-0.17824933483604333,True,-0.18982329405091905,9,0.011573959214875723,True,88.37747788353681,0.8054723334302665
Bach/Fugue/bwv_848/Lou01M.mid,68,69,35.0,35.5,39.924479,40.516927,0.5,0.5924480000000045,regular,,-0.2447604372934325,True,-0.18156566582541422,9,-0.06319477146801827,True,84.39559252457535,-4.285776979584037
Bach/Fugue/bwv_848/Lou01M.mid,69,70,35.5,36.0,40.516927,41.129558,0.5,0.6126310000000004,regular,,-0.2930902763177281,True,-0.193113156541528,9,-0.09997711977620011,True,81.61519740267791,-6.6952211037307165
Bach/Fugue/bwv_848/Lou01M.mid,70,71,36.0,36.5,41.129558,41.695963,0.5,0.566404999999996,regular,,-0.17990590613270027,True,-0.17990590613270027,9,0.0,True,88.27605688509166,0.0
Bach/Fugue/bwv_848/Lou01M.mid,71,72,36.5,37.0,41.695963,42.261719,0.5,0.5657560000000004,regular,,-0.17825188486878268,True,-0.24158639332071352,9,0.06333450845193084,True,88.37732167224027,4.487800394515378
Bach/Fugue/bwv_848/Lou01M.mid,72,73,37.0,37.5,42.261719,42.82465300000001,0.5,0.5629340000000127,regular,,-0.17103769162014837,True,-0.17103769162014837,9,0.0,True,88.82035904741741,0.0
Bach/Fugue/bwv_848/Lou01M.mid,73,74,37.5,38.0,42.82465300000001,43.425781,0.5,0.6011279999999886,regular,,-0.26574412617087434,True,-0.26574412617087434,9,0.0,True,83.17696064731797,0.0
Bach/Fugue/bwv_848/Lou01M.mid,74,75,38.0,38.5,43.425781,43.986328,0.5,0.5605469999999997,regular,,-0.16490724839161836,True,-0.24634727690091407,9,0.08144002850929571,True,89.19858638080309,5.80736316490858
Bach/Fugue/bwv_848/Lou01M.mid,75,76,38.5,39.0,43.986328,44.576823,0.5,0.5904949999999971,regular,,-0.23999674880662228,True,-0.23999674880662228,9,0.0,True,84.67472205522527,0.0
Bach/Fugue/bwv_848/Lou01M.mid,76,77,39.0,39.5,44.576823,45.136719,0.5,0.559896000000002,regular,,-0.1632307783216528,True,-0.18156566582541422,9,0.018334887503761416,True,89.3022989983851,1.2789875262542196
Bach/Fugue/bwv_848/Lou01M.mid,77,78,39.5,40.0,45.136719,45.759549,0.5,0.6228300000000004,regular,,-0.3169103418366702,True,-0.28458046252591174,9,-0.03232987931075848,True,80.27872774272268,-2.216014000610992
Bach/Fugue/bwv_848/Lou01M.mid,78,79,40.0,40.5,45.759549,46.303386,0.5,0.5438370000000035,regular,,-0.12124621370339035,True,-0.24792751344358557,9,0.1266812997401952,True,91.9393126984734,9.177933829437176
Bach/Fugue/bwv_848/Lou01M.mid,79,80,40.5,41.0,46.303386,46.865451,0.5,0.5620649999999969,regular,,-0.1688088856569345,True,-0.2029404764642588,9,0.03413159080732431,True,88.95768283027813,2.394029160329347
Bach/Fugue/bwv_848/Lou01M.mid,80,81,41.0,41.5,46.865451,47.424479,0.5,0.5590279999999979,regular,,-0.16099245016586602,True,-0.23840535079834263,9,0.0774129006324766,True,89.44095823465048,5.512425137918246
Bach/Fugue/bwv_848/Lou01M.mid,81,82,41.5,42.0,47.424479,48.033854,0.5,0.609375,regular,,-0.28540221886224837,True,-0.24476043729341504,9,-0.04064178156883333,True,82.05128205128204,-2.777764102564532
Bach/Fugue/bwv_848/Lou01M.mid,82,83,42.0,42.5,48.033854,48.617838,0.5,0.583984000000001,regular,,-0.2240007477849409,True,-0.24634241196255735,9,0.02234166417761646,True,85.61878407627592,1.5606591961430203
Bach/Fugue/bwv_848/Lou01M.mid,83,84,42.5,43.0,48.617838,49.273003,0.5,0.6551650000000038,regular,,-0.389930192990297,True,-0.21507468138596145,9,-0.17485551160433557,True,76.3166530568631,-11.414376531103333
Bach/Fugue/bwv_848/Lou01M.mid,84,85,43.0,43.5,49.273003,49.841146,0.5,0.5681429999999992,regular,,-0.1843260028451005,True,-0.21031903481917877,9,0.025993031974078262,True,88.00601257077896,1.8180282076869256
Bach/Fugue/bwv_848/Lou01M.mid,85,86,43.5,44.0,49.841146,50.408203,0.5,0.5670569999999984,regular,,-0.18156566582541422,True,-0.18156566582541422,9,0.0,True,88.17455740780935,0.0
Bach/Fugue/bwv_848/Lou01M.mid,86,87,44.0,44.5,50.408203,50.923177,0.5,0.5149740000000023,regular,,-0.042571500480439575,True,-0.1779152415724845,9,0.13534374109204494,True,97.09228038697056,9.835448003196857
Bach/Fugue/bwv_848/Lou01M.mid,87,88,44.5,45.0,50.923177,51.489584,0.5,0.5664069999999981,regular,,-0.17991100034089152,True,-0.1963955340301138,9,0.016484533689222286,True,88.27574517970322,1.1491736507495887
Bach/Fugue/bwv_848/Lou01M.mid,88,89,45.0,45.5,51.489584,52.057942,0.5,0.5683579999999964,regular,,-0.18487185267275114,True,-0.18487185267275114,9,0.0,True,87.9727214185431,0.0
Bach/Fugue/bwv_848/Lou01M.mid,89,90,45.5,46.0,52.057942,52.64388,0.5,0.5859380000000058,regular,,-0.2288199215951383,True,-0.1914716898272181,9,-0.03734823176792021,True,85.33326051561684,-2.555560485923295
Bach/Fugue/bwv_848/Lou01M.mid,90,91,46.0,46.5,52.64388,53.163411,0.5,0.5195310000000006,regular,,-0.05528174127183176,True,-0.1463554440390127,9,0.09107370276718095,True,96.24064781504845,6.516261782262291
Bach/Fugue/bwv_848/Lou01M.mid,91,92,46.5,47.0,53.163411,53.757813,0.5,0.5944019999999952,regular,,-0.24951087527114643,True,-0.17326050076655158,9,-0.07625037450459485,True,84.11815572626001,-5.14803113044706
Bach/Fugue/bwv_848/Lou01M.mid,92,93,47.0,47.5,53.757813,54.337891000000006,0.5,0.5800780000000074,regular,,-0.21431880991697083,True,-0.21431880991697083,9,0.0,True,86.1953047693575,0.0
Bach/Fugue/bwv_848/Lou01M.mid,93,94,47.5,48.0,54.337891000000006,54.904948,0.5,0.5670569999999913,regular,,-0.18156566582539624,True,-0.12239707314187764,9,-0.059168592683518595,True,88.17455740781045,-4.018290930186848
Bach/Fugue/bwv_848/Lou01M.mid,94,95,48.0,48.5,54.904948,55.419271,0.5,0.5143230000000045,regular,,-0.040746576096423404,True,-0.13214248824762367,9,0.09139591215120027,True,97.21517412209751,6.540053623891133
Bach/Fugue/bwv_848/Lou01M.mid,95,96,48.5,49.0,55.419271,55.998698,0.5,0.5794269999999955,regular,,-0.2126988176438527,True,-0.24211588582755467,9,0.02941706818370196,True,86.29214724201736,2.059966138961209
Bach/Fugue/bwv_848/Lou01M.mid,96,97,49.0,49.5,55.998698,56.608073,0.5,0.609375,regular,,-0.28540221886224837,True,-0.2652256373815189,9,-0.020176581480729483,True,82.05128205128204,-1.3888000000010052
Bach/Fugue/bwv_848/Lou01M.mid,97,98,49.5,50.0,56.608073,57.147786,0.5,0.5397130000000061,regular,,-0.11026434285799257,True,-0.1497484199616128,9,0.039484077103620244,True,92.64183000965222,2.7746228087890326
Bach/Fugue/bwv_848/Lou01M.mid,98,99,50.0,50.5,57.147786,57.727431,0.5,0.5796449999999993,regular,,-0.21324150614401122,True,-0.21917037950426857,9,0.005928873360257353,True,86.25969343304965,0.4118037764516309
Bach/Fugue/bwv_848/Lou01M.mid,99,100,50.5,51.0,57.727431,58.361111,0.5,0.6336799999999982,regular,,-0.34182638749597977,True,-0.26886552069611713,9,-0.07296086679986263,True,78.90417876530763,-4.931511172830603
Bach/Fugue/bwv_848/Lou01M.mid,100,101,51.0,51.5,58.361111,58.927084,0.5,0.5659729999999996,regular,,-0.17880513538672196,True,-0.18982582370798862,9,0.011020688321266653,True,88.34343687773098,0.7668210320985491
Bach/Fugue/bwv_848/Lou01M.mid,101,102,51.5,52.0,58.927084,59.523438,0.5,0.596353999999998,regular,,-0.2542408841771126,True,-0.2730169024661976,9,0.018776018289084984,True,83.8428181918796,1.3099601914313401
Bach/Fugue/bwv_848/Lou01M.mid,102,103,52.0,52.5,59.523438,60.05078100000001,0.5,0.527343000000009,regular,,-0.07681354521644933,True,-0.14295969596328797,9,0.06614615074683865,True,94.81494966274161,4.691633339208866
Bach/Fugue/bwv_848/Lou01M.mid,103,104,52.5,53.0,60.05078100000001,60.671224,0.5,0.6204429999999945,regular,,-0.311370581391529,True,-0.2683457570362307,9,-0.04302482435529831,True,80.58758016449607,-2.9382231727968096
Bach/Fugue/bwv_848/Lou01M.mid,104,105,53.0,53.5,60.671224,61.279297,0.5,0.6080729999999974,regular,,-0.2823164367025817,True,-0.2823164367025817,9,0.0,True,82.22696945925935,0.0
Bach/Fugue/bwv_848/Lou01M.mid,105,106,53.5,54.0,61.279297,61.852865,0.5,0.5735680000000016,regular,,-0.19803644182833532,True,-0.20620059625932696,9,0.008164154430991638,True,87.17362195938382,0.5675002789560862
Bach/Fugue/bwv_848/Lou01M.mid,106,107,54.0,54.5,61.852865,62.415365,0.5,0.5625,regular,,-0.16992500144231246,True,-0.16992500144231246,9,0.0,True,88.88888888888889,0.0
Bach/Fugue/bwv_848/Lou01M.mid,107,108,54.5,55.0,62.415365,62.958333,0.5,0.5429680000000019,regular,,-0.11893907993474151,True,-0.19945437346298875,9,0.08051529352824724,True,92.08645813381236,5.739564762562374
Bach/Fugue/bwv_848/Lou01M.mid,108,109,55.0,55.5,62.958333,63.55859399999999,0.5,0.600260999999989,regular,,-0.2636618417191408,True,-0.24052682495316433,9,-0.023135016765976485,True,83.29709909522843,-1.5908079985170858
Bach/Fugue/bwv_848/Lou01M.mid,109,110,55.5,56.0,63.55859399999999,64.13150999999999,0.5,0.5729159999999993,regular,,-0.1963955340301138,True,-0.1963955340301138,9,0.0,True,87.27282882656455,0.0
Bach/Fugue/bwv_848/Lou01M.mid,110,111,56.0,56.5,64.13150999999999,64.689454,0.5,0.5579440000000062,regular,,-0.1581922333022675,True,-0.19639553403013163,9,0.038203300727864126,True,89.6147283598344,2.6834234260069154
Bach/Fugue/bwv_848/Lou01M.mid,111,112,56.5,57.0,64.689454,65.298828,0.5,0.6093740000000025,regular,,-0.2853998513607576,True,-0.2320221461755266,9,-0.05337770518523097,True,82.0514166997604,-3.632252114468698
Bach/Fugue/bwv_848/Lou01M.mid,112,113,57.0,57.5,65.298828,65.861329,0.5,0.5625009999999975,regular,,-0.16992756623120991,True,-0.23362059701674298,9,0.06369303078553307,True,88.88873086447886,4.513769753301045
Bach/Fugue/bwv_848/Lou01M.mid,113,114,57.5,58.0,65.861329,66.4375,0.5,0.5761710000000022,regular,,-0.20456895330727998,True,-0.20728566779207896,9,0.0027167144847989877,True,86.77979280456637,0.1884857099716613
Bach/Fugue/bwv_848/Lou01M.mid,114,115,58.0,58.5,66.4375,66.977864,0.5,0.5403639999999967,regular,,-0.11200346809691213,True,-0.20076296326498916,9,0.08875949516807703,True,92.53022036997339,6.345537452532243
Bach/Fugue/bwv_848/Lou01M.mid,115,116,58.5,59.0,66.977864,67.53580699999999,0.5,0.5579429999999945,regular,,-0.15818964756543616,True,-0.19530475783339174,9,0.03711511026795558,True,89.61488897611493,2.606000971424827
Bach/Fugue/bwv_848/Lou01M.mid,116,117,59.0,59.5,67.53580699999999,68.123047,0.5,0.5872400000000084,regular,,-0.2320221461755964,True,-0.18322351822875213,9,-0.04879862794684428,True,85.14406375587372,-3.3258974184344607
Bach/Fugue/bwv_848/Lou01M.mid,117,118,59.5,60.0,68.123047,68.673828,0.5,0.5507810000000006,regular,,-0.13955069755834426,True,-0.13955069755834426,9,0.0,True,90.780183049161,0.0
Bach/Fugue/bwv_848/Lou01M.mid,118,119,60.0,60.5,68.673828,69.203776,0.5,0.5299480000000045,regular,,-0.08392271040622207,True,-0.13340044069414056,9,0.04947773028791849,True,94.34887951270609,3.489021564379845
Bach/Fugue/bwv_848/Lou01M.mid,119,120,60.5,61.0,69.203776,69.726563,0.5,0.5227869999999939,regular,,-0.06429517159271954,True,-0.1615497781374512,9,0.09725460654473166,True,95.6412458611262,6.973585800720615
Bach/Fugue/bwv_848/Lou01M.mid,120,121,61.0,61.5,69.726563,70.274739,0.5,0.548175999999998,regular,,-0.13271107122062634,True,-0.15143802341912008,9,0.01872695219849374,True,91.21158168179596,1.3065146960115244
Bach/Fugue/bwv_848/Lou01M.mid,121,122,61.5,62.0,70.274739,70.816406,0.5,0.5416670000000039,regular,,-0.1154781052320061,True,-0.1375035237499274,9,0.02202541851792128,True,92.30763550299287,1.5383990532916256
Bach/Fugue/bwv_848/Lou01M.mid,122,123,62.0,62.5,70.816406,71.34505300000002,0.5,0.5286470000000207,regular,,-0.08037660033927436,True,-0.16490724839161836,9,0.08453064805234399,True,94.58107205753184,6.034272397266541
Bach/Fugue/bwv_848/Lou01M.mid,123,124,62.5,63.0,71.34505300000002,71.88150999999998,0.5,0.536456999999956,regular,,-0.10153444073000753,True,-0.12653416799813277,9,0.024999727268125244,True,93.20411514809966,1.7479499754955334
Bach/Fugue/bwv_848/Lou01M.mid,124,125,63.0,63.5,71.88150999999998,72.434895,0.5,0.55338500000002,regular,,-0.14635544403904976,True,-0.18322097696851514,9,0.03686553292946537,True,90.35300920696837,2.5882523017384984
Bach/Fugue/bwv_848/Lou01M.mid,125,126,63.5,64.0,72.434895,72.96549499999998,0.5,0.5305999999999784,regular,,-0.08569658067918778,True,-0.09627264961325484,9,0.010576068934067054,True,94.2329438371693,0.7357708254843601
Bach/Fugue/bwv_848/Lou01M.mid,126,127,64.0,64.5,72.96549499999998,73.51236999999998,0.5,0.546875,regular,,-0.1292830169449665,True,-0.1292830169449665,9,0.0,True,91.42857142857143,0.0
Bach/Fugue/bwv_848/Lou01M.mid,127,128,64.5,65.0,73.51236999999998,74.037109,0.5,0.5247390000000252,regular,,-0.06967192401596833,True,-0.10293488728786386,9,0.033262963271895526,True,95.28546572676626,2.3323976300586127
Bach/Fugue/bwv_848/Lou01M.mid,128,129,65.0,65.5,74.037109,74.59375,0.5,0.556640999999999,regular,,-0.1548190809726439,True,-0.1548190809726439,9,0.0,True,89.82450089016095,0.0
Bach/Fugue/bwv_848/Lou01M.mid,129,130,65.5,66.0,74.59375,75.144531,0.5,0.5507810000000006,regular,,-0.13955069755834426,True,-0.14635544403893863,9,0.00680474648059437,True,90.780183049161,0.47278319331581486
Bach/Fugue/bwv_848/Lou01M.mid,130,131,66.0,66.5,75.144531,75.70052,0.5,0.5559889999999967,regular,,-0.15312824525127575,True,-0.15312824525127575,9,0.0,True,89.9298367413749,0.0
Bach/Fugue/bwv_848/Lou01M.mid,131,132,66.5,67.0,75.70052,76.302734,0.5,0.6022140000000036,regular,,-0.26834815269001044,True,-0.26834815269001044,9,0.0,True,83.02696383677514,0.0
Bach/Fugue/bwv_848/Lou01M.mid,132,133,67.0,67.5,76.302734,76.85025999999998,0.5,0.5475259999999764,regular,,-0.13099937974500073,True,-0.15650534860014115,9,0.02550596885514042,True,91.3198642621577,1.7836595887734845
Bach/Fugue/bwv_848/Lou01M.mid,133,134,67.5,68.0,76.85025999999998,77.376302,0.5,0.5260420000000181,regular,,-0.07324989621339484,True,-0.10153981932470932,9,0.02828992311131448,True,95.04944472114066,1.9802601313182824
Bach/Fugue/bwv_848/Lou01M.mid,134,135,68.0,68.5,77.376302,77.90039,0.5,0.5240880000000061,regular,,-0.0678809811964992,True,-0.10713076767016827,9,0.03924978647366907,True,95.40382531177859,2.757933782110306
Bach/Fugue/bwv_848/Lou01M.mid,135,136,68.5,69.0,77.90039,78.47200500000002,0.5,0.5716150000000226,regular,,-0.19311568043668476,True,-0.20457145724063527,9,0.011455776803950518,True,87.47146243537699,0.7972149086320008
Bach/Fugue/bwv_848/Lou01M.mid,136,137,69.0,69.5,78.47200500000002,79.055339,0.5,0.5833339999999794,regular,,-0.2223940701297871,True,-0.1615523578588731,9,-0.060841712270914006,True,85.71418775521703,-4.129538137669016
Bach/Fugue/bwv_848/Lou01M.mid,137,138,69.5,70.0,79.055339,79.583333,0.5,0.5279939999999925,regular,,-0.07859344034136773,True,-0.14295969596336225,9,0.06436625562199452,True,94.69804581112798,4.562551847185737
Bach/Fugue/bwv_848/Lou01M.mid,138,139,70.0,70.5,79.583333,80.110026,0.5,0.5266930000000087,regular,,-0.07503419062998173,True,-0.12239707314185881,9,0.04736288251187708,True,94.93196226264479,3.337428065302908
Bach/Fugue/bwv_848/Lou01M.mid,139,140,70.5,71.0,80.110026,80.688151,0.5,0.578125,regular,,-0.2094533656289497,True,-0.20130764976121546,9,-0.008145715867734243,True,86.48648648648648,-0.5630270270262995
Bach/Fugue/bwv_848/Lou01M.mid,140,141,71.0,71.5,80.688151,81.25,0.5,0.5618489999999952,regular,,-0.16825435544791295,True,-0.16992500144231246,9,0.0016706459943995056,True,88.99188216051009,0.11586743057384992
Bach/Fugue/bwv_848/Lou01M.mid,141,142,71.5,72.0,81.25,81.807292,0.5,0.5572920000000039,regular,,-0.15650534860014115,True,-0.15987198245993992,9,0.0033666338597987677,True,89.7195725041803,0.23362976680006753
Bach/Fugue/bwv_848/Lou01M.mid,142,143,72.0,72.5,81.807292,82.36393299999997,0.5,0.5566409999999706,regular,,-0.15481908097257008,True,-0.15481908097257008,9,0.0,True,89.82450089016555,0.0
Bach/Fugue/bwv_848/Lou01M.mid,143,144,72.5,73.0,82.36393299999997,82.962891,0.5,0.5989580000000245,regular,,-0.26052674733190156,True,-0.1848769293761089,9,-0.07564981795579268,True,83.47830732705457,-5.10853849519554
Bach/Fugue/bwv_848/Lou01M.mid,144,145,73.0,73.5,82.962891,83.59700500000002,0.5,0.6341140000000252,regular,,-0.3428141341996916,True,-0.23202460291186938,9,-0.11078953128782221,True,78.85017520508619,-7.391888524779038
Bach/Fugue/bwv_848/Lou01M.mid,145,146,73.5,74.0,83.59700500000002,84.143229,0.5,0.546223999999981,regular,,-0.12756460976924736,True,-0.13442599163554206,9,0.006861381866294702,True,91.53753771346874,0.4767274964152875
Bach/Fugue/bwv_848/Lou01M.mid,146,147,74.0,74.5,84.143229,84.649739,0.5,0.5065099999999916,regular,,-0.01866265747168785,True,-0.09627804786044712,9,0.07761539038875927,True,98.71473416122255,5.52723539516112
Bach/Fugue/bwv_848/Lou01M.mid,147,148,74.5,75.0,84.649739,85.212891,0.5,0.5631520000000023,regular,,-0.1715962768842005,True,-0.1715962768842005,9,0.0,True,88.78597607750625,0.0
Bach/Fugue/bwv_848/Lou01M.mid,148,149,75.0,75.5,85.212891,85.921224,0.5,0.7083329999999961,regular,,-0.5024996616137021,True,-0.130999379745113,9,-0.3715002818685891,True,70.58826851212675,-22.702175389255885
Bach/Fugue/bwv_848/Lou01M.mid,149,150,75.5,76.0,85.921224,86.496094,0.5,0.5748700000000042,regular,,-0.20130764976121546,True,-0.19639553403006005,9,-0.004912115731155409,True,86.9761859202944,-0.3399029345810646
Bach/Fugue/bwv_848/Lou01M.mid,150,151,76.0,76.5,86.496094,87.066406,0.5,0.5703120000000013,regular,,-0.18982329405093695,True,-0.17658830622792568,9,-0.013234987823011274,True,87.67130973923027,-0.9131843622456294
Bach/Fugue/bwv_848/Lou01M.mid,151,152,76.5,77.0,87.066406,87.649739,0.5,0.5833329999999961,regular,,-0.2223915969390365,True,-0.24634484443383814,9,0.023953247494801627,True,85.71433469390611,1.674172385246084
Bach/Fugue/bwv_848/Lou01M.mid,152,153,77.0,77.5,87.649739,88.255208,0.5,0.6054689999999994,regular,,-0.2761250009675494,True,-0.2447604372934325,9,-0.031364563674116885,True,82.58061106348971,-2.150564273314546
Bach/Fugue/bwv_848/Lou01M.mid,153,154,77.5,78.0,88.255208,88.798177,0.5,0.5429689999999994,regular,,-0.11894173698581771,True,-0.13613625039123442,9,0.01719451340541671,True,92.0862885358097,1.1989634767346868
Bach/Fugue/bwv_848/Lou01M.mid,154,155,78.0,78.5,88.798177,89.344401,0.5,0.5462240000000094,regular,,-0.12756460976932243,True,-0.16992756623128272,9,0.04236295646196028,True,91.53753771346396,2.9799130027271277
Bach/Fugue/bwv_848/Lou01M.mid,155,156,78.5,79.0,89.344401,89.935547,0.5,0.5911459999999948,regular,,-0.24158639332071352,True,-0.24158639332071352,9,0.0,True,84.5814739505984,0.0
Bach/Fugue/bwv_848/Lou01M.mid,156,157,79.0,79.5,89.935547,90.529948,0.5,0.5944010000000048,regular,,-0.24950844813220596,True,-0.19147168982723603,9,-0.05803675830496993,True,84.11829724377918,-3.9429610650051212
Bach/Fugue/bwv_848/Lou01M.mid,157,158,79.5,80.0,90.529948,91.075521,0.5,0.5455729999999903,regular,,-0.12584415334207338,True,-0.12584415334207338,9,0.0,True,91.64676404440998,0.0
Bach/Fugue/bwv_848/Lou01M.mid,158,159,80.0,80.5,91.075521,91.651041,0.5,0.5755200000000116,regular,,-0.20293796969859706,True,-0.20293796969859706,9,0.0,True,86.87795385042917,0.0
Bach/Fugue/bwv_848/Lou01M.mid,159,160,80.5,81.0,91.651041,92.25,0.5,0.5989589999999936,regular,,-0.2605291560046163,True,-0.2510876522964451,9,-0.009441503708171206,True,83.4781679547357,-0.6522984043979841
Bach/Fugue/bwv_848/Lou01M.mid,160,161,81.0,81.5,92.25,92.841797,0.5,0.5917969999999997,regular,,-0.24317428820058345,True,-0.12584415334211094,9,-0.11733013485847252,True,84.48843099914333,-7.810786469007986
Bach/Fugue/bwv_848/Lou01M.mid,161,162,81.5,82.0,92.841797,93.390625,0.5,0.5488280000000003,regular,,-0.13442599163554206,True,-0.1429570827806502,9,0.008531091145108138,True,91.10322359646369,0.5930819856148026
Bach/Fugue/bwv_848/Lou01M.mid,162,163,82.0,82.5,93.390625,93.932942,0.5,0.542316999999997,regular,,-0.1172083003067731,True,-0.11721362078312646,9,5.320476353362635e-06,True,92.19699917207144,0.0003687879983781838
Bach/Fugue/bwv_848/Lou01M.mid,163,164,82.5,83.0,93.932942,94.481771,0.5,0.5488289999999978,regular,,-0.13442862031651842,True,-0.14125489553244908,9,0.006826275215930655,True,91.10305760081957,0.47428251786868536
Bach/Fugue/bwv_848/Lou01M.mid,164,165,83.0,83.5,94.481771,95.031901,0.5,0.55013000000001,regular,,-0.13784448410226233,True,-0.13784448410226233,9,0.0,True,90.88760838347135,0.0
Bach/Fugue/bwv_848/Lou01M.mid,165,166,83.5,84.0,95.031901,95.61263,0.5,0.580728999999991,regular,,-0.21593698515205934,True,-0.21593698515205934,9,0.0,True,86.09867941845643,0.0
Bach/Fugue/bwv_848/Lou01M.mid,166,167,84.0,84.5,95.61263,96.208333,0.5,0.5957030000000003,regular,,-0.2526651297207665,True,-0.2526651297207665,9,0.0,True,83.9344438419816,0.0
Bach/Fugue/bwv_848/Lou01M.mid,167,168,84.5,85.0,96.208333,96.763021,0.5,0.5546879999999987,regular,,-0.14974841996159433,True,-0.19147168982723603,9,0.041723269865641704,True,90.14076381677648,2.9342621437645806
Bach/Fugue/bwv_848/Lou01M.mid,168,169,85.0,85.5,96.763021,97.350261,0.5,0.5872400000000084,regular,,-0.2320221461755964,True,-0.2320221461755964,9,0.0,True,85.14406375587372,0.0
Bach/Fugue/bwv_848/Lou01M.mid,169,170,85.5,86.0,97.350261,97.988933,0.5,0.6386719999999997,regular,,-0.35314710786038633,True,-0.2761250009675494,9,-0.07702210689283695,True,78.28744645138667,-5.198756169050825
Bach/Fugue/bwv_848/Lou01M.mid,170,171,86.0,86.5,97.988933,98.604817,0.5,0.6158839999999941,regular,,-0.300730554110805,True,-0.29001855194063164,9,-0.010712002170173374,True,81.18411908736138,-0.7397496931230318
Bach/Fugue/bwv_848/Lou01M.mid,171,172,86.5,87.0,98.604817,99.13737,0.5,0.5325530000000072,regular,,-0.09099701548817841,True,-0.10153713002990318,9,0.010540114541724765,True,93.88736895670353,0.733260351549785
Bach/Fugue/bwv_848/Lou01M.mid,172,173,87.0,87.5,99.13737,99.666666,0.5,0.5292960000000022,regular,,-0.08214665638003059,True,-0.14465987414690318,9,0.06251321776687259,True,94.46510081315519,4.428334995918368
Bach/Fugue/bwv_848/Lou01M.mid,173,174,87.5,88.0,99.666666,100.263021,0.5,0.5963549999999884,regular,,-0.2542433033674214,True,-0.23148893542559187,9,-0.02275436794182953,True,83.84267759975346,-1.5648397347218952
Bach/Fugue/bwv_848/Lou01M.mid,174,175,88.0,88.5,100.263021,100.884766,0.5,0.6217450000000042,regular,,-0.3143949056180229,True,-0.26428900484789064,9,-0.05010590077013227,True,80.418821220918,-3.4134572855440846
Bach/Fugue/bwv_848/Lou01M.mid,175,176,88.5,89.0,100.884766,101.465495,0.5,0.5807290000000052,regular,,-0.2159369851520947,True,-0.2526651297207665,9,0.036728144568671794,True,86.09867941845431,2.578483251223041
Bach/Fugue/bwv_848/Lou01M.mid,176,177,89.0,89.5,101.465495,102.014974,0.5,0.549478999999991,regular,,-0.13613625039123442,True,-0.16155235785890965,9,0.025416107467675225,True,90.9952882639752,1.7773199703743758
Bach/Fugue/bwv_848/Lou01M.mid,177,178,89.5,90.0,102.014974,102.590495,0.5,0.575521000000009,regular,,-0.2029404764642765,True,-0.26209394309808237,9,0.059153466633805885,True,86.87780289511454,4.185425032273632
Bach/Fugue/bwv_848/Lou01M.mid,178,179,90.0,90.5,102.590495,103.166667,0.5,0.5761719999999997,regular,,-0.20457145724063527,True,-0.2042459094584873,9,-0.00032554778214796687,True,86.77964219017937,-0.022562706971675506
Bach/Fugue/bwv_848/Lou01M.mid,179,180,90.5,91.0,103.166667,103.738281,0.5,0.5716139999999967,regular,,-0.19311315654151007,True,-0.20163135213262845,9,0.008518195591118383,True,87.47161546078348,0.5921828366710162
Bach/Fugue/bwv_848/Lou01M.mid,180,181,91.0,91.5,103.738281,104.261719,0.5,0.5234379999999987,regular,,-0.0660905685538662,True,-0.15930883837744406,9,0.09321826982357785,True,95.52229681452268,6.674716012210976
Bach/Fugue/bwv_848/Lou01M.mid,181,182,91.5,92.0,104.261719,104.86914099999998,0.5,0.6074219999999855,regular,,-0.2807710670195492,True,-0.27457059604567474,9,-0.006200470973874439,True,82.31509560075399,-0.42886164807568217
Bach/Fugue/bwv_848/Lou01M.mid,182,183,92.0,92.5,104.86914099999998,105.47851599999998,0.5,0.609375,regular,,-0.28540221886224837,True,-0.2807710670195492,9,-0.004631151842699188,True,82.05128205128204,-0.3204923076946893
Bach/Fugue/bwv_848/Lou01M.mid,183,184,92.5,93.0,105.47851599999998,106.03125,0.5,0.5527340000000152,regular,,-0.14465726404202148,True,-0.19967297294835276,9,0.055015708906331284,True,90.45942532936029,3.8870415063997577
Bach/Fugue/bwv_848/Lou01M.mid,184,185,93.0,93.5,106.03125,106.580729,0.5,0.5494790000000052,regular,,-0.13613625039127175,True,-0.16992500144231246,9,0.033788751051040705,True,90.99528826397284,2.369699296969451
Bach/Fugue/bwv_848/Lou01M.mid,185,186,93.5,94.0,106.580729,107.215495,0.5,0.634765999999999,regular,,-0.34429676021540245,True,-0.33538949711646665,9,-0.008907263098935803,True,78.76918423482051,-0.615502405608355
Bach/Fugue/bwv_848/Lou01M.mid,186,187,94.0,94.5,107.215495,107.845703,0.5,0.6302079999999961,regular,,-0.3338999734748589,True,-0.22881992159512066,9,-0.10508005187973823,True,79.33888493957599,-7.024664872549645
Bach/Fugue/bwv_848/Lou01M.mid,187,188,94.5,95.0,107.845703,108.413411,0.5,0.5677079999999961,regular,,-0.18322097696851514,True,-0.21593698515213003,9,0.03271600818361489,True,88.0734462082626,2.293608686159672
Bach/Fugue/bwv_848/Lou01M.mid,188,189,95.0,95.5,108.413411,108.998698,0.5,0.5852870000000081,regular,,-0.22721613996763665,True,-0.22721367502946152,9,-2.464938175128495e-06,True,85.42817455367931,-0.00017085634867486363
Bach/Fugue/bwv_848/Lou01M.mid,189,190,95.5,96.0,108.998698,109.584635,0.5,0.5859370000000013,regular,,-0.2288174593955905,True,-0.2288174593955905,9,0.0,True,85.33340615117307,0.0
Bach/Fugue/bwv_848/Lou01M.mid,190,191,96.0,96.5,109.584635,110.163411,0.5,0.5787759999999906,regular,,-0.2110770042475264,True,-0.2110770042475264,9,0.0,True,86.38920756907821,0.0
Bach/Fugue/bwv_848/Lou01M.mid,191,192,96.5,97.0,110.163411,110.705729,0.5,0.5423180000000087,regular,,-0.11721096054742125,True,-0.2223940701297871,9,0.10518310958236585,True,92.19682916664982,7.5630902901932
Bach/Fugue/bwv_848/Lou01M.mid,192,193,97.0,97.5,110.705729,111.308594,0.5,0.6028649999999942,regular,,-0.26990687964976523,True,-0.2792216625480438,9,0.009314782898278584,True,82.93730768911858,0.6477403730548905
Bach/Fugue/bwv_848/Lou01M.mid,193,194,97.5,98.0,111.308594,111.910156,0.5,0.6015620000000013,regular,,-0.26678534157125516,True,-0.26678534157125516,9,0.0,True,83.11695220110296,0.0
Bach/Fugue/bwv_848/Lou01M.mid,194,195,98.0,98.5,111.910156,112.470703,0.5,0.5605469999999997,regular,,-0.16490724839161836,True,-0.20130764976121546,9,0.0364004013695971,True,89.19858638080309,2.555182705465291
Bach/Fugue/bwv_848/Lou01M.mid,195,196,98.5,99.0,112.470703,113.016927,0.5,0.5462239999999952,regular,,-0.12756460976928483,True,-0.22561057350119235,9,0.09804596373190752,True,91.53753771346635,7.032279797300831
Bach/Fugue/bwv_848/Lou01M.mid,196,197,99.0,99.5,113.016927,113.608073,0.5,0.591146000000009,regular,,-0.24158639332074838,True,-0.24158639332074838,9,0.0,True,84.58147395059635,0.0
Bach/Fugue/bwv_848/Lou01M.mid,197,198,99.5,100.0,113.608073,114.14843799999998,0.5,0.54036499999998,regular,,-0.11200613795219826,True,-0.19146916305447953,9,0.07946302510228127,True,92.53004913345951,5.6624688867786475
Bach/Fugue/bwv_848/Lou01M.mid,198,199,100.0,100.5,114.14843799999998,114.735026,0.5,0.5865880000000203,regular,,-0.23041946288063636,True,-0.15987198245993992,9,-0.07054748042069645,True,85.23870246237269,-4.7723444734668945
Bach/Fugue/bwv_848/Lou01M.mid,199,200,100.5,101.0,114.735026,115.35156299999998,0.5,0.6165369999999797,regular,,-0.30225938224638577,True,-0.30225938224638577,9,0.0,True,81.09813360755584,0.0
Bach/Fugue/bwv_848/Lou01M.mid,200,201,101.0,101.5,115.35156299999998,115.904297,0.5,0.5527340000000152,regular,,-0.14465726404202148,True,-0.14465726404202148,9,0.0,True,90.45942532936029,0.0
Bach/Fugue/bwv_848/Lou01M.mid,201,202,101.5,102.0,115.904297,116.453776,0.5,0.5494790000000052,regular,,-0.13613625039127175,True,-0.20032606143123216,9,0.06418981103996041,True,90.99528826397284,4.54976441319968
Bach/Fugue/bwv_848/Lou01M.mid,202,203,102.0,102.5,116.453776,116.97092,0.5,0.5171440000000018,regular,,-0.04863796352369212,True,-0.17547989042348636,9,0.12684192689979423,True,96.6848692047086,9.190090187646902
Bach/Fugue/bwv_848/Lou01M.mid,203,204,102.5,103.0,116.97092,117.570746,0.5,0.5998259999999931,regular,,-0.26261596359486167,True,-0.26886552069610015,9,0.006249557101238479,True,83.3575070103673,0.4341258965108628
Bach/Fugue/bwv_848/Lou01M.mid,204,205,103.0,103.5,117.570746,118.16601599999998,0.5,0.5952699999999851,regular,,-0.25161609337779134,True,-0.2500350416136521,9,-0.0015810517641392519,True,83.99549784131781,-0.10953012918069255
Bach/Fugue/bwv_848/Lou01M.mid,205,206,103.5,104.0,118.16601599999998,118.732422,0.5,0.5664060000000148,regular,,-0.1799084532390896,True,-0.1799084532390896,9,0.0,True,88.27590103211952,0.0
Bach/Fugue/bwv_848/Lou01M.mid,206,207,104.0,104.5,118.732422,119.326823,0.5,0.5944010000000048,regular,,-0.24950844813220596,True,-0.24950844813220596,9,0.0,True,84.11829724377918,0.0
Bach/Fugue/bwv_848/Lou01M.mid,207,208,104.5,105.0,119.326823,119.942274,0.5,0.6154509999999931,regular,,-0.29971590419269883,True,-0.29971590419269883,9,0.0,True,81.24123610165644,0.0
Bach/Fugue/bwv_848/Lou01M.mid,208,209,105.0,105.5,119.942274,120.600911,0.5,0.6586369999999988,regular,,-0.3975554650524834,True,-0.16490724839161836,9,-0.23264821666086505,True,75.91435039331239,-14.892877260159892
Bach/Fugue/bwv_848/Lou01M.mid,209,210,105.5,106.0,120.600911,121.16210900000002,0.5,0.5611980000000187,regular,,-0.16658177259647222,True,-0.13955069755834426,9,-0.02703107503812796,True,89.09511438030486,-1.8562076130025071
Bach/Fugue/bwv_848/Lou01M.mid,210,211,106.0,106.5,121.16210900000002,121.722656,0.5,0.5605469999999855,regular,,-0.1649072483915819,True,-0.1279079268710363,9,-0.03699932152054561,True,89.19858638080534,-2.5319910730040602
Bach/Fugue/bwv_848/Lou01M.mid,211,212,106.5,107.0,121.722656,122.33398400000002,0.5,0.6113280000000145,regular,,-0.2900185519406653,True,-0.1548190809726439,9,-0.13519947096802137,True,81.78915410385065,-8.945606940957092
Bach/Fugue/bwv_848/Lou01M.mid,212,213,107.0,107.5,122.33398400000002,122.921875,0.5,0.5878909999999848,regular,,-0.23362059701667312,True,-0.18652591234330615,9,-0.04709468467336697,True,85.04977963602316,-3.2116497786143574
Bach/Fugue/bwv_848/Lou01M.mid,213,214,107.5,108.0,122.921875,123.557942,0.5,0.636066999999997,regular,,-0.347250644642229,True,-0.347250644642229,9,0.0,True,78.60807116231503,0.0
Bach/Fugue/bwv_848/Lou01M.mid,214,215,108.0,108.5,123.557942,124.331055,0.5,0.7731130000000093,regular,,-0.6287512023481805,True,-0.6287512023481805,9,0.0,True,64.67359881414411,0.0
Bach/Fugue/bwv_848/Lou01M.mid,215,216,108.5,109.0,124.331055,125.465104,0.5,1.1340489999999903,regular,,-1.1814829776079514,True,-1.2104275186779994,9,0.028944541070047958,True,44.08980564331914,2.026543826589425
Bach/Fugue/bwv_848/MiyashitaM01M.mid,0,1,1.0,1.5,0.809375,1.36875,0.5,0.559375,regular,,-0.161887682376894,True,-0.161887682376894,9,0.0,True,89.38547486033521,0.0
Bach/Fugue/bwv_848/MiyashitaM01M.mid,1,2,1.5,2.0,1.36875,2.009375,0.5,0.640625,regular,,-0.3575520046180836,True,-0.3750405437860456,9,0.017488539167962003,True,78.04878048780488,1.219590243902455
Bach/Fugue/bwv_848/MiyashitaM01M.mid,2,3,2.0,2.5,2.009375,2.601042,0.5,0.5916670000000002,regular,,-0.24285733668187354,True,-0.24285733668187354,9,0.0,True,84.50699464394665,0.0
Bach/Fugue/bwv_848/MiyashitaM01M.mid,3,4,2.5,3.0,2.601042,3.2208330000000003,0.5,0.6197910000000002,regular,,-0.3098537107795227,True,-0.3098537107795227,9,0.0,True,80.67235568118927,0.0
Bach/Fugue/bwv_848/MiyashitaM01M.mid,4,5,3.0,3.5,3.2208330000000003,3.839583,0.5,0.6187499999999999,regular,,-0.3074285251922471,True,-0.30073289658743935,9,-0.0066956286048077684,True,80.80808080808082,-0.46303030303014536
Bach/Fugue/bwv_848/MiyashitaM01M.mid,5,6,3.5,4.0,3.839583,4.496875,0.5,0.657292,regular,,-0.39460633100999876,True,-0.3692330650487287,9,-0.025373265961270042,True,76.069692009031,-1.7433652014631627
Bach/Fugue/bwv_848/MiyashitaM01M.mid,6,7,4.0,4.5,4.496875,5.119792,0.5,0.6229170000000002,regular,,-0.3171118506001046,True,-0.254240884177117,9,-0.06287096642298762,True,80.26751557591137,-4.2642920324859235
Bach/Fugue/bwv_848/MiyashitaM01M.mid,7,8,4.5,5.0,5.119792,5.717187,0.5,0.5973949999999997,regular,,-0.25675706792807695,True,-0.17492536301108502,9,-0.08183170491699193,True,83.6967165778087,-5.514274475012244
Bach/Fugue/bwv_848/MiyashitaM01M.mid,8,9,5.0,5.5,5.717187,6.2802089999999975,0.5,0.5630219999999975,regular,,-0.17126320161136432,True,-0.17126320161136432,9,0.0,True,88.80647647871703,0.0
Bach/Fugue/bwv_848/MiyashitaM01M.mid,9,10,5.5,6.0,6.2802089999999975,6.899479,0.5,0.6192700000000029,regular,,-0.30864046274637985,True,-0.2526651297207665,9,-0.05597533302561336,True,80.74022639559443,-3.8056098309303565
Bach/Fugue/bwv_848/MiyashitaM01M.mid,10,11,6.0,6.5,6.899479,7.5125,0.5,0.6130209999999998,regular,,-0.2940084016664166,True,-0.25581491942515555,9,-0.03819348224126107,True,81.5632743413358,-2.612634803701888
Bach/Fugue/bwv_848/MiyashitaM01M.mid,11,12,6.5,7.0,7.5125,8.115103999999999,0.5,0.6026039999999986,regular,,-0.26928215448213405,True,-0.2667877398175594,9,-0.0024944146645746734,True,82.97322951722876,-0.17275026385425912
Bach/Fugue/bwv_848/MiyashitaM01M.mid,12,13,7.0,7.5,8.115103999999999,8.719791,0.5,0.604687000000002,regular,,-0.27426046833042755,True,-0.19639805218946346,9,-0.07786241614096409,True,82.68740687330774,-5.253957832730397
Bach/Fugue/bwv_848/MiyashitaM01M.mid,13,14,7.5,8.0,8.719791,9.326563,0.5,0.6067719999999994,regular,,-0.27922641786770186,True,-0.1980364418283263,9,-0.08118997603937556,True,82.4032750357631,-5.47223668857518
Bach/Fugue/bwv_848/MiyashitaM01M.mid,14,15,8.0,8.5,9.326563,9.971875,0.5,0.6453120000000006,regular,,-0.3680687587049851,True,-0.21107700424754847,9,-0.15699175445743666,True,77.48190022810665,-10.310671427154771
Bach/Fugue/bwv_848/MiyashitaM01M.mid,15,16,8.5,9.0,9.971875,10.603646,0.5,0.6317709999999988,regular,,-0.3374736201074976,True,-0.23362059701671248,9,-0.10385302309078512,True,79.14260072083097,-6.945554639259785
Bach/Fugue/bwv_848/MiyashitaM01M.mid,16,17,9.0,9.5,10.603646,11.193056,0.5,0.5894100000000009,regular,,-0.23734344271744992,True,-0.12974196827838796,9,-0.10760147443906196,True,84.83059330516946,-7.187017526000805
Bach/Fugue/bwv_848/MiyashitaM01M.mid,17,18,9.5,10.0,11.193056,11.814062,0.5,0.6210059999999995,regular,,-0.3126791125735758,True,-0.3083375737903656,9,-0.004341538783210197,True,80.5145199885348,-0.3004801885971574
Bach/Fugue/bwv_848/MiyashitaM01M.mid,18,19,10.0,10.5,11.814062,12.450521,0.5,0.6364590000000003,regular,,-0.3481394853793485,True,-0.25424330336745155,9,-0.09389618201189698,True,78.55965584585964,-6.301112876084621
Bach/Fugue/bwv_848/MiyashitaM01M.mid,19,20,10.5,11.0,12.450521,13.058333,0.5,0.6078119999999991,regular,,-0.2816970633055037,True,-0.2272136750294351,9,-0.054483388276068606,True,82.2622784676842,-3.7060801695259755
Bach/Fugue/bwv_848/MiyashitaM01M.mid,20,21,11.0,11.5,13.058333,13.688889,0.5,0.6305560000000003,regular,,-0.3346964078384445,True,-0.15313084007554387,9,-0.18156556776290064,True,79.2950982942038,-11.825436598811049
Bach/Fugue/bwv_848/MiyashitaM01M.mid,21,22,11.5,12.0,13.688889,14.291667000000002,0.5,0.6027780000000025,regular,,-0.26969866798385195,True,-0.26969866798385195,9,0.0,True,82.94927817538098,0.0
Bach/Fugue/bwv_848/MiyashitaM01M.mid,22,23,12.0,12.5,14.291667000000002,14.942187,0.5,0.6505199999999984,regular,,-0.3796653178700968,True,-0.26522323653707736,9,-0.11444208133301942,True,76.86158765295474,-7.626053003750897
Bach/Fugue/bwv_848/MiyashitaM01M.mid,23,24,12.5,13.0,14.942187,15.535937,0.5,0.59375,regular,,-0.24792751344358557,True,-0.22560810581826454,9,-0.02231940762532103,True,84.21052631578947,-1.5351578947364637
Bach/Fugue/bwv_848/MiyashitaM01M.mid,24,25,13.0,13.5,15.535937,16.130209,0.5,0.5942720000000001,regular,,-0.24919531296212608,True,-0.15987198245993992,9,-0.08932333050218616,True,84.13655699746916,-6.003648161111533
Bach/Fugue/bwv_848/MiyashitaM01M.mid,25,26,13.5,14.0,16.130209,16.739062,0.5,0.6088529999999999,regular,,-0.2841658544749016,True,-0.22561057350118785,9,-0.058555280973713764,True,82.12162870183774,-3.9774789645445487
Bach/Fugue/bwv_848/MiyashitaM01M.mid,26,27,14.0,14.5,16.739062,17.376041,0.5,0.6369790000000002,regular,,-0.3493177154352434,True,-0.2930879213989927,9,-0.056229794036250724,True,78.49552340030046,-3.822574998547959
Bach/Fugue/bwv_848/MiyashitaM01M.mid,27,28,14.5,15.0,17.376041,17.984896,0.5,0.6088549999999984,regular,,-0.2841705935257737,True,-0.16825692320858107,9,-0.1159136703171926,True,82.12135894424803,-7.720228954348535
Bach/Fugue/bwv_848/MiyashitaM01M.mid,28,29,15.0,15.5,17.984896,18.569792,0.5,0.5848960000000005,regular,,-0.2262520278894547,True,-0.19967046049874965,9,-0.026581567390705052,True,85.48528285370382,-1.82562370062408
Bach/Fugue/bwv_848/MiyashitaM01M.mid,29,30,15.5,16.0,18.569792,19.182292,0.5,0.6125000000000007,regular,,-0.2927817492278476,True,-0.20782789767515486,9,-0.08495385155269275,True,81.63265306122439,-5.718530612244646
Bach/Fugue/bwv_848/MiyashitaM01M.mid,30,31,16.0,16.5,19.182292,19.798437,0.5,0.6161449999999995,regular,,-0.30134181149405276,True,-0.25109007678007894,9,-0.05025173471397382,True,81.14972936565263,-3.4232201835605887
Bach/Fugue/bwv_848/MiyashitaM01M.mid,31,32,16.5,17.0,19.798437,20.424479,0.5,0.6260420000000018,regular,,-0.32433135325955975,True,-0.206198095151885,9,-0.11813325810767475,True,79.86684599435799,-7.862092319684886
Bach/Fugue/bwv_848/MiyashitaM01M.mid,32,33,17.0,17.5,20.424479,20.994271,0.5,0.5697919999999996,regular,,-0.1885072711735765,True,-0.19147168982722707,9,0.0029644186536505746,True,87.75131977984955,0.2056890935640388
Bach/Fugue/bwv_848/MiyashitaM01M.mid,33,34,17.5,18.0,20.994271,21.596875,0.5,0.6026039999999995,regular,,-0.2692821544821362,True,-0.21269881764386162,9,-0.0565833368382746,True,82.97322951722863,-3.8461410810416945
Bach/Fugue/bwv_848/MiyashitaM01M.mid,34,35,18.0,18.5,21.596875,22.183855,0.5,0.5869800000000005,regular,,-0.23138325275396726,True,-0.16992500144231246,9,-0.061458251311654805,True,85.18177791406855,-4.170499846672879
Bach/Fugue/bwv_848/MiyashitaM01M.mid,35,36,18.5,19.0,22.183855,22.809896,0.5,0.6260409999999972,regular,,-0.3243290487876557,True,-0.211077004247544,9,-0.11325204454011173,True,79.86697356882414,-7.549825011460859
Bach/Fugue/bwv_848/MiyashitaM01M.mid,36,37,19.0,19.5,22.809896,23.38125,0.5,0.571354000000003,regular,,-0.19245679395377008,True,-0.17270767931974293,9,-0.01974911463402715,True,87.5114202403409,-1.3595774248543253
Bach/Fugue/bwv_848/MiyashitaM01M.mid,37,38,19.5,20.0,23.38125,24.00625,0.5,0.625,regular,,-0.3219280948873623,True,-0.28231643670259005,9,-0.03961165818477225,True,80.0,-2.7083199999998397
Bach/Fugue/bwv_848/MiyashitaM01M.mid,38,39,20.0,20.5,24.00625,24.622396,0.5,0.616145999999997,regular,,-0.30134415297838923,True,-0.2447628724334186,9,-0.056581280544970636,True,81.1495976602952,-3.8460040315117876
Bach/Fugue/bwv_848/MiyashitaM01M.mid,39,40,20.5,21.0,24.622396,25.235417,0.5,0.6130210000000034,regular,,-0.2940084016664249,True,-0.19748800240598471,9,-0.09652039926044018,True,81.56327434133533,-6.471393312790553
Bach/Fugue/bwv_848/MiyashitaM01M.mid,40,41,21.0,21.5,25.235417,25.852083,0.5,0.6166659999999986,regular,,-0.3025612103492705,True,-0.19858467284108086,9,-0.10397653750818966,True,81.08116873639881,-6.953521030833035
Bach/Fugue/bwv_848/MiyashitaM01M.mid,41,42,21.5,22.0,25.852083,26.451389,0.5,0.5993059999999986,regular,,-0.26136472275018513,True,-0.26136472275018513,9,0.0,True,83.42983384114312,0.0
Bach/Fugue/bwv_848/MiyashitaM01M.mid,42,43,22.0,22.5,26.451389,27.042187,0.5,0.5907979999999995,regular,,-0.24073684733760398,True,-0.19912515541740364,9,-0.04161169192020034,True,84.63129529890088,-2.8431037342713505
Bach/Fugue/bwv_848/MiyashitaM01M.mid,43,44,22.5,23.0,27.042187,27.629687,0.5,0.5875000000000021,regular,,-0.23266075679028028,True,-0.18322097696852405,9,-0.049439779821756236,True,85.10638297872309,-3.3688510638302036
Bach/Fugue/bwv_848/MiyashitaM01M.mid,44,45,23.0,23.5,27.629687,28.209896,0.5,0.580209,regular,,-0.21464457940529355,True,-0.14465726404198445,9,-0.0699873153633091,True,86.17584353224443,-4.735362602096655
Bach/Fugue/bwv_848/MiyashitaM01M.mid,45,46,23.5,24.0,28.209896,28.831771000000003,0.5,0.6218750000000028,regular,,-0.31469652565629297,True,-0.19311568043663094,9,-0.12158084521966203,True,80.4020100502509,-8.082010050251453
Bach/Fugue/bwv_848/MiyashitaM01M.mid,46,47,24.0,24.5,28.831771000000003,29.502083,0.5,0.6703119999999956,regular,,-0.42290466647561137,True,-0.31439490561801475,9,-0.10850976085759662,True,74.59213023189251,-7.24543197794389
Bach/Fugue/bwv_848/MiyashitaM01M.mid,47,48,24.5,25.0,29.502083,30.108681,0.5,0.6065980000000017,regular,,-0.27881264640667675,True,-0.20457145724063527,9,-0.07424118916604147,True,82.42691205707875,-5.015842452497703
Bach/Fugue/bwv_848/MiyashitaM01M.mid,48,49,25.0,25.5,30.108681,30.710938,0.5,0.602256999999998,regular,,-0.26845116203897207,True,-0.1980364418283263,9,-0.07041472021064576,True,83.02103587006903,-4.763580996152819
Bach/Fugue/bwv_848/MiyashitaM01M.mid,49,50,25.5,26.0,30.710938,31.337847,0.5,0.6269090000000013,regular,,-0.3263279465821841,True,-0.21808925208678628,9,-0.10823869449539783,True,79.75639207604277,-7.228002788282914
Bach/Fugue/bwv_848/MiyashitaM01M.mid,50,51,26.0,26.5,31.337847,31.9375,0.5,0.599653,regular,,-0.2621998058400459,True,-0.20402800182719855,9,-0.05817180401284733,True,83.38155566636037,-3.951952212360968
Bach/Fugue/bwv_848/MiyashitaM01M.mid,51,52,26.5,27.0,31.9375,32.549479,0.5,0.611978999999998,regular,,-0.2915540529396041,True,-0.2081551359872812,9,-0.08339891695232293,True,81.702149910373,-5.616859402037694
Bach/Fugue/bwv_848/MiyashitaM01M.mid,52,53,27.0,27.5,32.549479,33.109896,0.5,0.560417000000001,regular,,-0.1645726250564276,True,-0.13784448410224365,9,-0.026728140954183965,True,89.21927778778999,-1.835597421205661
Bach/Fugue/bwv_848/MiyashitaM01M.mid,53,54,27.5,28.0,33.109896,33.725,0.5,0.6151040000000023,regular,,-0.2989022628805362,True,-0.2745705960456577,9,-0.024331666834878474,True,81.28706690250723,-1.6724001144518927
Bach/Fugue/bwv_848/MiyashitaM01M.mid,54,55,28.0,28.5,33.725,34.341667,0.5,0.6166669999999996,regular,,-0.3025635498553768,True,-0.25424330336743856,9,-0.048320246487938256,True,81.08103725349342,-3.2938360573865837
Bach/Fugue/bwv_848/MiyashitaM01M.mid,55,56,28.5,29.0,34.341667,34.934895000000004,0.5,0.5932280000000034,regular,,-0.24665859883878574,True,-0.2288174593955905,9,-0.017841139443195236,True,84.28462580997477,-1.2290384135614165
Bach/Fugue/bwv_848/MiyashitaM01M.mid,56,57,29.0,29.5,34.934895000000004,35.536458,0.5,0.6015629999999987,regular,,-0.2667877398175509,True,-0.18982582370798862,9,-0.07696191610956227,True,83.11681403277812,-5.194800877048632
Bach/Fugue/bwv_848/MiyashitaM01M.mid,57,58,29.5,30.0,35.536458,36.135417,0.5,0.5989589999999936,regular,,-0.2605291560046163,True,-0.2094533656289497,9,-0.05107579037566659,True,83.4781679547357,-3.4783683023368592
Bach/Fugue/bwv_848/MiyashitaM01M.mid,58,59,30.0,30.5,36.135417,36.733854,0.5,0.5984370000000041,regular,,-0.2592712816522104,True,-0.2029404764642409,9,-0.05633080518796951,True,83.55098364572989,-3.829308682452636
Bach/Fugue/bwv_848/MiyashitaM01M.mid,59,60,30.5,31.0,36.733854,37.346875,0.5,0.6130209999999963,regular,,-0.2940084016664082,True,-0.2029404764642409,9,-0.09106792520216728,True,81.56327434133628,-6.117245575600451
Bach/Fugue/bwv_848/MiyashitaM01M.mid,60,61,31.0,31.5,37.346875,37.914583,0.5,0.5677080000000032,regular,,-0.18322097696853315,True,-0.1749279189258543,9,-0.008293058042678852,True,88.0734462082615,-0.5731819879243226
Bach/Fugue/bwv_848/MiyashitaM01M.mid,61,62,31.5,32.0,37.914583,38.506771,0.5,0.5921880000000002,regular,,-0.24412716138984636,True,-0.1463554440390127,9,-0.09777171735083365,True,84.43264638932229,-6.5524799556887965
Bach/Fugue/bwv_848/MiyashitaM01M.mid,62,63,32.0,32.5,38.506771,39.119792,0.5,0.6130209999999963,regular,,-0.2940084016664082,True,-0.1799084532390533,9,-0.11409994842735488,True,81.56327434133628,-7.604144066842069
Bach/Fugue/bwv_848/MiyashitaM01M.mid,63,64,32.5,33.0,39.119792,39.734896,0.5,0.6151040000000023,regular,,-0.2989022628805362,True,-0.206198095151885,9,-0.09270416772865117,True,81.28706690250723,-6.223662990323954
Bach/Fugue/bwv_848/MiyashitaM01M.mid,64,65,33.0,33.5,39.734896,40.317709,0.5,0.5828130000000016,regular,,-0.2211049630681879,True,-0.15313084007554387,9,-0.06797412299264402,True,85.79081111780256,-4.602333853225692
Bach/Fugue/bwv_848/MiyashitaM01M.mid,65,66,33.5,34.0,40.317709,40.901562,0.5,0.5838529999999977,regular,,-0.2236770843778835,True,-0.13271370302815044,9,-0.09096338134973306,True,85.63799449519006,-6.110442183221183
Bach/Fugue/bwv_848/MiyashitaM01M.mid,66,67,34.0,34.5,40.901562,41.502604,0.5,0.6010419999999996,regular,,-0.2655377131449094,True,-0.21431880991695318,9,-0.05121890322795625,True,83.1888620096433,-3.487942606340212
Bach/Fugue/bwv_848/MiyashitaM01M.mid,67,68,34.5,35.0,41.502604,42.107292,0.5,0.604688000000003,regular,,-0.2742628541826938,True,-0.18982329405091905,9,-0.08443956013177475,True,82.68727012938864,-5.6849151959371795
Bach/Fugue/bwv_848/MiyashitaM01M.mid,68,69,35.0,35.5,42.107292,42.696875,0.5,0.5895829999999975,regular,,-0.23776683156515357,True,-0.18156566582541422,9,-0.05620116573973935,True,84.80570165693415,-3.8206664710480647
Bach/Fugue/bwv_848/MiyashitaM01M.mid,69,70,35.5,36.0,42.696875,43.301041,0.5,0.6041659999999993,regular,,-0.27301690246618054,True,-0.193113156541528,9,-0.07990374592465255,True,82.75871200961335,-5.387923186673125
Bach/Fugue/bwv_848/MiyashitaM01M.mid,70,71,36.0,36.5,43.301041,43.89375,0.5,0.5927089999999993,regular,,-0.24539586941213348,True,-0.17990590613270027,9,-0.06548996327943321,True,84.35842884113463,-4.43792822447495
Bach/Fugue/bwv_848/MiyashitaM01M.mid,71,72,36.5,37.0,43.89375,44.515104,0.5,0.6213540000000037,regular,,-0.31348734511062853,True,-0.24158639332071352,9,-0.07190095178991501,True,80.46942644611558,-4.861640868169959
Bach/Fugue/bwv_848/MiyashitaM01M.mid,72,73,37.0,37.5,44.515104,45.083854,0.5,0.5687500000000014,regular,,-0.1858665453113376,True,-0.17103769162014837,9,-0.01482885369118922,True,87.91208791208769,-1.0225934065914222
Bach/Fugue/bwv_848/MiyashitaM01M.mid,73,74,37.5,38.0,45.083854,45.726042,0.5,0.6421879999999973,regular,,-0.361067612060089,True,-0.26574412617087434,9,-0.09532348588921469,True,77.85882015858317,-6.393766311424209
Bach/Fugue/bwv_848/MiyashitaM01M.mid,74,75,38.0,38.5,45.726042,46.358334,0.5,0.6322919999999996,regular,,-0.3386628712110695,True,-0.24634727690091407,9,-0.09231559431015546,True,79.07738829528134,-6.1984020041373205
Bach/Fugue/bwv_848/MiyashitaM01M.mid,75,76,38.5,39.0,46.358334,46.98020800000001,0.5,0.6218740000000125,regular,,-0.31469420574282664,True,-0.23999674880662228,9,-0.07469745693620436,True,80.40213934012195,-5.045877460709846
Bach/Fugue/bwv_848/MiyashitaM01M.mid,76,77,39.0,39.5,46.98020800000001,47.595139,0.5,0.6149309999999915,regular,,-0.2984964431376261,True,-0.18156566582541422,9,-0.11693077731221185,True,81.30993558627016,-7.78526371251308
Bach/Fugue/bwv_848/MiyashitaM01M.mid,77,78,39.5,40.0,47.595139,48.204167,0.5,0.609027999999995,regular,,-0.28458046252591174,True,-0.28458046252591174,9,0.0,True,82.09803161759461,0.0
Bach/Fugue/bwv_848/MiyashitaM01M.mid,78,79,40.0,40.5,48.204167,48.798958,0.5,0.5947910000000007,regular,,-0.2504547227222007,True,-0.24792751344358557,9,-0.0025272092786151334,True,84.06314150684851,-0.17501946061738333
Bach/Fugue/bwv_848/MiyashitaM01M.mid,79,80,40.5,41.0,48.798958,49.426042,0.5,0.6270840000000035,regular,,-0.32673061491254596,True,-0.2029404764642588,9,-0.12379013844828715,True,79.73413450191636,-8.22266235464487
Bach/Fugue/bwv_848/MiyashitaM01M.mid,80,81,41.0,41.5,49.426042,50.031944,0.5,0.6059020000000004,regular,,-0.27715637282524014,True,-0.23840535079834263,9,-0.03875102202689751,True,82.5215959016474,-2.6502635739774787
Bach/Fugue/bwv_848/MiyashitaM01M.mid,81,82,41.5,42.0,50.031944,50.676042,0.5,0.6440979999999996,regular,,-0.3653521172997517,True,-0.24476043729341504,9,-0.12059168000633666,True,77.62793860561597,-8.018966057960471
Bach/Fugue/bwv_848/MiyashitaM01M.mid,82,83,42.0,42.5,50.676042,51.321875,0.5,0.6458329999999961,regular,,-0.36923306504872294,True,-0.24634241196255735,9,-0.12289065308616559,True,77.41939479710746,-8.165423569249578
Bach/Fugue/bwv_848/MiyashitaM01M.mid,83,84,42.5,43.0,51.321875,51.930208,0.5,0.6083330000000018,regular,,-0.28293317275345575,True,-0.21507468138596145,9,-0.0678584913674943,True,82.19182585853447,-4.594687449144062
Bach/Fugue/bwv_848/MiyashitaM01M.mid,84,85,43.0,43.5,51.930208,52.559375,0.5,0.6291670000000025,regular,,-0.33151490805810707,True,-0.21031903481917877,9,-0.1211958732389283,True,79.47015657210217,-8.057479174846172
Bach/Fugue/bwv_848/MiyashitaM01M.mid,85,86,43.5,44.0,52.559375,53.173438,0.5,0.6140629999999945,regular,,-0.2964585820842723,True,-0.18156566582541422,9,-0.11489291625885806,True,81.4248700866205,-7.6549148865827465
Bach/Fugue/bwv_848/MiyashitaM01M.mid,86,87,44.0,44.5,53.173438,53.757813,0.5,0.5843750000000014,regular,,-0.22496636500027792,True,-0.1779152415724845,9,-0.04705112342779341,True,85.561497326203,-3.208727272729999
Bach/Fugue/bwv_848/MiyashitaM01M.mid,87,88,44.5,45.0,53.757813,54.39010500000001,0.5,0.6322920000000138,regular,,-0.33866287121110195,True,-0.1963955340301138,9,-0.14226733718098813,True,79.07738829527956,-9.390598014843334
Bach/Fugue/bwv_848/MiyashitaM01M.mid,88,89,45.0,45.5,54.39010500000001,54.998958,0.5,0.6088529999999892,regular,,-0.28416585447487624,True,-0.18487185267275114,9,-0.09929400180212511,True,82.12162870183917,-6.651030708560772
Bach/Fugue/bwv_848/MiyashitaM01M.mid,89,90,45.5,46.0,54.998958,55.617188,0.5,0.618229999999997,regular,,-0.3062155686926142,True,-0.1914716898272181,9,-0.11474387886539608,True,80.87604936674093,-7.6453746987368305
Bach/Fugue/bwv_848/MiyashitaM01M.mid,90,91,46.0,46.5,55.617188,56.20885500000001,0.5,0.5916670000000082,regular,,-0.24285733668189308,True,-0.1463554440390127,9,-0.09650189264288037,True,84.5069946439455,-6.470193537919449
Bach/Fugue/bwv_848/MiyashitaM01M.mid,91,92,46.5,47.0,56.20885500000001,56.85260400000001,0.5,0.6437489999999997,regular,,-0.3645701912144395,True,-0.17326050076655158,9,-0.19130969044788793,True,77.67002356508519,-12.41897074791638
Bach/Fugue/bwv_848/MiyashitaM01M.mid,92,93,47.0,47.5,56.85260400000001,57.472917,0.5,0.6203129999999959,regular,,-0.31106826513273195,True,-0.21431880991697083,9,-0.09674945521576112,True,80.60446903418168,-6.4862416231787385
Bach/Fugue/bwv_848/MiyashitaM01M.mid,93,94,47.5,48.0,57.472917,58.08125,0.5,0.6083329999999947,regular,,-0.2829331727534388,True,-0.12239707314187764,9,-0.16053609961156118,True,82.19182585853544,-10.53074549629779
Bach/Fugue/bwv_848/MiyashitaM01M.mid,94,95,48.0,48.5,58.08125,58.665625,0.5,0.5843750000000014,regular,,-0.22496636500027792,True,-0.13214248824762367,9,-0.09282387675265424,True,85.561497326203,-6.231443850265831
Bach/Fugue/bwv_848/MiyashitaM01M.mid,95,96,48.5,49.0,58.665625,59.30104100000001,0.5,0.6354160000000135,regular,,-0.34577332319371074,True,-0.24211588582755467,9,-0.10365743736615607,True,78.68860714870091,-6.932938421446494
Bach/Fugue/bwv_848/MiyashitaM01M.mid,96,97,49.0,49.5,59.30104100000001,59.935417,0.5,0.634375999999989,regular,,-0.34341009649507553,True,-0.2652256373815189,9,-0.07818445911355665,True,78.81760974564118,-5.2751049850554965
Bach/Fugue/bwv_848/MiyashitaM01M.mid,97,98,49.5,50.0,59.935417,60.5375,0.5,0.6020830000000004,regular,,-0.268034288168042,True,-0.1497484199616128,9,-0.11828586820642917,True,83.04502867544835,-7.871838268144836
Bach/Fugue/bwv_848/MiyashitaM01M.mid,98,99,50.0,50.5,60.5375,61.162847,0.5,0.6253469999999979,regular,,-0.3227288569030871,True,-0.21917037950426857,9,-0.10355847739881854,True,79.95560864607997,-6.926554377007594
Bach/Fugue/bwv_848/MiyashitaM01M.mid,99,100,50.5,51.0,61.162847,61.815972,0.5,0.6531250000000028,regular,,-0.38543103719352667,True,-0.26886552069611713,9,-0.11656551649740954,True,76.55502392344464,-7.761913875597666
Bach/Fugue/bwv_848/MiyashitaM01M.mid,100,101,51.0,51.5,61.815972,62.411979,0.5,0.5960070000000002,regular,,-0.25340118010541274,True,-0.18982582370798862,9,-0.06357535639742412,True,83.89163214526,-4.311023192680866
Bach/Fugue/bwv_848/MiyashitaM01M.mid,101,102,51.5,52.0,62.411979,63.057291000000006,0.5,0.6453120000000041,regular,,-0.368068758704993,True,-0.2730169024661976,9,-0.09505185623879542,True,77.48190022810623,-6.376140533570947
Bach/Fugue/bwv_848/MiyashitaM01M.mid,102,103,52.0,52.5,63.057291000000006,63.653125,0.5,0.5958339999999964,regular,,-0.25298235537320074,True,-0.14295969596328797,9,-0.11002265940991277,True,83.91599002406761,-7.342649127106389
Bach/Fugue/bwv_848/MiyashitaM01M.mid,103,104,52.5,53.0,63.653125,64.271354,0.5,0.6182289999999995,regular,,-0.3062132351012257,True,-0.2683457570362307,9,-0.03786747806499502,True,80.87618018565944,-2.5906258037071144
Bach/Fugue/bwv_848/MiyashitaM01M.mid,104,105,53.0,53.5,64.271354,64.900521,0.5,0.6291669999999954,regular,,-0.3315149080580907,True,-0.2823164367025817,9,-0.04919847135550898,True,79.47015657210306,-3.352686965463543
Bach/Fugue/bwv_848/MiyashitaM01M.mid,105,106,53.5,54.0,64.900521,65.514062,0.5,0.6135409999999979,regular,,-0.2952316606067797,True,-0.20620059625932696,9,-0.08903106434745273,True,81.49414627547331,-5.9846041258845855
Bach/Fugue/bwv_848/MiyashitaM01M.mid,106,107,54.0,54.5,65.514062,66.113541,0.5,0.5994790000000023,regular,,-0.2617811214268649,True,-0.16992500144231246,9,-0.09185611998455243,True,83.40575733261684,-6.1685230008060525
Bach/Fugue/bwv_848/MiyashitaM01M.mid,107,108,54.5,55.0,66.113541,66.713889,0.5,0.6003479999999968,regular,,-0.26387092638998405,True,-0.19945437346298875,9,-0.0644165529269953,True,83.28502801708387,-4.366800588992594
Bach/Fugue/bwv_848/MiyashitaM01M.mid,108,109,55.0,55.5,66.713889,67.322917,0.5,0.6090280000000092,regular,,-0.2845804625259455,True,-0.24052682495316433,9,-0.04405363757278116,True,82.0980316175927,-3.0074150942154376
Bach/Fugue/bwv_848/MiyashitaM01M.mid,109,110,55.5,56.0,67.322917,67.929688,0.5,0.6067709999999948,regular,,-0.2792240402098068,True,-0.1963955340301138,9,-0.08282850617969298,True,82.40341084198228,-5.5795349481098775
Bach/Fugue/bwv_848/MiyashitaM01M.mid,110,111,56.0,56.5,67.929688,68.536979,0.5,0.6072910000000036,regular,,-0.28045989384355924,True,-0.19639553403013163,9,-0.08406435981342761,True,82.33285196059173,-5.660383572290205
Bach/Fugue/bwv_848/MiyashitaM01M.mid,111,112,56.5,57.0,68.536979,69.13125,0.5,0.594270999999992,regular,,-0.24919288529219305,True,-0.2320221461755266,9,-0.017170739116666445,True,84.13669857691302,-1.1831302553905692
Bach/Fugue/bwv_848/MiyashitaM01M.mid,112,113,57.0,57.5,69.13125,69.766667,0.5,0.6354170000000039,regular,,-0.34577559366516847,True,-0.23362059701674298,9,-0.11215499664842549,True,78.68848331095909,-7.4794977156718065
Bach/Fugue/bwv_848/MiyashitaM01M.mid,113,114,57.5,58.0,69.766667,70.378472,0.5,0.6118050000000039,regular,,-0.2911438025379029,True,-0.20728566779207896,9,-0.08385813474582393,True,81.72538635676348,-5.646897295707081
Bach/Fugue/bwv_848/MiyashitaM01M.mid,114,115,58.0,58.5,70.378472,70.993055,0.5,0.6145829999999961,regular,,-0.2976797661617974,True,-0.20076296326498916,9,-0.09691680289680826,True,81.35597632866565,-6.497088269606949
Bach/Fugue/bwv_848/MiyashitaM01M.mid,115,116,58.5,59.0,70.993055,71.615625,0.5,0.6225699999999961,regular,,-0.31630796394027244,True,-0.19530475783339174,9,-0.1210032061068807,True,80.3122540437225,-8.045199736576638
Bach/Fugue/bwv_848/MiyashitaM01M.mid,116,117,59.0,59.5,71.615625,72.201042,0.5,0.5854170000000067,regular,,-0.22753654607555868,True,-0.18322351822875213,9,-0.044313027846806546,True,85.40920403746291,-3.0248523701930243
Bach/Fugue/bwv_848/MiyashitaM01M.mid,117,118,59.5,60.0,72.201042,72.788542,0.5,0.5875000000000057,regular,,-0.23266075679028894,True,-0.13955069755834426,9,-0.09311005923194468,True,85.10638297872258,-6.250042553192291
Bach/Fugue/bwv_848/MiyashitaM01M.mid,118,119,60.0,60.5,72.788542,73.390625,0.5,0.6020829999999933,regular,,-0.268034288168025,True,-0.13340044069414056,9,-0.13463384747388443,True,83.04502867544933,-8.909901126587108
Bach/Fugue/bwv_848/MiyashitaM01M.mid,119,120,60.5,61.0,73.390625,73.974479,0.5,0.5838540000000023,regular,,-0.2236795553659782,True,-0.1615497781374512,9,-0.062129777228527,True,85.63784781811857,-4.215094869607035
Bach/Fugue/bwv_848/MiyashitaM01M.mid,120,121,61.0,61.5,73.974479,74.59322900000002,0.5,0.6187500000000199,regular,,-0.3074285251922937,True,-0.15143802341912008,9,-0.1559905017731736,True,80.8080808080782,-10.24840404040594
Bach/Fugue/bwv_848/MiyashitaM01M.mid,121,122,61.5,62.0,74.59322900000002,75.190625,0.5,0.597395999999975,regular,,-0.2567594829027548,True,-0.1375035237499274,9,-0.11925595915282741,True,83.69657647523937,-7.933765877237174
Bach/Fugue/bwv_848/MiyashitaM01M.mid,122,123,62.0,62.5,75.190625,75.790625,0.5,0.6000000000000085,regular,,-0.2630344058338143,True,-0.16490724839161836,9,-0.09812715744219597,True,83.33333333333215,-6.575500000001383
Bach/Fugue/bwv_848/MiyashitaM01M.mid,123,124,62.5,63.0,75.790625,76.392708,0.5,0.6020829999999933,regular,,-0.268034288168025,True,-0.12653416799813277,9,-0.14150012016989222,True,83.04502867544933,-9.342399635929697
Bach/Fugue/bwv_848/MiyashitaM01M.mid,124,125,63.0,63.5,76.392708,77.014583,0.5,0.6218750000000028,regular,,-0.31469652565629297,True,-0.18322097696851514,9,-0.13147554868777783,True,80.4020100502509,-8.710271356784952
Bach/Fugue/bwv_848/MiyashitaM01M.mid,125,126,63.5,64.0,77.014583,77.619271,0.5,0.6046879999999959,regular,,-0.274262854182677,True,-0.09627264961325484,9,-0.17799020456942216,True,82.6872701293896,-11.606646733521766
Bach/Fugue/bwv_848/MiyashitaM01M.mid,126,127,64.0,64.5,77.619271,78.206771,0.5,0.5875000000000057,regular,,-0.23266075679028894,True,-0.1292830169449665,9,-0.10337773984532245,True,85.10638297872258,-6.914893617022172
Bach/Fugue/bwv_848/MiyashitaM01M.mid,127,128,64.5,65.0,78.206771,78.796355,0.5,0.5895840000000021,regular,,-0.237769278538394,True,-0.10293488728786386,9,-0.13483439125053015,True,84.80555781703679,-8.92256234904321
Bach/Fugue/bwv_848/MiyashitaM01M.mid,128,129,65.0,65.5,78.796355,79.409375,0.5,0.6130199999999917,regular,,-0.29400604824584975,True,-0.1548190809726439,9,-0.13918696727320584,True,81.56340739290835,-9.196926690808354
Bach/Fugue/bwv_848/MiyashitaM01M.mid,129,130,65.5,66.0,79.409375,80.00573,0.5,0.5963550000000026,regular,,-0.25424330336745576,True,-0.14635544403893863,9,-0.10788785932851713,True,83.84267759975145,-7.2054397129268715
Bach/Fugue/bwv_848/MiyashitaM01M.mid,130,131,66.0,66.5,80.00573,80.58645899999998,0.5,0.5807289999999767,regular,,-0.21593698515202417,True,-0.15312824525127575,9,-0.06280873990074842,True,86.09867941845852,-4.260162657621884
Bach/Fugue/bwv_848/MiyashitaM01M.mid,131,132,66.5,67.0,80.58645899999998,81.19895799999998,0.5,0.6124989999999997,regular,,-0.2927793938054474,True,-0.26834815269001044,9,-0.02443124111543693,True,81.63278633924304,-1.6791864149975897
Bach/Fugue/bwv_848/MiyashitaM01M.mid,132,133,67.0,67.5,81.19895799999998,81.814583,0.5,0.6156250000000227,regular,,-0.30012372456906716,True,-0.15650534860014115,9,-0.14361837596892602,True,81.21827411167213,-9.475411167515393
Bach/Fugue/bwv_848/MiyashitaM01M.mid,133,134,67.5,68.0,81.814583,82.41770799999998,0.5,0.6031249999999773,regular,,-0.27052894238066366,True,-0.10153981932470932,9,-0.16898912305595434,True,82.9015544041482,-11.05343005180882
Bach/Fugue/bwv_848/MiyashitaM01M.mid,134,135,68.0,68.5,82.41770799999998,83.017188,0.5,0.5994800000000282,regular,,-0.2617835280063697,True,-0.10713076767016827,9,-0.15465276033620146,True,83.40561820243819,-10.165143124046306
Bach/Fugue/bwv_848/MiyashitaM01M.mid,135,136,68.5,69.0,83.017188,83.659896,0.5,0.642707999999999,regular,,-0.3622353353034046,True,-0.20457145724063527,9,-0.15766387806276935,True,77.79582640950491,-10.352446211965528
Bach/Fugue/bwv_848/MiyashitaM01M.mid,136,137,69.0,69.5,83.659896,84.276041,0.5,0.616145000000003,regular,,-0.3013418114940611,True,-0.1615523578588731,9,-0.139789453635188,True,81.14972936565216,-9.234839201813328
Bach/Fugue/bwv_848/MiyashitaM01M.mid,137,138,69.5,70.0,84.276041,84.89375,0.5,0.6177089999999907,regular,,-0.3049992559768024,True,-0.14295969596336225,9,-0.16203956001344014,True,80.94426339910984,-10.623934571128107
Bach/Fugue/bwv_848/MiyashitaM01M.mid,138,139,70.0,70.5,84.89375,85.476563,0.5,0.5828130000000016,regular,,-0.2211049630681879,True,-0.12239707314185881,9,-0.09870788992632908,True,85.79081111780256,-6.61309888420585
Bach/Fugue/bwv_848/MiyashitaM01M.mid,139,140,70.5,71.0,85.476563,86.098959,0.5,0.6223959999999948,regular,,-0.3159046935879079,True,-0.20130764976121546,9,-0.11459704382669245,True,80.3347065212508,-7.6359745242564365
Bach/Fugue/bwv_848/MiyashitaM01M.mid,140,141,71.0,71.5,86.098959,86.698437,0.5,0.5994780000000048,regular,,-0.26177871484341414,True,-0.16992500144231246,9,-0.09185371340110168,True,83.40589646325569,-6.168366478837343
Bach/Fugue/bwv_848/MiyashitaM01M.mid,141,142,71.5,72.0,86.698437,87.304167,0.5,0.6057300000000083,regular,,-0.2767467706544682,True,-0.15987198245993992,9,-0.11687478819452826,True,82.54502831294359,-7.78168490911929
Bach/Fugue/bwv_848/MiyashitaM01M.mid,142,143,72.0,72.5,87.304167,87.892188,0.5,0.5880209999999977,regular,,-0.23393958407709642,True,-0.15481908097257008,9,-0.07912050310452634,True,85.03097678484305,-5.336544103021361
Bach/Fugue/bwv_848/MiyashitaM01M.mid,143,144,72.5,73.0,87.892188,88.510937,0.5,0.618748999999994,regular,,-0.30742619356200024,True,-0.1848769293761089,9,-0.12254926418589135,True,80.80821140721113,-8.143689929199805
Bach/Fugue/bwv_848/MiyashitaM01M.mid,144,145,73.0,73.5,88.510937,89.114584,0.5,0.6036469999999952,regular,,-0.2717770436928241,True,-0.23202460291186938,9,-0.039752440780954745,True,82.8298657990521,-2.717813556596718
Bach/Fugue/bwv_848/MiyashitaM01M.mid,145,146,73.5,74.0,89.114584,89.716667,0.5,0.6020830000000075,regular,,-0.26803428816805897,True,-0.13442599163554206,9,-0.1336082965325169,True,83.04502867544737,-8.845126004223088
Bach/Fugue/bwv_848/MiyashitaM01M.mid,146,147,74.0,74.5,89.716667,90.345833,0.5,0.6291659999999979,regular,,-0.33151261503225854,True,-0.09627804786044712,9,-0.2352345671718114,True,79.47028288241921,-15.04531395529582
Bach/Fugue/bwv_848/MiyashitaM01M.mid,147,148,74.5,75.0,90.345833,90.979166,0.5,0.6333330000000075,regular,,-0.3410361585217048,True,-0.1715962768842005,9,-0.1694398816375043,True,78.9474099723201,-11.081216358535618
Bach/Fugue/bwv_848/MiyashitaM01M.mid,148,149,75.0,75.5,90.979166,91.616667,0.5,0.6375010000000003,regular,,-0.3504995101334035,True,-0.130999379745113,9,-0.21950013038829053,True,78.43124951960856,-14.11370335105062
Bach/Fugue/bwv_848/MiyashitaM01M.mid,149,150,75.5,76.0,91.616667,92.239583,0.5,0.6229159999999894,regular,,-0.3171095345672873,True,-0.19639553403006005,9,-0.12071400053722725,True,80.26764443360076,-8.026764443361909
Bach/Fugue/bwv_848/MiyashitaM01M.mid,150,151,76.0,76.5,92.239583,92.869791,0.5,0.6302080000000103,regular,,-0.3338999734748914,True,-0.17658830622792568,9,-0.15731166724696574,True,79.3388849395742,-10.330557530215152
Bach/Fugue/bwv_848/MiyashitaM01M.mid,151,152,76.5,77.0,92.869791,93.52448,0.5,0.6546889999999905,regular,,-0.3888816442669866,True,-0.24634484443383814,9,-0.1425367998331485,True,76.37214005428642,-9.407520211881955
Bach/Fugue/bwv_848/MiyashitaM01M.mid,152,153,77.0,77.5,93.52448,94.142708,0.5,0.618228000000002,regular,,-0.30621090150606267,True,-0.2447604372934325,9,-0.061450464212630174,True,80.87631100500113,-4.169982595417439
Bach/Fugue/bwv_848/MiyashitaM01M.mid,153,154,77.5,78.0,94.142708,94.751563,0.5,0.6088550000000055,regular,,-0.28417059352579044,True,-0.13613625039123442,9,-0.14803434313455602,True,82.12135894424706,-9.752075617349618
Bach/Fugue/bwv_848/MiyashitaM01M.mid,154,155,78.0,78.5,94.751563,95.363021,0.5,0.611457999999999,regular,,-0.2903253110236113,True,-0.16992756623128272,9,-0.12039774479232859,True,81.77176519074096,-8.006600616881803
Bach/Fugue/bwv_848/MiyashitaM01M.mid,155,156,78.5,79.0,95.363021,96.015105,0.5,0.6520840000000021,regular,,-0.3831297262831367,True,-0.24158639332071352,9,-0.14154333296242316,True,76.67723790186515,-9.345115046528836
Bach/Fugue/bwv_848/MiyashitaM01M.mid,156,157,79.0,79.5,96.015105,96.627083,0.5,0.6119779999999935,regular,,-0.29155169551193716,True,-0.19147168982723603,9,-0.10008000568470113,True,81.70228341541777,-6.701874903998238
Bach/Fugue/bwv_848/MiyashitaM01M.mid,157,158,79.5,80.0,96.627083,97.240625,0.5,0.6135419999999954,regular,,-0.2952340120288713,True,-0.12584415334207338,9,-0.1693898586867979,True,81.4940134497726,-11.078133200336003
Bach/Fugue/bwv_848/MiyashitaM01M.mid,158,159,80.0,80.5,97.240625,97.85625,0.5,0.6156250000000085,regular,,-0.30012372456903386,True,-0.20293796969859706,9,-0.09718575487043679,True,81.218274111674,-6.5145177664968745
Bach/Fugue/bwv_848/MiyashitaM01M.mid,159,160,80.5,81.0,97.85625,98.494791,0.5,0.6385410000000036,regular,,-0.3528511618419641,True,-0.2510876522964451,9,-0.101763509545519,True,78.30350752731574,-6.810682477712134
Bach/Fugue/bwv_848/MiyashitaM01M.mid,160,161,81.0,81.5,98.494791,99.115625,0.5,0.6208339999999879,regular,,-0.3122794740555116,True,-0.12584415334211094,9,-0.18643532071340066,True,80.53682626918142,-12.122564163687045
Bach/Fugue/bwv_848/MiyashitaM01M.mid,161,162,81.5,82.0,99.115625,99.729687,0.5,0.6140620000000041,regular,,-0.2964562326572563,True,-0.1429570827806502,9,-0.1534991498766061,True,81.42500268702454,-10.093280483077184
Bach/Fugue/bwv_848/MiyashitaM01M.mid,162,163,82.0,82.5,99.729687,100.342709,0.5,0.6130220000000008,regular,,-0.2940107550831277,True,-0.11721362078312646,9,-0.1767971343000012,True,81.56314129019829,-11.533517557280899
Bach/Fugue/bwv_848/MiyashitaM01M.mid,163,164,82.5,83.0,100.342709,100.963541,0.5,0.6208320000000072,regular,,-0.31227482644487564,True,-0.14125489553244908,9,-0.17101993091242657,True,80.53708571723014,-11.178547497554105
Bach/Fugue/bwv_848/MiyashitaM01M.mid,164,165,83.0,83.5,100.963541,101.571875,0.5,0.6083339999999993,regular,,-0.28293554430629186,True,-0.13784448410226233,9,-0.14509106020402954,True,82.19169074883216,-9.567770336688284
Bach/Fugue/bwv_848/MiyashitaM01M.mid,165,166,83.5,84.0,101.571875,102.235938,0.5,0.6640629999999987,regular,,-0.4093920224017915,True,-0.21593698515205934,9,-0.19345503724973218,True,75.29406095506013,-12.549110551259144
Bach/Fugue/bwv_848/MiyashitaM01M.mid,166,167,84.0,84.5,102.235938,102.8875,0.5,0.6515619999999984,regular,,-0.38197437145276486,True,-0.2526651297207665,9,-0.12930924173199837,True,76.7386680008965,-8.573090511723858
Bach/Fugue/bwv_848/MiyashitaM01M.mid,167,168,84.5,85.0,102.8875,103.51302,0.5,0.6255199999999945,regular,,-0.3231279181040946,True,-0.19147168982723603,9,-0.13165622827685855,True,79.93349533188457,-8.72170354265114
Bach/Fugue/bwv_848/MiyashitaM01M.mid,168,169,85.0,85.5,103.51302,104.132292,0.5,0.6192720000000094,regular,,-0.30864512207984,True,-0.2320221461755964,9,-0.0766229759042436,True,80.7399656370694,-5.172525158573376
Bach/Fugue/bwv_848/MiyashitaM01M.mid,169,170,85.5,86.0,104.132292,104.761979,0.5,0.6296869999999899,regular,,-0.3327067880758266,True,-0.2761250009675494,9,-0.056581787108277215,True,79.40452955198504,-3.8460377933784375
Bach/Fugue/bwv_848/MiyashitaM01M.mid,170,171,86.0,86.5,104.761979,105.420312,0.5,0.658332999999999,regular,,-0.3968894220898955,True,-0.29001855194063164,9,-0.10687087014926389,True,75.94940554400293,-7.140003615191515
Bach/Fugue/bwv_848/MiyashitaM01M.mid,171,172,86.5,87.0,105.420312,106.029687,0.5,0.609375,regular,,-0.28540221886224837,True,-0.10153713002990318,9,-0.1838650888323452,True,82.05128205128204,-11.965866666667308
Bach/Fugue/bwv_848/MiyashitaM01M.mid,172,173,87.0,87.5,106.029687,106.645139,0.5,0.6154520000000048,regular,,-0.2997182483173907,True,-0.14465987414690318,9,-0.1550583741704875,True,81.24110409910051,-10.190396651567614
Bach/Fugue/bwv_848/MiyashitaM01M.mid,173,174,87.5,88.0,106.645139,107.288542,0.5,0.6434030000000064,regular,,-0.3637945679839878,True,-0.23148893542559187,9,-0.13230563255839592,True,77.71179183186821,-8.762781646964338
Bach/Fugue/bwv_848/MiyashitaM01M.mid,174,175,88.0,88.5,107.288542,107.927605,0.5,0.639062999999993,regular,,-0.35403006681288546,True,-0.26428900484789064,9,-0.08974106196499482,True,78.23954758764089,-6.030860807149767
Bach/Fugue/bwv_848/MiyashitaM01M.mid,175,176,88.5,89.0,107.927605,108.544792,0.5,0.6171870000000013,regular,,-0.3037795794110296,True,-0.2526651297207665,9,-0.05111444969026313,True,81.01272385840905,-3.4809547187482623
Bach/Fugue/bwv_848/MiyashitaM01M.mid,176,177,89.0,89.5,108.544792,109.157292,0.5,0.6124999999999972,regular,,-0.29278174922783917,True,-0.16155235785890965,9,-0.13122939136892953,True,81.63265306122487,-8.694693877549915
Bach/Fugue/bwv_848/MiyashitaM01M.mid,177,178,89.5,90.0,109.157292,109.775,0.5,0.6177080000000075,regular,,-0.30499692041720305,True,-0.26209394309808237,9,-0.04290297731912068,True,80.94439443879534,-2.930025189896577
Bach/Fugue/bwv_848/MiyashitaM01M.mid,178,179,90.0,90.5,109.775,110.418229,0.5,0.643228999999991,regular,,-0.36340435704773366,True,-0.2042459094584873,9,-0.15915844758924635,True,77.73281366356414,-10.445269103228414
Bach/Fugue/bwv_848/MiyashitaM01M.mid,179,180,90.5,91.0,110.418229,111.071354,0.5,0.6531250000000028,regular,,-0.38543103719352667,True,-0.20163135213262845,9,-0.18379968506089822,True,76.55502392344464,-11.961875598085687
Bach/Fugue/bwv_848/MiyashitaM01M.mid,180,181,91.0,91.5,111.071354,111.657639,0.5,0.5862850000000037,regular,,-0.22967405121690462,True,-0.15930883837744406,9,-0.07036521283946057,True,85.28275497411613,-4.760312817146616
Bach/Fugue/bwv_848/MiyashitaM01M.mid,181,182,91.5,92.0,111.657639,112.292709,0.5,0.6350699999999989,regular,,-0.34498752548085226,True,-0.27457059604567474,9,-0.07041692943517752,True,78.7314784197019,-4.76372683326054
Bach/Fugue/bwv_848/MiyashitaM01M.mid,182,183,92.0,92.5,112.292709,112.9375,0.5,0.6447909999999979,regular,,-0.3669035119655095,True,-0.2807710670195492,9,-0.08613244494596034,True,77.54450666960328,-5.7955213394747265
Bach/Fugue/bwv_848/MiyashitaM01M.mid,183,184,92.5,93.0,112.9375,113.553646,0.5,0.6161460000000005,regular,,-0.30134415297839773,True,-0.19967297294835276,9,-0.10167118003004497,True,81.14959766029473,-6.804718362206545
Bach/Fugue/bwv_848/MiyashitaM01M.mid,184,185,93.0,93.5,113.553646,114.19513899999998,0.5,0.6414929999999828,regular,,-0.359505427761328,True,-0.16992500144231246,9,-0.18958042631901553,True,77.94317319129179,-12.313930159796728
Bach/Fugue/bwv_848/MiyashitaM01M.mid,185,186,93.5,94.0,114.19513899999998,114.865104,0.5,0.669965000000019,regular,,-0.4221576340482249,True,-0.33538949711646665,9,-0.08676813693175822,True,74.63076429365502,-5.837021336935924
Bach/Fugue/bwv_848/MiyashitaM01M.mid,186,187,94.0,94.5,114.865104,115.497917,0.5,0.6328129999999987,regular,,-0.33985114279136425,True,-0.22881992159512066,9,-0.11103122119624359,True,79.01228324955414,-7.4074015546457
Bach/Fugue/bwv_848/MiyashitaM01M.mid,187,188,94.5,95.0,115.497917,116.120312,0.5,0.6223949999999974,regular,,-0.31590237561639745,True,-0.21593698515213003,9,-0.09996539046426742,True,80.33483559475928,-6.69446251977895
Bach/Fugue/bwv_848/MiyashitaM01M.mid,188,189,95.0,95.5,116.120312,116.776042,0.5,0.6557300000000055,regular,,-0.39117380555816583,True,-0.22721367502946152,9,-0.1639601305287043,True,76.25089594802675,-10.7428362283248
Bach/Fugue/bwv_848/MiyashitaM01M.mid,189,190,95.5,96.0,116.776042,117.405208,0.5,0.6291659999999979,regular,,-0.33151261503225854,True,-0.2288174593955905,9,-0.10269515563666803,True,79.47028288241921,-6.870841717447658
Bach/Fugue/bwv_848/MiyashitaM01M.mid,190,191,96.0,96.5,117.405208,118.023958,0.5,0.6187499999999915,regular,,-0.30742852519222746,True,-0.2110770042475264,9,-0.09635152094470106,True,80.80808080808191,-6.460444444444673
Bach/Fugue/bwv_848/MiyashitaM01M.mid,191,192,96.5,97.0,118.023958,118.659375,0.5,0.6354170000000039,regular,,-0.34577559366516847,True,-0.2223940701297871,9,-0.12338152353538137,True,78.68848331095909,-8.196664552573232
Bach/Fugue/bwv_848/MiyashitaM01M.mid,192,193,97.0,97.5,118.659375,119.304167,0.5,0.6447920000000096,regular,,-0.3669057494253051,True,-0.2792216625480438,9,-0.08768408687726131,True,77.54438640677809,-5.8967853199167255
Bach/Fugue/bwv_848/MiyashitaM01M.mid,193,194,97.5,98.0,119.304167,119.965104,0.5,0.6609369999999899,regular,,-0.40258466683164884,True,-0.26678534157125516,9,-0.13579932526039368,True,75.65017543275798,-8.983458332638296
Bach/Fugue/bwv_848/MiyashitaM01M.mid,194,195,98.0,98.5,119.965104,120.589583,0.5,0.624479000000008,regular,,-0.32072496276612844,True,-0.20130764976121546,9,-0.11941731300491298,True,80.06674363749518,-7.944062170225617
Bach/Fugue/bwv_848/MiyashitaM01M.mid,195,196,98.5,99.0,120.589583,121.206771,0.5,0.6171879999999987,regular,,-0.3037819169422293,True,-0.22561057350119235,9,-0.07817134344103693,True,81.0125925973935,-5.274243828459969
Bach/Fugue/bwv_848/MiyashitaM01M.mid,196,197,99.0,99.5,121.206771,121.857812,0.5,0.6510409999999922,regular,,-0.38082030662043526,True,-0.24158639332074838,9,-0.13923391329968687,True,76.80007864328145,-9.199881420676087
Bach/Fugue/bwv_848/MiyashitaM01M.mid,197,198,99.5,100.0,121.857812,122.492708,0.5,0.6348959999999977,regular,,-0.3445921937338806,True,-0.19146916305447953,9,-0.15312303067940108,True,78.75305561855829,-10.06983820971901
Bach/Fugue/bwv_848/MiyashitaM01M.mid,198,199,100.0,100.5,122.492708,123.078125,0.5,0.5854170000000067,regular,,-0.22753654607555868,True,-0.15987198245993992,9,-0.06766456361561876,True,85.40920403746291,-4.581862159794987
Bach/Fugue/bwv_848/MiyashitaM01M.mid,199,200,100.5,101.0,123.078125,123.695833,0.5,0.6177079999999933,regular,,-0.3049969204171698,True,-0.30225938224638577,9,-0.0027375381707840374,True,80.9443944387972,-0.18957177177786685
Bach/Fugue/bwv_848/MiyashitaM01M.mid,200,201,101.0,101.5,123.695833,124.301041,0.5,0.6052080000000046,regular,,-0.2755029631961243,True,-0.14465726404202148,9,-0.1308456991541028,True,82.61622450463248,-8.670407529310431
Bach/Fugue/bwv_848/MiyashitaM01M.mid,201,202,101.5,102.0,124.301041,124.925,0.5,0.6239589999999993,regular,,-0.3195231386232253,True,-0.20032606143123216,9,-0.11919707719199313,True,80.13347030814533,-7.93000822169221
Bach/Fugue/bwv_848/MiyashitaM01M.mid,202,203,102.0,102.5,124.925,125.518055,0.5,0.5930550000000068,regular,,-0.24623781181943483,True,-0.17547989042348636,9,-0.07075792139594847,True,84.30921246764538,-4.786233991788243
Bach/Fugue/bwv_848/MiyashitaM01M.mid,203,204,102.5,103.0,125.518055,126.164931,0.5,0.6468759999999918,regular,,-0.37156109286342404,True,-0.26886552069610015,9,-0.10269557216732389,True,77.29456650115422,-6.8708686054196
Bach/Fugue/bwv_848/MiyashitaM01M.mid,204,205,103.0,103.5,126.164931,126.790625,0.5,0.62569400000001,regular,,-0.3235291747056914,True,-0.2500350416136521,9,-0.07349413309203934,True,79.91126652964421,-4.966645037350255
Bach/Fugue/bwv_848/MiyashitaM01M.mid,205,206,103.5,104.0,126.790625,127.427083,0.5,0.6364579999999904,regular,,-0.34813721862502733,True,-0.1799084532390896,9,-0.16822876538593773,True,78.55977927844532,-11.006539316023465
Bach/Fugue/bwv_848/MiyashitaM01M.mid,206,207,104.0,104.5,127.427083,128.071528,0.5,0.6444450000000046,regular,,-0.36612914249999307,True,-0.24950844813220596,9,-0.1166206943677871,True,77.58614001194772,-7.765441581515778
Bach/Fugue/bwv_848/MiyashitaM01M.mid,207,208,104.5,105.0,128.071528,128.692361,0.5,0.6208330000000046,regular,,-0.3122771502520816,True,-0.29971590419269883,9,-0.012561246059382747,True,80.5369559929959,-0.8668997943104627
Bach/Fugue/bwv_848/MiyashitaM01M.mid,208,209,105.0,105.5,128.692361,129.320833,0.5,0.6284719999999879,regular,,-0.3299203755165617,True,-0.16490724839161836,9,-0.16501312712494337,True,79.55803918074467,-10.807959622702294
Bach/Fugue/bwv_848/MiyashitaM01M.mid,209,210,105.5,106.0,129.320833,129.929167,0.5,0.6083340000000135,regular,,-0.28293554430632556,True,-0.13955069755834426,9,-0.1433848467479813,True,82.19169074883024,-9.460756755336968
Bach/Fugue/bwv_848/MiyashitaM01M.mid,210,211,106.0,106.5,129.929167,130.547395,0.5,0.6182279999999878,regular,,-0.3062109015060296,True,-0.1279079268710363,9,-0.17830297463499328,True,80.87631100500299,-11.625807954346199
Bach/Fugue/bwv_848/MiyashitaM01M.mid,211,212,106.5,107.0,130.547395,131.183854,0.5,0.6364590000000021,regular,,-0.3481394853793526,True,-0.1548190809726439,9,-0.19332040440670867,True,78.55965584585941,-12.540949220610088
Bach/Fugue/bwv_848/MiyashitaM01M.mid,212,213,107.0,107.5,131.183854,131.790104,0.5,0.606250000000017,regular,,-0.277984747299806,True,-0.18652591234330615,9,-0.09145883495649984,True,82.47422680412139,-6.142680412375168
Bach/Fugue/bwv_848/MiyashitaM01M.mid,213,214,107.5,108.0,131.790104,132.4625,0.5,0.672395999999992,regular,,-0.42738304729924054,True,-0.347250644642229,9,-0.08013240265701155,True,74.3609420639037,-5.402917328478372
Bach/Fugue/bwv_848/MiyashitaM01M.mid,214,215,108.0,108.5,132.4625,133.45286399999998,0.5,0.9903639999999712,regular,,-0.9860307782618825,True,-0.6287512023481805,9,-0.35727957591370196,True,50.486487796407644,-21.93647992051086
Bach/Fugue/bwv_848/MiyashitaM01M.mid,215,216,108.5,109.0,133.45286399999998,135.404792,0.5,1.9519280000000094,regular,,-1.9648998377580291,True,-1.2104275186779994,9,-0.7544723190800298,True,25.615698939714864,-40.72368448016609
Bach/Fugue/bwv_848/Mizumoto03M.mid,0,1,1.0,1.5,0.88151,1.459635,0.5,0.578125,regular,,-0.2094533656289497,True,-0.161887682376894,9,-0.04756568325205571,True,86.48648648648648,-3.2432432432432425
Bach/Fugue/bwv_848/Mizumoto03M.mid,1,2,1.5,2.0,1.459635,2.1276040000000003,0.5,0.6679690000000003,regular,,-0.417853054841836,True,-0.3750405437860456,9,-0.04281251105579037,True,74.85377315414335,-2.9239380869471705
Bach/Fugue/bwv_848/Mizumoto03M.mid,2,3,2.0,2.5,2.1276040000000003,2.729167,0.5,0.6015629999999996,regular,,-0.26678773981755305,True,-0.24285733668187354,9,-0.023930403135679512,True,83.116814032778,-1.645047983336654
Bach/Fugue/bwv_848/Mizumoto03M.mid,3,4,2.5,3.0,2.729167,3.3619790000000003,0.5,0.6328120000000004,regular,,-0.33984886297698247,True,-0.3098537107795227,9,-0.029995152197459796,True,79.01240810856932,-2.057641131963392
Bach/Fugue/bwv_848/Mizumoto03M.mid,4,5,3.0,3.5,3.3619790000000003,4.042969,0.5,0.68099,regular,,-0.4457055182452343,True,-0.30073289658743935,9,-0.14497262165779495,True,73.42251721758029,-9.560345966900998
Bach/Fugue/bwv_848/Mizumoto03M.mid,5,6,3.5,4.0,4.042969,4.71875,0.5,0.6757809999999997,regular,,-0.434627693922853,True,-0.3692330650487287,9,-0.06539462887412428,True,73.98846667781429,-4.431613200134515
Bach/Fugue/bwv_848/Mizumoto03M.mid,6,7,4.0,4.5,4.71875,5.326823,0.5,0.6080730000000001,regular,,-0.28231643670258794,True,-0.254240884177117,9,-0.028075552525470948,True,82.226969459259,-1.9272357101861526
Bach/Fugue/bwv_848/Mizumoto03M.mid,7,8,4.5,5.0,5.326823,5.913411,0.5,0.5865879999999999,regular,,-0.23041946288058618,True,-0.17492536301108502,9,-0.05549409986950116,True,85.23870246237564,-3.7735173580093018
Bach/Fugue/bwv_848/Mizumoto03M.mid,8,9,5.0,5.5,5.913411,6.481771,0.5,0.5683600000000002,regular,,-0.18487692937618555,True,-0.17126320161136432,9,-0.013613727764821226,True,87.9724118516433,-0.9391934689286169
Bach/Fugue/bwv_848/Mizumoto03M.mid,9,10,5.5,6.0,6.481771,7.0774740000000005,0.5,0.5957030000000003,regular,,-0.2526651297207665,True,-0.2526651297207665,9,0.0,True,83.9344438419816,0.0
Bach/Fugue/bwv_848/Mizumoto03M.mid,10,11,6.0,6.5,7.0774740000000005,7.674478999999999,0.5,0.5970049999999985,regular,,-0.25581491942515555,True,-0.25581491942515555,9,0.0,True,83.75139236689832,0.0
Bach/Fugue/bwv_848/Mizumoto03M.mid,11,12,6.5,7.0,7.674478999999999,8.311849,0.5,0.6373700000000015,regular,,-0.3502030204477493,True,-0.2667877398175594,9,-0.08341528063018994,True,78.44736965969513,-5.61792993080929
Bach/Fugue/bwv_848/Mizumoto03M.mid,12,13,7.0,7.5,8.311849,8.9375,0.5,0.6256509999999995,regular,,-0.32343002397300336,True,-0.19639805218946346,9,-0.1270319717835399,True,79.91675870413384,-8.428660707007593
Bach/Fugue/bwv_848/Mizumoto03M.mid,13,14,7.5,8.0,8.9375,9.546875,0.5,0.609375,regular,,-0.28540221886224837,True,-0.1980364418283263,9,-0.08736577703392207,True,82.05128205128204,-5.876020512820834
Bach/Fugue/bwv_848/Mizumoto03M.mid,14,15,8.0,8.5,9.546875,10.125651,0.5,0.5787759999999995,regular,,-0.21107700424754847,True,-0.21107700424754847,9,0.0,True,86.38920756907689,0.0
Bach/Fugue/bwv_848/Mizumoto03M.mid,15,16,8.5,9.0,10.125651,10.727213,0.5,0.6015620000000013,regular,,-0.26678534157125516,True,-0.23362059701671248,9,-0.033164744554542686,True,83.11695220110296,-2.2725837070826227
Bach/Fugue/bwv_848/Mizumoto03M.mid,16,17,9.0,9.5,10.727213,11.28125,0.5,0.5540369999999992,regular,,-0.1480542314485733,True,-0.12974196827838796,9,-0.018312263170185333,True,90.24668027586617,-1.2612876035354696
Bach/Fugue/bwv_848/Mizumoto03M.mid,17,18,9.5,10.0,11.28125,11.911458,0.5,0.6302079999999997,regular,,-0.333899973474867,True,-0.3083375737903656,9,-0.025562399684501413,True,79.33888493957555,-1.756245557022413
Bach/Fugue/bwv_848/Mizumoto03M.mid,18,19,10.0,10.5,11.911458,12.519531,0.5,0.608073000000001,regular,,-0.28231643670259005,True,-0.25424330336745155,9,-0.0280731333351385,True,82.22696945925887,-1.9270712562472088
Bach/Fugue/bwv_848/Mizumoto03M.mid,19,20,10.5,11.0,12.519531,13.117188,0.5,0.5976569999999999,regular,,-0.25738965313235124,True,-0.2272136750294351,9,-0.03017597810291614,True,83.66002573382393,-2.0699163567062677
Bach/Fugue/bwv_848/Mizumoto03M.mid,20,21,11.0,11.5,13.117188,13.684028,0.5,0.5668399999999991,regular,,-0.18101347311709295,True,-0.15313084007554387,9,-0.027882633041549088,True,88.20831275139382,-1.9141203867048675
Bach/Fugue/bwv_848/Mizumoto03M.mid,21,22,11.5,12.0,13.684028,14.29427,0.5,0.6102419999999995,regular,,-0.2874533821555603,True,-0.26969866798385195,9,-0.017754714171708375,True,81.93470786999264,-1.2231213190827652
Bach/Fugue/bwv_848/Mizumoto03M.mid,22,23,12.0,12.5,14.29427,14.917969,0.5,0.6236990000000002,regular,,-0.31892185090486086,True,-0.26522323653707736,9,-0.053698614367783504,True,80.16687536776551,-3.6536855117616027
Bach/Fugue/bwv_848/Mizumoto03M.mid,23,24,12.5,13.0,14.917969,15.502604000000002,0.5,0.5846350000000022,regular,,-0.22560810581826454,True,-0.22560810581826454,9,0.0,True,85.52344625278987,0.0
Bach/Fugue/bwv_848/Mizumoto03M.mid,24,25,13.0,13.5,15.502604000000002,16.092448,0.5,0.5898439999999994,regular,,-0.23840535079834263,True,-0.15987198245993992,9,-0.07853336833840271,True,84.76817599229636,-5.298010999518525
Bach/Fugue/bwv_848/Mizumoto03M.mid,25,26,13.5,14.0,16.092448,16.697266,0.5,0.6048179999999981,regular,,-0.27457298138509,True,-0.22561057350118785,9,-0.04896240788390216,True,82.66949727025347,-3.3368715878159474
Bach/Fugue/bwv_848/Mizumoto03M.mid,26,27,14.0,14.5,16.697266,17.309896,0.5,0.6126299999999993,regular,,-0.2930879213989927,True,-0.2930879213989927,9,0.0,True,81.61533062370444,0.0
Bach/Fugue/bwv_848/Mizumoto03M.mid,27,28,14.5,15.0,17.309896,17.889974,0.5,0.5800780000000003,regular,,-0.21431880991695318,True,-0.16825692320858107,9,-0.04606188670837211,True,86.19530476935856,-3.142336030671828
Bach/Fugue/bwv_848/Mizumoto03M.mid,28,29,15.0,15.5,17.889974,18.479167,0.5,0.5891930000000016,regular,,-0.23681219542313747,True,-0.19967046049874965,9,-0.037141734924387826,True,84.86183644408514,-2.541612001500914
Bach/Fugue/bwv_848/Mizumoto03M.mid,29,30,15.5,16.0,18.479167,19.077474,0.5,0.5983069999999984,regular,,-0.25895784727349375,True,-0.20782789767515486,9,-0.051129949598338886,True,83.56913758321419,-3.48199168654156
Bach/Fugue/bwv_848/Mizumoto03M.mid,30,31,16.0,16.5,19.077474,19.692709,0.5,0.615235000000002,regular,,-0.2992094839815012,True,-0.25109007678007894,9,-0.04811940720142227,True,81.26975871008612,-3.2803725405742226
Bach/Fugue/bwv_848/Mizumoto03M.mid,31,32,16.5,17.0,19.692709,20.269531,0.5,0.576822,regular,,-0.206198095151885,True,-0.206198095151885,9,0.0,True,86.68185332736962,0.0
Bach/Fugue/bwv_848/Mizumoto03M.mid,32,33,17.0,17.5,20.269531,20.849609,0.5,0.5800780000000003,regular,,-0.21431880991695318,True,-0.19147168982722707,9,-0.022847120089726114,True,86.19530476935856,-1.5711680153359115
Bach/Fugue/bwv_848/Mizumoto03M.mid,33,34,17.5,18.0,20.849609,21.436198,0.5,0.586589,regular,,-0.23042192234755668,True,-0.21269881764386162,9,-0.017723104703695064,True,85.23855714989541,-1.2209570926152686
Bach/Fugue/bwv_848/Mizumoto03M.mid,34,35,18.0,18.5,21.436198,22.045573,0.5,0.609375,regular,,-0.28540221886224837,True,-0.16992500144231246,9,-0.11547721741993591,True,82.05128205128204,-7.692307692307687
Bach/Fugue/bwv_848/Mizumoto03M.mid,35,36,18.5,19.0,22.045573,22.626953,0.5,0.5813799999999993,regular,,-0.21755334742078636,True,-0.211077004247544,9,-0.00647634317324236,True,86.00227045994025,-0.4478998245556454
Bach/Fugue/bwv_848/Mizumoto03M.mid,36,37,19.0,19.5,22.626953,23.202257,0.5,0.5753039999999991,regular,,-0.20239640620581417,True,-0.17270767931974293,9,-0.029688726886071243,True,86.91057249732327,-2.036836177046982
Bach/Fugue/bwv_848/Mizumoto03M.mid,37,38,19.5,20.0,23.202257,23.829861,0.5,0.6276040000000016,regular,,-0.3279264523864238,True,-0.28231643670259005,9,-0.04561001568383377,True,79.66807094919706,-3.11199418741764
Bach/Fugue/bwv_848/Mizumoto03M.mid,38,39,20.0,20.5,23.829861,24.384766,0.5,0.554904999999998,regular,,-0.1503127076380001,True,-0.2447628724334186,9,0.09445016479541851,True,90.10551355637485,6.765842801921151
Bach/Fugue/bwv_848/Mizumoto03M.mid,39,40,20.5,21.0,24.384766,24.996094,0.5,0.6113280000000003,regular,,-0.29001855194063164,True,-0.19748800240598471,9,-0.09253054953464693,True,81.78915410385255,-6.212376989112054
Bach/Fugue/bwv_848/Mizumoto03M.mid,40,41,21.0,21.5,24.996094,25.592448,0.5,0.5963540000000016,regular,,-0.2542408841771212,True,-0.19858467284108086,9,-0.055656211336040345,True,83.8428181918791,-3.7843294419086044
Bach/Fugue/bwv_848/Mizumoto03M.mid,41,42,21.5,22.0,25.592448,26.204427,0.5,0.611978999999998,regular,,-0.2915540529396041,True,-0.26136472275018513,9,-0.030189330189418995,True,81.702149910373,-2.0708226916282277
Bach/Fugue/bwv_848/Mizumoto03M.mid,42,43,22.0,22.5,26.204427,26.795573,0.5,0.591146000000002,regular,,-0.24158639332073095,True,-0.19912515541740364,9,-0.042461237903327315,True,84.58147395059737,-2.9002987417664694
Bach/Fugue/bwv_848/Mizumoto03M.mid,43,44,22.5,23.0,26.795573,27.363281,0.5,0.5677079999999997,regular,,-0.18322097696852405,True,-0.18322097696852405,9,0.0,True,88.07344620826206,0.0
Bach/Fugue/bwv_848/Mizumoto03M.mid,44,45,23.0,23.5,27.363281,27.915365,0.5,0.5520840000000007,regular,,-0.14295969596330654,True,-0.14465726404198445,9,0.001697568078677908,True,90.56592837321845,0.11773570688523058
Bach/Fugue/bwv_848/Mizumoto03M.mid,45,46,23.5,24.0,27.915365,28.521484,0.5,0.6061189999999996,regular,,-0.2776729725000262,True,-0.19311568043663094,9,-0.08455729206339527,True,82.49205189080037,-5.692611516880077
Bach/Fugue/bwv_848/Mizumoto03M.mid,46,47,24.0,24.5,28.521484,29.13737,0.5,0.6158859999999997,regular,,-0.30073523906025146,True,-0.31439490561801475,9,0.013659666557763295,True,81.18385545376908,0.9513124182074244
Bach/Fugue/bwv_848/Mizumoto03M.mid,47,48,24.5,25.0,29.13737,29.71875,0.5,0.5813799999999993,regular,,-0.21755334742078636,True,-0.20457145724063527,9,-0.012981890180151084,True,86.00227045994025,-0.8957996491106792
Bach/Fugue/bwv_848/Mizumoto03M.mid,48,49,25.0,25.5,29.71875,30.292318,0.5,0.5735680000000016,regular,,-0.19803644182833532,True,-0.1980364418283263,9,-9.020562075079397e-15,True,87.17362195938382,-6.252577169407234e-13
Bach/Fugue/bwv_848/Mizumoto03M.mid,49,50,25.5,26.0,30.292318,30.909722,0.5,0.617403999999997,regular,,-0.30428673494203645,True,-0.21808925208678628,9,-0.08619748285525017,True,80.98425018302481,-5.799768061106249
Bach/Fugue/bwv_848/Mizumoto03M.mid,50,51,26.0,26.5,30.909722,31.48567700000001,0.5,0.5759550000000111,regular,,-0.20402800182719855,True,-0.20402800182719855,9,0.0,True,86.81233776944211,0.0
Bach/Fugue/bwv_848/Mizumoto03M.mid,51,52,26.5,27.0,31.48567700000001,32.078776,0.5,0.593098999999988,regular,,-0.2463448444337517,True,-0.2081551359872812,9,-0.038189708446470516,True,84.30295785358095,-2.6123800579644274
Bach/Fugue/bwv_848/Mizumoto03M.mid,52,53,27.0,27.5,32.078776,32.641276,0.5,0.5625,regular,,-0.16992500144231246,True,-0.13784448410224365,9,-0.03208051734006881,True,88.88888888888889,-2.199111111110602
Bach/Fugue/bwv_848/Mizumoto03M.mid,53,54,27.5,28.0,32.641276,33.270833,0.5,0.6295570000000055,regular,,-0.33240891037149073,True,-0.2745705960456577,9,-0.05783831432583303,True,79.42092614330325,-3.929747425570858
Bach/Fugue/bwv_848/Mizumoto03M.mid,54,55,28.0,28.5,33.270833,33.90625,0.5,0.6354169999999968,regular,,-0.3457755936651524,True,-0.25424330336743856,9,-0.09153229029771387,True,78.68848331095997,-6.147459070185647
Bach/Fugue/bwv_848/Mizumoto03M.mid,55,56,28.5,29.0,33.90625,34.504558,0.5,0.598308000000003,regular,,-0.2589602585670968,True,-0.2288174593955905,9,-0.030142799171506307,True,83.56899790743188,-2.0676641462259546
Bach/Fugue/bwv_848/Mizumoto03M.mid,56,57,29.0,29.5,34.504558,35.138021,0.5,0.633462999999999,regular,,-0.3413322604291337,True,-0.18982582370798862,9,-0.1515064367211451,True,78.93120829472295,-9.969011607623546
Bach/Fugue/bwv_848/Mizumoto03M.mid,57,58,29.5,30.0,35.138021,35.716146,0.5,0.578125,regular,,-0.2094533656289497,True,-0.2094533656289497,9,0.0,True,86.48648648648648,0.0
Bach/Fugue/bwv_848/Mizumoto03M.mid,58,59,30.0,30.5,35.716146,36.291667,0.5,0.5755209999999948,regular,,-0.2029404764642409,True,-0.2029404764642409,9,0.0,True,86.87780289511669,0.0
Bach/Fugue/bwv_848/Mizumoto03M.mid,59,60,30.5,31.0,36.291667,36.867838,0.5,0.5761710000000022,regular,,-0.20456895330727998,True,-0.2029404764642409,9,-0.0016284768430390728,True,86.77979280456637,-0.11281373064721517
Bach/Fugue/bwv_848/Mizumoto03M.mid,60,61,31.0,31.5,36.867838,37.435547,0.5,0.5677090000000007,regular,,-0.18322351822877014,True,-0.1749279189258543,9,-0.008295599302915846,True,88.07329106989663,-0.5733571248655398
Bach/Fugue/bwv_848/Mizumoto03M.mid,61,62,31.5,32.0,37.435547,37.991536,0.5,0.5559890000000038,regular,,-0.1531282452512941,True,-0.1463554440390127,9,-0.006772801212281382,True,89.92983674137376,-0.4683545897487218
Bach/Fugue/bwv_848/Mizumoto03M.mid,62,63,32.0,32.5,37.991536,38.569661,0.5,0.578125,regular,,-0.2094533656289497,True,-0.1799084532390533,9,-0.0295449123898964,True,86.48648648648648,-2.0270702702701597
Bach/Fugue/bwv_848/Mizumoto03M.mid,63,64,32.5,33.0,38.569661,39.160156,0.5,0.5904949999999971,regular,,-0.23999674880662228,True,-0.206198095151885,9,-0.033798653654737276,True,84.67472205522527,-2.315514949321707
Bach/Fugue/bwv_848/Mizumoto03M.mid,64,65,33.0,33.5,39.160156,39.749349,0.5,0.5891930000000016,regular,,-0.23681219542313747,True,-0.15313084007554387,9,-0.0836813553475936,True,84.86183644408514,-5.635335110905977
Bach/Fugue/bwv_848/Mizumoto03M.mid,65,66,33.5,34.0,39.749349,40.297526,0.5,0.5481769999999955,regular,,-0.13271370302815044,True,-0.13271370302815044,9,0.0,True,91.21141529104726,0.0
Bach/Fugue/bwv_848/Mizumoto03M.mid,66,67,34.0,34.5,40.297526,40.886068,0.5,0.5885420000000039,regular,,-0.23521727879542575,True,-0.21431880991695318,9,-0.020898468878472576,True,84.95570409588385,-1.4381301589357334
Bach/Fugue/bwv_848/Mizumoto03M.mid,67,68,34.5,35.0,40.886068,41.452474,0.5,0.5664060000000006,regular,,-0.1799084532390533,True,-0.18982329405091905,9,0.00991484081186575,True,88.27590103212174,0.6896113388617994
Bach/Fugue/bwv_848/Mizumoto03M.mid,68,69,35.0,35.5,41.452474,42.008464,0.5,0.5559899999999942,regular,,-0.15313084007552552,True,-0.18156566582541422,9,0.028434825749888704,True,89.9296749941555,1.9905034263213772
Bach/Fugue/bwv_848/Mizumoto03M.mid,69,70,35.5,36.0,42.008464,42.580078,0.5,0.5716140000000038,regular,,-0.193113156541528,True,-0.193113156541528,9,0.0,True,87.47161546078239,0.0
Bach/Fugue/bwv_848/Mizumoto03M.mid,70,71,36.0,36.5,42.580078,43.171224,0.5,0.591146000000002,regular,,-0.24158639332073095,True,-0.17990590613270027,9,-0.06168048718803068,True,84.58147395059737,-4.185260494024454
Bach/Fugue/bwv_848/Mizumoto03M.mid,71,72,36.5,37.0,43.171224,43.76237,0.5,0.5911459999999948,regular,,-0.24158639332071352,True,-0.24158639332071352,9,0.0,True,84.5814739505984,0.0
Bach/Fugue/bwv_848/Mizumoto03M.mid,72,73,37.0,37.5,43.76237,44.330078,0.5,0.5677080000000032,regular,,-0.18322097696853315,True,-0.17103769162014837,9,-0.012183285348384781,True,88.0734462082615,-0.8409252643948052
Bach/Fugue/bwv_848/Mizumoto03M.mid,73,74,37.5,38.0,44.330078,44.957031,0.5,0.6269530000000003,regular,,-0.32642919948214233,True,-0.26574412617087434,9,-0.06068507331126799,True,79.75079471666932,-4.1191285471178425
Bach/Fugue/bwv_848/Mizumoto03M.mid,74,75,38.0,38.5,44.957031,45.550131,0.5,0.5930999999999997,regular,,-0.24634727690091407,True,-0.24634727690091407,9,0.0,True,84.30281571404488,0.0
Bach/Fugue/bwv_848/Mizumoto03M.mid,75,76,38.5,39.0,45.550131,46.146484,0.5,0.5963530000000006,regular,,-0.25423846498273006,True,-0.23999674880662228,9,-0.014241716176107783,True,83.84295878447824,-0.9823041051195316
Bach/Fugue/bwv_848/Mizumoto03M.mid,76,77,39.0,39.5,46.146484,46.751736,0.5,0.6052520000000001,regular,,-0.2756078465988317,True,-0.18156566582541422,9,-0.09404218077341747,True,82.61021855359418,-6.31059459530936
Bach/Fugue/bwv_848/Mizumoto03M.mid,77,78,39.5,40.0,46.751736,47.371962,0.5,0.6202260000000024,regular,,-0.31086591040022665,True,-0.28458046252591174,9,-0.026285447874314916,True,80.61577553988354,-1.8054709089924255
Bach/Fugue/bwv_848/Mizumoto03M.mid,78,79,40.0,40.5,47.371962,47.966146,0.5,0.5941839999999985,regular,,-0.24898166237037914,True,-0.24792751344358557,9,-0.0010541489267935633,True,84.14901781266431,-0.07304134746113067
Bach/Fugue/bwv_848/Mizumoto03M.mid,79,80,40.5,41.0,47.966146,48.550781,0.5,0.5846349999999987,regular,,-0.22560810581825572,True,-0.2029404764642588,9,-0.02266762935399691,True,85.5234462527904,-1.5589213782953053
Bach/Fugue/bwv_848/Mizumoto03M.mid,80,81,41.0,41.5,48.550781,49.140625,0.5,0.5898439999999994,regular,,-0.23840535079834263,True,-0.23840535079834263,9,0.0,True,84.76817599229636,0.0
Bach/Fugue/bwv_848/Mizumoto03M.mid,81,82,41.5,42.0,49.140625,49.733073,0.5,0.5924479999999974,regular,,-0.24476043729341504,True,-0.24476043729341504,9,0.0,True,84.39559252457637,0.0
Bach/Fugue/bwv_848/Mizumoto03M.mid,82,83,42.0,42.5,49.733073,50.377605,0.5,0.6445320000000052,regular,,-0.36632389301726187,True,-0.24634241196255735,9,-0.11998148105470452,True,77.57566730588954,-7.980053744422301
Bach/Fugue/bwv_848/Mizumoto03M.mid,83,84,42.5,43.0,50.377605,50.936632,0.5,0.5590270000000004,regular,,-0.16098986944302623,True,-0.21507468138596145,9,0.05408481194293521,True,89.44111822863648,3.82003015954503
Bach/Fugue/bwv_848/Mizumoto03M.mid,84,85,43.0,43.5,50.936632,51.498698,0.5,0.5620659999999944,regular,,-0.16881145243080212,True,-0.21031903481917877,9,0.04150758238837665,True,88.95752456117341,2.918874295901836
Bach/Fugue/bwv_848/Mizumoto03M.mid,85,86,43.5,44.0,51.498698,52.093099,0.5,0.5944010000000048,regular,,-0.24950844813220596,True,-0.18156566582541422,9,-0.06794278230679174,True,84.11829724377918,-4.600261439668897
Bach/Fugue/bwv_848/Mizumoto03M.mid,86,87,44.0,44.5,52.093099,52.666666000000006,0.5,0.5735670000000042,regular,,-0.19803392652710708,True,-0.1779152415724845,9,-0.020118684954622573,True,87.17377394445572,-1.3848425728848832
Bach/Fugue/bwv_848/Mizumoto03M.mid,87,88,44.5,45.0,52.666666000000006,53.259115,0.5,0.5924489999999949,regular,,-0.24476287243341005,True,-0.1963955340301138,9,-0.04836733840329624,True,84.39545007249642,-3.2969926525314
Bach/Fugue/bwv_848/Mizumoto03M.mid,88,89,45.0,45.5,53.259115,53.83072900000001,0.5,0.571614000000011,regular,,-0.19311315654154596,True,-0.18487185267275114,9,-0.00824130386879482,True,87.47161546078131,-0.569615159883152
Bach/Fugue/bwv_848/Mizumoto03M.mid,89,90,45.5,46.0,53.83072900000001,54.399089,0.5,0.5683599999999842,regular,,-0.18487692937614494,True,-0.1914716898272181,9,0.006594760451073156,True,87.97241185164577,0.45816032092553466
Bach/Fugue/bwv_848/Mizumoto03M.mid,90,91,46.0,46.5,54.399089,54.952474,0.5,0.5533850000000058,regular,,-0.1463554440390127,True,-0.1463554440390127,9,0.0,True,90.3530092069707,0.0
Bach/Fugue/bwv_848/Mizumoto03M.mid,91,92,46.5,47.0,54.952474,55.511068,0.5,0.5585939999999994,regular,,-0.15987198245993992,True,-0.17326050076655158,9,0.013388518306611669,True,89.51044944986887,0.9323408414691428
Bach/Fugue/bwv_848/Mizumoto03M.mid,92,93,47.0,47.5,55.511068,56.114583,0.5,0.6035150000000016,regular,,-0.27146153385048793,True,-0.21431880991697083,9,-0.0571427239335171,True,82.84798223739239,-3.8834163193945677
Bach/Fugue/bwv_848/Mizumoto03M.mid,93,94,47.5,48.0,56.114583,56.634766000000006,0.5,0.520183000000003,regular,,-0.05709115672639801,True,-0.12239707314187764,9,0.06530591641547964,True,96.12001930089933,4.630678049839938
Bach/Fugue/bwv_848/Mizumoto03M.mid,94,95,48.0,48.5,56.634766000000006,57.22526,0.5,0.5904939999999925,regular,,-0.2399943056085104,True,-0.13214248824762367,9,-0.10785181736088673,True,84.67486545163987,-7.20312145423707
Bach/Fugue/bwv_848/Mizumoto03M.mid,95,96,48.5,49.0,57.22526,57.86263,0.5,0.6373700000000042,regular,,-0.3502030204477554,True,-0.24211588582755467,9,-0.10808713462020075,True,78.44736965969479,-7.218256271868744
Bach/Fugue/bwv_848/Mizumoto03M.mid,96,97,49.0,49.5,57.86263,58.460286,0.5,0.5976560000000006,regular,,-0.25738723921224854,True,-0.2652256373815189,9,0.007838398169270344,True,83.66016571405616,0.5447949991288046
Bach/Fugue/bwv_848/Mizumoto03M.mid,97,98,49.5,50.0,58.460286,59.054036,0.5,0.59375,regular,,-0.24792751344358557,True,-0.1497484199616128,9,-0.09817909348197276,True,84.21052631578947,-6.578863157893757
Bach/Fugue/bwv_848/Mizumoto03M.mid,98,99,50.0,50.5,59.054036,59.660591,0.5,0.6065549999999931,regular,,-0.27871037425007855,True,-0.21917037950426857,9,-0.05953999474580998,True,82.43275547971837,-4.042996925255084
Bach/Fugue/bwv_848/Mizumoto03M.mid,99,100,50.5,51.0,59.660591,60.263021,0.5,0.6024300000000054,regular,,-0.26886552069611713,True,-0.26886552069611713,9,0.0,True,82.99719469481857,0.0
Bach/Fugue/bwv_848/Mizumoto03M.mid,100,101,51.0,51.5,60.263021,60.838542,0.5,0.5755209999999948,regular,,-0.2029404764642409,True,-0.18982582370798862,9,-0.013114652756252287,True,86.87780289511669,-0.9049191949548533
Bach/Fugue/bwv_848/Mizumoto03M.mid,101,102,51.5,52.0,60.838542,61.446615,0.5,0.6080730000000045,regular,,-0.28231643670259843,True,-0.2730169024661976,9,-0.009299534236400842,True,82.2269694592584,-0.6425215393543249
Bach/Fugue/bwv_848/Mizumoto03M.mid,102,103,52.0,52.5,61.446615,62.013021,0.5,0.5664060000000006,regular,,-0.1799084532390533,True,-0.14295969596328797,9,-0.036948757275765326,True,88.27590103212174,-2.5285749091653305
Bach/Fugue/bwv_848/Mizumoto03M.mid,103,104,52.5,53.0,62.013021,62.615234,0.5,0.602212999999999,regular,,-0.2683457570362307,True,-0.2683457570362307,9,0.0,True,83.02710170653918,0.0
Bach/Fugue/bwv_848/Mizumoto03M.mid,104,105,53.0,53.5,62.615234,63.248698,0.5,0.6334639999999965,regular,,-0.3413345379005858,True,-0.2823164367025817,9,-0.0590181011980041,True,78.93108369220711,-4.008278292057497
Bach/Fugue/bwv_848/Mizumoto03M.mid,105,106,53.5,54.0,63.248698,63.860026,0.5,0.6113280000000003,regular,,-0.29001855194063164,True,-0.20620059625932696,9,-0.08381795568130468,True,81.78915410385255,-5.644269524706179
Bach/Fugue/bwv_848/Mizumoto03M.mid,106,107,54.0,54.5,63.860026,64.423828,0.5,0.5638020000000026,regular,,-0.17326050076656965,True,-0.16992500144231246,9,-0.003335499324257196,True,88.68361587933312,-0.23093213575023203
Bach/Fugue/bwv_848/Mizumoto03M.mid,107,108,54.5,55.0,64.423828,65.017361,0.5,0.5935329999999936,regular,,-0.2474001499971822,True,-0.19945437346298875,9,-0.04794577653419346,True,84.24131429929007,-3.2687314774413916
Bach/Fugue/bwv_848/Mizumoto03M.mid,108,109,55.0,55.5,65.017361,65.608073,0.5,0.5907120000000106,regular,,-0.24052682495316433,True,-0.24052682495316433,9,0.0,True,84.64361651701525,0.0
Bach/Fugue/bwv_848/Mizumoto03M.mid,109,110,55.5,56.0,65.608073,66.195964,0.5,0.587890999999999,regular,,-0.23362059701670795,True,-0.1963955340301138,9,-0.03722506298659414,True,85.0497796360211,-2.5472409000987764
Bach/Fugue/bwv_848/Mizumoto03M.mid,110,111,56.0,56.5,66.195964,66.76888000000001,0.5,0.5729160000000064,regular,,-0.19639553403013163,True,-0.19639553403013163,9,0.0,True,87.27282882656347,0.0
Bach/Fugue/bwv_848/Mizumoto03M.mid,111,112,56.5,57.0,66.76888000000001,67.35611999999999,0.5,0.58723999999998,regular,,-0.2320221461755266,True,-0.2320221461755266,9,0.0,True,85.14406375587784,0.0
Bach/Fugue/bwv_848/Mizumoto03M.mid,112,113,57.0,57.5,67.35611999999999,67.944011,0.5,0.5878910000000133,regular,,-0.23362059701674298,True,-0.23362059701674298,9,0.0,True,85.04977963601904,0.0
Bach/Fugue/bwv_848/Mizumoto03M.mid,113,114,57.5,58.0,67.944011,68.53689200000001,0.5,0.5928810000000055,regular,,-0.24581446867289447,True,-0.20728566779207896,9,-0.038528800880815506,True,84.33395571792575,-2.635267448274166
Bach/Fugue/bwv_848/Mizumoto03M.mid,114,115,58.0,58.5,68.53689200000001,69.13064200000001,0.5,0.59375,regular,,-0.24792751344358557,True,-0.20076296326498916,9,-0.047164550178596415,True,84.21052631578947,-3.2163368421056298
Bach/Fugue/bwv_848/Mizumoto03M.mid,115,116,58.5,59.0,69.13064200000001,69.703125,0.5,0.5724829999999912,regular,,-0.19530475783339174,True,-0.19530475783339174,9,0.0,True,87.33883800916493,0.0
Bach/Fugue/bwv_848/Mizumoto03M.mid,116,117,59.0,59.5,69.703125,70.259766,0.5,0.556640999999999,regular,,-0.1548190809726439,True,-0.18322351822875213,9,0.028404437256108223,True,89.82450089016095,1.9883551517036173
Bach/Fugue/bwv_848/Mizumoto03M.mid,117,118,59.5,60.0,70.259766,70.828777,0.5,0.5690110000000033,regular,,-0.1865284477887114,True,-0.13955069755834426,9,-0.04697775023036713,True,87.87176346327173,-3.2038044958713563
Bach/Fugue/bwv_848/Mizumoto03M.mid,118,119,60.0,60.5,70.828777,71.390625,0.5,0.5618479999999977,regular,,-0.1682517876826929,True,-0.13340044069414056,9,-0.03485134698855233,True,88.99204055189341,-2.3867665276005865
Bach/Fugue/bwv_848/Mizumoto03M.mid,119,120,60.5,61.0,71.390625,71.973958,0.5,0.5833329999999961,regular,,-0.2223915969390365,True,-0.1615497781374512,9,-0.06084181880158532,True,85.71433469390611,-4.129545216881181
Bach/Fugue/bwv_848/Mizumoto03M.mid,120,121,61.0,61.5,71.973958,72.541016,0.5,0.567058000000003,regular,,-0.18156821000311676,True,-0.15143802341912008,9,-0.030130186583996688,True,88.17440191303136,-2.0668079808408995
Bach/Fugue/bwv_848/Mizumoto03M.mid,121,122,61.5,62.0,72.541016,73.119792,0.5,0.5787760000000048,regular,,-0.2110770042475618,True,-0.1375035237499274,9,-0.0735734804976344,True,86.38920756907609,-4.971871674016798
Bach/Fugue/bwv_848/Mizumoto03M.mid,122,123,62.0,62.5,73.119792,73.69986999999998,0.5,0.5800779999999719,regular,,-0.21431880991688257,True,-0.16490724839161836,9,-0.049411561525264214,True,86.19530476936278,-3.3669609948960644
Bach/Fugue/bwv_848/Mizumoto03M.mid,123,124,62.5,63.0,73.69986999999998,74.265625,0.5,0.5657550000000242,regular,,-0.17824933483611582,True,-0.12653416799813277,9,-0.05171516683798305,True,88.37747788353238,-3.521135473840104
Bach/Fugue/bwv_848/Mizumoto03M.mid,124,125,63.0,63.5,74.265625,74.852214,0.5,0.5865890000000036,regular,,-0.2304219223475655,True,-0.18322097696851514,9,-0.04720094537905037,True,85.23855714989489,-3.218778395095607
Bach/Fugue/bwv_848/Mizumoto03M.mid,125,126,63.5,64.0,74.852214,75.439454,0.5,0.5872399999999942,regular,,-0.2320221461755616,True,-0.09627264961325484,9,-0.13574949656230678,True,85.14406375587578,-8.980314692459041
Bach/Fugue/bwv_848/Mizumoto03M.mid,126,127,64.0,64.5,75.439454,76.009766,0.5,0.5703120000000013,regular,,-0.18982329405093695,True,-0.1292830169449665,9,-0.06054027710597046,True,87.67130973923027,-4.109504972716897
Bach/Fugue/bwv_848/Mizumoto03M.mid,127,128,64.5,65.0,76.009766,76.575521,0.5,0.5657549999999958,regular,,-0.17824933483604333,True,-0.10293488728786386,9,-0.07531444754817947,True,88.37747788353681,-5.086477362104973
Bach/Fugue/bwv_848/Mizumoto03M.mid,128,129,65.0,65.5,76.575521,77.130209,0.5,0.5546879999999987,regular,,-0.14974841996159433,True,-0.1548190809726439,9,0.005070661011049582,True,90.14076381677648,0.35208982346838913
Bach/Fugue/bwv_848/Mizumoto03M.mid,129,130,65.5,66.0,77.130209,77.689453,0.5,0.5592440000000067,regular,,-0.1615497781374512,True,-0.14635544403893863,9,-0.015194334098512563,True,89.40641294318651,-1.0476643468735127
Bach/Fugue/bwv_848/Mizumoto03M.mid,130,131,66.0,66.5,77.689453,78.259766,0.5,0.5703129999999987,regular,,-0.18982582370798862,True,-0.15312824525127575,9,-0.03669757845671287,True,87.67115601432917,-2.5116032774988497
Bach/Fugue/bwv_848/Mizumoto03M.mid,131,132,66.5,67.0,78.259766,78.863281,0.5,0.6035150000000016,regular,,-0.27146153385048793,True,-0.26834815269001044,9,-0.003113381160477491,True,82.84798223739239,-0.21557044978136194
Bach/Fugue/bwv_848/Mizumoto03M.mid,132,133,67.0,67.5,78.863281,79.420573,0.5,0.5572920000000039,regular,,-0.15650534860014115,True,-0.15650534860014115,9,0.0,True,89.7195725041803,0.0
Bach/Fugue/bwv_848/Mizumoto03M.mid,133,134,67.5,68.0,79.420573,79.99349000000002,0.5,0.5729170000000181,regular,,-0.19639805218951045,True,-0.10153981932470932,9,-0.09485823286480113,True,87.27267649589456,-6.363574479376445
Bach/Fugue/bwv_848/Mizumoto03M.mid,134,135,68.0,68.5,79.99349000000002,80.552083,0.5,0.5585929999999735,regular,,-0.15986939973193068,True,-0.10713076767016827,9,-0.05273863206176241,True,89.51060969257111,-3.589554469888076
Bach/Fugue/bwv_848/Mizumoto03M.mid,135,136,68.5,69.0,80.552083,81.15169200000003,0.5,0.5996090000000294,regular,,-0.26209394309815076,True,-0.20457145724063527,9,-0.05752248585751549,True,83.38767430108213,-3.908713845193877
Bach/Fugue/bwv_848/Mizumoto03M.mid,136,137,69.0,69.5,81.15169200000003,81.707031,0.5,0.5553389999999752,regular,,-0.1514406212850996,True,-0.1615523578588731,9,0.010111736573773483,True,90.0350956803002,0.7033541674571765
Bach/Fugue/bwv_848/Mizumoto03M.mid,137,138,69.5,70.0,81.707031,82.25911500000002,0.5,0.552084000000022,regular,,-0.14295969596336225,True,-0.14295969596336225,9,0.0,True,90.56592837321496,0.0
Bach/Fugue/bwv_848/Mizumoto03M.mid,138,139,70.0,70.5,82.25911500000002,82.825521,0.5,0.5664059999999722,regular,,-0.17990845323898091,True,-0.12239707314185881,9,-0.0575113800971221,True,88.27590103212617,-3.9079741386882207
Bach/Fugue/bwv_848/Mizumoto03M.mid,139,140,70.5,71.0,82.825521,83.400391,0.5,0.5748700000000042,regular,,-0.20130764976121546,True,-0.20130764976121546,9,0.0,True,86.9761859202944,0.0
Bach/Fugue/bwv_848/Mizumoto03M.mid,140,141,71.0,71.5,83.400391,83.962891,0.5,0.5625,regular,,-0.16992500144231246,True,-0.16992500144231246,9,0.0,True,88.88888888888889,0.0
Bach/Fugue/bwv_848/Mizumoto03M.mid,141,142,71.5,72.0,83.962891,84.510417,0.5,0.5475260000000048,regular,,-0.1309993797450756,True,-0.15987198245993992,9,0.028872602714864304,True,91.31986426215295,2.021456515306015
Bach/Fugue/bwv_848/Mizumoto03M.mid,142,143,72.0,72.5,84.510417,85.085286,0.5,0.5748689999999925,regular,,-0.2013051401567614,True,-0.15481908097257008,9,-0.046486059184191325,True,86.97633721769769,-3.170809349612201
Bach/Fugue/bwv_848/Mizumoto03M.mid,143,144,72.5,73.0,85.085286,85.653645,0.5,0.568359000000001,regular,,-0.1848743910267082,True,-0.1848769293761089,9,2.5383494006991913e-06,True,87.97256663482045,0.0001759451278203256
Bach/Fugue/bwv_848/Mizumoto03M.mid,144,145,73.0,73.5,85.653645,86.240886,0.5,0.5872410000000059,regular,,-0.23202460291186938,True,-0.23202460291186938,9,0.0,True,85.14391876588913,0.0
Bach/Fugue/bwv_848/Mizumoto03M.mid,145,146,73.5,74.0,86.240886,86.789714,0.5,0.5488280000000003,regular,,-0.13442599163554206,True,-0.13442599163554206,9,0.0,True,91.10322359646369,0.0
Bach/Fugue/bwv_848/Mizumoto03M.mid,146,147,74.0,74.5,86.789714,87.324219,0.5,0.5345049999999958,regular,,-0.0962753487393375,True,-0.09627804786044712,9,2.6991211096172307e-06,True,93.54449443878055,0.00018708899372334102
Bach/Fugue/bwv_848/Mizumoto03M.mid,147,148,74.5,75.0,87.324219,87.91275999999998,0.5,0.588540999999978,regular,,-0.23521482748981987,True,-0.1715962768842005,9,-0.06361855060561936,True,84.95584844556602,-4.313888072364825
Bach/Fugue/bwv_848/Mizumoto03M.mid,148,149,75.0,75.5,87.91275999999998,88.41861999999998,0.5,0.5058599999999984,regular,,-0.016810070165807656,True,-0.130999379745113,9,0.11418930957930534,True,98.84157672083217,8.236666271304461
Bach/Fugue/bwv_848/Mizumoto03M.mid,149,150,75.5,76.0,88.41861999999998,88.994792,0.5,0.5761720000000281,regular,,-0.20457145724070652,True,-0.19639553403006005,9,-0.008175923210646474,True,86.77964219017508,-0.5651090299511173
Bach/Fugue/bwv_848/Mizumoto03M.mid,150,151,76.0,76.5,88.994792,89.559896,0.5,0.565103999999991,regular,,-0.17658830622792568,True,-0.17658830622792568,9,0.0,True,88.47928876808659,0.0
Bach/Fugue/bwv_848/Mizumoto03M.mid,151,152,76.5,77.0,89.559896,90.171875,0.5,0.6119790000000052,regular,,-0.2915540529396208,True,-0.24634484443383814,9,-0.04520920850578264,True,81.70214991037206,-3.085073180612635
Bach/Fugue/bwv_848/Mizumoto03M.mid,152,153,77.0,77.5,90.171875,90.764323,0.5,0.5924480000000045,regular,,-0.2447604372934325,True,-0.2447604372934325,9,0.0,True,84.39559252457535,0.0
Bach/Fugue/bwv_848/Mizumoto03M.mid,153,154,77.5,78.0,90.764323,91.313802,0.5,0.549478999999991,regular,,-0.13613625039123442,True,-0.13613625039123442,9,0.0,True,90.9952882639752,0.0
Bach/Fugue/bwv_848/Mizumoto03M.mid,154,155,78.0,78.5,91.313802,91.894531,0.5,0.5807290000000052,regular,,-0.2159369851520947,True,-0.16992756623128272,9,-0.04600941892081198,True,86.09867941845431,-3.1388134568756025
Bach/Fugue/bwv_848/Mizumoto03M.mid,155,156,78.5,79.0,91.894531,92.5,0.5,0.6054689999999994,regular,,-0.2761250009675494,True,-0.24158639332071352,9,-0.03453860764683586,True,82.58061106348971,-2.3656041845254854
Bach/Fugue/bwv_848/Mizumoto03M.mid,156,157,79.0,79.5,92.5,93.070964,0.5,0.5709640000000036,regular,,-0.19147168982723603,True,-0.19147168982723603,9,0.0,True,87.57119538184489,0.0
Bach/Fugue/bwv_848/Mizumoto03M.mid,157,158,79.5,80.0,93.070964,93.604818,0.5,0.533853999999991,regular,,-0.09451714838184079,True,-0.12584415334207338,9,0.03132700496023259,True,93.65856582511482,2.1951694658089336
Bach/Fugue/bwv_848/Mizumoto03M.mid,158,159,80.0,80.5,93.604818,94.183594,0.5,0.5787760000000048,regular,,-0.2110770042475618,True,-0.20293796969859706,9,-0.008139034548964724,True,86.38920756907609,-0.56256651968866
Bach/Fugue/bwv_848/Mizumoto03M.mid,159,160,80.5,81.0,94.183594,94.778646,0.5,0.5950519999999955,regular,,-0.2510876522964451,True,-0.2510876522964451,9,0.0,True,84.026269973045,0.0
Bach/Fugue/bwv_848/Mizumoto03M.mid,160,161,81.0,81.5,94.778646,95.304036,0.5,0.5253900000000016,regular,,-0.0714606463384587,True,-0.12584415334211094,9,0.05438350700365224,True,95.16739945564218,3.841527246427015
Bach/Fugue/bwv_848/Mizumoto03M.mid,161,162,81.5,82.0,95.304036,95.85677,0.5,0.552734000000001,regular,,-0.14465726404198445,True,-0.1429570827806502,9,-0.0017001812613342548,True,90.4594253293626,-0.11777817177714182
Bach/Fugue/bwv_848/Mizumoto03M.mid,162,163,82.0,82.5,95.85677,96.399089,0.5,0.5423190000000062,regular,,-0.11721362078312646,True,-0.11721362078312646,9,0.0,True,92.19665916185755,0.0
Bach/Fugue/bwv_848/Mizumoto03M.mid,163,164,82.5,83.0,96.399089,96.951172,0.5,0.5520829999999961,regular,,-0.14295708278061306,True,-0.14125489553244908,9,-0.0017021872481639833,True,90.56609241726399,-0.11791705232814978
Bach/Fugue/bwv_848/Mizumoto03M.mid,164,165,83.0,83.5,96.951172,97.515625,0.5,0.5644530000000003,regular,,-0.17492536301108502,True,-0.13784448410226233,9,-0.037080878908822695,True,88.5813344955204,-2.537500907956958
Bach/Fugue/bwv_848/Mizumoto03M.mid,165,166,83.5,84.0,97.515625,98.154297,0.5,0.6386719999999997,regular,,-0.35314710786038633,True,-0.21593698515205934,9,-0.137210122708327,True,78.28744645138667,-9.072419019466766
Bach/Fugue/bwv_848/Mizumoto03M.mid,166,167,84.0,84.5,98.154297,98.755208,0.5,0.6009109999999964,regular,,-0.2652232365370729,True,-0.2526651297207665,9,-0.012558106816306425,True,83.20699737565181,-0.866684084664129
Bach/Fugue/bwv_848/Mizumoto03M.mid,167,168,84.5,85.0,98.755208,99.326172,0.5,0.5709640000000036,regular,,-0.19147168982723603,True,-0.19147168982723603,9,0.0,True,87.57119538184489,0.0
Bach/Fugue/bwv_848/Mizumoto03M.mid,168,169,85.0,85.5,99.326172,99.920573,0.5,0.5944010000000048,regular,,-0.24950844813220596,True,-0.2320221461755964,9,-0.01748630195660955,True,84.11829724377918,-1.204742253124811
Bach/Fugue/bwv_848/Mizumoto03M.mid,169,170,85.5,86.0,99.920573,100.526042,0.5,0.6054689999999994,regular,,-0.2761250009675494,True,-0.2761250009675494,9,0.0,True,82.58061106348971,0.0
Bach/Fugue/bwv_848/Mizumoto03M.mid,170,171,86.0,86.5,100.526042,101.13737,0.5,0.6113280000000003,regular,,-0.29001855194063164,True,-0.29001855194063164,9,0.0,True,81.78915410385255,0.0
Bach/Fugue/bwv_848/Mizumoto03M.mid,171,172,86.5,87.0,101.13737,101.652344,0.5,0.5149739999999952,regular,,-0.04257150048041961,True,-0.10153713002990318,9,0.05896562954948357,True,97.09228038697191,4.171861103667596
Bach/Fugue/bwv_848/Mizumoto03M.mid,172,173,87.0,87.5,101.652344,102.22092,0.5,0.5685760000000073,regular,,-0.18542510822282518,True,-0.14465987414690318,9,-0.040765234075922,True,87.93899144529378,-2.786083126971364
Bach/Fugue/bwv_848/Mizumoto03M.mid,173,174,87.5,88.0,102.22092,102.807943,0.5,0.5870229999999879,regular,,-0.23148893542559187,True,-0.23148893542559187,9,0.0,True,85.17553826681585,0.0
Bach/Fugue/bwv_848/Mizumoto03M.mid,174,175,88.0,88.5,102.807943,103.40625,0.5,0.5983070000000055,regular,,-0.25895784727351084,True,-0.26428900484789064,9,0.005331157574379797,True,83.5691375832132,0.37021127949237864
Bach/Fugue/bwv_848/Mizumoto03M.mid,175,176,88.5,89.0,103.40625,104.001953,0.5,0.5957030000000003,regular,,-0.2526651297207665,True,-0.2526651297207665,9,0.0,True,83.9344438419816,0.0
Bach/Fugue/bwv_848/Mizumoto03M.mid,176,177,89.0,89.5,104.001953,104.574219,0.5,0.572265999999999,regular,,-0.19475779980571686,True,-0.16155235785890965,9,-0.03320544194680722,True,87.37195639789903,-2.2753404885131943
Bach/Fugue/bwv_848/Mizumoto03M.mid,177,178,89.5,90.0,104.574219,105.205729,0.5,0.6315100000000058,regular,,-0.3368774844717689,True,-0.26209394309808237,9,-0.07478354137368654,True,79.17530997133781,-5.051543126792062
Bach/Fugue/bwv_848/Mizumoto03M.mid,178,179,90.0,90.5,105.205729,105.70898400000002,0.5,0.50325500000001,regular,,-0.009361505968909231,True,-0.2042459094584873,9,0.19488440348957808,True,99.35321059899853,14.463244279734003
Bach/Fugue/bwv_848/Mizumoto03M.mid,179,180,90.5,91.0,105.70898400000002,106.276042,0.5,0.5670579999999887,regular,,-0.18156821000308063,True,-0.20163135213262845,9,0.020063142129547823,True,88.17440191303358,1.4003858511857263
Bach/Fugue/bwv_848/Mizumoto03M.mid,180,181,91.0,91.5,106.276042,106.838542,0.5,0.5625,regular,,-0.16992500144231246,True,-0.15930883837744406,9,-0.0106161630648684,True,88.88888888888889,-0.7331555555563563
Bach/Fugue/bwv_848/Mizumoto03M.mid,181,182,91.5,92.0,106.838542,107.44335900000002,0.5,0.6048170000000113,regular,,-0.27457059604567474,True,-0.27457059604567474,9,0.0,True,82.66963395539322,0.0
Bach/Fugue/bwv_848/Mizumoto03M.mid,182,183,92.0,92.5,107.44335900000002,108.050781,0.5,0.6074219999999855,regular,,-0.2807710670195492,True,-0.2807710670195492,9,0.0,True,82.31509560075399,0.0
Bach/Fugue/bwv_848/Mizumoto03M.mid,183,184,92.5,93.0,108.050781,108.625,0.5,0.5742189999999994,regular,,-0.19967297294835276,True,-0.19967297294835276,9,0.0,True,87.07479202185935,0.0
Bach/Fugue/bwv_848/Mizumoto03M.mid,184,185,93.0,93.5,108.625,109.1875,0.5,0.5625,regular,,-0.16992500144231246,True,-0.16992500144231246,9,0.0,True,88.88888888888889,0.0
Bach/Fugue/bwv_848/Mizumoto03M.mid,185,186,93.5,94.0,109.1875,109.81835900000002,0.5,0.6308590000000152,regular,,-0.33538949711646665,True,-0.33538949711646665,9,0.0,True,79.25701305679843,0.0
Bach/Fugue/bwv_848/Mizumoto03M.mid,186,187,94.0,94.5,109.81835900000002,110.384115,0.5,0.565755999999979,regular,,-0.1782518848687283,True,-0.22881992159512066,9,0.050568036726392346,True,88.3773216722436,3.5672622119819164
Bach/Fugue/bwv_848/Mizumoto03M.mid,187,188,94.5,95.0,110.384115,110.99414099999998,0.5,0.6100259999999906,regular,,-0.2869426383974687,True,-0.21593698515213003,9,-0.07100565324533867,True,81.96371957916674,-4.802582185016981
Bach/Fugue/bwv_848/Mizumoto03M.mid,188,189,95.0,95.5,110.99414099999998,111.579427,0.5,0.5852860000000106,regular,,-0.22721367502946152,True,-0.22721367502946152,9,0.0,True,85.42832051338848,0.0
Bach/Fugue/bwv_848/Mizumoto03M.mid,189,190,95.5,96.0,111.579427,112.174479,0.5,0.5950520000000097,regular,,-0.25108765229647956,True,-0.2288174593955905,9,-0.022270192900889052,True,84.026269973043,-1.5317989016099929
Bach/Fugue/bwv_848/Mizumoto03M.mid,190,191,96.0,96.5,112.174479,112.761067,0.5,0.5865879999999919,regular,,-0.23041946288056644,True,-0.2110770042475264,9,-0.019342458633040044,True,85.2387024623768,-1.331769487272389
Bach/Fugue/bwv_848/Mizumoto03M.mid,191,192,96.5,97.0,112.761067,113.347005,0.5,0.5859379999999987,regular,,-0.22881992159512066,True,-0.2223940701297871,9,-0.00642585146533356,True,85.33326051561788,-0.4444156207686443
Bach/Fugue/bwv_848/Mizumoto03M.mid,192,193,97.0,97.5,113.347005,113.963542,0.5,0.6165370000000081,regular,,-0.3022593822464523,True,-0.2792216625480438,9,-0.02303771969840851,True,81.09813360755209,-1.584170941889358
Bach/Fugue/bwv_848/Mizumoto03M.mid,193,194,97.5,98.0,113.963542,114.567708,0.5,0.6041659999999922,regular,,-0.2730169024661635,True,-0.26678534157125516,9,-0.006231560894908339,True,82.75871200961433,-0.43100737214457047
Bach/Fugue/bwv_848/Mizumoto03M.mid,194,195,98.0,98.5,114.567708,115.14843799999998,0.5,0.5807299999999884,regular,,-0.21593946943267067,True,-0.20130764976121546,9,-0.014631819671455215,True,86.09853115906014,-1.0090747851814723
Bach/Fugue/bwv_848/Mizumoto03M.mid,195,196,98.5,99.0,115.14843799999998,115.776692,0.5,0.6282540000000125,regular,,-0.3294198566731021,True,-0.22561057350119235,9,-0.10380928317190974,True,79.5856452963276,-6.94273335307191
Bach/Fugue/bwv_848/Mizumoto03M.mid,196,197,99.0,99.5,115.776692,116.40039099999998,0.5,0.6236989999999878,regular,,-0.3189218509048321,True,-0.24158639332074838,9,-0.07733545758408372,True,80.1668753677671,-5.219344587690433
Bach/Fugue/bwv_848/Mizumoto03M.mid,197,198,99.5,100.0,116.40039099999998,116.971354,0.5,0.5709630000000203,regular,,-0.19146916305447953,True,-0.19146916305447953,9,0.0,True,87.57134875639616,0.0
Bach/Fugue/bwv_848/Mizumoto03M.mid,198,199,100.0,100.5,116.971354,117.529948,0.5,0.5585939999999994,regular,,-0.15987198245993992,True,-0.15987198245993992,9,0.0,True,89.51044944986887,0.0
Bach/Fugue/bwv_848/Mizumoto03M.mid,199,200,100.5,101.0,117.529948,118.164714,0.5,0.634765999999999,regular,,-0.34429676021540245,True,-0.30225938224638577,9,-0.04203737796901669,True,78.76918423482051,-2.871766918836141
Bach/Fugue/bwv_848/Mizumoto03M.mid,200,201,101.0,101.5,118.164714,118.785807,0.5,0.6210930000000019,regular,,-0.3128812131609944,True,-0.14465726404202148,9,-0.1682239491189729,True,80.50324186554968,-11.006242221372084
Bach/Fugue/bwv_848/Mizumoto03M.mid,201,202,101.5,102.0,118.785807,119.358724,0.5,0.5729169999999897,regular,,-0.19639805218943887,True,-0.20032606143123216,9,0.00392800924179329,True,87.27267649589888,0.27263984137688285
Bach/Fugue/bwv_848/Mizumoto03M.mid,202,203,102.0,102.5,119.358724,119.9579,0.5,0.5991759999999999,regular,,-0.2610517429039309,True,-0.17547989042348636,9,-0.08557185248044455,True,83.4479351642923,-5.758908901557011
Bach/Fugue/bwv_848/Mizumoto03M.mid,203,204,102.5,103.0,119.9579,120.56033,0.5,0.6024299999999982,regular,,-0.26886552069610015,True,-0.26886552069610015,9,0.0,True,82.99719469481956,0.0
Bach/Fugue/bwv_848/Mizumoto03M.mid,204,205,103.0,103.5,120.56033,121.154948,0.5,0.5946180000000112,regular,,-0.2500350416136521,True,-0.2500350416136521,9,0.0,True,84.08759909723396,0.0
Bach/Fugue/bwv_848/Mizumoto03M.mid,205,206,103.5,104.0,121.154948,121.74132,0.5,0.5863719999999972,regular,,-0.22988811972760853,True,-0.1799084532390896,9,-0.049979666488518926,True,85.2701015737454,-3.405005696039799
Bach/Fugue/bwv_848/Mizumoto03M.mid,206,207,104.0,104.5,121.74132,122.351128,0.5,0.609808000000001,regular,,-0.28642698213235873,True,-0.24950844813220596,9,-0.03691853400015277,True,81.99302075407327,-2.526532941515382
Bach/Fugue/bwv_848/Mizumoto03M.mid,207,208,104.5,105.0,122.351128,123.001302,0.5,0.6501739999999927,regular,,-0.37889776993656277,True,-0.29971590419269883,9,-0.07918186574386393,True,76.90249071787024,-5.340570370393158
Bach/Fugue/bwv_848/Mizumoto03M.mid,208,209,105.0,105.5,123.001302,123.561849,0.5,0.5605469999999997,regular,,-0.16490724839161836,True,-0.16490724839161836,9,0.0,True,89.19858638080309,0.0
Bach/Fugue/bwv_848/Mizumoto03M.mid,209,210,105.5,106.0,123.561849,124.11263,0.5,0.5507810000000006,regular,,-0.13955069755834426,True,-0.13955069755834426,9,0.0,True,90.780183049161,0.0
Bach/Fugue/bwv_848/Mizumoto03M.mid,210,211,106.0,106.5,124.11263,124.639323,0.5,0.5266930000000087,regular,,-0.07503419062998173,True,-0.1279079268710363,9,0.05287373624105457,True,94.93196226264479,3.732914620088881
Bach/Fugue/bwv_848/Mizumoto03M.mid,211,212,106.5,107.0,124.639323,125.195964,0.5,0.556640999999999,regular,,-0.1548190809726439,True,-0.1548190809726439,9,0.0,True,89.82450089016095,0.0
Bach/Fugue/bwv_848/Mizumoto03M.mid,212,213,107.0,107.5,125.195964,125.764974,0.5,0.5690099999999916,regular,,-0.18652591234330615,True,-0.18652591234330615,9,0.0,True,87.87191789248122,0.0
Bach/Fugue/bwv_848/Mizumoto03M.mid,213,214,107.5,108.0,125.764974,126.417318,0.5,0.6523439999999994,regular,,-0.3837048453630624,True,-0.347250644642229,9,-0.036454200720833385,True,76.64667721324953,-2.495155930000485
Bach/Fugue/bwv_848/Mizumoto03M.mid,214,215,108.0,108.5,126.417318,127.243164,0.5,0.8258459999999985,regular,,-0.723944684638586,True,-0.6287512023481805,9,-0.09519348229040547,True,60.543975511172896,-6.38533092126005
Bach/Fugue/bwv_848/Mizumoto03M.mid,215,216,108.5,109.0,127.243164,128.558333,0.5,1.3151690000000116,regular,,-1.3952481986020187,True,-1.2104275186779994,9,-0.1848206799240193,True,38.01792773400191,-12.024158112000888
Bach/Fugue/bwv_848/SunY01M.mid,0,1,1.0,1.5,0.822917,1.36875,0.5,0.5458329999999999,regular,,-0.12653152489352307,True,-0.161887682376894,9,0.035356157483370926,True,91.60310937594467,2.4809786143380927
Bach/Fugue/bwv_848/SunY01M.mid,1,2,1.5,2.0,1.36875,1.965625,0.5,0.596875,regular,,-0.25550073314838656,True,-0.3750405437860456,9,0.11953981063765906,True,83.76963350785338,8.638827225130886
Bach/Fugue/bwv_848/SunY01M.mid,2,3,2.0,2.5,1.965625,2.545833,0.5,0.5802080000000001,regular,,-0.21464209289390881,True,-0.24285733668187354,9,0.028215243787964722,True,86.17599205802057,1.9749813859857408
Bach/Fugue/bwv_848/SunY01M.mid,3,4,2.5,3.0,2.545833,3.1333330000000004,0.5,0.5875000000000004,regular,,-0.23266075679027595,True,-0.3098537107795227,9,0.07719295398924672,True,85.10638297872335,5.496340425531881
Bach/Fugue/bwv_848/SunY01M.mid,4,5,3.0,3.5,3.1333330000000004,3.723958,0.5,0.5906249999999997,regular,,-0.24031432933370964,True,-0.30073289658743935,9,0.06041856725372971,True,84.6560846560847,4.276825396825599
Bach/Fugue/bwv_848/SunY01M.mid,5,6,3.5,4.0,3.723958,4.3125,0.5,0.5885419999999999,regular,,-0.23521727879541596,True,-0.3692330650487287,9,0.13401578625331276,True,84.95570409588441,9.734394486714429
Bach/Fugue/bwv_848/SunY01M.mid,6,7,4.0,4.5,4.3125,4.890625,0.5,0.578125,regular,,-0.2094533656289497,True,-0.254240884177117,9,0.04478751854816729,True,86.48648648648648,3.153124324324303
Bach/Fugue/bwv_848/SunY01M.mid,7,8,4.5,5.0,4.890625,5.454167,0.5,0.563542,regular,,-0.17259504156816086,True,-0.17492536301108502,9,0.002330321442924166,True,88.72453162319756,0.16165609661752933
Bach/Fugue/bwv_848/SunY01M.mid,8,9,5.0,5.5,5.454167,5.992708,0.5,0.5385410000000004,regular,,-0.10712808877721461,True,-0.17126320161136432,9,0.06413511283414972,True,92.84344181780025,4.5458005982826055
Bach/Fugue/bwv_848/SunY01M.mid,9,10,5.5,6.0,5.992708,6.525521,0.5,0.532813,regular,,-0.0917011879848936,True,-0.2526651297207665,9,0.1609639417358729,True,93.84155416628349,11.8033906830352
Bach/Fugue/bwv_848/SunY01M.mid,10,11,6.0,6.5,6.525521,7.084375,0.5,0.5588539999999993,regular,,-0.16054333489405745,True,-0.25581491942515555,9,0.0952715845310981,True,89.46880580616774,6.82664882062207
Bach/Fugue/bwv_848/SunY01M.mid,11,12,6.5,7.0,7.084375,7.645833,0.5,0.561458,regular,,-0.1672500106271964,True,-0.2667877398175594,9,0.09953772919036297,True,89.0538562100816,7.143009806611049
Bach/Fugue/bwv_848/SunY01M.mid,12,13,7.0,7.5,7.645833,8.173438,0.5,0.5276050000000012,regular,,-0.07753014187993036,True,-0.19639805218946346,9,0.1188679103095331,True,94.76786611195854,8.588243098529802
Bach/Fugue/bwv_848/SunY01M.mid,13,14,7.5,8.0,8.173438,8.684896,0.5,0.5114579999999993,regular,,-0.03268767845655227,True,-0.1980364418283263,9,0.16534876337177404,True,97.75973784748713,12.143714635414613
Bach/Fugue/bwv_848/SunY01M.mid,14,15,8.0,8.5,8.684896,9.227083,0.5,0.5421870000000002,regular,,-0.11686242725105489,True,-0.21107700424754847,9,0.09421457699649358,True,92.21910521646586,6.748409681530405
Bach/Fugue/bwv_848/SunY01M.mid,15,16,8.5,9.0,9.227083,9.797396,0.5,0.5703130000000005,regular,,-0.189825823707993,True,-0.23362059701671248,9,0.043794773308719476,True,87.6711560143289,3.0821671608398127
Bach/Fugue/bwv_848/SunY01M.mid,16,17,9.0,9.5,9.797396,10.344445,0.5,0.5470489999999995,regular,,-0.12974196827838796,True,-0.12974196827838796,9,0.0,True,91.3994907220378,0.0
Bach/Fugue/bwv_848/SunY01M.mid,17,18,9.5,10.0,10.344445,10.923958,0.5,0.5795130000000004,regular,,-0.21291293014967924,True,-0.3083375737903656,9,0.09542464364068634,True,86.27934144704254,6.837982927043816
Bach/Fugue/bwv_848/SunY01M.mid,18,19,10.0,10.5,10.923958,11.486459,0.5,0.5625009999999993,regular,,-0.1699275662312144,True,-0.25424330336745155,9,0.08431573713623713,True,88.88873086447859,6.018478189372405
Bach/Fugue/bwv_848/SunY01M.mid,19,20,10.5,11.0,11.486459,12.057813,0.5,0.5713539999999995,regular,,-0.1924567939537611,True,-0.2272136750294351,9,0.034756881075673984,True,87.51142024034144,2.438418213576953
Bach/Fugue/bwv_848/SunY01M.mid,20,21,11.0,11.5,12.057813,12.588889,0.5,0.5310760000000005,regular,,-0.08699023879241452,True,-0.15313084007554387,9,0.06614060128312935,True,94.14848345622839,4.691230633657092
Bach/Fugue/bwv_848/SunY01M.mid,21,22,11.5,12.0,12.588889,13.133333,0.5,0.5444440000000004,regular,,-0.12285557007481634,True,-0.26969866798385195,9,0.1468430979090356,True,91.8368096627017,10.714416909728465
Bach/Fugue/bwv_848/SunY01M.mid,22,23,12.0,12.5,13.133333,13.709375,0.5,0.5760419999999993,regular,,-0.2042459094585185,True,-0.26522323653707736,9,0.06097732707855885,True,86.79922644529402,4.317219924935855
Bach/Fugue/bwv_848/SunY01M.mid,23,24,12.5,13.0,13.709375,14.246355,0.5,0.5369799999999998,regular,,-0.102940260663832,True,-0.22560810581826454,9,0.12266784515443255,True,93.11333755447134,8.874632202317132
Bach/Fugue/bwv_848/SunY01M.mid,24,25,13.0,13.5,14.246355,14.797917000000002,0.5,0.5515620000000023,regular,,-0.14159497055769835,True,-0.15987198245993992,9,0.01827701190224157,True,90.65164025077831,1.2749246684864153
Bach/Fugue/bwv_848/SunY01M.mid,25,26,13.5,14.0,14.797917000000002,15.328645000000002,0.5,0.5307279999999999,regular,,-0.08604456917315009,True,-0.22561057350118785,9,0.13956600432803776,True,94.21021690960345,10.157368746326108
Bach/Fugue/bwv_848/SunY01M.mid,26,27,14.0,14.5,15.328645000000002,15.904166,0.5,0.5755209999999984,regular,,-0.20294047646424995,True,-0.2930879213989927,9,0.09014744493474275,True,86.87780289511615,6.447896775269892
Bach/Fugue/bwv_848/SunY01M.mid,27,28,14.5,15.0,15.904166,16.458333,0.5,0.5541669999999996,regular,,-0.14839270767889984,True,-0.16825692320858107,9,0.019864215529681234,True,90.22550963879125,1.3864051811096922
Bach/Fugue/bwv_848/SunY01M.mid,28,29,15.0,15.5,16.458333,17.001562,0.5,0.5432290000000002,regular,,-0.11963240428182866,True,-0.19967046049874965,9,0.08003805621692099,True,92.04221424113953,5.7045923542370085
Bach/Fugue/bwv_848/SunY01M.mid,29,30,15.5,16.0,17.001562,17.542188,0.5,0.5406259999999996,regular,,-0.11270280131575497,True,-0.20782789767515486,9,0.09512509635939989,True,92.48537806172851,6.815802421637628
Bach/Fugue/bwv_848/SunY01M.mid,30,31,16.0,16.5,17.542188,18.108333,0.5,0.5661449999999988,regular,,-0.17924350585506693,True,-0.25109007678007894,9,0.07184657092501201,True,88.31659733813795,5.106112391702018
Bach/Fugue/bwv_848/SunY01M.mid,31,32,16.5,17.0,18.108333,18.667188,0.5,0.5588550000000012,regular,,-0.16054591641580176,True,-0.206198095151885,9,0.04565217873608324,True,89.46864571310965,3.214966315054663
Bach/Fugue/bwv_848/SunY01M.mid,32,33,17.0,17.5,18.667188,19.195313,0.5,0.5281249999999993,regular,,-0.07895134139482002,True,-0.19147168982722707,9,0.11252034843240705,True,94.67455621301788,8.111526627219089
Bach/Fugue/bwv_848/SunY01M.mid,33,34,17.5,18.0,19.195313,19.756771,0.5,0.5614580000000018,regular,,-0.1672500106272009,True,-0.21269881764386162,9,0.04544880701666071,True,89.05385621008134,3.200417484477415
Bach/Fugue/bwv_848/SunY01M.mid,34,35,18.0,18.5,19.756771,20.293229,0.5,0.5364579999999997,regular,,-0.10153713002991263,True,-0.16992500144231246,9,0.06838787141239983,True,93.20394140827433,4.854434084308636
Bach/Fugue/bwv_848/SunY01M.mid,35,36,18.5,19.0,20.293229,20.851042,0.5,0.5578129999999994,regular,,-0.15785346231318179,True,-0.211077004247544,9,0.05322354193436221,True,89.63577399594497,3.758069460553676
Bach/Fugue/bwv_848/SunY01M.mid,36,37,19.0,19.5,20.851042,21.389931,0.5,0.5388890000000011,regular,,-0.10806004332032013,True,-0.17270767931974293,9,0.0646476359994228,True,92.78348602402332,4.582947508670566
Bach/Fugue/bwv_848/SunY01M.mid,37,38,19.5,20.0,21.389931,21.944097,0.5,0.5541659999999986,regular,,-0.14839010431864197,True,-0.28231643670259005,9,0.13392633238394808,True,90.22567245193702,9.727590649733566
Bach/Fugue/bwv_848/SunY01M.mid,38,39,20.0,20.5,21.944097,22.511458,0.5,0.5673610000000018,regular,,-0.1823388892808491,True,-0.2447628724334186,9,0.0624239831525695,True,88.12731224035463,4.421876018971442
Bach/Fugue/bwv_848/SunY01M.mid,39,40,20.5,21.0,22.511458,23.078472,0.5,0.5670140000000004,regular,,-0.18145626194014589,True,-0.19748800240598471,9,0.01603174046583883,True,88.18124420208314,1.1174327265289776
Bach/Fugue/bwv_848/SunY01M.mid,40,41,21.0,21.5,23.078472,23.621875,0.5,0.5434029999999979,regular,,-0.12009443547409406,True,-0.19858467284108086,9,0.0784902373669868,True,92.01274192450207,5.59124627578504
Bach/Fugue/bwv_848/SunY01M.mid,41,42,21.5,22.0,23.621875,24.192014,0.5,0.5701390000000011,regular,,-0.18938559660670048,True,-0.26136472275018513,9,0.07197912614348465,True,87.69791226350048,5.115770013978601
Bach/Fugue/bwv_848/SunY01M.mid,42,43,22.0,22.5,24.192014,24.739062,0.5,0.5470480000000002,regular,,-0.12973933104413943,True,-0.19912515541740364,9,0.06938582437326421,True,91.39965779968117,4.92698995334941
Bach/Fugue/bwv_848/SunY01M.mid,43,44,22.5,23.0,24.739062,25.2875,0.5,0.5484380000000009,regular,,-0.13340044069413123,True,-0.18322097696852405,9,0.04982053627439281,True,91.16800805195832,3.513615030322247
Bach/Fugue/bwv_848/SunY01M.mid,44,45,23.0,23.5,25.2875,25.822917,0.5,0.5354169999999989,regular,,-0.09873485176097803,True,-0.14465726404198445,9,0.04592241228100642,True,93.38515586916385,3.234301488373003
Bach/Fugue/bwv_848/SunY01M.mid,45,46,23.5,24.0,25.822917,26.364583000000003,0.5,0.5416660000000029,regular,,-0.11547544179418522,True,-0.19311568043663094,9,0.07764023864244572,True,92.3078059172991,5.529052958834098
Bach/Fugue/bwv_848/SunY01M.mid,46,47,24.0,24.5,26.364583000000003,26.949479,0.5,0.584895999999997,regular,,-0.2262520278894459,True,-0.31439490561801475,9,0.08814287772856885,True,85.48528285370435,6.300094375752932
Bach/Fugue/bwv_848/SunY01M.mid,47,48,24.5,25.0,26.949479,27.484722,0.5,0.5352430000000012,regular,,-0.09826592803295732,True,-0.20457145724063527,9,0.10630552920767795,True,93.41551407491528,7.646807151144112
Bach/Fugue/bwv_848/SunY01M.mid,48,49,25.0,25.5,27.484722,28.03177100000001,0.5,0.5470490000000083,regular,,-0.12974196827841145,True,-0.1980364418283263,9,0.06829447354991486,True,91.3994907220363,4.8476461889134805
Bach/Fugue/bwv_848/SunY01M.mid,49,50,25.5,26.0,28.03177100000001,28.578125,0.5,0.5463539999999902,regular,,-0.12790792687102684,True,-0.21808925208678628,9,0.09018132521575944,True,91.51575718307342,6.450396629294393
Bach/Fugue/bwv_848/SunY01M.mid,50,51,26.0,26.5,28.578125,29.108333,0.5,0.5302079999999982,regular,,-0.08463034346804,True,-0.20402800182719855,9,0.11939765835915854,True,94.30261331402046,8.628123302555414
Bach/Fugue/bwv_848/SunY01M.mid,51,52,26.5,27.0,29.108333,29.685938,0.5,0.5776050000000019,regular,,-0.2081551359872812,True,-0.2081551359872812,9,0.0,True,86.56434760779396,0.0
Bach/Fugue/bwv_848/SunY01M.mid,52,53,27.0,27.5,29.685938,30.225521,0.5,0.5395830000000004,regular,,-0.10991680083758128,True,-0.13784448410224365,9,0.02792768326466237,True,92.6641499083551,1.9546575781673168
Bach/Fugue/bwv_848/SunY01M.mid,53,54,27.5,28.0,30.225521,30.790625,0.5,0.565103999999998,regular,,-0.17658830622794378,True,-0.2745705960456577,9,0.09798228981771392,True,88.47928876808547,7.0275559896950375
Bach/Fugue/bwv_848/SunY01M.mid,54,55,28.0,28.5,30.790625,31.360417,0.5,0.5697920000000032,regular,,-0.18850727117358543,True,-0.25424330336743856,9,0.06573603219385313,True,87.751319779849,4.661876614622913
Bach/Fugue/bwv_848/SunY01M.mid,55,56,28.5,29.0,31.360417,31.899479,0.5,0.5390619999999977,regular,,-0.10852311862562032,True,-0.2288174593955905,9,0.12029434076997018,True,92.75370922083214,8.695660239453675
Bach/Fugue/bwv_848/SunY01M.mid,56,57,29.0,29.5,31.899479,32.457813,0.5,0.5583340000000021,regular,,-0.15920031746917518,True,-0.18982582370798862,9,0.030625506238813438,True,89.55213187805116,2.1454899755337538
Bach/Fugue/bwv_848/SunY01M.mid,57,58,29.5,30.0,32.457813,33.005208,0.5,0.5473950000000016,regular,,-0.1306541620512642,True,-0.2094533656289497,9,0.0787992035776855,True,91.34171850309164,5.6138620191997015
Bach/Fugue/bwv_848/SunY01M.mid,58,59,30.0,30.5,33.005208,33.564583,0.5,0.5593749999999957,regular,,-0.16188768237688306,True,-0.2029404764642409,9,0.04105279408735785,True,89.38547486033588,2.8864357541898045
Bach/Fugue/bwv_848/SunY01M.mid,59,60,30.5,31.0,33.564583,34.113021,0.5,0.5484380000000044,regular,,-0.13340044069414056,True,-0.2029404764642409,9,0.06954003577010034,True,91.16800805195774,4.9382063241405945
Bach/Fugue/bwv_848/SunY01M.mid,60,61,31.0,31.5,34.113021,34.638542,0.5,0.5255209999999977,regular,,-0.07182032104227225,True,-0.1749279189258543,9,0.10310759788358205,True,95.14367646583148,7.408457511688452
Bach/Fugue/bwv_848/SunY01M.mid,61,62,31.5,32.0,34.638542,35.188542,0.5,0.5499999999999972,regular,,-0.1375035237499274,True,-0.1463554440390127,9,0.008851920289085324,True,90.90909090909139,0.6154545454561239
Bach/Fugue/bwv_848/SunY01M.mid,62,63,32.0,32.5,35.188542,35.748959,0.5,0.560417000000001,regular,,-0.1645726250564276,True,-0.1799084532390533,9,0.015335828182625688,True,89.21927778778999,1.0686685093420707
Bach/Fugue/bwv_848/SunY01M.mid,63,64,32.5,33.0,35.748959,36.314583,0.5,0.5656239999999997,regular,,-0.17791524157252073,True,-0.206198095151885,9,0.028282853579364275,True,88.3979463389107,1.9797604062062923
Bach/Fugue/bwv_848/SunY01M.mid,64,65,33.0,33.5,36.314583,36.85,0.5,0.5354170000000025,regular,,-0.09873485176098763,True,-0.15313084007554387,9,0.054395988314556235,True,93.38515586916323,3.842425623392367
Bach/Fugue/bwv_848/SunY01M.mid,65,66,33.5,34.0,36.85,37.41614600000001,0.5,0.5661460000000105,regular,,-0.1792460541311864,True,-0.13271370302815044,9,-0.04653235110303597,True,88.31644134198436,-3.1739162689508884
Bach/Fugue/bwv_848/SunY01M.mid,66,67,34.0,34.5,37.41614600000001,37.988542,0.5,0.5723959999999906,regular,,-0.19508549541561687,True,-0.21431880991695318,9,0.019233314501336307,True,87.35211287290761,1.3420778621810472
Bach/Fugue/bwv_848/SunY01M.mid,67,68,34.5,35.0,37.988542,38.558854,0.5,0.5703119999999942,regular,,-0.18982329405091905,True,-0.18982329405091905,9,0.0,True,87.67130973923135,0.0
Bach/Fugue/bwv_848/SunY01M.mid,68,69,35.0,35.5,38.558854,39.106771,0.5,0.5479170000000053,regular,,-0.13202927136872675,True,-0.18156566582541422,9,0.04953639445668748,True,91.25469733554446,3.493229814003372
Bach/Fugue/bwv_848/SunY01M.mid,69,70,35.5,36.0,39.106771,39.652604,0.5,0.5458329999999947,regular,,-0.12653152489350925,True,-0.193113156541528,9,0.06658163164801875,True,91.60310937594555,4.723239525644172
Bach/Fugue/bwv_848/SunY01M.mid,70,71,36.0,36.5,39.652604,40.207292,0.5,0.5546880000000058,regular,,-0.1497484199616128,True,-0.17990590613270027,9,0.03015748617108746,True,90.14076381677533,2.1123586592805483
Bach/Fugue/bwv_848/SunY01M.mid,71,72,36.5,37.0,40.207292,40.757813,0.5,0.5505209999999963,regular,,-0.13886950254079913,True,-0.24158639332071352,9,0.10271689077991439,True,90.82305670446785,7.379373357237749
Bach/Fugue/bwv_848/SunY01M.mid,72,73,37.0,37.5,40.757813,41.309375,0.5,0.5515620000000041,regular,,-0.14159497055770312,True,-0.17103769162014837,9,0.02944272106244525,True,90.65164025077802,2.0617809058652536
Bach/Fugue/bwv_848/SunY01M.mid,73,74,37.5,38.0,41.309375,41.894791,0.5,0.585415999999995,regular,,-0.22753408168472297,True,-0.26574412617087434,9,0.03821004448615137,True,85.40934993235652,2.6839034122732572
Bach/Fugue/bwv_848/SunY01M.mid,74,75,38.0,38.5,41.894791,42.483334,0.5,0.5885430000000014,regular,,-0.2352197300967969,True,-0.24634727690091407,9,0.011127546804117178,True,84.95555974669631,0.7742849715311156
Bach/Fugue/bwv_848/SunY01M.mid,75,76,38.5,39.0,42.483334,43.030729,0.5,0.5473950000000016,regular,,-0.1306541620512642,True,-0.23999674880662228,9,0.10934258675535807,True,91.34171850309164,7.873656134965663
Bach/Fugue/bwv_848/SunY01M.mid,76,77,39.0,39.5,43.030729,43.594097,0.5,0.563367999999997,regular,,-0.172149524287963,True,-0.18156566582541422,9,0.009416141537451211,True,88.75193479217894,0.6548117748969348
Bach/Fugue/bwv_848/SunY01M.mid,77,78,39.5,40.0,43.594097,44.189583,0.5,0.5954860000000011,regular,,-0.25213949553956605,True,-0.28458046252591174,9,0.03244096698634569,True,83.96503024420375,2.274108879132989
Bach/Fugue/bwv_848/SunY01M.mid,78,79,40.0,40.5,44.189583,44.743229,0.5,0.5536460000000005,regular,,-0.14703572022394562,True,-0.24792751344358557,9,0.10089179321963995,True,90.31041495829456,7.243617762974797
Bach/Fugue/bwv_848/SunY01M.mid,79,80,40.5,41.0,44.743229,45.308681,0.5,0.5654520000000005,regular,,-0.1774764672568348,True,-0.2029404764642588,9,0.025464009207424004,True,88.42483535295649,1.780699334338089
Bach/Fugue/bwv_848/SunY01M.mid,80,81,41.0,41.5,45.308681,45.842014,0.5,0.533332999999999,regular,,-0.09310850270679621,True,-0.23840535079834263,9,0.14529684809154642,True,93.75005859378682,10.59581912238706
Bach/Fugue/bwv_848/SunY01M.mid,81,82,41.5,42.0,45.842014,46.409375,0.5,0.5673609999999982,regular,,-0.18233888928084002,True,-0.24476043729341504,9,0.06242154801257502,True,88.12731224035518,4.421699764347434
Bach/Fugue/bwv_848/SunY01M.mid,82,83,42.0,42.5,46.409375,46.983854,0.5,0.5744790000000037,regular,,-0.20032606143121431,True,-0.24634241196255735,9,0.04601635053134304,True,87.03538336475253,3.241023605736844
Bach/Fugue/bwv_848/SunY01M.mid,83,84,42.5,43.0,46.983854,47.564236,0.5,0.5803820000000002,regular,,-0.21507468138596145,True,-0.21507468138596145,9,0.0,True,86.15015627638346,0.0
Bach/Fugue/bwv_848/SunY01M.mid,84,85,43.0,43.5,47.564236,48.142708,0.5,0.5784719999999979,regular,,-0.21031903481917877,True,-0.21031903481917877,9,0.0,True,86.4346070337029,0.0
Bach/Fugue/bwv_848/SunY01M.mid,85,86,43.5,44.0,48.142708,48.68177100000001,0.5,0.539063000000013,regular,,-0.10852579492950508,True,-0.18156566582541422,9,0.07303987089590915,True,92.75353715613723,5.1930850382951
Bach/Fugue/bwv_848/SunY01M.mid,86,87,44.0,44.5,48.68177100000001,49.247395,0.5,0.5656239999999855,regular,,-0.1779152415724845,True,-0.1779152415724845,9,0.0,True,88.39794633891293,0.0
Bach/Fugue/bwv_848/SunY01M.mid,87,88,44.5,45.0,49.247395,49.802083,0.5,0.5546880000000058,regular,,-0.1497484199616128,True,-0.1963955340301138,9,0.046647114068501,True,90.14076381677533,3.2861716857031875
Bach/Fugue/bwv_848/SunY01M.mid,88,89,45.0,45.5,49.802083,50.3625,0.5,0.560416999999994,regular,,-0.1645726250564093,True,-0.18487185267275114,9,0.02029922761634184,True,89.21927778779113,1.4169805698261362
Bach/Fugue/bwv_848/SunY01M.mid,89,90,45.5,46.0,50.3625,50.903645,0.5,0.5411450000000002,regular,,-0.11408712162693278,True,-0.1914716898272181,9,0.07738456820028532,True,92.3966774154801,5.510353047703711
Bach/Fugue/bwv_848/SunY01M.mid,90,91,46.0,46.5,50.903645,51.438021,0.5,0.5343760000000017,regular,,-0.09592711977620764,True,-0.1463554440390127,9,0.050428324262805066,True,93.56707636570474,3.5572331092721168
Bach/Fugue/bwv_848/SunY01M.mid,91,92,46.5,47.0,51.438021,51.998437,0.5,0.5604160000000036,regular,,-0.16457005072994507,True,-0.17326050076655158,9,0.008690450036606512,True,89.21943698966425,0.6041940272925617
Bach/Fugue/bwv_848/SunY01M.mid,92,93,47.0,47.5,51.998437,52.534895,0.5,0.5364579999999961,regular,,-0.10153713002990318,True,-0.21431880991697083,9,0.11278167988706765,True,93.20394140827494,8.131111848460009
Bach/Fugue/bwv_848/SunY01M.mid,93,94,47.5,48.0,52.534895,53.073437,0.5,0.5385419999999996,regular,,-0.10713076767018724,True,-0.12239707314187764,9,0.015266305471690403,True,92.84326942002673,1.063798181015104
Bach/Fugue/bwv_848/SunY01M.mid,94,95,48.0,48.5,53.073437,53.606597,0.5,0.5331600000000023,regular,,-0.09264045229435464,True,-0.13214248824762367,9,0.03950203595326904,True,93.78047865556265,2.7759021682061724
Bach/Fugue/bwv_848/SunY01M.mid,95,96,48.5,49.0,53.606597,54.160938,0.5,0.5543410000000009,regular,,-0.14884562085440806,True,-0.24211588582755467,9,0.09327026497314661,True,90.19718909479892,6.67856066933408
Bach/Fugue/bwv_848/SunY01M.mid,96,97,49.0,49.5,54.160938,54.75677099999999,0.5,0.5958329999999918,regular,,-0.2529799340675047,True,-0.2652256373815189,9,0.0122457033140142,True,83.91613086217225,0.8524200572982823
Bach/Fugue/bwv_848/SunY01M.mid,97,98,49.5,50.0,54.75677099999999,55.311459,0.5,0.5546880000000058,regular,,-0.1497484199616128,True,-0.1497484199616128,9,0.0,True,90.14076381677533,0.0
Bach/Fugue/bwv_848/SunY01M.mid,98,99,50.0,50.5,55.311459,55.863195,0.5,0.5517359999999982,regular,,-0.1420500224823643,True,-0.21917037950426857,9,0.07712035702190426,True,90.6230516043908,5.491031942815801
Bach/Fugue/bwv_848/SunY01M.mid,99,100,50.5,51.0,55.863195,56.421875,0.5,0.5586800000000025,regular,,-0.16009407976779103,True,-0.26886552069611713,9,0.10877144092832611,True,89.49667072384867,7.83095868833727
Bach/Fugue/bwv_848/SunY01M.mid,100,101,51.0,51.5,56.421875,56.970833,0.5,0.548957999999999,regular,,-0.1347676800086681,True,-0.18982582370798862,9,0.05505814369932052,True,91.08164923363918,3.8900972387686994
Bach/Fugue/bwv_848/SunY01M.mid,101,102,51.5,52.0,56.970833,57.544271,0.5,0.573438000000003,regular,,-0.19770941589103996,True,-0.2730169024661976,9,0.07530748657515762,True,87.19338446353353,5.358556635591524
Bach/Fugue/bwv_848/SunY01M.mid,102,103,52.0,52.5,57.544271,58.084028,0.5,0.5397570000000016,regular,,-0.11038195350363846,True,-0.14295969596328797,9,0.03257774245964952,True,92.63427801770028,2.283805490246908
Bach/Fugue/bwv_848/SunY01M.mid,103,104,52.5,53.0,58.084028,58.66041600000001,0.5,0.5763880000000086,regular,,-0.20511220502381897,True,-0.2683457570362307,9,0.06323355201241174,True,86.7471217304997,4.480488837378658
Bach/Fugue/bwv_848/SunY01M.mid,104,105,53.0,53.5,58.66041600000001,59.245834,0.5,0.58541799999999,regular,,-0.22753901046211494,True,-0.2823164367025817,9,0.054777426240466776,True,85.40905814307187,3.8698844244638626
Bach/Fugue/bwv_848/SunY01M.mid,105,106,53.5,54.0,59.245834,59.78698000000001,0.5,0.5411460000000048,regular,,-0.11408978762904774,True,-0.20620059625932696,9,0.09211080863027922,True,92.39650667287489,6.592860337136256
Bach/Fugue/bwv_848/SunY01M.mid,106,107,54.0,54.5,59.78698000000001,60.342188,0.5,0.5552079999999933,regular,,-0.15110026099200632,True,-0.16992500144231246,9,0.018824740450306132,True,90.05633924583329,1.3133816515624503
Bach/Fugue/bwv_848/SunY01M.mid,107,108,54.5,55.0,60.342188,60.91631999999999,0.5,0.5741319999999916,regular,,-0.19945437346298875,True,-0.19945437346298875,9,0.0,True,87.08798673475913,0.0
Bach/Fugue/bwv_848/SunY01M.mid,108,109,55.0,55.5,60.91631999999999,61.470312,0.5,0.553992000000008,regular,,-0.1479370480953163,True,-0.24052682495316433,9,0.09258977685784803,True,90.25401088824256,6.628254559632987
Bach/Fugue/bwv_848/SunY01M.mid,109,110,55.5,56.0,61.470312,62.01823,0.5,0.5479180000000028,regular,,-0.1320319044203034,True,-0.1963955340301138,9,0.0643636296098104,True,91.25453078745313,4.5623615212488815
Bach/Fugue/bwv_848/SunY01M.mid,110,111,56.0,56.5,62.01823,62.564583,0.5,0.5463529999999963,regular,,-0.12790528628204537,True,-0.19639553403013163,9,0.06849024774808626,True,91.51592468605524,4.86187501487322
Bach/Fugue/bwv_848/SunY01M.mid,111,112,56.5,57.0,62.564583,63.125521,0.5,0.5609380000000002,regular,,-0.1659132249028408,True,-0.2320221461755266,9,0.0661089212726858,True,89.13641079762823,4.688931753594836
Bach/Fugue/bwv_848/SunY01M.mid,112,113,57.0,57.5,63.125521,63.708334,0.5,0.5828130000000016,regular,,-0.2211049630681879,True,-0.23362059701674298,9,0.012515633948555094,True,85.79081111780256,0.871291477714405
Bach/Fugue/bwv_848/SunY01M.mid,113,114,57.5,58.0,63.708334,64.267708,0.5,0.5593739999999983,regular,,-0.16188510325495806,True,-0.20728566779207896,9,0.04540056453712091,True,89.38563465588346,3.196966609103178
Bach/Fugue/bwv_848/SunY01M.mid,114,115,58.0,58.5,64.267708,64.842361,0.5,0.5746529999999979,regular,,-0.20076296326498916,True,-0.20076296326498916,9,0.0,True,87.00902979711267,0.0
Bach/Fugue/bwv_848/SunY01M.mid,115,116,58.5,59.0,64.842361,65.395834,0.5,0.5534729999999968,regular,,-0.14658484503508026,True,-0.19530475783339174,9,0.04871991279831148,True,90.3386434387952,3.4346752235419933
Bach/Fugue/bwv_848/SunY01M.mid,116,117,59.0,59.5,65.395834,65.956771,0.5,0.5609370000000098,regular,,-0.16591065296741656,True,-0.18322351822875213,9,0.017312865261335575,True,89.13656970390458,1.207265700066798
Bach/Fugue/bwv_848/SunY01M.mid,117,118,59.5,60.0,65.956771,66.494271,0.5,0.5374999999999943,regular,,-0.10433665981472029,True,-0.13955069755834426,9,0.03521403774362397,True,93.02325581395448,2.470883720931431
Bach/Fugue/bwv_848/SunY01M.mid,118,119,60.0,60.5,66.494271,67.042709,0.5,0.5484380000000044,regular,,-0.13340044069414056,True,-0.13340044069414056,9,0.0,True,91.16800805195774,0.0
Bach/Fugue/bwv_848/SunY01M.mid,119,120,60.5,61.0,67.042709,67.577605,0.5,0.5348960000000034,regular,,-0.09733032023484736,True,-0.1615497781374512,9,0.06421945790260383,True,93.47611498309894,4.551912895217624
Bach/Fugue/bwv_848/SunY01M.mid,120,121,61.0,61.5,67.577605,68.121875,0.5,0.5442699999999974,regular,,-0.12239442244696117,True,-0.15143802341912008,9,0.02904360097215891,True,91.86616936447028,2.033549525053519
Bach/Fugue/bwv_848/SunY01M.mid,121,122,61.5,62.0,68.121875,68.671875,0.5,0.5499999999999972,regular,,-0.1375035237499274,True,-0.1375035237499274,9,0.0,True,90.90909090909139,0.0
Bach/Fugue/bwv_848/SunY01M.mid,122,123,62.0,62.5,68.671875,69.215625,0.5,0.5437500000000028,regular,,-0.12101540096137346,True,-0.16490724839161836,9,0.04389184743024489,True,91.95402298850527,3.0891034482752624
Bach/Fugue/bwv_848/SunY01M.mid,123,124,62.5,63.0,69.215625,69.761459,0.5,0.5458339999999993,regular,,-0.12653416799813277,True,-0.12653416799813277,9,0.0,True,91.60294155365929,0.0
Bach/Fugue/bwv_848/SunY01M.mid,124,125,63.0,63.5,69.761459,70.295834,0.5,0.5343749999999972,regular,,-0.09592441999852788,True,-0.18322097696851514,9,0.08729655696998725,True,93.5672514619888,6.237754385964746
Bach/Fugue/bwv_848/SunY01M.mid,125,126,63.5,64.0,70.295834,70.829688,0.5,0.5338540000000052,regular,,-0.09451714838187927,True,-0.09627264961325484,9,0.0017555012313755641,True,93.65856582511233,0.12175613557135932
Bach/Fugue/bwv_848/SunY01M.mid,126,127,64.0,64.5,70.829688,71.376563,0.5,0.546875,regular,,-0.1292830169449665,True,-0.1292830169449665,9,0.0,True,91.42857142857143,0.0
Bach/Fugue/bwv_848/SunY01M.mid,127,128,64.5,65.0,71.376563,71.91354100000002,0.5,0.536978000000019,regular,,-0.10293488728786386,True,-0.10293488728786386,9,0.0,True,93.11368435950492,0.0
Bach/Fugue/bwv_848/SunY01M.mid,128,129,65.0,65.5,71.91354100000002,72.471875,0.5,0.5583339999999737,regular,,-0.15920031746910185,True,-0.1548190809726439,9,-0.004381236496457941,True,89.5521318780557,-0.30322351853454993
Bach/Fugue/bwv_848/SunY01M.mid,129,130,65.5,66.0,72.471875,73.008333,0.5,0.5364579999999961,regular,,-0.10153713002990318,True,-0.14635544403893863,9,0.04481831400903545,True,93.20394140827494,3.1553262324322477
Bach/Fugue/bwv_848/SunY01M.mid,130,131,66.0,66.5,73.008333,73.55625,0.5,0.5479170000000124,regular,,-0.13202927136874554,True,-0.15312824525127575,9,0.02109897388253021,True,91.25469733554328,1.4732158337821524
Bach/Fugue/bwv_848/SunY01M.mid,131,132,66.5,67.0,73.55625,74.110938,0.5,0.5546879999999987,regular,,-0.14974841996159433,True,-0.26834815269001044,9,0.11859973272841612,True,90.14076381677648,8.568059882313111
Bach/Fugue/bwv_848/SunY01M.mid,132,133,67.0,67.5,74.110938,74.642708,0.5,0.5317699999999945,regular,,-0.08887429443295664,True,-0.15650534860014115,9,0.06763105416718451,True,94.0256125768669,4.799443368375356
Bach/Fugue/bwv_848/SunY01M.mid,133,134,67.5,68.0,74.642708,75.179167,0.5,0.5364590000000078,regular,,-0.10153981932470932,True,-0.10153981932470932,9,0.0,True,93.2037676691029,0.0
Bach/Fugue/bwv_848/SunY01M.mid,134,135,68.0,68.5,75.179167,75.717709,0.5,0.5385419999999925,regular,,-0.10713076767016827,True,-0.10713076767016827,9,0.0,True,92.84326942002795,0.0
Bach/Fugue/bwv_848/SunY01M.mid,135,136,68.5,69.0,75.717709,76.290625,0.5,0.5729160000000064,regular,,-0.19639553403013163,True,-0.20457145724063527,9,0.008175923210503644,True,87.27282882656347,0.5683206613173997
Bach/Fugue/bwv_848/SunY01M.mid,136,137,69.0,69.5,76.290625,76.846875,0.5,0.5562499999999915,regular,,-0.15380533607901334,True,-0.1615523578588731,9,0.007747021779859753,True,89.88764044943957,0.5384269662918773
Bach/Fugue/bwv_848/SunY01M.mid,137,138,69.5,70.0,76.846875,77.397917,0.5,0.5510420000000096,regular,,-0.1402341892130436,True,-0.14295969596336225,9,0.002725506750318657,True,90.73718518733442,0.18909629393266136
Bach/Fugue/bwv_848/SunY01M.mid,138,139,70.0,70.5,77.397917,77.934375,0.5,0.5364579999999961,regular,,-0.10153713002990318,True,-0.12239707314185881,9,0.02085994311195563,True,93.20394140827494,1.4564047884454725
Bach/Fugue/bwv_848/SunY01M.mid,139,140,70.5,71.0,77.934375,78.497396,0.5,0.563020999999992,regular,,-0.1712606391958103,True,-0.20130764976121546,9,0.030047010565405152,True,88.80663421080335,2.1045396175297824
Bach/Fugue/bwv_848/SunY01M.mid,140,141,71.0,71.5,78.497396,79.04375,0.5,0.546354000000008,regular,,-0.12790792687107375,True,-0.16992500144231246,9,0.04201707457123871,True,91.51575718307045,2.955226830954258
Bach/Fugue/bwv_848/SunY01M.mid,141,142,71.5,72.0,79.04375,79.598958,0.5,0.5552079999999933,regular,,-0.15110026099200632,True,-0.15987198245993992,9,0.00877172146793359,True,90.05633924583329,0.60986152937388
Bach/Fugue/bwv_848/SunY01M.mid,142,143,72.0,72.5,79.598958,80.133854,0.5,0.5348960000000034,regular,,-0.09733032023484736,True,-0.15481908097257008,9,0.057488760737722716,True,93.47611498309894,4.06527624060885
Bach/Fugue/bwv_848/SunY01M.mid,143,144,72.5,73.0,80.133854,80.676563,0.5,0.5427090000000021,regular,,-0.11825073888546371,True,-0.1848769293761089,9,0.06662619049064518,True,92.13040506053854,4.726474040409832
Bach/Fugue/bwv_848/SunY01M.mid,144,145,73.0,73.5,80.676563,81.223438,0.5,0.546875,regular,,-0.1292830169449665,True,-0.23202460291186938,9,0.10274158596690289,True,91.42857142857143,7.381211428572508
Bach/Fugue/bwv_848/SunY01M.mid,145,146,73.5,74.0,81.223438,81.75885500000003,0.5,0.5354170000000238,regular,,-0.09873485176104509,True,-0.13442599163554206,9,0.03569113987449697,True,93.3851558691595,2.5047766507182043
Bach/Fugue/bwv_848/SunY01M.mid,146,147,74.0,74.5,81.75885500000003,82.283333,0.5,0.5244779999999736,regular,,-0.06895416322194144,True,-0.09627804786044712,9,0.027323884638505685,True,95.33288336212865,1.9119963087200167
Bach/Fugue/bwv_848/SunY01M.mid,147,148,74.5,75.0,82.283333,82.834896,0.5,0.5515630000000016,regular,,-0.14159758620876214,True,-0.1715962768842005,9,0.029998690675438366,True,90.65147589667882,2.101119908333346
Bach/Fugue/bwv_848/SunY01M.mid,148,149,75.0,75.5,82.834896,83.342187,0.5,0.507290999999995,regular,,-0.020885470528362107,True,-0.130999379745113,9,0.11011390921675089,True,98.56275786481623,7.931345125386498
Bach/Fugue/bwv_848/SunY01M.mid,149,150,75.5,76.0,83.342187,83.860417,0.5,0.5182300000000026,regular,,-0.05166443973225835,True,-0.19639553403006005,9,0.1447310942978017,True,96.48225691295322,10.552457403078758
Bach/Fugue/bwv_848/SunY01M.mid,150,151,76.0,76.5,83.860417,84.41041700000002,0.5,0.5500000000000256,regular,,-0.13750352375000208,True,-0.17658830622792568,9,0.0390847824779236,True,90.90909090908667,2.7461818181753888
Bach/Fugue/bwv_848/SunY01M.mid,151,152,76.5,77.0,84.41041700000002,84.9625,0.5,0.5520829999999819,regular,,-0.14295708278057592,True,-0.24634484443383814,9,0.10338776165326222,True,90.56609241726632,7.429317693180742
Bach/Fugue/bwv_848/SunY01M.mid,152,153,77.0,77.5,84.9625,85.508854,0.5,0.5463539999999938,regular,,-0.1279079268710363,True,-0.2447604372934325,9,0.1168525104223962,True,91.51575718307282,8.43665462319509
Bach/Fugue/bwv_848/SunY01M.mid,153,154,77.5,78.0,85.508854,86.052084,0.5,0.5432299999999941,regular,,-0.11963506005628889,True,-0.13613625039123442,9,0.01650119033494553,True,92.04204480606842,1.1503414759856607
Bach/Fugue/bwv_848/SunY01M.mid,154,155,78.0,78.5,86.052084,86.588021,0.5,0.5359370000000041,regular,,-0.10013532533027603,True,-0.16992756623128272,9,0.06979224090100669,True,93.29454768004378,4.956552729149431
Bach/Fugue/bwv_848/SunY01M.mid,155,156,78.5,79.0,86.588021,87.144271,0.5,0.5562500000000057,regular,,-0.15380533607905023,True,-0.24158639332071352,9,0.0877810572416633,True,89.88764044943728,6.273438202245164
Bach/Fugue/bwv_848/SunY01M.mid,156,157,79.0,79.5,87.144271,87.679167,0.5,0.5348960000000034,regular,,-0.09733032023484736,True,-0.19147168982723603,9,0.09414136959238867,True,93.47611498309894,6.74299303042087
Bach/Fugue/bwv_848/SunY01M.mid,157,158,79.5,80.0,87.679167,88.216145,0.5,0.5369779999999906,regular,,-0.10293488728778748,True,-0.12584415334207338,9,0.022909266054285907,True,93.11368435950985,1.600624234139927
Bach/Fugue/bwv_848/SunY01M.mid,158,159,80.0,80.5,88.216145,88.768229,0.5,0.5520840000000078,regular,,-0.1429596959633251,True,-0.20293796969859706,9,0.05997827373527195,True,90.56592837321729,4.245006194710121
Bach/Fugue/bwv_848/SunY01M.mid,159,160,80.5,81.0,88.768229,89.304167,0.5,0.5359380000000016,regular,,-0.10013801723938347,True,-0.2510876522964451,9,0.1509496350570616,True,93.29437360291648,11.030007202324473
Bach/Fugue/bwv_848/SunY01M.mid,160,161,81.0,81.5,89.304167,89.849479,0.5,0.5453119999999956,regular,,-0.12515380850673447,True,-0.12584415334211094,9,0.0006903448353764718,True,91.69062848424463,0.04786250807042501
Bach/Fugue/bwv_848/SunY01M.mid,161,162,81.5,82.0,89.849479,90.363021,0.5,0.513542000000001,regular,,-0.038554177204007084,True,-0.1429570827806502,9,0.10440290557664311,True,97.36301996720793,7.504936305114118
Bach/Fugue/bwv_848/SunY01M.mid,162,163,82.0,82.5,90.363021,90.902604,0.5,0.5395829999999933,regular,,-0.10991680083756243,True,-0.11721362078312646,9,0.007296819945564026,True,92.66414990835631,0.507058228300923
Bach/Fugue/bwv_848/SunY01M.mid,163,164,82.5,83.0,90.902604,91.453125,0.5,0.5505210000000034,regular,,-0.1388695025408178,True,-0.14125489553244908,9,0.0023853929916312633,True,90.82305670446667,0.16547960931333958
Bach/Fugue/bwv_848/SunY01M.mid,164,165,83.0,83.5,91.453125,91.99427,0.5,0.5411450000000002,regular,,-0.11408712162693278,True,-0.13784448410226233,9,0.023757362475329544,True,92.3966774154801,1.6603682931579864
Bach/Fugue/bwv_848/SunY01M.mid,165,166,83.5,84.0,91.99427,92.573437,0.5,0.5791669999999982,regular,,-0.21205130744282658,True,-0.21593698515205934,9,0.00388567770923276,True,86.33088556495821,0.269697686503672
Bach/Fugue/bwv_848/SunY01M.mid,166,167,84.0,84.5,92.573437,93.159375,0.5,0.5859379999999987,regular,,-0.22881992159512066,True,-0.2526651297207665,9,0.023845208125645834,True,85.33326051561788,1.666558577870296
Bach/Fugue/bwv_848/SunY01M.mid,167,168,84.5,85.0,93.159375,93.706771,0.5,0.5473960000000062,regular,,-0.1306567976137551,True,-0.19147168982723603,9,0.06081489221348094,True,91.34155163720493,4.305475377970808
Bach/Fugue/bwv_848/SunY01M.mid,168,169,85.0,85.5,93.706771,94.256771,0.5,0.5499999999999972,regular,,-0.1375035237499274,True,-0.2320221461755964,9,0.09451862242566902,True,90.90909090909139,6.770909090911174
Bach/Fugue/bwv_848/SunY01M.mid,169,170,85.5,86.0,94.256771,94.813541,0.5,0.5567700000000002,regular,,-0.1551533827913057,True,-0.2761250009675494,9,0.12097161817624369,True,89.80368913554966,8.746699714424125
Bach/Fugue/bwv_848/SunY01M.mid,170,171,86.0,86.5,94.813541,95.39375,0.5,0.5802089999999964,regular,,-0.21464457940528484,True,-0.29001855194063164,9,0.0753739725353468,True,86.17584353224494,5.363412149760525
Bach/Fugue/bwv_848/SunY01M.mid,171,172,86.5,87.0,95.39375,95.930208,0.5,0.5364579999999961,regular,,-0.10153713002990318,True,-0.10153713002990318,9,0.0,True,93.20394140827494,0.0
Bach/Fugue/bwv_848/SunY01M.mid,172,173,87.0,87.5,95.930208,96.469792,0.5,0.539584000000005,regular,,-0.10991947455730693,True,-0.14465987414690318,9,0.03474039958959625,True,92.66397817577901,2.4372479539781224
Bach/Fugue/bwv_848/SunY01M.mid,173,174,87.5,88.0,96.469792,97.026041,0.5,0.5562490000000082,regular,,-0.15380274246766307,True,-0.23148893542559187,9,0.0776861929579288,True,89.8878020454855,5.53241444029188
Bach/Fugue/bwv_848/SunY01M.mid,174,175,88.0,88.5,97.026041,97.626563,0.5,0.600521999999998,regular,,-0.26428900484789064,True,-0.26428900484789064,9,0.0,True,83.26089635350607,0.0
Bach/Fugue/bwv_848/SunY01M.mid,175,176,88.5,89.0,97.626563,98.172396,0.5,0.5458330000000018,regular,,-0.12653152489352795,True,-0.2526651297207665,9,0.12613360482723854,True,91.60310937594436,9.136494129156427
Bach/Fugue/bwv_848/SunY01M.mid,176,177,89.0,89.5,98.172396,98.717708,0.5,0.5453119999999956,regular,,-0.12515380850673447,True,-0.16155235785890965,9,0.03639854935217518,True,91.69062848424463,2.5550510533435435
Bach/Fugue/bwv_848/SunY01M.mid,177,178,89.5,90.0,98.717708,99.241667,0.5,0.523959000000005,regular,,-0.06752582983169168,True,-0.26209394309808237,9,0.19456811326639067,True,95.42731396922188,14.438152603542504
Bach/Fugue/bwv_848/SunY01M.mid,178,179,90.0,90.5,99.241667,99.817709,0.5,0.5760419999999868,regular,,-0.2042459094584873,True,-0.2042459094584873,9,0.0,True,86.7992264452959,0.0
Bach/Fugue/bwv_848/SunY01M.mid,179,180,90.5,91.0,99.817709,100.392708,0.5,0.5749990000000054,regular,,-0.20163135213262845,True,-0.20163135213262845,9,0.0,True,86.95667296812609,0.0
Bach/Fugue/bwv_848/SunY01M.mid,180,181,91.0,91.5,100.392708,100.931944,0.5,0.5392360000000025,regular,,-0.10898872078624836,True,-0.15930883837744406,9,0.0503201175911957,True,92.72377956961287,3.549466281923487
Bach/Fugue/bwv_848/SunY01M.mid,181,182,91.5,92.0,100.931944,101.513021,0.5,0.5810769999999934,regular,,-0.21680125662121658,True,-0.27457059604567474,9,0.057769339424458166,True,86.0471159588154,4.085517065727638
Bach/Fugue/bwv_848/SunY01M.mid,182,183,92.0,92.5,101.513021,102.099479,0.5,0.5864580000000075,regular,,-0.23009969646721032,True,-0.2807710670195492,9,0.05067137055233886,True,85.25759730449471,3.5746805397791044
Bach/Fugue/bwv_848/SunY01M.mid,183,184,92.5,93.0,102.099479,102.655729,0.5,0.5562499999999915,regular,,-0.15380533607901334,True,-0.19967297294835276,9,0.04586763686933942,True,89.88764044943957,3.2303820224733784
Bach/Fugue/bwv_848/SunY01M.mid,184,185,93.0,93.5,102.655729,103.203125,0.5,0.5473960000000062,regular,,-0.1306567976137551,True,-0.16992500144231246,9,0.03926820382855736,True,91.34155163720493,2.7592455918555547
Bach/Fugue/bwv_848/SunY01M.mid,185,186,93.5,94.0,103.203125,103.765625,0.5,0.5625,regular,,-0.16992500144231246,True,-0.33538949711646665,9,0.1654644956741542,True,88.88888888888889,12.15271111111379
Bach/Fugue/bwv_848/SunY01M.mid,186,187,94.0,94.5,103.765625,104.326042,0.5,0.560417000000001,regular,,-0.1645726250564276,True,-0.22881992159512066,9,0.06424729653869304,True,89.21927778778999,4.55393037684396
Bach/Fugue/bwv_848/SunY01M.mid,187,188,94.5,95.0,104.326042,104.892188,0.5,0.5661460000000034,regular,,-0.17924605413116826,True,-0.21593698515213003,9,0.03669093102096177,True,88.31644134198547,2.5758373281831752
Bach/Fugue/bwv_848/SunY01M.mid,188,189,95.0,95.5,104.892188,105.459375,0.5,0.5671869999999899,regular,,-0.1818963713105208,True,-0.22721367502946152,9,0.045317303718940716,True,88.15434768427501,3.1910110774790508
Bach/Fugue/bwv_848/SunY01M.mid,189,190,95.5,96.0,105.459375,106.023958,0.5,0.564582999999999,regular,,-0.17525759396942905,True,-0.2288174593955905,9,0.05355986542616145,True,88.56093789575685,3.7822605356523904
Bach/Fugue/bwv_848/SunY01M.mid,190,191,96.0,96.5,106.023958,106.593229,0.5,0.5692710000000005,regular,,-0.1871875124443073,True,-0.2110770042475264,9,0.023889491803219087,True,87.83163027802216,1.6696792915834706
Bach/Fugue/bwv_848/SunY01M.mid,191,192,96.5,97.0,106.593229,107.145312,0.5,0.5520830000000103,regular,,-0.1429570827806502,True,-0.2223940701297871,9,0.0794369873491369,True,90.56609241726166,5.660561908258079
Bach/Fugue/bwv_848/SunY01M.mid,192,193,97.0,97.5,107.145312,107.726042,0.5,0.5807300000000026,regular,,-0.215939469432706,True,-0.2792216625480438,9,0.06328219311533781,True,86.09853115905804,4.484011502765279
Bach/Fugue/bwv_848/SunY01M.mid,193,194,97.5,98.0,107.726042,108.309375,0.5,0.5833329999999961,regular,,-0.2223915969390365,True,-0.26678534157125516,9,0.04439374463221865,True,85.71433469390611,3.124973214271313
Bach/Fugue/bwv_848/SunY01M.mid,194,195,98.0,98.5,108.309375,108.847396,0.5,0.5380210000000005,regular,,-0.10573439017071626,True,-0.20130764976121546,9,0.0955732595904992,True,92.93317547084584,6.848989165851071
Bach/Fugue/bwv_848/SunY01M.mid,195,196,98.5,99.0,108.847396,109.404167,0.5,0.5567709999999977,regular,,-0.1551559739757116,True,-0.22561057350119235,9,0.07045459952548075,True,89.80352784178811,5.004750606623858
Bach/Fugue/bwv_848/SunY01M.mid,196,197,99.0,99.5,109.404167,109.993229,0.5,0.5890619999999984,regular,,-0.2364913938120434,True,-0.24158639332074838,9,0.005094999508704984,True,84.88070865206062,0.35378279366359816
Bach/Fugue/bwv_848/SunY01M.mid,197,198,99.5,100.0,109.993229,110.557813,0.5,0.5645839999999964,regular,,-0.17526014929567793,True,-0.19146916305447953,9,0.0162090137588016,True,88.56078103524067,1.12985844445183
Bach/Fugue/bwv_848/SunY01M.mid,198,199,100.0,100.5,110.557813,111.095833,0.5,0.538020000000003,regular,,-0.10573170868360328,True,-0.15987198245993992,9,0.054140273776336637,True,92.93334820266853,3.824021411842721
Bach/Fugue/bwv_848/SunY01M.mid,199,200,100.5,101.0,111.095833,111.654167,0.5,0.5583340000000021,regular,,-0.15920031746917518,True,-0.30225938224638577,9,0.1430590647772106,True,89.55213187805116,10.424405463392405
Bach/Fugue/bwv_848/SunY01M.mid,200,201,101.0,101.5,111.654167,112.201562,0.5,0.5473949999999945,regular,,-0.13065416205124544,True,-0.14465726404202148,9,0.014003101990776035,True,91.34171850309284,0.9753468701797904
Bach/Fugue/bwv_848/SunY01M.mid,201,202,101.5,102.0,112.201562,112.776041,0.5,0.5744790000000108,regular,,-0.20032606143123216,True,-0.20032606143123216,9,0.0,True,87.03538336475147,0.0
Bach/Fugue/bwv_848/SunY01M.mid,202,203,102.0,102.5,112.776041,113.329514,0.5,0.5534729999999968,regular,,-0.14658484503508026,True,-0.17547989042348636,9,0.028895045388406093,True,90.3386434387952,2.0230435811701737
Bach/Fugue/bwv_848/SunY01M.mid,203,204,102.5,103.0,113.329514,113.886458,0.5,0.5569440000000014,regular,,-0.1556041788469519,True,-0.26886552069610015,9,0.11326134184914824,True,89.77563273865931,8.16706886150074
Bach/Fugue/bwv_848/SunY01M.mid,204,205,103.0,103.5,113.886458,114.460417,0.5,0.5739590000000021,regular,,-0.1990195886873085,True,-0.2500350416136521,9,0.051015452926343574,True,87.11423638273781,3.599386018863541
Bach/Fugue/bwv_848/SunY01M.mid,205,206,103.5,104.0,114.460417,115.025695,0.5,0.5652779999999922,regular,,-0.17703245508928253,True,-0.1799084532390896,9,0.002875998149807074,True,88.45205367978356,0.19954783310560303
Bach/Fugue/bwv_848/SunY01M.mid,206,207,104.0,104.5,115.025695,115.573611,0.5,0.5479160000000007,regular,,-0.1320266383123259,True,-0.24950844813220596,9,0.11748180981988007,True,91.25486388424491,8.483964695319004
Bach/Fugue/bwv_848/SunY01M.mid,207,208,104.5,105.0,115.573611,116.153125,0.5,0.5795140000000032,regular,,-0.21291541964309896,True,-0.29971590419269883,9,0.08680048454959988,True,86.27919256480384,6.201230686400974
Bach/Fugue/bwv_848/SunY01M.mid,208,209,105.0,105.5,116.153125,116.692187,0.5,0.5390620000000013,regular,,-0.10852311862562981,True,-0.16490724839161836,9,0.05638412976598854,True,92.75370922083152,3.9856268852188355
Bach/Fugue/bwv_848/SunY01M.mid,209,210,105.5,106.0,116.692187,117.239062,0.5,0.546875,regular,,-0.1292830169449665,True,-0.13955069755834426,9,0.010267680613377766,True,91.42857142857143,0.714240000000107
Bach/Fugue/bwv_848/SunY01M.mid,210,211,106.0,106.5,117.239062,117.785416,0.5,0.5463539999999938,regular,,-0.1279079268710363,True,-0.1279079268710363,9,0.0,True,91.51575718307282,0.0
Bach/Fugue/bwv_848/SunY01M.mid,211,212,106.5,107.0,117.785416,118.340625,0.5,0.555209000000005,regular,,-0.15110285946637714,True,-0.1548190809726439,9,0.0037162215062667703,True,90.05617704323878,0.2579208910507817
Bach/Fugue/bwv_848/SunY01M.mid,212,213,107.0,107.5,118.340625,118.8875,0.5,0.546875,regular,,-0.1292830169449665,True,-0.18652591234330615,9,0.057242895398339655,True,91.42857142857143,4.0475428571413135
Bach/Fugue/bwv_848/SunY01M.mid,213,214,107.5,108.0,118.8875,119.4625,0.5,0.5750000000000028,regular,,-0.20163386116965756,True,-0.347250644642229,9,0.14561678347257143,True,86.95652173913001,10.620347826085899
Bach/Fugue/bwv_848/SunY01M.mid,214,215,108.0,108.5,119.4625,120.146094,0.5,0.6835939999999994,regular,,-0.4512116394464173,True,-0.6287512023481805,9,0.1775395629017632,True,73.14283039347924,13.095346067989189
Bach/Fugue/bwv_848/SunY01M.mid,215,216,108.5,109.0,120.146094,121.303125,0.5,1.1570309999999893,regular,,-1.2104275186779994,True,-1.2104275186779994,9,0.0,True,43.21405390175411,0.0
Bach/Fugue/bwv_848/Zhou01M.mid,0,1,1.0,1.5,0.873698,1.514323,0.5,0.6406250000000001,regular,,-0.35755200461808384,True,-0.161887682376894,9,-0.19566432224118985,True,78.04878048780488,-12.682926829268308
Bach/Fugue/bwv_848/Zhou01M.mid,1,2,1.5,2.0,1.514323,2.230469,0.5,0.7161459999999997,regular,,-0.5183256434453084,True,-0.3750405437860456,9,-0.14328509965926278,True,69.81816556959059,-9.454496708771632
Bach/Fugue/bwv_848/Zhou01M.mid,2,3,2.0,2.5,2.230469,2.885417,0.5,0.6549480000000001,regular,,-0.3894522726479432,True,-0.24285733668187354,9,-0.14659493596606965,True,76.34193859665194,-9.661988432669451
Bach/Fugue/bwv_848/Zhou01M.mid,3,4,2.5,3.0,2.885417,3.557292,0.5,0.671875,regular,,-0.42626475470209796,True,-0.3098537107795227,9,-0.11641104392257529,True,74.4186046511628,-7.752037209302297
Bach/Fugue/bwv_848/Zhou01M.mid,4,5,3.0,3.5,3.557292,4.190104,0.5,0.6328119999999999,regular,,-0.33984886297698147,True,-0.30073289658743935,9,-0.03911596638954212,True,79.01240810856937,-2.6748860641073553
Bach/Fugue/bwv_848/Zhou01M.mid,5,6,3.5,4.0,4.190104,4.871094,0.5,0.6809900000000004,regular,,-0.44570551824523513,True,-0.3692330650487287,9,-0.07647245319650642,True,73.42251721758024,-5.162630875637187
Bach/Fugue/bwv_848/Zhou01M.mid,6,7,4.0,4.5,4.871094,5.5208330000000005,0.5,0.6497390000000003,regular,,-0.3779322093702764,True,-0.254240884177117,9,-0.1236913251931594,True,76.95397690457241,-8.216376114101262
Bach/Fugue/bwv_848/Zhou01M.mid,7,8,4.5,5.0,5.5208330000000005,6.166666,0.5,0.6458329999999997,regular,,-0.3692330650487308,True,-0.17492536301108502,9,-0.1943077020376458,True,77.41939479710703,-12.600780697177038
Bach/Fugue/bwv_848/Zhou01M.mid,8,9,5.0,5.5,6.166666,6.792317,0.5,0.6256509999999995,regular,,-0.32343002397300336,True,-0.17126320161136432,9,-0.15216682236163903,True,79.91675870413384,-10.010213361762712
Bach/Fugue/bwv_848/Zhou01M.mid,9,10,5.5,6.0,6.792317,7.444661,0.5,0.6523440000000003,regular,,-0.3837048453630642,True,-0.2526651297207665,9,-0.13103971564229772,True,76.64667721324943,-8.6826888880713
Bach/Fugue/bwv_848/Zhou01M.mid,10,11,6.0,6.5,7.444661,8.104167,0.5,0.6595060000000004,regular,,-0.39945768988266467,True,-0.25581491942515555,9,-0.14364277045750912,True,75.81432162861289,-9.476941832220152
Bach/Fugue/bwv_848/Zhou01M.mid,11,12,6.5,7.0,8.104167,8.745443,0.5,0.6412759999999995,regular,,-0.3590173198840172,True,-0.2667877398175594,9,-0.09222958006645782,True,77.9695482132499,-6.1928093363851495
Bach/Fugue/bwv_848/Zhou01M.mid,12,13,7.0,7.5,8.745443,9.366536,0.5,0.6210930000000001,regular,,-0.3128812131609902,True,-0.19639805218946346,9,-0.11648316097152675,True,80.50324186554991,-7.756648360229569
Bach/Fugue/bwv_848/Zhou01M.mid,13,14,7.5,8.0,9.366536,9.972656,0.5,0.6061200000000007,regular,,-0.2776753527155486,True,-0.1980364418283263,9,-0.0796389108872223,True,82.49191579225227,-5.370553685739223
Bach/Fugue/bwv_848/Zhou01M.mid,14,15,8.0,8.5,9.972656,10.598308,0.5,0.6256519999999988,regular,,-0.32343232988138826,True,-0.21107700424754847,9,-0.11235532563383979,True,79.91663097057166,-7.492343986752919
Bach/Fugue/bwv_848/Zhou01M.mid,15,16,8.5,9.0,10.598308,11.23698,0.5,0.6386720000000015,regular,,-0.35314710786039044,True,-0.23362059701671248,9,-0.11952651084367796,True,78.28744645138644,-7.951029636495808
Bach/Fugue/bwv_848/Zhou01M.mid,16,17,9.0,9.5,11.23698,11.851128,0.5,0.6141479999999984,regular,,-0.29665826939968776,True,-0.12974196827838796,9,-0.1669163011212998,True,81.41360063046714,-10.925542377407254
Bach/Fugue/bwv_848/Zhou01M.mid,17,18,9.5,10.0,11.851128,12.486979,0.5,0.6358510000000006,regular,,-0.34676064114857214,True,-0.3083375737903656,9,-0.03842306735820655,True,78.63477449905709,-2.628131433307607
Bach/Fugue/bwv_848/Zhou01M.mid,18,19,10.0,10.5,12.486979,13.123047,0.5,0.6360679999999999,regular,,-0.34725291278994125,True,-0.25424330336745155,9,-0.0930096094224897,True,78.60794757793194,-6.243514844324662
Bach/Fugue/bwv_848/Zhou01M.mid,19,20,10.5,11.0,13.123047,13.751953,0.5,0.6289060000000006,regular,,-0.33091630462082366,True,-0.2272136750294351,9,-0.10370262959138857,True,79.50313719379358,-6.935853688786667
Bach/Fugue/bwv_848/Zhou01M.mid,20,21,11.0,11.5,13.751953,14.353516,0.5,0.6015630000000005,regular,,-0.26678773981755516,True,-0.15313084007554387,9,-0.11365689974201129,True,83.11681403277788,-7.575765131831444
Bach/Fugue/bwv_848/Zhou01M.mid,21,22,11.5,12.0,14.353516,14.972656,0.5,0.6191399999999998,regular,,-0.3083375737903656,True,-0.26969866798385195,9,-0.038638905806513635,True,80.75717931324097,-2.6426979358460763
Bach/Fugue/bwv_848/Zhou01M.mid,22,23,12.0,12.5,14.972656,15.627604000000002,0.5,0.654948000000001,regular,,-0.3894522726479451,True,-0.26522323653707736,9,-0.12422903611086772,True,76.34193859665184,-8.250578671894967
Bach/Fugue/bwv_848/Zhou01M.mid,23,24,12.5,13.0,15.627604000000002,16.271484,0.5,0.6438799999999993,regular,,-0.36486374324069554,True,-0.22560810581826454,9,-0.139255637422431,True,77.65422128346906,-9.20124867987779
Bach/Fugue/bwv_848/Zhou01M.mid,24,25,13.0,13.5,16.271484,16.883463,0.5,0.611978999999998,regular,,-0.2915540529396041,True,-0.15987198245993992,9,-0.1316820704796642,True,81.702149910373,-8.723338545930313
Bach/Fugue/bwv_848/Zhou01M.mid,25,26,13.5,14.0,16.883463,17.516927,0.5,0.633464,regular,,-0.3413345379005939,True,-0.22561057350118785,9,-0.11572396439940608,True,78.93108369220666,-7.7080939090459015
Bach/Fugue/bwv_848/Zhou01M.mid,26,27,14.0,14.5,17.516927,18.172526,0.5,0.6555990000000023,regular,,-0.39088555897627864,True,-0.2930879213989927,9,-0.09779763757728593,True,76.266132193612,-6.554158868455069
Bach/Fugue/bwv_848/Zhou01M.mid,27,28,14.5,15.0,18.172526,18.821615,0.5,0.649089,regular,,-0.3764882123901293,True,-0.16825692320858107,9,-0.20823128918154823,True,77.03103888680904,-13.440221602892713
Bach/Fugue/bwv_848/Zhou01M.mid,28,29,15.0,15.5,18.821615,19.454427,0.5,0.6328119999999977,regular,,-0.3398488629769764,True,-0.19967046049874965,9,-0.14017840247822677,True,79.01240810856966,-9.259306081426967
Bach/Fugue/bwv_848/Zhou01M.mid,29,30,15.5,16.0,19.454427,20.075521,0.5,0.6210939999999994,regular,,-0.31288353599167495,True,-0.20782789767515486,9,-0.1050556383165201,True,80.50311225031967,-7.023091512717433
Bach/Fugue/bwv_848/Zhou01M.mid,30,31,16.0,16.5,20.075521,20.736979,0.5,0.6614580000000032,regular,,-0.40372145902341133,True,-0.25109007678007894,9,-0.1526313822433324,True,75.59058927399738,-10.039186161480064
Bach/Fugue/bwv_848/Zhou01M.mid,31,32,16.5,17.0,20.736979,21.38151,0.5,0.6445309999999971,regular,,-0.3663216546548969,True,-0.206198095151885,9,-0.1601235595030119,True,77.57578766576042,-10.505158014121493
Bach/Fugue/bwv_848/Zhou01M.mid,32,33,17.0,17.5,21.38151,21.985026,0.5,0.6035160000000026,regular,,-0.2714639243359723,True,-0.19147168982722707,9,-0.07999223450874521,True,82.8478449618565,-5.393726098397125
Bach/Fugue/bwv_848/Zhou01M.mid,33,34,17.5,18.0,21.985026,22.60612,0.5,0.6210939999999994,regular,,-0.31288353599167495,True,-0.21269881764386162,9,-0.10018471834781334,True,80.50311225031967,-6.7086463562682
Bach/Fugue/bwv_848/Zhou01M.mid,34,35,18.0,18.5,22.60612,23.223958,0.5,0.617837999999999,regular,,-0.30530051147086745,True,-0.16992500144231246,9,-0.135375510028555,True,80.92736283621285,-8.956716809260529
Bach/Fugue/bwv_848/Zhou01M.mid,35,36,18.5,19.0,23.223958,23.848959,0.5,0.625001000000001,regular,,-0.3219304031975836,True,-0.211077004247544,9,-0.1108533989500396,True,79.99987200020466,-7.3959881664194596
Bach/Fugue/bwv_848/Zhou01M.mid,36,37,19.0,19.5,23.848959,24.47309,0.5,0.6241309999999984,regular,,-0.31992077589073414,True,-0.17270767931974293,9,-0.14721309657099121,True,80.11138687230745,-9.70068783636733
Bach/Fugue/bwv_848/Zhou01M.mid,37,38,19.5,20.0,24.47309,25.153212,0.5,0.6801220000000008,regular,,-0.44386546472245825,True,-0.28231643670259005,9,-0.1615490280198682,True,73.5162220895662,-10.593540570662284
Bach/Fugue/bwv_848/Zhou01M.mid,38,39,20.0,20.5,25.153212,25.794922,0.5,0.6417099999999998,regular,,-0.35999337055273645,True,-0.2447628724334186,9,-0.11523049811931785,True,77.91681600723071,-7.676520546664596
Bach/Fugue/bwv_848/Zhou01M.mid,39,40,20.5,21.0,25.794922,26.430122,0.5,0.6352000000000011,regular,,-0.3452828175935108,True,-0.19748800240598471,9,-0.1477948151875261,True,78.71536523929457,-9.737090680100694
Bach/Fugue/bwv_848/Zhou01M.mid,40,41,21.0,21.5,26.430122,27.044271,0.5,0.6141489999999976,regular,,-0.2966606184977313,True,-0.19858467284108086,9,-0.09807594565665043,True,81.41346806719574,-6.572183623191743
Bach/Fugue/bwv_848/Zhou01M.mid,41,42,21.5,22.0,27.044271,27.693142,0.5,0.6488710000000033,regular,,-0.37600359418638424,True,-0.26136472275018513,9,-0.11463887143619911,True,77.05691886368746,-7.63865236695806
Bach/Fugue/bwv_848/Zhou01M.mid,42,43,22.0,22.5,27.693142,28.323567,0.5,0.6304249999999989,regular,,-0.33439665224967924,True,-0.19912515541740364,9,-0.1352714968322756,True,79.31157552444793,-8.950152674782874
Bach/Fugue/bwv_848/Zhou01M.mid,43,44,22.5,23.0,28.323567,28.936198,0.5,0.6126310000000004,regular,,-0.2930902763177281,True,-0.18322097696852405,9,-0.10986929934920406,True,81.61519740267791,-7.332799025841121
Bach/Fugue/bwv_848/Zhou01M.mid,44,45,23.0,23.5,28.936198,29.554036,0.5,0.617837999999999,regular,,-0.30530051147086745,True,-0.14465726404198445,9,-0.160643247428883,True,80.92736283621285,-10.537390060177286
Bach/Fugue/bwv_848/Zhou01M.mid,45,46,23.5,24.0,29.554036,30.15625,0.5,0.602214,regular,,-0.26834815269000195,True,-0.19311568043663094,9,-0.07523247225337101,True,83.02696383677562,-5.08108413288278
Bach/Fugue/bwv_848/Zhou01M.mid,46,47,24.0,24.5,30.15625,30.819662,0.5,0.663412000000001,regular,,-0.40797701338556663,True,-0.31439490561801475,9,-0.09358210776755188,True,75.36794631390437,-6.280712438122961
Bach/Fugue/bwv_848/Zhou01M.mid,47,48,24.5,25.0,30.819662,31.44487800000001,0.5,0.6252160000000089,regular,,-0.3224266041560733,True,-0.20457145724063527,9,-0.11785514691543805,True,79.97236155184655,-7.844328999898997
Bach/Fugue/bwv_848/Zhou01M.mid,48,49,25.0,25.5,31.44487800000001,32.053386,0.5,0.6085079999999934,regular,,-0.28334813515837803,True,-0.1980364418283263,9,-0.08531169333005173,True,82.16818842151713,-5.741913006894848
Bach/Fugue/bwv_848/Zhou01M.mid,49,50,25.5,26.0,32.053386,32.691406,0.5,0.6380199999999974,regular,,-0.35167355394379796,True,-0.21808925208678628,9,-0.13358430185701167,True,78.36744929626063,-8.843609918183278
Bach/Fugue/bwv_848/Zhou01M.mid,50,51,26.0,26.5,32.691406,33.335938,0.5,0.6445319999999981,regular,,-0.366323893017246,True,-0.20402800182719855,9,-0.16229589119004745,True,77.57566730589039,-10.63981307367007
Bach/Fugue/bwv_848/Zhou01M.mid,51,52,26.5,27.0,33.335938,33.947266,0.5,0.6113280000000003,regular,,-0.29001855194063164,True,-0.2081551359872812,9,-0.08186341595335045,True,81.78915410385255,-5.516351287688176
Bach/Fugue/bwv_848/Zhou01M.mid,52,53,27.0,27.5,33.947266,34.573567,0.5,0.626300999999998,regular,,-0.3249280875742198,True,-0.13784448410224365,9,-0.18708360347197617,True,79.83381792460838,-12.162043490269912
Bach/Fugue/bwv_848/Zhou01M.mid,53,54,27.5,28.0,34.573567,35.222656,0.5,0.6490890000000036,regular,,-0.37648821239013724,True,-0.2745705960456577,9,-0.10191761634447954,True,77.03103888680862,-6.8206363071935
Bach/Fugue/bwv_848/Zhou01M.mid,54,55,28.0,28.5,35.222656,35.856771,0.5,0.6341150000000013,regular,,-0.34281640933297836,True,-0.25424330336743856,9,-0.0885731059655398,True,78.85005085828264,-5.954755840818424
Bach/Fugue/bwv_848/Zhou01M.mid,55,56,28.5,29.0,35.856771,36.473307,0.5,0.6165359999999964,regular,,-0.30225704224702366,True,-0.2288174593955905,9,-0.07343958285143315,True,81.09826514591248,-4.963051630398761
Bach/Fugue/bwv_848/Zhou01M.mid,56,57,29.0,29.5,36.473307,37.099609,0.5,0.6263020000000026,regular,,-0.3249303910894557,True,-0.18982582370798862,9,-0.1351045673814671,True,79.83369045604164,-8.939616989887249
Bach/Fugue/bwv_848/Zhou01M.mid,57,58,29.5,30.0,37.099609,37.722005,0.5,0.622396000000002,regular,,-0.3159046935879243,True,-0.2094533656289497,9,-0.10645132795897458,True,80.33470652124988,-7.112995584804824
Bach/Fugue/bwv_848/Zhou01M.mid,58,59,30.0,30.5,37.722005,38.366536,0.5,0.6445310000000006,regular,,-0.36632165465490496,True,-0.2029404764642409,9,-0.16338117819066406,True,77.57578766575999,-10.707010213629097
Bach/Fugue/bwv_848/Zhou01M.mid,59,60,30.5,31.0,38.366536,38.986328,0.5,0.6197919999999968,regular,,-0.3098560384897865,True,-0.2029404764642409,9,-0.10691556202554559,True,80.6722255208203,-7.142880192064789
Bach/Fugue/bwv_848/Zhou01M.mid,60,61,31.0,31.5,38.986328,39.600261,0.5,0.613933000000003,regular,,-0.2961531244834265,True,-0.1749279189258543,9,-0.12122520555757221,True,81.44211176138074,-8.059348495683553
Bach/Fugue/bwv_848/Zhou01M.mid,61,62,31.5,32.0,39.600261,40.208984,0.5,0.6087229999999977,regular,,-0.28385778277172835,True,-0.1463554440390127,9,-0.13750233873271564,True,82.13916674743716,-9.09083441893802
Bach/Fugue/bwv_848/Zhou01M.mid,62,63,32.0,32.5,40.208984,40.839844,0.5,0.6308599999999984,regular,,-0.3353917839886099,True,-0.1799084532390533,9,-0.15548333074955661,True,79.2568874235173,-10.216846843990426
Bach/Fugue/bwv_848/Zhou01M.mid,63,64,32.5,33.0,40.839844,41.473958,0.5,0.6341140000000038,regular,,-0.34281413419964324,True,-0.206198095151885,9,-0.13661603904775824,True,78.85017520508882,-9.034968475700516
Bach/Fugue/bwv_848/Zhou01M.mid,64,65,33.0,33.5,41.473958,42.085938,0.5,0.6119799999999955,regular,,-0.29155641036340224,True,-0.15313084007554387,9,-0.13842557028785837,True,81.70201640576549,-9.14899179711668
Bach/Fugue/bwv_848/Zhou01M.mid,65,66,33.5,34.0,42.085938,42.703125,0.5,0.6171870000000013,regular,,-0.3037795794110296,True,-0.13271370302815044,9,-0.17106587638287918,True,81.01272385840905,-11.181376146938549
Bach/Fugue/bwv_848/Zhou01M.mid,66,67,34.0,34.5,42.703125,43.34375,0.5,0.640625,regular,,-0.3575520046180836,True,-0.21431880991695318,9,-0.14323319470113044,True,78.04878048780488,-9.451239024390192
Bach/Fugue/bwv_848/Zhou01M.mid,67,68,34.5,35.0,43.34375,43.972005,0.5,0.6282550000000029,regular,,-0.3294221530275682,True,-0.18982329405091905,9,-0.13959885897664917,True,79.58551861903172,-9.222847410686494
Bach/Fugue/bwv_848/Zhou01M.mid,68,69,35.0,35.5,43.972005,44.602864,0.5,0.6308589999999938,regular,,-0.33538949711641797,True,-0.18156566582541422,9,-0.15382383129100374,True,79.2570130568011,-10.113511894099334
Bach/Fugue/bwv_848/Zhou01M.mid,69,70,35.5,36.0,44.602864,45.200521,0.5,0.5976570000000052,regular,,-0.25738965313236406,True,-0.193113156541528,9,-0.06427649659083606,True,83.66002573382319,-4.357516100372152
Bach/Fugue/bwv_848/Zhou01M.mid,70,71,36.0,36.5,45.200521,45.817708,0.5,0.6171870000000013,regular,,-0.3037795794110296,True,-0.17990590613270027,9,-0.12387367327832935,True,81.01272385840905,-8.227976285956291
Bach/Fugue/bwv_848/Zhou01M.mid,71,72,36.5,37.0,45.817708,46.472656,0.5,0.6549479999999974,regular,,-0.3894522726479373,True,-0.24158639332071352,9,-0.14786587932722378,True,76.34193859665224,-9.741536732687614
Bach/Fugue/bwv_848/Zhou01M.mid,72,73,37.0,37.5,46.472656,47.091146,0.5,0.6184900000000013,regular,,-0.3068221744176994,True,-0.17103769162014837,9,-0.135784482797551,True,80.84205080114455,-8.98252194861493
Bach/Fugue/bwv_848/Zhou01M.mid,73,74,37.5,38.0,47.091146,47.789714,0.5,0.6985679999999945,regular,,-0.48247246239066055,True,-0.26574412617087434,9,-0.2167283362197862,True,71.57499341510116,-13.948534716735777
Bach/Fugue/bwv_848/Zhou01M.mid,74,75,38.0,38.5,47.789714,48.467448,0.5,0.677734000000001,regular,,-0.4387910543145037,True,-0.24634727690091407,9,-0.19244377741358965,True,73.77525695921989,-12.487790194973417
Bach/Fugue/bwv_848/Zhou01M.mid,75,76,38.5,39.0,48.467448,49.085286,0.5,0.6178380000000061,regular,,-0.3053005114708841,True,-0.23999674880662228,9,-0.06530376266426183,True,80.92736283621193,-4.425593764062549
Bach/Fugue/bwv_848/Zhou01M.mid,76,77,39.0,39.5,49.085286,49.713542,0.5,0.6282559999999933,regular,,-0.3294244493783792,True,-0.18156566582541422,9,-0.147858783552965,True,79.5853919421391,-9.741092802933126
Bach/Fugue/bwv_848/Zhou01M.mid,77,78,39.5,40.0,49.713542,50.363281,0.5,0.6497390000000038,regular,,-0.3779322093702843,True,-0.28458046252591174,9,-0.09335174684437259,True,76.953976904572,-6.265746707525424
Bach/Fugue/bwv_848/Zhou01M.mid,78,79,40.0,40.5,50.363281,50.975911,0.5,0.6126300000000029,regular,,-0.293087921399001,True,-0.24792751344358557,9,-0.0451604079554154,True,81.61533062370397,-3.0817948843515257
Bach/Fugue/bwv_848/Zhou01M.mid,79,80,40.5,41.0,50.975911,51.633681,0.5,0.6577699999999993,regular,,-0.39565511541699083,True,-0.2029404764642588,9,-0.19271463895273203,True,76.01441233257835,-12.504218799884063
Bach/Fugue/bwv_848/Zhou01M.mid,80,81,41.0,41.5,51.633681,52.23915,0.5,0.6054689999999994,regular,,-0.2761250009675494,True,-0.23840535079834263,9,-0.03771965016920675,True,82.58061106348971,-2.5806440957340557
Bach/Fugue/bwv_848/Zhou01M.mid,81,82,41.5,42.0,52.23915,52.84635400000001,0.5,0.6072040000000101,regular,,-0.2802531997546373,True,-0.24476043729341504,9,-0.035492762461222266,True,82.34464858597633,-2.430155269071418
Bach/Fugue/bwv_848/Zhou01M.mid,82,83,42.0,42.5,52.84635400000001,53.513672,0.5,0.6673179999999874,regular,,-0.4164463242347832,True,-0.24634241196255735,9,-0.17010391227222588,True,74.92679651980157,-11.122133675396743
Bach/Fugue/bwv_848/Zhou01M.mid,83,84,42.5,43.0,53.513672,54.250868,0.5,0.7371959999999973,regular,,-0.5601201480890996,True,-0.21507468138596145,9,-0.3450454667031382,True,67.82456768620581,-21.271683514288974
Bach/Fugue/bwv_848/Zhou01M.mid,84,85,43.0,43.5,54.250868,54.91015600000001,0.5,0.6592880000000108,regular,,-0.39898072756442027,True,-0.21031903481917877,9,-0.1886616927452415,True,75.8393903726432,-12.258072344713021
Bach/Fugue/bwv_848/Zhou01M.mid,85,86,43.5,44.0,54.91015600000001,55.552734,0.5,0.6425779999999932,regular,,-0.36194349308935514,True,-0.18156566582541422,9,-0.18037782726394092,True,77.8115652885728,-11.752814444315817
Bach/Fugue/bwv_848/Zhou01M.mid,86,87,44.0,44.5,55.552734,56.180339,0.5,0.6276049999999955,regular,,-0.32792875111919595,True,-0.1779152415724845,9,-0.15001350954671144,True,79.66794400936952,-9.875797675291066
Bach/Fugue/bwv_848/Zhou01M.mid,87,88,44.5,45.0,56.180339,56.834636,0.5,0.6542970000000068,regular,,-0.38801756096447443,True,-0.1963955340301138,9,-0.19162202693436062,True,76.4178958485206,-12.437929564098042
Bach/Fugue/bwv_848/Zhou01M.mid,88,89,45.0,45.5,56.834636,57.477864,0.5,0.6432279999999935,regular,,-0.3634021141511,True,-0.18487185267275114,9,-0.17853026147834888,True,77.73293451155813,-11.639729613760256
Bach/Fugue/bwv_848/Zhou01M.mid,89,90,45.5,46.0,57.477864,58.091797,0.5,0.613933000000003,regular,,-0.2961531244834265,True,-0.1914716898272181,9,-0.10468143465620841,True,81.44211176138074,-6.998972200550583
Bach/Fugue/bwv_848/Zhou01M.mid,90,91,46.0,46.5,58.091797,58.729167,0.5,0.6373699999999971,regular,,-0.35020302044773927,True,-0.1463554440390127,9,-0.20384757640872656,True,78.44736965969567,-13.17680468173772
Bach/Fugue/bwv_848/Zhou01M.mid,91,92,46.5,47.0,58.729167,59.36849,0.5,0.6393230000000045,regular,,-0.35461690164339754,True,-0.17326050076655158,9,-0.18135640087684596,True,78.20772911345227,-11.812651820755466
Bach/Fugue/bwv_848/Zhou01M.mid,92,93,47.0,47.5,59.36849,60.021484,0.5,0.6529939999999996,regular,,-0.3851416408200035,True,-0.21431880991697083,9,-0.17082283090303269,True,76.57038196369344,-11.166411942528148
Bach/Fugue/bwv_848/Zhou01M.mid,93,94,47.5,48.0,60.021484,60.635417,0.5,0.6139329999999958,regular,,-0.29615312448341,True,-0.12239707314187764,9,-0.17375605134153238,True,81.44211176138168,-11.346840779041749
Bach/Fugue/bwv_848/Zhou01M.mid,94,95,48.0,48.5,60.635417,61.242188,0.5,0.606771000000002,regular,,-0.2792240402098237,True,-0.13214248824762367,9,-0.14708155196220005,True,82.40341084198131,-9.692453990054132
Bach/Fugue/bwv_848/Zhou01M.mid,95,96,48.5,49.0,61.242188,61.92513,0.5,0.6829420000000042,regular,,-0.4498349655234047,True,-0.24211588582755467,9,-0.20771907969585002,True,73.21265934735263,-13.409484260743875
Bach/Fugue/bwv_848/Zhou01M.mid,96,97,49.0,49.5,61.92513,62.591797,0.5,0.6666669999999968,regular,,-0.41503822062617696,True,-0.2652256373815189,9,-0.14981258324465807,True,74.99996250001911,-9.863245068377948
Bach/Fugue/bwv_848/Zhou01M.mid,97,98,49.5,50.0,62.591797,63.20703100000001,0.5,0.615234000000008,regular,,-0.2992071390300524,True,-0.1497484199616128,9,-0.1494587190684396,True,81.26989080577364,-9.8411336174531
Bach/Fugue/bwv_848/Zhou01M.mid,98,99,50.0,50.5,63.20703100000001,63.84027800000001,0.5,0.6332470000000043,regular,,-0.3408402423163143,True,-0.21917037950426857,9,-0.12166986281204575,True,78.95813166110484,-8.087681426045698
Bach/Fugue/bwv_848/Zhou01M.mid,99,100,50.5,51.0,63.84027800000001,64.494792,0.5,0.6545139999999918,regular,,-0.38849595674006016,True,-0.26886552069611713,9,-0.11963043604394302,True,76.39255997579978,-7.957660187557049
Bach/Fugue/bwv_848/Zhou01M.mid,100,101,51.0,51.5,64.494792,65.122396,0.5,0.627603999999991,regular,,-0.3279264523863993,True,-0.18982582370798862,9,-0.13810062867841066,True,79.66807094919841,-9.128526905499811
Bach/Fugue/bwv_848/Zhou01M.mid,101,102,51.5,52.0,65.122396,65.78580699999999,0.5,0.6634109999999964,regular,,-0.4079748387246699,True,-0.2730169024661976,9,-0.1349579362584723,True,75.36805992062277,-8.93036141999308
Bach/Fugue/bwv_848/Zhou01M.mid,102,103,52.0,52.5,65.78580699999999,66.425781,0.5,0.6399740000000094,regular,,-0.3560851995487229,True,-0.14295969596328797,9,-0.21312550358543494,True,78.12817395706585,-13.733370418175502
Bach/Fugue/bwv_848/Zhou01M.mid,103,104,52.5,53.0,66.425781,67.05794200000001,0.5,0.6321610000000106,regular,,-0.33836393870663195,True,-0.2683457570362307,9,-0.07001818167040125,True,79.09377516170589,-4.737400757087374
Bach/Fugue/bwv_848/Zhou01M.mid,104,105,53.0,53.5,67.05794200000001,67.69661500000001,0.5,0.6386729999999972,regular,,-0.35314936675682745,True,-0.2823164367025817,9,-0.07083293005424574,True,78.28732387309346,-4.791184221033275
Bach/Fugue/bwv_848/Zhou01M.mid,105,106,53.5,54.0,67.69661500000001,68.343099,0.5,0.6464839999999867,regular,,-0.3706865699566497,True,-0.20620059625932696,9,-0.16448597369732276,True,77.34143459080353,-10.77536335005718
Bach/Fugue/bwv_848/Zhou01M.mid,106,107,54.0,54.5,68.343099,68.95638000000001,0.5,0.6132810000000148,regular,,-0.29462016078655723,True,-0.16992500144231246,9,-0.12469515934424477,True,81.52869565500772,-8.280217388116307
Bach/Fugue/bwv_848/Zhou01M.mid,107,108,54.5,55.0,68.95638000000001,69.59982600000001,0.5,0.6434459999999973,regular,,-0.36389098316054425,True,-0.19945437346298875,9,-0.1644366096975555,True,77.7065985335214,-10.772310341505882
Bach/Fugue/bwv_848/Zhou01M.mid,108,109,55.0,55.5,69.59982600000001,70.241536,0.5,0.6417099999999891,regular,,-0.35999337055271236,True,-0.24052682495316433,9,-0.11946654559954803,True,77.916816007232,-7.947203565470291
Bach/Fugue/bwv_848/Zhou01M.mid,109,110,55.5,56.0,70.241536,70.869791,0.5,0.62825500000001,regular,,-0.32942215302758454,True,-0.1963955340301138,9,-0.13302661899747073,True,79.58551861903082,-8.808366029718789
Bach/Fugue/bwv_848/Zhou01M.mid,110,111,56.0,56.5,70.869791,71.494141,0.5,0.6243499999999926,regular,,-0.3204269112939752,True,-0.19639553403013163,9,-0.12403137726384358,True,80.08328661808375,-8.238007527826834
Bach/Fugue/bwv_848/Zhou01M.mid,111,112,56.5,57.0,71.494141,72.127605,0.5,0.6334640000000036,regular,,-0.3413345379006021,True,-0.2320221461755266,9,-0.10931239172507548,True,78.93108369220622,-7.297020825180803
Bach/Fugue/bwv_848/Zhou01M.mid,112,113,57.0,57.5,72.127605,72.764974,0.5,0.6373689999999925,regular,,-0.3502007569333297,True,-0.23362059701674298,9,-0.11658015991658671,True,78.44749273968546,-7.76285009154506
Bach/Fugue/bwv_848/Zhou01M.mid,113,114,57.5,58.0,72.764974,73.406684,0.5,0.6417100000000033,regular,,-0.35999337055274444,True,-0.20728566779207896,9,-0.15270770276066548,True,77.91681600723027,-10.04394508422808
Bach/Fugue/bwv_848/Zhou01M.mid,114,115,58.0,58.5,73.406684,74.015191,0.5,0.608507000000003,regular,,-0.28334576428369374,True,-0.20076296326498916,9,-0.08258280101870458,True,82.1683234539615,-5.5634528444216755
Bach/Fugue/bwv_848/Zhou01M.mid,115,116,58.5,59.0,74.015191,74.656901,0.5,0.6417100000000033,regular,,-0.35999337055274444,True,-0.19530475783339174,9,-0.1646886127193527,True,77.91681600723027,-10.787894843466955
Bach/Fugue/bwv_848/Zhou01M.mid,116,117,59.0,59.5,74.656901,75.27213499999998,0.5,0.6152339999999725,regular,,-0.29920713902996904,True,-0.18322351822875213,9,-0.11598362080121691,True,81.26989080577835,-7.7247031210858035
Bach/Fugue/bwv_848/Zhou01M.mid,117,118,59.5,60.0,75.27213499999998,75.884766,0.5,0.6126310000000217,regular,,-0.2930902763177784,True,-0.13955069755834426,9,-0.15353957875943414,True,81.61519740267507,-10.095799918714352
Bach/Fugue/bwv_848/Zhou01M.mid,118,119,60.0,60.5,75.884766,76.502604,0.5,0.6178380000000061,regular,,-0.3053005114708841,True,-0.13340044069414056,9,-0.17190007077674355,True,80.92736283621193,-11.232717961666495
Bach/Fugue/bwv_848/Zhou01M.mid,119,120,60.5,61.0,76.502604,77.104166,0.5,0.6015620000000013,regular,,-0.26678534157125516,True,-0.1615497781374512,9,-0.10523556343380397,True,83.11695220110296,-7.034686366491634
Bach/Fugue/bwv_848/Zhou01M.mid,120,121,61.0,61.5,77.104166,77.726563,0.5,0.6223969999999923,regular,,-0.315907011555694,True,-0.15143802341912008,9,-0.16446898813657393,True,80.33457744815708,-10.774312858189711
Bach/Fugue/bwv_848/Zhou01M.mid,121,122,61.5,62.0,77.726563,78.33268199999998,0.5,0.6061189999999783,regular,,-0.27767297249997536,True,-0.1375035237499274,9,-0.14016944875004797,True,82.49205189080328,-9.258742920116871
Bach/Fugue/bwv_848/Zhou01M.mid,122,123,62.0,62.5,78.33268199999998,78.93294300000002,0.5,0.6002610000000459,regular,,-0.26366184171927753,True,-0.16490724839161836,9,-0.09875459332765918,True,83.29709909522055,-6.616121986942882
Bach/Fugue/bwv_848/Zhou01M.mid,123,124,62.5,63.0,78.93294300000002,79.520833,0.5,0.5878899999999732,regular,,-0.2336181429966511,True,-0.12653416799813277,9,-0.10708397499851832,True,85.04992430557125,-7.153719233185757
Bach/Fugue/bwv_848/Zhou01M.mid,124,125,63.0,63.5,79.520833,80.115886,0.5,0.5950530000000072,regular,,-0.2510900767800961,True,-0.18322097696851514,9,-0.06786909981158096,True,84.02612876499975,-4.595388982159695
Bach/Fugue/bwv_848/Zhou01M.mid,125,126,63.5,64.0,80.115886,80.733724,0.5,0.6178379999999919,regular,,-0.30530051147085085,True,-0.09627264961325484,9,-0.20902786185759603,True,80.92736283621379,-13.488001709185045
Bach/Fugue/bwv_848/Zhou01M.mid,126,127,64.0,64.5,80.733724,81.33463499999998,0.5,0.6009109999999822,regular,,-0.2652232365370389,True,-0.1292830169449665,9,-0.1359402195920724,True,83.20699737565377,-8.99234662037869
Bach/Fugue/bwv_848/Zhou01M.mid,127,128,64.5,65.0,81.33463499999998,81.922526,0.5,0.5878910000000275,regular,,-0.23362059701677781,True,-0.10293488728786386,9,-0.13068570972891397,True,85.04977963601699,-8.660278861218504
Bach/Fugue/bwv_848/Zhou01M.mid,128,129,65.0,65.5,81.922526,82.528646,0.5,0.60611999999999,regular,,-0.2776753527155232,True,-0.1548190809726439,9,-0.12285627174287927,True,82.49191579225372,-8.163235002968342
Bach/Fugue/bwv_848/Zhou01M.mid,129,130,65.5,66.0,82.528646,83.134114,0.5,0.6054680000000019,regular,,-0.2761226181928266,True,-0.14635544403893863,9,-0.12976717415388794,True,82.5807474548611,-8.602106139387114
Bach/Fugue/bwv_848/Zhou01M.mid,130,131,66.0,66.5,83.134114,83.748047,0.5,0.613933000000003,regular,,-0.2961531244834265,True,-0.15312824525127575,9,-0.14302487923215076,True,81.44211176138074,-9.438163447803891
Bach/Fugue/bwv_848/Zhou01M.mid,131,132,66.5,67.0,83.748047,84.361979,0.5,0.6139320000000055,regular,,-0.2961507745589036,True,-0.26834815269001044,9,-0.02780262186889315,True,81.44224441794783,-1.9086804401793347
Bach/Fugue/bwv_848/Zhou01M.mid,132,133,67.0,67.5,84.361979,84.95963499999998,0.5,0.5976559999999722,regular,,-0.2573872392121798,True,-0.15650534860014115,9,-0.10088189061203867,True,83.66016571406014,-6.753717857759334
Bach/Fugue/bwv_848/Zhou01M.mid,133,134,67.5,68.0,84.95963499999998,85.54036500000002,0.5,0.5807300000000453,regular,,-0.21593946943281186,True,-0.10153981932470932,9,-0.11439965010810255,True,86.09853115905172,-7.623336145891205
Bach/Fugue/bwv_848/Zhou01M.mid,134,135,68.0,68.5,85.54036500000002,86.15755300000002,0.5,0.6171879999999987,regular,,-0.3037819169422293,True,-0.10713076767016827,9,-0.196651149272061,True,81.0125925973935,-12.742632714830224
Bach/Fugue/bwv_848/Zhou01M.mid,135,136,68.5,69.0,86.15755300000002,86.802084,0.5,0.6445309999999722,regular,,-0.36632165465484134,True,-0.20457145724063527,9,-0.16175019741420607,True,77.57578766576341,-10.606006538083586
Bach/Fugue/bwv_848/Zhou01M.mid,136,137,69.0,69.5,86.802084,87.41731700000004,0.5,0.6152330000000461,regular,,-0.2992047940748671,True,-0.1615523578588731,9,-0.13765243621599402,True,81.27002290188636,-9.100292084470745
Bach/Fugue/bwv_848/Zhou01M.mid,137,138,69.5,70.0,87.41731700000004,88.032552,0.5,0.6152349999999558,regular,,-0.29920948398139285,True,-0.14295969596336225,9,-0.1562497880180306,True,81.26975871009223,-10.2645330645913
Bach/Fugue/bwv_848/Zhou01M.mid,138,139,70.0,70.5,88.032552,88.649089,0.5,0.6165370000000081,regular,,-0.3022593822464523,True,-0.12239707314185881,9,-0.1798623091045935,True,81.09813360755209,-11.721275446568862
Bach/Fugue/bwv_848/Zhou01M.mid,139,140,70.5,71.0,88.649089,89.279948,0.5,0.630859000000001,regular,,-0.33538949711643434,True,-0.20130764976121546,9,-0.13408184735521889,True,79.2570130568002,-8.875041808073867
Bach/Fugue/bwv_848/Zhou01M.mid,140,141,71.0,71.5,89.279948,89.87955799999996,0.5,0.5996099999999558,regular,,-0.2620963491556511,True,-0.16992500144231246,9,-0.09217134771333865,True,83.38753523123978,-6.189022864855236
Bach/Fugue/bwv_848/Zhou01M.mid,141,142,71.5,72.0,89.87955799999996,90.505208,0.5,0.6256500000000358,regular,,-0.32342771806101495,True,-0.15987198245993992,9,-0.16355573560107503,True,79.9168864380998,-10.717813473992262
Bach/Fugue/bwv_848/Zhou01M.mid,142,143,72.0,72.5,90.505208,91.101563,0.5,0.5963550000000026,regular,,-0.25424330336745576,True,-0.15481908097257008,9,-0.09942422239488569,True,83.84267759975145,-6.659456196398428
Bach/Fugue/bwv_848/Zhou01M.mid,143,144,72.5,73.0,91.101563,91.755859,0.5,0.6542960000000022,regular,,-0.3880153560083919,True,-0.1848769293761089,9,-0.203138426632283,True,76.41801264259576,-13.13411666891314
Bach/Fugue/bwv_848/Zhou01M.mid,144,145,73.0,73.5,91.755859,92.369141,0.5,0.6132819999999981,regular,,-0.2946225132054981,True,-0.23202460291186938,9,-0.06259791029362871,True,81.5285627166624,-4.24617060340793
Bach/Fugue/bwv_848/Zhou01M.mid,145,146,73.5,74.0,92.369141,92.967448,0.5,0.5983070000000055,regular,,-0.25895784727351084,True,-0.13442599163554206,9,-0.12453185563796879,True,83.5691375832132,-8.269834716960478
Bach/Fugue/bwv_848/Zhou01M.mid,146,147,74.0,74.5,92.967448,93.577474,0.5,0.6100259999999906,regular,,-0.2869426383974687,True,-0.09627804786044712,9,-0.19066459053702156,True,81.96371957916674,-12.379800205232252
Bach/Fugue/bwv_848/Zhou01M.mid,147,148,74.5,75.0,93.577474,94.1875,0.5,0.6100260000000048,regular,,-0.2869426383975023,True,-0.1715962768842005,9,-0.11534636151330177,True,81.96371957916483,-7.683934783107961
Bach/Fugue/bwv_848/Zhou01M.mid,148,149,75.0,75.5,94.1875,94.797526,0.5,0.6100260000000048,regular,,-0.2869426383975023,True,-0.130999379745113,9,-0.15594325865238928,True,81.96371957916483,-10.245464947393272
Bach/Fugue/bwv_848/Zhou01M.mid,149,150,75.5,76.0,94.797526,95.403646,0.5,0.60611999999999,regular,,-0.2776753527155232,True,-0.19639553403006005,9,-0.08127981868546313,True,82.49191579225372,-5.4781231439339635
Bach/Fugue/bwv_848/Zhou01M.mid,150,151,76.0,76.5,95.403646,96.028645,0.5,0.6249990000000025,regular,,-0.32192578657345616,True,-0.17658830622792568,9,-0.14533748034553048,True,80.00012800020447,-9.58321533314635
Bach/Fugue/bwv_848/Zhou01M.mid,151,152,76.5,77.0,96.028645,96.673177,0.5,0.6445319999999981,regular,,-0.366323893017246,True,-0.24634484443383814,9,-0.11997904858340785,True,77.57566730589039,-7.979898593083769
Bach/Fugue/bwv_848/Zhou01M.mid,152,153,77.0,77.5,96.673177,97.302084,0.5,0.6289069999999981,regular,,-0.33091859859462924,True,-0.2447604372934325,9,-0.08615816130119675,True,79.50301077901844,-5.797200539983435
Bach/Fugue/bwv_848/Zhou01M.mid,153,154,77.5,78.0,97.302084,97.923828,0.5,0.6217440000000067,regular,,-0.31439258521947144,True,-0.13613625039123442,9,-0.17825633482823702,True,80.41895056486183,-11.622950925142025
Bach/Fugue/bwv_848/Zhou01M.mid,154,155,78.0,78.5,97.923828,98.559896,0.5,0.6360679999999945,regular,,-0.34725291278992926,True,-0.16992756623128272,9,-0.17732534655864654,True,78.60794757793259,-11.56590175892661
Bach/Fugue/bwv_848/Zhou01M.mid,155,156,78.5,79.0,98.559896,99.205078,0.5,0.6451820000000055,regular,,-0.3677780942680441,True,-0.24158639332071352,9,-0.12619170094733057,True,77.49751232985356,-8.375311152513586
Bach/Fugue/bwv_848/Zhou01M.mid,156,157,79.0,79.5,99.205078,99.82487,0.5,0.6197920000000039,regular,,-0.309856038489803,True,-0.19147168982723603,9,-0.11838434866256695,True,80.67222552081938,-7.878126855461183
Bach/Fugue/bwv_848/Zhou01M.mid,157,158,79.5,80.0,99.82487,100.449219,0.5,0.6243489999999952,regular,,-0.32042460057692124,True,-0.12584415334207338,9,-0.19458044723484785,True,80.08341488494479,-12.617302181953589
Bach/Fugue/bwv_848/Zhou01M.mid,158,159,80.0,80.5,100.449219,101.077474,0.5,0.6282549999999958,regular,,-0.3294221530275519,True,-0.20293796969859706,9,-0.12648418332895484,True,79.58551861903261,-8.393884648746857
Bach/Fugue/bwv_848/Zhou01M.mid,159,160,80.5,81.0,101.077474,101.727214,0.5,0.6497400000000084,regular,,-0.37793442979100295,True,-0.2510876522964451,9,-0.12684677749455786,True,76.9538584664625,-8.416905223629795
Bach/Fugue/bwv_848/Zhou01M.mid,160,161,81.0,81.5,101.727214,102.360026,0.5,0.6328120000000013,regular,,-0.3398488629769845,True,-0.12584415334211094,9,-0.21400470963487359,True,79.0124081085692,-13.785926941966423
Bach/Fugue/bwv_848/Zhou01M.mid,161,162,81.5,82.0,102.360026,102.972656,0.5,0.6126299999999958,regular,,-0.29308792139898426,True,-0.1429570827806502,9,-0.15013083861833407,True,81.61533062370492,-9.883126846544553
Bach/Fugue/bwv_848/Zhou01M.mid,162,163,82.0,82.5,102.972656,103.613933,0.5,0.6412770000000023,regular,,-0.35901956960788034,True,-0.11721362078312646,9,-0.24180594882475387,True,77.96942662843018,-15.43139704059177
Bach/Fugue/bwv_848/Zhou01M.mid,163,164,82.5,83.0,103.613933,104.251953,0.5,0.6380199999999974,regular,,-0.35167355394379796,True,-0.14125489553244908,9,-0.21041865841134888,True,78.36744929626063,-13.571361399330186
Bach/Fugue/bwv_848/Zhou01M.mid,164,165,83.0,83.5,104.251953,104.878255,0.5,0.6263019999999955,regular,,-0.3249303910894393,True,-0.13784448410226233,9,-0.18708590698717695,True,79.83369045604255,-12.162183738833024
Bach/Fugue/bwv_848/Zhou01M.mid,165,166,83.5,84.0,104.878255,105.559896,0.5,0.681640999999999,regular,,-0.4470840198983942,True,-0.21593698515205934,9,-0.23114703474633486,True,73.35239517575978,-14.80427380395373
Bach/Fugue/bwv_848/Zhou01M.mid,166,167,84.0,84.5,105.559896,106.209635,0.5,0.649739000000011,regular,,-0.37793220937030014,True,-0.2526651297207665,9,-0.12526707964953365,True,76.95397690457115,-8.316570192032449
Bach/Fugue/bwv_848/Zhou01M.mid,167,168,84.5,85.0,106.209635,106.869792,0.5,0.6601569999999981,regular,,-0.40088107531940204,True,-0.19147168982723603,9,-0.209409385492166,True,75.73955892310488,-13.510876958056153
Bach/Fugue/bwv_848/Zhou01M.mid,168,169,85.0,85.5,106.869792,107.514974,0.5,0.6451819999999913,regular,,-0.36777809426801245,True,-0.2320221461755964,9,-0.13575594809241603,True,77.49751232985525,-8.980721718830296
Bach/Fugue/bwv_848/Zhou01M.mid,169,170,85.5,86.0,107.514974,108.177083,0.5,0.662109000000001,regular,,-0.4051406460344984,True,-0.2761250009675494,9,-0.12901564506694901,True,75.51626695906555,-8.554482721123174
Bach/Fugue/bwv_848/Zhou01M.mid,170,171,86.0,86.5,108.177083,108.828776,0.5,0.6516930000000087,regular,,-0.3822644037964089,True,-0.29001855194063164,9,-0.09224585185577727,True,76.72324238560077,-6.193867357790852
Bach/Fugue/bwv_848/Zhou01M.mid,171,172,86.5,87.0,108.828776,109.465495,0.5,0.6367189999999994,regular,,-0.34872872068791355,True,-0.10153713002990318,9,-0.24719159065801038,True,78.52757652904978,-15.746506700758637
Bach/Fugue/bwv_848/Zhou01M.mid,172,173,87.0,87.5,109.465495,110.09375,0.5,0.6282549999999958,regular,,-0.3294221530275519,True,-0.14465987414690318,9,-0.18476227888064872,True,79.58551861903261,-12.020596732218266
Bach/Fugue/bwv_848/Zhou01M.mid,173,174,87.5,88.0,110.09375,110.748047,0.5,0.6542969999999997,regular,,-0.38801756096445894,True,-0.23148893542559187,9,-0.15652862553886707,True,76.41789584852143,-10.281875050628678
Bach/Fugue/bwv_848/Zhou01M.mid,174,175,88.0,88.5,110.748047,111.397135,0.5,0.6490880000000061,regular,,-0.37648598974247477,True,-0.26428900484789064,9,-0.11219698489458413,True,77.0311575626102,-7.482190396372711
Bach/Fugue/bwv_848/Zhou01M.mid,175,176,88.5,89.0,111.397135,112.028646,0.5,0.631510999999989,regular,,-0.3368797689864631,True,-0.2526651297207665,9,-0.08421463926569661,True,79.17518459694426,-5.6702100200929735
Bach/Fugue/bwv_848/Zhou01M.mid,176,177,89.0,89.5,112.028646,112.66406299999998,0.5,0.6354169999999897,regular,,-0.3457755936651361,True,-0.16155235785890965,9,-0.18422323580622646,True,78.68848331096086,-11.987718301522735
Bach/Fugue/bwv_848/Zhou01M.mid,177,178,89.5,90.0,112.66406299999998,113.304036,0.5,0.6399730000000119,regular,,-0.35608294524438483,True,-0.26209394309808237,9,-0.09398900214630246,True,78.12829603748763,-6.30714108251601
Bach/Fugue/bwv_848/Zhou01M.mid,178,179,90.0,90.5,113.304036,113.940755,0.5,0.6367189999999994,regular,,-0.34872872068791355,True,-0.2042459094584873,9,-0.14448281122942624,True,78.52757652904978,-9.529635522108284
Bach/Fugue/bwv_848/Zhou01M.mid,179,180,90.5,91.0,113.940755,114.579427,0.5,0.6386719999999997,regular,,-0.35314710786038633,True,-0.20163135213262845,9,-0.15151575572775788,True,78.28744645138667,-9.969593155797398
Bach/Fugue/bwv_848/Zhou01M.mid,180,181,91.0,91.5,114.579427,115.175347,0.5,0.5959200000000067,regular,,-0.25319057246120147,True,-0.15930883837744406,9,-0.09388173408375741,True,83.9038797153971,-6.300174520071608
Bach/Fugue/bwv_848/Zhou01M.mid,181,182,91.5,92.0,115.175347,115.832682,0.5,0.6573350000000033,regular,,-0.3947007089389249,True,-0.27457059604567474,9,-0.12013011289325015,True,76.06471586025351,-7.989533495096378
Bach/Fugue/bwv_848/Zhou01M.mid,182,183,92.0,92.5,115.832682,116.472005,0.5,0.6393229999999903,regular,,-0.3546169016433656,True,-0.2807710670195492,9,-0.07384583462381644,True,78.20772911345401,-4.989809532897352
Bach/Fugue/bwv_848/Zhou01M.mid,183,184,92.5,93.0,116.472005,117.091146,0.5,0.619140999999999,regular,,-0.30833990394812416,True,-0.19967297294835276,9,-0.1086669309997714,True,80.75704887901153,-7.255536299485857
Bach/Fugue/bwv_848/Zhou01M.mid,184,185,93.0,93.5,117.091146,117.690972,0.5,0.5998260000000073,regular,,-0.26261596359489586,True,-0.16992500144231246,9,-0.0926909621525834,True,83.35750701036532,-6.222804613338998
Bach/Fugue/bwv_848/Zhou01M.mid,185,186,93.5,94.0,117.690972,118.355469,0.5,0.6644969999999972,regular,,-0.4103345913034831,True,-0.33538949711646665,9,-0.07494509418701645,True,75.24488447652917,-5.06217484804029
Bach/Fugue/bwv_848/Zhou01M.mid,186,187,94.0,94.5,118.355469,119.00781299999998,0.5,0.6523439999999852,regular,,-0.383704845363031,True,-0.22881992159512066,9,-0.15488492376791035,True,76.6466772132512,-10.179598494044246
Bach/Fugue/bwv_848/Zhou01M.mid,187,188,94.5,95.0,119.00781299999998,119.643229,0.5,0.6354160000000206,regular,,-0.34577332319372683,True,-0.21593698515213003,9,-0.1298363380415968,True,78.68860714870003,-8.60648771828211
Bach/Fugue/bwv_848/Zhou01M.mid,188,189,95.0,95.5,119.643229,120.307943,0.5,0.6647139999999894,regular,,-0.41080564492347704,True,-0.22721367502946152,9,-0.18359196989401552,True,75.22032031821324,-11.949199204466886
Bach/Fugue/bwv_848/Zhou01M.mid,189,190,95.5,96.0,120.307943,120.92513,0.5,0.6171870000000013,regular,,-0.3037795794110296,True,-0.2288174593955905,9,-0.07496212001543912,True,81.01272385840905,-5.063295241150558
Bach/Fugue/bwv_848/Zhou01M.mid,190,191,96.0,96.5,120.92513,121.563151,0.5,0.638021000000009,regular,,-0.3516758151486616,True,-0.2110770042475264,9,-0.14059881090113518,True,78.36732646730952,-9.28574451311439
Bach/Fugue/bwv_848/Zhou01M.mid,191,192,96.5,97.0,121.563151,122.190755,0.5,0.627603999999991,regular,,-0.3279264523863993,True,-0.2223940701297871,9,-0.10553238225661218,True,79.66807094919841,-7.053811001843879
Bach/Fugue/bwv_848/Zhou01M.mid,192,193,97.0,97.5,122.190755,122.857422,0.5,0.6666670000000039,regular,,-0.41503822062619233,True,-0.2792216625480438,9,-0.13581655807814852,True,74.99996250001831,-8.984545507726041
Bach/Fugue/bwv_848/Zhou01M.mid,193,194,97.5,98.0,122.857422,123.53906299999998,0.5,0.6816409999999848,regular,,-0.44708401989836405,True,-0.26678534157125516,9,-0.18029867832710889,True,73.3523951757613,-11.747972906557164
Bach/Fugue/bwv_848/Zhou01M.mid,194,195,98.0,98.5,123.53906299999998,124.167969,0.5,0.6289060000000148,regular,,-0.3309163046208561,True,-0.20130764976121546,9,-0.12960865485964063,True,79.5031371937918,-8.592063042809157
Bach/Fugue/bwv_848/Zhou01M.mid,195,196,98.5,99.0,124.167969,124.803385,0.5,0.6354160000000064,regular,,-0.3457733231936947,True,-0.22561057350119235,9,-0.12016274969250235,True,78.68860714870178,-7.991614942022653
Bach/Fugue/bwv_848/Zhou01M.mid,196,197,99.0,99.5,124.803385,125.477865,0.5,0.6744799999999884,regular,,-0.43184756944463115,True,-0.24158639332074838,9,-0.19026117612388277,True,74.13118254062516,-12.355295931677848
Bach/Fugue/bwv_848/Zhou01M.mid,197,198,99.5,100.0,125.477865,126.133464,0.5,0.6555990000000094,regular,,-0.3908855589762942,True,-0.19146916305447953,9,-0.19941639592181465,True,76.26613219361117,-12.909720728675275
Bach/Fugue/bwv_848/Zhou01M.mid,198,199,100.0,100.5,126.133464,126.764323,0.5,0.630859000000001,regular,,-0.33538949711643434,True,-0.15987198245993992,9,-0.17551751465649443,True,79.2570130568002,-11.455016097099591
Bach/Fugue/bwv_848/Zhou01M.mid,199,200,100.5,101.0,126.764323,127.397135,0.5,0.6328120000000013,regular,,-0.3398488629769845,True,-0.30225938224638577,9,-0.03758948073059876,True,79.0124081085692,-2.5718538839373473
Bach/Fugue/bwv_848/Zhou01M.mid,200,201,101.0,101.5,127.397135,128.015625,0.5,0.6184899999999942,regular,,-0.3068221744176827,True,-0.14465726404202148,9,-0.16216491037566125,True,80.84205080114548,-10.631699784956854
Bach/Fugue/bwv_848/Zhou01M.mid,201,202,101.5,102.0,128.015625,128.66862,0.5,0.6529950000000042,regular,,-0.38514385017252867,True,-0.20032606143123216,9,-0.1848177887412965,True,76.57026470340459,-12.023981806904008
Bach/Fugue/bwv_848/Zhou01M.mid,202,203,102.0,102.5,128.66862,129.31553799999998,0.5,0.646917999999971,regular,,-0.3716547603123511,True,-0.17547989042348636,9,-0.19617486988886476,True,77.28954828896745,-12.713821535336473
Bach/Fugue/bwv_848/Zhou01M.mid,203,204,102.5,103.0,129.31553799999998,129.979167,0.5,0.6636290000000145,regular,,-0.40844883728050685,True,-0.26886552069610015,9,-0.1395833165844067,True,75.34330175444248,-9.22186944814269
Bach/Fugue/bwv_848/Zhou01M.mid,204,205,103.0,103.5,129.979167,130.626302,0.5,0.64713500000002,regular,,-0.37213861194266,True,-0.2500350416136521,9,-0.12210357032900793,True,77.26363123613845,-8.115308243257926
Bach/Fugue/bwv_848/Zhou01M.mid,205,206,103.5,104.0,130.626302,131.25911399999998,0.5,0.6328119999999728,regular,,-0.33984886297691963,True,-0.1799084532390896,9,-0.15994040973783002,True,79.01240810857276,-10.493795945709122
Bach/Fugue/bwv_848/Zhou01M.mid,206,207,104.0,104.5,131.25911399999998,131.899306,0.5,0.6401920000000132,regular,,-0.3565765538292762,True,-0.24950844813220596,9,-0.10706810569707026,True,78.10156952913965,-7.152697940618967
Bach/Fugue/bwv_848/Zhou01M.mid,207,208,104.5,105.0,131.899306,132.63151000000002,0.5,0.7322040000000243,regular,,-0.5503175601596791,True,-0.29971590419269883,9,-0.2506016559669803,True,68.286980131218,-15.945419582524442
Bach/Fugue/bwv_848/Zhou01M.mid,208,209,105.0,105.5,132.63151000000002,133.264323,0.5,0.6328129999999703,regular,,-0.3398511427912996,True,-0.16490724839161836,9,-0.17494389439968122,True,79.01228324955768,-11.419803322620437
Bach/Fugue/bwv_848/Zhou01M.mid,209,210,105.5,106.0,133.264323,133.889974,0.5,0.6256510000000048,regular,,-0.3234300239730158,True,-0.13955069755834426,9,-0.18387932641467153,True,79.91675870413314,-11.96673544835758
Bach/Fugue/bwv_848/Zhou01M.mid,210,211,106.0,106.5,133.889974,134.517578,0.5,0.627603999999991,regular,,-0.3279264523863993,True,-0.1279079268710363,9,-0.20001852551536298,True,79.66807094919841,-12.94606152924429
Bach/Fugue/bwv_848/Zhou01M.mid,211,212,106.5,107.0,134.517578,135.136068,0.5,0.6184900000000084,regular,,-0.3068221744177158,True,-0.1548190809726439,9,-0.1520030934450719,True,80.84205080114363,-10.000000000001368
Bach/Fugue/bwv_848/Zhou01M.mid,212,213,107.0,107.5,135.136068,135.78125,0.5,0.6451820000000055,regular,,-0.3677780942680441,True,-0.18652591234330615,9,-0.18125218192473794,True,77.49751232985356,-11.806281018381362
Bach/Fugue/bwv_848/Zhou01M.mid,213,214,107.5,108.0,135.78125,136.454427,0.5,0.6731770000000097,regular,,-0.4290577910009784,True,-0.347250644642229,9,-0.08180714635874942,True,74.27467070324637,-5.512666059596823
Bach/Fugue/bwv_848/Zhou01M.mid,214,215,108.0,108.5,136.454427,137.273438,0.5,0.819010999999989,regular,,-0.7119547337052491,True,-0.6287512023481805,9,-0.0832035313570686,True,61.04924109688474,-5.604076135727162
Bach/Fugue/bwv_848/Zhou01M.mid,215,216,108.5,109.0,137.273438,138.46849,0.5,1.195052000000004,regular,,-1.2570733952017912,True,-1.2104275186779994,9,-0.04664587652379182,True,41.83918356690741,-3.181535196796006
