perf_id,composition_id,channel,valid,missing,over_6,over_10,maximum_abs,raw_invalid
04932,1067,tempo,476,0,14,8,23.330991430840353,0
04932,1067,rubato,476,0,23,12,29.773633993716462,0
04932,1067,dynamics,422,54,0,0,4.496605063177302,0
04932,1067,articulation,413,63,21,6,25.847882643069568,0
04932,1067,pedal_depth,476,0,0,0,4.593789104497313,0
04932,1067,pedal_down_ratio,476,0,0,0,3.126830145969636,0
04932,1067,pedal_changes,476,0,1,0,6.83032418733779,0
04933,1067,tempo,476,0,16,6,33.60119543342979,0
04933,1067,rubato,476,0,22,9,41.352363286728625,0
04933,1067,dynamics,423,53,0,0,4.282481012549811,0
04933,1067,articulation,415,61,14,7,21.035794007311246,0
04933,1067,pedal_depth,476,0,0,0,4.999123437246847,0
04933,1067,pedal_down_ratio,476,0,0,0,3.126830145969636,0
04933,1067,pedal_changes,476,0,0,0,3.104692812426268,0
04934,1067,tempo,476,0,24,6,17.996726213296675,0
04934,1067,rubato,476,0,35,12,22.950074404961576,0
04934,1067,dynamics,421,55,0,0,4.2824810125498125,0
04934,1067,articulation,413,63,23,10,27.931402156017896,0
04934,1067,pedal_depth,476,0,0,0,4.593789104497227,0
04934,1067,pedal_down_ratio,476,0,0,0,3.126830145969636,0
04934,1067,pedal_changes,476,0,0,0,5.588447062367282,0
04935,1067,tempo,476,0,22,8,33.42047535484231,0
04935,1067,rubato,476,0,30,16,42.77418989387529,0
04935,1067,dynamics,422,54,0,0,3.6829336707928393,0
04935,1067,articulation,413,63,22,8,19.11786209237201,0
04935,1067,pedal_depth,476,0,0,0,5.366444006107896,0
04935,1067,pedal_down_ratio,476,0,0,0,3.126830145969636,0
04935,1067,pedal_changes,476,0,0,0,4.346569937396775,0
04936,1067,tempo,476,0,99,37,22.908732253185867,0
04936,1067,rubato,476,0,143,54,27.349287210241435,0
04936,1067,dynamics,411,65,3,0,7.0660936707071915,0
04936,1067,articulation,404,72,57,25,43.021063214233855,0
04936,1067,pedal_depth,476,0,0,0,4.803572428750018,0
04936,1067,pedal_down_ratio,476,0,0,0,3.126830145969636,0
04936,1067,pedal_changes,476,0,0,0,4.967508499882029,0
04937,1068,tempo,584,0,11,3,24.053070507375246,0
04937,1068,rubato,584,0,46,18,44.757412641423294,0
04937,1068,dynamics,574,10,0,0,5.0586806960744735,0
04937,1068,articulation,574,10,2,0,7.729615249486344,0
04937,1068,pedal_depth,584,0,0,0,4.440528217762279,0
04937,1068,pedal_down_ratio,584,0,0,0,3.353887485042147,0
04937,1068,pedal_changes,584,0,0,0,4.832474003505955,0
04940,1068,tempo,584,0,13,3,16.72430198728014,0
04940,1068,rubato,584,0,48,19,30.656021322603635,0
04940,1068,dynamics,572,12,4,0,6.857322721345395,0
04940,1068,articulation,571,13,2,0,8.958921914138553,0
04940,1068,pedal_depth,584,0,0,0,3.489437720451175,0
04940,1068,pedal_down_ratio,584,0,0,0,3.3538874850421814,0
04940,1068,pedal_changes,584,0,0,0,4.832474003505955,0
04941,1068,tempo,582,2,24,10,18.396061718631078,0
04941,1068,rubato,582,2,68,25,31.78908851342452,0
04941,1068,dynamics,574,10,0,0,5.873690363775361,0
04941,1068,articulation,573,11,1,0,9.816102712066668,0
04941,1068,pedal_depth,584,0,0,0,2.680068862261469,0
04941,1068,pedal_down_ratio,584,0,0,0,3.2060207021345706,0
04941,1068,pedal_changes,584,0,1,0,6.0405925043824436,0
04942,1068,tempo,584,0,20,1,10.790506896882237,0
04942,1068,rubato,584,0,46,21,21.57028834746431,0
04942,1068,dynamics,574,10,0,0,4.819798552093181,0
04942,1068,articulation,574,10,2,0,8.001485665930947,0
04942,1068,pedal_depth,584,0,0,0,3.405192781219566,0
04942,1068,pedal_down_ratio,584,0,0,0,3.3120292949011403,0
04942,1068,pedal_changes,584,0,5,0,7.248711005258932,0
04943,1068,tempo,584,0,20,5,17.609597194346183,0
04943,1068,rubato,584,0,62,24,35.17780473947541,0
04943,1068,dynamics,574,10,0,0,3.1827532712801885,0
04943,1068,articulation,573,11,4,1,11.276583288087787,0
04943,1068,pedal_depth,584,0,0,0,3.3018515209901103,0
04943,1068,pedal_down_ratio,584,0,0,0,3.353887485042147,0
04943,1068,pedal_changes,584,0,2,0,7.248711005258932,0
04944,1068,tempo,584,0,17,1,10.573691709211813,0
04944,1068,rubato,584,0,45,22,20.62324570965242,0
04944,1068,dynamics,572,12,0,0,2.585547911326952,0
04944,1068,articulation,570,14,5,1,11.160062123012082,0
04944,1068,pedal_depth,584,0,0,0,3.2957333486276674,0
04944,1068,pedal_down_ratio,584,0,0,0,3.353887485042147,0
04944,1068,pedal_changes,584,0,2,0,7.248711005258932,0
04951,1072,tempo,810,0,16,1,13.572268268080421,0
04951,1072,rubato,810,0,61,13,22.930378757752706,0
04951,1072,dynamics,798,12,0,0,3.48178521724826,0
04951,1072,articulation,795,15,1,1,13.815126454862135,0
04951,1072,pedal_depth,810,0,0,0,2.063577395465189,0
04951,1072,pedal_down_ratio,810,0,0,0,1.7721109567893958,0
04951,1072,pedal_changes,810,0,0,0,4.1842082625264405,0
04952,1072,tempo,810,0,16,1,13.572268268080421,0
04952,1072,rubato,810,0,61,13,22.930378757752703,0
04952,1072,dynamics,798,12,0,0,3.481785217248259,0
04952,1072,articulation,795,15,1,1,13.815126454862135,0
04952,1072,pedal_depth,810,0,0,0,2.063577395465189,0
04952,1072,pedal_down_ratio,810,0,0,0,1.7721109567893958,0
04952,1072,pedal_changes,810,0,0,0,4.1842082625264405,0
04993,1082,tempo,125,0,6,0,6.724403993403306,0
04993,1082,rubato,125,0,0,0,5.839742270010909,0
04993,1082,dynamics,125,0,5,0,7.954173170684709,0
04993,1082,articulation,125,0,12,5,15.261224224279395,0
04993,1082,pedal_depth,125,0,0,0,4.707854203247974,0
04993,1082,pedal_down_ratio,125,0,0,0,3.886580061658988,0
04993,1082,pedal_changes,125,0,0,0,3.3993054577161557,0
04994,1082,tempo,125,0,13,4,14.428150773180576,0
04994,1082,rubato,125,0,8,3,13.985279245519807,0
04994,1082,dynamics,125,0,0,0,4.219782813975449,0
04994,1082,articulation,124,1,14,3,10.990658086541188,0
04994,1082,pedal_depth,125,0,0,0,4.129280388670146,0
04994,1082,pedal_down_ratio,125,0,0,0,3.9949350013453624,0
04994,1082,pedal_changes,125,0,0,0,3.3993054577161557,0
04995,1082,tempo,125,0,11,1,12.289815285112944,0
04995,1082,rubato,125,0,6,0,9.844095571851499,0
04995,1082,dynamics,125,0,0,0,5.049125410315212,0
04995,1082,articulation,123,2,5,1,13.807675673054542,0
04995,1082,pedal_depth,125,0,0,0,3.0053741483162373,0
04995,1082,pedal_down_ratio,125,0,0,0,3.8777435965017744,0
04995,1082,pedal_changes,125,0,0,0,4.532407276954874,0
05166,1113,tempo,373,1,18,7,18.295306329600272,0
05166,1113,rubato,373,1,25,12,26.112937570007258,0
05166,1113,dynamics,371,3,0,0,4.174672042873401,0
05166,1113,articulation,371,3,5,0,9.360066277396621,0
05166,1113,pedal_depth,374,0,0,0,2.9707913582169097,0
05166,1113,pedal_down_ratio,374,0,0,0,2.8507472729980017,0
05166,1113,pedal_changes,374,0,0,0,5.8036928469756015,0
05168,1113,tempo,374,0,5,3,31.03796099519003,0
05168,1113,rubato,374,0,11,3,41.33327936187988,0
05168,1113,dynamics,371,3,0,0,3.593175856547235,0
05168,1113,articulation,371,3,9,2,10.593623990192068,0
05168,1113,pedal_depth,374,0,0,0,2.33273803071883,0
05168,1113,pedal_down_ratio,374,0,0,0,2.8507472729980017,0
05168,1113,pedal_changes,374,0,0,0,2.9018464234878008,0
05169,1113,tempo,373,1,7,2,11.124238930689364,0
05169,1113,rubato,373,1,10,4,15.176341652151724,0
05169,1113,dynamics,371,3,0,0,4.28811421795148,0
05169,1113,articulation,371,3,5,1,13.942375718579857,0
05169,1113,pedal_depth,374,0,0,0,3.0151315277425152,0
05169,1113,pedal_down_ratio,374,0,0,0,2.8507472729980017,0
05169,1113,pedal_changes,374,0,0,0,2.9018464234878008,0
05171,1113,tempo,374,0,13,7,20.480544583152344,0
05171,1113,rubato,374,0,18,11,27.46475498848314,0
05171,1113,dynamics,371,3,0,0,3.941065193453349,0
05171,1113,articulation,371,3,8,2,11.560020034854427,0
05171,1113,pedal_depth,374,0,0,0,3.2363656367441282,0
05171,1113,pedal_down_ratio,374,0,0,0,2.8507472729980017,0
05171,1113,pedal_changes,374,0,0,0,4.062584992882921,0
05175,1113,tempo,373,1,7,5,15.921706399929624,0
05175,1113,rubato,373,1,9,6,23.68904158871217,0
05175,1113,dynamics,371,3,0,0,3.7057777192173296,0
05175,1113,articulation,371,3,16,3,20.584442586472207,0
05175,1113,pedal_depth,374,0,0,0,2.94302351118845,0
05175,1113,pedal_down_ratio,374,0,0,0,2.8507472729980017,0
05175,1113,pedal_changes,374,0,1,0,6.384062131673161,0
05180,1113,tempo,374,0,9,5,17.168740267968317,0
05180,1113,rubato,374,0,12,7,24.768237407900763,0
05180,1113,dynamics,371,3,0,0,3.811657082623539,0
05180,1113,articulation,371,3,4,1,12.123778966314323,0
05180,1113,pedal_depth,374,0,0,0,2.8954217133312516,0
05180,1113,pedal_down_ratio,374,0,0,0,2.850747272998015,0
05180,1113,pedal_changes,374,0,0,0,4.642954277580481,0
05182,1113,tempo,374,0,12,5,19.570846488053856,0
05182,1113,rubato,374,0,18,8,27.517425480259323,0
05182,1113,dynamics,371,3,0,0,3.9293008197415484,0
05182,1113,articulation,371,3,9,0,9.533128845757988,0
05182,1113,pedal_depth,374,0,0,0,2.7670685910201915,0
05182,1113,pedal_down_ratio,374,0,0,0,2.8507472729980017,0
05182,1113,pedal_changes,374,0,0,0,4.062584992882921,0
05183,1113,tempo,374,0,5,2,14.924383726164136,0
05183,1113,rubato,374,0,16,3,19.110914191254263,0
05183,1113,dynamics,371,3,0,0,5.243549425831323,0
05183,1113,articulation,371,3,22,7,11.80014865273127,0
05183,1113,pedal_depth,374,0,0,0,2.9476789208578413,0
05183,1113,pedal_down_ratio,374,0,0,0,2.8507472729980017,0
05183,1113,pedal_changes,374,0,0,0,4.642954277580481,0
05184,1113,tempo,374,0,9,5,12.425072788796527,0
05184,1113,rubato,374,0,20,6,15.545781196811795,0
05184,1113,dynamics,371,3,0,0,4.8704507166856335,0
05184,1113,articulation,371,3,22,11,15.585437134120093,0
05184,1113,pedal_depth,374,0,0,0,2.912895515562279,0
05184,1113,pedal_down_ratio,374,0,0,0,2.801312349188788,0
05184,1113,pedal_changes,374,0,0,0,3.4822157081853606,0
05185,1113,tempo,374,0,14,8,15.38829458436977,0
05185,1113,rubato,374,0,22,10,20.445378799626848,0
05185,1113,dynamics,371,3,0,0,3.5293121135403145,0
05185,1113,articulation,371,3,4,0,9.096902191697726,0
05185,1113,pedal_depth,374,0,0,0,2.6871753379714285,0
05185,1113,pedal_down_ratio,374,0,0,0,2.8507472729980017,0
05185,1113,pedal_changes,374,0,0,0,4.642954277580481,0
05186,1113,tempo,374,0,6,4,13.168212090139145,0
05186,1113,rubato,374,0,9,4,17.38235846716079,0
05186,1113,dynamics,371,3,0,0,3.640233351394439,0
05186,1113,articulation,371,3,0,0,5.76896974410359,0
05186,1113,pedal_depth,374,0,0,0,2.6871753379714285,0
05186,1113,pedal_down_ratio,374,0,0,0,2.6511679937152848,0
05186,1113,pedal_changes,374,0,0,0,4.642954277580481,0
05188,1113,tempo,374,0,12,7,19.20934408215055,0
05188,1113,rubato,374,0,16,10,27.434303665743553,0
05188,1113,dynamics,371,3,0,0,3.1528521547626798,0
05188,1113,articulation,371,3,13,4,13.215643408232088,0
05188,1113,pedal_depth,374,0,0,0,2.7490905105888066,0
05188,1113,pedal_down_ratio,374,0,0,0,2.8507472729980017,0
05188,1113,pedal_changes,374,0,0,0,5.8036928469756015,0
05189,1113,tempo,374,0,25,14,19.63593017523156,0
05189,1113,rubato,374,0,35,21,25.8326966293931,0
05189,1113,dynamics,371,3,0,0,5.011623201227246,0
05189,1113,articulation,371,3,7,2,13.244035803025186,0
05189,1113,pedal_depth,374,0,0,0,3.0151315277425716,0
05189,1113,pedal_down_ratio,374,0,0,0,2.8507472729980017,0
05189,1113,pedal_changes,374,0,1,0,6.384062131673161,0
05191,1113,tempo,373,1,6,2,12.8690479797516,0
05191,1113,rubato,373,1,13,3,16.431899937285458,0
05191,1113,dynamics,371,3,0,0,3.265790142395969,0
05191,1113,articulation,371,3,3,1,16.794049850619974,0
05191,1113,pedal_depth,374,0,0,0,2.6871753379714285,0
05191,1113,pedal_down_ratio,374,0,0,0,2.8507472729980017,0
05191,1113,pedal_changes,374,0,0,0,5.223323562278041,0
05193,1113,tempo,374,0,19,9,17.65794690524755,0
05193,1113,rubato,374,0,27,13,24.5422495119835,0
05193,1113,dynamics,371,3,0,0,3.2637733926168027,0
05193,1113,articulation,371,3,4,0,7.014599702659493,0
05193,1113,pedal_depth,374,0,0,0,2.6871753379714285,0
05193,1113,pedal_down_ratio,374,0,0,0,2.8507472729980017,0
05193,1113,pedal_changes,374,0,0,0,3.4822157081853606,0
05165,1115,tempo,647,0,24,4,12.142655151338225,0
05165,1115,rubato,647,0,42,14,15.723845281229123,0
05165,1115,dynamics,634,13,0,0,5.767384754944798,0
05165,1115,articulation,634,13,8,1,10.928559699832313,0
05165,1115,pedal_depth,647,0,0,0,3.5376349256371653,0
05165,1115,pedal_down_ratio,647,0,0,0,2.746691882254154,0
05165,1115,pedal_changes,647,0,0,0,5.210460196003673,0
05167,1115,tempo,647,0,15,6,12.375022848855087,0
05167,1115,rubato,647,0,40,11,17.087432473124398,0
05167,1115,dynamics,636,11,1,0,8.504448706444023,0
05167,1115,articulation,635,12,5,0,7.777363254135033,0
05167,1115,pedal_depth,647,0,0,0,2.975907860945862,0
05167,1115,pedal_down_ratio,647,0,0,0,2.746691882254154,0
05167,1115,pedal_changes,647,0,0,0,4.342050163336394,0
05170,1115,tempo,646,1,31,7,11.731583015851935,0
05170,1115,rubato,646,1,59,20,15.3718418489616,0
05170,1115,dynamics,636,11,0,0,4.484386027679536,0
05170,1115,articulation,636,11,8,3,13.039268799682992,0
05170,1115,pedal_depth,647,0,0,0,2.8939353017257186,0
05170,1115,pedal_down_ratio,647,0,0,0,2.746691882254154,0
05170,1115,pedal_changes,647,0,0,0,5.210460196003673,0
05179,1115,tempo,647,0,24,3,11.742075197448877,0
05179,1115,rubato,647,0,42,13,17.657195642397784,0
05179,1115,dynamics,636,11,0,0,3.848996181795786,0
05179,1115,articulation,636,11,7,1,10.733799410654399,0
05179,1115,pedal_depth,647,0,0,0,2.77129708288612,0
05179,1115,pedal_down_ratio,647,0,0,0,2.746691882254154,0
05179,1115,pedal_changes,647,0,1,0,6.078870228670952,0
05181,1115,tempo,647,0,20,1,13.423683596275554,0
05181,1115,rubato,647,0,30,11,19.558631501525262,0
05181,1115,dynamics,635,12,0,0,3.702367755822613,0
05181,1115,articulation,634,13,6,0,9.821661642270216,0
05181,1115,pedal_depth,647,0,0,0,3.179393414180257,0
05181,1115,pedal_down_ratio,647,0,0,0,2.746691882254154,0
05181,1115,pedal_changes,647,0,1,0,6.94728026133823,0
05187,1115,tempo,647,0,20,1,10.174422481716553,0
05187,1115,rubato,647,0,37,11,14.58508290735978,0
05187,1115,dynamics,634,13,0,0,2.9325685194634574,0
05187,1115,articulation,632,15,8,2,16.254903860450064,0
05187,1115,pedal_depth,647,0,0,0,2.8939353017257186,0
05187,1115,pedal_down_ratio,647,0,0,0,2.746691882254154,0
05187,1115,pedal_changes,647,0,1,0,6.078870228670952,0
05190,1115,tempo,647,0,37,8,15.902845319758947,0
05190,1115,rubato,647,0,65,27,21.006948117919762,0
05190,1115,dynamics,634,13,0,0,4.105595927248839,0
05190,1115,articulation,633,14,9,2,21.146700959948994,0
05190,1115,pedal_depth,647,0,0,0,3.178919549746952,0
05190,1115,pedal_down_ratio,647,0,0,0,2.746691882254154,0
05190,1115,pedal_changes,647,0,0,0,5.210460196003673,0
05192,1115,tempo,647,0,15,1,10.421539568431351,0
05192,1115,rubato,647,0,38,9,14.231962186087253,0
05192,1115,dynamics,633,14,0,0,3.2747015134008595,0
05192,1115,articulation,633,14,8,3,15.641108081051968,0
05192,1115,pedal_depth,647,0,0,0,2.8526959584629625,0
05192,1115,pedal_down_ratio,647,0,0,0,2.746691882254157,0
05192,1115,pedal_changes,647,0,0,0,4.342050163336394,0
05221,1115,tempo,647,0,27,7,14.704150740472217,0
05221,1115,rubato,647,0,53,15,19.393968944626938,0
05221,1115,dynamics,636,11,0,0,4.631014453652709,0
05221,1115,articulation,636,11,8,2,17.35637741767253,0
05221,1115,pedal_depth,647,0,0,0,3.0002726584517516,0
05221,1115,pedal_down_ratio,647,0,0,0,2.746691882254154,0
05221,1115,pedal_changes,647,0,0,0,5.210460196003673,0
05225,1115,tempo,647,0,27,5,27.842845257208186,0
05225,1115,rubato,647,0,54,15,36.95706297478718,0
05225,1115,dynamics,634,13,0,0,3.079196945436629,0
05225,1115,articulation,634,13,9,1,19.690096141938522,0
05225,1115,pedal_depth,647,0,0,0,3.647374030612681,0
05225,1115,pedal_down_ratio,647,0,0,0,2.746691882254154,0
05225,1115,pedal_changes,647,0,0,0,5.210460196003673,0
05226,1115,tempo,647,0,23,2,10.710073313343324,0
05226,1115,rubato,647,0,47,16,14.704591390320866,0
05226,1115,dynamics,637,10,0,0,3.079196945436629,0
05226,1115,articulation,636,11,10,2,13.578076060240827,0
05226,1115,pedal_depth,647,0,0,0,2.8255262778844954,0
05226,1115,pedal_down_ratio,647,0,0,0,2.746691882254154,0
05226,1115,pedal_changes,647,0,0,0,4.342050163336394,0
05229,1115,tempo,647,0,17,2,10.377245494076567,0
05229,1115,rubato,647,0,47,11,14.516842715531826,0
05229,1115,dynamics,636,11,0,0,3.2258253714098024,0
05229,1115,articulation,636,11,5,1,13.098017305033071,0
05229,1115,pedal_depth,647,0,0,0,2.9952970819037192,0
05229,1115,pedal_down_ratio,647,0,0,0,2.746691882254154,0
05229,1115,pedal_changes,647,0,0,0,4.342050163336394,0
05230,1115,tempo,647,0,22,7,12.317355494577635,0
05230,1115,rubato,647,0,49,11,16.5608476996206,0
05230,1115,dynamics,635,12,0,0,2.6393116675171107,0
05230,1115,articulation,634,13,8,1,12.004001160540527,0
05230,1115,pedal_depth,647,0,0,0,2.81136620822982,0
05230,1115,pedal_down_ratio,647,0,0,0,2.746691882254154,0
05230,1115,pedal_changes,647,0,0,0,5.210460196003673,0
05231,1115,tempo,647,0,25,4,16.69206164598934,0
05231,1115,rubato,647,0,50,20,22.73550397290958,0
05231,1115,dynamics,635,12,0,0,4.985366483087876,0
05231,1115,articulation,635,12,5,2,12.040024733272233,0
05231,1115,pedal_depth,647,0,0,0,3.541244075192875,0
05231,1115,pedal_down_ratio,647,0,0,0,2.746691882254154,0
05231,1115,pedal_changes,647,0,1,0,6.94728026133823,0
05232,1115,tempo,647,0,28,6,11.244130271436982,0
05232,1115,rubato,647,0,59,19,14.99292160700904,0
05232,1115,dynamics,636,11,0,0,4.2522243532220125,0
05232,1115,articulation,635,12,4,2,11.600185015012697,0
05232,1115,pedal_depth,647,0,0,0,3.000272658451807,0
05232,1115,pedal_down_ratio,647,0,0,0,2.746691882254154,0
05232,1115,pedal_changes,647,0,0,0,2.6052300980018366,0
05233,1116,tempo,726,4,24,3,15.722813336004686,0
05233,1116,rubato,726,4,50,14,21.462105587255767,0
05233,1116,dynamics,718,12,0,0,4.97436935113988,0
05233,1116,articulation,713,17,9,4,20.767802703189183,0
05233,1116,pedal_depth,730,0,0,0,3.2101752958641705,0
05233,1116,pedal_down_ratio,730,0,0,0,2.5855582626709475,0
05233,1116,pedal_changes,730,0,5,4,17.486276156384186,0
05234,1116,tempo,728,2,27,2,15.356075049402614,0
05234,1116,rubato,728,2,50,18,20.372471324960564,0
05234,1116,dynamics,715,15,0,0,4.552812626467008,0
05234,1116,articulation,711,19,14,6,19.451101175192193,0
05234,1116,pedal_depth,730,0,0,0,3.223987322596143,0
05234,1116,pedal_down_ratio,730,0,0,0,2.5855582626709475,0
05234,1116,pedal_changes,730,0,4,3,19.429195729315765,0
05235,1116,tempo,726,4,33,5,22.968630802955445,0
05235,1116,rubato,726,4,51,22,31.006660794768912,0
05235,1116,dynamics,721,9,0,0,4.890058006205307,0
05235,1116,articulation,713,17,4,3,19.298307673319435,0
05235,1116,pedal_depth,730,0,0,0,3.017682005043727,0
05235,1116,pedal_down_ratio,730,0,0,0,2.5855582626709475,0
05235,1116,pedal_changes,730,0,2,2,23.315034875178917,0
05236,1116,tempo,726,4,34,7,25.38889041013887,0
05236,1116,rubato,726,4,65,22,33.923186372778765,0
05236,1116,dynamics,720,10,0,0,4.384189936597861,0
05236,1116,articulation,716,14,7,1,12.611733823676023,0
05236,1116,pedal_depth,730,0,0,0,3.5806911966659296,0
05236,1116,pedal_down_ratio,730,0,0,0,2.5855582626709475,0
05236,1116,pedal_changes,730,0,6,2,13.600437010521034,0
05237,1116,tempo,725,5,15,1,19.205686494374028,0
05237,1116,rubato,725,5,30,6,25.35473949574147,0
05237,1116,dynamics,715,15,0,0,5.733171455551048,0
05237,1116,articulation,714,16,20,4,25.877459316100254,0
05237,1116,pedal_depth,730,0,0,0,3.939766642422488,0
05237,1116,pedal_down_ratio,730,0,0,0,2.5855582626709475,0
05237,1116,pedal_changes,730,0,3,2,19.429195729315765,0
05240,1116,tempo,726,4,35,3,18.337216286172435,0
05240,1116,rubato,726,4,66,21,25.47245879311408,0
05240,1116,dynamics,719,11,0,0,4.215567246728712,0
05240,1116,articulation,716,14,14,2,14.911546080772748,0
05240,1116,pedal_depth,730,0,0,0,3.439450874117953,0
05240,1116,pedal_down_ratio,730,0,0,0,2.5855582626709506,0
05240,1116,pedal_changes,730,0,2,2,11.268933523003144,0
05241,1116,tempo,727,3,47,12,22.72072170940044,0
05241,1116,rubato,727,3,76,24,31.730247490120544,0
05241,1116,dynamics,714,16,1,0,6.323350870093069,0
05241,1116,articulation,704,26,19,4,15.1566530387679,0
05241,1116,pedal_depth,730,0,0,0,2.924822590997116,0
05241,1116,pedal_down_ratio,730,0,0,0,2.5855582626709572,0
05241,1116,pedal_changes,730,0,2,1,11.268933523003144,0
05274,1116,tempo,730,0,35,10,44.093982289885595,0
05274,1116,rubato,730,0,52,22,57.47717405668749,0
05274,1116,dynamics,719,11,0,0,4.637123971401584,0
05274,1116,articulation,717,13,10,0,9.293852643446346,0
05274,1116,pedal_depth,730,0,0,0,3.2037763338589573,0
05274,1116,pedal_down_ratio,730,0,0,0,2.5855582626709475,0
05274,1116,pedal_changes,730,0,2,1,16.709108327211556,0
05276,1116,tempo,729,1,45,15,41.61908592320325,0
05276,1116,rubato,729,1,72,27,53.445252984858776,0
05276,1116,dynamics,719,11,0,0,5.058680696074454,0
05276,1116,articulation,719,11,16,2,17.292795017637218,0
05276,1116,pedal_depth,730,0,0,0,3.49780774439319,0
05276,1116,pedal_down_ratio,730,0,0,0,2.5855582626709475,0
05276,1116,pedal_changes,730,0,2,1,16.709108327211556,0
05243,1117,tempo,157,0,2,0,7.157171352749286,0
05243,1117,rubato,157,0,4,0,9.215573736307801,0
05243,1117,dynamics,157,0,0,0,2.3485073461020884,0
05243,1117,articulation,156,1,5,1,10.649941654327254,0
05243,1117,pedal_depth,157,0,0,0,3.7146092093960954,0
05243,1117,pedal_down_ratio,157,0,0,0,2.393427632162103,0
05243,1117,pedal_changes,157,0,0,0,2.5114127891011493,0
05244,1117,tempo,157,0,2,1,12.776485559002847,0
05244,1117,rubato,157,0,4,1,17.136359646980583,0
05244,1117,dynamics,157,0,0,0,3.132718937946371,0
05244,1117,articulation,157,0,5,3,19.577654830345647,0
05244,1117,pedal_depth,157,0,0,0,5.376649598974157,0
05244,1117,pedal_down_ratio,157,0,0,0,2.931503251879864,0
05244,1117,pedal_changes,157,0,0,0,3.069504520012516,0
05248,1117,tempo,157,0,0,0,5.703620962586429,0
05248,1117,rubato,157,0,5,0,8.502383023947987,0
05248,1117,dynamics,157,0,0,0,2.847926307223974,0
05248,1117,articulation,157,0,3,1,10.707556778623104,0
05248,1117,pedal_depth,157,0,0,0,1.2831463072901175,0
05248,1117,pedal_down_ratio,157,0,0,0,2.7103453470354695,0
05248,1117,pedal_changes,157,0,0,0,3.069504520012516,0
05249,1117,tempo,157,0,0,0,5.602713685560809,0
05249,1117,rubato,157,0,2,0,6.374749716481172,0
05249,1117,dynamics,157,0,0,0,2.3789471381539395,0
05249,1117,articulation,156,1,4,0,7.857620714228022,0
05249,1117,pedal_depth,157,0,0,0,1.1578881292117673,0
05249,1117,pedal_down_ratio,157,0,0,0,2.5151029990294105,0
05249,1117,pedal_changes,157,0,2,0,7.952807165486973,0
05250,1117,tempo,157,0,0,0,5.354536573259753,0
05250,1117,rubato,157,0,4,0,7.781882682958844,0
05250,1117,dynamics,157,0,0,0,5.536946581363711,0
05250,1117,articulation,156,1,4,0,9.268559499372236,0
05250,1117,pedal_depth,157,0,0,0,3.0379111442776408,0
05250,1117,pedal_down_ratio,157,0,0,0,2.4784503823072526,0
05250,1117,pedal_changes,157,0,0,0,4.185687981835249,0
05251,1117,tempo,157,0,0,0,5.280055154113061,0
05251,1117,rubato,157,0,5,0,7.748410606363297,0
05251,1117,dynamics,157,0,0,0,5.512182004779154,0
05251,1117,articulation,157,0,7,0,9.324137536466669,0
05251,1117,pedal_depth,157,0,0,0,2.9618929099136193,0
05251,1117,pedal_down_ratio,157,0,0,0,2.4260978419805723,0
05251,1117,pedal_changes,157,0,0,0,3.6275962509238826,0
05252,1117,tempo,157,0,3,1,13.131053700518516,0
05252,1117,rubato,157,0,5,1,18.20808848971858,0
05252,1117,dynamics,157,0,0,0,2.104989009687284,0
05252,1117,articulation,157,0,5,3,12.78923818761708,0
05252,1117,pedal_depth,157,0,0,0,4.895053432543347,0
05252,1117,pedal_down_ratio,157,0,0,0,2.1008546905044088,0
05252,1117,pedal_changes,157,0,0,0,3.069504520012516,0
05253,1117,tempo,157,0,2,0,9.179617004651007,0
05253,1117,rubato,157,0,6,2,13.710916968348771,0
05253,1117,dynamics,157,0,0,0,1.9561067337920373,0
05253,1117,articulation,157,0,4,2,16.520586668084935,0
05253,1117,pedal_depth,157,0,0,0,4.963300406371469,0
05253,1117,pedal_down_ratio,157,0,0,0,2.838081062448601,0
05253,1117,pedal_changes,157,0,0,0,4.8833026454744575,0
05254,1117,tempo,157,0,1,0,9.218479699207252,0
05254,1117,rubato,157,0,4,1,13.675668262849625,0
05254,1117,dynamics,157,0,0,0,2.3482125297141767,0
05254,1117,articulation,157,0,3,0,7.473660698507575,0
05254,1117,pedal_depth,157,0,0,0,4.123624765607579,0
05254,1117,pedal_down_ratio,157,0,0,0,2.5151029990294105,0
05254,1117,pedal_changes,157,0,0,0,4.8833026454744575,0
05256,1117,tempo,157,0,3,0,7.345387343749459,0
05256,1117,rubato,157,0,8,0,9.891937791315069,0
05256,1117,dynamics,157,0,0,0,2.3980364992712015,0
05256,1117,articulation,156,1,1,0,8.169770747363609,0
05256,1117,pedal_depth,157,0,0,0,4.838936851104215,0
05256,1117,pedal_down_ratio,157,0,0,0,2.1205937726973674,0
05256,1117,pedal_changes,157,0,0,0,4.046165049107407,0
05257,1117,tempo,157,0,3,0,7.241742173670411,0
05257,1117,rubato,157,0,8,0,9.249675848776537,0
05257,1117,dynamics,157,0,0,0,2.455329150655313,0
05257,1117,articulation,155,2,3,1,13.94547754961983,0
05257,1117,pedal_depth,157,0,0,0,2.4545356699222123,0
05257,1117,pedal_down_ratio,157,0,0,0,2.7240504654190887,0
05257,1117,pedal_changes,157,0,0,0,4.7437797127466155,0
05261,1117,tempo,157,0,0,0,5.674705699545667,0
05261,1117,rubato,157,0,2,0,7.380234053351679,0
05261,1117,dynamics,157,0,0,0,2.395198891537554,0
05261,1117,articulation,157,0,5,0,8.897212079384502,0
05261,1117,pedal_depth,157,0,0,0,1.8627954411090815,0
05261,1117,pedal_down_ratio,157,0,0,0,2.687995819954308,0
05261,1117,pedal_changes,157,0,0,0,2.9299815872846744,0
05262,1117,tempo,157,0,0,0,5.3266360725676,0
05262,1117,rubato,157,0,2,0,7.64726701711446,0
05262,1117,dynamics,157,0,0,0,2.0637147153796915,0
05262,1117,articulation,156,1,4,0,7.803561826514508,0
05262,1117,pedal_depth,157,0,0,0,1.337568616305286,0
05262,1117,pedal_down_ratio,157,0,0,0,2.687995819954308,0
05262,1117,pedal_changes,157,0,0,0,2.3718898563733077,0
05263,1117,tempo,157,0,3,0,7.221532146512909,0
05263,1117,rubato,157,0,16,2,10.581934270248402,0
05263,1117,dynamics,157,0,0,0,2.8359661423962046,0
05263,1117,articulation,157,0,15,5,21.814656646140705,0
05263,1117,pedal_depth,157,0,0,0,2.094424155251389,0
05263,1117,pedal_down_ratio,157,0,0,0,2.5071498597929653,0
05263,1117,pedal_changes,157,0,0,0,3.488073318196041,0
05266,1118,tempo,683,0,17,9,20.354471015729995,0
05266,1118,rubato,683,0,30,16,33.16792558313562,0
05266,1118,dynamics,678,5,0,0,5.311614730878186,0
05266,1118,articulation,674,9,7,1,12.711553877697709,0
05266,1118,pedal_depth,683,0,0,0,3.5267728489177017,0
05266,1118,pedal_down_ratio,683,0,0,0,2.536787388617799,0
05266,1118,pedal_changes,683,0,0,0,5.407690817286557,0
05267,1118,tempo,682,1,20,6,16.015549681658037,0
05267,1118,rubato,682,1,31,21,24.204247134466126,0
05267,1118,dynamics,677,6,0,0,4.721435316336167,0
05267,1118,articulation,672,11,7,1,12.642527187272183,0
05267,1118,pedal_depth,683,0,0,0,3.5267728489177017,0
05267,1118,pedal_down_ratio,683,0,0,0,2.5733561819171262,0
05267,1118,pedal_changes,683,0,2,0,9.373330749963365,0
05268,1118,tempo,683,0,14,4,23.12308056495437,0
05268,1118,rubato,683,0,22,11,34.8988745489612,0
05268,1118,dynamics,678,5,0,0,5.086784477719323,0
05268,1118,articulation,674,9,11,1,12.793150462607361,0
05268,1118,pedal_depth,683,0,0,0,3.285790848950778,0
05268,1118,pedal_down_ratio,683,0,0,0,2.5733561819171262,0
05268,1118,pedal_changes,683,0,5,2,21.991275990298664,0
05269,1118,tempo,680,3,22,4,26.096990855814266,0
05269,1118,rubato,680,3,40,18,39.14107945335017,0
05269,1118,dynamics,677,6,0,0,5.8455865821304895,0
05269,1118,articulation,672,11,10,0,9.64844242287754,0
05269,1118,pedal_depth,683,0,0,0,3.809743696522888,0
05269,1118,pedal_down_ratio,683,0,0,0,2.5733561819171262,0
05269,1118,pedal_changes,683,0,4,3,21.63076326914623,0
05270,1118,tempo,682,1,21,4,13.41053122847225,0
05270,1118,rubato,682,1,33,18,19.095670299487825,0
05270,1118,dynamics,676,7,0,0,3.709699177121274,0
05270,1118,articulation,676,7,6,1,10.313051469249604,0
05270,1118,pedal_depth,683,0,0,0,3.3517530252183194,0
05270,1118,pedal_down_ratio,683,0,0,0,2.5733561819171262,0
05270,1118,pedal_changes,683,0,3,0,7.210254423048743,0
05271,1118,tempo,681,2,24,5,13.406606685328704,0
05271,1118,rubato,681,2,34,22,19.07293336836963,0
05271,1118,dynamics,676,7,0,0,4.890058006205316,0
05271,1118,articulation,676,7,7,1,10.90408552452576,0
05271,1118,pedal_depth,683,0,0,0,3.3517530252183194,0
05271,1118,pedal_down_ratio,683,0,0,0,2.5733561819171262,0
05271,1118,pedal_changes,683,0,1,0,9.012818028810928,0
05273,1118,tempo,680,3,25,19,51.15872162824458,0
05273,1118,rubato,680,3,42,26,79.40615819354099,0
05273,1118,dynamics,677,6,0,0,4.890058006205316,0
05273,1118,articulation,677,6,28,15,20.55698796527213,0
05273,1118,pedal_depth,683,0,0,0,3.9753117326893617,0
05273,1118,pedal_down_ratio,683,0,0,0,2.5733561819171262,0
05273,1118,pedal_changes,683,0,4,2,19.467686942231605,0
05275,1118,tempo,680,3,24,19,50.66173440300807,0
05275,1118,rubato,680,3,36,26,77.91260732184237,0
05275,1118,dynamics,677,6,0,0,5.1429920410090375,0
05275,1118,articulation,677,6,24,13,19.395463322844623,0
05275,1118,pedal_depth,683,0,0,0,2.7290458150636683,0
05275,1118,pedal_down_ratio,683,0,0,0,2.5733561819171262,0
05275,1118,pedal_changes,683,0,5,3,20.549225105688915,0
05277,1118,tempo,681,2,21,10,24.511282019474113,0
05277,1118,rubato,681,2,35,19,38.78597340589265,0
05277,1118,dynamics,675,8,1,0,7.335087009307972,0
05277,1118,articulation,673,10,9,3,13.52213895287164,0
05277,1118,pedal_depth,683,0,0,0,2.784710254540805,0
05277,1118,pedal_down_ratio,683,0,0,0,2.5733561819171262,0
05277,1118,pedal_changes,683,0,1,0,8.472048947082273,0
05278,1118,tempo,680,3,46,8,13.00093899957153,0
05278,1118,rubato,680,3,81,38,21.054221298873184,0
05278,1118,dynamics,670,13,0,0,5.90179414542021,0
05278,1118,articulation,665,18,12,3,27.50916313515794,0
05278,1118,pedal_depth,683,0,0,0,3.1706287542872307,0
05278,1118,pedal_down_ratio,683,0,0,0,2.5733561819171262,0
05278,1118,pedal_changes,683,0,2,1,10.454868913420677,0
05294,1122,tempo,921,2,46,14,21.23104563760464,0
05294,1122,rubato,921,2,66,30,29.393332883297308,0
05294,1122,dynamics,907,16,0,0,5.766895993524866,0
05294,1122,articulation,904,19,16,2,10.887167440763477,0
05294,1122,pedal_depth,923,0,0,0,3.660950923910616,0
05294,1122,pedal_down_ratio,923,0,0,0,2.8064736784474227,0
05294,1122,pedal_changes,923,0,3,0,6.5377794742912725,0
05295,1122,tempo,923,0,11,2,14.217592570982175,0
05295,1122,rubato,923,0,36,7,22.124845094145325,0
05295,1122,dynamics,910,13,0,0,4.72480777013353,0
05295,1122,articulation,904,19,6,0,8.869419954324494,0
05295,1122,pedal_depth,923,0,0,0,3.660950923910616,0
05295,1122,pedal_down_ratio,923,0,0,0,2.8064736784474227,0
05295,1122,pedal_changes,923,0,0,0,4.669842481636623,0
05296,1122,tempo,923,0,13,1,11.190394419802503,0
05296,1122,rubato,923,0,30,9,16.751576171163478,0
05296,1122,dynamics,909,14,0,0,5.223930932146208,0
05296,1122,articulation,903,20,13,3,13.949418427963986,0
05296,1122,pedal_depth,923,0,0,0,3.660950923910616,0
05296,1122,pedal_down_ratio,923,0,0,0,2.8064736784474227,0
05296,1122,pedal_changes,923,0,0,0,5.603810977963947,0
05297,1122,tempo,923,0,19,2,14.00193976975685,0
05297,1122,rubato,923,0,41,13,20.688339165991167,0
05297,1122,dynamics,907,16,0,0,4.620261702414661,0
05297,1122,articulation,905,18,11,4,13.47903264634154,0
05297,1122,pedal_depth,923,0,0,0,3.2193580409592366,0
05297,1122,pedal_down_ratio,923,0,0,0,2.8064736784474302,0
05297,1122,pedal_changes,923,0,1,0,6.5377794742912725,0
05298,1122,tempo,923,0,15,0,9.873100895059352,0
05298,1122,rubato,923,0,41,9,14.225556937766331,0
05298,1122,dynamics,909,14,0,0,4.361706911281964,0
05298,1122,articulation,901,22,4,1,13.77906032187956,0
05298,1122,pedal_depth,923,0,0,0,2.902758394989118,0
05298,1122,pedal_down_ratio,923,0,0,0,2.8064736784474227,0
05298,1122,pedal_changes,923,0,2,0,9.339684963273246,0
05299,1122,tempo,923,0,15,1,10.463226261049117,0
05299,1122,rubato,923,0,41,12,14.556971744283885,0
05299,1122,dynamics,909,14,0,0,3.8445973290165765,0
05299,1122,articulation,905,18,5,1,10.091848647977375,0
05299,1122,pedal_depth,923,0,0,0,3.38631867915404,0
05299,1122,pedal_down_ratio,923,0,0,0,2.8064736784474227,0
05299,1122,pedal_changes,923,0,0,0,4.669842481636623,0
05300,1122,tempo,923,0,27,4,14.83718307101491,0
05300,1122,rubato,923,0,46,21,21.698107532090567,0
05300,1122,dynamics,909,14,0,0,4.417914474571682,0
05300,1122,articulation,905,18,14,2,14.221608657093476,0
05300,1122,pedal_depth,923,0,0,0,3.73259112022794,0
05300,1122,pedal_down_ratio,923,0,0,0,2.8064736784474227,0
05300,1122,pedal_changes,923,0,4,0,8.405716466945922,0
05302,1122,tempo,922,1,31,6,17.014762239577284,0
05302,1122,rubato,922,1,63,26,22.348830061438907,0
05302,1122,dynamics,907,16,0,0,5.783758262511781,0
05302,1122,articulation,898,25,8,3,13.372683700653335,0
05302,1122,pedal_depth,923,0,0,0,3.384804078006923,0
05302,1122,pedal_down_ratio,923,0,0,0,2.8064736784474227,0
05302,1122,pedal_changes,923,0,4,0,7.004763722454935,0
05315,1125,tempo,715,0,74,69,142.12761393215868,0
05315,1125,rubato,715,0,74,67,171.0190883993714,0
05315,1125,dynamics,707,8,8,2,12.983947119924293,0
05315,1125,articulation,706,9,38,19,51.917729350662206,0
05315,1125,pedal_depth,715,0,0,0,2.316318840994254,0
05315,1125,pedal_down_ratio,715,0,0,0,4.752233639107755,0
05315,1125,pedal_changes,715,0,0,0,5.742223057217601,0
05316,1125,tempo,715,0,74,68,133.8755662350303,0
05316,1125,rubato,715,0,69,63,128.5244263709519,0
05316,1125,dynamics,707,8,3,2,17.030891676783817,0
05316,1125,articulation,706,9,27,10,19.32575423606951,0
05316,1125,pedal_depth,715,0,0,0,3.121123171568631,0
05316,1125,pedal_down_ratio,715,0,0,0,4.752233639107772,0
05316,1125,pedal_changes,715,0,0,0,5.742223057217601,0
05317,1125,tempo,715,0,101,97,227.99761674067236,0
05317,1125,rubato,715,0,95,92,225.97573671025,0
05317,1125,dynamics,707,8,9,1,24.113044651287975,0
05317,1125,articulation,706,9,54,23,33.12965440347079,0
05317,1125,pedal_depth,715,0,0,0,3.427468358482501,0
05317,1125,pedal_down_ratio,715,0,0,0,4.752233639107755,0
05317,1125,pedal_changes,715,0,0,0,5.742223057217601,0
05322,1125,tempo,715,0,690,669,364.5815442264771,0
05322,1125,rubato,715,0,598,521,301.6324931571611,0
05322,1125,dynamics,707,8,465,337,51.99199604298691,0
05322,1125,articulation,703,12,298,173,63.202845485100596,0
05322,1125,pedal_depth,715,0,0,0,3.8020954999108874,0
05322,1125,pedal_down_ratio,715,0,0,0,4.752233639107755,0
05322,1125,pedal_changes,715,0,4,0,8.613334585826403,0
05330,1127,tempo,310,0,2,0,6.6870002930465615,0
05330,1127,rubato,310,0,30,15,21.176509257067888,0
05330,1127,dynamics,305,5,0,0,4.800513543309284,0
05330,1127,articulation,304,6,17,1,13.057220164762077,0
05330,1127,pedal_depth,310,0,0,0,2.25865660447043,0
05330,1127,pedal_down_ratio,310,0,0,0,3.3042026464189904,0
05330,1127,pedal_changes,310,0,0,0,4.377588144654485,0
05334,1127,tempo,310,0,0,0,5.287788075099651,0
05334,1127,rubato,310,0,21,4,13.794899544779971,0
05334,1127,dynamics,309,1,0,0,4.322057043976132,0
05334,1127,articulation,309,1,7,3,13.57892380136795,0
05334,1127,pedal_depth,310,0,0,0,2.1058830075146355,0
05334,1127,pedal_down_ratio,310,0,0,0,3.3042026464189904,0
05334,1127,pedal_changes,310,0,1,0,6.765363496284204,0
05336,1127,tempo,310,0,0,0,4.924638426130272,0
05336,1127,rubato,310,0,23,8,15.836319644194285,0
05336,1127,dynamics,309,1,0,0,4.744693618387082,0
05336,1127,articulation,309,1,13,4,15.424591650657936,0
05336,1127,pedal_depth,310,0,0,0,3.6402204737225907,0
05336,1127,pedal_down_ratio,310,0,0,0,3.2137463097500643,0
05336,1127,pedal_changes,310,0,1,0,7.56128861349411,0
05339,1127,tempo,310,0,1,1,11.177706637788866,0
05339,1127,rubato,310,0,10,3,27.581587892938785,0
05339,1127,dynamics,308,2,1,0,6.51232457425678,0
05339,1127,articulation,308,2,20,6,16.07409128289093,0
05339,1127,pedal_depth,310,0,0,0,3.640220473722604,0
05339,1127,pedal_down_ratio,310,0,0,0,3.3042026464189904,0
05339,1127,pedal_changes,310,0,0,0,3.5816630274445784,0
05341,1127,tempo,310,0,3,0,6.388045418024877,0
05341,1127,rubato,310,0,26,14,24.180626736475055,0
05341,1127,dynamics,305,5,0,0,5.8921031862323225,0
05341,1127,articulation,304,6,44,16,36.972981024951096,0
05341,1127,pedal_depth,310,0,0,0,4.097990623909371,0
05341,1127,pedal_down_ratio,310,0,0,0,3.2411015542130515,0
05341,1127,pedal_changes,310,0,0,0,2.387775351629719,0
05353,1129,tempo,823,0,10,0,8.31944383308665,0
05353,1129,rubato,823,0,45,20,16.242948575229025,0
05353,1129,dynamics,802,21,1,0,6.776511354149572,0
05353,1129,articulation,802,21,13,0,9.131299729875185,0
05353,1129,pedal_depth,823,0,0,0,2.6403961031916205,0
05353,1129,pedal_down_ratio,823,0,0,0,2.99889232176586,0
05353,1129,pedal_changes,823,0,0,0,3.6997317828389,0
05354,1129,tempo,823,0,12,1,10.210132539410074,0
05354,1129,rubato,823,0,46,15,18.46113250813373,0
05354,1129,dynamics,800,23,0,0,4.3313783913120965,0
05354,1129,articulation,797,26,18,1,10.071566260535699,0
05354,1129,pedal_depth,823,0,0,0,2.6242594679785465,0
05354,1129,pedal_down_ratio,823,0,0,0,2.99889232176586,0
05354,1129,pedal_changes,823,0,0,0,3.6997317828389,0
05355,1129,tempo,823,0,8,0,8.400604131647276,0
05355,1129,rubato,823,0,38,12,18.20924223837145,0
05355,1129,dynamics,804,19,0,0,3.6327689733585338,0
05355,1129,articulation,802,21,14,0,9.311788107046741,0
05355,1129,pedal_depth,823,0,0,0,2.693669029810528,0
05355,1129,pedal_down_ratio,823,0,0,0,2.99889232176586,0
05355,1129,pedal_changes,823,0,2,1,13.319034418220038,0
05356,1129,tempo,823,0,4,0,8.875876521657245,0
05356,1129,rubato,823,0,43,10,14.604817307360975,0
05356,1129,dynamics,803,20,0,0,3.4231861479724643,0
05356,1129,articulation,802,21,12,1,10.760548397466039,0
05356,1129,pedal_depth,823,0,0,0,2.9971810331695266,0
05356,1129,pedal_down_ratio,823,0,0,0,2.99889232176586,0
05356,1129,pedal_changes,823,0,2,0,8.13940992224558,0
05357,1129,tempo,822,1,4,0,8.865206537532895,0
05357,1129,rubato,822,1,38,9,19.953480713802094,0
05357,1129,dynamics,803,20,0,0,3.0738814389956826,0
05357,1129,articulation,800,23,12,1,10.312471187262549,0
05357,1129,pedal_depth,823,0,0,0,2.845425031490061,0
05357,1129,pedal_down_ratio,823,0,0,0,2.99889232176586,0
05357,1129,pedal_changes,823,0,1,0,7.3994635656778,0
05358,1129,tempo,823,0,5,0,8.977179737176606,0
05358,1129,rubato,823,0,43,11,20.163070377623033,0
05358,1129,dynamics,803,20,0,0,3.5629080315631767,0
05358,1129,articulation,801,22,13,1,15.372160210063191,0
05358,1129,pedal_depth,823,0,0,0,2.4660350272913063,0
05358,1129,pedal_down_ratio,823,0,0,0,2.99889232176586,0
05358,1129,pedal_changes,823,0,2,1,31.077746975846757,0
05359,1129,tempo,823,0,4,0,9.756693188760355,0
05359,1129,rubato,823,0,34,11,16.085607983658278,0
05359,1129,dynamics,806,17,0,0,4.29644792041442,0
05359,1129,articulation,802,21,9,1,11.540265323950491,0
05359,1129,pedal_depth,823,0,0,0,2.5442842156573073,0
05359,1129,pedal_down_ratio,823,0,0,0,2.99889232176586,0
05359,1129,pedal_changes,823,0,0,0,5.91957085254224,0
05360,1129,tempo,823,0,6,0,9.333640853300075,0
05360,1129,rubato,823,0,41,13,15.147685028277298,0
05360,1129,dynamics,802,21,0,0,4.017004153232993,0
05360,1129,articulation,798,25,10,1,12.217355771547899,0
05360,1129,pedal_depth,823,0,0,0,2.543204478480145,0
05360,1129,pedal_down_ratio,823,0,0,0,2.99889232176586,0
05360,1129,pedal_changes,823,0,0,0,5.91957085254224,0
05361,1129,tempo,823,0,12,0,9.592720212009407,0
05361,1129,rubato,823,0,56,11,16.635095337634798,0
05361,1129,dynamics,803,20,0,0,5.449153460037801,0
05361,1129,articulation,799,24,11,0,9.419232795415489,0
05361,1129,pedal_depth,823,0,0,0,3.110998034429025,0
05361,1129,pedal_down_ratio,823,0,0,0,2.99889232176586,0
05361,1129,pedal_changes,823,0,0,0,5.91957085254224,0
05362,1129,tempo,822,1,8,0,8.651838898810132,0
05362,1129,rubato,822,1,53,15,18.436403611937962,0
05362,1129,dynamics,806,17,0,0,5.06491828016334,0
05362,1129,articulation,800,23,13,0,9.552666751312822,0
05362,1129,pedal_depth,823,0,0,0,3.197874637996386,0
05362,1129,pedal_down_ratio,823,0,0,0,2.99889232176586,0
05362,1129,pedal_changes,823,0,1,0,6.659517209110019,0
05363,1129,tempo,822,1,8,0,7.174832308343801,0
05363,1129,rubato,822,1,46,12,13.927215631013862,0
05363,1129,dynamics,802,21,0,0,4.6806831002888805,0
05363,1129,articulation,797,26,18,1,11.587719834521119,0
05363,1129,pedal_depth,823,0,0,0,2.9732800679926936,0
05363,1129,pedal_down_ratio,823,0,0,0,2.99889232176586,0
05363,1129,pedal_changes,823,0,0,0,5.91957085254224,0
05364,1129,tempo,823,0,12,1,12.385842800382079,0
05364,1129,rubato,823,0,51,17,21.86321801495764,0
05364,1129,dynamics,803,20,0,0,4.051934624130672,0
05364,1129,articulation,800,23,7,0,8.405169950107421,0
05364,1129,pedal_depth,823,0,0,0,2.5855403391893117,0
05364,1129,pedal_down_ratio,823,0,0,0,2.99889232176586,0
05364,1129,pedal_changes,823,0,2,1,20.718497983897837,0
05365,1129,tempo,823,0,11,2,11.715420913386488,0
05365,1129,rubato,823,0,46,15,20.637495942545073,0
05365,1129,dynamics,805,18,0,0,3.842351798744602,0
05365,1129,articulation,799,24,10,2,13.311451248793352,0
05365,1129,pedal_depth,823,0,0,0,2.5855403391893117,0
05365,1129,pedal_down_ratio,823,0,0,0,2.99889232176586,0
05365,1129,pedal_changes,823,0,2,2,19.238605270762278,0
05366,1130,tempo,204,0,0,0,4.788914083447024,0
05366,1130,rubato,204,0,8,0,9.5532820999892,0
05366,1130,dynamics,204,0,0,0,4.623327569503209,0
05366,1130,articulation,202,2,3,2,18.70988905439814,0
05366,1130,pedal_depth,204,0,0,0,4.639254691585309,0
05366,1130,pedal_down_ratio,204,0,0,0,2.794351166462793,0
05366,1130,pedal_changes,204,0,0,0,2.785088428338607,0
05367,1130,tempo,202,2,2,1,14.152396861333601,0
05367,1130,rubato,202,2,6,2,26.280456081108078,0
05367,1130,dynamics,201,3,0,0,2.5930422530989117,0
05367,1130,articulation,201,3,3,1,14.04320203276415,0
05367,1130,pedal_depth,204,0,0,0,4.433925083967919,0
05367,1130,pedal_down_ratio,204,0,0,0,2.974691104333352,0
05367,1130,pedal_changes,204,0,0,0,3.558724102877109,0
05370,1130,tempo,204,0,2,0,8.012908290098416,0
05370,1130,rubato,204,0,17,3,13.646699005119741,0
05370,1130,dynamics,203,1,0,0,3.3622342404212118,0
05370,1130,articulation,202,2,4,1,12.955003623219977,0
05370,1130,pedal_depth,204,0,0,0,2.1074708127774535,0
05370,1130,pedal_down_ratio,204,0,0,0,2.7358656696542076,0
05370,1130,pedal_changes,204,0,0,0,5.879631126492614,0
05371,1130,tempo,204,0,0,0,5.325365079758534,0
05371,1130,rubato,204,0,13,0,9.182573619848498,0
05371,1130,dynamics,203,1,0,0,2.798698670815224,0
05371,1130,articulation,201,3,3,0,7.8040567811477475,0
05371,1130,pedal_depth,204,0,0,0,1.8898635271759872,0
05371,1130,pedal_down_ratio,204,0,0,0,2.900906859536827,0
05371,1130,pedal_changes,204,0,1,0,7.4269024755696185,0
05372,1130,tempo,204,0,2,1,12.203579684726163,0
05372,1130,rubato,204,0,12,2,24.943946498168113,0
05372,1130,dynamics,203,1,0,0,2.9125737341034816,0
05372,1130,articulation,201,3,5,1,13.261099315237717,0
05372,1130,pedal_depth,204,0,0,0,2.0496276474626436,0
05372,1130,pedal_down_ratio,204,0,0,0,3.033819276154515,0
05372,1130,pedal_changes,204,0,1,0,8.045811015200421,0
05373,1130,tempo,201,3,21,8,12.358394736851157,0
05373,1130,rubato,201,3,33,22,23.229849451120653,0
05373,1130,dynamics,202,2,0,0,4.389737696091402,0
05373,1130,articulation,199,5,13,5,15.899693178692841,0
05373,1130,pedal_depth,204,0,0,0,2.5303350944294496,0
05373,1130,pedal_down_ratio,204,0,0,0,3.121242417289826,0
05373,1130,pedal_changes,204,0,0,0,2.4756341585232065,0
05374,1130,tempo,201,3,22,9,16.065099259640647,0
05374,1130,rubato,201,3,35,22,30.237639597183996,0
05374,1130,dynamics,195,9,0,0,4.617487822667915,0
05374,1130,articulation,195,9,11,3,20.23330990236445,0
05374,1130,pedal_depth,204,0,0,0,1.5645934509916624,0
05374,1130,pedal_down_ratio,204,0,0,0,2.988290572092348,0
05374,1130,pedal_changes,204,0,0,0,4.332359777415611,0
05375,1130,tempo,204,0,1,1,10.954317244426422,0
05375,1130,rubato,204,0,10,2,19.410332551343114,0
05375,1130,dynamics,204,0,0,0,2.521815037910841,0
05375,1130,articulation,203,1,2,0,8.874250285367514,0
05375,1130,pedal_depth,204,0,0,0,4.6604172788577465,0
05375,1130,pedal_down_ratio,204,0,0,0,3.121242417289826,0
05375,1130,pedal_changes,204,0,0,0,4.332359777415611,0
05376,1130,tempo,204,0,1,1,10.924506525739387,0
05376,1130,rubato,204,0,12,2,19.397296182469404,0
05376,1130,dynamics,204,0,0,0,3.0760866454917464,0
05376,1130,articulation,203,1,1,0,8.231873836193817,0
05376,1130,pedal_depth,204,0,0,0,4.474497068676466,0
05376,1130,pedal_down_ratio,204,0,0,0,2.8198682881095087,0
05376,1130,pedal_changes,204,0,0,0,3.7134512377848092,0
05377,1130,tempo,204,0,1,0,7.832838199711055,0
05377,1130,rubato,204,0,7,1,15.487054691757578,0
05377,1130,dynamics,204,0,0,0,3.408222246749161,0
05377,1130,articulation,204,0,0,0,5.934778702830722,0
05377,1130,pedal_depth,204,0,0,0,3.992858202534116,0
05377,1130,pedal_down_ratio,204,0,0,0,2.7170645655577945,0
05377,1130,pedal_changes,204,0,0,0,4.951268317046413,0
05381,1130,tempo,204,0,3,1,10.580922218809171,0
05381,1130,rubato,204,0,7,4,19.2198710054007,0
05381,1130,dynamics,202,2,0,0,4.568141961909669,0
05381,1130,articulation,202,2,5,1,15.260117825287471,0
05381,1130,pedal_depth,204,0,0,0,2.745471545347652,0
05381,1130,pedal_down_ratio,204,0,0,0,3.0264815581089106,0
05381,1130,pedal_changes,204,0,0,0,2.785088428338607,0
05382,1130,tempo,204,0,0,0,4.984608782411241,0
05382,1130,rubato,204,0,3,1,11.070706080904838,0
05382,1130,dynamics,203,1,0,0,3.8323338606624744,0
05382,1130,articulation,201,3,2,1,14.955800395679768,0
05382,1130,pedal_depth,204,0,0,0,2.58185688371841,0
05382,1130,pedal_down_ratio,204,0,0,0,3.0829188405427943,0
05382,1130,pedal_changes,204,0,0,0,3.7134512377848092,0
05385,1131,tempo,948,3,36,3,17.464387317377163,0
05385,1131,rubato,948,3,77,23,23.464560361029005,0
05385,1131,dynamics,848,103,0,0,4.390802591102533,0
05385,1131,articulation,828,123,21,5,18.61613507419987,0
05385,1131,pedal_depth,951,0,0,0,3.650594465655833,0
05385,1131,pedal_down_ratio,951,0,0,0,2.347106825125164,0
05385,1131,pedal_changes,951,0,2,0,8.870258606812705,0
05391,1131,tempo,946,5,41,11,16.6906430924702,0
05391,1131,rubato,946,5,77,39,23.789268439297036,0
05391,1131,dynamics,843,108,3,0,7.77648169749485,0
05391,1131,articulation,807,144,27,5,14.89295774653595,0
05391,1131,pedal_depth,951,0,0,0,4.291915115027175,0
05391,1131,pedal_down_ratio,951,0,0,0,2.3471068251251364,0
05391,1131,pedal_changes,951,0,0,0,3.942337158583424,0
05394,1131,tempo,945,6,34,8,12.643810107667312,0
05394,1131,rubato,945,6,66,22,17.614893879608186,0
05394,1131,dynamics,846,105,1,0,6.374598942504283,0
05394,1131,articulation,809,142,6,0,8.904260887674079,0
05394,1131,pedal_depth,951,0,0,0,3.4425131109773943,0
05394,1131,pedal_down_ratio,951,0,0,0,2.347106825125106,0
05394,1131,pedal_changes,951,0,0,0,5.913505737875136,0
05399,1131,tempo,950,1,64,10,14.988679304252594,0
05399,1131,rubato,950,1,107,52,21.591824005227814,0
05399,1131,dynamics,843,108,0,0,4.840463097420264,0
05399,1131,articulation,818,133,20,0,9.946443393290298,0
05399,1131,pedal_depth,951,0,0,0,3.2066032468594026,0
05399,1131,pedal_down_ratio,951,0,0,0,2.347106825125106,0
05399,1131,pedal_changes,951,0,0,0,3.942337158583424,0
05403,1131,tempo,944,7,39,8,14.464107159914464,0
05403,1131,rubato,944,7,71,26,22.02298189918921,0
05403,1131,dynamics,849,102,3,0,7.6071977421752335,0
05403,1131,articulation,828,123,19,4,22.452904654058592,0
05403,1131,pedal_depth,951,0,0,0,3.7492591809432763,0
05403,1131,pedal_down_ratio,951,0,0,0,2.347106825125106,0
05403,1131,pedal_changes,951,0,1,0,8.870258606812705,0
05407,1132,tempo,1394,3,40,9,14.476219857851,0
05407,1132,rubato,1394,3,72,38,25.958074212260424,0
05407,1132,dynamics,1358,39,0,0,3.6722274682614593,0
05407,1132,articulation,1352,45,17,2,13.16432905930464,0
05407,1132,pedal_depth,1397,0,0,0,4.145733418073545,0
05407,1132,pedal_down_ratio,1397,0,0,0,2.585069639984592,0
05407,1132,pedal_changes,1397,0,2,0,6.319787370445353,0
05410,1132,tempo,1389,8,60,20,16.00114197427881,0
05410,1132,rubato,1389,8,121,59,24.068296389823963,0
05410,1132,dynamics,1352,45,8,0,6.644983037806453,0
05410,1132,articulation,1346,51,17,6,17.181534321584525,0
05410,1132,pedal_depth,1397,0,0,0,3.7899358881465064,0
05410,1132,pedal_down_ratio,1397,0,0,0,2.585069639984596,0
05410,1132,pedal_changes,1397,0,0,0,5.416960603238874,0
05411,1132,tempo,1395,2,45,10,17.87866385732294,0
05411,1132,rubato,1395,2,89,44,28.91803342007323,0
05411,1132,dynamics,1357,40,0,0,5.0361976707585745,0
05411,1132,articulation,1355,42,26,3,10.570479630027293,0
05411,1132,pedal_depth,1397,0,0,0,3.464199443406968,0
05411,1132,pedal_down_ratio,1397,0,0,0,2.585069639984592,0
05411,1132,pedal_changes,1397,0,0,0,5.868373986842114,0
05412,1132,tempo,1391,6,39,9,19.48868831398134,0
05412,1132,rubato,1391,6,77,37,32.32719819016075,0
05412,1132,dynamics,1354,43,0,0,5.260028678347843,0
05412,1132,articulation,1345,52,8,2,11.486412599636209,0
05412,1132,pedal_depth,1397,0,0,0,3.2582667635363554,0
05412,1132,pedal_down_ratio,1397,0,0,0,2.585069639984592,0
05412,1132,pedal_changes,1397,0,0,0,5.416960603238874,0
05414,1132,tempo,1381,16,64,26,21.271299475478415,0
05414,1132,rubato,1381,16,124,70,32.458542883716476,0
05414,1132,dynamics,1354,43,0,0,4.700451159374667,0
05414,1132,articulation,1347,50,29,5,19.473747327007203,0
05414,1132,pedal_depth,1397,0,0,0,3.3228696000296356,0
05414,1132,pedal_down_ratio,1397,0,0,0,2.585069639984592,0
05414,1132,pedal_changes,1397,0,0,0,4.5141338360323955,0
05415,1132,tempo,1382,15,67,29,19.900143638767208,0
05415,1132,rubato,1382,15,131,64,30.021154088401836,0
05415,1132,dynamics,1355,42,0,0,4.364704647990763,0
05415,1132,articulation,1348,49,27,9,23.959368985021406,0
05415,1132,pedal_depth,1397,0,0,0,3.290527330125881,0
05415,1132,pedal_down_ratio,1397,0,0,0,2.585069639984592,0
05415,1132,pedal_changes,1397,0,0,0,5.868373986842114,0
05417,1132,tempo,1396,1,29,2,11.308163666871629,0
05417,1132,rubato,1396,1,56,29,18.013392717184967,0
05417,1132,dynamics,1354,43,0,0,3.97300038470954,0
05417,1132,articulation,1345,52,9,1,11.521953465531961,0
05417,1132,pedal_depth,1397,0,0,0,3.1546805703114797,0
05417,1132,pedal_down_ratio,1397,0,0,0,2.585069639984592,0
05417,1132,pedal_changes,1397,0,4,0,8.125440904858312,0
05418,1132,tempo,1394,3,25,6,15.80211124155274,0
05418,1132,rubato,1394,3,60,24,26.80864531142676,0
05418,1132,dynamics,1349,48,0,0,5.623754065680407,0
05418,1132,articulation,1345,52,20,0,9.772765035567978,0
05418,1132,pedal_depth,1397,0,0,0,3.107712222149282,0
05418,1132,pedal_down_ratio,1397,0,0,0,2.585069639984592,0
05418,1132,pedal_changes,1397,0,1,0,6.319787370445353,0
05429,1133,tempo,226,0,0,0,5.873515933253365,0
05429,1133,rubato,226,0,9,0,9.20469453663455,0
05429,1133,dynamics,225,1,0,0,4.283016322676381,0
05429,1133,articulation,222,4,3,2,14.743363458342793,0
05429,1133,pedal_depth,226,0,0,0,5.28074681201906,0
05429,1133,pedal_down_ratio,226,0,0,0,3.367665202730969,0
05429,1133,pedal_changes,226,0,0,0,3.0560177862322306,0
05430,1133,tempo,226,0,2,0,7.614682352271564,0
05430,1133,rubato,226,0,7,1,12.36800438010954,0
05430,1133,dynamics,225,1,0,0,3.3836953100409204,0
05430,1133,articulation,224,2,9,3,16.257263733150843,0
05430,1133,pedal_depth,226,0,0,0,5.826254130504065,0
05430,1133,pedal_down_ratio,226,0,0,0,3.265251789863566,0
05430,1133,pedal_changes,226,0,0,0,2.7781979874838463,0
05433,1133,tempo,226,0,1,1,10.180947284554735,0
05433,1133,rubato,226,0,5,1,17.66394411252188,0
05433,1133,dynamics,226,0,0,0,3.372453797382979,0
05433,1133,articulation,223,3,5,0,8.574184180024814,0
05433,1133,pedal_depth,226,0,0,0,2.570599648375358,0
05433,1133,pedal_down_ratio,226,0,0,0,3.2323808482851155,0
05433,1133,pedal_changes,226,0,0,0,3.611657383729,0
05435,1133,tempo,226,0,0,0,5.553068914962052,0
05435,1133,rubato,226,0,9,0,8.578917486141064,0
05435,1133,dynamics,226,0,0,0,2.222607645513353,0
05435,1133,articulation,223,3,3,0,6.846630268461352,0
05435,1133,pedal_depth,226,0,0,0,4.168734264499441,0
05435,1133,pedal_down_ratio,226,0,0,0,3.367665202730969,0
05435,1133,pedal_changes,226,0,0,0,4.445116779974154,0
05436,1133,tempo,226,0,0,0,4.200304596644019,0
05436,1133,rubato,226,0,2,0,7.96001528647152,0
05436,1133,dynamics,225,1,0,0,2.295343938403429,0
05436,1133,articulation,223,3,3,1,10.223819971892228,0
05436,1133,pedal_depth,226,0,0,0,5.689585031124922,0
05436,1133,pedal_down_ratio,226,0,0,0,2.905886361171185,0
05436,1133,pedal_changes,226,0,0,0,4.167296981225769,0
05437,1133,tempo,226,0,1,0,6.201758704447149,0
05437,1133,rubato,226,0,4,1,10.56619010377633,0
05437,1133,dynamics,226,0,0,0,4.45163901254553,0
05437,1133,articulation,224,2,11,1,10.723834368090495,0
05437,1133,pedal_depth,226,0,0,0,5.974512785999558,0
05437,1133,pedal_down_ratio,226,0,0,0,3.3316794659253284,0
05437,1133,pedal_changes,226,0,0,0,3.611657383729,0
05438,1133,tempo,226,0,0,0,4.575621356262198,0
05438,1133,rubato,226,0,7,0,9.387562585182584,0
05438,1133,dynamics,226,0,0,0,4.830054607472659,0
05438,1133,articulation,222,4,2,0,7.373549769061543,0
05438,1133,pedal_depth,226,0,0,0,3.5508990294717853,0
05438,1133,pedal_down_ratio,226,0,0,0,2.7084926650706094,0
05438,1133,pedal_changes,226,0,0,0,4.722936578722538,0
05439,1133,tempo,226,0,1,0,6.547148869257407,0
05439,1133,rubato,226,0,8,0,8.96817278912664,0
05439,1133,dynamics,226,0,0,0,3.340335189788853,0
05439,1133,articulation,222,4,3,1,11.443402905193706,0
05439,1133,pedal_depth,226,0,0,0,2.9270464493016384,0
05439,1133,pedal_down_ratio,226,0,0,0,3.0145238385196054,0
05439,1133,pedal_changes,226,0,0,0,5.000756377470923,0
05440,1133,tempo,226,0,0,0,5.257824310910492,0
05440,1133,rubato,226,0,9,2,11.660579537159835,0
05440,1133,dynamics,226,0,0,0,3.4816570632029973,0
05440,1133,articulation,222,4,12,5,15.005423088239171,0
05440,1133,pedal_depth,226,0,0,0,4.294593869938565,0
05440,1133,pedal_down_ratio,226,0,0,0,3.327955589951209,0
05440,1133,pedal_changes,226,0,1,0,6.945494968709616,0
05441,1133,tempo,226,0,0,0,4.77234861037187,0
05441,1133,rubato,226,0,4,0,8.242053239295489,0
05441,1133,dynamics,226,0,0,0,4.316740860650211,0
05441,1133,articulation,224,2,3,2,19.08050746443768,0
05441,1133,pedal_depth,226,0,0,0,5.507523189732597,0
05441,1133,pedal_down_ratio,226,0,0,0,2.896305356719868,0
05441,1133,pedal_changes,226,0,0,0,2.7781979874838463,0
05443,1133,tempo,226,0,2,0,7.148769831571226,0
05443,1133,rubato,226,0,7,2,11.013956151474908,0
05443,1133,dynamics,225,1,0,0,3.726561446108191,0
05443,1133,articulation,222,4,5,4,27.76263792329147,0
05443,1133,pedal_depth,226,0,0,0,3.246610931042955,0
05443,1133,pedal_down_ratio,226,0,0,0,2.9324769940581836,0
05443,1133,pedal_changes,226,0,0,0,3.611657383729,0
05444,1133,tempo,226,0,1,0,6.92896301695143,0
05444,1133,rubato,226,0,8,1,12.62762747131484,0
05444,1133,dynamics,223,3,0,0,3.4061783353568056,0
05444,1133,articulation,221,5,6,1,30.4253769331841,0
05444,1133,pedal_depth,226,0,0,0,5.482516204408794,0
05444,1133,pedal_down_ratio,226,0,0,0,3.274890188707951,0
05444,1133,pedal_changes,226,0,1,0,6.112035572464461,0
05445,1133,tempo,226,0,3,0,7.567244302166949,0
05445,1133,rubato,226,0,12,4,13.559052831144264,0
05445,1133,dynamics,225,1,0,0,4.991231620126807,0
05445,1133,articulation,222,4,10,2,15.254457639313221,0
05445,1133,pedal_depth,226,0,0,0,2.779399079032101,0
05445,1133,pedal_down_ratio,226,0,0,0,3.367665202730969,0
05445,1133,pedal_changes,226,0,0,0,5.5563959749676926,0
05446,1133,tempo,226,0,3,0,9.942281909968237,0
05446,1133,rubato,226,0,7,3,16.47326395618724,0
05446,1133,dynamics,226,0,0,0,4.496605063177303,0
05446,1133,articulation,222,4,2,0,9.23500311023079,0
05446,1133,pedal_depth,226,0,0,0,3.8790792980485893,0
05446,1133,pedal_down_ratio,226,0,0,0,3.349688342218177,0
05446,1133,pedal_changes,226,0,0,0,2.5003781887354615,0
05447,1133,tempo,226,0,2,0,6.662679222946972,0
05447,1133,rubato,226,0,6,2,11.401780583703896,0
05447,1133,dynamics,225,1,0,0,4.496605063177303,0
05447,1133,articulation,223,3,5,2,25.0476051510103,0
05447,1133,pedal_depth,226,0,0,0,2.789711366094019,0
05447,1133,pedal_down_ratio,226,0,0,0,3.1846872047102126,0
05447,1133,pedal_changes,226,0,0,0,3.0560177862322306,0
05502,1137,tempo,628,0,63,61,383.45517334117,0
05502,1137,rubato,628,0,63,61,384.7369471515833,0
05502,1137,dynamics,617,11,19,0,9.510319708620145,0
05502,1137,articulation,613,15,79,47,72.88261152831495,0
05502,1137,pedal_depth,628,0,2,0,6.048452358134723,0
05502,1137,pedal_down_ratio,628,0,0,0,5.602979724929387,0
05502,1137,pedal_changes,628,0,2,0,7.215407994706096,0
05504,1137,tempo,628,0,65,60,392.4593169254234,0
05504,1137,rubato,628,0,66,60,393.77118884438727,0
05504,1137,dynamics,619,9,5,0,9.3946927212813,0
05504,1137,articulation,613,15,99,74,121.28838257530927,0
05504,1137,pedal_depth,628,0,1,0,6.048452358134466,0
05504,1137,pedal_down_ratio,628,0,0,0,5.602979724929387,0
05504,1137,pedal_changes,628,0,5,0,9.620543992941462,0
05506,1137,tempo,628,0,128,126,421.0722115041485,0
05506,1137,rubato,628,0,129,126,423.1542183711692,0
05506,1137,dynamics,619,9,7,2,11.786726021853685,0
05506,1137,articulation,613,15,120,90,90.06165098509427,0
05506,1137,pedal_depth,628,0,3,0,6.663499802744844,0
05506,1137,pedal_down_ratio,628,0,0,0,5.602979724929387,0
05506,1137,pedal_changes,628,0,4,1,14.430815989412192,0
05501,1139,tempo,798,0,72,67,430.48182879412,0
05501,1139,rubato,798,0,70,67,364.9039023577667,0
05501,1139,dynamics,798,0,13,1,10.960474841494749,0
05501,1139,articulation,798,0,118,66,89.03761866557869,0
05501,1139,pedal_depth,798,0,1,0,9.05339046196976,0
05501,1139,pedal_down_ratio,798,0,4,0,7.444799132862508,0
05501,1139,pedal_changes,798,0,6,0,9.519967472080198,0
05503,1139,tempo,798,0,98,85,698.2078191156846,0
05503,1139,rubato,798,0,96,85,591.9962428665464,0
05503,1139,dynamics,798,0,18,4,14.501551328746915,0
05503,1139,articulation,798,0,128,84,56.92087713744232,0
05503,1139,pedal_depth,798,0,1,0,6.348598370193176,0
05503,1139,pedal_down_ratio,798,0,9,0,7.880399082125901,0
05503,1139,pedal_changes,798,0,4,0,7.9333062267334995,0
05505,1139,tempo,798,0,64,58,874.7994976141159,0
05505,1139,rubato,798,0,61,57,738.0155366216022,0
05505,1139,dynamics,798,0,12,7,21.92094968298952,0
05505,1139,articulation,798,0,103,64,115.36581643011324,0
05505,1139,pedal_depth,798,0,2,0,9.71483137767806,0
05505,1139,pedal_down_ratio,798,0,7,0,7.880399082125901,0
05505,1139,pedal_changes,798,0,11,0,9.519967472080198,0
05524,1141,tempo,346,0,6,1,54.81296257529454,0
05524,1141,rubato,346,0,28,20,228.58419250614887,0
05524,1141,dynamics,345,1,10,1,10.532432628749905,0
05524,1141,articulation,341,5,34,13,99.53340810635956,0
05524,1141,pedal_depth,346,0,0,0,3.0964826179104015,0
05524,1141,pedal_down_ratio,346,0,0,0,3.4772009083500057,0
05524,1141,pedal_changes,346,0,1,0,6.750891739837783,0
05525,1141,tempo,346,0,2,2,44.75535709211139,0
05525,1141,rubato,346,0,16,6,183.90397691688992,0
05525,1141,dynamics,345,1,0,0,5.810997312413741,0
05525,1141,articulation,342,4,20,9,29.348593518659523,0
05525,1141,pedal_depth,346,0,0,0,5.385872957854725,0
05525,1141,pedal_down_ratio,346,0,0,0,3.511382475536377,0
05525,1141,pedal_changes,346,0,0,0,4.125544952123089,0
05527,1141,tempo,346,0,3,0,8.249828069874628,0
05527,1141,rubato,346,0,29,11,27.192436200311604,0
05527,1141,dynamics,345,1,5,0,8.595433524611991,0
05527,1141,articulation,344,2,37,22,56.277372479197695,0
05527,1141,pedal_depth,346,0,0,0,5.850172350773206,0
05527,1141,pedal_down_ratio,346,0,0,0,3.5054927363096855,0
05527,1141,pedal_changes,346,0,0,0,4.500594493225189,0
05531,1142,tempo,350,1,2,0,9.175057172369193,0
05531,1142,rubato,350,1,44,20,25.294303344535468,0
05531,1142,dynamics,346,5,0,0,2.766788625608072,0
05531,1142,articulation,345,6,3,1,13.17372301331856,0
05531,1142,pedal_depth,351,0,0,0,2.477414004648203,0
05531,1142,pedal_down_ratio,351,0,0,0,3.6852813848469586,0
05531,1142,pedal_changes,351,0,0,0,2.5956455316466616,0
05533,1142,tempo,351,0,9,5,18.00485853138556,0
05533,1142,rubato,351,0,44,21,55.4400049995755,0
05533,1142,dynamics,346,5,0,0,3.065491676233422,0
05533,1142,articulation,346,5,3,1,13.365530561755287,0
05533,1142,pedal_depth,351,0,0,0,2.373685332610063,0
05533,1142,pedal_down_ratio,351,0,0,0,4.055332177061393,0
05533,1142,pedal_changes,351,0,0,0,2.076516425317329,0
05535,1142,tempo,350,1,3,3,13.99370906373518,0
05535,1142,rubato,350,1,28,11,38.682485359944486,0
05535,1142,dynamics,347,4,0,0,1.5132869674119591,0
05535,1142,articulation,346,5,4,0,9.21414549752568,0
05535,1142,pedal_depth,351,0,0,0,1.888520511739986,0
05535,1142,pedal_down_ratio,351,0,0,0,4.055332177061393,0
05535,1142,pedal_changes,351,0,7,5,22.322551572161288,0
05536,1142,tempo,351,0,12,4,19.74911972294078,0
05536,1142,rubato,351,0,42,18,54.27449212275071,0
05536,1142,dynamics,347,4,0,0,3.293304371526027,0
05536,1142,articulation,347,4,7,2,10.240678568497835,0
05536,1142,pedal_depth,351,0,0,0,3.1678408584024953,0
05536,1142,pedal_down_ratio,351,0,0,0,4.055332177061393,0
05536,1142,pedal_changes,351,0,1,0,6.748678382281319,0
05537,1142,tempo,348,3,8,4,17.903484679989763,0
05537,1142,rubato,348,3,38,19,56.34021372375527,0
05537,1142,dynamics,347,4,0,0,1.6931094574616563,0
05537,1142,articulation,347,4,8,2,13.231695419415844,0
05537,1142,pedal_depth,351,0,0,0,2.6488118434466084,0
05537,1142,pedal_down_ratio,351,0,0,0,2.7756202834997636,0
05537,1142,pedal_changes,351,0,0,0,2.076516425317329,0
05540,1142,tempo,350,1,8,0,9.062678338475942,0
05540,1142,rubato,350,1,41,16,30.15602504891726,0
05540,1142,dynamics,346,5,0,0,2.6621737323014987,0
05540,1142,articulation,343,8,3,0,9.348936499408245,0
05540,1142,pedal_depth,351,0,0,0,2.8047739143834467,0
05540,1142,pedal_down_ratio,351,0,0,0,4.055332177061393,0
05540,1142,pedal_changes,351,0,0,0,3.633903744305326,0
05542,1143,tempo,280,0,10,3,13.186711325945337,0
05542,1143,rubato,280,0,40,14,22.871852118407585,0
05542,1143,dynamics,280,0,0,0,4.876713764560995,0
05542,1143,articulation,275,5,12,4,13.060427227863089,0
05542,1143,pedal_depth,280,0,0,0,2.855185685285633,0
05542,1143,pedal_down_ratio,280,0,0,0,4.18186692712207,0
05542,1143,pedal_changes,280,0,1,1,12.308233482786083,0
05544,1143,tempo,280,0,20,6,18.900494519556922,0
05544,1143,rubato,280,0,29,14,33.05524645887544,0
05544,1143,dynamics,280,0,0,0,2.8636395965034067,0
05544,1143,articulation,277,3,13,2,12.558264538597735,0
05544,1143,pedal_depth,280,0,0,0,2.889184030962383,0
05544,1143,pedal_down_ratio,280,0,0,0,4.048047185454195,0
05544,1143,pedal_changes,280,0,1,1,12.308233482786083,0
05547,1143,tempo,280,0,17,8,23.566513732459015,0
05547,1143,rubato,280,0,34,20,41.34210952382644,0
05547,1143,dynamics,280,0,0,0,3.8003517939116196,0
05547,1143,articulation,277,3,11,3,12.631869610639528,0
05547,1143,pedal_depth,280,0,0,0,2.4512997014815485,0
05547,1143,pedal_down_ratio,280,0,0,0,4.18186692712207,0
05547,1143,pedal_changes,280,0,1,1,13.427163799403,0
05551,1144,tempo,274,0,2,0,8.493871362183844,0
05551,1144,rubato,274,0,2,0,8.558288291186352,0
05551,1144,dynamics,270,4,0,0,1.4024902023732007,0
05551,1144,articulation,266,8,3,0,7.574838975762688,0
05551,1144,pedal_depth,274,0,0,0,3.6881108917646657,0
05551,1144,pedal_down_ratio,274,0,0,0,2.1908516687235693,0
05551,1144,pedal_changes,274,0,0,0,3.707122231397265,0
05553,1144,tempo,274,0,2,0,8.493871362183844,0
05553,1144,rubato,274,0,2,0,8.558288291186352,0
05553,1144,dynamics,270,4,0,0,1.4024902023732007,0
05553,1144,articulation,266,8,3,0,7.57483897576269,0
05553,1144,pedal_depth,274,0,0,0,3.6881108917646657,0
05553,1144,pedal_down_ratio,274,0,0,0,2.1908516687235693,0
05553,1144,pedal_changes,274,0,0,0,3.707122231397265,0
05559,1145,tempo,423,2,5,1,10.70746778853928,0
05559,1145,rubato,423,2,16,6,26.121365574107465,0
05559,1145,dynamics,418,7,0,0,4.894875797344436,0
05559,1145,articulation,408,17,18,4,13.795894915647004,0
05559,1145,pedal_depth,425,0,0,0,3.170867270874092,0
05559,1145,pedal_down_ratio,425,0,0,0,2.70597796438677,0
05559,1145,pedal_changes,425,0,1,1,14.768353570686076,0
05560,1145,tempo,422,3,0,0,5.1406611542451826,0
05560,1145,rubato,422,3,9,4,14.044118798828684,0
05560,1145,dynamics,415,10,0,0,4.393825518876108,0
05560,1145,articulation,406,19,5,0,8.834443979006148,0
05560,1145,pedal_depth,425,0,0,0,2.2700457551877498,0
05560,1145,pedal_down_ratio,425,0,0,0,2.70597796438677,0
05560,1145,pedal_changes,425,0,0,0,5.084187294826354,0
05561,1145,tempo,425,0,4,0,7.352513891488898,0
05561,1145,rubato,425,0,15,8,15.464043491897097,0
05561,1145,dynamics,417,8,0,0,3.1604709872617596,0
05561,1145,articulation,409,16,9,1,10.294360889583446,0
05561,1145,pedal_depth,425,0,0,0,2.319425793308699,0
05561,1145,pedal_down_ratio,425,0,0,0,2.70597796438677,0
05561,1145,pedal_changes,425,0,0,0,3.3894581965509025,0
05562,1145,tempo,425,0,8,3,14.44259116237582,0
05562,1145,rubato,425,0,21,11,33.66571393021775,0
05562,1145,dynamics,419,6,0,0,5.20321443024802,0
05562,1145,articulation,412,13,25,0,9.927321109307659,0
05562,1145,pedal_depth,425,0,0,0,2.887278128707237,0
05562,1145,pedal_down_ratio,425,0,0,0,2.70597796438677,0
05562,1145,pedal_changes,425,0,2,1,10.168374589652707,0
05563,1145,tempo,423,2,0,0,4.514442123869698,0
05563,1145,rubato,423,2,7,0,9.902409531895096,0
05563,1145,dynamics,418,7,0,0,4.239656202424314,0
05563,1145,articulation,406,19,13,0,8.848069066440909,0
05563,1145,pedal_depth,425,0,0,0,2.5855183931694166,0
05563,1145,pedal_down_ratio,425,0,0,0,2.70597796438677,0
05563,1145,pedal_changes,425,0,2,2,26.87356141551073,0
05564,1145,tempo,425,0,5,5,13.928973550063473,0
05564,1145,rubato,425,0,13,8,32.19743689441905,0
05564,1145,dynamics,417,8,0,0,3.6229789366171397,0
05564,1145,articulation,411,14,17,4,12.416730857342339,0
05564,1145,pedal_depth,425,0,0,0,2.032192921792931,0
05564,1145,pedal_down_ratio,425,0,0,0,2.70597796438677,0
05564,1145,pedal_changes,425,0,1,0,6.778916393101805,0
05566,1145,tempo,425,0,0,0,5.868595283889482,0
05566,1145,rubato,425,0,10,3,12.009601644161126,0
05566,1145,dynamics,416,9,0,0,5.858434025168143,0
05566,1145,articulation,408,17,7,1,15.349370387281638,0
05566,1145,pedal_depth,425,0,0,0,3.01928321826162,0
05566,1145,pedal_down_ratio,425,0,0,0,2.7059779643867823,0
05566,1145,pedal_changes,425,0,2,1,13.799936943100104,0
05567,1145,tempo,425,0,3,0,6.852781006820901,0
05567,1145,rubato,425,0,14,5,14.380073758144276,0
05567,1145,dynamics,413,12,0,0,5.010502784683279,0
05567,1145,articulation,403,22,10,0,7.792192337696706,0
05567,1145,pedal_depth,425,0,0,0,2.642529777222699,0
05567,1145,pedal_down_ratio,425,0,0,0,2.705977964386793,0
05567,1145,pedal_changes,425,0,2,0,7.9894371775842705,0
05583,1147,tempo,822,2,57,20,17.00869826798428,0
05583,1147,rubato,822,2,74,32,21.813987471682044,0
05583,1147,dynamics,819,5,0,0,5.295494287599664,0
05583,1147,articulation,808,16,27,9,39.2745120005207,0
05583,1147,pedal_depth,824,0,0,0,3.260816969984557,0
05583,1147,pedal_down_ratio,824,0,0,0,3.138925378730152,0
05583,1147,pedal_changes,824,0,4,1,13.582435059244883,0
05584,1147,tempo,824,0,23,6,15.504588713631664,0
05584,1147,rubato,824,0,33,11,18.032664893431097,0
05584,1147,dynamics,819,5,0,0,5.965039542353645,0
05584,1147,articulation,803,21,28,8,15.780996052786188,0
05584,1147,pedal_depth,824,0,0,0,3.396072964066507,0
05584,1147,pedal_down_ratio,824,0,0,0,3.138925378730152,0
05584,1147,pedal_changes,824,0,6,2,16.16137842492429,0
05587,1147,tempo,824,0,25,3,20.010607555306546,0
05587,1147,rubato,824,0,55,9,25.835733187044486,0
05587,1147,dynamics,816,8,1,0,6.387309560976894,0
05587,1147,articulation,804,20,29,9,21.60027748464143,0
05587,1147,pedal_depth,824,0,0,0,3.7869969637299885,0
05587,1147,pedal_down_ratio,824,0,0,0,3.138925378730152,0
05587,1147,pedal_changes,824,0,1,0,9.28419611644587,0
05588,1147,tempo,822,2,22,7,12.951511441133695,0
05588,1147,rubato,822,2,32,9,16.879275189393553,0
05588,1147,dynamics,817,7,0,0,5.660700790192744,0
05588,1147,articulation,802,22,25,9,19.35572303387372,0
05588,1147,pedal_depth,824,0,0,0,3.568558476115567,0
05588,1147,pedal_down_ratio,824,0,0,0,3.138925378730152,0
05588,1147,pedal_changes,824,0,0,0,3.9543798273750923,0
05589,1147,tempo,823,1,22,8,15.489541197899085,0
05589,1147,rubato,823,1,31,11,19.831445535142915,0
05589,1147,dynamics,816,8,0,0,5.5541822269364305,0
05589,1147,articulation,800,24,21,8,16.26168578514365,0
05589,1147,pedal_depth,824,0,0,0,3.547720855987407,0
05589,1147,pedal_down_ratio,824,0,0,0,3.138925378730152,0
05589,1147,pedal_changes,824,0,1,0,8.080689212462145,0
05590,1147,tempo,821,3,45,12,19.553806851650215,0
05590,1147,rubato,821,3,63,27,24.413749448561447,0
05590,1147,dynamics,815,9,0,0,5.739828865754578,0
05590,1147,articulation,804,20,55,12,19.66247854072958,0
05590,1147,pedal_depth,824,0,0,0,4.424635332126126,0
05590,1147,pedal_down_ratio,824,0,0,0,3.1059417383593857,0
05590,1147,pedal_changes,824,0,0,0,5.157886731358817,0
05594,1148,tempo,444,1,15,0,9.73864691414046,0
05594,1148,rubato,444,1,33,6,13.03171517058976,0
05594,1148,dynamics,445,0,0,0,3.305004721435317,0
05594,1148,articulation,444,1,3,0,7.629463186095915,0
05594,1148,pedal_depth,445,0,0,0,2.5840123095846126,0
05594,1148,pedal_down_ratio,445,0,0,0,3.0882619482224842,0
05594,1148,pedal_changes,445,0,0,0,3.509359561773233,0
05595,1148,tempo,444,1,22,2,10.512810133425054,0
05595,1148,rubato,444,1,43,9,13.899456513474544,0
05595,1148,dynamics,445,0,0,0,3.960759626482007,0
05595,1148,articulation,445,0,0,0,5.546803339096055,0
05595,1148,pedal_depth,445,0,0,0,2.6920375272774963,0
05595,1148,pedal_down_ratio,445,0,0,0,3.0882619482224842,0
05595,1148,pedal_changes,445,0,0,0,4.386699452216541,0
05596,1148,tempo,445,0,26,2,15.975741840181426,0
05596,1148,rubato,445,0,45,13,20.119230384363593,0
05596,1148,dynamics,445,0,0,0,4.2099464903997506,0
05596,1148,articulation,444,1,3,0,9.568530406029575,0
05596,1148,pedal_depth,445,0,0,0,3.1967945636419905,0
05596,1148,pedal_down_ratio,445,0,0,0,3.0882619482224842,0
05596,1148,pedal_changes,445,0,2,0,7.018719123546466,0
05599,1148,tempo,445,0,19,1,14.736401488156407,0
05599,1148,rubato,445,0,32,6,20.737877359761743,0
05599,1148,dynamics,445,0,0,0,3.147623544224112,0
05599,1148,articulation,445,0,1,0,6.850554192174995,0
05599,1148,pedal_depth,445,0,0,0,2.339648446455554,0
05599,1148,pedal_down_ratio,445,0,0,0,3.0209795528363244,0
05599,1148,pedal_changes,445,0,2,0,7.896059013989774,0
05602,1148,tempo,445,0,41,3,18.234346773935446,0
05602,1148,rubato,445,0,73,19,22.861899904095598,0
05602,1148,dynamics,445,0,0,0,3.88731507711678,0
05602,1148,articulation,445,0,4,0,7.866952992989508,0
05602,1148,pedal_depth,445,0,0,0,2.3763418235371434,0
05602,1148,pedal_down_ratio,445,0,0,0,3.0882619482224842,0
05602,1148,pedal_changes,445,0,2,0,7.896059013989774,0
05603,1148,tempo,445,0,26,3,11.451107714793192,0
05603,1148,rubato,445,0,48,14,15.041867872809966,0
05603,1148,dynamics,445,0,0,0,4.511593746721227,0
05603,1148,articulation,444,1,2,0,6.806484424202653,0
05603,1148,pedal_depth,445,0,0,0,2.6747575566631663,0
05603,1148,pedal_down_ratio,445,0,0,0,3.0882619482224842,0
05603,1148,pedal_changes,445,0,4,0,7.018719123546466,0
05606,1148,tempo,445,0,21,1,20.727394527083487,0
05606,1148,rubato,445,0,50,11,27.893772539116245,0
05606,1148,dynamics,445,0,0,0,3.5860425378838983,0
05606,1148,articulation,445,0,1,0,6.820820747966316,0
05606,1148,pedal_depth,445,0,0,0,2.803677907085158,0
05606,1148,pedal_down_ratio,445,0,0,0,3.0882619482224842,0
05606,1148,pedal_changes,445,0,0,0,4.386699452216541,0
05607,1148,tempo,445,0,32,5,13.42138120523961,0
05607,1148,rubato,445,0,55,24,18.39866161329606,0
05607,1148,dynamics,445,0,0,0,3.399433427762039,0
05607,1148,articulation,445,0,7,0,8.581600355546042,0
05607,1148,pedal_depth,445,0,0,0,2.803677907085158,0
05607,1148,pedal_down_ratio,445,0,0,0,3.0882619482224842,0
05607,1148,pedal_changes,445,0,0,0,4.386699452216541,0
05609,1148,tempo,445,0,31,2,18.769382553757787,0
05609,1148,rubato,445,0,49,23,23.63803083704355,0
05609,1148,dynamics,445,0,1,0,6.347707480851957,0
05609,1148,articulation,445,0,6,2,14.098436266394367,0
05609,1148,pedal_depth,445,0,0,0,2.542479886873169,0
05609,1148,pedal_down_ratio,445,0,0,0,3.0306911529161913,0
05609,1148,pedal_changes,445,0,0,0,4.386699452216541,0
05650,1151,tempo,297,0,2,0,7.706014690430439,0
05650,1151,rubato,297,0,10,2,12.468511040431006,0
05650,1151,dynamics,295,2,0,0,4.329588303687853,0
05650,1151,articulation,294,3,6,0,8.608455440678242,0
05650,1151,pedal_depth,297,0,0,0,3.4147452191576555,0
05650,1151,pedal_down_ratio,297,0,0,0,3.4048875426650427,0
05650,1151,pedal_changes,297,0,0,0,2.542510276893566,0
05652,1151,tempo,297,0,3,0,8.44651947774043,0
05652,1151,rubato,297,0,10,3,13.744834640565186,0
05652,1151,dynamics,296,1,0,0,3.953265284710039,0
05652,1151,articulation,293,4,6,1,12.55885017244143,0
05652,1151,pedal_depth,297,0,0,0,5.6387686546050215,0
05652,1151,pedal_down_ratio,297,0,0,0,3.503226855862339,0
05652,1151,pedal_changes,297,0,0,0,5.508772266602726,0
05655,1151,tempo,297,0,1,0,6.687603245712894,0
05655,1151,rubato,297,0,11,1,12.682379386649663,0
05655,1151,dynamics,296,1,0,0,3.0314612467586937,0
05655,1151,articulation,292,5,11,4,18.62017108872132,0
05655,1151,pedal_depth,297,0,0,0,2.857424743603479,0
05655,1151,pedal_down_ratio,297,0,0,0,3.0646740985653125,0
05655,1151,pedal_changes,297,0,0,0,3.6018895589325517,0
05656,1151,tempo,297,0,0,0,3.68275725695842,0
05656,1151,rubato,297,0,6,0,7.878887051663914,0
05656,1151,dynamics,297,0,0,0,3.6026371518075258,0
05656,1151,articulation,293,4,2,0,7.9291635464664205,0
05656,1151,pedal_depth,297,0,0,0,2.675252746974617,0
05656,1151,pedal_down_ratio,297,0,0,0,3.471037988852759,0
05656,1151,pedal_changes,297,0,0,0,4.237517128155943,0
05657,1151,tempo,297,0,0,0,3.818163335323719,0
05657,1151,rubato,297,0,4,0,8.173982212811824,0
05657,1151,dynamics,296,1,0,0,3.4313379113055302,0
05657,1151,articulation,292,5,6,1,19.489453102413655,0
05657,1151,pedal_depth,297,0,0,0,2.2067676770051055,0
05657,1151,pedal_down_ratio,297,0,0,0,3.416047345736768,0
05657,1151,pedal_changes,297,0,0,0,4.6612688409715375,0
05658,1151,tempo,297,0,0,0,3.7001504619539753,0
05658,1151,rubato,297,0,2,0,7.1399206917568625,0
05658,1151,dynamics,294,3,0,0,3.072680126504484,0
05658,1151,articulation,293,4,3,1,11.847938360740262,0
05658,1151,pedal_depth,297,0,0,0,2.9226924354883024,0
05658,1151,pedal_down_ratio,297,0,0,0,3.461984940881227,0
05658,1151,pedal_changes,297,0,0,0,4.237517128155943,0
05659,1151,tempo,297,0,0,0,3.8948853645375774,0
05659,1151,rubato,297,0,4,0,7.396237229818565,0
05659,1151,dynamics,296,1,0,0,3.1526197720720814,0
05659,1151,articulation,292,5,4,0,9.878208304497008,0
05659,1151,pedal_depth,297,0,0,0,2.4534005342229284,0
05659,1151,pedal_down_ratio,297,0,0,0,3.352380152033883,0
05659,1151,pedal_changes,297,0,0,0,4.6612688409715375,0
05660,1151,tempo,297,0,0,0,5.251811910048397,0
05660,1151,rubato,297,0,4,0,8.465322530442885,0
05660,1151,dynamics,295,2,0,0,2.3732082277880164,0
05660,1151,articulation,293,4,8,0,7.82994671975918,0
05660,1151,pedal_depth,297,0,0,0,5.3325569117940175,0
05660,1151,pedal_down_ratio,297,0,0,0,3.4785197411576796,0
05660,1151,pedal_changes,297,0,0,0,2.96626198970916,0
05661,1151,tempo,297,0,0,0,5.335104972139806,0
05661,1151,rubato,297,0,2,0,7.791935781785592,0
05661,1151,dynamics,295,2,0,0,2.4231705062677653,0
05661,1151,articulation,293,4,5,1,16.810783732776258,0
05661,1151,pedal_depth,297,0,0,0,5.387400501920519,0
05661,1151,pedal_down_ratio,297,0,0,0,3.461984940881227,0
05661,1151,pedal_changes,297,0,0,0,3.3900137025247545,0
05662,1151,tempo,297,0,3,0,7.934447259662282,0
05662,1151,rubato,297,0,9,3,13.143180069282407,0
05662,1151,dynamics,296,1,0,0,2.7104536075263153,0
05662,1151,articulation,293,4,4,0,9.704557851452307,0
05662,1151,pedal_depth,297,0,0,0,4.133516776235942,0
05662,1151,pedal_down_ratio,297,0,0,0,3.4308763009019336,0
05662,1151,pedal_changes,297,0,0,0,5.296896410194929,0
05663,1151,tempo,297,0,0,0,5.3039594452929455,0
05663,1151,rubato,297,0,6,0,8.162945831678977,0
05663,1151,dynamics,296,1,0,0,3.222566961943727,0
05663,1151,articulation,294,3,2,0,8.094816709904196,0
05663,1151,pedal_depth,297,0,0,0,5.48519689316213,0
05663,1151,pedal_down_ratio,297,0,0,0,2.937232816696953,0
05663,1151,pedal_changes,297,0,0,0,4.6612688409715375,0
05665,1151,tempo,297,0,1,0,7.559005087736029,0
05665,1151,rubato,297,0,13,1,12.605016422805802,0
05665,1151,dynamics,295,2,0,0,3.9720011391399446,0
05665,1151,articulation,293,4,3,0,9.172288426861982,0
05665,1151,pedal_depth,297,0,0,0,2.441572939935738,0
05665,1151,pedal_down_ratio,297,0,0,0,3.503226855862339,0
05665,1151,pedal_changes,297,0,0,0,4.025641271748146,0
05667,1151,tempo,297,0,0,0,4.345591042823323,0
05667,1151,rubato,297,0,6,0,7.37222557891014,0
05667,1151,dynamics,293,4,0,0,3.077676354352461,0
05667,1151,articulation,291,6,10,4,14.072633430720387,0
05667,1151,pedal_depth,297,0,0,0,2.1480747829155487,0
05667,1151,pedal_down_ratio,297,0,0,0,3.413918219269479,0
05667,1151,pedal_changes,297,0,0,0,2.96626198970916,0
05668,1151,tempo,297,0,0,0,5.8677767763351545,0
05668,1151,rubato,297,0,18,0,9.856999963719446,0
05668,1151,dynamics,295,2,0,0,3.417419848014745,0
05668,1151,articulation,294,3,6,4,12.637963298365413,0
05668,1151,pedal_depth,297,0,0,0,1.9425274413142357,0
05668,1151,pedal_down_ratio,297,0,0,0,3.397187925514412,0
05668,1151,pedal_changes,297,0,0,0,3.3900137025247545,0
05669,1151,tempo,297,0,1,0,7.1010214415526125,0
05669,1151,rubato,297,0,9,1,11.516905311530158,0
05669,1151,dynamics,295,2,0,0,3.5038724334555935,0
05669,1151,articulation,293,4,2,0,7.790503766075865,0
05669,1151,pedal_depth,297,0,0,0,2.0607919640835655,0
05669,1151,pedal_down_ratio,297,0,0,0,3.0646740985653125,0
05669,1151,pedal_changes,297,0,0,0,3.3900137025247545,0
05670,1151,tempo,297,0,0,0,4.087606493090065,0
05670,1151,rubato,297,0,4,0,6.751551810769376,0
05670,1151,dynamics,296,1,0,0,3.74717088598108,0
05670,1151,articulation,294,3,8,4,15.453984096037614,0
05670,1151,pedal_depth,297,0,0,0,4.84880850398543,0
05670,1151,pedal_down_ratio,297,0,0,0,3.4267475061839274,0
05670,1151,pedal_changes,297,0,0,0,3.3900137025247545,0
05674,1152,tempo,559,6,22,4,12.636034812873534,0
05674,1152,rubato,559,6,37,22,19.845910695900805,0
05674,1152,dynamics,562,3,0,0,3.3724537973829767,0
05674,1152,articulation,561,4,3,2,15.964651788303438,0
05674,1152,pedal_depth,565,0,0,0,3.4918192104647257,0
05674,1152,pedal_down_ratio,565,0,0,0,2.4746336549004986,0
05674,1152,pedal_changes,565,0,0,0,5.055492316207237,0
05675,1152,tempo,561,4,23,6,13.94142709414919,0
05675,1152,rubato,561,4,46,25,22.79880970767789,0
05675,1152,dynamics,559,6,0,0,3.3111364556123783,0
05675,1152,articulation,559,6,2,0,9.292671625994172,0
05675,1152,pedal_depth,565,0,0,0,1.8938593418492642,0
05675,1152,pedal_down_ratio,565,0,0,0,2.4746336549004986,0
05675,1152,pedal_changes,565,0,0,0,4.212910263506031,0
05676,1152,tempo,562,3,30,9,12.94633361257129,0
05676,1152,rubato,562,3,60,33,20.528309836336142,0
05676,1152,dynamics,558,7,0,0,4.322872594827271,0
05676,1152,articulation,558,7,0,0,5.193722972298432,0
05676,1152,pedal_depth,565,0,0,0,2.696263397392696,0
05676,1152,pedal_down_ratio,565,0,0,0,2.4746336549004986,0
05676,1152,pedal_changes,565,0,0,0,5.055492316207237,0
05679,1152,tempo,560,5,34,12,14.519668132969832,0
05679,1152,rubato,560,5,68,39,22.95379113910889,0
05679,1152,dynamics,556,9,0,0,2.97389107587408,0
05679,1152,articulation,555,10,1,1,11.724994880283395,0
05679,1152,pedal_depth,565,0,0,0,3.0910642309787963,0
05679,1152,pedal_down_ratio,565,0,0,0,2.4746336549004986,0
05679,1152,pedal_changes,565,0,0,0,5.055492316207237,0
05681,1152,tempo,560,5,28,9,12.749578207334148,0
05681,1152,rubato,560,5,64,27,21.299306886409816,0
05681,1152,dynamics,560,5,0,0,5.518560759353964,0
05681,1152,articulation,559,6,4,1,13.288458978604586,0
05681,1152,pedal_depth,565,0,0,0,1.35698372897142,0
05681,1152,pedal_down_ratio,565,0,0,0,2.4746336549004986,0
05681,1152,pedal_changes,565,0,0,0,5.898074368908444,0
05682,1152,tempo,562,3,21,6,12.301662959406185,0
05682,1152,rubato,562,3,54,22,20.10411526133234,0
05682,1152,dynamics,560,5,0,0,2.667304367021082,0
05682,1152,articulation,558,7,5,1,11.426048830286826,0
05682,1152,pedal_depth,565,0,0,0,1.2681040409676407,0
05682,1152,pedal_down_ratio,565,0,0,0,2.4694888863872104,0
05682,1152,pedal_changes,565,0,0,0,5.055492316207237,0
05683,1152,tempo,562,3,15,3,11.970741739927709,0
05683,1152,rubato,562,3,36,16,18.302813689697643,0
05683,1152,dynamics,562,3,0,0,2.4342984682928033,0
05683,1152,articulation,561,4,1,1,11.081528789632655,0
05683,1152,pedal_depth,565,0,0,0,3.48510469066931,0
05683,1152,pedal_down_ratio,565,0,0,0,2.4746336549004986,0
05683,1152,pedal_changes,565,0,0,0,3.370328210804825,0
05684,1152,tempo,564,1,23,4,11.456750435573435,0
05684,1152,rubato,564,1,40,24,18.899834888605486,0
05684,1152,dynamics,562,3,0,0,3.719918734083041,0
05684,1152,articulation,560,5,0,0,4.281525872792943,0
05684,1152,pedal_depth,565,0,0,0,3.4124912689248212,0
05684,1152,pedal_down_ratio,565,0,0,0,2.4746336549004986,0
05684,1152,pedal_changes,565,0,0,0,5.055492316207237,0
05685,1152,tempo,564,1,18,6,12.25190336935105,0
05685,1152,rubato,564,1,35,16,20.60888801320133,0
05685,1152,dynamics,562,3,0,0,4.41484860748317,0
05685,1152,articulation,562,3,2,0,7.226382025418831,0
05685,1152,pedal_depth,565,0,0,0,3.6194197540578705,0
05685,1152,pedal_down_ratio,565,0,0,0,2.4746336549004986,0
05685,1152,pedal_changes,565,0,0,0,3.370328210804825,0
05686,1152,tempo,565,0,12,1,11.744661723947564,0
05686,1152,rubato,565,0,30,11,17.42274498426095,0
05686,1152,dynamics,563,2,0,0,4.455726835330236,0
05686,1152,articulation,563,2,0,0,4.349799010543573,0
05686,1152,pedal_depth,565,0,0,0,3.3337149591531956,0
05686,1152,pedal_down_ratio,565,0,0,0,2.4746336549004986,0
05686,1152,pedal_changes,565,0,0,0,4.212910263506031,0
05687,1152,tempo,563,2,20,8,14.294544390486436,0
05687,1152,rubato,563,2,53,20,22.84361317469922,0
05687,1152,dynamics,561,4,0,0,3.2293799999182475,0
05687,1152,articulation,561,4,1,0,6.787434483623612,0
05687,1152,pedal_depth,565,0,0,0,3.0058085697283143,0
05687,1152,pedal_down_ratio,565,0,0,0,2.4746336549004986,0
05687,1152,pedal_changes,565,0,0,0,5.898074368908444,0
05688,1152,tempo,558,7,22,4,11.10149270394242,0
05688,1152,rubato,558,7,44,21,19.973142143201077,0
05688,1152,dynamics,563,2,0,0,3.6483818353506754,0
05688,1152,articulation,563,2,3,2,11.578379611271604,0
05688,1152,pedal_depth,565,0,0,0,2.8602346863756574,0
05688,1152,pedal_down_ratio,565,0,0,0,2.4746336549004986,0
05688,1152,pedal_changes,565,0,1,0,6.74065642160965,0
05689,1152,tempo,565,0,13,0,9.887673243158101,0
05689,1152,rubato,565,0,26,12,14.734317286739234,0
05689,1152,dynamics,564,1,0,0,3.004549746759381,0
05689,1152,articulation,564,1,3,1,11.995806719212476,0
05689,1152,pedal_depth,565,0,0,0,2.4140733228297897,0
05689,1152,pedal_down_ratio,565,0,0,0,2.4746336549004986,0
05689,1152,pedal_changes,565,0,0,0,5.055492316207237,0
05690,1152,tempo,563,2,13,3,12.401732636930108,0
05690,1152,rubato,563,2,35,11,20.684250865905156,0
05690,1152,dynamics,562,3,0,0,4.0162858859742725,0
05690,1152,articulation,562,3,4,2,12.360716269091927,0
05690,1152,pedal_depth,565,0,0,0,1.382680731681287,0
05690,1152,pedal_down_ratio,565,0,0,0,2.4746336549004986,0
05690,1152,pedal_changes,565,0,0,0,5.055492316207237,0
05691,1152,tempo,561,4,33,9,17.439631074096514,0
05691,1152,rubato,561,4,77,34,26.172624073126432,0
05691,1152,dynamics,559,6,0,0,5.007582911265633,0
05691,1152,articulation,555,10,4,1,12.769272558583335,0
05691,1152,pedal_depth,565,0,0,0,3.0508733002970163,0
05691,1152,pedal_down_ratio,565,0,0,0,2.4746336549004986,0
05691,1152,pedal_changes,565,0,0,0,4.212910263506031,0
05693,1152,tempo,558,7,37,8,15.257621318871536,0
05693,1152,rubato,558,7,67,36,24.732858443415573,0
05693,1152,dynamics,559,6,0,0,4.261555253056672,0
05693,1152,articulation,559,6,6,5,15.43414699625559,0
05693,1152,pedal_depth,565,0,0,0,2.743717120698488,0
05693,1152,pedal_down_ratio,565,0,0,0,2.4746336549004986,0
05693,1152,pedal_changes,565,0,1,0,8.425820527012062,0
05694,1152,tempo,562,3,36,17,15.779669977601907,0
05694,1152,rubato,562,3,64,41,23.88532281218639,0
05694,1152,dynamics,560,5,0,0,3.127184430300579,0
05694,1152,articulation,560,5,6,0,9.79149235948497,0
05694,1152,pedal_depth,565,0,0,0,1.8390457662609554,0
05694,1152,pedal_down_ratio,565,0,0,0,2.4746336549004986,0
05694,1152,pedal_changes,565,0,0,0,5.055492316207237,0
05695,1152,tempo,562,3,39,17,17.92090685198599,0
05695,1152,rubato,562,3,74,45,27.279169521156728,0
05695,1152,dynamics,557,8,0,0,3.00454974675938,0
05695,1152,articulation,551,14,2,2,12.285181573885698,0
05695,1152,pedal_depth,565,0,0,0,2.0162551919104286,0
05695,1152,pedal_down_ratio,565,0,0,0,2.4746336549004986,0
05695,1152,pedal_changes,565,0,0,0,5.055492316207237,0
05696,1152,tempo,565,0,11,4,20.746012247366778,0
05696,1152,rubato,565,0,33,14,36.370401816124954,0
05696,1152,dynamics,565,0,0,0,2.8819150632181803,0
05696,1152,articulation,565,0,0,0,5.892996454441215,0
05696,1152,pedal_depth,565,0,0,0,3.273357357351409,0
05696,1152,pedal_down_ratio,565,0,0,0,2.4746336549004986,0
05696,1152,pedal_changes,565,0,1,0,6.74065642160965,0
05700,1152,tempo,565,0,29,12,16.374077816854985,0
05700,1152,rubato,565,0,56,31,24.940833475031855,0
05700,1152,dynamics,558,7,0,0,4.762313544183234,0
05700,1152,articulation,557,8,0,0,5.539071571497194,0
05700,1152,pedal_depth,565,0,0,0,3.348198057098717,0
05700,1152,pedal_down_ratio,565,0,0,0,2.4746336549004986,0
05700,1152,pedal_changes,565,0,0,0,5.055492316207237,0
05701,1152,tempo,562,3,23,8,20.39845970953836,0
05701,1152,rubato,562,3,40,23,32.320469969413836,0
05701,1152,dynamics,559,6,0,0,3.924309873318374,0
05701,1152,articulation,557,8,2,0,6.459937570773399,0
05701,1152,pedal_depth,565,0,0,0,3.01872957456526,0
05701,1152,pedal_down_ratio,565,0,0,0,2.4746336549004986,0
05701,1152,pedal_changes,565,0,1,0,8.425820527012062,0
05702,1152,tempo,562,3,24,11,15.61586131886556,0
05702,1152,rubato,562,3,63,29,25.136792574147382,0
05702,1152,dynamics,558,7,0,0,3.658601392312443,0
05702,1152,articulation,556,9,1,1,12.00117275265919,0
05702,1152,pedal_depth,565,0,0,0,3.3883660240573525,0
05702,1152,pedal_down_ratio,565,0,0,0,2.4746336549004986,0
05702,1152,pedal_changes,565,0,0,0,4.212910263506031,0
05703,1152,tempo,562,3,33,11,17.24988538774988,0
05703,1152,rubato,562,3,63,37,27.011689244458605,0
05703,1152,dynamics,554,11,0,0,4.394409493559638,0
05703,1152,articulation,553,12,3,0,9.730886836525656,0
05703,1152,pedal_depth,565,0,0,0,3.4912875726839516,0
05703,1152,pedal_down_ratio,565,0,0,0,2.4746336549004986,0
05703,1152,pedal_changes,565,0,0,0,5.898074368908444,0
05708,1153,tempo,348,0,14,6,22.275391234629303,0
05708,1153,rubato,348,0,25,11,30.234328077883337,0
05708,1153,dynamics,347,1,0,0,3.9611202840387345,0
05708,1153,articulation,340,8,6,0,9.945359822705178,0
05708,1153,pedal_depth,348,0,0,0,3.044041459464347,0
05708,1153,pedal_down_ratio,348,0,0,0,3.2265734346569293,0
05708,1153,pedal_changes,348,0,0,0,5.154694203710327,0
05709,1153,tempo,348,0,8,0,9.424815828806612,0
05709,1153,rubato,348,0,18,2,12.227517152178955,0
05709,1153,dynamics,345,3,0,0,4.024388177464353,0
05709,1153,articulation,337,11,5,1,12.17890754523202,0
05709,1153,pedal_depth,348,0,0,0,4.023850740841713,0
05709,1153,pedal_down_ratio,348,0,0,0,3.2265734346569293,0
05709,1153,pedal_changes,348,0,2,1,10.038088712488532,0
05711,1153,tempo,348,0,3,1,12.8061343818108,0
05711,1153,rubato,348,0,13,1,15.805361559165117,0
05711,1153,dynamics,346,2,0,0,4.639645517878702,0
05711,1153,articulation,337,11,2,1,14.257213404134736,0
05711,1153,pedal_depth,348,0,0,0,2.11574971038285,0
05711,1153,pedal_down_ratio,348,0,0,0,3.2265734346569293,0
05711,1153,pedal_changes,348,0,0,0,4.8833945087782045,0
05713,1153,tempo,348,0,10,2,17.480690917253217,0
05713,1153,rubato,348,0,11,7,25.575285175479944,0
05713,1153,dynamics,344,4,0,0,3.3405447728726663,0
05713,1153,articulation,338,10,1,0,6.524077221619126,0
05713,1153,pedal_depth,348,0,0,0,4.104132483057064,0
05713,1153,pedal_down_ratio,348,0,0,0,3.1164803778313956,0
05713,1153,pedal_changes,348,0,3,0,7.596391458099429,0
05715,1153,tempo,348,0,4,0,9.154727818038971,0
05715,1153,rubato,348,0,9,1,12.437698248025404,0
05715,1153,dynamics,346,2,0,0,3.1334417555528633,0
05715,1153,articulation,339,9,6,0,8.72265667068594,0
05715,1153,pedal_depth,348,0,0,0,3.197367611261767,0
05715,1153,pedal_down_ratio,348,0,0,0,3.2265734346569293,0
05715,1153,pedal_changes,348,0,1,1,10.851987797284899,0
05718,1153,tempo,348,0,6,0,9.985427973062038,0
05718,1153,rubato,348,0,9,2,12.39186235953163,0
05718,1153,dynamics,348,0,0,0,1.7549963480671618,0
05718,1153,articulation,342,6,3,1,10.344602076890242,0
05718,1153,pedal_depth,348,0,0,0,4.577306449748233,0
05718,1153,pedal_down_ratio,348,0,0,0,3.2265734346569293,0
05718,1153,pedal_changes,348,0,0,0,2.7129969493212247,0
05719,1153,tempo,348,0,7,3,21.54512993935512,0
05719,1153,rubato,348,0,9,5,29.330553918273814,0
05719,1153,dynamics,344,4,0,0,4.046001432982422,0
05719,1153,articulation,341,7,1,0,9.503261842056846,0
05719,1153,pedal_depth,348,0,0,0,4.490953615692677,0
05719,1153,pedal_down_ratio,348,0,0,0,3.128607515387338,0
05719,1153,pedal_changes,348,0,1,0,6.782492373303062,0
05720,1153,tempo,348,0,11,4,14.69522535180152,0
05720,1153,rubato,348,0,23,5,19.94827698298207,0
05720,1153,dynamics,344,4,0,0,4.331296405820926,0
05720,1153,articulation,339,9,6,0,9.009069526966492,0
05720,1153,pedal_depth,348,0,0,0,4.244282584081428,0
05720,1153,pedal_down_ratio,348,0,0,0,3.1765639507219157,0
05720,1153,pedal_changes,348,0,1,0,8.410290542895797,0
05723,1153,tempo,347,1,7,2,11.610470751649416,0
05723,1153,rubato,347,1,12,5,16.46002735874737,0
05723,1153,dynamics,346,2,0,0,4.216025709724559,0
05723,1153,articulation,340,8,9,2,20.35721226257053,0
05723,1153,pedal_depth,348,0,0,0,1.9050655114830808,0
05723,1153,pedal_down_ratio,348,0,0,0,3.158008749170346,0
05723,1153,pedal_changes,348,0,0,0,4.3407951189139595,0
05726,1153,tempo,348,0,14,5,21.413408298634153,0
05726,1153,rubato,348,0,19,10,31.02327599155568,0
05726,1153,dynamics,345,3,0,0,3.0071504822994055,0
05726,1153,articulation,336,12,4,2,10.76552475612999,0
05726,1153,pedal_depth,348,0,0,0,2.4020679292957854,0
05726,1153,pedal_down_ratio,348,0,0,0,3.201617662039354,0
05726,1153,pedal_changes,348,0,0,0,5.425993898642449,0
05734,1153,tempo,348,0,8,2,17.057725908581222,0
05734,1153,rubato,348,0,15,6,24.745843928287083,0
05734,1153,dynamics,346,2,0,0,3.994129619739057,0
05734,1153,articulation,334,14,2,1,11.37127879752906,0
05734,1153,pedal_depth,348,0,0,0,3.3980418150986647,0
05734,1153,pedal_down_ratio,348,0,0,0,3.0348554176799647,0
05734,1153,pedal_changes,348,0,0,0,5.154694203710327,0
05764,1157,tempo,860,0,751,715,730.0979212126875,0
05764,1157,rubato,860,0,660,596,934.4487271539115,0
05764,1157,dynamics,838,22,446,236,44.0105220558476,0
05764,1157,articulation,786,74,467,371,110.90288386022903,0
05764,1157,pedal_depth,860,0,7,0,8.09526491971899,0
05764,1157,pedal_down_ratio,860,0,0,0,3.2028389841249716,0
05764,1157,pedal_changes,860,0,4,0,8.528985799923696,0
05765,1157,tempo,860,0,121,114,1174.0340905736227,0
05765,1157,rubato,860,0,131,115,1424.6088050743442,0
05765,1157,dynamics,841,19,15,7,27.65412113854025,0
05765,1157,articulation,792,68,87,66,134.28248647631767,0
05765,1157,pedal_depth,860,0,0,0,2.1570949420722183,0
05765,1157,pedal_down_ratio,860,0,0,0,3.2028389841249716,0
05765,1157,pedal_changes,860,0,0,0,4.652174072685653,0
05766,1157,tempo,860,0,121,110,526.079034175574,0
05766,1157,rubato,860,0,128,118,638.2471461197765,0
05766,1157,dynamics,844,16,22,6,22.76406313233496,0
05766,1157,articulation,798,62,106,75,85.59668621613268,0
05766,1157,pedal_depth,860,0,0,0,3.818493683238508,0
05766,1157,pedal_down_ratio,860,0,0,0,3.2028389841249716,0
05766,1157,pedal_changes,860,0,1,0,6.978261109028479,0
05779,1160,tempo,271,0,5,0,6.960039147379564,0
05779,1160,rubato,271,0,19,12,26.990176964934456,0
05779,1160,dynamics,269,2,0,0,3.290551348017964,0
05779,1160,articulation,268,3,6,1,13.460450634165843,0
05779,1160,pedal_depth,271,0,0,0,3.64919540690381,0
05779,1160,pedal_down_ratio,271,0,0,0,3.036551760447364,0
05779,1160,pedal_changes,271,0,1,0,8.714603236571262,0
05780,1160,tempo,271,0,0,0,5.334161167337409,0
05780,1160,rubato,271,0,20,6,19.331320569218523,0
05780,1160,dynamics,269,2,0,0,4.697346360640577,0
05780,1160,articulation,269,2,6,2,15.333892721727228,0
05780,1160,pedal_depth,271,0,0,0,2.388824067874552,0
05780,1160,pedal_down_ratio,271,0,0,0,3.036551760447364,0
05780,1160,pedal_changes,271,0,1,0,7.338613251849485,0
05781,1160,tempo,271,0,0,0,5.6138286403033995,0
05781,1160,rubato,271,0,13,6,18.672729580703816,0
05781,1160,dynamics,268,3,0,0,3.685610221425683,0
05781,1160,articulation,268,3,3,2,13.460006063807858,0
05781,1160,pedal_depth,271,0,0,0,1.5160211283630043,0
05781,1160,pedal_down_ratio,271,0,0,0,3.010690425369033,0
05781,1160,pedal_changes,271,0,0,0,3.2106432976841495,0
05782,1160,tempo,271,0,1,0,6.153477171939306,0
05782,1160,rubato,271,0,23,5,13.84482233251541,0
05782,1160,dynamics,269,2,0,0,5.116494189743889,0
05782,1160,articulation,269,2,19,0,8.6165637362443,0
05782,1160,pedal_depth,271,0,0,0,3.918331812995361,0
05782,1160,pedal_down_ratio,271,0,0,0,2.9615501482066606,0
05782,1160,pedal_changes,271,0,0,0,2.751979969443557,0
05785,1160,tempo,271,0,1,1,11.432528176938053,0
05785,1160,rubato,271,0,25,10,37.655218009178924,0
05785,1160,dynamics,268,3,0,0,3.6133433543389066,0
05785,1160,articulation,267,4,14,5,15.216479474416275,0
05785,1160,pedal_depth,271,0,0,0,3.6478496789604895,0
05785,1160,pedal_down_ratio,271,0,0,0,3.036551760447364,0
05785,1160,pedal_changes,271,0,0,0,3.6693066259247424,0
05196,1161,tempo,196,0,0,0,4.5114271652408755,0
05196,1161,rubato,196,0,3,0,9.310684663560503,0
05196,1161,dynamics,196,0,0,0,3.681093542232753,0
05196,1161,articulation,196,0,5,1,18.161583874632875,0
05196,1161,pedal_depth,196,0,0,0,3.3689365539298617,0
05196,1161,pedal_down_ratio,196,0,0,0,2.5418295564976146,0
05196,1161,pedal_changes,196,0,0,0,5.08533228957561,0
05197,1161,tempo,196,0,0,0,2.6696178215334183,0
05197,1161,rubato,196,0,1,0,7.0340065408201085,0
05197,1161,dynamics,196,0,0,0,2.5463121122773065,0
05197,1161,articulation,196,0,1,0,7.093303403982905,0
05197,1161,pedal_depth,196,0,0,0,2.8451467734490716,0
05197,1161,pedal_down_ratio,196,0,0,0,2.5418295564976146,0
05197,1161,pedal_changes,196,0,0,0,5.08533228957561,0
05198,1161,tempo,196,0,0,0,4.087806670641313,0
05198,1161,rubato,196,0,3,0,7.5212854835993745,0
05198,1161,dynamics,196,0,0,0,2.6598221913883564,0
05198,1161,articulation,196,0,0,0,5.188694320793811,0
05198,1161,pedal_depth,196,0,0,0,2.9703749922618448,0
05198,1161,pedal_down_ratio,196,0,0,0,2.2296963660458986,0
05198,1161,pedal_changes,196,0,0,0,2.683925375053794,0
05199,1161,tempo,196,0,0,0,3.992330161499302,0
05199,1161,rubato,196,0,2,0,7.716086366429962,0
05199,1161,dynamics,196,0,0,0,3.565165442947714,0
05199,1161,articulation,196,0,1,0,7.052029550001337,0
05199,1161,pedal_depth,196,0,0,0,2.7719138852809238,0
05199,1161,pedal_down_ratio,196,0,0,0,2.652660087729115,0
05199,1161,pedal_changes,196,0,0,0,2.542666144787805,0
05203,1161,tempo,196,0,1,0,6.537309027287858,0
05203,1161,rubato,196,0,7,3,16.795811546183554,0
05203,1161,dynamics,196,0,0,0,2.793649723030537,0
05203,1161,articulation,196,0,3,0,9.744267086698935,0
05203,1161,pedal_depth,196,0,0,0,2.466047854214154,0
05203,1161,pedal_down_ratio,196,0,0,0,2.4830342045682054,0
05203,1161,pedal_changes,196,0,0,0,5.08533228957561,0
05206,1161,tempo,196,0,0,0,5.509437226446224,0
05206,1161,rubato,196,0,7,0,8.648859080762557,0
05206,1161,dynamics,196,0,0,0,2.9910453322027557,0
05206,1161,articulation,196,0,5,1,11.966929947339517,0
05206,1161,pedal_depth,196,0,0,0,1.9188070518266487,0
05206,1161,pedal_down_ratio,196,0,0,0,2.6207771539824165,0
05206,1161,pedal_changes,196,0,0,0,5.367850750107588,0
05208,1161,tempo,196,0,0,0,5.5149253681358,0
05208,1161,rubato,196,0,5,0,8.49651490690971,0
05208,1161,dynamics,196,0,0,0,3.1516383701733726,0
05208,1161,articulation,196,0,3,1,11.935510043313759,0
05208,1161,pedal_depth,196,0,0,0,2.305277844141294,0
05208,1161,pedal_down_ratio,196,0,0,0,2.652660087729115,0
05208,1161,pedal_changes,196,0,1,0,6.497924592235502,0
05210,1161,tempo,196,0,0,0,4.049452117845016,0
05210,1161,rubato,196,0,0,0,5.867963128524106,0
05210,1161,dynamics,196,0,0,0,4.43797947971359,0
05210,1161,articulation,196,0,39,8,11.95524160744167,0
05210,1161,pedal_depth,196,0,0,0,4.178545898386706,0
05210,1161,pedal_down_ratio,196,0,0,0,2.6164227209110185,0
05210,1161,pedal_changes,196,0,0,0,2.4014069145218158,0
05211,1161,tempo,196,0,0,0,5.694846878915519,0
05211,1161,rubato,196,0,3,0,9.164926162032085,0
05211,1161,dynamics,196,0,0,0,3.9325220173055007,0
05211,1161,articulation,196,0,45,12,13.561477820900683,0
05211,1161,pedal_depth,196,0,0,0,4.124206930545894,0
05211,1161,pedal_down_ratio,196,0,0,0,2.6164227209110185,0
05211,1161,pedal_changes,196,0,0,0,2.4014069145218158,0
05212,1161,tempo,196,0,0,0,2.6231927177553835,0
05212,1161,rubato,196,0,1,0,6.1514326044559295,0
05212,1161,dynamics,196,0,0,0,2.107783623364358,0
05212,1161,articulation,196,0,3,1,11.861516057028338,0
05212,1161,pedal_depth,196,0,0,0,3.1599803492085234,0
05212,1161,pedal_down_ratio,196,0,0,0,2.5691572064045474,0
05212,1161,pedal_changes,196,0,0,0,3.1077030658517617,0
05213,1161,tempo,196,0,0,0,3.1492059028462958,0
05213,1161,rubato,196,0,2,0,6.171785031124555,0
05213,1161,dynamics,196,0,0,0,2.6091350137788796,0
05213,1161,articulation,196,0,6,2,12.655728942047425,0
05213,1161,pedal_depth,196,0,0,0,2.563961949114125,0
05213,1161,pedal_down_ratio,196,0,0,0,2.652660087729115,0
05213,1161,pedal_changes,196,0,0,0,3.955258447447697,0
05214,1161,tempo,196,0,0,0,3.3297563004391013,0
05214,1161,rubato,196,0,3,0,7.560569204843193,0
05214,1161,dynamics,196,0,0,0,2.6497851265151917,0
05214,1161,articulation,196,0,1,0,6.946298792418589,0
05214,1161,pedal_depth,196,0,0,0,2.623585683957309,0
05214,1161,pedal_down_ratio,196,0,0,0,2.630179917494106,0
05214,1161,pedal_changes,196,0,0,0,3.39022152638374,0
05215,1161,tempo,196,0,3,1,11.063236345740115,0
05215,1161,rubato,196,0,10,7,27.497437359294373,0
05215,1161,dynamics,196,0,0,0,3.3122314081439894,0
05215,1161,articulation,196,0,5,0,9.778052720173061,0
05215,1161,pedal_depth,196,0,0,0,2.720070917405172,0
05215,1161,pedal_down_ratio,196,0,0,0,2.634012213650193,0
05215,1161,pedal_changes,196,0,0,0,5.5091099803735775,0
05216,1161,tempo,196,0,0,0,3.2398505267367836,0
05216,1161,rubato,196,0,1,0,7.991340525142267,0
05216,1161,dynamics,196,0,0,0,2.747479224613984,0
05216,1161,articulation,196,0,1,0,7.924916318669758,0
05216,1161,pedal_depth,196,0,0,0,2.8010259535365227,0
05216,1161,pedal_down_ratio,196,0,0,0,2.487769017688292,0
05216,1161,pedal_changes,196,0,0,0,2.8251846053197833,0
05217,1161,tempo,196,0,0,0,5.531336716824245,0
05217,1161,rubato,196,0,2,1,13.643031082238503,0
05217,1161,dynamics,196,0,0,0,3.110151835364297,0
05217,1161,articulation,196,0,3,0,8.49251093283538,0
05217,1161,pedal_depth,196,0,0,0,2.9446747549932835,0
05217,1161,pedal_down_ratio,196,0,0,0,2.5286767562327035,0
05217,1161,pedal_changes,196,0,0,0,3.39022152638374,0
05220,1161,tempo,196,0,0,0,4.7634040157488595,0
05220,1161,rubato,196,0,5,0,8.999993650460723,0
05220,1161,dynamics,196,0,0,0,2.8558795252441507,0
05220,1161,articulation,196,0,2,0,8.034059534413633,0
05220,1161,pedal_depth,196,0,0,0,1.3847104886982244,0
05220,1161,pedal_down_ratio,196,0,0,0,2.652660087729115,0
05220,1161,pedal_changes,196,0,0,0,3.248962296117751,0
05787,1162,tempo,315,0,0,0,5.701887501898822,0
05787,1162,rubato,315,0,21,4,23.048441469879233,0
05787,1162,dynamics,315,0,0,0,3.560562930611423,0
05787,1162,articulation,315,0,3,1,17.45652417101312,0
05787,1162,pedal_depth,315,0,0,0,5.327233430850538,0
05787,1162,pedal_down_ratio,315,0,0,0,3.140571918424456,0
05787,1162,pedal_changes,315,0,0,0,4.139169560880909,0
05788,1162,tempo,315,0,0,0,4.237257449783037,0
05788,1162,rubato,315,0,16,4,15.735181948975642,0
05788,1162,dynamics,315,0,0,0,4.321313679358522,0
05788,1162,articulation,315,0,3,0,9.328122021082633,0
05788,1162,pedal_depth,315,0,0,0,5.327233430850538,0
05788,1162,pedal_down_ratio,315,0,0,0,3.196190075185219,0
05788,1162,pedal_changes,315,0,0,0,3.7252526047928183,0
05790,1162,tempo,315,0,0,0,3.5446741109186135,0
05790,1162,rubato,315,0,40,11,16.34341205082566,0
05790,1162,dynamics,315,0,0,0,3.9509153639849335,0
05790,1162,articulation,312,3,15,4,15.031126654789832,0
05790,1162,pedal_depth,315,0,0,0,2.3778106264948344,0
05790,1162,pedal_down_ratio,315,0,0,0,3.18590466866814,0
05790,1162,pedal_changes,315,0,0,0,3.7252526047928183,0
05791,1162,tempo,315,0,0,0,3.573675924116869,0
05791,1162,rubato,315,0,34,8,17.046638247200175,0
05791,1162,dynamics,315,0,0,0,4.321313679358524,0
05791,1162,articulation,314,1,7,2,11.987045210672411,0
05791,1162,pedal_depth,315,0,0,0,2.8581076230031184,0
05791,1162,pedal_down_ratio,315,0,0,0,3.126889505330752,0
05791,1162,pedal_changes,315,0,0,0,3.7252526047928183,0
05792,1162,tempo,315,0,0,0,3.4815101275139138,0
05792,1162,rubato,315,0,16,3,16.55241896337818,0
05792,1162,dynamics,315,0,0,0,3.4776286276742385,0
05792,1162,articulation,314,1,3,0,8.334941893809829,0
05792,1162,pedal_depth,315,0,0,0,3.598544726256273,0
05792,1162,pedal_down_ratio,315,0,0,0,3.1323038538117616,0
05792,1162,pedal_changes,315,0,0,0,4.9670034730570904,0
05793,1162,tempo,315,0,0,0,3.402895881452708,0
05793,1162,rubato,315,0,23,7,16.358987985512282,0
05793,1162,dynamics,315,0,0,0,3.652538943267322,0
05793,1162,articulation,313,2,10,0,8.735525883056553,0
05793,1162,pedal_depth,315,0,0,0,2.3189262161408637,0
05793,1162,pedal_down_ratio,315,0,0,0,3.0877936147926945,0
05793,1162,pedal_changes,315,0,0,0,2.897418692616636,0
05795,1162,tempo,315,0,0,0,4.047106172986379,0
05795,1162,rubato,315,0,27,8,16.96427922293209,0
05795,1162,dynamics,315,0,0,0,3.6782610485015987,0
05795,1162,articulation,314,1,6,2,17.136936485266048,0
05795,1162,pedal_depth,315,0,0,0,3.6266993566096373,0
05795,1162,pedal_down_ratio,315,0,0,0,3.191364423335418,0
05795,1162,pedal_changes,315,0,0,0,3.311335648704727,0
05798,1163,tempo,160,0,2,0,7.69181681115487,0
05798,1163,rubato,160,0,15,11,21.188452046310072,0
05798,1163,dynamics,159,1,0,0,5.5244005061892425,0
05798,1163,articulation,159,1,3,0,8.401501388755234,0
05798,1163,pedal_depth,160,0,0,0,2.4375115067478506,0
05798,1163,pedal_down_ratio,160,0,4,0,6.170209296389064,0
05798,1163,pedal_changes,160,0,0,0,5.219318688917463,0
05799,1163,tempo,160,0,1,0,7.505533066338129,0
05799,1163,rubato,160,0,4,3,19.908063419790302,0
05799,1163,dynamics,160,0,0,0,3.000795623793826,0
05799,1163,articulation,160,0,2,2,13.279123290111402,0
05799,1163,pedal_depth,160,0,0,0,2.711661547095294,0
05799,1163,pedal_down_ratio,160,0,0,0,5.868405580804817,0
05799,1163,pedal_changes,160,0,0,0,2.6096593444587315,0
05800,1163,tempo,160,0,0,0,4.15889418294131,0
05800,1163,rubato,160,0,3,1,14.403954496811822,0
05800,1163,dynamics,160,0,0,0,3.0833863290358554,0
05800,1163,articulation,160,0,1,1,12.203051627941905,0
05800,1163,pedal_depth,160,0,0,0,2.251391538151266,0
05800,1163,pedal_down_ratio,160,0,1,0,6.037626286714626,0
05800,1163,pedal_changes,160,0,1,0,7.8289780333761945,0
05801,1163,tempo,160,0,5,0,8.088987503457309,0
05801,1163,rubato,160,0,14,7,15.450542328734446,0
05801,1163,dynamics,159,1,0,0,5.395926075812751,0
05801,1163,articulation,159,1,1,0,8.569873359128495,0
05801,1163,pedal_depth,160,0,0,0,2.4375115067478506,0
05801,1163,pedal_down_ratio,160,0,3,0,6.170209296389064,0
05801,1163,pedal_changes,160,0,3,0,7.8289780333761945,0
05802,1163,tempo,160,0,0,0,5.5738567634805465,0
05802,1163,rubato,160,0,22,11,22.959387891588275,0
05802,1163,dynamics,160,0,0,0,3.66152126573008,0
05802,1163,articulation,160,0,1,0,6.013902747841978,0
05802,1163,pedal_depth,160,0,0,0,2.352388186016785,0
05802,1163,pedal_down_ratio,160,0,0,0,3.5795124443794815,0
05802,1163,pedal_changes,160,0,0,0,3.9144890166880972,0
05807,1164,tempo,580,0,23,10,35.5859848717169,0
05807,1164,rubato,580,0,29,12,40.430125897215625,0
05807,1164,dynamics,575,5,0,0,4.82260893025766,0
05807,1164,articulation,573,7,3,0,8.151894517099795,0
05807,1164,pedal_depth,580,0,0,0,2.609059709711305,0
05807,1164,pedal_down_ratio,580,0,0,0,3.7324179202668635,0
05807,1164,pedal_changes,580,0,6,0,7.038425629248677,0
05808,1164,tempo,580,0,24,10,18.44279879712727,0
05808,1164,rubato,580,0,28,14,21.395485257484932,0
05808,1164,dynamics,576,4,0,0,3.4146094698502663,0
05808,1164,articulation,576,4,3,0,9.29825406479583,0
05808,1164,pedal_depth,580,0,0,0,2.581904763575973,0
05808,1164,pedal_down_ratio,580,0,0,0,3.7324179202668635,0
05808,1164,pedal_changes,580,0,0,0,5.530191565838246,0
05809,1164,tempo,580,0,41,25,26.2646567517244,0
05809,1164,rubato,580,0,55,24,31.165361761746365,0
05809,1164,dynamics,575,5,0,0,5.868069607446387,0
05809,1164,articulation,573,7,12,0,9.665516390966003,0
05809,1164,pedal_depth,580,0,0,0,3.5798190604962956,0
05809,1164,pedal_down_ratio,580,0,0,0,3.7324179202668635,0
05809,1164,pedal_changes,580,0,2,0,7.038425629248677,0
05810,1164,tempo,580,0,28,9,15.495898319176137,0
05810,1164,rubato,580,0,31,13,17.445296882359944,0
05810,1164,dynamics,576,4,0,0,4.917037636584383,0
05810,1164,articulation,576,4,21,5,17.003703572968437,0
05810,1164,pedal_depth,580,0,0,0,3.5921298819802145,0
05810,1164,pedal_down_ratio,580,0,0,0,3.7324179202668635,0
05810,1164,pedal_changes,580,0,1,0,6.032936253641723,0
05847,1166,tempo,447,0,8,0,6.973284418879131,0
05847,1166,rubato,447,0,19,0,8.971879705480799,0
05847,1166,dynamics,414,33,0,0,3.542658031015969,0
05847,1166,articulation,410,37,4,1,18.426140104914957,0
05847,1166,pedal_depth,447,0,0,0,4.216638333085876,0
05847,1166,pedal_down_ratio,447,0,0,0,2.4328967001735022,0
05847,1166,pedal_changes,447,0,0,0,5.715164736272395,0
05848,1166,tempo,447,0,5,1,12.771432709336658,0
05848,1166,rubato,447,0,18,1,16.209354054780615,0
05848,1166,dynamics,416,31,0,0,3.4003190922697937,0
05848,1166,articulation,413,34,2,0,7.879355090997559,0
05848,1166,pedal_depth,447,0,0,0,3.9739981195283263,0
05848,1166,pedal_down_ratio,447,0,0,0,2.4328967001735027,0
05848,1166,pedal_changes,447,0,0,0,5.3976555842572616,0
05851,1166,tempo,447,0,2,0,6.25944839513798,0
05851,1166,rubato,447,0,14,0,8.457765538094442,0
05851,1166,dynamics,416,31,0,0,3.871619133896024,0
05851,1166,articulation,410,37,4,0,9.542455822003966,0
05851,1166,pedal_depth,447,0,0,0,2.6825138514625495,0
05851,1166,pedal_down_ratio,447,0,0,0,2.4328967001735022,0
05851,1166,pedal_changes,447,0,0,0,5.3976555842572616,0
05852,1166,tempo,446,1,5,2,11.411787138077766,0
05852,1166,rubato,446,1,23,2,14.481075153871549,0
05852,1166,dynamics,412,35,0,0,3.969674847254501,0
05852,1166,articulation,403,44,23,5,16.0854140918623,0
05852,1166,pedal_depth,447,0,0,0,4.395067584629463,0
05852,1166,pedal_down_ratio,447,0,0,0,2.4328967001735022,0
05852,1166,pedal_changes,447,0,0,0,5.080146432242128,0
05854,1166,tempo,447,0,2,1,14.175472688993352,0
05854,1166,rubato,447,0,8,2,17.797069069595057,0
05854,1166,dynamics,417,30,0,0,3.7731115508907336,0
05854,1166,articulation,411,36,5,0,8.120224447320926,0
05854,1166,pedal_depth,447,0,0,0,3.8653361205163557,0
05854,1166,pedal_down_ratio,447,0,0,0,2.4328967001735022,0
05854,1166,pedal_changes,447,0,0,0,5.080146432242128,0
05856,1166,tempo,447,0,6,0,8.703923625615081,0
05856,1166,rubato,447,0,16,2,11.23698068707047,0
05856,1166,dynamics,415,32,0,0,5.440510547631668,0
05856,1166,articulation,407,40,10,4,15.962358652987254,0
05856,1166,pedal_depth,447,0,0,0,3.5045911463404535,0
05856,1166,pedal_down_ratio,447,0,0,0,2.4328967001735022,0
05856,1166,pedal_changes,447,0,5,0,8.25523795239346,0
05858,1166,tempo,447,0,6,0,9.829353141564619,0
05858,1166,rubato,447,0,17,1,11.534655836043347,0
05858,1166,dynamics,417,30,0,0,4.702456791170009,0
05858,1166,articulation,411,36,6,2,13.075011090683052,0
05858,1166,pedal_depth,447,0,0,0,3.6279998428985833,0
05858,1166,pedal_down_ratio,447,0,0,0,2.4328967001735022,0
05858,1166,pedal_changes,447,0,0,0,5.080146432242128,0
05860,1166,tempo,447,0,4,0,8.154060892144662,0
05860,1166,rubato,447,0,18,0,9.587172469119986,0
05860,1166,dynamics,415,32,0,0,5.3772487970778124,0
05860,1166,articulation,410,37,6,1,10.803974470882437,0
05860,1166,pedal_depth,447,0,0,0,3.9739981195283263,0
05860,1166,pedal_down_ratio,447,0,0,0,2.4328967001735022,0
05860,1166,pedal_changes,447,0,0,0,5.080146432242128,0
05861,1166,tempo,447,0,3,1,10.940464912785126,0
05861,1166,rubato,447,0,6,1,14.450391912913009,0
05861,1166,dynamics,415,32,0,0,3.3106982789851624,0
05861,1166,articulation,410,37,6,1,13.544648565990054,0
05861,1166,pedal_depth,447,0,0,0,3.83840677068021,0
05861,1166,pedal_down_ratio,447,0,0,0,2.4328967001735022,0
05861,1166,pedal_changes,447,0,0,0,3.1750915201513306,0
05863,1166,tempo,447,0,4,0,8.372305780448613,0
05863,1166,rubato,447,0,9,1,10.769121548748858,0
05863,1166,dynamics,413,34,0,0,5.345617921800883,0
05863,1166,articulation,406,41,5,2,22.15632138669617,0
05863,1166,pedal_depth,447,0,0,0,3.796656831942707,0
05863,1166,pedal_down_ratio,447,0,0,0,2.4328967001735022,0
05863,1166,pedal_changes,447,0,1,0,7.30271049634806,0
05865,1166,tempo,447,0,6,0,7.649286849605101,0
05865,1166,rubato,447,0,7,0,9.301392635621268,0
05865,1166,dynamics,414,33,0,0,4.437811801353041,0
05865,1166,articulation,406,41,9,3,18.05743542076151,0
05865,1166,pedal_depth,447,0,0,0,4.035269141414576,0
05865,1166,pedal_down_ratio,447,0,0,0,2.4328967001735022,0
05865,1166,pedal_changes,447,0,1,1,10.795311168514523,0
05866,1166,tempo,447,0,1,0,6.654321396921033,0
05866,1166,rubato,447,0,13,0,8.153812829797111,0
05866,1166,dynamics,413,34,0,0,3.4372217800928753,0
05866,1166,articulation,409,38,7,1,13.068298468327296,0
05866,1166,pedal_depth,447,0,0,0,2.818373076471852,0
05866,1166,pedal_down_ratio,447,0,0,0,2.4328967001735022,0
05866,1166,pedal_changes,447,0,2,1,10.795311168514523,0
05867,1166,tempo,447,0,4,1,11.39047372040333,0
05867,1166,rubato,447,0,9,2,14.638469940231353,0
05867,1166,dynamics,416,31,0,0,2.4560621536456817,0
05867,1166,articulation,410,37,6,0,8.17016337310972,0
05867,1166,pedal_depth,447,0,0,0,3.967954295486546,0
05867,1166,pedal_down_ratio,447,0,0,0,2.4328967001735022,0
05867,1166,pedal_changes,447,0,0,0,3.8101098241815965,0
05868,1166,tempo,447,0,1,1,11.813470160084409,0
05868,1166,rubato,447,0,10,1,15.395496138401226,0
05868,1166,dynamics,414,33,0,0,3.07452107691743,0
05868,1166,articulation,409,38,3,0,8.596613671114582,0
05868,1166,pedal_depth,447,0,0,0,4.07034779674875,0
05868,1166,pedal_down_ratio,447,0,0,0,2.4328967001735022,0
05868,1166,pedal_changes,447,0,0,0,4.762637280226996,0
05869,1166,tempo,447,0,0,0,5.441647733186277,0
05869,1166,rubato,447,0,9,0,7.75126297860453,0
05869,1166,dynamics,417,30,0,0,2.647956130325713,0
05869,1166,articulation,411,36,6,2,17.51863076709092,0
05869,1166,pedal_depth,447,0,0,0,4.019693677981991,0
05869,1166,pedal_down_ratio,447,0,0,0,2.4328967001735022,0
05869,1166,pedal_changes,447,0,0,0,3.8101098241815965,0
05870,1166,tempo,447,0,2,0,6.925546834461704,0
05870,1166,rubato,447,0,9,0,8.904447286398561,0
05870,1166,dynamics,415,32,0,0,2.4687145037564515,0
05870,1166,articulation,411,36,7,0,8.046931326222042,0
05870,1166,pedal_depth,447,0,0,0,4.134016564784549,0
05870,1166,pedal_down_ratio,447,0,0,0,2.4328967001735022,0
05870,1166,pedal_changes,447,0,0,0,4.445128128211863,0
05871,1166,tempo,447,0,2,0,8.388243569854135,0
05871,1166,rubato,447,0,9,1,10.906647381250549,0
05871,1166,dynamics,414,33,0,0,3.373960029539019,0
05871,1166,articulation,406,41,6,1,13.365685688316221,0
05871,1166,pedal_depth,447,0,0,0,2.973237481543763,0
05871,1166,pedal_down_ratio,447,0,0,0,2.4328967001735022,0
05871,1166,pedal_changes,447,0,0,0,5.715164736272395,0
05872,1166,tempo,444,3,4,0,8.543232080761669,0
05872,1166,rubato,444,3,11,2,10.659098636988258,0
05872,1166,dynamics,413,34,0,0,2.5937317727081206,0
05872,1166,articulation,409,38,4,1,13.462384023780281,0
05872,1166,pedal_depth,447,0,0,0,3.069967478814635,0
05872,1166,pedal_down_ratio,447,0,0,0,2.4328967001735022,0
05872,1166,pedal_changes,447,0,0,0,3.8101098241815965,0
05873,1166,tempo,447,0,4,0,7.295219501460886,0
05873,1166,rubato,447,0,11,0,9.923429880534025,0
05873,1166,dynamics,415,32,0,0,3.1630875276928307,0
05873,1166,articulation,410,37,10,2,15.712813860305484,0
05873,1166,pedal_depth,447,0,0,0,4.248582562881994,0
05873,1166,pedal_down_ratio,447,0,0,0,2.4328967001735022,0
05873,1166,pedal_changes,447,0,0,0,4.445128128211863,0
05874,1166,tempo,447,0,4,0,7.805868654621435,0
05874,1166,rubato,447,0,11,0,9.40945485022315,0
05874,1166,dynamics,414,33,1,0,6.219232572306523,0
05874,1166,articulation,410,37,9,3,14.852154548550066,0
05874,1166,pedal_depth,447,0,0,0,4.395067584629463,0
05874,1166,pedal_down_ratio,447,0,0,0,2.4328967001735022,0
05874,1166,pedal_changes,447,0,0,0,5.080146432242128,0
05876,1166,tempo,447,0,26,1,11.223310421017352,0
05876,1166,rubato,447,0,27,1,12.223090584291631,0
05876,1166,dynamics,415,32,0,0,5.086244744530072,0
05876,1166,articulation,410,37,12,0,9.518256944193352,0
05876,1166,pedal_depth,447,0,0,0,3.0027576008339025,0
05876,1166,pedal_down_ratio,447,0,0,0,2.4328967001735022,0
05876,1166,pedal_changes,447,0,0,0,4.445128128211863,0
05878,1166,tempo,447,0,0,0,5.876197683036364,0
05878,1166,rubato,447,0,3,0,7.086454354952499,0
05878,1166,dynamics,414,33,0,0,1.9470561003798095,0
05878,1166,articulation,409,38,8,2,13.407170550079755,0
05878,1166,pedal_depth,447,0,0,0,1.7545276651552857,0
05878,1166,pedal_down_ratio,447,0,0,0,2.4328967001735022,0
05878,1166,pedal_changes,447,0,0,0,5.715164736272395,0
05879,1166,tempo,447,0,0,0,5.625019164092757,0
05879,1166,rubato,447,0,16,0,6.894386255061859,0
05879,1166,dynamics,418,29,0,0,3.416134529908257,0
05879,1166,articulation,414,33,8,0,9.556022742635706,0
05879,1166,pedal_depth,447,0,0,0,4.1221344024306426,0
05879,1166,pedal_down_ratio,447,0,0,0,2.4328967001735022,0
05879,1166,pedal_changes,447,0,0,0,5.715164736272395,0
05882,1166,tempo,447,0,4,0,6.539099776567539,0
05882,1166,rubato,447,0,9,0,7.548607325539232,0
05882,1166,dynamics,413,34,0,0,4.365060788216106,0
05882,1166,articulation,410,37,7,1,14.421329875475793,0
05882,1166,pedal_depth,447,0,0,0,3.6132451005227497,0
05882,1166,pedal_down_ratio,447,0,0,0,2.4328967001735022,0
05882,1166,pedal_changes,447,0,0,0,2.540073216121064,0
05883,1166,tempo,447,0,1,0,6.421181010565824,0
05883,1166,rubato,447,0,7,0,8.334817339820857,0
05883,1166,dynamics,416,31,0,0,4.2258849369976215,0
05883,1166,articulation,413,34,5,0,8.262102923835238,0
05883,1166,pedal_depth,447,0,0,0,4.216638333085876,0
05883,1166,pedal_down_ratio,447,0,0,0,2.4328967001735022,0
05883,1166,pedal_changes,447,0,1,0,6.985201344332927,0
05885,1166,tempo,444,3,2,0,6.86301659684319,0
05885,1166,rubato,444,3,7,0,8.071679894204808,0
05885,1166,dynamics,413,34,0,0,3.5285998642262246,0
05885,1166,articulation,408,39,3,1,11.731404695713183,0
05885,1166,pedal_depth,447,0,0,0,2.491902725289599,0
05885,1166,pedal_down_ratio,447,0,0,0,2.4328967001735022,0
05885,1166,pedal_changes,447,0,0,0,5.080146432242128,0
05887,1166,tempo,447,0,0,0,5.699753740396828,0
05887,1166,rubato,447,0,13,0,6.8066436169887945,0
05887,1166,dynamics,415,32,0,0,5.090462194566997,0
05887,1166,articulation,411,36,5,0,7.08509067210257,0
05887,1166,pedal_depth,447,0,0,0,4.395067584629463,0
05887,1166,pedal_down_ratio,447,0,0,0,2.4328967001735022,0
05887,1166,pedal_changes,447,0,0,0,5.080146432242128,0
05890,1166,tempo,447,0,3,0,6.491957766021495,0
05890,1166,rubato,447,0,14,0,7.641210018607539,0
05890,1166,dynamics,414,33,0,0,2.852050587469702,0
05890,1166,articulation,411,36,4,1,11.308443392753668,0
05890,1166,pedal_depth,447,0,0,0,4.868015852503466,0
05890,1166,pedal_down_ratio,447,0,0,0,2.4328967001735022,0
05890,1166,pedal_changes,447,0,0,0,3.8101098241815965,0
05894,1167,tempo,1213,0,1,0,9.184444201975605,0
05894,1167,rubato,1213,0,2,1,12.50451048537251,0
05894,1167,dynamics,785,428,0,0,4.3063640797351885,0
05894,1167,articulation,766,447,4,1,11.489052658767763,0
05894,1167,pedal_depth,1213,0,0,0,5.357117954419727,0
05894,1167,pedal_down_ratio,1213,0,0,0,2.802306061374756,0
05894,1167,pedal_changes,1213,0,0,0,4.79409142924616,0
05895,1167,tempo,1213,0,2,1,10.139137066254115,0
05895,1167,rubato,1213,0,6,1,12.761550820889607,0
05895,1167,dynamics,790,423,0,0,3.735641129408838,0
05895,1167,articulation,772,441,5,0,9.951108013821198,0
05895,1167,pedal_depth,1213,0,0,0,5.161602700608403,0
05895,1167,pedal_down_ratio,1213,0,0,0,2.802306061374756,0
05895,1167,pedal_changes,1213,0,0,0,5.9926142865577,0
05896,1167,tempo,1212,1,3,0,9.137473724018777,0
05896,1167,rubato,1212,1,6,2,11.17498445120179,0
05896,1167,dynamics,795,418,0,0,3.251391353374359,0
05896,1167,articulation,785,428,10,3,14.816574153159818,0
05896,1167,pedal_depth,1213,0,0,0,5.7090454112797,0
05896,1167,pedal_down_ratio,1213,0,0,0,2.802306061374756,0
05896,1167,pedal_changes,1213,0,0,0,4.79409142924616,0
05900,1167,tempo,1213,0,1,0,6.687392548231657,0
05900,1167,rubato,1213,0,1,0,8.918473620114245,0
05900,1167,dynamics,785,428,0,0,4.609020189756738,0
05900,1167,articulation,763,450,5,0,6.966125588272592,0
05900,1167,pedal_depth,1213,0,0,0,5.859332104655132,0
05900,1167,pedal_down_ratio,1213,0,0,0,2.802306061374756,0
05900,1167,pedal_changes,1213,0,2,0,6.392121905661547,0
05901,1167,tempo,1213,0,3,0,7.9845803241698885,0
05901,1167,rubato,1213,0,4,2,11.965041823662986,0
05901,1167,dynamics,779,434,0,0,3.839408938559083,0
05901,1167,articulation,740,473,55,18,28.688127686730827,0
05901,1167,pedal_depth,1213,0,0,0,5.2601231180325225,0
05901,1167,pedal_down_ratio,1213,0,0,0,2.802306061374756,0
05901,1167,pedal_changes,1213,0,1,0,6.392121905661547,0
05903,1167,tempo,1213,0,0,0,5.152507260757538,0
05903,1167,rubato,1213,0,0,0,5.320658564410238,0
05903,1167,dynamics,790,423,0,0,3.6145786854002186,0
05903,1167,articulation,786,427,4,1,16.150147216827975,0
05903,1167,pedal_depth,1213,0,0,0,5.904560665090672,0
05903,1167,pedal_down_ratio,1213,0,0,0,2.802306061374756,0
05903,1167,pedal_changes,1213,0,0,0,4.79409142924616,0
05904,1167,tempo,1213,0,0,0,4.336967351808043,0
05904,1167,rubato,1213,0,1,0,6.320354548174526,0
05904,1167,dynamics,785,428,0,0,3.6924045422629024,0
05904,1167,articulation,755,458,2,0,7.437742145023372,0
05904,1167,pedal_depth,1213,0,1,0,6.92123998490743,0
05904,1167,pedal_down_ratio,1213,0,0,0,2.802306061374756,0
05904,1167,pedal_changes,1213,0,0,0,4.79409142924616,0
05905,1167,tempo,1213,0,2,0,7.787575569543895,0
05905,1167,rubato,1213,0,6,1,10.345334651955335,0
05905,1167,dynamics,782,431,0,0,4.15071236600982,0
05905,1167,articulation,768,445,33,10,25.9004942874673,0
05905,1167,pedal_depth,1213,0,1,0,6.021869817377167,0
05905,1167,pedal_down_ratio,1213,0,0,0,2.802306061374756,0
05905,1167,pedal_changes,1213,0,0,0,4.79409142924616,0
05906,1167,tempo,1213,0,1,0,6.276923498895074,0
05906,1167,rubato,1213,0,5,0,9.05012702308614,0
05906,1167,dynamics,789,424,0,0,3.476221606533224,0
05906,1167,articulation,779,434,10,3,23.29880111605097,0
05906,1167,pedal_depth,1213,0,1,0,6.021869817377167,0
05906,1167,pedal_down_ratio,1213,0,0,0,2.802306061374756,0
05906,1167,pedal_changes,1213,0,1,0,6.392121905661547,0
05908,1167,tempo,1213,0,3,1,15.154967992900293,0
05908,1167,rubato,1213,0,4,2,20.99320476992168,0
05908,1167,dynamics,786,427,0,0,2.8536147516317514,0
05908,1167,articulation,782,431,1,0,6.357401635135091,0
05908,1167,pedal_depth,1213,0,1,0,6.138016291272666,0
05908,1167,pedal_down_ratio,1213,0,0,0,2.802306061374756,0
05908,1167,pedal_changes,1213,0,1,0,6.791629524765393,0
05910,1167,tempo,1213,0,0,0,5.26502905358601,0
05910,1167,rubato,1213,0,4,0,7.597893384413866,0
05910,1167,dynamics,789,424,0,0,5.862881216988871,0
05910,1167,articulation,767,446,9,2,12.190806579563347,0
05910,1167,pedal_depth,1213,0,0,0,5.161602700608403,0
05910,1167,pedal_down_ratio,1213,0,0,0,2.802306061374756,0
05910,1167,pedal_changes,1213,0,2,0,6.392121905661547,0
05912,1167,tempo,1213,0,2,0,6.733805528585245,0
05912,1167,rubato,1213,0,3,0,8.694234212148777,0
05912,1167,dynamics,786,427,0,0,5.136506552937153,0
05912,1167,articulation,744,469,3,0,8.94444864587458,0
05912,1167,pedal_depth,1213,0,1,0,6.725724731096109,0
05912,1167,pedal_down_ratio,1213,0,0,0,2.802306061374756,0
05912,1167,pedal_changes,1213,0,0,0,4.79409142924616,0
05913,1167,tempo,1213,0,0,0,5.070735578575681,0
05913,1167,rubato,1213,0,1,0,7.095052619034244,0
05913,1167,dynamics,786,427,0,0,4.4101318888854335,0
05913,1167,articulation,758,455,8,0,9.505223369991352,0
05913,1167,pedal_depth,1213,0,0,0,5.98276676661521,0
05913,1167,pedal_down_ratio,1213,0,0,0,2.802306061374756,0
05913,1167,pedal_changes,1213,0,2,0,9.58818285849232,0
05914,1167,tempo,1213,0,0,0,3.7851086855313674,0
05914,1167,rubato,1213,0,0,0,4.952414023602814,0
05914,1167,dynamics,789,424,0,0,2.4082779040286137,0
05914,1167,articulation,773,440,3,1,10.673775141134156,0
05914,1167,pedal_depth,1213,0,0,0,5.904560665090504,0
05914,1167,pedal_down_ratio,1213,0,0,0,2.802306061374756,0
05914,1167,pedal_changes,1213,0,0,0,3.995076191038467,0
05915,1167,tempo,1213,0,1,0,6.849731440990444,0
05915,1167,rubato,1213,0,1,0,8.764788549107834,0
05915,1167,dynamics,789,424,0,0,2.179123992155155,0
05915,1167,articulation,778,435,3,1,12.34067469852505,0
05915,1167,pedal_depth,1213,0,0,0,5.982766766615126,0
05915,1167,pedal_down_ratio,1213,0,0,0,2.802306061374756,0
05915,1167,pedal_changes,1213,0,0,0,4.79409142924616,0
05916,1167,tempo,1213,0,0,0,4.788061850080636,0
05916,1167,rubato,1213,0,1,0,7.60694293212723,0
05916,1167,dynamics,791,422,0,0,3.5799894156834697,0
05916,1167,articulation,776,437,4,2,28.325897230209467,0
05916,1167,pedal_depth,1213,0,1,0,6.0928761898535235,0
05916,1167,pedal_down_ratio,1213,0,0,0,2.802306061374756,0
05916,1167,pedal_changes,1213,0,0,0,4.79409142924616,0
05917,1167,tempo,1213,0,0,0,3.8013897898410534,0
05917,1167,rubato,1213,0,0,0,4.971427360465107,0
05917,1167,dynamics,792,421,0,0,2.1272400875800326,0
05917,1167,articulation,777,436,5,2,18.51304735088352,0
05917,1167,pedal_depth,1213,0,0,0,5.982766766615126,0
05917,1167,pedal_down_ratio,1213,0,0,0,2.802306061374756,0
05917,1167,pedal_changes,1213,0,1,0,6.392121905661547,0
05918,1167,tempo,1213,0,3,0,8.455011574907498,0
05918,1167,rubato,1213,0,6,2,13.450782936596331,0
05918,1167,dynamics,789,424,0,0,4.306364079735188,0
05918,1167,articulation,771,442,8,2,17.21699018177455,0
05918,1167,pedal_depth,1213,0,1,0,6.428175429774001,0
05918,1167,pedal_down_ratio,1213,0,0,0,2.802306061374756,0
05918,1167,pedal_changes,1213,0,1,0,7.19113714386924,0
05919,1167,tempo,1213,0,0,0,5.022161628043496,0
05919,1167,rubato,1213,0,2,0,7.601206084928756,0
05919,1167,dynamics,786,427,0,0,3.4762216065332248,0
05919,1167,articulation,769,444,4,2,29.155419596321924,0
05919,1167,pedal_depth,1213,0,0,0,5.552633208230818,0
05919,1167,pedal_down_ratio,1213,0,0,0,2.802306061374756,0
05919,1167,pedal_changes,1213,0,0,0,4.79409142924616,0
05920,1167,tempo,1213,0,1,0,7.4001963304632445,0
05920,1167,rubato,1213,0,2,0,8.69581393466937,0
05920,1167,dynamics,789,424,0,0,3.2168020836576106,0
05920,1167,articulation,762,451,2,1,10.03326684721719,0
05920,1167,pedal_depth,1213,0,0,0,5.98276676661521,0
05920,1167,pedal_down_ratio,1213,0,0,0,2.802306061374756,0
05920,1167,pedal_changes,1213,0,1,0,7.19113714386924,0
05921,1167,tempo,1213,0,1,0,6.153666253353161,0
05921,1167,rubato,1213,0,5,0,8.341780948391047,0
05921,1167,dynamics,788,425,0,0,4.046944556859574,0
05921,1167,articulation,769,444,7,0,9.433636185945113,0
05921,1167,pedal_depth,1213,0,0,0,5.748148462041861,0
05921,1167,pedal_down_ratio,1213,0,0,0,2.802306061374756,0
05921,1167,pedal_changes,1213,0,1,0,6.392121905661547,0
05923,1167,tempo,1213,0,0,0,5.767811883629089,0
05923,1167,rubato,1213,0,6,0,8.719247711893146,0
05923,1167,dynamics,780,433,0,0,5.707229503263503,0
05923,1167,articulation,737,476,10,3,11.31468038912675,0
05923,1167,pedal_depth,1213,0,0,0,5.943663715852774,0
05923,1167,pedal_down_ratio,1213,0,0,0,2.802306061374756,0
05923,1167,pedal_changes,1213,0,0,0,5.593106667453854,0
05925,1167,tempo,1213,0,0,0,4.731241836663391,0
05925,1167,rubato,1213,0,3,0,6.243310742221334,0
05925,1167,dynamics,789,424,0,0,3.3205698928078564,0
05925,1167,articulation,759,454,8,2,21.50420308139539,0
05925,1167,pedal_depth,1213,0,0,0,5.591327088598083,0
05925,1167,pedal_down_ratio,1213,0,0,0,2.802306061374756,0
05925,1167,pedal_changes,1213,0,0,0,4.79409142924616,0
05926,1167,tempo,1213,0,0,0,4.742091808802445,0
05926,1167,rubato,1213,0,2,0,6.433018597907836,0
05926,1167,dynamics,786,427,0,0,3.7356411294088385,0
05926,1167,articulation,753,460,9,1,10.619943602274189,0
05926,1167,pedal_depth,1213,0,0,0,5.591327088598083,0
05926,1167,pedal_down_ratio,1213,0,0,0,2.802306061374756,0
05926,1167,pedal_changes,1213,0,0,0,4.79409142924616,0
05927,1167,tempo,1213,0,0,0,4.499612844673262,0
05927,1167,rubato,1213,0,1,0,7.604174679733123,0
05927,1167,dynamics,786,427,0,0,4.176654318297381,0
05927,1167,articulation,754,459,11,2,12.527924182025911,0
05927,1167,pedal_depth,1213,0,0,0,5.828225501187516,0
05927,1167,pedal_down_ratio,1213,0,0,0,2.802306061374756,0
05927,1167,pedal_changes,1213,0,0,0,4.79409142924616,0
05928,1167,tempo,1213,0,0,0,4.463811877737712,0
05928,1167,rubato,1213,0,1,0,7.623900060326178,0
05928,1167,dynamics,791,422,0,0,3.7875250339839615,0
05928,1167,articulation,759,454,9,2,12.348533110202244,0
05928,1167,pedal_depth,1213,0,0,0,5.513530157468631,0
05928,1167,pedal_down_ratio,1213,0,0,0,2.802306061375142,0
05928,1167,pedal_changes,1213,0,1,0,6.392121905661547,0
05930,1167,tempo,1213,0,8,3,10.63473579310773,0
05930,1167,rubato,1213,0,8,5,12.848228512356071,0
05930,1167,dynamics,778,435,0,0,3.839408938559084,0
05930,1167,articulation,774,439,22,6,16.422531226592305,0
05930,1167,pedal_depth,1213,0,0,0,5.787251512803967,0
05930,1167,pedal_down_ratio,1213,0,0,0,2.802306061374756,0
05930,1167,pedal_changes,1213,0,0,0,4.79409142924616,0
05931,1167,tempo,1213,0,0,0,5.699894981585802,0
05931,1167,rubato,1213,0,6,0,8.051460282792897,0
05931,1167,dynamics,790,423,0,0,3.3724537973829793,0
05931,1167,articulation,770,443,3,0,6.765389854502632,0
05931,1167,pedal_depth,1213,0,0,0,5.2601231180325225,0
05931,1167,pedal_down_ratio,1213,0,0,0,2.802306061374756,0
05931,1167,pedal_changes,1213,0,1,0,6.392121905661547,0
05933,1167,tempo,1213,0,0,0,5.780218112966823,0
05933,1167,rubato,1213,0,2,0,6.564853623481733,0
05933,1167,dynamics,788,425,0,0,3.995060652284452,0
05933,1167,articulation,780,433,7,2,24.908648513223376,0
05933,1167,pedal_depth,1213,0,0,0,5.621040742736446,0
05933,1167,pedal_down_ratio,1213,0,0,0,2.802306061374756,0
05933,1167,pedal_changes,1213,0,0,0,5.593106667453854,0
05934,1167,tempo,1213,0,1,0,8.074350515802559,0
05934,1167,rubato,1213,0,4,1,10.54387273017486,0
05934,1167,dynamics,789,424,0,0,3.7875250339839615,0
05934,1167,articulation,782,431,7,2,15.953495012800216,0
05934,1167,pedal_depth,1213,0,0,0,5.618936242730756,0
05934,1167,pedal_down_ratio,1213,0,0,0,2.802306061374756,0
05934,1167,pedal_changes,1213,0,0,0,4.79409142924616,0
05938,1167,tempo,1213,0,1,0,7.331859631193883,0
05938,1167,rubato,1213,0,8,0,9.477898030641644,0
05938,1167,dynamics,781,432,0,0,3.995060652284452,0
05938,1167,articulation,768,445,9,0,9.979508153047204,0
05938,1167,pedal_depth,1213,0,0,0,5.943663715852595,0
05938,1167,pedal_down_ratio,1213,0,0,0,2.802306061374756,0
05938,1167,pedal_changes,1213,0,1,0,8.389660001180781,0
05939,1167,tempo,1213,0,0,0,4.932893931185846,0
05939,1167,rubato,1213,0,1,0,6.3204480748918295,0
05939,1167,dynamics,784,429,0,0,3.5799894156834706,0
05939,1167,articulation,770,443,3,2,15.17724384373245,0
05939,1167,pedal_depth,1213,0,0,0,5.950942167784694,0
05939,1167,pedal_down_ratio,1213,0,0,0,2.802306061374756,0
05939,1167,pedal_changes,1213,0,1,0,6.392121905661547,0
05943,1168,tempo,797,0,11,1,10.012043395703534,0
05943,1168,rubato,797,0,23,3,12.927424090317018,0
05943,1168,dynamics,777,20,2,0,6.59790319846977,0
05943,1168,articulation,777,20,3,0,8.450219605464882,0
05943,1168,pedal_depth,797,0,0,0,3.9100511002822604,0
05943,1168,pedal_down_ratio,797,0,0,0,2.6075214981224444,0
05943,1168,pedal_changes,797,0,0,0,3.9461567762915006,0
05944,1168,tempo,797,0,15,3,26.650817881435877,0
05944,1168,rubato,797,0,25,7,34.89064253089798,0
05944,1168,dynamics,775,22,0,0,5.193578847969782,0
05944,1168,articulation,775,22,5,1,12.187422531739195,0
05944,1168,pedal_depth,797,0,0,0,3.6225473429083492,0
05944,1168,pedal_down_ratio,797,0,0,0,2.6075214981224444,0
05944,1168,pedal_changes,797,0,0,0,3.288463980242917,0
05945,1168,tempo,797,0,10,1,11.187069676055781,0
05945,1168,rubato,797,0,24,4,13.517800170279308,0
05945,1168,dynamics,778,19,0,0,3.462385898646522,0
05945,1168,articulation,777,20,5,1,15.458078319999721,0
05945,1168,pedal_depth,797,0,0,0,4.025052603231806,0
05945,1168,pedal_down_ratio,797,0,0,0,2.607521498122457,0
05945,1168,pedal_changes,797,0,0,0,5.2615423683886675,0
05949,1168,tempo,797,0,11,0,8.696627284011102,0
05949,1168,rubato,797,0,29,5,12.530289330815284,0
05949,1168,dynamics,775,22,0,0,5.607612406479259,0
05949,1168,articulation,775,22,6,0,8.384130285655445,0
05949,1168,pedal_depth,797,0,0,0,3.6150466875092664,0
05949,1168,pedal_down_ratio,797,0,0,0,2.6075214981224444,0
05949,1168,pedal_changes,797,0,1,0,6.576927960485834,0
05950,1168,tempo,797,0,21,4,11.912761452856858,0
05950,1168,rubato,797,0,46,12,15.804130867474047,0
05950,1168,dynamics,773,24,0,0,5.433282487106846,0
05950,1168,articulation,772,25,15,2,12.953008692358933,0
05950,1168,pedal_depth,797,0,0,0,4.600060117979204,0
05950,1168,pedal_down_ratio,797,0,0,0,2.6075214981224444,0
05950,1168,pedal_changes,797,0,0,0,5.2615423683886675,0
05952,1168,tempo,797,0,21,3,12.008956680392702,0
05952,1168,rubato,797,0,36,5,14.440226743044047,0
05952,1168,dynamics,776,21,0,0,3.3413234546379003,0
05952,1168,articulation,776,21,8,1,19.196583729801343,0
05952,1168,pedal_depth,797,0,0,0,3.6934552024460605,0
05952,1168,pedal_down_ratio,797,0,0,0,2.6075214981224444,0
05952,1168,pedal_changes,797,0,0,0,4.603849572340084,0
05953,1168,tempo,797,0,12,2,12.946480271031927,0
05953,1168,rubato,797,0,23,8,17.089279058909547,0
05953,1168,dynamics,775,22,0,0,4.26139802910341,0
05953,1168,articulation,775,22,5,1,12.743642786906804,0
05953,1168,pedal_depth,797,0,0,0,3.8177350021684178,0
05953,1168,pedal_down_ratio,797,0,0,0,2.6075214981224444,0
05953,1168,pedal_changes,797,0,0,0,5.2615423683886675,0
05954,1168,tempo,797,0,16,0,9.890093523057581,0
05954,1168,rubato,797,0,34,7,12.527521149787109,0
05954,1168,dynamics,776,21,0,0,3.413960921043073,0
05954,1168,articulation,775,22,19,2,11.506815402861397,0
05954,1168,pedal_depth,797,0,0,0,3.6830327186720084,0
05954,1168,pedal_down_ratio,797,0,0,0,2.6075214981224444,0
05954,1168,pedal_changes,797,0,0,0,3.288463980242917,0
05955,1168,tempo,797,0,11,1,10.848814500122609,0
05955,1168,rubato,797,0,23,5,13.29362998182545,0
05955,1168,dynamics,777,20,0,0,4.358247984310305,0
05955,1168,articulation,777,20,5,0,9.162619575535091,0
05955,1168,pedal_depth,797,0,0,0,3.3925443370096837,0
05955,1168,pedal_down_ratio,797,0,0,0,2.6075214981224444,0
05955,1168,pedal_changes,797,0,0,0,5.2615423683886675,0
05957,1168,tempo,797,0,7,0,9.092202970218331,0
05957,1168,rubato,797,0,17,3,11.125913759534257,0
05957,1168,dynamics,777,20,0,0,3.413960921043073,0
05957,1168,articulation,777,20,4,1,17.765450681622532,0
05957,1168,pedal_depth,797,0,0,0,3.6150466875092664,0
05957,1168,pedal_down_ratio,797,0,0,0,2.6075214981224444,0
05957,1168,pedal_changes,797,0,0,0,5.2615423683886675,0
05958,1168,tempo,797,0,16,1,10.15547963839119,0
05958,1168,rubato,797,0,25,2,12.067783324293455,0
05958,1168,dynamics,776,21,0,0,3.870769876435597,0
05958,1168,articulation,776,21,6,0,9.291117226036848,0
05958,1168,pedal_depth,797,0,0,0,4.068642956401988,0
05958,1168,pedal_down_ratio,797,0,0,0,2.6075214981224444,0
05958,1168,pedal_changes,797,0,0,0,5.2615423683886675,0
05959,1168,tempo,797,0,9,2,10.355735844084915,0
05959,1168,rubato,797,0,21,5,12.59988481202676,0
05959,1168,dynamics,778,19,0,0,3.2686859882327295,0
05959,1168,articulation,778,19,9,2,27.51694694181756,0
05959,1168,pedal_depth,797,0,0,0,3.180682787148522,0
05959,1168,pedal_down_ratio,797,0,0,0,2.6075214981224444,0
05959,1168,pedal_changes,797,0,0,0,5.2615423683886675,0
05961,1168,tempo,797,0,11,0,9.41421548802993,0
05961,1168,rubato,797,0,24,5,14.146281215621798,0
05961,1168,dynamics,778,19,0,0,3.428949604586998,0
05961,1168,articulation,778,19,2,0,8.469776393472797,0
05961,1168,pedal_depth,797,0,0,0,4.129224830822032,0
05961,1168,pedal_down_ratio,797,0,0,0,2.607521498122454,0
05961,1168,pedal_changes,797,0,0,0,5.919235164437251,0
05962,1168,tempo,797,0,10,1,11.02199573152416,0
05962,1168,rubato,797,0,28,5,13.773635504799971,0
05962,1168,dynamics,777,20,0,0,4.503522917120648,0
05962,1168,articulation,777,20,5,0,8.812772953848397,0
05962,1168,pedal_depth,797,0,0,0,3.544348233927984,0
05962,1168,pedal_down_ratio,797,0,0,0,2.6075214981224444,0
05962,1168,pedal_changes,797,0,0,0,5.2615423683886675,0
05963,1168,tempo,797,0,12,0,9.855401606929087,0
05963,1168,rubato,797,0,19,7,12.819514538189672,0
05963,1168,dynamics,776,21,0,0,2.687586256991355,0
05963,1168,articulation,776,21,2,1,16.974861452779642,0
05963,1168,pedal_depth,797,0,0,0,3.6815678403743055,0
05963,1168,pedal_down_ratio,797,0,0,0,2.6075214981224444,0
05963,1168,pedal_changes,797,0,0,0,3.9461567762915006,0
05964,1168,tempo,797,0,7,0,9.800872225643785,0
05964,1168,rubato,797,0,14,4,13.154364968397006,0
05964,1168,dynamics,776,21,0,0,2.9539236338103176,0
05964,1168,articulation,776,21,2,0,8.656757514646559,0
05964,1168,pedal_depth,797,0,0,0,3.91883069781561,0
05964,1168,pedal_down_ratio,797,0,0,0,2.6075214981224444,0
05964,1168,pedal_changes,797,0,1,0,6.576927960485834,0
05965,1168,tempo,797,0,11,2,10.39871282372269,0
05965,1168,rubato,797,0,18,5,13.505504574108478,0
05965,1168,dynamics,776,21,0,0,4.5156291615215105,0
05965,1168,articulation,776,21,2,0,7.827622929395395,0
05965,1168,pedal_depth,797,0,0,0,2.8932029573593407,0
05965,1168,pedal_down_ratio,797,0,0,0,2.6075214981224444,0
05965,1168,pedal_changes,797,0,0,0,5.919235164437251,0
05966,1168,tempo,797,0,7,0,8.94575720606407,0
05966,1168,rubato,797,0,14,2,12.687486329227186,0
05966,1168,dynamics,776,21,0,0,3.337288039837615,0
05966,1168,articulation,776,21,1,0,8.530404948043886,0
05966,1168,pedal_depth,797,0,0,0,2.875037573736978,0
05966,1168,pedal_down_ratio,797,0,0,0,2.6075214981224444,0
05966,1168,pedal_changes,797,0,0,0,3.288463980242917,0
05967,1168,tempo,797,0,4,0,7.2361286880568985,0
05967,1168,rubato,797,0,13,0,9.632579179602052,0
05967,1168,dynamics,776,21,0,0,3.062879833418076,0
05967,1168,articulation,776,21,2,0,9.134110700686598,0
05967,1168,pedal_depth,797,0,0,0,3.6851248405301074,0
05967,1168,pedal_down_ratio,797,0,0,0,2.6075214981224444,0
05967,1168,pedal_changes,797,0,0,0,5.919235164437251,0
05968,1168,tempo,797,0,8,2,12.700391690767718,0
05968,1168,rubato,797,0,12,6,15.80277953256609,0
05968,1168,dynamics,775,22,0,0,3.0888217857056377,0
05968,1168,articulation,775,22,4,0,8.581397830617105,0
05968,1168,pedal_depth,797,0,0,0,3.7367704761388896,0
05968,1168,pedal_down_ratio,797,0,0,0,2.6075214981224444,0
05968,1168,pedal_changes,797,0,0,0,5.919235164437251,0
05969,1168,tempo,797,0,10,1,12.39275313205726,0
05969,1168,rubato,797,0,18,6,16.13078854629945,0
05969,1168,dynamics,775,22,0,0,3.995060652284448,0
05969,1168,articulation,775,22,3,0,7.859065956229998,0
05969,1168,pedal_depth,797,0,0,0,3.763452478592314,0
05969,1168,pedal_down_ratio,797,0,0,0,2.6075214981224537,0
05969,1168,pedal_changes,797,0,1,0,7.892313552583001,0
05970,1168,tempo,797,0,15,1,12.72806806424083,0
05970,1168,rubato,797,0,22,10,16.94264183697258,0
05970,1168,dynamics,776,21,0,0,3.6560858090603126,0
05970,1168,articulation,776,21,1,0,6.035819226356217,0
05970,1168,pedal_depth,797,0,0,0,2.6435923848882226,0
05970,1168,pedal_down_ratio,797,0,0,0,2.6075214981224466,0
05970,1168,pedal_changes,797,0,0,0,5.2615423683886675,0
05972,1168,tempo,797,0,13,3,12.434652644180277,0
05972,1168,rubato,797,0,29,8,15.935937320817406,0
05972,1168,dynamics,775,22,0,0,3.595554587056003,0
05972,1168,articulation,775,22,6,2,15.829734930636011,0
05972,1168,pedal_depth,797,0,0,0,4.715061620928693,0
05972,1168,pedal_down_ratio,797,0,0,0,2.6075214981224444,0
05972,1168,pedal_changes,797,0,1,0,6.576927960485834,0
05973,1168,tempo,797,0,2,1,13.265110846604083,0
05973,1168,rubato,797,0,18,1,17.682789739659242,0
05973,1168,dynamics,776,21,0,0,4.104016851892204,0
05973,1168,articulation,776,21,6,1,10.02124449363819,0
05973,1168,pedal_depth,797,0,0,0,3.9256900272712447,0
05973,1168,pedal_down_ratio,797,0,0,0,2.6075214981224444,0
05973,1168,pedal_changes,797,0,1,0,6.576927960485834,0
05974,1168,tempo,797,0,8,1,11.98719641525277,0
05974,1168,rubato,797,0,15,2,16.26447526646812,0
05974,1168,dynamics,775,22,0,0,3.8255732306723793,0
05974,1168,articulation,775,22,15,2,13.438751617189876,0
05974,1168,pedal_depth,797,0,0,0,3.5654794784564197,0
05974,1168,pedal_down_ratio,797,0,0,0,2.6075214981224444,0
05974,1168,pedal_changes,797,0,0,0,4.603849572340084,0
05975,1168,tempo,797,0,8,1,15.04409624579624,0
05975,1168,rubato,797,0,17,2,20.312370170445813,0
05975,1168,dynamics,775,22,0,0,3.728723275465483,0
05975,1168,articulation,775,22,18,1,10.321721243592517,0
05975,1168,pedal_depth,797,0,0,0,3.5581565347652857,0
05975,1168,pedal_down_ratio,797,0,0,0,2.6075214981224444,0
05975,1168,pedal_changes,797,0,0,0,5.919235164437251,0
05977,1168,tempo,797,0,15,0,9.580576460704544,0
05977,1168,rubato,797,0,35,5,12.056997685207246,0
05977,1168,dynamics,775,22,0,0,2.941817389409456,0
05977,1168,articulation,775,22,13,3,15.657253899114362,0
05977,1168,pedal_depth,797,0,0,0,3.4527327668746484,0
05977,1168,pedal_down_ratio,797,0,0,0,2.6075214981224444,0
05977,1168,pedal_changes,797,0,1,0,7.892313552583001,0
05978,1168,tempo,797,0,12,1,10.187333280294606,0
05978,1168,rubato,797,0,21,4,14.502482764252095,0
05978,1168,dynamics,777,20,0,0,4.430885450715477,0
05978,1168,articulation,777,20,2,0,8.2761014890514,0
05978,1168,pedal_depth,797,0,0,0,3.415591302222037,0
05978,1168,pedal_down_ratio,797,0,0,0,2.6075214981224444,0
05978,1168,pedal_changes,797,0,0,0,4.603849572340084,0
05980,1168,tempo,797,0,13,1,11.230597977863118,0
05980,1168,rubato,797,0,34,6,13.97856927948453,0
05980,1168,dynamics,777,20,0,0,3.995060652284447,0
05980,1168,articulation,776,21,19,2,23.361316943846184,0
05980,1168,pedal_depth,797,0,0,0,3.518350857162954,0
05980,1168,pedal_down_ratio,797,0,0,0,2.6075214981224444,0
05980,1168,pedal_changes,797,0,0,0,5.2615423683886675,0
00396,116,tempo,549,0,242,168,226.89012592242904,0
00396,116,rubato,549,0,192,124,169.33154058604688,0
00396,116,dynamics,544,5,70,10,15.384474946978937,0
00396,116,articulation,543,6,73,33,32.32932104783027,0
00396,116,pedal_depth,549,0,0,0,4.057985549137323,0
00396,116,pedal_down_ratio,549,0,0,0,3.277227978527283,0
00396,116,pedal_changes,549,0,2,0,6.6206600897050025,0
00397,116,tempo,549,0,152,116,80.07459135346811,0
00397,116,rubato,549,0,133,93,62.71501087698171,0
00397,116,dynamics,544,5,3,1,10.905450595326837,0
00397,116,articulation,542,7,41,13,38.126886547472814,0
00397,116,pedal_depth,549,0,0,0,2.9261283330273806,0
00397,116,pedal_down_ratio,549,0,0,0,3.277227978527283,0
00397,116,pedal_changes,549,0,1,0,6.6206600897050025,0
00398,116,tempo,549,0,132,111,269.3036410630072,0
00398,116,rubato,549,0,121,93,203.27281146250147,0
00398,116,dynamics,544,5,3,0,6.986304287631253,0
00398,116,articulation,543,6,27,10,22.99768447529451,0
00398,116,pedal_depth,549,0,0,0,2.8259207669714383,0
00398,116,pedal_down_ratio,549,0,0,0,3.277227978527283,0
00398,116,pedal_changes,549,0,0,0,5.517216741420835,0
06029,1175,tempo,353,0,2,1,10.393886417187538,0
06029,1175,rubato,353,0,3,2,21.71515596452503,0
06029,1175,dynamics,353,0,0,0,2.7498469424815077,0
06029,1175,articulation,353,0,0,0,5.141069994278352,0
06029,1175,pedal_depth,353,0,0,0,1.7182247500150696,0
06029,1175,pedal_down_ratio,353,0,0,0,2.3220635156300116,0
06029,1175,pedal_changes,353,0,0,0,4.074267969276954,0
06030,1175,tempo,353,0,0,0,5.5126739190837695,0
06030,1175,rubato,353,0,6,3,12.700484930419773,0
06030,1175,dynamics,353,0,0,0,2.1618293572967824,0
06030,1175,articulation,353,0,0,0,4.528713365308702,0
06030,1175,pedal_depth,353,0,0,0,3.9041733710940303,0
06030,1175,pedal_down_ratio,353,0,0,0,2.233124754386692,0
06030,1175,pedal_changes,353,0,0,0,2.507241827247356,0
06031,1175,tempo,353,0,3,0,7.3836305813897765,0
06031,1175,rubato,353,0,7,4,14.681165691112652,0
06031,1175,dynamics,352,1,0,0,2.4990747370350808,0
06031,1175,articulation,352,1,1,1,12.272861612271322,0
06031,1175,pedal_depth,353,0,0,0,3.994953932936,0
06031,1175,pedal_down_ratio,353,0,0,0,2.261125007035032,0
06031,1175,pedal_changes,353,0,0,0,2.507241827247356,0
06032,1175,tempo,353,0,3,0,9.59726721021282,0
06032,1175,rubato,353,0,12,5,21.64895980124865,0
06032,1175,dynamics,353,0,0,0,2.697963037906385,0
06032,1175,articulation,353,0,3,0,8.71103057098829,0
06032,1175,pedal_depth,353,0,0,0,3.9041733710940303,0
06032,1175,pedal_down_ratio,353,0,0,0,2.261125007035032,0
06032,1175,pedal_changes,353,0,0,0,1.8804313704355171,0
06033,1175,tempo,353,0,3,1,11.317673499481518,0
06033,1175,rubato,353,0,8,3,19.789895908951443,0
06033,1175,dynamics,352,1,0,0,3.1649181790824903,0
06033,1175,articulation,352,1,2,1,18.537298996311137,0
06033,1175,pedal_depth,353,0,0,0,2.716630745880827,0
06033,1175,pedal_down_ratio,353,0,0,0,2.3220635156300116,0
06033,1175,pedal_changes,353,0,0,0,4.387673197682873,0
06034,1175,tempo,353,0,4,0,9.687428476510648,0
06034,1175,rubato,353,0,11,4,16.54799901084319,0
06034,1175,dynamics,353,0,0,0,3.268685988232736,0
06034,1175,articulation,353,0,14,0,9.040288478562053,0
06034,1175,pedal_depth,353,0,0,0,3.886516017911583,0
06034,1175,pedal_down_ratio,353,0,0,0,2.3220635156300116,0
06034,1175,pedal_changes,353,0,0,0,3.7608627408710342,0
06035,1175,tempo,353,0,2,0,7.914965327975762,0
06035,1175,rubato,353,0,9,2,14.562033328447765,0
06035,1175,dynamics,353,0,0,0,3.268685988232736,0
06035,1175,articulation,353,0,1,0,8.66427706177259,0
06035,1175,pedal_depth,353,0,0,0,3.097665780002214,0
06035,1175,pedal_down_ratio,353,0,0,0,2.3220635156300116,0
06035,1175,pedal_changes,353,0,0,0,3.1340522840591953,0
06037,1175,tempo,353,0,4,0,6.87919365676176,0
06037,1175,rubato,353,0,7,4,17.84812159727124,0
06037,1175,dynamics,353,0,0,0,3.7875250339839646,0
06037,1175,articulation,353,0,1,0,7.743196611794585,0
06037,1175,pedal_depth,353,0,0,0,3.7265108147215775,0
06037,1175,pedal_down_ratio,353,0,0,0,2.3220635156300116,0
06037,1175,pedal_changes,353,0,0,0,5.641294111306551,0
06038,1175,tempo,353,0,3,1,10.765493121732588,0
06038,1175,rubato,353,0,7,3,22.177757402814105,0
06038,1175,dynamics,353,0,0,0,3.268685988232737,0
06038,1175,articulation,353,0,0,0,5.742830971936713,0
06038,1175,pedal_depth,353,0,0,0,3.692709194484218,0
06038,1175,pedal_down_ratio,353,0,0,0,2.3220635156300116,0
06038,1175,pedal_changes,353,0,1,0,6.268104568118391,0
06039,1175,tempo,353,0,2,0,7.553656635248625,0
06039,1175,rubato,353,0,7,4,15.252943588848108,0
06039,1175,dynamics,353,0,0,0,2.9314406084944378,0
06039,1175,articulation,352,1,6,1,13.569585868153961,0
06039,1175,pedal_depth,353,0,0,0,3.692709194484218,0
06039,1175,pedal_down_ratio,353,0,0,0,2.3220635156300116,0
06039,1175,pedal_changes,353,0,0,0,3.1340522840591953,0
06040,1175,tempo,353,0,2,0,6.751178586105477,0
06040,1175,rubato,353,0,7,2,13.725872360582722,0
06040,1175,dynamics,353,0,0,0,2.5941952287561403,0
06040,1175,articulation,353,0,3,0,6.668459680449133,0
06040,1175,pedal_depth,353,0,0,0,2.8029478473763683,0
06040,1175,pedal_down_ratio,353,0,0,0,2.3220635156300116,0
06040,1175,pedal_changes,353,0,0,0,5.014483654494712,0
06041,1175,tempo,353,0,0,0,4.401508151190344,0
06041,1175,rubato,353,0,1,0,8.455572939737628,0
06041,1175,dynamics,353,0,0,0,2.620137181043701,0
06041,1175,articulation,353,0,5,0,6.643054369702756,0
06041,1175,pedal_depth,353,0,0,0,3.5641291988887076,0
06041,1175,pedal_down_ratio,353,0,0,0,2.281898092656988,0
06041,1175,pedal_changes,353,0,0,0,3.7608627408710342,0
06042,1175,tempo,353,0,0,0,4.394689326541776,0
06042,1175,rubato,353,0,1,0,8.46179527416569,0
06042,1175,dynamics,353,0,0,0,2.2050659444427194,0
06042,1175,articulation,353,0,4,0,7.126574925786265,0
06042,1175,pedal_depth,353,0,0,0,3.5641291988887076,0
06042,1175,pedal_down_ratio,353,0,0,0,2.3220635156300116,0
06042,1175,pedal_changes,353,0,0,0,4.387673197682873,0
06043,1175,tempo,353,0,0,0,5.614019196264472,0
06043,1175,rubato,353,0,12,1,14.013631094111911,0
06043,1175,dynamics,353,0,0,0,3.0784450047906193,0
06043,1175,articulation,353,0,1,0,7.102490588259404,0
06043,1175,pedal_depth,353,0,0,0,1.7780150442051361,0
06043,1175,pedal_down_ratio,353,0,0,0,2.3220635156300116,0
06043,1175,pedal_changes,353,0,0,0,5.014483654494712,0
06047,1175,tempo,353,0,6,3,13.66091321687052,0
06047,1175,rubato,353,0,19,11,27.87420180352414,0
06047,1175,dynamics,353,0,0,0,3.610255026685628,0
06047,1175,articulation,352,1,10,3,18.71161653315724,0
06047,1175,pedal_depth,353,0,0,0,3.5981661673837255,0
06047,1175,pedal_down_ratio,353,0,0,0,2.3220635156300116,0
06047,1175,pedal_changes,353,0,0,0,4.387673197682873,0
06048,1175,tempo,353,0,0,0,4.866124592963309,0
06048,1175,rubato,353,0,1,1,11.719960700108773,0
06048,1175,dynamics,353,0,0,0,2.7239049901939465,0
06048,1175,articulation,353,0,0,0,5.8664946110223966,0
06048,1175,pedal_depth,353,0,0,0,3.271254814019107,0
06048,1175,pedal_down_ratio,353,0,0,0,2.3220635156300116,0
06048,1175,pedal_changes,353,0,0,0,5.641294111306551,0
06049,1175,tempo,353,0,0,0,5.407232146915834,0
06049,1175,rubato,353,0,3,2,12.748169359168257,0
06049,1175,dynamics,353,0,0,0,2.5941952287561394,0
06049,1175,articulation,353,0,0,0,5.876710525417707,0
06049,1175,pedal_depth,353,0,0,0,3.4806451984485887,0
06049,1175,pedal_down_ratio,353,0,0,0,2.3220635156300116,0
06049,1175,pedal_changes,353,0,0,0,5.641294111306551,0
06050,1175,tempo,353,0,3,0,7.180790181143797,0
06050,1175,rubato,353,0,9,4,13.754953059183535,0
06050,1175,dynamics,353,0,0,0,4.323658714593566,0
06050,1175,articulation,353,0,13,0,8.173967518591406,0
06050,1175,pedal_depth,353,0,0,0,2.280863025667592,0
06050,1175,pedal_down_ratio,353,0,0,0,2.3220635156300116,0
06050,1175,pedal_changes,353,0,0,0,3.7608627408710342,0
06052,1175,tempo,353,0,5,0,8.759809885076313,0
06052,1175,rubato,353,0,12,6,14.261291592757296,0
06052,1175,dynamics,353,0,0,0,5.854233899559689,0
06052,1175,articulation,353,0,11,0,8.545415551902753,0
06052,1175,pedal_depth,353,0,0,0,3.90060114548085,0
06052,1175,pedal_down_ratio,353,0,0,0,2.3220635156300116,0
06052,1175,pedal_changes,353,0,0,0,3.7608627408710342,0
06053,1175,tempo,353,0,1,0,8.834293573384196,0
06053,1175,rubato,353,0,2,1,14.77276962061846,0
06053,1175,dynamics,353,0,0,0,2.723904990193947,0
06053,1175,articulation,353,0,8,0,7.325039821493404,0
06053,1175,pedal_depth,353,0,0,0,3.8233974127213926,0
06053,1175,pedal_down_ratio,353,0,0,0,2.261125007035032,0
06053,1175,pedal_changes,353,0,0,0,3.447457512465115,0
06055,1175,tempo,353,0,1,0,8.834293573384196,0
06055,1175,rubato,353,0,2,1,14.721134574339617,0
06055,1175,dynamics,353,0,0,0,3.087092322219806,0
06055,1175,articulation,353,0,7,0,7.387287476793268,0
06055,1175,pedal_depth,353,0,0,0,3.8233974127213926,0
06055,1175,pedal_down_ratio,353,0,0,0,2.2033825360011705,0
06055,1175,pedal_changes,353,0,0,0,5.3278888829006315,0
06056,1175,tempo,352,1,3,1,17.73638505291043,0
06056,1175,rubato,352,1,5,4,37.91457050254656,0
06056,1175,dynamics,352,1,0,0,3.5799894156834724,0
06056,1175,articulation,352,1,7,1,18.88620892444817,0
06056,1175,pedal_depth,353,0,0,0,3.6285987209750896,0
06056,1175,pedal_down_ratio,353,0,0,0,2.3220635156300116,0
06056,1175,pedal_changes,353,0,0,0,4.387673197682873,0
06057,1175,tempo,353,0,6,0,9.060879303753788,0
06057,1175,rubato,353,0,12,9,19.591641921795063,0
06057,1175,dynamics,353,0,0,0,4.747377268623736,0
06057,1175,articulation,352,1,4,0,7.27817098159135,0
06057,1175,pedal_depth,353,0,0,0,1.5130092486605244,0
06057,1175,pedal_down_ratio,353,0,0,0,2.3220635156300116,0
06057,1175,pedal_changes,353,0,0,0,3.1340522840591953,0
06059,1175,tempo,353,0,4,0,7.750898694721129,0
06059,1175,rubato,353,0,9,5,15.937582307793699,0
06059,1175,dynamics,353,0,0,0,3.657815272546157,0
06059,1175,articulation,353,0,8,1,10.246038317737298,0
06059,1175,pedal_depth,353,0,0,0,3.075649991612119,0
06059,1175,pedal_down_ratio,353,0,0,0,2.3220635156300116,0
06059,1175,pedal_changes,353,0,0,0,4.387673197682873,0
06061,1176,tempo,689,1,16,3,13.238776305484409,0
06061,1176,rubato,689,1,41,16,21.642091712632713,0
06061,1176,dynamics,676,14,0,0,2.3983935725257703,0
06061,1176,articulation,676,14,3,0,9.302053920775661,0
06061,1176,pedal_depth,690,0,0,0,3.900831669420494,0
06061,1176,pedal_down_ratio,690,0,0,0,2.4629526520763716,0
06061,1176,pedal_changes,690,0,1,0,6.118708065993105,0
06062,1176,tempo,690,0,10,1,14.162108733493707,0
06062,1176,rubato,690,0,34,11,25.804617117546787,0
06062,1176,dynamics,680,10,0,0,3.5792118639800288,0
06062,1176,articulation,679,11,11,1,14.153774727136406,0
06062,1176,pedal_depth,690,0,0,0,3.8642929881499994,0
06062,1176,pedal_down_ratio,690,0,0,0,2.4629526520763716,0
06062,1176,pedal_changes,690,0,0,0,2.2945155247474145,0
06063,1176,tempo,689,1,25,8,18.68316657281789,0
06063,1176,rubato,689,1,56,20,28.99735141049126,0
06063,1176,dynamics,676,14,0,0,3.0232623960190748,0
06063,1176,articulation,676,14,10,3,22.442529887488465,0
06063,1176,pedal_depth,690,0,0,0,2.101251730749708,0
06063,1176,pedal_down_ratio,690,0,0,0,2.4629526520763716,0
06063,1176,pedal_changes,690,0,0,0,5.353869557743967,0
06064,1176,tempo,690,0,12,3,25.571854604011513,0
06064,1176,rubato,690,0,30,13,44.611205772675554,0
06064,1176,dynamics,679,11,0,0,3.2851559470420035,0
06064,1176,articulation,678,12,9,0,7.6823045863003525,0
06064,1176,pedal_depth,690,0,0,0,3.628680622716653,0
06064,1176,pedal_down_ratio,690,0,0,0,2.4629526520763716,0
06064,1176,pedal_changes,690,0,0,0,4.589031049494829,0
06067,1176,tempo,690,0,11,1,12.078368605613825,0
06067,1176,rubato,690,0,28,11,20.59153571017769,0
06067,1176,dynamics,678,12,0,0,2.9589376641888827,0
06067,1176,articulation,678,12,4,1,10.395141074457232,0
06067,1176,pedal_depth,690,0,0,0,3.969654568471389,0
06067,1176,pedal_down_ratio,690,0,0,0,2.4629526520763716,0
06067,1176,pedal_changes,690,0,0,0,3.8241925412456905,0
06068,1176,tempo,689,1,10,0,8.89788372193718,0
06068,1176,rubato,689,1,31,13,16.45698201006228,0
06068,1176,dynamics,679,11,0,0,3.0508301382320147,0
06068,1176,articulation,678,12,8,3,13.512453137399227,0
06068,1176,pedal_depth,690,0,0,0,3.7496366434739645,0
06068,1176,pedal_down_ratio,690,0,0,0,2.462952652076374,0
06068,1176,pedal_changes,690,0,0,0,5.353869557743967,0
06069,1176,tempo,690,0,12,1,10.637055789390482,0
06069,1176,rubato,690,0,32,11,16.679065204261192,0
06069,1176,dynamics,677,13,0,0,2.9543430404867252,0
06069,1176,articulation,677,13,6,2,10.816043559879132,0
06069,1176,pedal_depth,690,0,0,0,3.969654568471389,0
06069,1176,pedal_down_ratio,690,0,0,0,2.4629526520763716,0
06069,1176,pedal_changes,690,0,0,0,4.589031049494829,0
06070,1176,tempo,690,0,9,0,8.922228388974759,0
06070,1176,rubato,690,0,36,13,15.671899200921322,0
06070,1176,dynamics,679,11,0,0,2.6832602420594838,0
06070,1176,articulation,678,12,5,0,9.706111345329452,0
06070,1176,pedal_depth,690,0,0,0,3.7798756486631393,0
06070,1176,pedal_down_ratio,690,0,0,0,2.4629526520763716,0
06070,1176,pedal_changes,690,0,0,0,3.8241925412456905,0
06071,1176,tempo,690,0,11,0,9.220241708207976,0
06071,1176,rubato,690,0,38,14,17.351189872473086,0
06071,1176,dynamics,679,11,0,0,2.7429903501875192,0
06071,1176,articulation,678,12,5,0,8.002346652408255,0
06071,1176,pedal_depth,690,0,0,0,1.481711254275904,0
06071,1176,pedal_down_ratio,690,0,0,0,2.4629526520763716,0
06071,1176,pedal_changes,690,0,0,0,4.589031049494829,0
06072,1176,tempo,690,0,8,0,8.612171166337786,0
06072,1176,rubato,690,0,27,9,14.776905403666545,0
06072,1176,dynamics,679,11,0,0,2.9267752982737854,0
06072,1176,articulation,678,12,5,0,8.008428350004692,0
06072,1176,pedal_depth,690,0,0,0,1.4796264334338038,0
06072,1176,pedal_down_ratio,690,0,0,0,2.4629526520763716,0
06072,1176,pedal_changes,690,0,0,0,4.206611795370259,0
06073,1176,tempo,690,0,8,5,11.577580071888853,0
06073,1176,rubato,690,0,28,9,18.452763980380357,0
06073,1176,dynamics,678,12,0,0,3.0600193856363274,0
06073,1176,articulation,676,14,2,0,7.688198554090864,0
06073,1176,pedal_depth,690,0,0,0,2.1916911299089223,0
06073,1176,pedal_down_ratio,690,0,0,0,2.4629526520763716,0
06073,1176,pedal_changes,690,0,0,0,3.8241925412456905,0
06077,1176,tempo,690,0,7,0,8.499360042368254,0
06077,1176,rubato,690,0,29,8,14.380381467078339,0
06077,1176,dynamics,680,10,0,0,3.6665097143210055,0
06077,1176,articulation,680,10,3,0,7.2494563844491156,0
06077,1176,pedal_depth,690,0,0,0,3.7863980554797525,0
06077,1176,pedal_down_ratio,690,0,0,0,2.4629526520763716,0
06077,1176,pedal_changes,690,0,0,0,5.353869557743967,0
06078,1176,tempo,690,0,9,1,11.310054634102494,0
06078,1176,rubato,690,0,35,10,20.548615178211353,0
06078,1176,dynamics,680,10,0,0,3.4735355188304267,0
06078,1176,articulation,679,11,2,0,7.7701531755442925,0
06078,1176,pedal_depth,690,0,0,0,3.7863980554797525,0
06078,1176,pedal_down_ratio,690,0,0,0,2.4629526520763716,0
06078,1176,pedal_changes,690,0,2,0,6.118708065993105,0
06079,1176,tempo,690,0,14,1,10.632834645814434,0
06079,1176,rubato,690,0,38,17,19.52690533294201,0
06079,1176,dynamics,680,10,0,0,2.4627183043559637,0
06079,1176,articulation,680,10,6,2,10.526790592148261,0
06079,1176,pedal_depth,690,0,0,0,2.226788427464973,0
06079,1176,pedal_down_ratio,690,0,0,0,2.4629526520763716,0
06079,1176,pedal_changes,690,0,0,0,5.353869557743967,0
06082,1176,tempo,690,0,15,6,23.82321410666985,0
06082,1176,rubato,690,0,38,16,42.779984557248525,0
06082,1176,dynamics,678,12,0,0,2.8008826088346943,0
06082,1176,articulation,678,12,10,1,15.006233257452077,0
06082,1176,pedal_depth,690,0,0,0,3.693343962533381,0
06082,1176,pedal_down_ratio,690,0,0,0,2.4629526520763716,0
06082,1176,pedal_changes,690,0,0,0,3.0593540329965525,0
06083,1176,tempo,690,0,15,1,12.524617592614934,0
06083,1176,rubato,690,0,41,17,19.86987527834375,0
06083,1176,dynamics,677,13,0,0,3.9329978890460904,0
06083,1176,articulation,676,14,5,0,9.411898515127497,0
06083,1176,pedal_depth,690,0,0,0,3.8101146538525525,0
06083,1176,pedal_down_ratio,690,0,0,0,2.4629526520763716,0
06083,1176,pedal_changes,690,0,0,0,4.206611795370259,0
06085,1176,tempo,689,1,24,6,22.97650895538812,0
06085,1176,rubato,689,1,60,26,40.182424040334155,0
06085,1176,dynamics,678,12,0,0,4.9107338128650255,0
06085,1176,articulation,676,14,8,0,8.46429805973767,0
06085,1176,pedal_depth,690,0,0,0,3.7878924362713557,0
06085,1176,pedal_down_ratio,690,0,0,0,2.4629526520763716,0
06085,1176,pedal_changes,690,0,0,0,4.589031049494829,0
06086,1176,tempo,690,0,11,2,12.231394826977064,0
06086,1176,rubato,690,0,39,13,20.649348946649834,0
06086,1176,dynamics,678,12,0,0,4.20867531117549,0
06086,1176,articulation,678,12,16,0,8.57658799417509,0
06086,1176,pedal_depth,690,0,0,0,3.5724427680473076,0
06086,1176,pedal_down_ratio,690,0,0,0,2.4629526520763716,0
06086,1176,pedal_changes,690,0,0,0,5.353869557743967,0
06093,1177,tempo,1137,0,24,6,18.7466898522805,0
06093,1177,rubato,1137,0,38,13,27.62012675389911,0
06093,1177,dynamics,1084,53,0,0,4.597810470447255,0
06093,1177,articulation,1079,58,24,2,17.390774356095147,0
06093,1177,pedal_depth,1137,0,0,0,4.601630947613633,0
06093,1177,pedal_down_ratio,1137,0,0,0,2.6257385861409968,0
06093,1177,pedal_changes,1137,0,0,0,5.8195073572522595,0
06099,1177,tempo,1137,0,15,2,21.050617792867058,0
06099,1177,rubato,1137,0,33,12,30.97181746557493,0
06099,1177,dynamics,1085,52,0,0,3.5665983413250197,0
06099,1177,articulation,1075,62,19,4,15.931786426940452,0
06099,1177,pedal_depth,1137,0,0,0,3.1399364113128665,0
06099,1177,pedal_down_ratio,1137,0,0,0,2.6257385861409968,0
06099,1177,pedal_changes,1137,0,0,0,5.237556621527034,0
06100,1177,tempo,1132,5,28,5,17.497061718493967,0
06100,1177,rubato,1132,5,56,8,24.258640908579874,0
06100,1177,dynamics,1085,52,0,0,4.652084793032635,0
06100,1177,articulation,1083,54,14,3,25.051883447200023,0
06100,1177,pedal_depth,1137,0,0,0,4.202088098046751,0
06100,1177,pedal_down_ratio,1137,0,0,0,2.6257385861409968,0
06100,1177,pedal_changes,1137,0,1,0,6.401458092977486,0
06101,1177,tempo,1137,0,21,1,10.380714863623789,0
06101,1177,rubato,1137,0,46,15,16.769233679122685,0
06101,1177,dynamics,1083,54,1,0,6.1640123507682425,0
06101,1177,articulation,1078,59,16,3,18.50342873320283,0
06101,1177,pedal_depth,1137,0,0,0,4.206198506519538,0
06101,1177,pedal_down_ratio,1137,0,0,0,2.6257385861409968,0
06101,1177,pedal_changes,1137,0,0,0,5.8195073572522595,0
06102,1177,tempo,1134,3,15,1,12.44715038316763,0
06102,1177,rubato,1134,3,34,12,19.1456627871761,0
06102,1177,dynamics,1083,54,0,0,4.807154286133723,0
06102,1177,articulation,1075,62,4,3,29.229555826607037,0
06102,1177,pedal_depth,1137,0,0,0,4.1230613290619935,0
06102,1177,pedal_down_ratio,1137,0,0,0,2.6257385861409968,0
06102,1177,pedal_changes,1137,0,0,0,4.073655150076582,0
06103,1177,tempo,1136,1,21,4,13.696940082700538,0
06103,1177,rubato,1136,1,61,17,22.199241030912745,0
06103,1177,dynamics,1085,52,1,0,6.357849217144601,0
06103,1177,articulation,1076,61,11,2,29.458135181634212,0
06103,1177,pedal_depth,1137,0,0,0,3.897852096802423,0
06103,1177,pedal_down_ratio,1137,0,0,0,2.6257385861409968,0
06103,1177,pedal_changes,1137,0,1,1,13.966817657405423,0
06104,1177,tempo,1137,0,22,7,19.441029860728648,0
06104,1177,rubato,1137,0,52,19,30.48146751274627,0
06104,1177,dynamics,1082,55,0,0,5.303376664057205,0
06104,1177,articulation,1076,61,12,2,29.263400537617294,0
06104,1177,pedal_depth,1137,0,0,0,4.818178286325084,0
06104,1177,pedal_down_ratio,1137,0,0,0,2.6257385861410825,0
06104,1177,pedal_changes,1137,0,0,0,5.237556621527034,0
06105,1177,tempo,1137,0,14,1,16.04884596126895,0
06105,1177,rubato,1137,0,37,10,24.54418601753805,0
06105,1177,dynamics,1083,54,0,0,4.652084793032635,0
06105,1177,articulation,1077,60,5,2,13.45004167248116,0
06105,1177,pedal_depth,1137,0,0,0,4.222673104869106,0
06105,1177,pedal_down_ratio,1137,0,0,0,2.6257385861409968,0
06105,1177,pedal_changes,1137,0,0,0,5.237556621527034,0
06113,1177,tempo,1137,0,15,3,17.889189573687396,0
06113,1177,rubato,1137,0,49,13,26.35439194015829,0
06113,1177,dynamics,1087,50,0,0,3.2047695240891483,0
06113,1177,articulation,1080,57,3,1,15.812398990664283,0
06113,1177,pedal_depth,1137,0,0,0,3.867711048306213,0
06113,1177,pedal_down_ratio,1137,0,0,0,2.6257385861409968,0
06113,1177,pedal_changes,1137,0,1,1,11.639014714504519,0
06114,1177,tempo,1137,0,17,4,17.937256343734433,0
06114,1177,rubato,1137,0,45,16,26.45900352000461,0
06114,1177,dynamics,1081,56,0,0,3.1272347775386047,0
06114,1177,articulation,1075,62,3,0,9.066499707755371,0
06114,1177,pedal_depth,1137,0,0,0,3.6643744002621124,0
06114,1177,pedal_down_ratio,1137,0,0,0,2.6257385861409968,0
06114,1177,pedal_changes,1137,0,1,0,6.983408828702712,0
06115,1177,tempo,1137,0,21,6,16.98551022809776,0
06115,1177,rubato,1137,0,44,14,27.78185352557512,0
06115,1177,dynamics,1083,54,1,0,6.823057696447867,0
06115,1177,articulation,1078,59,7,0,9.495376788020751,0
06115,1177,pedal_depth,1137,0,0,0,3.6234182616233315,0
06115,1177,pedal_down_ratio,1137,0,0,0,2.6257385861409968,0
06115,1177,pedal_changes,1137,0,1,1,19.204374278932455,0
06117,1177,tempo,1136,1,26,3,22.946933862676296,0
06117,1177,rubato,1136,1,46,14,33.801877174877944,0
06117,1177,dynamics,1084,53,1,0,6.51291871024569,0
06117,1177,articulation,1080,57,4,1,27.363544394326144,0
06117,1177,pedal_depth,1137,0,0,0,4.060262600835727,0
06117,1177,pedal_down_ratio,1137,0,0,0,2.6257385861409968,0
06117,1177,pedal_changes,1137,0,0,0,3.491704414351356,0
06120,1177,tempo,1137,0,9,3,17.831372341315838,0
06120,1177,rubato,1137,0,44,10,27.715971989357065,0
06120,1177,dynamics,1084,53,0,0,4.768386912858451,0
06120,1177,articulation,1081,56,7,0,9.578163922705926,0
06120,1177,pedal_depth,1137,0,0,0,4.558180442025676,0
06120,1177,pedal_down_ratio,1137,0,0,0,2.6257385861409968,0
06120,1177,pedal_changes,1137,0,0,0,5.8195073572522595,0
06122,1177,tempo,1137,0,17,4,12.091358465072458,0
06122,1177,rubato,1137,0,56,11,18.591536963523147,0
06122,1177,dynamics,1083,54,0,0,5.834489677928431,0
06122,1177,articulation,1079,58,16,3,31.219673103374117,0
06122,1177,pedal_depth,1137,0,0,0,4.1230613290619935,0
06122,1177,pedal_down_ratio,1137,0,0,0,2.6257385861409968,0
06122,1177,pedal_changes,1137,0,0,0,3.491704414351356,0
06123,1177,tempo,1137,0,11,3,12.705277115837212,0
06123,1177,rubato,1137,0,48,10,19.69301381155923,0
06123,1177,dynamics,1084,53,0,0,3.954272074077741,0
06123,1177,articulation,1077,60,11,3,12.321769291205467,0
06123,1177,pedal_depth,1137,0,0,0,3.505465899534521,0
06123,1177,pedal_down_ratio,1137,0,0,0,2.6257385861409968,0
06123,1177,pedal_changes,1137,0,0,0,5.8195073572522595,0
06124,1177,tempo,1137,0,19,2,13.645664156959635,0
06124,1177,rubato,1137,0,53,15,21.119331416868658,0
06124,1177,dynamics,1087,50,0,0,5.698803871464978,0
06124,1177,articulation,1082,55,15,4,19.175408483413136,0
06124,1177,pedal_depth,1137,0,0,0,4.1230613290619935,0
06124,1177,pedal_down_ratio,1137,0,0,0,2.6257385861409968,0
06124,1177,pedal_changes,1137,0,0,0,4.6556058858018075,0
06127,1177,tempo,1137,0,40,15,22.268130888366905,0
06127,1177,rubato,1137,0,77,30,33.52543386456926,0
06127,1177,dynamics,1077,60,0,0,4.574550046482091,0
06127,1177,articulation,1068,69,35,9,26.205001829077254,0
06127,1177,pedal_depth,1137,0,0,0,4.385083608903066,0
06127,1177,pedal_down_ratio,1137,0,0,0,2.6257385861409968,0
06127,1177,pedal_changes,1137,0,1,1,24.44193090045949,0
06128,1177,tempo,1136,1,28,6,19.332562946542545,0
06128,1177,rubato,1136,1,45,19,27.63776011724597,0
06128,1177,dynamics,1084,53,0,0,4.639162335274211,0
06128,1177,articulation,1080,57,8,2,20.693567364118547,0
06128,1177,pedal_depth,1137,0,0,0,3.5582075863723692,0
06128,1177,pedal_down_ratio,1137,0,0,0,2.6257385861409968,0
06128,1177,pedal_changes,1137,0,1,1,20.950226486108136,0
06130,1177,tempo,1137,0,12,2,15.638455690834029,0
06130,1177,rubato,1137,0,35,8,23.28792407068907,0
06130,1177,dynamics,1088,49,1,0,6.202779724043515,0
06130,1177,articulation,1084,53,10,1,10.135202502556444,0
06130,1177,pedal_depth,1137,0,0,0,4.28406784485761,0
06130,1177,pedal_down_ratio,1137,0,0,0,2.6257385861409968,0
06130,1177,pedal_changes,1137,0,0,0,3.491704414351356,0
06133,1177,tempo,1137,0,23,4,25.324132416770208,0
06133,1177,rubato,1137,0,53,15,38.42254787061346,0
06133,1177,dynamics,1084,53,0,0,5.582501751639162,0
06133,1177,articulation,1078,59,13,2,15.021705183361114,0
06133,1177,pedal_depth,1137,0,0,0,4.168536270191288,0
06133,1177,pedal_down_ratio,1137,0,0,0,2.625738586141031,0
06133,1177,pedal_changes,1137,0,1,0,8.147310300153164,0
06134,1177,tempo,1136,1,16,3,15.577026693100764,0
06134,1177,rubato,1136,1,57,11,24.55836539760454,0
06134,1177,dynamics,1082,55,0,0,3.938765124767632,0
06134,1177,articulation,1074,63,19,5,30.41289282829275,0
06134,1177,pedal_depth,1137,0,0,0,3.888576191071808,0
06134,1177,pedal_down_ratio,1137,0,0,0,2.6257385861409968,0
06134,1177,pedal_changes,1137,0,0,0,5.8195073572522595,0
06138,1178,tempo,438,0,2,0,7.268794363408512,0
06138,1178,rubato,438,0,13,3,14.790364708429927,0
06138,1178,dynamics,433,5,0,0,3.0670232454516264,0
06138,1178,articulation,432,6,3,3,14.70660685874336,0
06138,1178,pedal_depth,438,0,0,0,2.907474954194115,0
06138,1178,pedal_down_ratio,438,0,0,0,2.9455857646360295,0
06138,1178,pedal_changes,438,0,0,0,3.83459146936593,0
06142,1178,tempo,438,0,1,0,6.448736501787274,0
06142,1178,rubato,438,0,9,2,12.540362540822493,0
06142,1178,dynamics,433,5,0,0,3.5632607143786297,0
06142,1178,articulation,431,7,3,1,12.174460241371692,0
06142,1178,pedal_depth,438,0,0,0,2.210073727478552,0
06142,1178,pedal_down_ratio,438,0,0,0,2.9455857646360295,0
06142,1178,pedal_changes,438,0,0,0,4.313915403036671,0
06143,1178,tempo,438,0,5,0,9.701336992804771,0
06143,1178,rubato,438,0,25,5,16.511032664515113,0
06143,1178,dynamics,431,7,0,0,2.722413892030097,0
06143,1178,articulation,430,8,1,0,7.972805126813533,0
06143,1178,pedal_depth,438,0,0,0,3.513198902984542,0
06143,1178,pedal_down_ratio,438,0,0,0,2.9455857646360295,0
06143,1178,pedal_changes,438,0,0,0,3.83459146936593,0
06144,1178,tempo,438,0,1,0,6.1286178931649395,0
06144,1178,rubato,438,0,10,1,11.488963985336662,0
06144,1178,dynamics,433,5,0,0,5.272523107349426,0
06144,1178,articulation,432,6,2,1,13.81442831724554,0
06144,1178,pedal_depth,438,0,0,0,2.308449254229822,0
06144,1178,pedal_down_ratio,438,0,0,0,2.9455857646360295,0
06144,1178,pedal_changes,438,0,0,0,5.751887204048895,0
06145,1178,tempo,438,0,4,0,8.39422211138376,0
06145,1178,rubato,438,0,26,9,17.307812751045915,0
06145,1178,dynamics,430,8,0,0,2.906752546161931,0
06145,1178,articulation,430,8,4,0,7.392752425363736,0
06145,1178,pedal_depth,438,0,0,0,3.0720733964897082,0
06145,1178,pedal_down_ratio,438,0,0,0,2.9455857646360295,0
06145,1178,pedal_changes,438,0,0,0,3.83459146936593,0
06146,1178,tempo,438,0,3,0,7.034833051026821,0
06146,1178,rubato,438,0,17,4,14.049952907650308,0
06146,1178,dynamics,432,6,0,0,3.0210753316620917,0
06146,1178,articulation,431,7,2,0,7.3502099230130105,0
06146,1178,pedal_depth,438,0,0,0,2.7055669712639805,0
06146,1178,pedal_down_ratio,438,0,0,0,2.9455857646360295,0
06146,1178,pedal_changes,438,0,0,0,4.793239336707413,0
06147,1178,tempo,438,0,3,0,9.02555798377688,0
06147,1178,rubato,438,0,18,4,15.73709185591001,0
06147,1178,dynamics,431,7,0,0,4.158286197953141,0
06147,1178,articulation,430,8,4,2,10.169168769694764,0
06147,1178,pedal_depth,438,0,0,0,2.6778434410816883,0
06147,1178,pedal_down_ratio,438,0,0,0,2.9455856744651174,0
06147,1178,pedal_changes,438,0,0,0,5.751887204048895,0
06148,1178,tempo,438,0,10,0,8.430599956949548,0
06148,1178,rubato,438,0,34,7,12.450032769359902,0
06148,1178,dynamics,431,7,0,0,3.515015404899617,0
06148,1178,articulation,428,10,3,0,8.051080758391892,0
06148,1178,pedal_depth,438,0,0,0,3.3972047777570413,0
06148,1178,pedal_down_ratio,438,0,0,0,2.9455857646360295,0
06148,1178,pedal_changes,438,0,0,0,5.2725632703781535,0
06151,1178,tempo,438,0,7,0,9.812570107000443,0
06151,1178,rubato,438,0,28,10,19.393918253555057,0
06151,1178,dynamics,431,7,0,0,4.0434164134792985,0
06151,1178,articulation,431,7,5,2,22.018973697649205,0
06151,1178,pedal_depth,438,0,0,0,2.9478565507801537,0
06151,1178,pedal_down_ratio,438,0,0,0,2.945585764636032,0
06151,1178,pedal_changes,438,0,0,0,4.793239336707413,0
06152,1178,tempo,438,0,0,0,5.616133017957153,0
06152,1178,rubato,438,0,12,2,10.542757152812607,0
06152,1178,dynamics,432,6,0,0,4.675200228085439,0
06152,1178,articulation,431,7,0,0,4.168602316835781,0
06152,1178,pedal_depth,438,0,0,0,3.270909323468378,0
06152,1178,pedal_down_ratio,438,0,0,0,2.9455857646360295,0
06152,1178,pedal_changes,438,0,0,0,4.313915403036671,0
06153,1178,tempo,438,0,1,0,7.956110079157485,0
06153,1178,rubato,438,0,6,1,13.720395617107066,0
06153,1178,dynamics,433,5,0,0,5.074947078054416,0
06153,1178,articulation,432,6,3,0,6.605667591107957,0
06153,1178,pedal_depth,438,0,0,0,2.988238147366163,0
06153,1178,pedal_down_ratio,438,0,0,0,2.9455857646360295,0
06153,1178,pedal_changes,438,0,0,0,3.83459146936593,0
06156,1178,tempo,438,0,0,0,5.228030680641021,0
06156,1178,rubato,438,0,9,1,11.288583036471215,0
06156,1178,dynamics,432,6,0,0,3.515015404899617,0
06156,1178,articulation,431,7,2,1,10.869748910317492,0
06156,1178,pedal_depth,438,0,0,0,3.0286197439522575,0
06156,1178,pedal_down_ratio,438,0,0,0,2.9455857646360295,0
06156,1178,pedal_changes,438,0,1,0,6.710535071390377,0
06157,1178,tempo,438,0,2,0,7.045436796736348,0
06157,1178,rubato,438,0,5,2,13.96923767423711,0
06157,1178,dynamics,432,6,0,0,3.1083763678622103,0
06157,1178,articulation,432,6,2,1,10.97522133375727,0
06157,1178,pedal_depth,438,0,0,0,2.3797708613844555,0
06157,1178,pedal_down_ratio,438,0,0,0,2.9455857646360295,0
06157,1178,pedal_changes,438,0,0,0,5.751887204048895,0
06158,1178,tempo,438,0,4,0,8.882826799392243,0
06158,1178,rubato,438,0,19,5,17.006711639250017,0
06158,1178,dynamics,432,6,0,0,3.2462201092308223,0
06158,1178,articulation,432,6,9,2,13.609908445249578,0
06158,1178,pedal_depth,438,0,0,0,2.4569331227762405,0
06158,1178,pedal_down_ratio,438,0,0,0,2.9455857646360295,0
06158,1178,pedal_changes,438,0,0,0,5.751887204048895,0
06159,1178,tempo,438,0,3,0,7.199106478914108,0
06159,1178,rubato,438,0,15,3,14.366299723408767,0
06159,1178,dynamics,433,5,0,0,3.5626043156102094,0
06159,1178,articulation,432,6,2,2,21.48981031626733,0
06159,1178,pedal_depth,438,0,0,0,2.5106504661299662,0
06159,1178,pedal_down_ratio,438,0,0,0,2.9455857646360295,0
06159,1178,pedal_changes,438,0,0,0,5.751887204048895,0
06160,1178,tempo,438,0,1,0,8.877182827756707,0
06160,1178,rubato,438,0,5,2,19.045490874800013,0
06160,1178,dynamics,433,5,0,0,2.981184188326629,0
06160,1178,articulation,432,6,6,0,7.287922371759623,0
06160,1178,pedal_depth,438,0,0,0,2.826711761022033,0
06160,1178,pedal_down_ratio,438,0,0,0,2.9455857646360295,0
06160,1178,pedal_changes,438,0,0,0,5.751887204048895,0
06161,1178,tempo,438,0,11,2,11.871139407015258,0
06161,1178,rubato,438,0,30,8,19.048122386346506,0
06161,1178,dynamics,431,7,0,0,4.348970040179722,0
06161,1178,articulation,429,9,5,1,15.402367521075673,0
06161,1178,pedal_depth,438,0,0,0,2.5440405849199377,0
06161,1178,pedal_down_ratio,438,0,0,0,2.9455857646360295,0
06161,1178,pedal_changes,438,0,0,0,5.751887204048895,0
06162,1178,tempo,438,0,1,0,7.406901686979725,0
06162,1178,rubato,438,0,5,1,14.704989230029954,0
06162,1178,dynamics,433,5,0,0,3.446093534215311,0
06162,1178,articulation,433,5,2,2,14.078108648634778,0
06162,1178,pedal_depth,438,0,0,0,2.907474954194152,0
06162,1178,pedal_down_ratio,438,0,0,0,2.9455857646360295,0
06162,1178,pedal_changes,438,0,0,0,5.751887204048895,0
06165,1178,tempo,438,0,0,0,5.857091272215141,0
06165,1178,rubato,438,0,10,1,11.209583097322248,0
06165,1178,dynamics,431,7,0,0,4.048011204858253,0
06165,1178,articulation,430,8,3,1,10.741791379961288,0
06165,1178,pedal_depth,438,0,0,0,3.230527726882331,0
06165,1178,pedal_down_ratio,438,0,0,0,2.9455857646360295,0
06165,1178,pedal_changes,438,0,0,0,3.83459146936593,0
06166,1178,tempo,438,0,0,0,5.814177552617109,0
06166,1178,rubato,438,0,9,1,11.798537332656434,0
06166,1178,dynamics,431,7,0,0,2.839581072193418,0
06166,1178,articulation,430,8,1,1,15.941812329099973,0
06166,1178,pedal_depth,438,0,0,0,2.6580616293783748,0
06166,1178,pedal_down_ratio,438,0,0,0,2.9455857646360295,0
06166,1178,pedal_changes,438,0,0,0,3.3552675356951887,0
06172,1179,tempo,958,0,0,0,4.586280027292361,0
06172,1179,rubato,958,0,5,0,7.9209762275873485,0
06172,1179,dynamics,791,167,0,0,3.597284050541843,0
06172,1179,articulation,781,177,12,3,13.2018280898555,0
06172,1179,pedal_depth,958,0,2,0,6.999308017374744,0
06172,1179,pedal_down_ratio,958,0,0,0,2.8694629665946416,0
06172,1179,pedal_changes,958,0,0,0,4.652077364210153,0
06178,1179,tempo,958,0,0,0,5.5595214523879015,0
06178,1179,rubato,958,0,14,0,9.690397271159263,0
06178,1179,dynamics,796,162,0,0,3.372453797382978,0
06178,1179,articulation,772,186,19,4,22.695444286735757,0
06178,1179,pedal_depth,958,0,0,0,5.408060790659784,0
06178,1179,pedal_down_ratio,958,0,0,0,2.8694629665946416,0
06178,1179,pedal_changes,958,0,0,0,5.427423591578512,0
06179,1179,tempo,958,0,0,0,5.940095413111952,0
06179,1179,rubato,958,0,2,0,9.60370435486737,0
06179,1179,dynamics,796,162,0,0,3.9907369935698562,0
06179,1179,articulation,789,169,6,2,13.58114400262733,0
06179,1179,pedal_depth,958,0,0,0,5.664051043580122,0
06179,1179,pedal_down_ratio,958,0,0,0,2.8694629665946416,0
06179,1179,pedal_changes,958,0,0,0,4.652077364210153,0
06180,1179,tempo,958,0,0,0,4.802939526902363,0
06180,1179,rubato,958,0,2,0,7.911721164495541,0
06180,1179,dynamics,797,161,0,0,3.653491613831559,0
06180,1179,articulation,782,176,13,1,10.66726555613447,0
06180,1179,pedal_depth,958,0,1,0,6.014429675404431,0
06180,1179,pedal_down_ratio,958,0,0,0,2.8694629665946416,0
06180,1179,pedal_changes,958,0,0,0,4.652077364210153,0
06182,1179,tempo,958,0,0,0,3.934990001076681,0
06182,1179,rubato,958,0,2,0,8.490700014106404,0
06182,1179,dynamics,796,162,0,0,3.4473972151025993,0
06182,1179,articulation,782,176,6,1,11.146757681154302,0
06182,1179,pedal_depth,958,0,0,0,5.985533748409275,0
06182,1179,pedal_down_ratio,958,0,0,0,2.8694629665946416,0
06182,1179,pedal_changes,958,0,0,0,5.427423591578512,0
06183,1179,tempo,958,0,0,0,3.9210244019298024,0
06183,1179,rubato,958,0,4,0,7.203253493828198,0
06183,1179,dynamics,797,161,0,0,3.3949368226988645,0
06183,1179,articulation,786,172,13,5,27.34126661104392,0
06183,1179,pedal_depth,958,0,0,0,5.985533748409275,0
06183,1179,pedal_down_ratio,958,0,0,0,2.8694629665946416,0
06183,1179,pedal_changes,958,0,0,0,4.652077364210153,0
06184,1179,tempo,958,0,0,0,3.8799726619677264,0
06184,1179,rubato,958,0,2,0,6.816666201375197,0
06184,1179,dynamics,791,167,0,0,4.215567246728722,0
06184,1179,articulation,773,185,7,2,13.252543460817819,0
06184,1179,pedal_depth,958,0,0,0,2.783067235102378,0
06184,1179,pedal_down_ratio,958,0,0,0,2.8694629665946416,0
06184,1179,pedal_changes,958,0,2,0,6.20276981894687,0
06185,1179,tempo,958,0,0,0,3.9933522164207504,0
06185,1179,rubato,958,0,2,0,6.414922464104056,0
06185,1179,dynamics,788,170,0,0,3.2038311075138286,0
06185,1179,articulation,767,191,6,3,18.4514383167981,0
06185,1179,pedal_depth,958,0,0,0,4.879866634912905,0
06185,1179,pedal_down_ratio,958,0,0,0,2.8694629665946416,0
06185,1179,pedal_changes,958,0,0,0,4.652077364210153,0
06190,1179,tempo,958,0,2,0,9.095593053799861,0
06190,1179,rubato,958,0,10,2,16.147585327331534,0
06190,1179,dynamics,793,165,0,0,4.936897642280081,0
06190,1179,articulation,774,184,6,0,9.147611420324042,0
06190,1179,pedal_depth,958,0,2,0,6.578158919332836,0
06190,1179,pedal_down_ratio,958,0,0,0,2.8694629665946416,0
06190,1179,pedal_changes,958,0,0,0,4.652077364210153,0
06191,1179,tempo,958,0,0,0,4.853860705556676,0
06191,1179,rubato,958,0,0,0,5.875262315671062,0
06191,1179,dynamics,796,162,0,0,3.260038670803546,0
06191,1179,articulation,781,177,2,0,6.747596165869819,0
06191,1179,pedal_depth,958,0,0,0,5.324919920632121,0
06191,1179,pedal_down_ratio,958,0,0,0,2.8694629665946416,0
06191,1179,pedal_changes,958,0,0,0,5.427423591578512,0
06192,1179,tempo,958,0,0,0,5.4111858930958165,0
06192,1179,rubato,958,0,3,0,7.269786613403023,0
06192,1179,dynamics,795,163,0,0,3.65349161383156,0
06192,1179,articulation,775,183,5,1,17.732243294124473,0
06192,1179,pedal_depth,958,0,0,0,3.9873254889191907,0
06192,1179,pedal_down_ratio,958,0,0,0,2.8694629665946416,0
06192,1179,pedal_changes,958,0,3,0,6.20276981894687,0
06194,1179,tempo,958,0,0,0,3.6748679174144154,0
06194,1179,rubato,958,0,5,0,6.773478146873897,0
06194,1179,dynamics,796,162,0,0,3.69096332269137,0
06194,1179,articulation,782,176,3,1,10.19004029224614,0
06194,1179,pedal_depth,958,0,0,0,2.979737503244808,0
06194,1179,pedal_down_ratio,958,0,0,0,2.8694629665946416,0
06194,1179,pedal_changes,958,0,0,0,4.652077364210153,0
06195,1179,tempo,958,0,0,0,4.756167816830645,0
06195,1179,rubato,958,0,3,0,8.496881848723579,0
06195,1179,dynamics,797,161,0,0,3.0352084176446796,0
06195,1179,articulation,788,170,9,3,12.735933135228693,0
06195,1179,pedal_depth,958,0,1,0,6.072146694768769,0
06195,1179,pedal_down_ratio,958,0,0,0,2.8694629665946416,0
06195,1179,pedal_changes,958,0,0,0,5.427423591578512,0
06197,1179,tempo,958,0,0,0,4.943018517419959,0
06197,1179,rubato,958,0,2,0,9.164556247921421,0
06197,1179,dynamics,795,163,0,0,3.990736993569857,0
06197,1179,articulation,787,171,5,1,14.540637517830303,0
06197,1179,pedal_depth,958,0,2,0,6.156482065529918,0
06197,1179,pedal_down_ratio,958,0,0,0,2.8694629665946416,0
06197,1179,pedal_changes,958,0,0,0,5.427423591578512,0
06198,1179,tempo,958,0,0,0,4.943018517418901,0
06198,1179,rubato,958,0,2,0,9.145764436009404,0
06198,1179,dynamics,798,160,0,0,4.046944556859573,0
06198,1179,articulation,790,168,5,1,22.862606372241814,0
06198,1179,pedal_depth,958,0,2,0,6.156482065529918,0
06198,1179,pedal_down_ratio,958,0,0,0,2.8694629665946416,0
06198,1179,pedal_changes,958,0,1,0,6.20276981894687,0
06199,1179,tempo,958,0,0,0,4.185359627733183,0
06199,1179,rubato,958,0,3,0,7.238802352085461,0
06199,1179,dynamics,796,162,0,0,4.721435316336169,0
06199,1179,articulation,787,171,11,0,9.491416300962465,0
06199,1179,pedal_depth,958,0,0,0,5.77432235688174,0
06199,1179,pedal_down_ratio,958,0,0,0,2.8694629665946416,0
06199,1179,pedal_changes,958,0,0,0,5.427423591578512,0
06202,1179,tempo,956,2,5,0,6.881728641199921,0
06202,1179,rubato,956,2,18,0,9.5826004924465,0
06202,1179,dynamics,790,168,0,0,3.672227468261464,0
06202,1179,articulation,778,180,32,9,17.976351669058495,0
06202,1179,pedal_depth,958,0,3,0,6.764588763317776,0
06202,1179,pedal_down_ratio,958,0,0,0,2.8694629665946416,0
06202,1179,pedal_changes,958,0,0,0,3.101384909473435,0
06203,1179,tempo,958,0,2,0,8.297969007003084,0
06203,1179,rubato,958,0,6,2,12.711244991174356,0
06203,1179,dynamics,797,161,0,0,3.8221143037007077,0
06203,1179,articulation,792,166,2,0,8.177358625017472,0
06203,1179,pedal_depth,958,0,1,0,6.070759272896327,0
06203,1179,pedal_down_ratio,958,0,0,0,2.8694629665946416,0
06203,1179,pedal_changes,958,0,0,0,4.652077364210153,0
06205,1179,tempo,958,0,0,0,4.218544909050513,0
06205,1179,rubato,958,0,3,0,7.4884628804378215,0
06205,1179,dynamics,793,165,0,0,4.159359683439007,0
06205,1179,articulation,783,175,5,2,10.695933814364762,0
06205,1179,pedal_depth,958,0,2,0,6.520138720652055,0
06205,1179,pedal_down_ratio,958,0,0,0,2.8694629665946416,0
06205,1179,pedal_changes,958,0,0,0,3.876731136841794,0
06208,1179,tempo,958,0,0,0,4.68294801686262,0
06208,1179,rubato,958,0,11,0,7.873974526985315,0
06208,1179,dynamics,794,164,0,0,3.9345294302801417,0
06208,1179,articulation,773,185,8,2,12.647252596141332,0
06208,1179,pedal_depth,958,0,1,0,6.053788464579447,0
06208,1179,pedal_down_ratio,958,0,0,0,2.8694629665946416,0
06208,1179,pedal_changes,958,0,0,0,4.652077364210153,0
06209,1179,tempo,958,0,0,0,4.5222346769361215,0
06209,1179,rubato,958,0,1,0,6.98058472908523,0
06209,1179,dynamics,797,161,0,0,3.316246234093262,0
06209,1179,articulation,785,173,15,1,10.754921846130312,0
06209,1179,pedal_depth,958,0,0,0,5.779424506721776,0
06209,1179,pedal_down_ratio,958,0,0,0,2.8694629665946416,0
06209,1179,pedal_changes,958,0,2,0,6.20276981894687,0
00401,117,tempo,616,0,3,0,6.78674387284842,0
00401,117,rubato,616,0,2,0,6.534096415079416,0
00401,117,dynamics,595,21,14,1,14.886950443078247,0
00401,117,articulation,580,36,8,2,17.09046319899894,0
00401,117,pedal_depth,616,0,6,0,7.063481758025599,0
00401,117,pedal_down_ratio,616,0,0,0,5.42359232916457,0
00401,117,pedal_changes,616,0,0,0,5.207432591638152,0
00404,117,tempo,616,0,3,0,7.475494263400248,0
00404,117,rubato,616,0,3,0,7.833504139822147,0
00404,117,dynamics,598,18,5,0,9.174031085370347,0
00404,117,articulation,585,31,13,6,16.209646051957225,0
00404,117,pedal_depth,616,0,2,0,6.093317454516944,0
00404,117,pedal_down_ratio,616,0,0,0,5.42359232916457,0
00404,117,pedal_changes,616,0,0,0,4.628828970345024,0
00405,117,tempo,616,0,6,0,9.264539036225477,0
00405,117,rubato,616,0,6,0,9.627300957546032,0
00405,117,dynamics,597,19,4,0,7.089024020513449,0
00405,117,articulation,583,33,9,3,20.705366813195987,0
00405,117,pedal_depth,616,0,3,0,8.124423272689148,0
00405,117,pedal_down_ratio,616,0,0,0,5.42359232916457,0
00405,117,pedal_changes,616,0,0,0,5.78603621293128,0
00406,117,tempo,616,0,5,0,7.338288560110509,0
00406,117,rubato,616,0,5,0,8.049950640263951,0
00406,117,dynamics,596,20,6,0,7.255824585702002,0
00406,117,articulation,587,29,8,1,13.001605468709544,0
00406,117,pedal_depth,616,0,4,0,6.3834754285415185,0
00406,117,pedal_down_ratio,616,0,0,0,5.42359232916457,0
00406,117,pedal_changes,616,0,0,0,4.628828970345024,0
00407,117,tempo,616,0,1,0,8.45461141961665,0
00407,117,rubato,616,0,2,0,8.59488617010261,0
00407,117,dynamics,596,20,6,0,8.506828824616141,0
00407,117,articulation,587,29,9,4,15.184853263631453,0
00407,117,pedal_depth,616,0,1,0,6.383475428541639,0
00407,117,pedal_down_ratio,616,0,0,0,5.42359232916457,0
00407,117,pedal_changes,616,0,1,0,6.9432434555175355,0
00408,117,tempo,616,0,2,0,9.364796391899391,0
00408,117,rubato,616,0,2,0,9.695539881308555,0
00408,117,dynamics,598,18,8,1,11.425838715415795,0
00408,117,articulation,588,28,10,1,14.669207864261459,0
00408,117,pedal_depth,616,0,8,0,6.818712389578916,0
00408,117,pedal_down_ratio,616,0,0,0,5.42359232916457,0
00408,117,pedal_changes,616,0,0,0,5.207432591638152,0
00409,117,tempo,616,0,9,0,8.330380462092371,0
00409,117,rubato,616,0,10,0,9.126599875749255,0
00409,117,dynamics,598,18,6,0,9.307471537521188,0
00409,117,articulation,586,30,15,6,22.457812627643385,0
00409,117,pedal_depth,616,0,1,0,6.020777961010862,0
00409,117,pedal_down_ratio,616,0,0,0,5.42359232916457,0
00409,117,pedal_changes,616,0,1,0,6.364639834224408,0
06214,1180,tempo,591,0,5,1,10.05725075942844,0
06214,1180,rubato,591,0,17,8,15.216810193776746,0
06214,1180,dynamics,579,12,0,0,3.2191604429564737,0
06214,1180,articulation,578,13,1,0,6.836801919459898,0
06214,1180,pedal_depth,591,0,0,0,4.2660656786051625,0
06214,1180,pedal_down_ratio,591,0,0,0,2.643673926218939,0
06214,1180,pedal_changes,591,0,0,0,3.2474462167843074,0
06220,1180,tempo,591,0,14,2,12.348488273262102,0
06220,1180,rubato,591,0,44,20,24.078906158188076,0
06220,1180,dynamics,578,13,0,0,3.552798920237676,0
06220,1180,articulation,577,14,9,1,23.80397308183019,0
06220,1180,pedal_depth,591,0,0,0,3.035769358014526,0
06220,1180,pedal_down_ratio,591,0,0,0,2.643673926218938,0
06220,1180,pedal_changes,591,0,1,0,6.494892433568615,0
06221,1180,tempo,591,0,14,1,12.225654763241016,0
06221,1180,rubato,591,0,47,16,23.86353088251362,0
06221,1180,dynamics,579,12,0,0,3.659202542721953,0
06221,1180,articulation,578,13,7,1,10.452367368671256,0
06221,1180,pedal_depth,591,0,0,0,3.035769358014526,0
06221,1180,pedal_down_ratio,591,0,0,0,2.6076687142256407,0
06221,1180,pedal_changes,591,0,0,0,5.845403190211753,0
06222,1180,tempo,591,0,5,0,7.796713213424802,0
06222,1180,rubato,591,0,12,3,14.202539687760138,0
06222,1180,dynamics,579,12,0,0,2.461710926966716,0
06222,1180,articulation,579,12,2,0,6.937981596838714,0
06222,1180,pedal_depth,591,0,0,0,2.6408978010412745,0
06222,1180,pedal_down_ratio,591,0,0,0,2.643673926218938,0
06222,1180,pedal_changes,591,0,0,0,5.195913946854891,0
06223,1180,tempo,591,0,3,1,10.732729028840538,0
06223,1180,rubato,591,0,14,5,18.99802480907142,0
06223,1180,dynamics,579,12,0,0,3.5032040114526337,0
06223,1180,articulation,577,14,3,0,7.051510582378127,0
06223,1180,pedal_depth,591,0,0,0,3.859773709214181,0
06223,1180,pedal_down_ratio,591,0,0,0,2.643673926218938,0
06223,1180,pedal_changes,591,0,0,0,5.195913946854891,0
06225,1180,tempo,591,0,3,0,9.62329509764073,0
06225,1180,rubato,591,0,19,4,18.945041593731624,0
06225,1180,dynamics,579,12,0,0,3.7399069851994327,0
06225,1180,articulation,578,13,1,0,6.265974370459068,0
06225,1180,pedal_depth,591,0,0,0,3.0422616435306677,0
06225,1180,pedal_down_ratio,591,0,0,0,2.643673926218938,0
06225,1180,pedal_changes,591,0,1,0,6.494892433568615,0
06226,1180,tempo,591,0,2,1,10.89274068396357,0
06226,1180,rubato,591,0,21,4,22.1110005897021,0
06226,1180,dynamics,580,11,0,0,2.6510733059641534,0
06226,1180,articulation,579,12,3,2,15.787416911201204,0
06226,1180,pedal_depth,591,0,0,0,4.07609349427851,0
06226,1180,pedal_down_ratio,591,0,0,0,2.643673926218938,0
06226,1180,pedal_changes,591,0,0,0,5.195913946854891,0
06227,1180,tempo,591,0,7,1,10.78350705923402,0
06227,1180,rubato,591,0,34,13,19.449373943049842,0
06227,1180,dynamics,580,11,0,0,2.7667947597959235,0
06227,1180,articulation,579,12,5,1,18.99384038997952,0
06227,1180,pedal_depth,591,0,0,0,3.758200716866367,0
06227,1180,pedal_down_ratio,591,0,0,0,2.643673926218938,0
06227,1180,pedal_changes,591,0,0,0,5.195913946854891,0
06228,1180,tempo,591,0,1,1,11.735621231770464,0
06228,1180,rubato,591,0,17,1,23.661268190536198,0
06228,1180,dynamics,579,12,0,0,4.797180267935136,0
06228,1180,articulation,578,13,1,0,6.589318924239404,0
06228,1180,pedal_depth,591,0,0,0,3.301122251301589,0
06228,1180,pedal_down_ratio,591,0,0,0,2.643673926218939,0
06228,1180,pedal_changes,591,0,3,0,7.7938709202823375,0
06233,1180,tempo,591,0,4,2,14.659700675318721,0
06233,1180,rubato,591,0,18,5,24.439168292924755,0
06233,1180,dynamics,580,11,0,0,3.823316604519732,0
06233,1180,articulation,578,13,2,0,9.356777957435359,0
06233,1180,pedal_depth,591,0,0,0,3.097976266606189,0
06233,1180,pedal_down_ratio,591,0,0,0,2.643673926218938,0
06233,1180,pedal_changes,591,0,0,0,3.8969354601411688,0
06234,1180,tempo,591,0,4,0,9.939151441859595,0
06234,1180,rubato,591,0,32,5,14.228691506804608,0
06234,1180,dynamics,578,13,0,0,5.067697952217193,0
06234,1180,articulation,577,14,2,0,9.188090974731365,0
06234,1180,pedal_depth,591,0,0,0,2.98675498077376,0
06234,1180,pedal_down_ratio,591,0,0,0,2.643673926218938,0
06234,1180,pedal_changes,591,0,0,0,4.5464247034980305,0
06235,1180,tempo,591,0,4,0,7.76746275854928,0
06235,1180,rubato,591,0,24,8,15.980377537221603,0
06235,1180,dynamics,579,12,0,0,2.777314891962447,0
06235,1180,articulation,579,12,4,0,8.876637955123801,0
06235,1180,pedal_depth,591,0,0,0,2.8239093116164593,0
06235,1180,pedal_down_ratio,591,0,0,0,2.643673926218938,0
06235,1180,pedal_changes,591,0,0,0,4.5464247034980305,0
06236,1180,tempo,591,0,3,0,6.518359891677601,0
06236,1180,rubato,591,0,16,2,13.25304092336746,0
06236,1180,dynamics,579,12,0,0,2.698413900713515,0
06236,1180,articulation,579,12,4,1,18.888229177994287,0
06236,1180,pedal_depth,591,0,0,0,2.5393248086935487,0
06236,1180,pedal_down_ratio,591,0,0,0,2.643673926218938,0
06236,1180,pedal_changes,591,0,1,0,7.7938709202823375,0
06237,1180,tempo,591,0,10,2,14.42503927323677,0
06237,1180,rubato,591,0,37,10,29.281078077490722,0
06237,1180,dynamics,580,11,0,0,2.5248317199658614,0
06237,1180,articulation,579,12,5,0,6.4659165645491745,0
06237,1180,pedal_depth,591,0,0,0,2.6606899984313603,0
06237,1180,pedal_down_ratio,591,0,0,0,2.643673926218938,0
06237,1180,pedal_changes,591,0,2,0,9.092849406996061,0
06239,1180,tempo,591,0,2,0,9.79340821430175,0
06239,1180,rubato,591,0,9,2,17.673485680711234,0
06239,1180,dynamics,579,12,0,0,3.6970750185214403,0
06239,1180,articulation,577,14,2,0,6.942500351654986,0
06239,1180,pedal_depth,591,0,0,0,3.508413723288683,0
06239,1180,pedal_down_ratio,591,0,0,0,2.6091914431408805,0
06239,1180,pedal_changes,591,0,0,0,3.2474462167843074,0
06240,1180,tempo,591,0,2,1,11.51588825862943,0
06240,1180,rubato,591,0,27,4,22.76100940823305,0
06240,1180,dynamics,579,12,0,0,3.8503683729479388,0
06240,1180,articulation,577,14,6,1,15.350509553887514,0
06240,1180,pedal_depth,591,0,0,0,4.134147316740287,0
06240,1180,pedal_down_ratio,591,0,0,0,2.643673926218938,0
06240,1180,pedal_changes,591,0,0,0,3.8969354601411688,0
06241,1180,tempo,591,0,11,1,10.008065170321672,0
06241,1180,rubato,591,0,32,12,19.325985444801866,0
06241,1180,dynamics,579,12,0,0,2.777314891962449,0
06241,1180,articulation,578,13,8,5,21.344982731218206,0
06241,1180,pedal_depth,591,0,0,0,4.570784655648457,0
06241,1180,pedal_down_ratio,591,0,0,0,2.643673926218938,0
06241,1180,pedal_changes,591,0,0,0,3.8969354601411688,0
06242,1180,tempo,591,0,3,0,7.90380559191292,0
06242,1180,rubato,591,0,16,5,13.444554495252252,0
06242,1180,dynamics,579,12,0,0,2.871996081461168,0
06242,1180,articulation,578,13,3,1,10.600264907303728,0
06242,1180,pedal_depth,591,0,0,0,3.9105602053880615,0
06242,1180,pedal_down_ratio,591,0,0,0,2.6436739262189555,0
06242,1180,pedal_changes,591,0,0,0,4.5464247034980305,0
06244,1180,tempo,591,0,5,1,10.642883339874135,0
06244,1180,rubato,591,0,21,8,19.267146100135964,0
06244,1180,dynamics,578,13,0,0,4.73405947493599,0
06244,1180,articulation,576,15,0,0,5.6886538705929555,0
06244,1180,pedal_depth,591,0,0,0,3.2392671742763524,0
06244,1180,pedal_down_ratio,591,0,0,0,2.643673926218938,0
06244,1180,pedal_changes,591,0,1,0,6.494892433568615,0
06245,1180,tempo,591,0,4,0,7.66393451663658,0
06245,1180,rubato,591,0,20,5,14.446760623280818,0
06245,1180,dynamics,578,13,0,0,4.860301060934283,0
06245,1180,articulation,578,13,0,0,5.082089463616139,0
06245,1180,pedal_depth,591,0,0,0,3.2392671742763524,0
06245,1180,pedal_down_ratio,591,0,0,0,2.643673926218938,0
06245,1180,pedal_changes,591,0,1,1,11.690806380423506,0
06246,1180,tempo,591,0,3,0,8.992169512221583,0
06246,1180,rubato,591,0,21,5,14.838167030037138,0
06246,1180,dynamics,578,13,0,0,4.123891809277573,0
06246,1180,articulation,577,14,4,0,9.033499708760862,0
06246,1180,pedal_depth,591,0,0,0,3.113502009366439,0
06246,1180,pedal_down_ratio,591,0,0,0,2.643673926218938,0
06246,1180,pedal_changes,591,0,2,0,9.092849406996061,0
06249,1180,tempo,591,0,7,2,12.071504492746982,0
06249,1180,rubato,591,0,22,4,19.380534845738264,0
06249,1180,dynamics,579,12,0,0,3.2507208394560463,0
06249,1180,articulation,578,13,9,1,22.517206505743356,0
06249,1180,pedal_depth,591,0,0,0,4.012133197735801,0
06249,1180,pedal_down_ratio,591,0,0,0,2.643673926218938,0
06249,1180,pedal_changes,591,0,0,0,5.195913946854891,0
06250,1180,tempo,591,0,3,0,9.54572537367604,0
06250,1180,rubato,591,0,12,3,17.2114146152765,0
06250,1180,dynamics,578,13,0,0,3.7556871834492194,0
06250,1180,articulation,577,14,0,0,5.419509657669512,0
06250,1180,pedal_depth,591,0,0,0,3.758200716866367,0
06250,1180,pedal_down_ratio,591,0,0,0,2.643673926218938,0
06250,1180,pedal_changes,591,0,0,0,4.5464247034980305,0
06252,1180,tempo,591,0,12,0,8.783924623636155,0
06252,1180,rubato,591,0,33,13,17.157507899249453,0
06252,1180,dynamics,579,12,0,0,3.6329523081730994,0
06252,1180,articulation,579,12,1,0,6.722072813863634,0
06252,1180,pedal_depth,591,0,0,0,4.367638670953073,0
06252,1180,pedal_down_ratio,591,0,0,0,2.643673926218938,0
06252,1180,pedal_changes,591,0,0,0,3.2474462167843074,0
06254,1180,tempo,591,0,7,2,14.930603903238772,0
06254,1180,rubato,591,0,32,8,27.71489774044454,0
06254,1180,dynamics,578,13,0,0,5.428388197926603,0
06254,1180,articulation,578,13,10,1,10.985245090168528,0
06254,1180,pedal_depth,591,0,0,0,3.4273773307372344,0
06254,1180,pedal_down_ratio,591,0,0,0,2.643673926218938,0
06254,1180,pedal_changes,591,0,0,0,3.2474462167843074,0
06255,1180,tempo,591,0,8,4,13.839303639235697,0
06255,1180,rubato,591,0,24,9,26.842790141360247,0
06255,1180,dynamics,579,12,0,0,4.177448845761698,0
06255,1180,articulation,577,14,3,0,8.85334023624715,0
06255,1180,pedal_depth,591,0,0,0,4.316852174778914,0
06255,1180,pedal_down_ratio,591,0,0,0,2.643673926218938,0
06255,1180,pedal_changes,591,0,0,0,4.5464247034980305,0
06256,1180,tempo,591,0,1,0,8.334786995620705,0
06256,1180,rubato,591,0,18,2,13.842555681624754,0
06256,1180,dynamics,578,13,0,0,2.4779419880236393,0
06256,1180,articulation,577,14,2,1,15.960442764750987,0
06256,1180,pedal_depth,591,0,0,0,3.2879177867196487,0
06256,1180,pedal_down_ratio,591,0,0,0,2.643673926218938,0
06256,1180,pedal_changes,591,0,0,0,5.195913946854891,0
06276,1182,tempo,962,0,11,1,10.944619181331207,0
06276,1182,rubato,962,0,32,6,16.6932644524766,0
06276,1182,dynamics,955,7,1,0,8.117555456156909,0
06276,1182,articulation,955,7,17,0,8.275464070426354,0
06276,1182,pedal_depth,962,0,0,0,4.144475690000186,0
06276,1182,pedal_down_ratio,962,0,0,0,2.6700435974483736,0
06276,1182,pedal_changes,962,0,0,0,4.378066259184464,0
06277,1182,tempo,962,0,11,2,11.954631552651364,0
06277,1182,rubato,962,0,38,7,16.801745962786857,0
06277,1182,dynamics,954,8,1,0,7.951891059092481,0
06277,1182,articulation,954,8,17,1,17.46825960288382,0
06277,1182,pedal_depth,962,0,0,0,4.412923459245922,0
06277,1182,pedal_down_ratio,962,0,0,0,2.6700435974483803,0
06277,1182,pedal_changes,962,0,0,0,5.003504296210815,0
06278,1182,tempo,962,0,18,4,14.37643242228902,0
06278,1182,rubato,962,0,43,20,22.403175519936195,0
06278,1182,dynamics,955,7,0,0,4.962832009201467,0
06278,1182,articulation,955,7,21,2,25.14176166264215,0
06278,1182,pedal_depth,962,0,0,0,5.873370665020884,0
06278,1182,pedal_down_ratio,962,0,0,0,2.6700435974483736,0
06278,1182,pedal_changes,962,0,1,0,7.505256444316223,0
06284,1182,tempo,962,0,16,2,12.93715540548576,0
06284,1182,rubato,962,0,32,13,20.89722928840037,0
06284,1182,dynamics,955,7,1,0,6.08816659211768,0
06284,1182,articulation,955,7,5,1,10.620873262116845,0
06284,1182,pedal_depth,962,0,0,0,2.846753267498001,0
06284,1182,pedal_down_ratio,962,0,0,0,2.6700435974483736,0
06284,1182,pedal_changes,962,0,0,0,5.003504296210815,0
06285,1182,tempo,962,0,40,9,14.348959922641589,0
06285,1182,rubato,962,0,61,27,23.338981511058037,0
06285,1182,dynamics,955,7,1,0,7.247817371568668,0
06285,1182,articulation,955,7,9,1,10.410688753502107,0
06285,1182,pedal_depth,962,0,0,0,4.543555385689017,0
06285,1182,pedal_down_ratio,962,0,0,0,2.6700435974483736,0
06285,1182,pedal_changes,962,0,0,0,5.003504296210815,0
06286,1182,tempo,962,0,15,4,13.158062406205222,0
06286,1182,rubato,962,0,33,13,21.199336274233975,0
06286,1182,dynamics,954,8,1,0,6.08816659211768,0
06286,1182,articulation,954,8,4,2,22.541468806800328,0
06286,1182,pedal_depth,962,0,0,0,2.4015650168430587,0
06286,1182,pedal_down_ratio,962,0,0,0,2.6700435974483736,0
06286,1182,pedal_changes,962,0,0,0,5.628942333237167,0
06287,1182,tempo,962,0,12,2,14.098479364455457,0
06287,1182,rubato,962,0,38,7,20.922012641709365,0
06287,1182,dynamics,955,7,9,0,7.916391545435817,0
06287,1182,articulation,955,7,19,1,11.05283334912419,0
06287,1182,pedal_depth,962,0,0,0,5.849118683132201,0
06287,1182,pedal_down_ratio,962,0,0,0,2.6700435974483736,0
06287,1182,pedal_changes,962,0,0,0,3.7526282221581115,0
06310,1183,tempo,599,0,81,42,65.61872679659746,0
06310,1183,rubato,599,0,104,77,99.74869015656152,0
06310,1183,dynamics,566,33,0,0,3.88506677458519,0
06310,1183,articulation,537,62,48,18,34.206349921170876,0
06310,1183,pedal_depth,599,0,0,0,4.546632385684477,0
06310,1183,pedal_down_ratio,599,0,0,0,2.6733901830044187,0
06310,1183,pedal_changes,599,0,0,0,4.43399637815692,0
06313,1183,tempo,599,0,87,56,82.46153363651524,0
06313,1183,rubato,599,0,114,82,125.60420420127376,0
06313,1183,dynamics,570,29,0,0,5.746661270740594,0
06313,1183,articulation,536,63,38,11,20.807559529317224,0
06313,1183,pedal_depth,599,0,0,0,4.356044088222675,0
06313,1183,pedal_down_ratio,599,0,0,0,2.6733901830044187,0
06313,1183,pedal_changes,599,0,6,3,13.935417188493174,0
06315,1183,tempo,599,0,76,44,72.56501300044988,0
06315,1183,rubato,599,0,93,63,113.3714147933881,0
06315,1183,dynamics,575,24,7,0,7.743153918791319,0
06315,1183,articulation,543,56,48,13,18.300923747742917,0
06315,1183,pedal_depth,599,0,0,0,4.055104560205129,0
06315,1183,pedal_down_ratio,599,0,0,0,2.6733901830044187,0
06315,1183,pedal_changes,599,0,2,1,10.768276918381089,0
06354,1186,tempo,676,0,5,1,16.8496151698327,0
06354,1186,rubato,676,0,19,4,27.570089841057886,0
06354,1186,dynamics,656,20,0,0,2.7498469424815077,0
06354,1186,articulation,656,20,6,1,11.10060842496111,0
06354,1186,pedal_depth,676,0,0,0,4.139942209856441,0
06354,1186,pedal_down_ratio,676,0,0,0,2.502197923204729,0
06354,1186,pedal_changes,676,0,0,0,4.000747576669635,0
06364,1186,tempo,676,0,2,0,8.63966572625108,0
06364,1186,rubato,676,0,15,1,14.703546072913923,0
06364,1186,dynamics,656,20,0,0,3.865350890846648,0
06364,1186,articulation,656,20,3,0,7.163999728659864,0
06364,1186,pedal_depth,676,0,0,0,4.3483388659912405,0
06364,1186,pedal_down_ratio,676,0,0,0,2.502197923204729,0
06364,1186,pedal_changes,676,0,0,0,4.5722829447652975,0
06374,1186,tempo,675,1,10,2,11.978299333986072,0
06374,1186,rubato,675,1,23,8,20.329745225982535,0
06374,1186,dynamics,655,21,0,0,2.9054986562068774,0
06374,1186,articulation,654,22,8,2,11.529996300238967,0
06374,1186,pedal_depth,676,0,0,0,4.510273441645457,0
06374,1186,pedal_down_ratio,676,0,0,0,2.502197923204729,0
06374,1186,pedal_changes,676,0,0,0,3.429212208573973,0
06377,1186,tempo,676,0,1,0,6.678986847361311,0
06377,1186,rubato,676,0,11,1,11.580582775194209,0
06377,1186,dynamics,656,20,0,0,4.202596270584946,0
06377,1186,articulation,656,20,3,0,6.793702888166441,0
06377,1186,pedal_depth,676,0,0,0,4.672950984443131,0
06377,1186,pedal_down_ratio,676,0,0,0,2.502197923204729,0
06377,1186,pedal_changes,676,0,0,0,4.858050628813128,0
06379,1186,tempo,676,0,10,1,10.189204300471163,0
06379,1186,rubato,676,0,35,11,17.19643833462758,0
06379,1186,dynamics,657,19,0,0,4.144226877937934,0
06379,1186,articulation,654,22,5,1,11.186661608624878,0
06379,1186,pedal_depth,676,0,0,0,5.031559271637931,0
06379,1186,pedal_down_ratio,676,0,0,0,2.463398012115554,0
06379,1186,pedal_changes,676,0,1,0,6.2868890490522835,0
06381,1186,tempo,676,0,8,2,14.095419152155023,0
06381,1186,rubato,676,0,31,12,25.751854161277716,0
06381,1186,dynamics,655,21,0,0,3.424337701958105,0
06381,1186,articulation,653,23,7,0,8.715833113699038,0
06381,1186,pedal_depth,676,0,0,0,4.73939206391249,0
06381,1186,pedal_down_ratio,676,0,0,0,2.502197923204729,0
06381,1186,pedal_changes,676,0,0,0,5.715353680956622,0
06383,1186,tempo,676,0,1,0,7.364009983639,0
06383,1186,rubato,676,0,21,7,11.178615488015485,0
06383,1186,dynamics,656,20,0,0,3.5281055111083504,0
06383,1186,articulation,655,21,4,0,9.126790219696277,0
06383,1186,pedal_depth,676,0,0,0,4.313110505862448,0
06383,1186,pedal_down_ratio,676,0,0,0,2.502197923204729,0
06383,1186,pedal_changes,676,0,0,0,5.715353680956622,0
06384,1186,tempo,676,0,9,0,9.791629612402561,0
06384,1186,rubato,676,0,9,2,12.739637732165253,0
06384,1186,dynamics,656,20,0,0,3.320569892807859,0
06384,1186,articulation,656,20,0,0,5.950227872710822,0
06384,1186,pedal_depth,676,0,0,0,4.510273441645457,0
06384,1186,pedal_down_ratio,676,0,0,0,2.502197923204729,0
06384,1186,pedal_changes,676,0,0,0,3.429212208573973,0
06385,1186,tempo,676,0,7,1,11.037375762011466,0
06385,1186,rubato,676,0,44,9,20.879052641757127,0
06385,1186,dynamics,655,21,0,0,3.52810551110835,0
06385,1186,articulation,654,22,5,0,6.608425437469319,0
06385,1186,pedal_depth,676,0,0,0,4.510273441645457,0
06385,1186,pedal_down_ratio,676,0,0,0,2.502197923204729,0
06385,1186,pedal_changes,676,0,0,0,4.5722829447652975,0
06386,1186,tempo,676,0,2,0,7.27913983594461,0
06386,1186,rubato,676,0,18,3,13.250122620969735,0
06386,1186,dynamics,656,20,0,0,3.2583092073177107,0
06386,1186,articulation,656,20,7,0,8.175414010731592,0
06386,1186,pedal_depth,676,0,0,0,4.716850851186523,0
06386,1186,pedal_down_ratio,676,0,0,0,2.502197923204729,0
06386,1186,pedal_changes,676,0,0,0,4.5722829447652975,0
06387,1186,tempo,676,0,0,0,5.675981071375345,0
06387,1186,rubato,676,0,28,1,10.905546235630311,0
06387,1186,dynamics,655,21,0,0,2.6633737681896363,0
06387,1186,articulation,655,21,6,1,10.199471342921148,0
06387,1186,pedal_depth,676,0,0,0,3.2002726102451713,0
06387,1186,pedal_down_ratio,676,0,0,0,2.502197923204729,0
06387,1186,pedal_changes,676,0,0,0,4.5722829447652975,0
06388,1186,tempo,676,0,0,0,5.654490913575674,0
06388,1186,rubato,676,0,6,0,9.362425540362818,0
06388,1186,dynamics,656,20,0,0,3.476221606533227,0
06388,1186,articulation,656,20,1,0,6.50706084501828,0
06388,1186,pedal_depth,676,0,0,0,2.043138409270498,0
06388,1186,pedal_down_ratio,676,0,0,0,2.502197923204729,0
06388,1186,pedal_changes,676,0,0,0,5.715353680956622,0
06389,1186,tempo,676,0,4,1,12.745067877615748,0
06389,1186,rubato,676,0,16,4,22.5858714569533,0
06389,1186,dynamics,656,20,0,0,3.268685988232736,0
06389,1186,articulation,656,20,5,3,18.35961130526594,0
06389,1186,pedal_depth,676,0,0,0,4.181809182674253,0
06389,1186,pedal_down_ratio,676,0,0,0,2.502197923204729,0
06389,1186,pedal_changes,676,0,0,0,4.5722829447652975,0
06390,1186,tempo,676,0,7,1,12.053651061076664,0
06390,1186,rubato,676,0,25,6,22.64231588699973,0
06390,1186,dynamics,656,20,0,0,3.8394089385590866,0
06390,1186,articulation,656,20,6,0,9.137508337473658,0
06390,1186,pedal_depth,676,0,0,0,2.451246117200636,0
06390,1186,pedal_down_ratio,676,0,0,0,2.502197923204729,0
06390,1186,pedal_changes,676,0,0,0,4.000747576669635,0
06391,1186,tempo,674,2,9,1,17.565287129952278,0
06391,1186,rubato,674,2,32,9,30.268929283837057,0
06391,1186,dynamics,652,24,0,0,2.648100584158865,0
06391,1186,articulation,652,24,7,1,31.23294019306555,0
06391,1186,pedal_depth,676,0,0,0,4.547760587371402,0
06391,1186,pedal_down_ratio,676,0,0,0,2.502197923204729,0
06391,1186,pedal_changes,676,0,0,0,4.000747576669635,0
06392,1186,tempo,676,0,9,1,12.885920256988571,0
06392,1186,rubato,676,0,36,12,24.576073168654716,0
06392,1186,dynamics,654,22,0,0,3.1640534473395716,0
06392,1186,articulation,654,22,4,1,19.961414090535833,0
06392,1186,pedal_depth,676,0,0,0,4.403859615802843,0
06392,1186,pedal_down_ratio,676,0,0,0,2.502197923204729,0
06392,1186,pedal_changes,676,0,0,0,4.5722829447652975,0
06393,1186,tempo,676,0,7,0,8.128559303144494,0
06393,1186,rubato,676,0,28,10,14.312924891618726,0
06393,1186,dynamics,654,22,0,0,3.31970516106494,0
06393,1186,articulation,654,22,3,0,7.639750141415169,0
06393,1186,pedal_depth,676,0,0,0,4.403859615802843,0
06393,1186,pedal_down_ratio,676,0,0,0,2.502197923204729,0
06393,1186,pedal_changes,676,0,0,0,4.5722829447652975,0
06394,1186,tempo,676,0,0,0,4.611328308948807,0
06394,1186,rubato,676,0,16,0,8.491536891200445,0
06394,1186,dynamics,656,20,0,0,3.0657622725611455,0
06394,1186,articulation,656,20,1,0,9.813399196997858,0
06394,1186,pedal_depth,676,0,0,0,4.451264345680639,0
06394,1186,pedal_down_ratio,676,0,0,0,2.502197923204729,0
06394,1186,pedal_changes,676,0,0,0,4.5722829447652975,0
06398,1187,tempo,520,0,12,5,15.780643119956101,0
06398,1187,rubato,520,0,39,17,27.05821332840933,0
06398,1187,dynamics,499,21,0,0,4.046944556859583,0
06398,1187,articulation,499,21,9,1,10.862660145328318,0
06398,1187,pedal_depth,520,0,0,0,4.45112758977626,0
06398,1187,pedal_down_ratio,520,0,0,0,2.3422923648221214,0
06398,1187,pedal_changes,520,0,0,0,5.335442294953585,0
06402,1187,tempo,519,1,12,2,10.046403230390494,0
06402,1187,rubato,519,1,39,15,16.049729359010993,0
06402,1187,dynamics,501,19,0,0,4.186494369165086,0
06402,1187,articulation,499,21,8,1,14.997236032131422,0
06402,1187,pedal_depth,520,0,0,0,4.299030568808225,0
06402,1187,pedal_down_ratio,520,0,0,0,2.3422923648221214,0
06402,1187,pedal_changes,520,0,0,0,4.573236252817358,0
06404,1187,tempo,518,2,12,3,15.854213707286686,0
06404,1187,rubato,518,2,35,12,28.133595305064258,0
06404,1187,dynamics,504,16,0,0,4.884243430692599,0
06404,1187,articulation,502,18,9,3,14.959049691478207,0
06404,1187,pedal_depth,520,0,0,0,4.065473194042208,0
06404,1187,pedal_down_ratio,520,0,0,0,2.3422923648221214,0
06404,1187,pedal_changes,520,0,0,0,5.335442294953585,0
06405,1187,tempo,518,2,12,1,11.319716695309808,0
06405,1187,rubato,518,2,44,15,18.951242497505397,0
06405,1187,dynamics,503,17,0,0,4.186494369165085,0
06405,1187,articulation,501,19,11,0,8.867204826447523,0
06405,1187,pedal_depth,520,0,0,0,4.278967820162421,0
06405,1187,pedal_down_ratio,520,0,0,0,2.3422923648221214,0
06405,1187,pedal_changes,520,0,0,0,4.573236252817358,0
06408,1187,tempo,520,0,15,6,12.928857280223504,0
06408,1187,rubato,520,0,34,17,25.034095237131897,0
06408,1187,dynamics,507,13,0,0,3.97716965070683,0
06408,1187,articulation,506,14,8,1,11.418120269867044,0
06408,1187,pedal_depth,520,0,0,0,4.910446075104228,0
06408,1187,pedal_down_ratio,520,0,0,0,2.3422923648221214,0
06408,1187,pedal_changes,520,0,0,0,3.811030210681132,0
06409,1187,tempo,520,0,1,0,6.223604584266873,0
06409,1187,rubato,520,0,13,3,13.437653392086368,0
06409,1187,dynamics,506,14,0,0,3.279420589179317,0
06409,1187,articulation,505,15,2,2,13.473396963460113,0
06409,1187,pedal_depth,520,0,0,0,3.939773338123305,0
06409,1187,pedal_down_ratio,520,0,0,0,2.3422923648221214,0
06409,1187,pedal_changes,520,0,0,0,5.335442294953585,0
06410,1187,tempo,520,0,1,0,8.741838892712464,0
06410,1187,rubato,520,0,6,1,18.146009226741043,0
06410,1187,dynamics,507,13,0,0,3.4945598831503006,0
06410,1187,articulation,506,14,3,1,16.25839526333534,0
06410,1187,pedal_depth,520,0,0,0,5.615268651717816,0
06410,1187,pedal_down_ratio,520,0,0,0,2.3422923648221214,0
06410,1187,pedal_changes,520,0,0,0,5.335442294953585,0
06411,1187,tempo,519,1,5,4,11.067356334038472,0
06411,1187,rubato,519,1,22,7,21.46452091366605,0
06411,1187,dynamics,502,18,0,0,3.360824646357527,0
06411,1187,articulation,501,19,4,1,11.29458684362637,0
06411,1187,pedal_depth,520,0,0,0,3.3321732757372775,0
06411,1187,pedal_down_ratio,520,0,0,0,2.3422923648221214,0
06411,1187,pedal_changes,520,0,2,0,6.097648337089811,0
06412,1187,tempo,520,0,4,1,10.691816556500665,0
06412,1187,rubato,520,0,26,9,19.971547712531088,0
06412,1187,dynamics,507,13,0,0,3.7678449322485776,0
06412,1187,articulation,502,18,7,0,8.812178235081833,0
06412,1187,pedal_depth,520,0,0,0,2.755062715473159,0
06412,1187,pedal_down_ratio,520,0,0,0,2.3422923648221214,0
06412,1187,pedal_changes,520,0,0,0,3.811030210681132,0
06413,1187,tempo,520,0,2,0,9.976718841243487,0
06413,1187,rubato,520,0,12,5,18.582218744814217,0
06413,1187,dynamics,507,13,0,0,3.349195495332068,0
06413,1187,articulation,506,14,5,0,7.916342611299153,0
06413,1187,pedal_depth,520,0,0,0,3.353134223672483,0
06413,1187,pedal_down_ratio,520,0,0,0,2.3422923648221214,0
06413,1187,pedal_changes,520,0,0,0,3.4299271896130183,0
06414,1187,tempo,520,0,1,0,7.337472841485888,0
06414,1187,rubato,520,0,10,2,15.310303507650351,0
06414,1187,dynamics,506,14,1,0,6.977490615275142,0
06414,1187,articulation,506,14,2,0,6.639963019873394,0
06414,1187,pedal_depth,520,0,0,0,4.545666759307985,0
06414,1187,pedal_down_ratio,520,0,0,0,2.3422923648221214,0
06414,1187,pedal_changes,520,0,0,0,4.573236252817358,0
06415,1187,tempo,519,1,7,3,11.217521059465698,0
06415,1187,rubato,519,1,28,11,19.71631411853414,0
06415,1187,dynamics,500,20,0,0,3.3596617312549806,0
06415,1187,articulation,497,23,7,3,15.285973061996534,0
06415,1187,pedal_depth,520,0,0,0,4.45112758977626,0
06415,1187,pedal_down_ratio,520,0,0,0,2.3422923648221214,0
06415,1187,pedal_changes,520,0,1,0,6.859854379226037,0
06416,1187,tempo,520,0,4,1,10.918813135218597,0
06416,1187,rubato,520,0,25,4,18.814812038818072,0
06416,1187,dynamics,506,14,1,0,6.41929136605313,0
06416,1187,articulation,504,16,5,1,10.132843767463791,0
06416,1187,pedal_depth,520,0,0,0,3.997892335196869,0
06416,1187,pedal_down_ratio,520,0,0,0,2.3422923648221214,0
06416,1187,pedal_changes,520,0,0,0,4.573236252817358,0
06417,1187,tempo,518,2,7,2,11.607132857335603,0
06417,1187,rubato,518,2,38,10,20.559218229908787,0
06417,1187,dynamics,504,16,0,0,5.861092116831119,0
06417,1187,articulation,503,17,8,1,25.645014536255747,0
06417,1187,pedal_depth,520,0,0,0,3.9645989899525858,0
06417,1187,pedal_down_ratio,520,0,0,0,2.3422923648221214,0
06417,1187,pedal_changes,520,0,0,0,5.335442294953585,0
06418,1187,tempo,520,0,6,1,10.087761661406606,0
06418,1187,rubato,520,0,22,7,18.033173070425622,0
06418,1187,dynamics,505,15,0,0,3.5934076668666988,0
06418,1187,articulation,505,15,4,0,7.92268441554331,0
06418,1187,pedal_depth,520,0,0,0,3.997573725817876,0
06418,1187,pedal_down_ratio,520,0,0,0,2.3422923648221214,0
06418,1187,pedal_changes,520,0,1,0,6.097648337089811,0
06419,1187,tempo,520,0,2,0,9.502691735126644,0
06419,1187,rubato,520,0,14,2,16.30201961373665,0
06419,1187,dynamics,503,17,0,0,3.279420589179317,0
06419,1187,articulation,502,18,4,1,11.414224552699098,0
06419,1187,pedal_depth,520,0,0,0,4.006014830798636,0
06419,1187,pedal_down_ratio,520,0,0,0,2.3422923648221214,0
06419,1187,pedal_changes,520,0,0,0,4.573236252817358,0
06420,1187,tempo,520,0,2,0,9.523069491222472,0
06420,1187,rubato,520,0,21,4,18.802112582502563,0
06420,1187,dynamics,505,15,0,0,3.2329039850774812,0
06420,1187,articulation,504,16,1,0,6.715939272036587,0
06420,1187,pedal_depth,520,0,0,0,3.9663543530874756,0
06420,1187,pedal_down_ratio,520,0,0,0,2.3422923648221214,0
06420,1187,pedal_changes,520,0,1,0,6.097648337089811,0
06421,1187,tempo,520,0,4,0,8.006458169429866,0
06421,1187,rubato,520,0,13,5,16.220095256217586,0
06421,1187,dynamics,504,16,0,0,5.023793242998101,0
06421,1187,articulation,503,17,5,0,9.683881173311617,0
06421,1187,pedal_depth,520,0,0,0,4.119577468721082,0
06421,1187,pedal_down_ratio,520,0,0,0,2.3422923648221214,0
06421,1187,pedal_changes,520,0,0,0,4.573236252817358,0
06422,1187,tempo,520,0,7,0,9.651732790796627,0
06422,1187,rubato,520,0,26,8,17.24199135080229,0
06422,1187,dynamics,505,15,0,0,3.8027323853249526,0
06422,1187,articulation,504,16,6,2,11.271638168460663,0
06422,1187,pedal_depth,520,0,0,0,3.7474457072567873,0
06422,1187,pedal_down_ratio,520,0,0,0,2.3422923648221214,0
06422,1187,pedal_changes,520,0,0,0,4.573236252817358,0
06425,1187,tempo,520,0,8,2,12.437971171708726,0
06425,1187,rubato,520,0,43,11,22.002430823385346,0
06425,1187,dynamics,500,20,2,0,6.3844039129767545,0
06425,1187,articulation,499,21,12,1,11.10751304301424,0
06425,1187,pedal_depth,520,0,0,0,4.278967820162421,0
06425,1187,pedal_down_ratio,520,0,0,0,2.3422923648221285,0
06425,1187,pedal_changes,520,0,0,0,4.573236252817358,0
06427,1187,tempo,520,0,1,0,6.136787058490168,0
06427,1187,rubato,520,0,8,0,8.604516308451633,0
06427,1187,dynamics,506,14,0,0,4.8842434306925995,0
06427,1187,articulation,506,14,6,2,21.947508041090632,0
06427,1187,pedal_depth,520,0,0,0,3.4702001223984174,0
06427,1187,pedal_down_ratio,520,0,0,0,2.3422923648221214,0
06427,1187,pedal_changes,520,0,0,0,5.335442294953585,0
06429,1187,tempo,520,0,2,0,7.911260972111839,0
06429,1187,rubato,520,0,10,2,12.483663462636892,0
06429,1187,dynamics,506,14,1,0,6.244854100671252,0
06429,1187,articulation,506,14,6,0,9.206905192747708,0
06429,1187,pedal_depth,520,0,0,0,4.094530273732761,0
06429,1187,pedal_down_ratio,520,0,0,0,2.3422923648221214,0
06429,1187,pedal_changes,520,0,7,1,10.67088458990717,0
06431,1188,tempo,281,0,0,0,5.820852163984439,0
06431,1188,rubato,281,0,14,4,13.689711523389626,0
06431,1188,dynamics,281,0,0,0,2.7702122315113566,0
06431,1188,articulation,281,0,5,2,16.527367545418368,0
06431,1188,pedal_depth,281,0,0,0,5.072305890171291,0
06431,1188,pedal_down_ratio,281,0,0,0,3.0280611158053445,0
06431,1188,pedal_changes,281,0,0,0,3.703652502187684,0
06433,1188,tempo,281,0,0,0,4.047618076332986,0
06433,1188,rubato,281,0,6,3,12.453392760224322,0
06433,1188,dynamics,281,0,0,0,2.487846547463414,0
06433,1188,articulation,281,0,4,1,14.883167791071555,0
06433,1188,pedal_depth,281,0,0,0,2.1759241710274093,0
06433,1188,pedal_down_ratio,281,0,0,0,3.0099507024333096,0
06433,1188,pedal_changes,281,0,0,0,3.0863770851564034,0
06435,1188,tempo,281,0,0,0,4.823190446059984,0
06435,1188,rubato,281,0,6,1,12.008964857467486,0
06435,1188,dynamics,281,0,0,0,2.144910306585,0
06435,1188,articulation,281,0,2,1,11.422645514396745,0
06435,1188,pedal_depth,281,0,0,0,2.8424554179462884,0
06435,1188,pedal_down_ratio,281,0,0,0,2.9232101490080633,0
06435,1188,pedal_changes,281,0,0,0,4.526686391562725,0
06436,1188,tempo,280,1,0,0,4.485242114863109,0
06436,1188,rubato,280,1,14,0,9.844642996906588,0
06436,1188,dynamics,281,0,0,0,3.0552501460077024,0
06436,1188,articulation,281,0,5,4,25.150126674069657,0
06436,1188,pedal_depth,281,0,0,0,4.108727252677673,0
06436,1188,pedal_down_ratio,281,0,0,0,2.6268510642298417,0
06436,1188,pedal_changes,281,0,0,0,3.2921355575001634,0
06437,1188,tempo,281,0,0,0,4.1530404895804995,0
06437,1188,rubato,281,0,10,0,9.061937674563325,0
06437,1188,dynamics,281,0,0,0,2.8266259854220928,0
06437,1188,articulation,281,0,7,1,15.095613967445733,0
06437,1188,pedal_depth,281,0,0,0,3.884394553038928,0
06437,1188,pedal_down_ratio,281,0,0,0,2.4927269849980727,0
06437,1188,pedal_changes,281,0,0,0,3.0863770851564034,0
06439,1188,tempo,280,1,0,0,3.88365175080363,0
06439,1188,rubato,280,1,8,3,10.431710243942442,0
06439,1188,dynamics,281,0,0,0,2.790996246110048,0
06439,1188,articulation,281,0,3,2,10.962977506336088,0
06439,1188,pedal_depth,281,0,1,0,6.993310452349255,0
06439,1188,pedal_down_ratio,281,0,0,0,2.980908818660762,0
06439,1188,pedal_changes,281,0,0,0,3.2921355575001634,0
06440,1188,tempo,281,0,0,0,3.943628315601596,0
06440,1188,rubato,281,0,5,3,11.453602132532362,0
06440,1188,dynamics,281,0,0,0,2.3604702294228592,0
06440,1188,articulation,281,0,5,2,16.340784637666296,0
06440,1188,pedal_depth,281,0,0,0,2.8631566055887476,0
06440,1188,pedal_down_ratio,281,0,0,0,3.0280611158053445,0
06440,1188,pedal_changes,281,0,0,0,3.2921355575001634,0
06441,1188,tempo,281,0,1,0,8.399161278074638,0
06441,1188,rubato,281,0,14,4,19.59893676151012,0
06441,1188,dynamics,281,0,0,0,2.562372085524439,0
06441,1188,articulation,281,0,4,4,28.968574957775036,0
06441,1188,pedal_depth,281,0,0,0,3.715146767460217,0
06441,1188,pedal_down_ratio,281,0,0,0,2.6011407513156333,0
06441,1188,pedal_changes,281,0,0,0,3.703652502187684,0
06442,1188,tempo,281,0,0,0,4.272267629932713,0
06442,1188,rubato,281,0,8,2,11.682917015082333,0
06442,1188,dynamics,281,0,0,0,2.614332122021168,0
06442,1188,articulation,281,0,2,2,22.603373057026058,0
06442,1188,pedal_depth,281,0,0,0,2.524978171447203,0
06442,1188,pedal_down_ratio,281,0,0,0,2.8532421129560777,0
06442,1188,pedal_changes,281,0,0,0,3.0863770851564034,0
06443,1188,tempo,281,0,0,0,4.5929583027701,0
06443,1188,rubato,281,0,6,2,10.155728564264024,0
06443,1188,dynamics,281,0,0,0,2.793371562064185,0
06443,1188,articulation,281,0,2,1,12.132259689767228,0
06443,1188,pedal_depth,281,0,0,0,1.9031192350267536,0
06443,1188,pedal_down_ratio,281,0,0,0,2.9475012530786366,0
06443,1188,pedal_changes,281,0,0,0,2.2633431957813626,0
06444,1188,tempo,281,0,0,0,4.447140690401561,0
06444,1188,rubato,281,0,15,2,11.071473739216984,0
06444,1188,dynamics,281,0,0,0,3.975981992729752,0
06444,1188,articulation,281,0,3,0,9.301335622099229,0
06444,1188,pedal_depth,281,0,0,0,1.6577755535453835,0
06444,1188,pedal_down_ratio,281,0,0,0,2.899573490292741,0
06444,1188,pedal_changes,281,0,0,0,3.2921355575001634,0
06446,1188,tempo,280,1,1,0,7.28337477817523,0
06446,1188,rubato,280,1,23,6,16.4839230989883,0
06446,1188,dynamics,281,0,0,0,2.2862416058561044,0
06446,1188,articulation,281,0,22,1,10.970550103760045,0
06446,1188,pedal_depth,281,0,1,0,6.995018208203195,0
06446,1188,pedal_down_ratio,281,0,0,0,2.918918207375017,0
06446,1188,pedal_changes,281,0,0,0,4.115169446875204,0
06447,1188,tempo,281,0,1,0,6.761451832440187,0
06447,1188,rubato,281,0,10,2,16.062997597472698,0
06447,1188,dynamics,281,0,0,0,2.1140311991812286,0
06447,1188,articulation,281,0,8,0,9.55353101023052,0
06447,1188,pedal_depth,281,0,0,0,3.9530376480077445,0
06447,1188,pedal_down_ratio,281,0,0,0,2.651139326370973,0
06447,1188,pedal_changes,281,0,0,0,4.320927919218964,0
06448,1188,tempo,281,0,0,0,4.530713231994522,0
06448,1188,rubato,281,0,9,2,10.4597850044841,0
06448,1188,dynamics,281,0,0,0,1.9433053649776884,0
06448,1188,articulation,281,0,3,1,12.051807354698798,0
06448,1188,pedal_depth,281,0,0,0,4.130198561100495,0
06448,1188,pedal_down_ratio,281,0,0,0,2.6436300870185847,0
06448,1188,pedal_changes,281,0,0,0,4.732444863906485,0
06449,1188,tempo,281,0,0,0,4.175377782150649,0
06449,1188,rubato,281,0,9,1,10.228609910610006,0
06449,1188,dynamics,281,0,0,0,3.219443861337368,0
06449,1188,articulation,281,0,10,2,30.293901815304793,0
06449,1188,pedal_depth,281,0,1,0,6.473910901352792,0
06449,1188,pedal_down_ratio,281,0,0,0,2.6673169229511355,0
06449,1188,pedal_changes,281,0,0,0,3.0863770851564034,0
06452,1188,tempo,281,0,0,0,4.057288241493365,0
06452,1188,rubato,281,0,20,5,11.323806391164112,0
06452,1188,dynamics,281,0,0,0,2.6811378832312487,0
06452,1188,articulation,281,0,9,2,17.02501182917672,0
06452,1188,pedal_depth,281,0,0,0,2.7662888800604555,0
06452,1188,pedal_down_ratio,281,0,0,0,3.0280611158053445,0
06452,1188,pedal_changes,281,0,0,0,2.880618612812643,0
06453,1188,tempo,281,0,0,0,4.939924021142633,0
06453,1188,rubato,281,0,18,3,11.466532405310753,0
06453,1188,dynamics,281,0,0,0,3.8346506934586464,0
06453,1188,articulation,281,0,3,1,23.68084270980301,0
06453,1188,pedal_depth,281,0,0,0,5.3216126079549495,0
06453,1188,pedal_down_ratio,281,0,0,0,2.9734043051436414,0
06453,1188,pedal_changes,281,0,0,0,3.703652502187684,0
06456,1188,tempo,281,0,2,0,8.863119975140487,0
06456,1188,rubato,281,0,10,4,20.16630113107303,0
06456,1188,dynamics,281,0,0,0,3.377402372287426,0
06456,1188,articulation,281,0,3,0,8.256945036982165,0
06456,1188,pedal_depth,281,0,3,0,7.200048904870329,0
06456,1188,pedal_down_ratio,281,0,0,0,2.917792834265334,0
06456,1188,pedal_changes,281,0,0,0,3.0863770851564034,0
06458,1189,tempo,486,2,7,1,12.545509835275043,0
06458,1189,rubato,486,2,35,8,24.323725362421136,0
06458,1189,dynamics,486,2,0,0,2.8310862141188675,0
06458,1189,articulation,486,2,8,0,9.098275548550692,0
06458,1189,pedal_depth,488,0,0,0,3.7237898160543903,0
06458,1189,pedal_down_ratio,488,0,0,0,2.537772789682789,0
06458,1189,pedal_changes,488,0,0,0,4.136403404804842,0
06459,1189,tempo,486,2,1,0,6.031008612198846,0
06459,1189,rubato,486,2,28,4,11.218680195382445,0
06459,1189,dynamics,486,2,0,0,2.4849659559664046,0
06459,1189,articulation,486,2,9,2,13.24060368652155,0
06459,1189,pedal_depth,488,0,0,0,3.635273671790984,0
06459,1189,pedal_down_ratio,488,0,0,0,2.537772789682789,0
06459,1189,pedal_changes,488,0,0,0,3.309122723843873,0
06460,1189,tempo,487,1,1,0,7.6669605975509745,0
06460,1189,rubato,487,1,31,3,16.35127428778684,0
06460,1189,dynamics,485,3,0,0,2.5825896185222272,0
06460,1189,articulation,485,3,4,0,6.907577455011684,0
06460,1189,pedal_depth,488,0,0,0,2.3207216992940327,0
06460,1189,pedal_down_ratio,488,0,0,0,2.537772789682789,0
06460,1189,pedal_changes,488,0,0,0,3.309122723843873,0
06461,1189,tempo,488,0,4,0,8.103709759344028,0
06461,1189,rubato,488,0,35,9,17.230954312125714,0
06461,1189,dynamics,486,2,0,0,2.689088159492216,0
06461,1189,articulation,486,2,5,0,6.890056586093215,0
06461,1189,pedal_depth,488,0,0,0,3.0093450248889044,0
06461,1189,pedal_down_ratio,488,0,0,0,2.537772789682789,0
06461,1189,pedal_changes,488,0,0,0,3.309122723843873,0
06462,1189,tempo,486,2,10,0,9.477604351363931,0
06462,1189,rubato,486,2,44,12,16.900547397015817,0
06462,1189,dynamics,485,3,0,0,3.1914062777339964,0
06462,1189,articulation,485,3,3,1,17.67723689240199,0
06462,1189,pedal_depth,488,0,0,0,3.025394305138705,0
06462,1189,pedal_down_ratio,488,0,0,0,2.537772789682789,0
06462,1189,pedal_changes,488,0,0,0,4.96368408576581,0
06463,1189,tempo,487,1,5,1,12.461980415049814,0
06463,1189,rubato,487,1,37,6,25.638301553712747,0
06463,1189,dynamics,485,3,0,0,4.0469445568595726,0
06463,1189,articulation,485,3,4,0,9.357525502142478,0
06463,1189,pedal_depth,488,0,0,0,3.7753008075437937,0
06463,1189,pedal_down_ratio,488,0,0,0,2.537772789682789,0
06463,1189,pedal_changes,488,0,0,0,3.309122723843873,0
06464,1189,tempo,487,1,0,0,5.057518150922207,0
06464,1189,rubato,487,1,20,2,11.618437048811874,0
06464,1189,dynamics,487,1,0,0,3.8516972317479263,0
06464,1189,articulation,487,1,3,0,8.748977341804125,0
06464,1189,pedal_depth,488,0,0,0,3.832148206486935,0
06464,1189,pedal_down_ratio,488,0,0,0,2.537772789682789,0
06464,1189,pedal_changes,488,0,0,0,2.481842042882905,0
06466,1189,tempo,484,4,11,0,8.902452252381813,0
06466,1189,rubato,484,4,49,14,16.719185983656583,0
06466,1189,dynamics,484,4,0,0,4.5971870185378485,0
06466,1189,articulation,483,5,5,1,14.362098757887436,0
06466,1189,pedal_depth,488,0,0,0,3.724118259675987,0
06466,1189,pedal_down_ratio,488,0,0,0,2.537772789682789,0
06466,1189,pedal_changes,488,0,0,0,5.790964766726779,0
06467,1189,tempo,488,0,0,0,5.6214319832509485,0
06467,1189,rubato,488,0,30,4,11.649896592730032,0
06467,1189,dynamics,487,1,0,0,2.74233742997721,0
06467,1189,articulation,487,1,3,0,8.002327235278202,0
06467,1189,pedal_depth,488,0,0,0,3.528156531956055,0
06467,1189,pedal_down_ratio,488,0,0,0,2.5377727896827915,0
06467,1189,pedal_changes,488,0,0,0,4.96368408576581,0
06468,1189,tempo,486,2,5,0,8.524567296328959,0
06468,1189,rubato,486,2,44,8,17.232237554821694,0
06468,1189,dynamics,486,2,0,0,2.642685223783864,0
06468,1189,articulation,486,2,6,1,16.414223922190637,0
06468,1189,pedal_depth,488,0,0,0,3.6919008548227774,0
06468,1189,pedal_down_ratio,488,0,0,0,2.537772789682789,0
06468,1189,pedal_changes,488,0,0,0,4.136403404804842,0
06469,1189,tempo,486,2,3,0,6.556246567204645,0
06469,1189,rubato,486,2,27,8,12.667703930167903,0
06469,1189,dynamics,486,2,0,0,2.733462551563045,0
06469,1189,articulation,486,2,3,0,7.866188303161311,0
06469,1189,pedal_depth,488,0,0,0,3.388091573996002,0
06469,1189,pedal_down_ratio,488,0,0,0,2.537772789682789,0
06469,1189,pedal_changes,488,0,1,0,6.618245447687746,0
06470,1189,tempo,488,0,1,0,8.596487138004935,0
06470,1189,rubato,488,0,24,4,18.415252503475045,0
06470,1189,dynamics,487,1,0,0,2.9819591471596856,0
06470,1189,articulation,487,1,3,0,7.4120251962167245,0
06470,1189,pedal_depth,488,0,0,0,2.298277691225144,0
06470,1189,pedal_down_ratio,488,0,0,0,2.3366645876755583,0
06470,1189,pedal_changes,488,0,0,0,5.790964766726779,0
06471,1189,tempo,488,0,0,0,4.126305426418939,0
06471,1189,rubato,488,0,22,2,10.405017491410662,0
06471,1189,dynamics,487,1,0,0,3.8073228396770977,0
06471,1189,articulation,487,1,2,0,8.109041452589738,0
06471,1189,pedal_depth,488,0,0,0,2.2047888078448117,0
06471,1189,pedal_down_ratio,488,0,0,0,2.537772789682789,0
06471,1189,pedal_changes,488,0,0,0,4.136403404804842,0
06472,1189,tempo,488,0,1,0,7.329681533098774,0
06472,1189,rubato,488,0,28,5,16.83998854224805,0
06472,1189,dynamics,487,1,0,0,4.0558194352737384,0
06472,1189,articulation,487,1,2,1,10.957524781939021,0
06472,1189,pedal_depth,488,0,0,0,1.3378399796512825,0
06472,1189,pedal_down_ratio,488,0,0,0,2.537772789682789,0
06472,1189,pedal_changes,488,0,0,0,4.96368408576581,0
06475,1189,tempo,487,1,0,0,5.540205262376312,0
06475,1189,rubato,487,1,17,1,10.092510947633171,0
06475,1189,dynamics,486,2,0,0,2.289718630854758,0
06475,1189,articulation,484,4,1,0,9.799665308330885,0
06475,1189,pedal_depth,488,0,0,0,2.7278903887531545,0
06475,1189,pedal_down_ratio,488,0,0,0,2.537772789682789,0
06475,1189,pedal_changes,488,0,2,0,7.8591664691292,0
06476,1189,tempo,488,0,1,0,7.149616454427498,0
06476,1189,rubato,488,0,28,3,16.398039417010946,0
06476,1189,dynamics,486,2,0,0,2.5825896185222272,0
06476,1189,articulation,484,4,3,0,9.97396134383026,0
06476,1189,pedal_depth,488,0,0,0,2.3841325691036435,0
06476,1189,pedal_down_ratio,488,0,0,0,2.537772789682789,0
06476,1189,pedal_changes,488,0,1,0,6.2046051072072625,0
06477,1189,tempo,488,0,3,0,7.665727168089781,0
06477,1189,rubato,488,0,22,5,17.96882590898098,0
06477,1189,dynamics,485,3,0,0,3.6564499066362797,0
06477,1189,articulation,484,4,1,0,6.21490110886945,0
06477,1189,pedal_depth,488,0,0,0,3.5481842938579047,0
06477,1189,pedal_down_ratio,488,0,0,0,2.537772789682789,0
06477,1189,pedal_changes,488,0,4,0,8.272806809609683,0
06478,1189,tempo,488,0,0,0,5.422118894474258,0
06478,1189,rubato,488,0,34,0,9.964247948779756,0
06478,1189,dynamics,486,2,0,0,2.9020852414321943,0
06478,1189,articulation,486,2,7,0,8.377228196429462,0
06478,1189,pedal_depth,488,0,0,0,3.5481842938579047,0
06478,1189,pedal_down_ratio,488,0,0,0,2.537772789682789,0
06478,1189,pedal_changes,488,0,1,0,6.618245447687746,0
06481,1189,tempo,482,6,11,0,9.514838923773798,0
06481,1189,rubato,482,6,50,11,19.887025393491005,0
06481,1189,dynamics,486,2,0,0,4.86343337096282,0
06481,1189,articulation,486,2,10,3,14.917443310064682,0
06481,1189,pedal_depth,488,0,0,0,3.3155164713098118,0
06481,1189,pedal_down_ratio,488,0,0,0,2.537772789682789,0
06481,1189,pedal_changes,488,0,0,0,3.309122723843873,0
06482,1189,tempo,486,2,4,0,8.152158609035103,0
06482,1189,rubato,486,2,38,6,15.44699081014719,0
06482,1189,dynamics,485,3,0,0,2.8328611898017004,0
06482,1189,articulation,485,3,4,0,8.08588339557353,0
06482,1189,pedal_depth,488,0,0,0,3.493873876001454,0
06482,1189,pedal_down_ratio,488,0,0,0,2.537772789682789,0
06482,1189,pedal_changes,488,0,0,0,5.790964766726779,0
06484,1189,tempo,488,0,1,0,6.141855340279625,0
06484,1189,rubato,488,0,25,3,14.384520741470986,0
06484,1189,dynamics,487,1,0,0,4.55281262646702,0
06484,1189,articulation,487,1,1,0,8.617955017659698,0
06484,1189,pedal_depth,488,0,0,0,2.862428989113531,0
06484,1189,pedal_down_ratio,488,0,0,0,2.537772789682789,0
06484,1189,pedal_changes,488,0,0,0,4.96368408576581,0
06486,1189,tempo,487,1,1,0,7.543404856010609,0
06486,1189,rubato,487,1,30,5,17.945181894137786,0
06486,1189,dynamics,487,1,0,0,4.366440179769539,0
06486,1189,articulation,487,1,4,0,9.562358185556663,0
06486,1189,pedal_depth,488,0,0,0,3.4164404801576898,0
06486,1189,pedal_down_ratio,488,0,0,0,2.537772789682789,0
06486,1189,pedal_changes,488,0,0,0,4.96368408576581,0
00410,118,tempo,303,1,2,0,7.779771900280014,0
00410,118,rubato,303,1,5,1,11.429110335219333,0
00410,118,dynamics,297,7,1,0,7.422129086062302,0
00410,118,articulation,296,8,3,3,17.939937323179638,0
00410,118,pedal_depth,304,0,0,0,4.9582282726827005,0
00410,118,pedal_down_ratio,304,0,0,0,2.5689530456360274,0
00410,118,pedal_changes,304,0,0,0,4.013834706633943,0
00411,118,tempo,304,0,0,0,4.858104435038519,0
00411,118,rubato,304,0,3,0,6.22181344549824,0
00411,118,dynamics,299,5,1,0,6.881444185753129,0
00411,118,articulation,297,7,7,1,10.610428602443378,0
00411,118,pedal_depth,304,0,0,0,3.401957201838138,0
00411,118,pedal_down_ratio,304,0,0,0,2.5689530456360274,0
00411,118,pedal_changes,304,0,0,0,4.013834706633943,0
00412,118,tempo,304,0,3,0,7.935594232473227,0
00412,118,rubato,304,0,6,1,12.385311367032608,0
00412,118,dynamics,297,7,0,0,5.6526148668686425,0
00412,118,articulation,297,7,4,0,9.56307363242373,0
00412,118,pedal_depth,304,0,0,0,2.4267554903770105,0
00412,118,pedal_down_ratio,304,0,0,0,2.5689530456360274,0
00412,118,pedal_changes,304,0,0,0,4.013834706633943,0
00413,118,tempo,304,0,4,0,9.546404850098883,0
00413,118,rubato,304,0,9,3,12.799696395258517,0
00413,118,dynamics,299,5,0,0,4.669551411761052,0
00413,118,articulation,298,6,4,1,11.621674011028373,0
00413,118,pedal_depth,304,0,0,0,3.4001023673552178,0
00413,118,pedal_down_ratio,304,0,0,0,2.5689530456360274,0
00413,118,pedal_changes,304,0,0,0,4.013834706633943,0
00414,118,tempo,304,0,3,0,6.654006145028936,0
00414,118,rubato,304,0,8,0,8.681790317785781,0
00414,118,dynamics,297,7,1,0,6.963366140345429,0
00414,118,articulation,296,8,2,2,17.40353353376284,0
00414,118,pedal_depth,304,0,0,0,4.371069661444042,0
00414,118,pedal_down_ratio,304,0,0,0,2.5689530456360274,0
00414,118,pedal_changes,304,0,0,0,5.3517796088452565,0
00415,118,tempo,302,2,13,3,13.31054553145792,0
00415,118,rubato,302,2,15,4,15.783304284150885,0
00415,118,dynamics,291,13,2,0,7.2337085905000125,0
00415,118,articulation,288,16,5,1,24.529741144432577,0
00415,118,pedal_depth,304,0,0,0,4.050431249790974,0
00415,118,pedal_down_ratio,304,0,0,0,2.5689530456360274,0
00415,118,pedal_changes,304,0,0,0,4.6828071577395995,0
00416,118,tempo,304,0,20,5,15.201142491208156,0
00416,118,rubato,304,0,22,6,17.57025366402952,0
00416,118,dynamics,294,10,1,0,6.429410543449191,0
00416,118,articulation,293,11,8,5,15.596814574836865,0
00416,118,pedal_depth,304,0,0,0,4.880960431839578,0
00416,118,pedal_down_ratio,304,0,0,0,2.5689530456360274,0
00416,118,pedal_changes,304,0,0,0,5.3517796088452565,0
06491,1190,tempo,702,0,9,1,11.74179745152146,0
06491,1190,rubato,702,0,12,2,13.73085883255365,0
06491,1190,dynamics,655,47,0,0,4.9113404816256905,0
06491,1190,articulation,646,56,11,2,18.03293431932826,0
06491,1190,pedal_depth,702,0,0,0,5.97732034999501,0
06491,1190,pedal_down_ratio,702,0,0,0,3.0912421443172216,0
06491,1190,pedal_changes,702,0,0,0,4.165422199327826,0
06493,1190,tempo,701,1,3,0,6.718824169426154,0
06493,1190,rubato,701,1,8,0,8.156421047382075,0
06493,1190,dynamics,651,51,0,0,3.4051960672604795,0
06493,1190,articulation,645,57,11,3,30.935462801010566,0
06493,1190,pedal_depth,702,0,0,0,4.4999573311498695,0
06493,1190,pedal_down_ratio,702,0,0,0,3.0912421443172216,0
06493,1190,pedal_changes,702,0,2,1,13.9839173834577,0
06494,1190,tempo,702,0,8,0,7.448190921725631,0
06494,1190,rubato,702,0,8,0,7.67958163162748,0
06494,1190,dynamics,651,51,0,0,3.3026036216442987,0
06494,1190,articulation,643,59,6,2,12.356504846983874,0
06494,1190,pedal_depth,702,0,0,0,2.5281846106836494,0
06494,1190,pedal_down_ratio,702,0,0,0,3.0912421443172216,0
06494,1190,pedal_changes,702,0,1,0,7.735784084465961,0
06495,1190,tempo,702,0,6,0,7.333731363033502,0
06495,1190,rubato,702,0,11,0,8.57471787656159,0
06495,1190,dynamics,652,50,0,0,5.280236722245577,0
06495,1190,articulation,644,58,5,2,20.289930494893824,0
06495,1190,pedal_depth,702,0,8,0,6.786879995235656,0
06495,1190,pedal_down_ratio,702,0,0,0,3.0912421443172216,0
06495,1190,pedal_changes,702,0,0,0,4.165422199327826,0
06499,1190,tempo,702,0,4,0,6.938308725298669,0
06499,1190,rubato,702,0,10,0,8.790392484442545,0
06499,1190,dynamics,651,51,0,0,3.549262054721501,0
06499,1190,articulation,647,55,11,1,25.13439425327356,0
06499,1190,pedal_depth,702,0,1,0,6.313722468363647,0
06499,1190,pedal_down_ratio,702,0,0,0,3.0912421443172216,0
06499,1190,pedal_changes,702,0,0,0,4.4629523564226705,0
06500,1190,tempo,702,0,1,0,6.547275189066634,0
06500,1190,rubato,702,0,10,0,7.513593442800172,0
06500,1190,dynamics,651,51,0,0,3.0450310986079296,0
06500,1190,articulation,642,60,14,4,26.983439486251687,0
06500,1190,pedal_depth,702,0,2,0,6.313722468363647,0
06500,1190,pedal_down_ratio,702,0,0,0,3.0912421443172216,0
06500,1190,pedal_changes,702,0,2,0,8.628374555750495,0
06501,1190,tempo,702,0,4,1,11.594922042859022,0
06501,1190,rubato,702,0,9,1,13.4326090010943,0
06501,1190,dynamics,653,49,0,0,3.5857524126354017,0
06501,1190,articulation,646,56,9,1,12.55448995806277,0
06501,1190,pedal_depth,702,0,0,0,3.614429228393318,0
06501,1190,pedal_down_ratio,702,0,0,0,3.0912421443172216,0
06501,1190,pedal_changes,702,0,1,0,6.545663456086583,0
06503,1190,tempo,702,0,2,1,10.584339870048662,0
06503,1190,rubato,702,0,4,1,12.117653071899705,0
06503,1190,dynamics,651,51,0,0,4.540261423013973,0
06503,1190,articulation,642,60,6,0,8.465247553935297,0
06503,1190,pedal_depth,702,0,0,0,5.754198883263455,0
06503,1190,pedal_down_ratio,702,0,0,0,3.0912421443172216,0
06503,1190,pedal_changes,702,0,0,0,4.760482513517514,0
06505,1190,tempo,701,1,3,1,10.238797442502142,0
06505,1190,rubato,701,1,7,1,11.692755838959885,0
06505,1190,dynamics,650,52,0,0,4.540261423013973,0
06505,1190,articulation,642,60,2,0,7.625717080317306,0
06505,1190,pedal_depth,702,0,2,0,7.181137636667579,0
06505,1190,pedal_down_ratio,702,0,0,0,3.0912421443172216,0
06505,1190,pedal_changes,702,0,1,0,7.1407237702762725,0
06506,1190,tempo,701,1,5,2,17.556743394971235,0
06506,1190,rubato,701,1,13,2,20.6561240517503,0
06506,1190,dynamics,654,48,0,0,5.287876585216995,0
06506,1190,articulation,641,61,9,1,22.053058999447533,0
06506,1190,pedal_depth,702,0,0,0,3.1061817236662828,0
06506,1190,pedal_down_ratio,702,0,0,0,3.0912421443172216,0
06506,1190,pedal_changes,702,0,2,0,7.1407237702762725,0
06510,1190,tempo,702,0,3,1,11.77717440821881,0
06510,1190,rubato,702,0,7,1,13.463986835784775,0
06510,1190,dynamics,654,48,0,0,3.8024689417742006,0
06510,1190,articulation,650,52,10,3,12.565033534285556,0
06510,1190,pedal_depth,702,0,0,0,2.690220764606568,0
06510,1190,pedal_down_ratio,702,0,0,0,3.0912421443172216,0
06510,1190,pedal_changes,702,0,0,0,4.165422199327826,0
06511,1190,tempo,702,0,2,0,8.477671213022763,0
06511,1190,rubato,702,0,4,0,9.968029968215388,0
06511,1190,dynamics,650,52,0,0,5.533443609298279,0
06511,1190,articulation,642,60,12,3,16.667731070711024,0
06511,1190,pedal_depth,702,0,1,0,6.078949904990839,0
06511,1190,pedal_down_ratio,702,0,0,0,3.0912421443172216,0
06511,1190,pedal_changes,702,0,0,0,4.165422199327826,0
06518,1190,tempo,702,0,5,0,8.177678197622464,0
06518,1190,rubato,702,0,9,0,8.908156834732818,0
06518,1190,dynamics,651,51,0,0,3.5689074166480026,0
06518,1190,articulation,643,59,24,3,26.649960554511026,0
06518,1190,pedal_depth,702,0,0,0,3.4016300182173826,0
06518,1190,pedal_down_ratio,702,0,0,0,3.0912421443172216,0
06518,1190,pedal_changes,702,0,0,0,5.653072984802049,0
06519,1190,tempo,702,0,5,0,6.687233156375833,0
06519,1190,rubato,702,0,11,0,8.650366899907976,0
06519,1190,dynamics,651,51,0,0,3.3451685724850555,0
06519,1190,articulation,646,56,19,6,13.789287247152146,0
06519,1190,pedal_depth,702,0,15,0,7.03616350452462,0
06519,1190,pedal_down_ratio,702,0,0,0,3.0912421443172216,0
06519,1190,pedal_changes,702,0,0,0,3.2728317280432915,0
06520,1190,tempo,702,0,1,0,6.417425039671691,0
06520,1190,rubato,702,0,10,0,8.18592615093512,0
06520,1190,dynamics,653,49,0,0,4.627574142687316,0
06520,1190,articulation,649,53,4,0,9.374642067894248,0
06520,1190,pedal_depth,702,0,3,0,7.845482069679357,0
06520,1190,pedal_down_ratio,702,0,0,0,3.0912421443172216,0
06520,1190,pedal_changes,702,0,0,0,5.355542827707204,0
06523,1190,tempo,702,0,6,1,10.159705602151577,0
06523,1190,rubato,702,0,15,1,10.714079076097205,0
06523,1190,dynamics,652,50,0,0,3.961814655178058,0
06523,1190,articulation,645,57,15,3,11.107559242053165,0
06523,1190,pedal_depth,702,0,10,0,6.4748576775019595,0
06523,1190,pedal_down_ratio,702,0,0,0,3.0912421443172216,0
06523,1190,pedal_changes,702,0,0,0,3.5703618851381362,0
06524,1190,tempo,702,0,8,0,8.694132946976092,0
06524,1190,rubato,702,0,13,0,9.672511773540172,0
06524,1190,dynamics,651,51,0,0,3.263312897791293,0
06524,1190,articulation,643,59,7,2,14.789192625194776,0
06524,1190,pedal_depth,702,0,0,0,4.044581406099302,0
06524,1190,pedal_down_ratio,702,0,0,0,3.0912421443172216,0
06524,1190,pedal_changes,702,0,2,2,16.364158640216456,0
06525,1190,tempo,702,0,2,0,7.444216833060659,0
06525,1190,rubato,702,0,5,0,8.369409323375457,0
06525,1190,dynamics,653,49,0,0,3.9146501949973675,0
06525,1190,articulation,649,53,11,3,12.766104721248634,0
06525,1190,pedal_depth,702,0,0,0,3.494015945933035,0
06525,1190,pedal_down_ratio,702,0,0,0,3.0912421443172216,0
06525,1190,pedal_changes,702,0,1,0,8.033314241560806,0
06526,1190,tempo,702,0,2,0,6.547001892726578,0
06526,1190,rubato,702,0,5,0,6.982495549905433,0
06526,1190,dynamics,650,52,0,0,4.073138372761574,0
06526,1190,articulation,646,56,9,0,8.950213483390582,0
06526,1190,pedal_depth,702,0,0,0,3.0653774812851666,0
06526,1190,pedal_down_ratio,702,0,0,0,3.0912421443172216,0
06526,1190,pedal_changes,702,0,1,1,12.496266597983476,0
06528,1190,tempo,702,0,2,0,6.522549344037321,0
06528,1190,rubato,702,0,4,0,6.740765633415962,0
06528,1190,dynamics,654,48,0,0,4.121784030865295,0
06528,1190,articulation,646,56,8,3,15.144575709764004,0
06528,1190,pedal_depth,702,0,0,0,2.3969356858452193,0
06528,1190,pedal_down_ratio,702,0,0,0,3.0912421443172216,0
06528,1190,pedal_changes,702,0,0,0,4.760482513517514,0
06529,1190,tempo,702,0,2,0,6.813633842517306,0
06529,1190,rubato,702,0,8,0,7.509830501079451,0
06529,1190,dynamics,654,48,0,0,3.785006397839532,0
06529,1190,articulation,648,54,6,1,26.012083102845565,0
06529,1190,pedal_depth,702,0,0,0,5.768656590624615,0
06529,1190,pedal_down_ratio,702,0,0,0,3.0912421443172216,0
06529,1190,pedal_changes,702,0,1,0,6.843193613181428,0
06537,1190,tempo,702,0,2,1,12.208602944658917,0
06537,1190,rubato,702,0,7,1,15.173366446608021,0
06537,1190,dynamics,655,47,0,0,2.9795465588529195,0
06537,1190,articulation,645,57,8,0,9.029764285602763,0
06537,1190,pedal_depth,702,0,0,0,3.7790148346683248,0
06537,1190,pedal_down_ratio,702,0,0,0,3.0912421443172216,0
06537,1190,pedal_changes,702,0,0,0,4.165422199327826,0
06538,1190,tempo,702,0,8,3,11.297860549030496,0
06538,1190,rubato,702,0,13,3,13.308189420543739,0
06538,1190,dynamics,650,52,0,0,5.435216799665765,0
06538,1190,articulation,636,66,10,2,10.669387620047386,0
06538,1190,pedal_depth,702,0,5,0,6.562355754224909,0
06538,1190,pedal_down_ratio,702,0,0,0,3.0912421443172216,0
06538,1190,pedal_changes,702,0,0,0,5.653072984802049,0
06539,1190,tempo,702,0,5,0,9.29709228515166,0
06539,1190,rubato,702,0,7,1,10.934860098763918,0
06539,1190,dynamics,651,51,0,0,5.140536370768225,0
06539,1190,articulation,647,55,13,1,16.21385323312188,0
06539,1190,pedal_depth,702,0,0,0,5.97732034999501,0
06539,1190,pedal_down_ratio,702,0,0,0,3.0912421443172216,0
06539,1190,pedal_changes,702,0,0,0,3.5703618851381362,0
06565,1194,tempo,225,0,0,0,3.4143060034146284,0
06565,1194,rubato,225,0,6,0,7.024756863125143,0
06565,1194,dynamics,211,14,0,0,2.799772963865115,0
06565,1194,articulation,206,19,0,0,3.864281628985708,0
06565,1194,pedal_depth,225,0,0,0,1.5741782118278078,0
06565,1194,pedal_down_ratio,225,0,0,0,2.446829193524016,0
06565,1194,pedal_changes,225,0,0,0,4.0230260694274405,0
06589,1194,tempo,225,0,0,0,4.153025368282408,0
06589,1194,rubato,225,0,6,0,8.073325699091944,0
06589,1194,dynamics,210,15,0,0,2.4427312096348412,0
06589,1194,articulation,205,20,0,0,5.194331060101424,0
06589,1194,pedal_depth,225,0,0,0,3.942643177867587,0
06589,1194,pedal_down_ratio,225,0,0,0,2.446829193524016,0
06589,1194,pedal_changes,225,0,0,0,4.597744079345646,0
06590,1194,tempo,225,0,0,0,3.4268497259172226,0
06590,1194,rubato,225,0,6,0,8.170161242935094,0
06590,1194,dynamics,210,15,0,0,3.308822593658771,0
06590,1194,articulation,206,19,0,0,4.833594394093816,0
06590,1194,pedal_depth,225,0,0,0,2.264101277149133,0
06590,1194,pedal_down_ratio,225,0,0,0,2.446829193524016,0
06590,1194,pedal_changes,225,0,0,0,2.873590049591029,0
06591,1194,tempo,225,0,0,0,4.99896703822443,0
06591,1194,rubato,225,0,7,0,9.334774867202022,0
06591,1194,dynamics,210,15,0,0,2.7679573620030107,0
06591,1194,articulation,209,16,0,0,5.85352556470697,0
06591,1194,pedal_depth,225,0,0,0,3.9372227510254576,0
06591,1194,pedal_down_ratio,225,0,0,0,2.446829193524016,0
06591,1194,pedal_changes,225,0,0,0,3.448308059509235,0
06592,1194,tempo,225,0,1,0,6.688939132441898,0
06592,1194,rubato,225,0,5,1,11.13204083145404,0
06592,1194,dynamics,210,15,0,0,2.9330954859539293,0
06592,1194,articulation,208,17,1,0,9.201536885082906,0
06592,1194,pedal_depth,225,0,0,0,3.8081334805000036,0
06592,1194,pedal_down_ratio,225,0,0,0,2.446829193524016,0
06592,1194,pedal_changes,225,0,0,0,2.298872039672823,0
06596,1194,tempo,225,0,0,0,4.712547913207459,0
06596,1194,rubato,225,0,10,1,10.450187847311705,0
06596,1194,dynamics,212,13,0,0,2.566458550209689,0
06596,1194,articulation,202,23,0,0,4.9596633683853275,0
06596,1194,pedal_depth,225,0,0,0,4.148504329490381,0
06596,1194,pedal_down_ratio,225,0,0,0,2.446829193524016,0
06596,1194,pedal_changes,225,0,0,0,5.172462089263852,0
06597,1194,tempo,225,0,0,0,4.880445290597679,0
06597,1194,rubato,225,0,13,3,11.88902766746461,0
06597,1194,dynamics,213,12,0,0,2.239818371092092,0
06597,1194,articulation,202,23,3,1,14.067917708037282,0
06597,1194,pedal_depth,225,0,0,0,3.793070562562204,0
06597,1194,pedal_down_ratio,225,0,0,0,2.446829193524016,0
06597,1194,pedal_changes,225,0,0,0,4.597744079345646,0
06599,1194,tempo,225,0,0,0,4.176518320867781,0
06599,1194,rubato,225,0,3,0,9.14988556172386,0
06599,1194,dynamics,209,16,0,0,2.468890704499237,0
06599,1194,articulation,208,17,0,0,3.5597084591803703,0
06599,1194,pedal_depth,225,0,0,0,4.778219088504631,0
06599,1194,pedal_down_ratio,225,0,0,0,2.4082153714273433,0
06599,1194,pedal_changes,225,0,0,0,2.873590049591029,0
06601,1194,tempo,225,0,7,2,11.542412739208071,0
06601,1194,rubato,225,0,42,13,25.06541745081716,0
06601,1194,dynamics,193,32,3,0,6.177175854871087,0
06601,1194,articulation,185,40,9,7,23.737714500958965,0
06601,1194,pedal_depth,225,0,0,0,1.9199842745309539,0
06601,1194,pedal_down_ratio,225,0,0,0,2.3952511270274233,0
06601,1194,pedal_changes,225,0,0,0,3.448308059509235,0
06602,1194,tempo,224,1,27,16,12.860568287173335,0
06602,1194,rubato,224,1,45,36,28.30347532926313,0
06602,1194,dynamics,190,35,1,0,6.140411159385991,0
06602,1194,articulation,183,42,6,3,14.664613501832342,0
06602,1194,pedal_depth,225,0,0,0,2.2892560175532877,0
06602,1194,pedal_down_ratio,225,0,0,0,2.446829193524016,0
06602,1194,pedal_changes,225,0,0,0,3.448308059509235,0
06604,1194,tempo,225,0,0,0,4.781422226350948,0
06604,1194,rubato,225,0,6,1,12.023605406643533,0
06604,1194,dynamics,211,14,0,0,3.4106325196175047,0
06604,1194,articulation,205,20,0,0,5.607764082589629,0
06604,1194,pedal_depth,225,0,0,0,3.9516388978509687,0
06604,1194,pedal_down_ratio,225,0,0,0,2.4468291935240254,0
06604,1194,pedal_changes,225,0,0,0,3.448308059509235,0
06605,1194,tempo,225,0,0,0,5.891542090557171,0
06605,1194,rubato,225,0,7,3,11.686066129383745,0
06605,1194,dynamics,211,14,0,0,5.294116149854035,0
06605,1194,articulation,205,20,2,1,18.171083197119327,0
06605,1194,pedal_depth,225,0,0,0,4.0279603851316725,0
06605,1194,pedal_down_ratio,225,0,0,0,2.446829193524016,0
06605,1194,pedal_changes,225,0,0,0,4.597744079345646,0
06611,1194,tempo,225,0,0,0,5.807676155332906,0
06611,1194,rubato,225,0,6,0,9.361663746599763,0
06611,1194,dynamics,209,16,0,0,4.263290649521879,0
06611,1194,articulation,208,17,2,0,7.368765241771572,0
06611,1194,pedal_depth,225,0,0,0,4.697184999452747,0
06611,1194,pedal_down_ratio,225,0,0,0,2.446829193524016,0
06611,1194,pedal_changes,225,0,0,0,2.873590049591029,0
06612,1194,tempo,225,0,0,0,4.603218567571355,0
06612,1194,rubato,225,0,7,1,10.431002265569072,0
06612,1194,dynamics,212,13,0,0,4.0723970383492585,0
06612,1194,articulation,204,21,2,0,7.869525084771663,0
06612,1194,pedal_depth,225,0,0,0,3.840406006034743,0
06612,1194,pedal_down_ratio,225,0,0,0,2.446829193524016,0
06612,1194,pedal_changes,225,0,0,0,4.0230260694274405,0
06613,1194,tempo,225,0,0,0,5.558112483642234,0
06613,1194,rubato,225,0,8,0,9.184801093185493,0
06613,1194,dynamics,210,15,0,0,2.7119013015793056,0
06613,1194,articulation,208,17,1,1,15.335362674699917,0
06613,1194,pedal_depth,225,0,0,0,3.8637260732541816,0
06613,1194,pedal_down_ratio,225,0,0,0,2.446829193524016,0
06613,1194,pedal_changes,225,0,0,0,4.597744079345646,0
06616,1194,tempo,225,0,0,0,3.8230657480864134,0
06616,1194,rubato,225,0,8,0,7.962685446450675,0
06616,1194,dynamics,210,15,0,0,4.912328927508792,0
06616,1194,articulation,209,16,0,0,3.8177707843516537,0
06616,1194,pedal_depth,225,0,0,0,2.407784357176143,0
06616,1194,pedal_down_ratio,225,0,0,0,2.446829193524016,0
06616,1194,pedal_changes,225,0,0,0,4.597744079345646,0
06617,1194,tempo,225,0,0,0,3.884960336622586,0
06617,1194,rubato,225,0,12,0,9.208610956488052,0
06617,1194,dynamics,211,14,0,0,4.0723970383492585,0
06617,1194,articulation,209,16,3,1,10.910516391633553,0
06617,1194,pedal_depth,225,0,0,0,2.5917197032914068,0
06617,1194,pedal_down_ratio,225,0,0,0,2.446829193524027,0
06617,1194,pedal_changes,225,0,0,0,3.448308059509235,0
06618,1194,tempo,225,0,1,0,7.119029592332608,0
06618,1194,rubato,225,0,9,2,17.993279134225414,0
06618,1194,dynamics,210,15,0,0,5.637724649964753,0
06618,1194,articulation,205,20,4,1,19.00105826895854,0
06618,1194,pedal_depth,225,0,0,0,4.467407022888957,0
06618,1194,pedal_down_ratio,225,0,0,0,2.446829193524016,0
06618,1194,pedal_changes,225,0,0,0,3.448308059509235,0
06619,1194,tempo,225,0,1,0,6.655121125924088,0
06619,1194,rubato,225,0,7,1,13.935954250586128,0
06619,1194,dynamics,210,15,1,0,6.108595557523888,0
06619,1194,articulation,209,16,1,0,6.694092535555676,0
06619,1194,pedal_depth,225,0,0,0,2.276789070640605,0
06619,1194,pedal_down_ratio,225,0,0,0,2.446829193524016,0
06619,1194,pedal_changes,225,0,0,0,4.0230260694274405,0
06626,1194,tempo,225,0,0,0,4.508312188949172,0
06626,1194,rubato,225,0,2,0,8.917153845230168,0
06626,1194,dynamics,209,16,0,0,3.02248217689984,0
06626,1194,articulation,208,17,0,0,4.170295169077819,0
06626,1194,pedal_depth,225,0,0,0,4.475009200579901,0
06626,1194,pedal_down_ratio,225,0,0,0,2.446829193524016,0
06626,1194,pedal_changes,225,0,0,0,3.448308059509235,0
06627,1194,tempo,225,0,0,0,3.0612818908687998,0
06627,1194,rubato,225,0,3,0,8.284245334161524,0
06627,1194,dynamics,209,16,0,0,3.6959124163143646,0
06627,1194,articulation,208,17,0,0,4.92611898082678,0
06627,1194,pedal_depth,225,0,0,0,4.475009200579901,0
06627,1194,pedal_down_ratio,225,0,0,0,2.446829193524016,0
06627,1194,pedal_changes,225,0,0,0,5.172462089263852,0
06648,1196,tempo,81,0,0,0,5.717362572124995,0
06648,1196,rubato,81,0,0,0,4.740661144432135,0
06648,1196,dynamics,81,0,0,0,2.9308229429637724,0
06648,1196,articulation,81,0,3,1,10.26409815873427,0
06648,1196,pedal_depth,81,0,0,0,2.2742371035644466,0
06648,1196,pedal_down_ratio,81,0,0,0,2.8509909164888523,0
06648,1196,pedal_changes,81,0,0,0,3.4192298954066285,0
06649,1196,tempo,81,0,0,0,4.318551701783206,0
06649,1196,rubato,81,0,0,0,4.356283101647186,0
06649,1196,dynamics,81,0,0,0,2.9442056961279923,0
06649,1196,articulation,81,0,2,1,14.627587430173708,0
06649,1196,pedal_depth,81,0,0,0,4.955486899649454,0
06649,1196,pedal_down_ratio,81,0,0,0,1.9511949707354632,0
06649,1196,pedal_changes,81,0,0,0,3.15621221114458,0
06650,1196,tempo,81,0,0,0,4.8089857525837845,0
06650,1196,rubato,81,0,0,0,5.5398403889519985,0
06650,1196,dynamics,81,0,0,0,3.613343354338899,0
06650,1196,articulation,81,0,2,1,15.08147065075822,0
06650,1196,pedal_depth,81,0,0,0,4.761154080055331,0
06650,1196,pedal_down_ratio,81,0,0,0,2.2096975499815885,0
06650,1196,pedal_changes,81,0,0,0,3.682247579668677,0
06653,1196,tempo,81,0,0,0,3.157518709725706,0
06653,1196,rubato,81,0,0,0,3.62381365632169,0
06653,1196,dynamics,81,0,0,0,2.92859248410307,0
06653,1196,articulation,81,0,2,0,9.152793041654277,0
06653,1196,pedal_depth,81,0,0,0,3.872563896419405,0
06653,1196,pedal_down_ratio,81,0,0,0,3.681157962351891,0
06653,1196,pedal_changes,81,0,0,0,2.6301768426204837,0
06654,1196,tempo,81,0,0,0,4.159192504958404,0
06654,1196,rubato,81,0,0,0,4.460549482531364,0
06654,1196,dynamics,81,0,0,0,3.53304683535359,0
06654,1196,articulation,81,0,1,0,8.332319233739845,0
06654,1196,pedal_depth,81,0,0,0,5.293412029819472,0
06654,1196,pedal_down_ratio,81,0,0,0,3.6716002563454095,0
06654,1196,pedal_changes,81,0,0,0,2.3671591583584353,0
06655,1196,tempo,81,0,0,0,4.845599830317738,0
06655,1196,rubato,81,0,0,0,5.435782318642062,0
06655,1196,dynamics,81,0,0,0,4.295863765714024,0
06655,1196,articulation,81,0,1,0,8.990866524307187,0
06655,1196,pedal_depth,81,0,0,0,3.0121587037085384,0
06655,1196,pedal_down_ratio,81,0,0,0,3.693922448773522,0
06655,1196,pedal_changes,81,0,0,0,3.682247579668677,0
06656,1196,tempo,81,0,0,0,3.7587185827476723,0
06656,1196,rubato,81,0,0,0,3.743083264610915,0
06656,1196,dynamics,81,0,0,0,2.730081645500501,0
06656,1196,articulation,81,0,2,0,8.944132694629232,0
06656,1196,pedal_depth,81,0,0,0,3.313301715215738,0
06656,1196,pedal_down_ratio,81,0,0,0,3.700572913036009,0
06656,1196,pedal_changes,81,0,0,0,4.7343183167168705,0
06657,1196,tempo,81,0,0,0,4.315462635223102,0
06657,1196,rubato,81,0,0,0,4.8698845845557,0
06657,1196,dynamics,81,0,0,0,3.961294936608571,0
06657,1196,articulation,81,0,2,1,12.494097166210448,0
06657,1196,pedal_depth,81,0,0,0,3.6564215704509366,0
06657,1196,pedal_down_ratio,81,0,0,0,3.6633310921915183,0
06657,1196,pedal_changes,81,0,0,0,2.104141474096387,0
06658,1196,tempo,81,0,1,0,9.788074696913139,0
06658,1196,rubato,81,0,1,0,9.478409596390684,0
06658,1196,dynamics,81,0,0,0,4.978384177089151,0
06658,1196,articulation,81,0,1,0,8.80725488727406,0
06658,1196,pedal_depth,81,0,0,0,5.756039271106795,0
06658,1196,pedal_down_ratio,81,0,0,0,2.184174231422612,0
06658,1196,pedal_changes,81,0,0,0,2.6301768426204837,0
06672,1198,tempo,796,2,15,5,12.433312717180481,0
06672,1198,rubato,796,2,58,12,17.295386467241386,0
06672,1198,dynamics,785,13,0,0,4.507554974924576,0
06672,1198,articulation,762,36,13,3,16.03360301760444,0
06672,1198,pedal_depth,798,0,0,0,3.522162728607713,0
06672,1198,pedal_down_ratio,798,0,0,0,2.7713882022150793,0
06672,1198,pedal_changes,798,0,2,0,7.639997507121618,0
06673,1198,tempo,797,1,22,6,14.431324769717802,0
06673,1198,rubato,797,1,60,14,20.308265201802943,0
06673,1198,dynamics,783,15,0,0,4.070510671272192,0
06673,1198,articulation,762,36,9,3,17.773353188814138,0
06673,1198,pedal_depth,798,0,0,0,4.112417230568589,0
06673,1198,pedal_down_ratio,798,0,0,0,2.7713882022150793,0
06673,1198,pedal_changes,798,0,2,0,8.27666396604842,0
06674,1198,tempo,795,3,7,1,12.566775310819676,0
06674,1198,rubato,795,3,36,5,18.502325245217026,0
06674,1198,dynamics,783,15,0,0,4.199053113522894,0
06674,1198,articulation,757,41,13,4,15.120558257035759,0
06674,1198,pedal_depth,798,0,0,0,4.0499425098835244,0
06674,1198,pedal_down_ratio,798,0,0,0,2.7713882022150793,0
06674,1198,pedal_changes,798,0,1,1,10.186663342828822,0
06675,1198,tempo,797,1,6,1,14.530933589742,0
06675,1198,rubato,797,1,32,4,20.581304724710808,0
06675,1198,dynamics,780,18,0,0,5.318800610462332,0
06675,1198,articulation,756,42,12,3,12.374220122800978,0
06675,1198,pedal_depth,798,0,0,0,4.362388588863156,0
06675,1198,pedal_down_ratio,798,0,0,0,2.7713882022150793,0
06675,1198,pedal_changes,798,0,2,0,7.958330736585018,0
06676,1198,tempo,796,2,9,5,14.445770536968936,0
06676,1198,rubato,796,2,51,8,22.839556255746793,0
06676,1198,dynamics,781,17,0,0,3.813425786770791,0
06676,1198,articulation,759,39,18,6,18.800764791010273,0
06676,1198,pedal_depth,798,0,0,0,4.941933993912963,0
06676,1198,pedal_down_ratio,798,0,0,0,2.7713882022150793,0
06676,1198,pedal_changes,798,0,0,0,5.7299981303412135,0
06677,1198,tempo,797,1,9,1,10.299605651801432,0
06677,1198,rubato,797,1,34,8,14.708174149873786,0
06677,1198,dynamics,781,17,1,0,6.51281707403551,0
06677,1198,articulation,761,37,13,7,14.984697792383406,0
06677,1198,pedal_depth,798,0,0,0,2.310074419090941,0
06677,1198,pedal_down_ratio,798,0,0,0,2.7713882022150793,0
06677,1198,pedal_changes,798,0,0,0,4.774998441951011,0
06679,1198,tempo,796,2,10,2,12.94327215010564,0
06679,1198,rubato,796,2,51,7,20.457065394983893,0
06679,1198,dynamics,786,12,0,0,3.598678293963073,0
06679,1198,articulation,764,34,12,4,18.087242669482414,0
06679,1198,pedal_depth,798,0,0,0,4.968778073963186,0
06679,1198,pedal_down_ratio,798,0,0,0,2.7713882022150793,0
06679,1198,pedal_changes,798,0,1,0,6.048331359804614,0
06680,1198,tempo,796,2,13,0,8.142191365439238,0
06680,1198,rubato,796,2,42,7,13.710324260603754,0
06680,1198,dynamics,782,16,0,0,4.970307767027098,0
06680,1198,articulation,764,34,15,5,14.607334540820128,0
06680,1198,pedal_depth,798,0,0,0,4.195240547327999,0
06680,1198,pedal_down_ratio,798,0,0,0,2.7713882022150793,0
06680,1198,pedal_changes,798,0,2,0,7.321664277658217,0
06681,1198,tempo,792,6,11,1,13.103236674878874,0
06681,1198,rubato,792,6,42,6,19.06901607116172,0
06681,1198,dynamics,772,26,1,0,6.1700372280336415,0
06681,1198,articulation,752,46,18,5,19.035271535879794,0
06681,1198,pedal_depth,798,0,0,0,4.311549370465052,0
06681,1198,pedal_down_ratio,798,0,0,0,2.7713882022150793,0
06681,1198,pedal_changes,798,0,0,0,5.411664900877812,0
06682,1198,tempo,791,7,43,15,15.633211751216319,0
06682,1198,rubato,791,7,82,30,22.817004720762906,0
06682,1198,dynamics,775,23,12,0,8.969405970382235,0
06682,1198,articulation,750,48,22,4,11.885769777426459,0
06682,1198,pedal_depth,798,0,0,0,5.299960134839636,0
06682,1198,pedal_down_ratio,798,0,0,0,2.7713882022150793,0
06682,1198,pedal_changes,798,0,0,0,5.7299981303412135,0
00417,119,tempo,89,0,1,0,7.8384135119113685,0
00417,119,rubato,89,0,1,1,10.431803591135107,0
00417,119,dynamics,88,1,1,0,6.27065627950899,0
00417,119,articulation,84,5,1,0,6.370427404516743,0
00417,119,pedal_depth,89,0,0,0,2.724601550513855,0
00417,119,pedal_down_ratio,89,0,0,0,4.703995977804644,0
00417,119,pedal_changes,89,0,0,0,4.93482762173243,0
00418,119,tempo,89,0,2,0,6.669836631095649,0
00418,119,rubato,89,0,2,0,9.27269709791043,0
00418,119,dynamics,88,1,0,0,3.1722143531633695,0
00418,119,articulation,84,5,3,0,9.187506956410711,0
00418,119,pedal_depth,89,0,0,0,1.754951170665755,0
00418,119,pedal_down_ratio,89,0,0,0,4.703995977804644,0
00418,119,pedal_changes,89,0,0,0,3.5248768726660216,0
00419,119,tempo,89,0,0,0,4.2862951597051735,0
00419,119,rubato,89,0,0,0,5.296507858463812,0
00419,119,dynamics,88,1,0,0,2.443711638338061,0
00419,119,articulation,83,6,1,1,22.186815673956037,0
00419,119,pedal_depth,89,0,0,0,1.499020791610308,0
00419,119,pedal_down_ratio,89,0,0,0,4.703995977804644,0
00419,119,pedal_changes,89,0,1,0,7.049753745332043,0
00420,119,tempo,89,0,3,1,11.61282482125512,0
00420,119,rubato,89,0,1,1,11.165919884588462,0
00420,119,dynamics,88,1,1,0,6.424348835379304,0
00420,119,articulation,83,6,3,1,14.773786485633478,0
00420,119,pedal_depth,89,0,0,0,4.7716521204651325,0
00420,119,pedal_down_ratio,89,0,0,0,4.703995977804644,0
00420,119,pedal_changes,89,0,0,0,3.877364559932624,0
06694,1200,tempo,405,2,9,9,28.331940172188173,0
06694,1200,rubato,405,2,17,10,54.554230285846735,0
06694,1200,dynamics,377,30,0,0,4.120740044767292,0
06694,1200,articulation,377,30,7,4,24.58464443998283,0
06694,1200,pedal_depth,407,0,0,0,4.3711457512012775,0
06694,1200,pedal_down_ratio,407,0,0,0,2.6810688359253185,0
06694,1200,pedal_changes,407,0,3,3,19.024821438842896,0
06696,1200,tempo,407,0,2,0,6.916335773832117,0
06696,1200,rubato,407,0,16,1,15.366812423164038,0
06696,1200,dynamics,379,28,0,0,3.106790040915168,0
06696,1200,articulation,377,30,3,1,11.651135753531877,0
06696,1200,pedal_depth,407,0,0,0,3.7249710703557493,0
06696,1200,pedal_down_ratio,407,0,0,0,2.6810688359253185,0
06696,1200,pedal_changes,407,0,0,0,3.2219455662556515,0
06697,1200,tempo,407,0,1,0,7.524752081931534,0
06697,1200,rubato,407,0,6,2,11.60083499311429,0
06697,1200,dynamics,379,28,1,0,6.730148497184403,0
06697,1200,articulation,377,30,2,1,20.464913174183227,0
06697,1200,pedal_depth,407,0,0,0,2.6275931205104657,0
06697,1200,pedal_down_ratio,407,0,0,0,2.6810688359253185,0
06697,1200,pedal_changes,407,0,0,0,4.449353401019709,0
06698,1200,tempo,407,0,1,0,6.100704376807396,0
06698,1200,rubato,407,0,14,1,10.506429811565152,0
06698,1200,dynamics,380,27,0,0,3.4931621311748935,0
06698,1200,articulation,376,31,10,5,18.58899676008217,0
06698,1200,pedal_depth,407,0,0,0,3.9902302567008965,0
06698,1200,pedal_down_ratio,407,0,0,0,2.6810688359253185,0
06698,1200,pedal_changes,407,0,0,0,5.983613194474781,0
06699,1200,tempo,405,2,10,9,28.24862289785804,0
06699,1200,rubato,405,2,17,11,54.16846476856747,0
06699,1200,dynamics,376,31,0,0,4.230896582171369,0
06699,1200,articulation,376,31,7,4,20.18731947083168,0
06699,1200,pedal_depth,407,0,0,0,2.887114425357728,0
06699,1200,pedal_down_ratio,407,0,0,0,2.668980901419444,0
06699,1200,pedal_changes,407,0,3,3,24.548156695281154,0
06703,1200,tempo,406,1,1,0,8.366955900540898,0
06703,1200,rubato,406,1,12,1,13.51572967657401,0
06703,1200,dynamics,379,28,0,0,3.0256150042166716,0
06703,1200,articulation,377,30,6,2,20.31154771516798,0
06703,1200,pedal_depth,407,0,0,0,4.108082840007076,0
06703,1200,pedal_down_ratio,407,0,0,0,2.6810688359253185,0
06703,1200,pedal_changes,407,0,0,0,1.0739818554185505,0
06704,1200,tempo,407,0,1,0,7.180642330738594,0
06704,1200,rubato,407,0,12,3,12.301677788379143,0
06704,1200,dynamics,378,29,0,0,3.586460712315374,0
06704,1200,articulation,376,31,3,1,11.051023741024771,0
06704,1200,pedal_depth,407,0,0,0,3.7625112335184863,0
06704,1200,pedal_down_ratio,407,0,0,0,2.6810688359253185,0
06704,1200,pedal_changes,407,0,0,0,2.4548156695281156,0
06706,1200,tempo,407,0,2,0,6.556985037134854,0
06706,1200,rubato,407,0,11,1,10.593492725055794,0
06706,1200,dynamics,378,29,0,0,3.7192925905492764,0
06706,1200,articulation,376,31,3,1,10.692343607058875,0
06706,1200,pedal_depth,407,0,0,0,3.833320086261145,0
06706,1200,pedal_down_ratio,407,0,0,0,2.6810688359253185,0
06706,1200,pedal_changes,407,0,0,0,3.9890754629831875,0
06710,1200,tempo,407,0,2,0,7.174054997007308,0
06710,1200,rubato,407,0,6,1,11.232182978405147,0
06710,1200,dynamics,379,28,0,0,3.3087213305535763,0
06710,1200,articulation,377,30,6,0,9.22272812179155,0
06710,1200,pedal_depth,407,0,0,0,4.647670814270468,0
06710,1200,pedal_down_ratio,407,0,0,0,2.6810688359253185,0
06710,1200,pedal_changes,407,0,0,0,2.147963710837101,0
06713,1200,tempo,405,2,14,9,29.758795791920914,0
06713,1200,rubato,405,2,29,13,54.34711096842606,0
06713,1200,dynamics,376,31,0,0,5.035180729210928,0
06713,1200,articulation,376,31,9,4,23.54237630132013,0
06713,1200,pedal_depth,407,0,0,0,4.112316115076333,0
06713,1200,pedal_down_ratio,407,0,0,0,2.6810688359253185,0
06713,1200,pedal_changes,407,0,3,3,17.49056164538782,0
06716,1200,tempo,405,2,10,10,28.096103063957102,0
06716,1200,rubato,405,2,23,11,53.19069463120351,0
06716,1200,dynamics,377,30,1,0,6.0807482035964355,0
06716,1200,articulation,376,31,17,5,24.406876739969945,0
06716,1200,pedal_depth,407,0,0,0,4.874159735714141,0
06716,1200,pedal_down_ratio,407,0,0,0,2.6810688359253185,0
06716,1200,pedal_changes,407,0,3,3,17.49056164538782,0
06741,1202,tempo,1077,0,62,27,26.655763149329218,0
06741,1202,rubato,1077,0,111,57,41.00455514280217,0
06741,1202,dynamics,1050,27,0,0,5.347748164421597,0
06741,1202,articulation,1038,39,78,22,25.025208552339578,0
06741,1202,pedal_depth,1077,0,0,0,4.4863226826755405,0
06741,1202,pedal_down_ratio,1077,0,0,0,2.9275151418522003,0
06741,1202,pedal_changes,1077,0,1,0,7.9205169935970385,0
06742,1202,tempo,1077,0,77,47,70.36458588103244,0
06742,1202,rubato,1077,0,114,71,103.04514507756214,0
06742,1202,dynamics,1049,28,16,0,9.981956104344269,0
06742,1202,articulation,1032,45,72,23,42.23208925725277,0
06742,1202,pedal_depth,1077,0,0,0,5.2041186473930425,0
06742,1202,pedal_down_ratio,1077,0,0,0,2.9275151418522003,0
06742,1202,pedal_changes,1077,0,2,0,7.503647678144564,0
06748,1202,tempo,1077,0,83,34,70.53609909610147,0
06748,1202,rubato,1077,0,129,71,106.97686604071306,0
06748,1202,dynamics,1054,23,16,0,8.672024050413402,0
06748,1202,articulation,1037,40,107,35,43.72837244976801,0
06748,1202,pedal_depth,1077,0,0,0,5.760325999768579,0
06748,1202,pedal_down_ratio,1077,0,0,0,2.9275151418522003,0
06748,1202,pedal_changes,1077,0,4,4,26.679636188958447,0
06752,1203,tempo,266,0,1,0,9.550993788338065,0
06752,1203,rubato,266,0,5,2,17.791415345005586,0
06752,1203,dynamics,260,6,0,0,3.776211808727029,0
06752,1203,articulation,253,13,6,3,14.910769934766533,0
06752,1203,pedal_depth,266,0,0,0,4.445328981546881,0
06752,1203,pedal_down_ratio,266,0,0,0,3.506283629176993,0
06752,1203,pedal_changes,266,0,0,0,4.601447616051401,0
06753,1203,tempo,266,0,1,0,7.291635426629993,0
06753,1203,rubato,266,0,1,1,10.951910448398198,0
06753,1203,dynamics,262,4,0,0,4.137746213583456,0
06753,1203,articulation,261,5,6,2,17.5286586335981,0
06753,1203,pedal_depth,266,0,0,0,3.87863279283391,0
06753,1203,pedal_down_ratio,266,0,0,0,3.5220852009601797,0
06753,1203,pedal_changes,266,0,0,0,4.601447616051401,0
06755,1203,tempo,266,0,1,0,9.018178309842947,0
06755,1203,rubato,266,0,2,1,16.70250034706538,0
06755,1203,dynamics,262,4,0,0,5.184389987864852,0
06755,1203,articulation,258,8,5,1,14.89351643578122,0
06755,1203,pedal_depth,266,0,0,0,4.838339581282164,0
06755,1203,pedal_down_ratio,266,0,0,0,3.4708499461128564,0
06755,1203,pedal_changes,266,0,0,0,4.9849015840556845,0
06756,1203,tempo,266,0,1,0,6.790786765350844,0
06756,1203,rubato,266,0,2,1,12.55089523416759,0
06756,1203,dynamics,262,4,0,0,3.7574829218889536,0
06756,1203,articulation,259,7,5,1,14.51051205497774,0
06756,1203,pedal_depth,266,0,0,0,3.4121095880732777,0
06756,1203,pedal_down_ratio,266,0,0,0,2.835687010876342,0
06756,1203,pedal_changes,266,0,0,0,4.026266664044976,0
06757,1203,tempo,266,0,0,0,3.6425697890052877,0
06757,1203,rubato,266,0,1,0,6.24128079059151,0
06757,1203,dynamics,262,4,0,0,5.027535560595966,0
06757,1203,articulation,259,7,2,2,15.076507654673348,0
06757,1203,pedal_depth,266,0,0,0,4.632421284532334,0
06757,1203,pedal_down_ratio,266,0,0,0,3.5105375950237705,0
06757,1203,pedal_changes,266,0,1,0,6.518717456072818,0
06758,1203,tempo,266,0,1,0,8.850837425576978,0
06758,1203,rubato,266,0,5,1,15.52450359608583,0
06758,1203,dynamics,262,4,0,0,3.555144055156171,0
06758,1203,articulation,254,12,7,1,13.098426416962312,0
06758,1203,pedal_depth,266,0,0,0,4.838339581282164,0
06758,1203,pedal_down_ratio,266,0,0,0,3.5398735100559353,0
06758,1203,pedal_changes,266,0,0,0,4.9849015840556845,0
06759,1203,tempo,266,0,0,0,3.3388322098520917,0
06759,1203,rubato,266,0,0,0,5.855027456902146,0
06759,1203,dynamics,262,4,0,0,5.659245306238565,0
06759,1203,articulation,260,6,4,2,14.217791763779571,0
06759,1203,pedal_depth,266,0,0,0,4.838238039449188,0
06759,1203,pedal_down_ratio,266,0,0,0,3.507987419916679,0
06759,1203,pedal_changes,266,0,0,0,5.368355552059968,0
06763,1203,tempo,266,0,1,0,7.419503297538208,0
06763,1203,rubato,266,0,5,1,10.436025955188738,0
06763,1203,dynamics,261,5,0,0,5.158389468826386,0
06763,1203,articulation,260,6,18,7,21.00029390904797,0
06763,1203,pedal_depth,266,0,0,0,4.76465295696587,0
06763,1203,pedal_down_ratio,266,0,0,0,3.5398735100559384,0
06763,1203,pedal_changes,266,0,0,0,5.751809520064252,0
06766,1203,tempo,266,0,1,0,9.814292540183917,0
06766,1203,rubato,266,0,5,1,16.323473844434773,0
06766,1203,dynamics,262,4,0,0,3.967179565593837,0
06766,1203,articulation,259,7,1,0,6.3671941777334915,0
06766,1203,pedal_depth,266,0,0,0,2.987455483147775,0
06766,1203,pedal_down_ratio,266,0,0,0,3.5398735100559384,0
06766,1203,pedal_changes,266,0,0,0,3.6428126960406924,0
06767,1203,tempo,266,0,0,0,4.178538148889192,0
06767,1203,rubato,266,0,3,0,7.676102979945322,0
06767,1203,dynamics,261,5,1,0,6.318490974791905,0
06767,1203,articulation,259,7,2,1,11.253629176246424,0
06767,1203,pedal_depth,266,0,0,0,4.738325479070022,0
06767,1203,pedal_down_ratio,266,0,0,0,3.505575322099387,0
06767,1203,pedal_changes,266,0,0,0,4.601447616051401,0
06808,1207,tempo,518,5,26,6,13.167098804742679,0
06808,1207,rubato,518,5,34,8,16.33541507720154,0
06808,1207,dynamics,489,34,0,0,4.316740860650212,0
06808,1207,articulation,487,36,8,3,17.45301673273259,0
06808,1207,pedal_depth,523,0,0,0,4.37311484180963,0
06808,1207,pedal_down_ratio,523,0,0,0,2.495403341139018,0
06808,1207,pedal_changes,523,0,0,0,2.8284360935914563,0
06811,1207,tempo,521,2,25,6,16.48197330340737,0
06811,1207,rubato,521,2,39,14,19.494817097699553,0
06811,1207,dynamics,482,41,0,0,3.6422501011736155,0
06811,1207,articulation,477,46,12,4,15.152421966339316,0
06811,1207,pedal_depth,523,0,0,0,5.480238189211996,0
06811,1207,pedal_down_ratio,523,0,0,0,2.495403341139018,0
06811,1207,pedal_changes,523,0,0,0,3.6365606917604434,0
06817,1207,tempo,520,3,22,4,16.460992554497636,0
06817,1207,rubato,520,3,25,6,19.92161298119647,0
06817,1207,dynamics,492,31,0,0,3.4399028733306363,0
06817,1207,articulation,491,32,5,2,14.57945168800047,0
06817,1207,pedal_depth,523,0,0,0,4.789651017392731,0
06817,1207,pedal_down_ratio,523,0,0,0,2.495403341139018,0
06817,1207,pedal_changes,523,0,0,0,4.040622990844938,0
06818,1207,tempo,521,2,20,1,10.955754170076073,0
06818,1207,rubato,521,2,24,3,13.9491827629188,0
06818,1207,dynamics,497,26,0,0,5.631997841629572,0
06818,1207,articulation,496,27,3,1,12.193085290503523,0
06818,1207,pedal_depth,523,0,0,0,4.164512519266281,0
06818,1207,pedal_down_ratio,523,0,0,0,2.495403341139018,0
06818,1207,pedal_changes,523,0,1,0,6.4649967853519,0
06819,1207,tempo,522,1,16,3,13.348824250681407,0
06819,1207,rubato,522,1,23,7,17.413154851117888,0
06819,1207,dynamics,493,30,0,0,5.227303385943614,0
06819,1207,articulation,492,31,4,2,15.76079089396761,0
06819,1207,pedal_depth,523,0,0,0,4.217503059335294,0
06819,1207,pedal_down_ratio,523,0,0,0,2.495403341139018,0
06819,1207,pedal_changes,523,0,0,0,3.23249839267595,0
06820,1207,tempo,521,2,23,5,14.566008347790085,0
06820,1207,rubato,521,2,29,9,18.47857627982115,0
06820,1207,dynamics,491,32,0,0,3.507351949278296,0
06820,1207,articulation,489,34,3,1,13.81200223908098,0
06820,1207,pedal_depth,523,0,0,0,4.772974975867102,0
06820,1207,pedal_down_ratio,523,0,0,0,2.495403341139018,0
06820,1207,pedal_changes,523,0,0,0,4.848747589013925,0
06821,1207,tempo,522,1,15,7,20.42904764157803,0
06821,1207,rubato,522,1,27,11,25.151153516896038,0
06821,1207,dynamics,491,32,0,0,4.293133684068529,0
06821,1207,articulation,486,37,11,3,18.48507241790776,0
06821,1207,pedal_depth,523,0,0,0,5.625785403647411,0
06821,1207,pedal_down_ratio,523,0,0,0,2.495403341139018,0
06821,1207,pedal_changes,523,0,1,0,7.273121383520887,0
06825,1207,tempo,521,2,25,9,13.668320290725475,0
06825,1207,rubato,521,2,35,18,16.157713908611477,0
06825,1207,dynamics,494,29,0,0,3.709699177121276,0
06825,1207,articulation,492,31,7,3,16.993018237993045,0
06825,1207,pedal_depth,523,0,0,0,4.390620871303029,0
06825,1207,pedal_down_ratio,523,0,0,0,2.495403341139018,0
06825,1207,pedal_changes,523,0,0,0,4.040622990844938,0
06827,1207,tempo,521,2,25,8,13.298878769139392,0
06827,1207,rubato,521,2,36,10,15.779428351228109,0
06827,1207,dynamics,487,36,0,0,3.2375556454876584,0
06827,1207,articulation,485,38,9,4,18.782520680791574,0
06827,1207,pedal_depth,523,0,0,0,4.152233844850328,0
06827,1207,pedal_down_ratio,523,0,0,0,2.495403341139018,0
06827,1207,pedal_changes,523,0,0,0,4.040622990844938,0
06828,1207,tempo,519,4,19,6,13.16986361780965,0
06828,1207,rubato,519,4,31,7,15.669897613360027,0
06828,1207,dynamics,487,36,0,0,3.9120464049642543,0
06828,1207,articulation,484,39,10,4,19.175362267371945,0
06828,1207,pedal_depth,523,0,0,0,4.766217675808087,0
06828,1207,pedal_down_ratio,523,0,0,0,2.495403341139018,0
06828,1207,pedal_changes,523,0,0,0,4.444685289929431,0
06829,1207,tempo,519,4,26,5,12.548837082070227,0
06829,1207,rubato,519,4,33,9,14.969099800696496,0
06829,1207,dynamics,488,35,0,0,3.844597329016595,0
06829,1207,articulation,486,37,14,6,21.40266770995366,0
06829,1207,pedal_depth,523,0,0,0,5.293684965480045,0
06829,1207,pedal_down_ratio,523,0,0,0,2.495403341139018,0
06829,1207,pedal_changes,523,0,0,0,4.444685289929431,0
06837,1207,tempo,522,1,29,4,20.350232630466213,0
06837,1207,rubato,522,1,33,9,25.938099863208244,0
06837,1207,dynamics,494,29,0,0,5.3959260758127625,0
06837,1207,articulation,492,31,9,5,24.599345223236888,0
06837,1207,pedal_depth,523,0,0,0,3.753281146698068,0
06837,1207,pedal_down_ratio,523,0,0,0,2.495403341139018,0
06837,1207,pedal_changes,523,0,0,0,4.848747589013925,0
06838,1207,tempo,522,1,23,5,13.257327265279937,0
06838,1207,rubato,522,1,28,9,17.26376010539202,0
06838,1207,dynamics,494,29,0,0,5.598273303655742,0
06838,1207,articulation,491,32,6,2,19.41773757074149,0
06838,1207,pedal_depth,523,0,0,0,3.749034972220445,0
06838,1207,pedal_down_ratio,523,0,0,0,2.495403341139018,0
06838,1207,pedal_changes,523,0,0,0,4.848747589013925,0
06844,1207,tempo,521,2,19,5,13.798662978139681,0
06844,1207,rubato,521,2,30,10,16.400888441816033,0
06844,1207,dynamics,487,36,0,0,5.261027923917444,0
06844,1207,articulation,485,38,10,2,22.398975925146974,0
06844,1207,pedal_depth,523,0,0,0,5.0249410870906575,0
06844,1207,pedal_down_ratio,523,0,0,0,2.495403341139018,0
06844,1207,pedal_changes,523,0,0,0,3.6365606917604434,0
06849,1207,tempo,522,1,31,12,14.630306190108374,0
06849,1207,rubato,522,1,45,15,16.504741725400145,0
06849,1207,dynamics,488,35,0,0,4.3841899365978705,0
06849,1207,articulation,486,37,10,3,16.751167809680727,0
06849,1207,pedal_depth,523,0,0,0,4.038686682939252,0
06849,1207,pedal_down_ratio,523,0,0,0,2.495403341139018,0
06849,1207,pedal_changes,523,0,0,0,4.040622990844938,0
06850,1207,tempo,522,1,21,7,15.070678454437727,0
06850,1207,rubato,522,1,34,14,17.74646994443549,0
06850,1207,dynamics,490,33,0,0,4.923782544179148,0
06850,1207,articulation,485,38,5,0,8.076391672108656,0
06850,1207,pedal_depth,523,0,0,0,4.789651017392731,0
06850,1207,pedal_down_ratio,523,0,0,0,2.495403341139018,0
06850,1207,pedal_changes,523,0,0,0,4.444685289929431,0
06851,1208,tempo,1282,1,7,1,10.136536053522395,0
06851,1208,rubato,1282,1,16,3,12.611804015143482,0
06851,1208,dynamics,1113,170,0,0,5.705528391638084,0
06851,1208,articulation,1081,202,7,3,21.1186842113765,0
06851,1208,pedal_depth,1283,0,0,0,3.8212770277850603,0
06851,1208,pedal_down_ratio,1283,0,0,0,3.199143552086104,0
06851,1208,pedal_changes,1283,0,0,0,4.960330564059539,0
06855,1208,tempo,1283,0,5,0,8.619391863252682,0
06855,1208,rubato,1283,0,10,1,10.42665596510806,0
06855,1208,dynamics,1114,169,0,0,3.582541083121587,0
06855,1208,articulation,1095,188,3,0,9.186507405352902,0
06855,1208,pedal_depth,1283,0,0,0,3.8349072834791254,0
06855,1208,pedal_down_ratio,1283,0,0,0,3.199143552086104,0
06855,1208,pedal_changes,1283,0,0,0,4.340289243552097,0
06856,1208,tempo,1283,0,0,0,5.006703362915023,0
06856,1208,rubato,1283,0,1,0,6.2335144340686375,0
06856,1208,dynamics,1123,160,0,0,3.8479144966861503,0
06856,1208,articulation,1105,178,3,1,16.673505476270325,0
06856,1208,pedal_depth,1283,0,0,0,3.959744276252684,0
06856,1208,pedal_down_ratio,1283,0,0,0,3.199143552086104,0
06856,1208,pedal_changes,1283,0,1,0,8.680578487104194,0
06857,1208,tempo,1283,0,1,0,7.4136501165205635,0
06857,1208,rubato,1283,0,6,0,9.039844604993819,0
06857,1208,dynamics,1118,165,0,0,2.675848586776,0
06857,1208,articulation,1104,179,4,2,10.785555135431823,0
06857,1208,pedal_depth,1283,0,1,0,6.156501878097415,0
06857,1208,pedal_down_ratio,1283,0,0,0,3.199143552086104,0
06857,1208,pedal_changes,1283,0,0,0,4.340289243552097,0
06858,1208,tempo,1283,0,0,0,5.46103383167818,0
06858,1208,rubato,1283,0,4,0,6.531416751258614,0
06858,1208,dynamics,1123,160,0,0,3.1181376093836035,0
06858,1208,articulation,1102,181,2,0,7.259839729398595,0
06858,1208,pedal_depth,1283,0,0,0,3.608983859574593,0
06858,1208,pedal_down_ratio,1283,0,0,0,3.199143552086104,0
06858,1208,pedal_changes,1283,0,2,0,6.200413205074424,0
06859,1208,tempo,1283,0,0,0,5.9935146729573585,0
06859,1208,rubato,1283,0,4,0,8.000506757936309,0
06859,1208,dynamics,1118,165,0,0,5.042094857726679,0
06859,1208,articulation,1094,189,10,3,23.719965629371192,0
06859,1208,pedal_depth,1283,0,0,0,4.375137617294682,0
06859,1208,pedal_down_ratio,1283,0,0,0,3.199143552086104,0
06859,1208,pedal_changes,1283,0,2,0,7.440495846089309,0
06861,1208,tempo,1283,0,1,0,7.332202235843347,0
06861,1208,rubato,1283,0,3,0,8.308154671855268,0
06861,1208,dynamics,1112,171,0,0,5.484383880334283,0
06861,1208,articulation,1086,197,10,1,10.14432031308823,0
06861,1208,pedal_depth,1283,0,0,0,4.658932716498015,0
06861,1208,pedal_down_ratio,1283,0,0,0,3.199143552086104,0
06861,1208,pedal_changes,1283,0,1,0,6.820454525581867,0
06865,1208,tempo,1279,4,4,0,6.932962848300943,0
06865,1208,rubato,1279,4,12,0,8.630939044191733,0
06865,1208,dynamics,1120,163,0,0,4.201745714772232,0
06865,1208,articulation,1088,195,11,3,22.65532216528518,0
06865,1208,pedal_depth,1283,0,5,0,6.768752139088075,0
06865,1208,pedal_down_ratio,1283,0,0,0,3.199143552086104,0
06865,1208,pedal_changes,1283,0,2,0,6.200413205074424,0
06866,1208,tempo,1282,1,2,0,6.423667218140499,0
06866,1208,rubato,1282,1,11,0,7.959133819957351,0
06866,1208,dynamics,1124,159,0,0,3.7152277899038677,0
06866,1208,articulation,1088,195,12,7,28.585806741791952,0
06866,1208,pedal_depth,1283,0,0,0,5.165800426449338,0
06866,1208,pedal_down_ratio,1283,0,0,0,3.199143552086104,0
06866,1208,pedal_changes,1283,0,4,0,7.440495846089309,0
06867,1208,tempo,1283,0,5,0,8.942812837605075,0
06867,1208,rubato,1283,0,11,1,10.005036542666586,0
06867,1208,dynamics,1123,160,1,0,8.093889113719142,0
06867,1208,articulation,1073,210,8,1,13.22796010581017,0
06867,1208,pedal_depth,1283,0,1,0,6.439559435710724,0
06867,1208,pedal_down_ratio,1283,0,0,0,3.199143552086104,0
06867,1208,pedal_changes,1283,0,0,0,4.960330564059539,0
06868,1208,tempo,1283,0,15,0,9.752340827544502,0
06868,1208,rubato,1283,0,15,2,11.972510478898004,0
06868,1208,dynamics,1123,160,0,0,3.980601203468431,0
06868,1208,articulation,1092,191,30,3,17.07635926137177,0
06868,1208,pedal_depth,1283,0,1,0,6.085737488694075,0
06868,1208,pedal_down_ratio,1283,0,0,0,3.199143552086104,0
06868,1208,pedal_changes,1283,0,2,0,6.200413205074424,0
06869,1208,tempo,1283,0,10,1,12.188262183036596,0
06869,1208,rubato,1283,0,11,1,13.290204199592987,0
06869,1208,dynamics,1124,159,0,0,3.516197729730447,0
06869,1208,articulation,1094,189,28,3,17.3372540993928,0
06869,1208,pedal_depth,1283,0,3,0,6.405831886506113,0
06869,1208,pedal_down_ratio,1283,0,0,0,3.199143552086104,0
06869,1208,pedal_changes,1283,0,2,0,6.200413205074424,0
06870,1208,tempo,1283,0,18,1,10.526008565035822,0
06870,1208,rubato,1283,0,13,1,10.991306360661872,0
06870,1208,dynamics,1122,161,0,0,4.997865955465919,0
06870,1208,articulation,1095,188,27,4,15.778635016627398,0
06870,1208,pedal_depth,1283,0,0,0,5.718763109500577,0
06870,1208,pedal_down_ratio,1283,0,0,0,3.199143552086104,0
06870,1208,pedal_changes,1283,0,3,0,6.820454525581867,0
06873,1208,tempo,1279,4,2,1,11.086116373288561,0
06873,1208,rubato,1279,4,5,1,12.965509175585531,0
06873,1208,dynamics,1115,168,0,0,4.334432421554514,0
06873,1208,articulation,1087,196,13,2,26.788076921452387,0
06873,1208,pedal_depth,1283,0,0,0,4.550148514011084,0
06873,1208,pedal_down_ratio,1283,0,0,0,3.199143552086104,0
06873,1208,pedal_changes,1283,0,2,1,31.00206602537212,0
06874,1208,tempo,1283,0,2,0,8.72666519340349,0
06874,1208,rubato,1283,0,8,1,10.13077964160866,0
06874,1208,dynamics,1117,166,0,0,3.3005818312092403,0
06874,1208,articulation,1090,193,14,3,15.249160408357575,0
06874,1208,pedal_depth,1283,0,0,0,4.811978479432517,0
06874,1208,pedal_down_ratio,1283,0,0,0,3.199143552086104,0
06874,1208,pedal_changes,1283,0,2,0,8.680578487104194,0
06875,1208,tempo,1283,0,4,0,7.653327877108009,0
06875,1208,rubato,1283,0,5,0,8.706644306842175,0
06875,1208,dynamics,1126,157,0,0,4.599805835119075,0
06875,1208,articulation,1097,186,8,1,12.758685716645514,0
06875,1208,pedal_depth,1283,0,0,0,5.123178191043801,0
06875,1208,pedal_down_ratio,1283,0,0,0,3.199143552086104,0
06875,1208,pedal_changes,1283,0,0,0,3.7202479230446546,0
06876,1208,tempo,1283,0,1,0,6.663595650916401,0
06876,1208,rubato,1283,0,4,0,6.975102129639989,0
06876,1208,dynamics,1120,163,0,0,3.449854376339306,0
06876,1208,articulation,1105,178,6,2,12.229127757298505,0
06876,1208,pedal_depth,1283,0,4,0,6.398505803291571,0
06876,1208,pedal_down_ratio,1283,0,0,0,3.199143552086104,0
06876,1208,pedal_changes,1283,0,0,0,4.960330564059539,0
06882,1208,tempo,1283,0,10,0,9.322885176839577,0
06882,1208,rubato,1283,0,16,1,10.270820193221816,0
06882,1208,dynamics,1116,167,0,0,4.666149188510215,0
06882,1208,articulation,1096,187,21,5,19.793079667013284,0
06882,1208,pedal_depth,1283,0,6,0,6.229866719714182,0
06882,1208,pedal_down_ratio,1283,0,0,0,3.199143552086104,0
06882,1208,pedal_changes,1283,0,0,0,5.580371884566982,0
06884,1208,tempo,1282,1,7,0,8.526531939508633,0
06884,1208,rubato,1282,1,15,2,10.363216209232458,0
06884,1208,dynamics,1117,166,0,0,5.771871745029223,0
06884,1208,articulation,1088,195,49,9,30.376293954110793,0
06884,1208,pedal_depth,1283,0,0,0,5.964262536208991,0
06884,1208,pedal_down_ratio,1283,0,0,0,3.199143552086104,0
06884,1208,pedal_changes,1283,0,1,0,7.440495846089309,0
06885,1208,tempo,1279,4,3,0,8.620912172893947,0
06885,1208,rubato,1279,4,7,1,10.942125864229546,0
06885,1208,dynamics,1113,170,0,0,3.6046555342519686,0
06885,1208,articulation,1103,180,13,4,18.64743543948367,0
06885,1208,pedal_depth,1283,0,11,0,6.405831886506113,0
06885,1208,pedal_down_ratio,1283,0,0,0,3.199143552086104,0
06885,1208,pedal_changes,1283,0,0,0,3.7202479230446546,0
06886,1208,tempo,1283,0,2,0,6.463642230078962,0
06886,1208,rubato,1283,0,6,0,6.959650267257329,0
06886,1208,dynamics,1119,164,0,0,3.383511022948166,0
06886,1208,articulation,1102,181,7,1,16.889467772543288,0
06886,1208,pedal_depth,1283,0,0,0,4.117818712510203,0
06886,1208,pedal_down_ratio,1283,0,0,0,3.199143552086104,0
06886,1208,pedal_changes,1283,0,4,1,12.400826410148849,0
06887,1208,tempo,1282,1,6,0,9.304010736680151,0
06887,1208,rubato,1282,1,7,1,10.358374953193387,0
06887,1208,dynamics,1121,162,0,0,5.705528391638084,0
06887,1208,articulation,1101,182,15,5,19.980030211315864,0
06887,1208,pedal_depth,1283,0,0,0,5.194968494794412,0
06887,1208,pedal_down_ratio,1283,0,0,0,3.199143552086104,0
06887,1208,pedal_changes,1283,0,1,0,6.200413205074424,0
06888,1208,tempo,1283,0,7,0,8.9864085053091,0
06888,1208,rubato,1283,0,8,0,9.881914426125446,0
06888,1208,dynamics,1119,164,0,0,4.484810689241098,0
06888,1208,articulation,1103,180,7,1,20.170962627293854,0
06888,1208,pedal_depth,1283,0,0,0,3.6462613009751856,0
06888,1208,pedal_down_ratio,1283,0,0,0,3.199143552086104,0
06888,1208,pedal_changes,1283,0,1,0,6.820454525581867,0
06889,1208,tempo,1283,0,3,0,9.048646879140692,0
06889,1208,rubato,1283,0,6,1,10.326642728776507,0
06889,1208,dynamics,1119,164,0,0,4.776721444162115,0
06889,1208,articulation,1107,176,9,2,20.16858517823152,0
06889,1208,pedal_depth,1283,0,0,0,4.9535072582393855,0
06889,1208,pedal_down_ratio,1283,0,0,0,3.199143552086104,0
06889,1208,pedal_changes,1283,0,0,0,5.580371884566982,0
06892,1208,tempo,1283,0,4,1,12.255767848915884,0
06892,1208,rubato,1283,0,7,1,14.581871629674902,0
06892,1208,dynamics,1122,161,0,0,5.27429659459567,0
06892,1208,articulation,1077,206,11,3,11.645234589028766,0
06892,1208,pedal_depth,1283,0,0,0,4.528920921818731,0
06892,1208,pedal_down_ratio,1283,0,0,0,3.199143552086104,0
06892,1208,pedal_changes,1283,0,2,0,7.440495846089309,0
06893,1208,tempo,1278,5,0,0,5.874556911617783,0
06893,1208,rubato,1278,5,6,0,7.992993724312642,0
06893,1208,dynamics,1125,158,0,0,4.723646761449203,0
06893,1208,articulation,1098,185,10,1,12.17126091120644,0
06893,1208,pedal_depth,1283,0,0,0,5.802679931079921,0
06893,1208,pedal_down_ratio,1283,0,0,0,3.199143552086104,0
06893,1208,pedal_changes,1283,0,1,0,6.200413205074424,0
06894,1208,tempo,1277,6,4,0,7.8895228741636005,0
06894,1208,rubato,1277,6,13,1,10.288851094666635,0
06894,1208,dynamics,1122,161,0,0,3.808108484651466,0
06894,1208,articulation,1104,179,4,2,21.033397102770905,0
06894,1208,pedal_depth,1283,0,0,0,3.6797482489774826,0
06894,1208,pedal_down_ratio,1283,0,0,0,3.199143552086538,0
06894,1208,pedal_changes,1283,0,0,0,4.340289243552097,0
06895,1209,tempo,661,1,11,2,12.810484249027054,0
06895,1209,rubato,661,1,38,14,25.714707665725914,0
06895,1209,dynamics,621,41,0,0,4.906589642467001,0
06895,1209,articulation,605,57,9,1,10.490134025762366,0
06895,1209,pedal_depth,662,0,0,0,2.7383817873881404,0
06895,1209,pedal_down_ratio,662,0,0,0,2.479286053140117,0
06895,1209,pedal_changes,662,0,3,0,9.978082768041984,0
06896,1209,tempo,662,0,11,5,13.659186391503203,0
06896,1209,rubato,662,0,42,12,24.936811897896597,0
06896,1209,dynamics,624,38,0,0,3.263344998055883,0
06896,1209,articulation,613,49,7,1,11.513114119009911,0
06896,1209,pedal_depth,662,0,0,0,2.7383817873881404,0
06896,1209,pedal_down_ratio,662,0,0,0,2.479286053140117,0
06896,1209,pedal_changes,662,0,4,1,16.392564547497546,0
06897,1209,tempo,662,0,19,4,13.302475978475172,0
06897,1209,rubato,662,0,57,24,25.019105079247737,0
06897,1209,dynamics,625,37,0,0,5.601127816052785,0
06897,1209,articulation,608,54,8,1,15.396876981903645,0
06897,1209,pedal_depth,662,0,0,0,3.724199230847871,0
06897,1209,pedal_down_ratio,662,0,0,0,2.479286053140117,0
06897,1209,pedal_changes,662,0,4,1,16.392564547497546,0
06898,1209,tempo,661,1,8,4,17.227420826833267,0
06898,1209,rubato,661,1,46,14,32.21506030169507,0
06898,1209,dynamics,622,40,0,0,4.351126664074511,0
06898,1209,articulation,607,55,5,1,11.720971319664322,0
06898,1209,pedal_depth,662,0,0,0,4.021673968172698,0
06898,1209,pedal_down_ratio,662,0,0,0,2.479286053140117,0
06898,1209,pedal_changes,662,0,1,0,7.127201977172846,0
06899,1209,tempo,661,1,6,2,15.552417615500877,0
06899,1209,rubato,661,1,40,14,28.502778828042022,0
06899,1209,dynamics,623,39,0,0,3.9345294302801417,0
06899,1209,articulation,608,54,13,2,17.958678045320617,0
06899,1209,pedal_depth,662,0,0,0,3.28605814486577,0
06899,1209,pedal_down_ratio,662,0,0,0,2.479286053140117,0
06899,1209,pedal_changes,662,0,4,1,12.47260346005248,0
06900,1209,tempo,662,0,5,1,10.376875094997095,0
06900,1209,rubato,662,0,42,9,20.580024267835892,0
06900,1209,dynamics,622,40,0,0,2.4995834027662087,0
06900,1209,articulation,610,52,8,3,17.445985973239218,0
06900,1209,pedal_depth,662,0,0,0,3.494785289551379,0
06900,1209,pedal_down_ratio,662,0,0,0,2.479286053140117,0
06900,1209,pedal_changes,662,0,3,1,10.334442866900627,0
06901,1209,tempo,662,0,7,1,10.511033377238105,0
06901,1209,rubato,662,0,42,10,19.935467766523306,0
06901,1209,dynamics,624,38,0,0,5.022311096298769,0
06901,1209,articulation,611,51,6,0,9.077381321798624,0
06901,1209,pedal_depth,662,0,0,0,3.5051286878568213,0
06901,1209,pedal_down_ratio,662,0,0,0,2.479286053140117,0
06901,1209,pedal_changes,662,0,1,0,6.414481779455561,0
06902,1209,tempo,662,0,9,1,10.169380287475402,0
06902,1209,rubato,662,0,53,15,19.911299025634037,0
06902,1209,dynamics,622,40,3,0,6.665555740709889,0
06902,1209,articulation,609,53,10,1,13.13944441484249,0
06902,1209,pedal_depth,662,0,0,0,3.313737276002709,0
06902,1209,pedal_down_ratio,662,0,0,0,2.479286053140117,0
06902,1209,pedal_changes,662,0,2,1,18.887085239508043,0
06903,1209,tempo,662,0,13,2,13.539067561810029,0
06903,1209,rubato,662,0,44,17,27.397521299674658,0
06903,1209,dynamics,623,39,0,0,3.263344998055882,0
06903,1209,articulation,610,52,6,2,12.595373000739901,0
06903,1209,pedal_depth,662,0,0,0,4.490946131316577,0
06903,1209,pedal_down_ratio,662,0,0,0,2.479286053140117,0
06903,1209,pedal_changes,662,0,1,0,9.978082768041984,0
06904,1209,tempo,662,0,42,11,27.346945338164776,0
06904,1209,rubato,662,0,76,52,56.915838547147075,0
06904,1209,dynamics,617,45,0,0,5.554629783924906,0
06904,1209,articulation,609,53,23,13,19.552038289591074,0
06904,1209,pedal_depth,662,0,0,0,4.081714647781706,0
06904,1209,pedal_down_ratio,662,0,0,0,2.479286053140117,0
06904,1209,pedal_changes,662,0,6,2,22.09432612923582,0
06905,1209,tempo,662,0,38,11,27.364118694383095,0
06905,1209,rubato,662,0,66,41,56.918521426948885,0
06905,1209,dynamics,618,44,0,0,4.860301060934294,0
06905,1209,articulation,607,55,21,11,19.243979137078732,0
06905,1209,pedal_depth,662,0,0,0,3.993607674342537,0
06905,1209,pedal_down_ratio,662,0,0,0,2.479286053140117,0
06905,1209,pedal_changes,662,0,6,2,21.73796603037718,0
06907,1209,tempo,662,0,13,4,12.1716577835039,0
06907,1209,rubato,662,0,52,18,23.067524031594424,0
06907,1209,dynamics,621,41,0,0,4.883445351700648,0
06907,1209,articulation,607,55,5,1,13.762434111237653,0
06907,1209,pedal_depth,662,0,0,0,2.706732148639492,0
06907,1209,pedal_down_ratio,662,0,0,0,2.479286053140117,0
06907,1209,pedal_changes,662,0,3,1,27.7960877109741,0
06908,1209,tempo,661,1,10,3,13.028992519808067,0
06908,1209,rubato,661,1,44,16,25.84837784699963,0
06908,1209,dynamics,620,42,0,0,5.13803255013054,0
06908,1209,articulation,607,55,8,3,21.66707435651003,0
06908,1209,pedal_depth,662,0,0,0,3.1405203105250448,0
06908,1209,pedal_down_ratio,662,0,0,0,2.479286053140117,0
06908,1209,pedal_changes,662,0,4,2,12.116243361193838,0
06909,1209,tempo,661,1,7,2,12.161372710776241,0
06909,1209,rubato,661,1,45,18,22.01277254821457,0
06909,1209,dynamics,621,41,0,0,5.493451169171888,0
06909,1209,articulation,608,54,14,2,13.72086124914185,0
06909,1209,pedal_depth,662,0,0,0,3.343442664233155,0
06909,1209,pedal_down_ratio,662,0,0,0,2.479286053140117,0
06909,1209,pedal_changes,662,0,4,1,15.67984434978026,0
06910,1209,tempo,662,0,42,21,32.570666118707535,0
06910,1209,rubato,662,0,67,43,58.49934870526202,0
06910,1209,dynamics,618,44,0,0,4.836764494053257,0
06910,1209,articulation,612,50,19,9,19.775197706515133,0
06910,1209,pedal_depth,662,0,0,0,3.881089976861879,0
06910,1209,pedal_down_ratio,662,0,0,0,2.479286053140117,0
06910,1209,pedal_changes,662,0,5,2,22.09432612923582,0
06914,1209,tempo,661,1,19,6,12.026202180589369,0
06914,1209,rubato,661,1,41,19,21.41525128401224,0
06914,1209,dynamics,617,45,1,0,6.0001573811772175,0
06914,1209,articulation,605,57,6,1,19.688912049797523,0
06914,1209,pedal_depth,662,0,0,0,3.7276619587855797,0
06914,1209,pedal_down_ratio,662,0,0,0,2.479286053140117,0
06914,1209,pedal_changes,662,0,1,0,6.7708418783142035,0
06916,1209,tempo,661,1,12,3,17.318142166676232,0
06916,1209,rubato,661,1,59,18,31.464881012593235,0
06916,1209,dynamics,620,42,0,0,3.5179321964857753,0
06916,1209,articulation,608,54,5,1,11.186475640269538,0
06916,1209,pedal_depth,662,0,0,0,2.8479170588835565,0
06916,1209,pedal_down_ratio,662,0,0,0,2.479286053140117,0
06916,1209,pedal_changes,662,0,2,0,7.83992217489013,0
00422,120,tempo,640,0,70,18,13.38361608063552,0
00422,120,rubato,640,0,70,16,14.401153964687607,0
00422,120,dynamics,631,9,17,2,13.206234119341682,0
00422,120,articulation,629,11,17,3,16.898923800934906,0
00422,120,pedal_depth,640,0,1,0,6.079207581288215,0
00422,120,pedal_down_ratio,640,0,0,0,3.706956093014092,0
00422,120,pedal_changes,640,0,1,0,6.7302982909710245,0
00423,120,tempo,640,0,35,9,18.976664738486193,0
00423,120,rubato,640,0,43,12,20.690540769275298,0
00423,120,dynamics,632,8,3,1,10.064713365267878,0
00423,120,articulation,630,10,6,3,15.824837170493687,0
00423,120,pedal_depth,640,0,0,0,4.11737697698317,0
00423,120,pedal_down_ratio,640,0,0,0,3.706956093014092,0
00423,120,pedal_changes,640,0,0,0,4.038178974582615,0
00424,120,tempo,640,0,32,9,19.609841581367903,0
00424,120,rubato,640,0,34,11,21.334437867510044,0
00424,120,dynamics,627,13,2,0,6.619744361048669,0
00424,120,articulation,626,14,6,3,16.27432087362792,0
00424,120,pedal_depth,640,0,0,0,4.250297323533482,0
00424,120,pedal_down_ratio,640,0,0,0,3.706956093014092,0
00424,120,pedal_changes,640,0,0,0,4.038178974582615,0
00425,120,tempo,640,0,42,8,19.398177722391846,0
00425,120,rubato,640,0,46,11,20.331122850064627,0
00425,120,dynamics,631,9,0,0,4.323098358235872,0
00425,120,articulation,630,10,11,4,20.476379014930636,0
00425,120,pedal_depth,640,0,0,0,3.2234137294493563,0
00425,120,pedal_down_ratio,640,0,0,0,3.706956093014092,0
00425,120,pedal_changes,640,0,0,0,2.69211931638841,0
00426,120,tempo,638,2,71,20,25.05240783850046,0
00426,120,rubato,638,2,73,21,25.24800157524588,0
00426,120,dynamics,629,11,18,1,10.240339236071202,0
00426,120,articulation,626,14,26,8,15.803557688388203,0
00426,120,pedal_depth,640,0,0,0,4.91761036678478,0
00426,120,pedal_down_ratio,640,0,0,0,3.706956093014092,0
00426,120,pedal_changes,640,0,0,0,4.7112088036797175,0
06920,1210,tempo,402,0,7,1,13.363252897807886,0
06920,1210,rubato,402,0,25,6,18.49755641433345,0
06920,1210,dynamics,389,13,0,0,4.104016851892202,0
06920,1210,articulation,383,19,7,1,13.396271342518824,0
06920,1210,pedal_depth,402,0,0,0,4.127542159011088,0
06920,1210,pedal_down_ratio,402,0,0,0,2.259607561479556,0
06920,1210,pedal_changes,402,0,1,0,6.96431834898629,0
06922,1210,tempo,400,2,11,4,10.896183538988918,0
06922,1210,rubato,400,2,28,11,17.5207422415383,0
06922,1210,dynamics,385,17,0,0,4.497113728908426,0
06922,1210,articulation,373,29,10,2,12.993359061803885,0
06922,1210,pedal_depth,402,0,0,0,3.05314590886391,0
06922,1210,pedal_down_ratio,402,0,0,0,2.259607561479556,0
06922,1210,pedal_changes,402,0,3,1,13.431185387330704,0
06923,1210,tempo,402,0,3,2,10.896183538988918,0
06923,1210,rubato,402,0,16,3,17.097050710884815,0
06923,1210,dynamics,390,12,0,0,3.985811782338444,0
06923,1210,articulation,380,22,2,0,6.33687875126078,0
06923,1210,pedal_depth,402,0,0,0,5.1219625202421915,0
06923,1210,pedal_down_ratio,402,0,0,0,2.259607561479556,0
06923,1210,pedal_changes,402,0,2,1,14.923539319256337,0
06924,1210,tempo,402,0,7,1,16.944219094264852,0
06924,1210,rubato,402,0,12,5,23.57148445451924,0
06924,1210,dynamics,390,12,0,0,3.0352084176446765,0
06924,1210,articulation,380,22,2,0,7.514562427183076,0
06924,1210,pedal_depth,402,0,0,0,4.1153762865412435,0
06924,1210,pedal_down_ratio,402,0,0,0,2.259607561479556,0
06924,1210,pedal_changes,402,0,1,0,7.461769659628168,0
06925,1210,tempo,401,1,3,0,8.525090969771892,0
06925,1210,rubato,401,1,14,2,14.039889652252969,0
06925,1210,dynamics,389,13,0,0,3.102657493592334,0
06925,1210,articulation,378,24,2,1,10.167344488605526,0
06925,1210,pedal_depth,402,0,0,0,4.163827020697015,0
06925,1210,pedal_down_ratio,402,0,0,0,2.259607561479556,0
06925,1210,pedal_changes,402,0,2,0,8.456672280911924,0
06926,1210,tempo,400,2,2,0,9.21670897670738,0
06926,1210,rubato,400,2,13,3,14.347331684320052,0
06926,1210,dynamics,386,16,0,0,4.046944556859566,0
06926,1210,articulation,376,26,2,2,11.521258236085568,0
06926,1210,pedal_depth,402,0,0,0,2.299305757771809,0
06926,1210,pedal_down_ratio,402,0,0,0,2.259607561479556,0
06926,1210,pedal_changes,402,0,2,0,7.461769659628168,0
06927,1210,tempo,402,0,6,2,13.543395958991132,0
06927,1210,rubato,402,0,17,5,22.292924127363314,0
06927,1210,dynamics,390,12,0,0,3.6422501011736106,0
06927,1210,articulation,381,21,4,0,8.397700572630287,0
06927,1210,pedal_depth,402,0,0,0,3.613171941547868,0
06927,1210,pedal_down_ratio,402,0,0,0,2.259607561479556,0
06927,1210,pedal_changes,402,0,0,0,3.482159174493145,0
06928,1210,tempo,397,5,27,17,21.98267908058361,0
06928,1210,rubato,397,5,40,27,34.76433592910406,0
06928,1210,dynamics,387,15,1,0,7.367514449667417,0
06928,1210,articulation,373,29,5,1,10.4557711727899,0
06928,1210,pedal_depth,402,0,0,0,4.608601877200672,0
06928,1210,pedal_down_ratio,402,0,0,0,2.259607561479556,0
06928,1210,pedal_changes,402,0,3,0,8.456672280911924,0
06929,1210,tempo,398,4,27,14,21.350144367146488,0
06929,1210,rubato,398,4,38,26,33.76317808016247,0
06929,1210,dynamics,388,14,0,0,5.983696594785218,0
06929,1210,articulation,375,27,7,1,10.07694765539041,0
06929,1210,pedal_depth,402,0,0,0,2.13694081196507,0
06929,1210,pedal_down_ratio,402,0,0,0,2.259607561479556,0
06929,1210,pedal_changes,402,0,5,2,15.420990629898215,0
06932,1210,tempo,402,0,5,1,15.398683983144895,0
06932,1210,rubato,402,0,11,5,21.312181259225703,0
06932,1210,dynamics,387,15,0,0,3.597284050541836,0
06932,1210,articulation,377,25,14,0,8.686590616726276,0
06932,1210,pedal_depth,402,0,0,0,4.191425819506683,0
06932,1210,pedal_down_ratio,402,0,0,0,2.259607561479556,0
06932,1210,pedal_changes,402,0,1,0,9.45157490219568,0
06933,1210,tempo,402,0,8,0,9.924726336221006,0
06933,1210,rubato,402,0,19,8,15.514674606538746,0
06933,1210,dynamics,389,13,0,0,3.50735194927829,0
06933,1210,articulation,380,22,15,0,8.365381529736677,0
06933,1210,pedal_depth,402,0,0,0,4.575513428159673,0
06933,1210,pedal_down_ratio,402,0,0,0,2.2596075614795583,0
06933,1210,pedal_changes,402,0,2,0,7.461769659628168,0
06934,1210,tempo,402,0,3,0,9.941230601586302,0
06934,1210,rubato,402,0,10,2,15.453132915066531,0
06934,1210,dynamics,387,15,0,0,3.2375556454876535,0
06934,1210,articulation,379,23,14,0,8.761013339860018,0
06934,1210,pedal_depth,402,0,0,0,3.668699519521985,0
06934,1210,pedal_down_ratio,402,0,0,0,2.259607561479556,0
06934,1210,pedal_changes,402,0,2,0,9.949026212837557,0
06937,1210,tempo,396,6,23,10,11.795605027680429,0
06937,1210,rubato,396,6,45,23,16.023191064772803,0
06937,1210,dynamics,382,20,0,0,5.261027923917436,0
06937,1210,articulation,379,23,6,3,18.45748304836961,0
06937,1210,pedal_depth,402,0,0,0,3.3880296793376954,0
06937,1210,pedal_down_ratio,402,0,0,0,2.259607561479556,0
06937,1210,pedal_changes,402,0,1,0,6.466867038344413,0
06939,1211,tempo,779,0,12,3,12.156616110077744,0
06939,1211,rubato,779,0,50,21,23.79233686483684,0
06939,1211,dynamics,770,9,0,0,4.159359683439005,0
06939,1211,articulation,743,36,8,1,13.70113990437701,0
06939,1211,pedal_depth,779,0,0,0,3.6968574776422893,0
06939,1211,pedal_down_ratio,779,0,0,0,2.442367866000837,0
06939,1211,pedal_changes,779,0,0,0,5.84230914184033,0
06940,1211,tempo,779,0,18,2,10.120760037132074,0
06940,1211,rubato,779,0,62,22,19.491006359041364,0
06940,1211,dynamics,773,6,0,0,3.979495480911914,0
06940,1211,articulation,744,35,9,4,17.750532855677392,0
06940,1211,pedal_depth,779,0,0,0,3.6968574776422893,0
06940,1211,pedal_down_ratio,779,0,0,0,2.442367866000837,0
06940,1211,pedal_changes,779,0,0,0,5.193163681635848,0
06941,1211,tempo,778,1,16,6,10.978947503243887,0
06941,1211,rubato,778,1,66,18,20.355738465096707,0
06941,1211,dynamics,773,6,0,0,3.2263141328297156,0
06941,1211,articulation,746,33,10,1,10.091214467913703,0
06941,1211,pedal_depth,779,0,0,0,2.844338275423208,0
06941,1211,pedal_down_ratio,779,0,0,0,2.4423678660008394,0
06941,1211,pedal_changes,779,0,0,0,5.193163681635848,0
06942,1211,tempo,778,1,22,0,9.750795437257112,0
06942,1211,rubato,778,1,50,24,16.904567260489134,0
06942,1211,dynamics,771,8,0,0,3.844597329016594,0
06942,1211,articulation,741,38,4,2,10.777604518460224,0
06942,1211,pedal_depth,779,0,0,0,3.9358781004926033,0
06942,1211,pedal_down_ratio,779,0,0,0,2.4423678660008394,0
06942,1211,pedal_changes,779,0,0,0,5.193163681635848,0
06944,1211,tempo,779,0,14,2,10.630565301240802,0
06944,1211,rubato,779,0,52,19,19.822417086008546,0
06944,1211,dynamics,772,7,0,0,3.453392688520169,0
06944,1211,articulation,738,41,5,2,13.062302907890391,0
06944,1211,pedal_depth,779,0,0,0,4.294483926682504,0
06944,1211,pedal_down_ratio,779,0,0,0,2.4423678660008394,0
06944,1211,pedal_changes,779,0,0,0,5.193163681635848,0
06945,1211,tempo,779,0,10,1,10.262376370588447,0
06945,1211,rubato,779,0,42,14,16.597740455637627,0
06945,1211,dynamics,772,7,0,0,3.1566167543504675,0
06945,1211,articulation,739,40,6,3,15.497352857808883,0
06945,1211,pedal_depth,779,0,0,0,3.2854168195830162,0
06945,1211,pedal_down_ratio,779,0,0,0,2.4423678660008394,0
06945,1211,pedal_changes,779,0,1,0,7.140600062249292,0
06946,1211,tempo,778,1,14,3,11.491595911576638,0
06946,1211,rubato,778,1,62,17,20.17764806773695,0
06946,1211,dynamics,773,6,0,0,4.350465398624041,0
06946,1211,articulation,740,39,5,2,13.915167904888547,0
06946,1211,pedal_depth,779,0,0,0,3.9481996136927404,0
06946,1211,pedal_down_ratio,779,0,0,0,2.4423678660008394,0
06946,1211,pedal_changes,779,0,0,0,5.84230914184033,0
06947,1211,tempo,778,1,12,1,11.541350661322024,0
06947,1211,rubato,778,1,34,12,20.988565804080963,0
06947,1211,dynamics,772,7,0,0,3.372453797382978,0
06947,1211,articulation,739,40,4,1,12.511312579338533,0
06947,1211,pedal_depth,779,0,0,0,2.9501060030562645,0
06947,1211,pedal_down_ratio,779,0,0,0,2.4423678660008394,0
06947,1211,pedal_changes,779,0,0,0,5.193163681635848,0
06948,1211,tempo,779,0,14,4,14.759948986240017,0
06948,1211,rubato,779,0,52,18,28.204885900946817,0
06948,1211,dynamics,773,6,0,0,3.2038311075138286,0
06948,1211,articulation,741,38,10,2,16.353660131276833,0
06948,1211,pedal_depth,779,0,0,0,3.331104861929902,0
06948,1211,pedal_down_ratio,779,0,0,0,2.442367866000875,0
06948,1211,pedal_changes,779,0,0,0,5.84230914184033,0
06949,1211,tempo,779,0,7,1,14.498384804008229,0
06949,1211,rubato,779,0,37,9,29.263074921717262,0
06949,1211,dynamics,769,10,0,0,4.406672961913756,0
06949,1211,articulation,741,38,6,1,10.192918021847074,0
06949,1211,pedal_depth,779,0,0,0,3.3339434146202254,0
06949,1211,pedal_down_ratio,779,0,0,0,2.4423678660008394,0
06949,1211,pedal_changes,779,0,2,1,10.386327363271697,0
06950,1211,tempo,779,0,6,1,13.930395175870968,0
06950,1211,rubato,779,0,34,6,25.414739824921373,0
06950,1211,dynamics,771,8,0,0,3.2375556454876584,0
06950,1211,articulation,740,39,8,3,16.374612694913402,0
06950,1211,pedal_depth,779,0,0,0,2.7678646049444064,0
06950,1211,pedal_down_ratio,779,0,0,0,2.4423678660008394,0
06950,1211,pedal_changes,779,0,0,0,5.193163681635848,0
06951,1211,tempo,777,2,16,1,10.354330040818049,0
06951,1211,rubato,777,2,59,19,18.844988483216834,0
06951,1211,dynamics,773,6,0,0,3.732182202437161,0
06951,1211,articulation,738,41,6,2,17.18460964409214,0
06951,1211,pedal_depth,779,0,0,0,3.7733701209361334,0
06951,1211,pedal_down_ratio,779,0,0,0,2.4423678660008394,0
06951,1211,pedal_changes,779,0,0,0,3.8948727612268863,0
06952,1211,tempo,777,2,17,1,15.031773167716679,0
06952,1211,rubato,777,2,48,23,30.5521622742132,0
06952,1211,dynamics,770,9,0,0,3.9570124555960278,0
06952,1211,articulation,741,38,13,1,12.004694807259737,0
06952,1211,pedal_depth,779,0,0,0,3.9700277064100193,0
06952,1211,pedal_down_ratio,779,0,0,0,2.442367866000837,0
06952,1211,pedal_changes,779,0,0,0,3.2457273010224053,0
06954,1211,tempo,778,1,13,6,10.715825317845214,0
06954,1211,rubato,778,1,54,23,20.217825479247537,0
06954,1211,dynamics,770,9,0,0,4.148118170781062,0
06954,1211,articulation,740,39,12,7,21.309206274067957,0
06954,1211,pedal_depth,779,0,0,0,3.7397589386248735,0
06954,1211,pedal_down_ratio,779,0,0,0,2.4423678660008394,0
06954,1211,pedal_changes,779,0,2,0,7.789745522453773,0
06955,1211,tempo,777,2,11,1,10.309581690941549,0
06955,1211,rubato,777,2,68,18,18.441392170240476,0
06955,1211,dynamics,768,11,0,0,4.001978506227801,0
06955,1211,articulation,744,35,9,3,19.374082970960487,0
06955,1211,pedal_depth,779,0,0,0,3.7397589386248735,0
06955,1211,pedal_down_ratio,779,0,0,0,2.4423678660009136,0
06955,1211,pedal_changes,779,0,4,0,9.737181903067215,0
06956,1211,tempo,779,0,13,2,11.92321415691,0
06956,1211,rubato,779,0,53,17,19.842191804043033,0
06956,1211,dynamics,773,6,0,0,4.114393632807231,0
06956,1211,articulation,740,39,3,2,16.686197554384897,0
06956,1211,pedal_depth,779,0,0,0,3.435158974115937,0
06956,1211,pedal_down_ratio,779,0,0,0,2.4423678660008394,0
06956,1211,pedal_changes,779,0,1,0,6.4914546020448105,0
06957,1211,tempo,779,0,19,2,12.67013229510917,0
06957,1211,rubato,779,0,52,17,24.57905952282567,0
06957,1211,dynamics,771,8,0,0,2.832861189801701,0
06957,1211,articulation,744,35,4,1,10.91907187940687,0
06957,1211,pedal_depth,779,0,0,0,3.957340209284871,0
06957,1211,pedal_down_ratio,779,0,0,0,2.4423678660008394,0
06957,1211,pedal_changes,779,0,0,0,5.193163681635848,0
06961,1211,tempo,779,0,32,3,11.771118521787859,0
06961,1211,rubato,779,0,73,33,21.451629752891186,0
06961,1211,dynamics,772,7,0,0,5.305993974549219,0
06961,1211,articulation,739,40,9,3,14.165072936517335,0
06961,1211,pedal_depth,779,0,0,0,4.1124927813324295,0
06961,1211,pedal_down_ratio,779,0,0,0,2.4423678660008394,0
06961,1211,pedal_changes,779,0,0,0,4.544018221431368,0
06963,1211,tempo,777,2,18,5,10.65437859224181,0
06963,1211,rubato,777,2,51,17,20.06239390379855,0
06963,1211,dynamics,775,4,1,0,6.565043392238864,0
06963,1211,articulation,751,28,13,5,17.139775289035956,0
06963,1211,pedal_depth,779,0,0,0,3.215911451902975,0
06963,1211,pedal_down_ratio,779,0,0,0,2.4423678660008394,0
06963,1211,pedal_changes,779,0,0,0,4.544018221431368,0
06964,1211,tempo,779,0,8,2,11.77340453551833,0
06964,1211,rubato,779,0,39,9,20.97487971842335,0
06964,1211,dynamics,773,6,0,0,3.765906740410992,0
06964,1211,articulation,742,37,3,0,7.856937677768643,0
06964,1211,pedal_depth,779,0,0,0,3.1595869388422453,0
06964,1211,pedal_down_ratio,779,0,0,0,2.4423678660008394,0
06964,1211,pedal_changes,779,0,0,0,5.84230914184033,0
06967,1211,tempo,777,2,16,4,11.054065025187269,0
06967,1211,rubato,777,2,71,17,20.17555058853964,0
06967,1211,dynamics,774,5,0,0,4.609020189756736,0
06967,1211,articulation,743,36,11,1,13.941252950317446,0
06967,1211,pedal_depth,779,0,0,0,4.477354899584361,0
06967,1211,pedal_down_ratio,779,0,0,0,2.4423678660008394,0
06967,1211,pedal_changes,779,0,0,0,4.544018221431368,0
06968,1212,tempo,233,0,1,0,7.364305543119217,0
06968,1212,rubato,233,0,5,1,13.614177882157314,0
06968,1212,dynamics,233,0,0,0,2.7252151898044277,0
06968,1212,articulation,229,4,8,4,28.835931046639107,0
06968,1212,pedal_depth,233,0,0,0,3.525830503249713,0
06968,1212,pedal_down_ratio,233,0,0,0,3.2614506855401157,0
06968,1212,pedal_changes,233,0,0,0,3.5857696138334796,0
06969,1212,tempo,233,0,0,0,3.957832765222468,0
06969,1212,rubato,233,0,4,0,6.261911221507266,0
06969,1212,dynamics,233,0,0,0,2.2227536391842357,0
06969,1212,articulation,232,1,3,3,26.278224117398576,0
06969,1212,pedal_depth,233,0,0,0,3.4634165895869033,0
06969,1212,pedal_down_ratio,233,0,0,0,3.186807179670253,0
06969,1212,pedal_changes,233,0,0,0,3.2271926524501318,0
06970,1212,tempo,233,0,1,0,6.621441894593982,0
06970,1212,rubato,233,0,4,1,13.240362180441961,0
06970,1212,dynamics,233,0,0,0,2.8001586075240485,0
06970,1212,articulation,229,4,3,2,20.748710365590288,0
06970,1212,pedal_depth,233,0,0,0,3.007893840017268,0
06970,1212,pedal_down_ratio,233,0,0,0,3.245185593568192,0
06970,1212,pedal_changes,233,0,0,0,3.9443465752168274,0
06972,1212,tempo,233,0,0,0,4.729539282157198,0
06972,1212,rubato,233,0,4,0,8.117347406773234,0
06972,1212,dynamics,233,0,0,0,2.4526936708239835,0
06972,1212,articulation,232,1,6,2,13.80858361319128,0
06972,1212,pedal_depth,233,0,0,0,5.855863903918758,0
06972,1212,pedal_down_ratio,233,0,0,0,2.85552964986263,0
06972,1212,pedal_changes,233,0,0,0,3.9443465752168274,0
06973,1212,tempo,233,0,0,0,5.555136302254267,0
06973,1212,rubato,233,0,4,0,9.909746249439555,0
06973,1212,dynamics,233,0,0,0,2.7331303368630486,0
06973,1212,articulation,232,1,4,1,23.42978248335953,0
06973,1212,pedal_depth,233,0,0,0,5.509487592357698,0
06973,1212,pedal_down_ratio,233,0,0,0,2.8953525349228477,0
06973,1212,pedal_changes,233,0,0,0,3.9443465752168274,0
06974,1212,tempo,233,0,1,0,6.304651578153267,0
06974,1212,rubato,233,0,6,1,12.049475578820362,0
06974,1212,dynamics,233,0,0,0,3.004549746759379,0
06974,1212,articulation,232,1,4,1,10.854759696813971,0
06974,1212,pedal_depth,233,0,0,0,5.652074003536657,0
06974,1212,pedal_down_ratio,233,0,0,0,3.1380117291044143,0
06974,1212,pedal_changes,233,0,0,0,4.661500497983523,0
06975,1212,tempo,233,0,0,0,5.935467009488344,0
06975,1212,rubato,233,0,5,1,11.64397042650999,0
06975,1212,dynamics,233,0,0,0,2.6979630379063817,0
06975,1212,articulation,232,1,8,2,26.10227279898996,0
06975,1212,pedal_depth,233,0,0,0,4.69105626175175,0
06975,1212,pedal_down_ratio,233,0,0,0,2.705156816869111,0
06975,1212,pedal_changes,233,0,0,0,5.37865442075022,0
06976,1212,tempo,233,0,0,0,5.305027781744437,0
06976,1212,rubato,233,0,6,0,9.163986034575094,0
06976,1212,dynamics,233,0,0,0,2.9432324049887804,0
06976,1212,articulation,229,4,3,0,6.857736731526542,0
06976,1212,pedal_depth,233,0,0,0,2.491861162091945,0
06976,1212,pedal_down_ratio,233,0,0,0,2.8825966918613526,0
06976,1212,pedal_changes,233,0,0,0,3.5857696138334796,0
06977,1212,tempo,233,0,0,0,5.163624884923717,0
06977,1212,rubato,233,0,2,0,8.85439050756844,0
06977,1212,dynamics,233,0,0,0,5.653458911249282,0
06977,1212,articulation,231,2,2,2,22.99653093135866,0
06977,1212,pedal_depth,233,0,0,0,3.473921973866123,0
06977,1212,pedal_down_ratio,233,0,0,0,3.1691690143609303,0
06977,1212,pedal_changes,233,0,0,0,3.5857696138334796,0
06978,1212,tempo,233,0,0,0,5.9236649411420395,0
06978,1212,rubato,233,0,7,0,9.276175834533946,0
06978,1212,dynamics,233,0,0,0,2.084789620200386,0
06978,1212,articulation,231,2,2,1,11.113388619901306,0
06978,1212,pedal_depth,233,0,0,0,2.943383104508438,0
06978,1212,pedal_down_ratio,233,0,0,0,3.213220519318155,0
06978,1212,pedal_changes,233,0,0,0,5.737231382133567,0
06979,1212,tempo,233,0,0,0,5.453882324437511,0
06979,1212,rubato,233,0,6,0,8.30577976101018,0
06979,1212,dynamics,233,0,0,0,3.06586708852998,0
06979,1212,articulation,233,0,7,5,25.283399359719592,0
06979,1212,pedal_depth,233,0,0,0,3.051182312593414,0
06979,1212,pedal_down_ratio,233,0,0,0,3.055925053582573,0
06979,1212,pedal_changes,233,0,0,0,3.5857696138334796,0
06980,1212,tempo,233,0,0,0,5.8366028426187855,0
06980,1212,rubato,233,0,5,1,11.074668866125577,0
06980,1212,dynamics,233,0,0,0,3.0290766834676197,0
06980,1212,articulation,231,2,10,3,27.773897665491024,0
06980,1212,pedal_depth,233,0,3,0,7.458091346099677,0
06980,1212,pedal_down_ratio,233,0,0,0,3.295730456224162,0
06980,1212,pedal_changes,233,0,0,0,3.2271926524501318,0
06981,1212,tempo,233,0,0,0,4.437313661582502,0
06981,1212,rubato,233,0,4,0,8.032467810250115,0
06981,1212,dynamics,233,0,0,0,3.454210253077111,0
06981,1212,articulation,230,3,6,2,29.681452855089105,0
06981,1212,pedal_depth,233,0,3,0,7.458091346099677,0
06981,1212,pedal_down_ratio,233,0,0,0,3.2614506855401157,0
06981,1212,pedal_changes,233,0,0,0,3.5857696138334796,0
06983,1212,tempo,233,0,0,0,5.124777082093725,0
06983,1212,rubato,233,0,4,0,7.77046273376913,0
06983,1212,dynamics,233,0,0,0,3.4337711391535772,0
06983,1212,articulation,233,0,1,0,6.572179897644633,0
06983,1212,pedal_depth,233,0,0,0,5.4074080962442235,0
06983,1212,pedal_down_ratio,233,0,0,0,3.204914984456467,0
06983,1212,pedal_changes,233,0,0,0,4.302923536600176,0
06984,1212,tempo,233,0,0,0,5.178150403369709,0
06984,1212,rubato,233,0,5,0,7.904307521627187,0
06984,1212,dynamics,233,0,0,0,3.679040506235975,0
06984,1212,articulation,233,0,3,2,20.3551287467221,0
06984,1212,pedal_depth,233,0,0,0,5.051119450381994,0
06984,1212,pedal_down_ratio,233,0,0,0,2.9853337434887073,0
06984,1212,pedal_changes,233,0,0,0,4.302923536600176,0
06985,1212,tempo,233,0,1,0,7.156263451843992,0
06985,1212,rubato,233,0,5,1,11.661928687318062,0
06985,1212,dynamics,233,0,0,0,3.556405822694776,0
06985,1212,articulation,233,0,4,1,12.210088758123455,0
06985,1212,pedal_depth,233,0,2,0,7.4059152669518715,0
06985,1212,pedal_down_ratio,233,0,0,0,3.215038496582719,0
06985,1212,pedal_changes,233,0,0,0,4.302923536600176,0
06986,1212,tempo,232,1,2,0,6.706024692523944,0
06986,1212,rubato,232,1,7,1,10.3139871182526,0
06986,1212,dynamics,233,0,0,0,2.224456898677863,0
06986,1212,articulation,233,0,4,2,22.78116511165216,0
06986,1212,pedal_depth,233,0,0,0,2.5917890139152275,0
06986,1212,pedal_down_ratio,233,0,0,0,3.2457861194111906,0
06986,1212,pedal_changes,233,0,0,0,3.2271926524501318,0
06989,1212,tempo,233,0,1,0,7.041771790263081,0
06989,1212,rubato,233,0,7,1,11.47635625511647,0
06989,1212,dynamics,233,0,0,0,5.751566658082242,0
06989,1212,articulation,232,1,11,3,11.897801471447764,0
06989,1212,pedal_depth,233,0,0,0,2.8782073932838115,0
06989,1212,pedal_down_ratio,233,0,0,0,3.222675956345389,0
06989,1212,pedal_changes,233,0,0,0,4.302923536600176,0
06990,1212,tempo,233,0,1,0,6.510128483698759,0
06990,1212,rubato,233,0,8,1,11.02295544278897,0
06990,1212,dynamics,233,0,0,0,4.200237911286073,0
06990,1212,articulation,233,0,1,0,6.277492009584937,0
06990,1212,pedal_depth,233,0,0,0,3.3570573331834574,0
06990,1212,pedal_down_ratio,233,0,0,0,3.2312725661957136,0
06990,1212,pedal_changes,233,0,0,0,3.5857696138334796,0
06992,1212,tempo,233,0,1,0,6.109133218475767,0
06992,1212,rubato,233,0,6,1,11.472029468688932,0
06992,1212,dynamics,233,0,0,0,2.8778272404334753,0
06992,1212,articulation,231,2,6,3,19.116599747398126,0
06992,1212,pedal_depth,233,0,0,0,3.006083819455795,0
06992,1212,pedal_down_ratio,233,0,0,0,2.920091331801261,0
06992,1212,pedal_changes,233,0,0,0,2.8686156910667835,0
06995,1212,tempo,233,0,2,0,6.61491463253356,0
06995,1212,rubato,233,0,8,2,10.952574796669348,0
06995,1212,dynamics,233,0,0,0,4.874728670762667,0
06995,1212,articulation,232,1,4,1,22.413435098357542,0
06995,1212,pedal_depth,233,0,0,0,4.883339319189996,0
06995,1212,pedal_down_ratio,233,0,0,0,3.1710080758293144,0
06995,1212,pedal_changes,233,0,0,0,3.5857696138334796,0
07064,1214,tempo,1353,0,84,28,38.25719847207051,0
07064,1214,rubato,1353,0,82,27,37.83855395118899,0
07064,1214,dynamics,1311,42,0,0,4.932213678672602,0
07064,1214,articulation,1301,52,14,4,11.790424683128835,0
07064,1214,pedal_depth,1353,0,0,0,4.2765976053331,0
07064,1214,pedal_down_ratio,1353,0,0,0,2.182123928632198,0
07064,1214,pedal_changes,1353,0,1,0,6.090708091603233,0
07066,1214,tempo,1353,0,84,28,38.25719847207051,0
07066,1214,rubato,1353,0,82,27,37.83855395118899,0
07066,1214,dynamics,1311,42,0,0,4.932213678672602,0
07066,1214,articulation,1301,52,14,4,11.790424683128833,0
07066,1214,pedal_depth,1353,0,0,0,4.2765976053331,0
07066,1214,pedal_down_ratio,1353,0,0,0,2.182123928632198,0
07066,1214,pedal_changes,1353,0,1,0,6.090708091603233,0
07096,1215,tempo,80,0,0,0,5.322872471479089,0
07096,1215,rubato,80,0,1,1,10.40517590890952,0
07096,1215,dynamics,79,1,0,0,3.6308327285102,0
07096,1215,articulation,74,6,3,2,11.467465803355696,0
07096,1215,pedal_depth,80,0,0,0,2.0228111519372085,0
07096,1215,pedal_down_ratio,80,0,0,0,3.7373466141080205,0
07096,1215,pedal_changes,80,0,0,0,4.113763602704615,0
07097,1215,tempo,80,0,0,0,2.839904999816458,0
07097,1215,rubato,80,0,0,0,4.355098758217378,0
07097,1215,dynamics,78,2,0,0,3.1784666836466338,0
07097,1215,articulation,75,5,0,0,3.8503235629778856,0
07097,1215,pedal_depth,80,0,0,0,3.512839482167897,0
07097,1215,pedal_down_ratio,80,0,0,0,3.7949742776396618,0
07097,1215,pedal_changes,80,0,0,0,3.0853227020284613,0
07098,1215,tempo,80,0,1,0,6.150616253019326,0
07098,1215,rubato,80,0,3,1,11.181548252208424,0
07098,1215,dynamics,79,1,0,0,2.7856224867914303,0
07098,1215,articulation,75,5,3,0,8.20500403384982,0
07098,1215,pedal_depth,80,0,0,0,5.977889175078126,0
07098,1215,pedal_down_ratio,80,0,0,0,3.62372654968636,0
07098,1215,pedal_changes,80,0,0,0,2.4976421873563734,0
07099,1215,tempo,80,0,0,0,2.9273143887736035,0
07099,1215,rubato,80,0,0,0,4.509054027067613,0
07099,1215,dynamics,79,1,0,0,3.642737098111871,0
07099,1215,articulation,75,5,1,0,6.939638181559219,0
07099,1215,pedal_depth,80,0,0,0,3.4788021155171447,0
07099,1215,pedal_down_ratio,80,0,0,0,3.5740050263788143,0
07099,1215,pedal_changes,80,0,0,0,2.4976421873563734,0
07101,1215,tempo,80,0,0,0,2.7043960035844883,0
07101,1215,rubato,80,0,0,0,5.560362534245789,0
07101,1215,dynamics,78,2,0,0,2.342326437814855,0
07101,1215,articulation,75,5,0,0,4.707280876575489,0
07101,1215,pedal_depth,80,0,4,0,7.127628038729721,0
07101,1215,pedal_down_ratio,80,0,0,0,3.8077519688101344,0
07101,1215,pedal_changes,80,0,0,0,2.938402573360439,0
07110,1215,tempo,80,0,0,0,4.921339279731404,0
07110,1215,rubato,80,0,2,0,7.955994695354795,0
07110,1215,dynamics,79,1,0,0,3.15703881836362,0
07110,1215,articulation,77,3,3,1,16.877147984797347,0
07110,1215,pedal_depth,80,0,0,0,3.196269178513416,0
07110,1215,pedal_down_ratio,80,0,0,0,3.7419511463628106,0
07110,1215,pedal_changes,80,0,0,0,3.673003216700549,0
07112,1215,tempo,80,0,0,0,3.7382847141479743,0
07112,1215,rubato,80,0,1,0,6.677297867700354,0
07112,1215,dynamics,79,1,0,0,3.7284485592439136,0
07112,1215,articulation,75,5,3,1,11.929549019474475,0
07112,1215,pedal_depth,80,0,0,0,4.448940087349117,0
07112,1215,pedal_down_ratio,80,0,0,0,3.8060772010546726,0
07112,1215,pedal_changes,80,0,0,0,2.0568818013523074,0
07113,1215,tempo,80,0,0,0,2.7058338876426187,0
07113,1215,rubato,80,0,0,0,4.778411085039635,0
07113,1215,dynamics,79,1,0,0,3.64273709811187,0
07113,1215,articulation,74,6,1,0,8.194368638491245,0
07113,1215,pedal_depth,80,0,0,0,3.246008408856135,0
07113,1215,pedal_down_ratio,80,0,0,0,3.8077519688101344,0
07113,1215,pedal_changes,80,0,0,0,3.526083088032527,0
07114,1215,tempo,80,0,0,0,3.5450610056799774,0
07114,1215,rubato,80,0,0,0,5.0569459641812085,0
07114,1215,dynamics,79,1,0,0,2.4427766422632535,0
07114,1215,articulation,74,6,0,0,4.738453384940252,0
07114,1215,pedal_depth,80,0,0,0,5.65089470629663,0
07114,1215,pedal_down_ratio,80,0,0,0,3.121650062739812,0
07114,1215,pedal_changes,80,0,0,0,3.526083088032527,0
07116,1215,tempo,80,0,0,0,3.3386659419491274,0
07116,1215,rubato,80,0,0,0,5.45752651103244,0
07116,1215,dynamics,79,1,0,0,3.6635697449147986,0
07116,1215,articulation,75,5,1,0,6.000500110608082,0
07116,1215,pedal_depth,80,0,0,0,3.628120808318076,0
07116,1215,pedal_down_ratio,80,0,0,0,3.7662623029294964,0
07116,1215,pedal_changes,80,0,0,0,4.7014441173767025,0
07117,1215,tempo,80,0,0,0,2.418433412033653,0
07117,1215,rubato,80,0,0,0,5.339804048518069,0
07117,1215,dynamics,79,1,0,0,5.202209515931005,0
07117,1215,articulation,76,4,1,0,9.099320972539584,0
07117,1215,pedal_depth,80,0,0,0,2.8665670744739513,0
07117,1215,pedal_down_ratio,80,0,0,0,3.2102647426404483,0
07117,1215,pedal_changes,80,0,0,0,5.876805146720878,0
07120,1215,tempo,80,0,0,0,2.8175143441809776,0
07120,1215,rubato,80,0,0,0,4.406629263597998,0
07120,1215,dynamics,79,1,0,0,2.0237428322843725,0
07120,1215,articulation,75,5,0,0,4.736566869781985,0
07120,1215,pedal_depth,80,0,0,0,5.027521420399926,0
07120,1215,pedal_down_ratio,80,0,0,0,3.1208175359228076,0
07120,1215,pedal_changes,80,0,0,0,4.554523988708681,0
07121,1215,tempo,80,0,0,0,2.793312080774834,0
07121,1215,rubato,80,0,0,0,3.535547432492676,0
07121,1215,dynamics,79,1,0,0,2.499917616351284,0
07121,1215,articulation,75,5,0,0,5.0381544470469715,0
07121,1215,pedal_depth,80,0,0,0,3.160979045449655,0
07121,1215,pedal_down_ratio,80,0,0,0,3.1208175359228076,0
07121,1215,pedal_changes,80,0,0,0,3.379162959364505,0
07122,1215,tempo,80,0,0,0,4.473006844351408,0
07122,1215,rubato,80,0,1,0,6.283333031164032,0
07122,1215,dynamics,79,1,0,0,3.418538137280367,0
07122,1215,articulation,76,4,2,1,18.347980480727294,0
07122,1215,pedal_depth,80,0,0,0,5.085104554714761,0
07122,1215,pedal_down_ratio,80,0,0,0,3.1917354551835486,0
07122,1215,pedal_changes,80,0,0,0,2.938402573360439,0
07123,1215,tempo,80,0,0,0,5.033353657714751,0
07123,1215,rubato,80,0,3,0,7.118989088832446,0
07123,1215,dynamics,77,3,0,0,2.9344271068123406,0
07123,1215,articulation,75,5,2,1,17.637194233215517,0
07123,1215,pedal_depth,80,0,0,0,5.18544432666946,0
07123,1215,pedal_down_ratio,80,0,0,0,3.8077519688101344,0
07123,1215,pedal_changes,80,0,0,0,2.644562316024395,0
07128,1215,tempo,80,0,0,0,4.342133655704452,0
07128,1215,rubato,80,0,0,0,5.222901509244138,0
07128,1215,dynamics,78,2,0,0,2.595152573164665,0
07128,1215,articulation,74,6,0,0,5.4792975429199595,0
07128,1215,pedal_depth,80,0,0,0,2.169241920964529,0
07128,1215,pedal_down_ratio,80,0,0,0,3.7310912956637523,0
07128,1215,pedal_changes,80,0,0,0,2.2038019300203295,0
07131,1215,tempo,80,0,0,0,4.174854134048363,0
07131,1215,rubato,80,0,1,0,6.363527258030238,0
07131,1215,dynamics,79,1,0,0,4.292375553517442,0
07131,1215,articulation,74,6,1,0,8.327001946305383,0
07131,1215,pedal_depth,80,0,0,0,2.0875639126586627,0
07131,1215,pedal_down_ratio,80,0,0,0,3.7020910624985497,0
07131,1215,pedal_changes,80,0,0,0,2.7914824446924174,0
07132,1215,tempo,80,0,1,0,7.530921242206769,0
07132,1215,rubato,80,0,2,1,11.965765271456268,0
07132,1215,dynamics,78,2,0,0,4.2049575010540305,0
07132,1215,articulation,74,6,2,1,18.382940791663422,0
07132,1215,pedal_depth,80,0,0,0,1.591565591123119,0
07132,1215,pedal_down_ratio,80,0,0,0,3.162941480999552,0
07132,1215,pedal_changes,80,0,0,0,2.0568818013523074,0
07133,1215,tempo,80,0,1,0,9.883300195494177,0
07133,1215,rubato,80,0,2,1,15.556247029260843,0
07133,1215,dynamics,78,2,0,0,4.398664567818091,0
07133,1215,articulation,74,6,1,0,8.5300820740502,0
07133,1215,pedal_depth,80,0,0,0,1.9805623811352544,0
07133,1215,pedal_down_ratio,80,0,0,0,3.798743239159485,0
07133,1215,pedal_changes,80,0,0,0,5.28912463204879,0
07134,1215,tempo,80,0,0,0,3.89291131284304,0
07134,1215,rubato,80,0,0,0,5.6502201391880975,0
07134,1215,dynamics,79,1,0,0,4.027307677767529,0
07134,1215,articulation,77,3,3,0,8.82864466711272,0
07134,1215,pedal_depth,80,0,0,0,2.2985429721405293,0
07134,1215,pedal_down_ratio,80,0,0,0,2.9702443119650392,0
07134,1215,pedal_changes,80,0,0,0,3.379162959364505,0
07159,1217,tempo,143,0,1,0,6.636117748538144,0
07159,1217,rubato,143,0,6,1,13.298132676413179,0
07159,1217,dynamics,142,1,0,0,3.4289416438805005,0
07159,1217,articulation,142,1,3,0,8.047826042381736,0
07159,1217,pedal_depth,143,0,1,0,6.908394160119198,0
07159,1217,pedal_down_ratio,143,0,0,0,3.5226316299925844,0
07159,1217,pedal_changes,143,0,0,0,4.678683011940399,0
07160,1217,tempo,143,0,1,0,7.736164709547964,0
07160,1217,rubato,143,0,5,1,11.321372147102803,0
07160,1217,dynamics,142,1,0,0,2.9080460822849736,0
07160,1217,articulation,142,1,1,0,7.671631690420183,0
07160,1217,pedal_depth,143,0,0,0,2.5078634731152976,0
07160,1217,pedal_down_ratio,143,0,0,0,3.4989388377265143,0
07160,1217,pedal_changes,143,0,0,0,3.402678554138472,0
07161,1217,tempo,142,1,2,1,23.632973455382484,0
07161,1217,rubato,142,1,10,2,46.70286348750576,0
07161,1217,dynamics,141,2,0,0,3.0715589936732375,0
07161,1217,articulation,141,2,3,1,24.545773538963616,0
07161,1217,pedal_depth,143,0,0,0,2.137780008125991,0
07161,1217,pedal_down_ratio,143,0,0,0,3.4294654466770833,0
07161,1217,pedal_changes,143,0,0,0,3.828013373405781,0
07162,1217,tempo,143,0,1,0,6.349138743257814,0
07162,1217,rubato,143,0,2,0,9.61129042534947,0
07162,1217,dynamics,142,1,0,0,2.807402850433651,0
07162,1217,articulation,142,1,1,0,8.677640638798422,0
07162,1217,pedal_depth,143,0,0,0,2.310697772256439,0
07162,1217,pedal_down_ratio,143,0,0,0,3.5226316299925844,0
07162,1217,pedal_changes,143,0,0,0,3.402678554138472,0
07163,1217,tempo,143,0,2,1,22.69500368022487,0
07163,1217,rubato,143,0,4,2,43.27628324463854,0
07163,1217,dynamics,142,1,0,0,2.1249779201512964,0
07163,1217,articulation,142,1,3,0,9.92631113800712,0
07163,1217,pedal_depth,143,0,0,0,4.932619828915097,0
07163,1217,pedal_down_ratio,143,0,0,0,3.4752219233605555,0
07163,1217,pedal_changes,143,0,0,0,2.977343734871163,0
07164,1217,tempo,143,0,3,1,14.624147100479473,0
07164,1217,rubato,143,0,4,4,28.166761925814352,0
07164,1217,dynamics,142,1,0,0,2.2505447972511465,0
07164,1217,articulation,142,1,3,1,19.29938482812178,0
07164,1217,pedal_depth,143,0,0,0,3.276824985734408,0
07164,1217,pedal_down_ratio,143,0,0,0,3.440031401118958,0
07164,1217,pedal_changes,143,0,0,0,3.402678554138472,0
07165,1217,tempo,143,0,2,1,21.50657015901037,0
07165,1217,rubato,143,0,6,3,40.63578185713655,0
07165,1217,dynamics,142,1,0,0,2.6665713186314166,0
07165,1217,articulation,142,1,1,0,8.889767517862886,0
07165,1217,pedal_depth,143,0,0,0,2.4829059837331333,0
07165,1217,pedal_down_ratio,143,0,0,0,3.5226316299925844,0
07165,1217,pedal_changes,143,0,0,0,3.6153459637721266,0
07166,1217,tempo,143,0,1,1,15.398956887041168,0
07166,1217,rubato,143,0,2,1,28.24499971287491,0
07166,1217,dynamics,142,1,0,0,2.475116327448954,0
07166,1217,articulation,142,1,0,0,4.381926570246831,0
07166,1217,pedal_depth,143,0,2,0,7.1926978104232955,0
07166,1217,pedal_down_ratio,143,0,0,0,3.516731074498449,0
07166,1217,pedal_changes,143,0,0,0,2.552008915603854,0
07167,1217,tempo,142,1,0,0,5.207775431104159,0
07167,1217,rubato,142,1,5,1,11.162187246766631,0
07167,1217,dynamics,142,1,0,0,3.2679584681114644,0
07167,1217,articulation,142,1,2,1,12.04013338245533,0
07167,1217,pedal_depth,143,0,0,0,1.7850596576178193,0
07167,1217,pedal_down_ratio,143,0,0,0,3.478958335727997,0
07167,1217,pedal_changes,143,0,0,0,4.678683011940399,0
07168,1217,tempo,142,1,1,0,7.158074714963284,0
07168,1217,rubato,142,1,6,2,11.908026252023726,0
07168,1217,dynamics,143,0,1,0,6.036869091338912,0
07168,1217,articulation,143,0,4,2,13.25650898134779,0
07168,1217,pedal_depth,143,0,0,0,2.779040005839886,0
07168,1217,pedal_down_ratio,143,0,0,0,3.513800766041722,0
07168,1217,pedal_changes,143,0,0,0,4.25334819267309,0
07169,1217,tempo,143,0,2,0,7.522814905034834,0
07169,1217,rubato,143,0,6,2,12.241624838118437,0
07169,1217,dynamics,142,1,0,0,2.057364986328301,0
07169,1217,articulation,142,1,2,0,7.345496188795996,0
07169,1217,pedal_depth,143,0,1,0,7.1926978104232955,0
07169,1217,pedal_down_ratio,143,0,0,0,3.4712637313267303,0
07169,1217,pedal_changes,143,0,0,0,3.402678554138472,0
07170,1217,tempo,143,0,0,0,5.144415999761251,0
07170,1217,rubato,143,0,7,0,8.982591016333958,0
07170,1217,dynamics,143,0,0,0,1.833504885276071,0
07170,1217,articulation,143,0,0,0,4.553863284750339,0
07170,1217,pedal_depth,143,0,0,0,2.6864599022724396,0
07170,1217,pedal_down_ratio,143,0,0,0,3.5039047055108217,0
07170,1217,pedal_changes,143,0,0,0,2.3393415059701996,0
07171,1217,tempo,143,0,0,0,5.532337789300027,0
07171,1217,rubato,143,0,8,0,9.051487721396867,0
07171,1217,dynamics,142,1,0,0,1.706019205212377,0
07171,1217,articulation,142,1,1,1,11.433391479594919,0
07171,1217,pedal_depth,143,0,0,0,1.9755099528969744,0
07171,1217,pedal_down_ratio,143,0,0,0,2.11344812322525,0
07171,1217,pedal_changes,143,0,0,0,2.552008915603854,0
07172,1217,tempo,142,1,0,0,5.364617861282647,0
07172,1217,rubato,142,1,4,0,8.505838937015668,0
07172,1217,dynamics,143,0,0,0,3.466887678168916,0
07172,1217,articulation,143,0,2,1,13.06625829716333,0
07172,1217,pedal_depth,143,0,3,0,7.1926978104232955,0
07172,1217,pedal_down_ratio,143,0,0,0,3.4933809043713477,0
07172,1217,pedal_changes,143,0,0,0,2.552008915603854,0
07173,1217,tempo,143,0,3,0,7.546415650465672,0
07173,1217,rubato,143,0,12,3,12.628937220339354,0
07173,1217,dynamics,142,1,0,0,2.547558756545021,0
07173,1217,articulation,142,1,1,1,10.112119025117025,0
07173,1217,pedal_depth,143,0,2,0,7.1926978104232955,0
07173,1217,pedal_down_ratio,143,0,0,0,3.5226316299925844,0
07173,1217,pedal_changes,143,0,0,0,3.402678554138472,0
07177,1217,tempo,143,0,3,0,7.078208329825998,0
07177,1217,rubato,143,0,11,4,11.823321179583736,0
07177,1217,dynamics,142,1,0,0,4.55662879014261,0
07177,1217,articulation,142,1,2,1,10.241575197249531,0
07177,1217,pedal_depth,143,0,1,0,7.1926978104232955,0
07177,1217,pedal_down_ratio,143,0,0,0,3.4712637313267303,0
07177,1217,pedal_changes,143,0,0,0,2.552008915603854,0
07179,1217,tempo,142,1,1,0,7.182096134167063,0
07179,1217,rubato,142,1,3,1,12.794129172800186,0
07179,1217,dynamics,142,1,0,0,2.696065736191958,0
07179,1217,articulation,142,1,2,0,7.426414372394083,0
07179,1217,pedal_depth,143,0,3,0,7.1926978104232955,0
07179,1217,pedal_down_ratio,143,0,0,0,3.4712637313267303,0
07179,1217,pedal_changes,143,0,0,0,3.402678554138472,0
07180,1217,tempo,143,0,1,0,6.71255857496453,0
07180,1217,rubato,143,0,8,1,10.68786830100738,0
07180,1217,dynamics,143,0,0,0,4.570772312013749,0
07180,1217,articulation,143,0,1,0,6.147562939870432,0
07180,1217,pedal_depth,143,0,0,0,2.265440732427684,0
07180,1217,pedal_down_ratio,143,0,0,0,3.5226316299925844,0
07180,1217,pedal_changes,143,0,0,0,2.977343734871163,0
07182,1217,tempo,142,1,1,0,6.812589669233466,0
07182,1217,rubato,142,1,6,2,13.803225616330797,0
07182,1217,dynamics,141,2,0,0,3.327522243146008,0
07182,1217,articulation,141,2,1,0,6.0849613454457385,0
07182,1217,pedal_depth,143,0,1,0,6.838728312500664,0
07182,1217,pedal_down_ratio,143,0,0,0,3.4663203359899804,0
07182,1217,pedal_changes,143,0,0,0,3.828013373405781,0
07183,1217,tempo,142,1,1,1,14.043951012610579,0
07183,1217,rubato,142,1,7,1,27.72264969588212,0
07183,1217,dynamics,142,1,0,0,2.615171690368016,0
07183,1217,articulation,141,2,1,1,14.521296336746111,0
07183,1217,pedal_depth,143,0,0,0,2.878943150131249,0
07183,1217,pedal_down_ratio,143,0,0,0,3.513800766041722,0
07183,1217,pedal_changes,143,0,0,0,4.25334819267309,0
00428,121,tempo,361,0,4,0,7.123069143827818,0
00428,121,rubato,361,0,4,0,8.831733021788889,0
00428,121,dynamics,360,1,0,0,5.305385586208337,0
00428,121,articulation,360,1,3,1,11.552151533531259,0
00428,121,pedal_depth,361,0,0,0,4.2184536712153555,0
00428,121,pedal_down_ratio,361,0,0,0,4.6473484070268265,0
00428,121,pedal_changes,361,0,0,0,5.454210993672648,0
00429,121,tempo,361,0,5,0,8.846633066201719,0
00429,121,rubato,361,0,7,0,9.766225761361452,0
00429,121,dynamics,361,0,0,0,4.154472069239886,0
00429,121,articulation,361,0,4,1,16.71659722573412,0
00429,121,pedal_depth,361,0,0,0,4.272947650254117,0
00429,121,pedal_down_ratio,361,0,0,0,4.6473484070268265,0
00429,121,pedal_changes,361,0,0,0,5.713935326704679,0
00430,121,tempo,361,0,3,0,7.680495913599247,0
00430,121,rubato,361,0,4,0,8.779032593671577,0
00430,121,dynamics,360,1,0,0,3.812339075302485,0
00430,121,articulation,359,2,5,1,24.42273932785273,0
00430,121,pedal_depth,361,0,0,0,4.272947650254117,0
00430,121,pedal_down_ratio,361,0,0,0,4.6473484070268265,0
00430,121,pedal_changes,361,0,0,0,5.454210993672648,0
00431,121,tempo,361,0,3,0,6.719036774876947,0
00431,121,rubato,361,0,3,0,7.82572099225338,0
00431,121,dynamics,360,1,0,0,4.740985773132578,0
00431,121,articulation,359,2,5,0,7.126637734227083,0
00431,121,pedal_depth,361,0,0,0,1.9592286547738293,0
00431,121,pedal_down_ratio,361,0,0,0,4.50239943005241,0
00431,121,pedal_changes,361,0,0,0,4.675037994576555,0
00432,121,tempo,361,0,3,0,8.507108765299861,0
00432,121,rubato,361,0,5,1,10.220243756283962,0
00432,121,dynamics,360,1,4,0,6.690015927606753,0
00432,121,articulation,360,1,4,2,16.265294648578074,0
00432,121,pedal_depth,361,0,0,0,5.379662919965322,0
00432,121,pedal_down_ratio,361,0,0,0,4.6473484070268265,0
00432,121,pedal_changes,361,0,0,0,4.675037994576555,0
00433,121,tempo,361,0,2,0,7.465299479497483,0
00433,121,rubato,361,0,4,0,7.957449402751423,0
00433,121,dynamics,360,1,4,0,7.820182718569205,0
00433,121,articulation,360,1,3,0,9.888986787001668,0
00433,121,pedal_depth,361,0,0,0,5.078290522138033,0
00433,121,pedal_down_ratio,361,0,0,0,4.532071944742787,0
00433,121,pedal_changes,361,0,0,0,3.8958649954804625,0
00434,121,tempo,361,0,0,0,5.677803643461907,0
00434,121,rubato,361,0,1,0,6.526986273586324,0
00434,121,dynamics,361,0,2,0,8.015687286533437,0
00434,121,articulation,361,0,5,1,24.900427257208577,0
00434,121,pedal_depth,361,0,0,0,5.603923494954542,0
00434,121,pedal_down_ratio,361,0,0,0,4.6473484070268265,0
00434,121,pedal_changes,361,0,1,0,6.23338399276874,0
00435,121,tempo,360,1,3,0,9.702434170263691,0
00435,121,rubato,360,1,4,0,9.914526727643526,0
00435,121,dynamics,360,1,2,0,6.016819091969082,0
00435,121,articulation,360,1,5,2,12.103759924947871,0
00435,121,pedal_depth,361,0,0,0,4.466412736402665,0
00435,121,pedal_down_ratio,361,0,0,0,4.6473484070268265,0
00435,121,pedal_changes,361,0,0,0,3.11669199638437,0
07232,1221,tempo,1046,0,23,0,9.861191618973255,0
07232,1221,rubato,1046,0,54,8,13.241845753490455,0
07232,1221,dynamics,1001,45,0,0,3.8339474749195883,0
07232,1221,articulation,995,51,9,2,21.765847266671326,0
07232,1221,pedal_depth,1046,0,0,0,4.1068396119081685,0
07232,1221,pedal_down_ratio,1046,0,0,0,2.5614110063267685,0
07232,1221,pedal_changes,1046,0,0,0,4.973395196270894,0
07234,1221,tempo,1041,5,19,2,19.005282407453226,0
07234,1221,rubato,1041,5,43,9,31.401482789639832,0
07234,1221,dynamics,998,48,0,0,3.4789523383529617,0
07234,1221,articulation,996,50,8,3,23.702403147318417,0
07234,1221,pedal_depth,1046,0,0,0,4.401263674845762,0
07234,1221,pedal_down_ratio,1046,0,0,0,2.5614110063267685,0
07234,1221,pedal_changes,1046,0,1,0,6.216743995338618,0
07236,1221,tempo,1046,0,18,2,13.610227788870848,0
07236,1221,rubato,1046,0,44,10,18.372986467573142,0
07236,1221,dynamics,1000,46,0,0,4.969931911932802,0
07236,1221,articulation,996,50,7,1,12.304519419409827,0
07236,1221,pedal_depth,1046,0,0,0,5.045545808915907,0
07236,1221,pedal_down_ratio,1046,0,0,0,2.5614110063267685,0
07236,1221,pedal_changes,1046,0,0,0,4.973395196270894,0
07238,1221,tempo,1046,0,23,0,9.908147144065177,0
07238,1221,rubato,1046,0,43,7,12.939085971863305,0
07238,1221,dynamics,1000,46,0,0,4.543937748052848,0
07238,1221,articulation,998,48,8,2,12.699901077655435,0
07238,1221,pedal_depth,1046,0,0,0,4.401263674845762,0
07238,1221,pedal_down_ratio,1046,0,0,0,2.5614110063267685,0
07238,1221,pedal_changes,1046,0,0,0,4.973395196270894,0
07239,1221,tempo,1046,0,28,2,10.479503577157798,0
07239,1221,rubato,1046,0,55,14,14.278614441425553,0
07239,1221,dynamics,1002,44,0,0,3.762948447606264,0
07239,1221,articulation,995,51,9,4,24.678550327468233,0
07239,1221,pedal_depth,1046,0,0,0,4.401263674845762,0
07239,1221,pedal_down_ratio,1046,0,0,0,2.5614110063267685,0
07239,1221,pedal_changes,1046,0,0,0,5.595069595804756,0
07241,1221,tempo,1046,0,14,1,11.196915157957744,0
07241,1221,rubato,1046,0,37,12,17.33806709348244,0
07241,1221,dynamics,1003,43,0,0,2.662463524249714,0
07241,1221,articulation,997,49,10,1,13.390298661296649,0
07241,1221,pedal_depth,1046,0,0,0,3.6374865134046233,0
07241,1221,pedal_down_ratio,1046,0,0,0,2.5614110063267685,0
07241,1221,pedal_changes,1046,0,1,0,6.216743995338618,0
07242,1221,tempo,1046,0,12,1,18.142260198968902,0
07242,1221,rubato,1046,0,34,12,29.575116313768884,0
07242,1221,dynamics,1002,44,0,0,3.7730911657938817,0
07242,1221,articulation,999,47,10,3,14.286954810099335,0
07242,1221,pedal_depth,1046,0,0,0,4.224177886534447,0
07242,1221,pedal_down_ratio,1046,0,0,0,2.5614110063267685,0
07242,1221,pedal_changes,1046,0,0,0,4.973395196270894,0
07243,1221,tempo,1046,0,18,1,13.750057181510964,0
07243,1221,rubato,1046,0,43,12,21.337869855345488,0
07243,1221,dynamics,1003,43,0,0,3.1870674482870673,0
07243,1221,articulation,999,47,7,1,16.322798645501734,0
07243,1221,pedal_depth,1046,0,0,0,3.6374865134046233,0
07243,1221,pedal_down_ratio,1046,0,0,0,2.5614110063267685,0
07243,1221,pedal_changes,1046,0,1,0,6.216743995338618,0
07244,1221,tempo,1046,0,8,1,13.546192767707801,0
07244,1221,rubato,1046,0,39,7,21.48080350540903,0
07244,1221,dynamics,1001,45,0,0,3.78424815580026,0
07244,1221,articulation,999,47,6,4,13.688330342973774,0
07244,1221,pedal_depth,1046,0,0,0,4.458119973944656,0
07244,1221,pedal_down_ratio,1046,0,0,0,2.5614110063270976,0
07244,1221,pedal_changes,1046,0,0,0,4.973395196270894,0
07245,1221,tempo,1046,0,7,0,7.4639343350948995,0
07245,1221,rubato,1046,0,33,7,11.806555449132201,0
07245,1221,dynamics,1002,44,0,0,4.170009537536,0
07245,1221,articulation,996,50,3,1,15.581178696255508,0
07245,1221,pedal_depth,1046,0,0,0,4.576192710412037,0
07245,1221,pedal_down_ratio,1046,0,0,0,2.5614110063267685,0
07245,1221,pedal_changes,1046,0,0,0,3.7300463972031705,0
07246,1221,tempo,1046,0,8,2,12.4614612886104,0
07246,1221,rubato,1046,0,32,6,19.785718909450424,0
07246,1221,dynamics,1004,42,1,0,6.141415862602676,0
07246,1221,articulation,1000,46,2,0,9.358127828971648,0
07246,1221,pedal_depth,1046,0,0,0,4.517523573099303,0
07246,1221,pedal_down_ratio,1046,0,0,0,2.5614110063267685,0
07246,1221,pedal_changes,1046,0,0,0,4.973395196270894,0
07247,1221,tempo,1045,1,7,0,8.758802212352027,0
07247,1221,rubato,1045,1,37,3,13.50673396663738,0
07247,1221,dynamics,1001,45,0,0,3.5361459992442508,0
07247,1221,articulation,991,55,1,1,14.519561083481268,0
07247,1221,pedal_depth,1046,0,0,0,4.335962731715952,0
07247,1221,pedal_down_ratio,1046,0,0,0,2.5614110063267743,0
07247,1221,pedal_changes,1046,0,0,0,5.595069595804756,0
07248,1221,tempo,1046,0,9,1,10.187720400262625,0
07248,1221,rubato,1046,0,45,7,15.360409664477363,0
07248,1221,dynamics,1003,43,0,0,3.3408986741326054,0
07248,1221,articulation,987,59,7,4,20.98255937743158,0
07248,1221,pedal_depth,1046,0,0,0,4.333161101334471,0
07248,1221,pedal_down_ratio,1046,0,0,0,2.5614110063267685,0
07248,1221,pedal_changes,1046,0,0,0,4.351720796737032,0
07254,1221,tempo,1046,0,18,5,13.938346417868365,0
07254,1221,rubato,1046,0,69,15,22.01425045964443,0
07254,1221,dynamics,997,49,0,0,2.573714740108057,0
07254,1221,articulation,988,58,4,1,10.687838135048576,0
07254,1221,pedal_depth,1046,0,0,0,4.004648262875059,0
07254,1221,pedal_down_ratio,1046,0,0,0,2.5614110063267685,0
07254,1221,pedal_changes,1046,0,0,0,4.973395196270894,0
07256,1221,tempo,1046,0,13,2,13.497128485661257,0
07256,1221,rubato,1046,0,53,8,21.086460134053638,0
07256,1221,dynamics,1000,46,0,0,2.5796313257175036,0
07256,1221,articulation,992,54,3,0,8.428290973398488,0
07256,1221,pedal_depth,1046,0,0,0,3.773215072154291,0
07256,1221,pedal_down_ratio,1046,0,0,0,2.5614110063267685,0
07256,1221,pedal_changes,1046,0,0,0,4.973395196270894,0
07258,1221,tempo,1046,0,14,2,20.869686338717678,0
07258,1221,rubato,1046,0,44,11,34.033525870174465,0
07258,1221,dynamics,998,48,0,0,5.073092891789771,0
07258,1221,articulation,992,54,8,0,9.936149913450464,0
07258,1221,pedal_depth,1046,0,0,0,4.50101177979373,0
07258,1221,pedal_down_ratio,1046,0,0,0,2.5614110063267685,0
07258,1221,pedal_changes,1046,0,0,0,4.973395196270894,0
07259,1221,tempo,1046,0,19,5,21.510999411157904,0
07259,1221,rubato,1046,0,45,16,34.987278270699825,0
07259,1221,dynamics,996,50,0,0,5.215090946416422,0
07259,1221,articulation,992,54,7,5,19.572089095463717,0
07259,1221,pedal_depth,1046,0,0,0,4.50101177979373,0
07259,1221,pedal_down_ratio,1046,0,0,0,2.5614110063267685,0
07259,1221,pedal_changes,1046,0,0,0,4.973395196270894,0
07262,1221,tempo,1046,0,11,1,21.292879808403498,0
07262,1221,rubato,1046,0,45,10,34.63960996109915,0
07262,1221,dynamics,998,48,0,0,5.073092891789771,0
07262,1221,articulation,991,55,7,1,14.171009721403818,0
07262,1221,pedal_depth,1046,0,0,0,4.8646028329688225,0
07262,1221,pedal_down_ratio,1046,0,0,0,2.5614110063267685,0
07262,1221,pedal_changes,1046,0,0,0,4.973395196270894,0
07263,1221,tempo,1046,0,23,5,13.35817626798211,0
07263,1221,rubato,1046,0,61,20,20.643474763589364,0
07263,1221,dynamics,998,48,0,0,2.532298640841951,0
07263,1221,articulation,997,49,12,3,19.79649422774959,0
07263,1221,pedal_depth,1046,0,0,0,5.162884083542151,0
07263,1221,pedal_down_ratio,1046,0,0,0,2.5614110063267685,0
07263,1221,pedal_changes,1046,0,1,0,7.460092794406341,0
07264,1221,tempo,1046,0,11,0,8.168208019763137,0
07264,1221,rubato,1046,0,29,6,12.426839125960848,0
07264,1221,dynamics,1002,44,0,0,3.242288913975208,0
07264,1221,articulation,1000,46,2,0,6.948559210312464,0
07264,1221,pedal_depth,1046,0,0,0,3.8134939253433213,0
07264,1221,pedal_down_ratio,1046,0,0,0,2.5614110063267748,0
07264,1221,pedal_changes,1046,0,0,0,4.973395196270894,0
07267,1221,tempo,1046,0,7,0,7.777722111455203,0
07267,1221,rubato,1046,0,35,7,12.306524614834311,0
07267,1221,dynamics,1000,46,0,0,4.174742806023553,0
07267,1221,articulation,995,51,5,1,11.864330729563783,0
07267,1221,pedal_depth,1046,0,0,0,4.360278510964952,0
07267,1221,pedal_down_ratio,1046,0,0,0,2.5614110063267685,0
07267,1221,pedal_changes,1046,0,0,0,5.595069595804756,0
07269,1221,tempo,1046,0,7,3,17.672030520390834,0
07269,1221,rubato,1046,0,27,7,29.046387715515372,0
07269,1221,dynamics,999,47,0,0,4.046944556859567,0
07269,1221,articulation,994,52,1,0,7.40564155963331,0
07269,1221,pedal_depth,1046,0,0,0,4.041489181344442,0
07269,1221,pedal_down_ratio,1046,0,0,0,2.5614110063267685,0
07269,1221,pedal_changes,1046,0,0,0,4.973395196270894,0
07270,1221,tempo,1046,0,11,2,14.497819869369431,0
07270,1221,rubato,1046,0,32,11,24.114488206441408,0
07270,1221,dynamics,1001,45,0,0,4.117943584172893,0
07270,1221,articulation,993,53,3,1,12.115128234894758,0
07270,1221,pedal_depth,1046,0,0,0,4.041489181344442,0
07270,1221,pedal_down_ratio,1046,0,0,0,2.5614110063267685,0
07270,1221,pedal_changes,1046,0,0,0,5.595069595804756,0
07271,1221,tempo,1046,0,8,1,10.115325207590631,0
07271,1221,rubato,1046,0,20,8,16.380940524870493,0
07271,1221,dynamics,999,47,0,0,3.3227544782636427,0
07271,1221,articulation,988,58,6,1,14.643682291310647,0
07271,1221,pedal_depth,1046,0,0,0,4.282847023847049,0
07271,1221,pedal_down_ratio,1046,0,0,0,2.561411006326779,0
07271,1221,pedal_changes,1046,0,0,0,4.973395196270894,0
07272,1221,tempo,1046,0,6,0,9.881959788839984,0
07272,1221,rubato,1046,0,27,5,16.061958837719022,0
07272,1221,dynamics,1001,45,0,0,3.0813577853983367,0
07272,1221,articulation,993,53,6,2,14.108672685183098,0
07272,1221,pedal_depth,1046,0,0,0,4.810869259663932,0
07272,1221,pedal_down_ratio,1046,0,0,0,2.5614110063267685,0
07272,1221,pedal_changes,1046,0,0,0,4.973395196270894,0
07278,1221,tempo,1046,0,23,2,12.238343070435478,0
07278,1221,rubato,1046,0,52,10,17.701313265915694,0
07278,1221,dynamics,999,47,0,0,4.094277241735117,0
07278,1221,articulation,995,51,13,4,15.039237232153146,0
07278,1221,pedal_depth,1046,0,0,0,4.360278510964952,0
07278,1221,pedal_down_ratio,1046,0,0,0,2.5614110063267685,0
07278,1221,pedal_changes,1046,0,1,0,7.460092794406341,0
07279,1221,tempo,1046,0,4,1,11.595187144880642,0
07279,1221,rubato,1046,0,33,5,16.32943185524871,0
07279,1221,dynamics,1003,43,0,0,3.904946502232916,0
07279,1221,articulation,996,50,7,1,16.598307367263374,0
07279,1221,pedal_depth,1046,0,0,0,4.50101177979373,0
07279,1221,pedal_down_ratio,1046,0,0,0,2.5614110063267685,0
07279,1221,pedal_changes,1046,0,2,0,8.703441593474064,0
07282,1221,tempo,1046,0,7,1,14.28463264247039,0
07282,1221,rubato,1046,0,31,7,20.091170851461523,0
07282,1221,dynamics,1000,46,0,0,3.6919494202929375,0
07282,1221,articulation,998,48,10,1,11.809695198923192,0
07282,1221,pedal_depth,1046,0,0,0,4.50101177979373,0
07282,1221,pedal_down_ratio,1046,0,0,0,2.5614110063267685,0
07282,1221,pedal_changes,1046,0,1,0,7.460092794406341,0
07283,1221,tempo,1046,0,5,1,10.239516555299375,0
07283,1221,rubato,1046,0,24,6,17.44037371868421,0
07283,1221,dynamics,1001,45,0,0,3.9759455295462396,0
07283,1221,articulation,999,47,4,0,8.399536644339852,0
07283,1221,pedal_depth,1046,0,0,0,4.114681059946583,0
07283,1221,pedal_down_ratio,1046,0,0,0,2.561411006326846,0
07283,1221,pedal_changes,1046,0,2,0,6.216743995338618,0
07285,1221,tempo,1046,0,13,1,11.363314556828339,0
07285,1221,rubato,1046,0,46,13,15.875650465347753,0
07285,1221,dynamics,999,47,0,0,4.543937748052847,0
07285,1221,articulation,996,50,9,1,12.270863274085249,0
07285,1221,pedal_depth,1046,0,0,0,4.50101177979373,0
07285,1221,pedal_down_ratio,1046,0,0,0,2.5614110063267685,0
07285,1221,pedal_changes,1046,0,2,0,6.216743995338618,0
07288,1221,tempo,1046,0,8,2,16.000637872439512,0
07288,1221,rubato,1046,0,34,9,25.914087634002318,0
07288,1221,dynamics,999,47,0,0,3.928612844670689,0
07288,1221,articulation,998,48,8,0,9.015582148233165,0
07288,1221,pedal_depth,1046,0,0,0,4.50101177979373,0
07288,1221,pedal_down_ratio,1046,0,0,0,2.5614110063267734,0
07288,1221,pedal_changes,1046,0,2,0,8.703441593474064,0
07289,1221,tempo,1046,0,10,0,8.783641134344483,0
07289,1221,rubato,1046,0,36,6,12.379098101218263,0
07289,1221,dynamics,1003,43,0,0,4.8279338573061485,0
07289,1221,articulation,996,50,3,1,11.37430017206779,0
07289,1221,pedal_depth,1046,0,0,0,4.607627463701987,0
07289,1221,pedal_down_ratio,1046,0,0,0,2.5614110063267685,0
07289,1221,pedal_changes,1046,0,0,0,3.7300463972031705,0
07290,1221,tempo,1046,0,12,0,7.669185928997982,0
07290,1221,rubato,1046,0,44,6,12.254120783934512,0
07290,1221,dynamics,1004,42,0,0,5.111929966559454,0
07290,1221,articulation,997,49,7,1,14.416097200566298,0
07290,1221,pedal_depth,1046,0,0,0,4.607627463701987,0
07290,1221,pedal_down_ratio,1046,0,0,0,2.5614110063267685,0
07290,1221,pedal_changes,1046,0,0,0,3.7300463972031705,0
07295,1221,tempo,1046,0,13,2,11.562406025911791,0
07295,1221,rubato,1046,0,29,8,18.070995567585907,0
07295,1221,dynamics,998,48,0,0,4.949646475557564,0
07295,1221,articulation,992,54,4,1,13.16719623123098,0
07295,1221,pedal_depth,1046,0,0,0,4.2241778865340995,0
07295,1221,pedal_down_ratio,1046,0,0,0,2.5614110063267685,0
07295,1221,pedal_changes,1046,0,0,0,4.973395196270894,0
07296,1221,tempo,1045,1,8,0,7.999550408466259,0
07296,1221,rubato,1045,1,31,6,12.412800077649258,0
07296,1221,dynamics,997,49,0,0,4.685935802679499,0
07296,1221,articulation,992,54,5,1,21.324911622025084,0
07296,1221,pedal_depth,1046,0,0,0,4.2842615933252555,0
07296,1221,pedal_down_ratio,1046,0,0,0,2.5614110063267685,0
07296,1221,pedal_changes,1046,0,1,0,6.216743995338618,0
07297,1221,tempo,1046,0,6,0,9.23129237718044,0
07297,1221,rubato,1046,0,31,4,14.370863159888959,0
07297,1221,dynamics,1001,45,0,0,5.537924130439407,0
07297,1221,articulation,999,47,7,3,15.845401562784742,0
07297,1221,pedal_depth,1046,0,0,0,4.501890872860507,0
07297,1221,pedal_down_ratio,1046,0,0,0,2.5614110063267685,0
07297,1221,pedal_changes,1046,0,0,0,4.973395196270894,0
07299,1221,tempo,1046,0,9,0,8.453619493738579,0
07299,1221,rubato,1046,0,36,6,12.650572044647099,0
07299,1221,dynamics,1001,45,0,0,5.395926075812755,0
07299,1221,articulation,999,47,11,3,16.980333393860356,0
07299,1221,pedal_depth,1046,0,0,0,4.157395966947638,0
07299,1221,pedal_down_ratio,1046,0,0,0,2.5614110063267685,0
07299,1221,pedal_changes,1046,0,0,0,4.351720796737032,0
07302,1222,tempo,727,0,3,0,8.499921543234493,0
07302,1222,rubato,727,0,9,3,13.605439804203929,0
07302,1222,dynamics,613,114,0,0,2.9988150313419832,0
07302,1222,articulation,611,116,5,1,15.317557240162417,0
07302,1222,pedal_depth,727,0,0,0,4.532378772603929,0
07302,1222,pedal_down_ratio,727,0,0,0,2.5339323845079047,0
07302,1222,pedal_changes,727,0,0,0,4.778467189473419,0
07304,1222,tempo,727,0,0,0,5.565295346404115,0
07304,1222,rubato,727,0,7,0,8.35095280360246,0
07304,1222,dynamics,611,116,0,0,2.940585613257673,0
07304,1222,articulation,610,117,7,2,23.009395351519192,0
07304,1222,pedal_depth,727,0,0,0,4.673203149924923,0
07304,1222,pedal_down_ratio,727,0,0,0,2.5339323845079047,0
07304,1222,pedal_changes,727,0,0,0,4.410892790283157,0
07306,1222,tempo,727,0,1,0,7.315745266435219,0
07306,1222,rubato,727,0,7,1,12.271331427278733,0
07306,1222,dynamics,612,115,0,0,2.3291767233724143,0
07306,1222,articulation,610,117,5,3,26.35973679482097,0
07306,1222,pedal_depth,727,0,0,0,4.560610949997835,0
07306,1222,pedal_down_ratio,727,0,0,0,2.5339323845079047,0
07306,1222,pedal_changes,727,0,0,0,4.410892790283157,0
07308,1222,tempo,727,0,1,0,7.327640866445846,0
07308,1222,rubato,727,0,7,1,12.28078961373414,0
07308,1222,dynamics,611,116,0,0,3.280257218749483,0
07308,1222,articulation,607,120,7,3,25.73278516856895,0
07308,1222,pedal_depth,727,0,0,0,5.4918472778549905,0
07308,1222,pedal_down_ratio,727,0,0,0,2.5339323845079047,0
07308,1222,pedal_changes,727,0,0,0,4.410892790283157,0
07309,1222,tempo,727,0,2,0,8.919090082944956,0
07309,1222,rubato,727,0,8,2,14.379287828961994,0
07309,1222,dynamics,611,116,0,0,3.2899621217635353,0
07309,1222,articulation,610,117,5,1,16.34986480163778,0
07309,1222,pedal_depth,727,0,0,0,5.201072469679166,0
07309,1222,pedal_down_ratio,727,0,0,0,2.5339323845079047,0
07309,1222,pedal_changes,727,0,0,0,4.410892790283157,0
07310,1222,tempo,727,0,1,0,7.9452768032490075,0
07310,1222,rubato,727,0,6,1,12.449965092294331,0
07310,1222,dynamics,609,118,0,0,3.5228797941007763,0
07310,1222,articulation,609,118,4,0,7.389027842744844,0
07310,1222,pedal_depth,727,0,0,0,5.201072469679166,0
07310,1222,pedal_down_ratio,727,0,0,0,2.5339323845079047,0
07310,1222,pedal_changes,727,0,0,0,4.410892790283157,0
07314,1222,tempo,727,0,1,0,7.196312572795046,0
07314,1222,rubato,727,0,1,1,12.171660238056516,0
07314,1222,dynamics,615,112,0,0,3.0279297403841388,0
07314,1222,articulation,604,123,4,0,9.929323559501194,0
07314,1222,pedal_depth,727,0,0,0,4.98623123383172,0
07314,1222,pedal_down_ratio,727,0,0,0,2.5339323845079047,0
07314,1222,pedal_changes,727,0,0,0,4.778467189473419,0
07315,1222,tempo,727,0,1,0,7.695991207813824,0
07315,1222,rubato,727,0,2,1,14.051234721722043,0
07315,1222,dynamics,609,118,0,0,2.9260282587365953,0
07315,1222,articulation,603,124,4,1,18.945961389144788,0
07315,1222,pedal_depth,727,0,0,0,4.91545920560035,0
07315,1222,pedal_down_ratio,727,0,0,0,2.5339323845079047,0
07315,1222,pedal_changes,727,0,0,0,4.410892790283157,0
07316,1222,tempo,727,0,3,0,9.187256694005818,0
07316,1222,rubato,727,0,4,3,15.821460040609605,0
07316,1222,dynamics,608,119,0,0,3.042487094905216,0
07316,1222,articulation,605,122,6,2,24.896636678946336,0
07316,1222,pedal_depth,727,0,0,0,4.775863499114791,0
07316,1222,pedal_down_ratio,727,0,0,0,2.5339323845079047,0
07316,1222,pedal_changes,727,0,0,0,4.410892790283157,0
07317,1222,tempo,727,0,0,0,4.860052144819441,0
07317,1222,rubato,727,0,1,0,9.11370498783043,0
07317,1222,dynamics,607,120,0,0,3.3190768308056913,0
07317,1222,articulation,605,122,8,4,18.22183919165449,0
07317,1222,pedal_depth,727,0,0,0,4.670655673271193,0
07317,1222,pedal_down_ratio,727,0,0,0,2.5339323845079047,0
07317,1222,pedal_changes,727,0,0,0,4.410892790283157,0
07318,1222,tempo,727,0,1,0,7.714053185205104,0
07318,1222,rubato,727,0,4,1,13.464917380717859,0
07318,1222,dynamics,609,118,0,0,3.0861591584684502,0
07318,1222,articulation,607,120,5,1,27.866089519866065,0
07318,1222,pedal_depth,727,0,0,0,4.638115251611459,0
07318,1222,pedal_down_ratio,727,0,0,0,2.5339323845079047,0
07318,1222,pedal_changes,727,0,0,0,4.410892790283157,0
07319,1222,tempo,727,0,2,0,8.99172174670265,0
07319,1222,rubato,727,0,4,1,12.938380912237221,0
07319,1222,dynamics,616,111,0,0,2.5620943957096554,0
07319,1222,articulation,612,115,3,1,25.79164736339776,0
07319,1222,pedal_depth,727,0,0,0,4.6549846891288515,0
07319,1222,pedal_down_ratio,727,0,0,0,2.5339323845079047,0
07319,1222,pedal_changes,727,0,0,0,4.410892790283157,0
07320,1222,tempo,727,0,0,0,5.830965001156338,0
07320,1222,rubato,727,0,3,0,9.382616009711255,0
07320,1222,dynamics,613,114,0,0,3.270552315735433,0
07320,1222,articulation,609,118,5,1,11.789272834812536,0
07320,1222,pedal_depth,727,0,0,0,5.333993499340031,0
07320,1222,pedal_down_ratio,727,0,0,0,2.5339323845079047,0
07320,1222,pedal_changes,727,0,0,0,4.410892790283157,0
07321,1222,tempo,727,0,0,0,4.052175352985467,0
07321,1222,rubato,727,0,1,0,7.872765058716362,0
07321,1222,dynamics,613,114,0,0,3.4258307639602608,0
07321,1222,articulation,610,117,3,0,8.766980149488647,0
07321,1222,pedal_depth,727,0,0,0,4.923676106854829,0
07321,1222,pedal_down_ratio,727,0,0,0,2.5339323845079047,0
07321,1222,pedal_changes,727,0,0,0,4.410892790283157,0
07323,1222,tempo,727,0,2,0,7.759385961227248,0
07323,1222,rubato,727,0,4,2,12.633795532042416,0
07323,1222,dynamics,610,117,0,0,3.202617994637069,0
07323,1222,articulation,608,119,1,1,15.024157956298769,0
07323,1222,pedal_depth,727,0,0,0,4.883427358728346,0
07323,1222,pedal_down_ratio,727,0,0,0,2.5339323845079047,0
07323,1222,pedal_changes,727,0,0,0,4.410892790283157,0
07324,1222,tempo,727,0,3,0,9.763359021849997,0
07324,1222,rubato,727,0,4,1,14.39588173799655,0
07324,1222,dynamics,609,118,0,0,2.8920610981874155,0
07324,1222,articulation,608,119,1,1,15.509549320253628,0
07324,1222,pedal_depth,727,0,0,0,4.560610949997835,0
07324,1222,pedal_down_ratio,727,0,0,0,2.5339323845079047,0
07324,1222,pedal_changes,727,0,0,0,4.043318391092893,0
07325,1222,tempo,727,0,1,0,7.305113818501211,0
07325,1222,rubato,727,0,2,1,12.28524274058186,0
07325,1222,dynamics,616,111,0,0,3.4937650850586213,0
07325,1222,articulation,604,123,1,1,16.085849435275875,0
07325,1222,pedal_depth,727,0,0,0,4.98623123383172,0
07325,1222,pedal_down_ratio,727,0,0,0,2.5339323845079047,0
07325,1222,pedal_changes,727,0,0,0,5.881190387044208,0
07326,1222,tempo,727,0,0,0,4.703732746092513,0
07326,1222,rubato,727,0,1,0,8.498153575563228,0
07326,1222,dynamics,614,113,0,0,3.6102239212272416,0
07326,1222,articulation,604,123,1,0,7.169261013876992,0
07326,1222,pedal_depth,727,0,0,0,4.98623123383172,0
07326,1222,pedal_down_ratio,727,0,0,0,2.5339323845079047,0
07326,1222,pedal_changes,727,0,0,0,5.881190387044208,0
07327,1222,tempo,727,0,1,0,7.2948775473514775,0
07327,1222,rubato,727,0,2,1,12.4767169234196,0
07327,1222,dynamics,614,113,0,0,3.0279297403841388,0
07327,1222,articulation,606,121,4,0,7.2893685413006235,0
07327,1222,pedal_depth,727,0,0,0,4.558651719660589,0
07327,1222,pedal_down_ratio,727,0,0,0,2.5339323845079047,0
07327,1222,pedal_changes,727,0,0,0,3.6757439919026305,0
07328,1222,tempo,727,0,1,0,7.196312572795046,0
07328,1222,rubato,727,0,1,1,12.171660238056516,0
07328,1222,dynamics,615,112,0,0,3.0279297403841388,0
07328,1222,articulation,604,123,4,0,9.929323559501194,0
07328,1222,pedal_depth,727,0,0,0,4.98623123383172,0
07328,1222,pedal_down_ratio,727,0,0,0,2.5339323845079047,0
07328,1222,pedal_changes,727,0,0,0,4.778467189473419,0
07332,1222,tempo,727,0,2,0,6.182487642468605,0
07332,1222,rubato,727,0,10,1,12.488154652069724,0
07332,1222,dynamics,611,116,0,0,4.114878877957931,0
07332,1222,articulation,599,128,3,1,24.928471022809273,0
07332,1222,pedal_depth,727,0,0,0,5.22209153781539,0
07332,1222,pedal_down_ratio,727,0,0,0,2.5339323845079047,0
07332,1222,pedal_changes,727,0,0,0,5.1460415886636826,0
07333,1222,tempo,727,0,0,0,5.288062368831372,0
07333,1222,rubato,727,0,5,0,7.785711501764628,0
07333,1222,dynamics,612,115,0,0,3.047339546412242,0
07333,1222,articulation,606,121,6,0,9.07776363903068,0
07333,1222,pedal_depth,727,0,0,0,2.093470644260298,0
07333,1222,pedal_down_ratio,727,0,0,0,2.5339323845079047,0
07333,1222,pedal_changes,727,0,0,0,5.1460415886636826,0
07334,1222,tempo,727,0,1,0,6.507034033002104,0
07334,1222,rubato,727,0,5,1,11.65127665248069,0
07334,1222,dynamics,613,114,0,0,3.362748894368923,0
07334,1222,articulation,611,116,4,1,20.72432046585034,0
07334,1222,pedal_depth,727,0,0,0,4.824431623269069,0
07334,1222,pedal_down_ratio,727,0,0,0,2.5339323845079047,0
07334,1222,pedal_changes,727,0,0,0,3.6757439919026305,0
07336,1222,tempo,727,0,0,0,5.7147196747452025,0
07336,1222,rubato,727,0,5,1,10.823744036712506,0
07336,1222,dynamics,611,116,0,0,3.377306248890001,0
07336,1222,articulation,600,127,7,1,17.228318207148916,0
07336,1222,pedal_depth,727,0,0,0,4.788102160250223,0
07336,1222,pedal_down_ratio,727,0,0,0,2.5339323845079047,0
07336,1222,pedal_changes,727,0,0,0,3.6757439919026305,0
07337,1222,tempo,727,0,0,0,5.143710484442837,0
07337,1222,rubato,727,0,6,0,9.034600967785007,0
07337,1222,dynamics,612,115,0,0,3.144388576552759,0
07337,1222,articulation,599,128,7,1,21.02263830271104,0
07337,1222,pedal_depth,727,0,0,0,5.001104909035534,0
07337,1222,pedal_down_ratio,727,0,0,0,2.5339323845079047,0
07337,1222,pedal_changes,727,0,0,0,3.6757439919026305,0
07338,1222,tempo,727,0,0,0,5.350577215343867,0
07338,1222,rubato,727,0,7,0,8.04005608074762,0
07338,1222,dynamics,607,120,0,0,3.6684533393115526,0
07338,1222,articulation,596,131,4,1,22.863105067491766,0
07338,1222,pedal_depth,727,0,0,0,2.40052826172274,0
07338,1222,pedal_down_ratio,727,0,0,0,2.5339323845079047,0
07338,1222,pedal_changes,727,0,0,0,5.1460415886636826,0
07339,1222,tempo,727,0,1,0,6.5482351227468385,0
07339,1222,rubato,727,0,12,4,12.435156208029625,0
07339,1222,dynamics,606,121,0,0,3.6830106938326304,0
07339,1222,articulation,593,134,8,3,23.24490341192334,0
07339,1222,pedal_depth,727,0,0,0,2.167269421383142,0
07339,1222,pedal_down_ratio,727,0,0,0,2.5339323845079047,0
07339,1222,pedal_changes,727,0,0,0,4.410892790283157,0
07340,1222,tempo,727,0,1,0,6.038888843302438,0
07340,1222,rubato,727,0,9,0,9.663554924059385,0
07340,1222,dynamics,609,118,0,0,3.969305332747155,0
07340,1222,articulation,597,130,6,2,19.429163229147346,0
07340,1222,pedal_depth,727,0,0,0,5.22209153781539,0
07340,1222,pedal_down_ratio,727,0,0,0,2.5339323845079047,0
07340,1222,pedal_changes,727,0,0,0,5.881190387044208,0
07341,1222,tempo,727,0,0,0,4.32275531436949,0
07341,1222,rubato,727,0,2,0,6.567731097561707,0
07341,1222,dynamics,613,114,0,0,3.2317327036792243,0
07341,1222,articulation,612,115,3,0,8.049280386172159,0
07341,1222,pedal_depth,727,0,0,0,5.595098076230842,0
07341,1222,pedal_down_ratio,727,0,0,0,2.5339323845079047,0
07341,1222,pedal_changes,727,0,0,0,2.940595193522104,0
07342,1222,tempo,727,0,0,0,5.977835647524286,0
07342,1222,rubato,727,0,2,1,11.799528275753577,0
07342,1222,dynamics,613,114,0,0,2.6009140077658617,0
07342,1222,articulation,606,121,3,1,17.913323813283835,0
07342,1222,pedal_depth,727,0,0,0,5.1582019337244605,0
07342,1222,pedal_down_ratio,727,0,0,0,2.5339323845079047,0
07342,1222,pedal_changes,727,0,0,0,4.410892790283157,0
07343,1222,tempo,727,0,1,0,7.12021379757075,0
07343,1222,rubato,727,0,4,3,14.265305572038802,0
07343,1222,dynamics,612,115,0,0,2.6785532318782774,0
07343,1222,articulation,607,120,3,1,15.432550482928912,0
07343,1222,pedal_depth,727,0,0,0,5.212050767157906,0
07343,1222,pedal_down_ratio,727,0,0,0,2.5339323845079047,0
07343,1222,pedal_changes,727,0,0,0,3.6757439919026305,0
07345,1222,tempo,727,0,0,0,5.4016140646464885,0
07345,1222,rubato,727,0,6,1,10.479137554794,0
07345,1222,dynamics,609,118,0,0,3.1152738675106044,0
07345,1222,articulation,605,122,2,0,6.581460000164605,0
07345,1222,pedal_depth,727,0,0,0,1.6444268015771306,0
07345,1222,pedal_down_ratio,727,0,0,0,2.5339323845079047,0
07345,1222,pedal_changes,727,0,0,0,5.881190387044208,0
07347,1222,tempo,727,0,0,0,4.577103698768281,0
07347,1222,rubato,727,0,5,0,9.13100279008918,0
07347,1222,dynamics,610,117,0,0,2.713490882728863,0
07347,1222,articulation,604,123,2,0,7.92240450572339,0
07347,1222,pedal_depth,727,0,0,0,5.061827850428982,0
07347,1222,pedal_down_ratio,727,0,0,0,2.5339323845079047,0
07347,1222,pedal_changes,727,0,0,0,4.410892790283157,0
07349,1222,tempo,727,0,1,0,6.004811126983543,0
07349,1222,rubato,727,0,9,2,12.059373381915796,0
07349,1222,dynamics,611,116,0,0,3.9596004297331047,0
07349,1222,articulation,604,123,10,4,25.361837599400694,0
07349,1222,pedal_depth,727,0,0,0,3.510148949064243,0
07349,1222,pedal_down_ratio,727,0,0,0,2.5339323845079047,0
07349,1222,pedal_changes,727,0,0,0,5.881190387044208,0
07350,1222,tempo,727,0,0,0,4.646617782316093,0
07350,1222,rubato,727,0,2,0,7.196061537197476,0
07350,1222,dynamics,611,116,0,0,2.6785532318782765,0
07350,1222,articulation,608,119,0,0,5.757321276428888,0
07350,1222,pedal_depth,727,0,0,0,4.389397725215091,0
07350,1222,pedal_down_ratio,727,0,0,0,2.5339323845079047,0
07350,1222,pedal_changes,727,0,0,0,4.410892790283157,0
07351,1222,tempo,727,0,2,0,6.635469107730423,0
07351,1222,rubato,727,0,2,2,12.955888947357442,0
07351,1222,dynamics,612,115,0,0,2.6203238137939664,0
07351,1222,articulation,605,122,1,1,11.343188972134666,0
07351,1222,pedal_depth,727,0,0,0,4.389397725215091,0
07351,1222,pedal_down_ratio,727,0,0,0,2.5339323845079047,0
07351,1222,pedal_changes,727,0,0,0,4.410892790283157,0
07352,1222,tempo,727,0,0,0,5.731179534809957,0
07352,1222,rubato,727,0,4,1,11.871130173068215,0
07352,1222,dynamics,611,116,0,0,3.493765085058622,0
07352,1222,articulation,609,118,3,1,15.753295446133588,0
07352,1222,pedal_depth,727,0,0,0,3.895442114335242,0
07352,1222,pedal_down_ratio,727,0,0,0,2.5339323845079047,0
07352,1222,pedal_changes,727,0,0,0,5.881190387044208,0
07353,1222,tempo,727,0,0,0,3.48383864714706,0
07353,1222,rubato,727,0,1,0,6.265159331175333,0
07353,1222,dynamics,608,119,0,0,2.989110128327932,0
07353,1222,articulation,606,121,3,1,12.201374489964003,0
07353,1222,pedal_depth,727,0,0,0,1.9004235169564063,0
07353,1222,pedal_down_ratio,727,0,0,0,2.5339323845079047,0
07353,1222,pedal_changes,727,0,1,0,6.616339185424734,0
07354,1222,tempo,727,0,1,0,7.231077150357298,0
07354,1222,rubato,727,0,3,1,12.700645818383183,0
07354,1222,dynamics,613,114,0,0,2.7076679409204325,0
07354,1222,articulation,604,123,6,2,26.52011004450013,0
07354,1222,pedal_depth,727,0,0,0,2.2585431334023003,0
07354,1222,pedal_down_ratio,727,0,0,0,2.5339323845079047,0
07354,1222,pedal_changes,727,0,0,0,4.410892790283157,0
07358,1222,tempo,727,0,2,0,6.384276821586733,0
07358,1222,rubato,727,0,4,1,10.497685007483076,0
07358,1222,dynamics,610,117,0,0,3.3773062488899996,0
07358,1222,articulation,606,121,6,0,8.855970347965885,0
07358,1222,pedal_depth,727,0,0,0,2.669441137607178,0
07358,1222,pedal_down_ratio,727,0,0,0,2.5339323845079047,0
07358,1222,pedal_changes,727,0,0,0,4.410892790283157,0
07359,1222,tempo,727,0,1,0,7.756106446976901,0
07359,1222,rubato,727,0,3,1,12.536974443371568,0
07359,1222,dynamics,610,117,0,0,3.5325846971148276,0
07359,1222,articulation,607,120,2,1,11.45281388419249,0
07359,1222,pedal_depth,727,0,0,0,2.509560533672936,0
07359,1222,pedal_down_ratio,727,0,0,0,2.5339323845079047,0
07359,1222,pedal_changes,727,0,0,0,4.410892790283157,0
07360,1222,tempo,727,0,1,0,7.556973253767717,0
07360,1222,rubato,727,0,2,1,12.968867820347258,0
07360,1222,dynamics,610,117,0,0,2.3291767233724143,0
07360,1222,articulation,607,120,4,0,9.14981777496098,0
07360,1222,pedal_depth,727,0,0,0,2.0220119268734473,0
07360,1222,pedal_down_ratio,727,0,0,0,2.5339323845079047,0
07360,1222,pedal_changes,727,0,0,0,4.410892790283157,0
07361,1222,tempo,727,0,5,0,8.89416405657395,0
07361,1222,rubato,727,0,12,5,14.144774054094935,0
07361,1222,dynamics,609,118,0,0,2.8338316801031045,0
07361,1222,articulation,608,119,2,1,17.649831725317163,0
07361,1222,pedal_depth,727,0,0,0,2.0805818570663557,0
07361,1222,pedal_down_ratio,727,0,0,0,2.5339323845079047,0
07361,1222,pedal_changes,727,0,0,0,5.881190387044208,0
07363,1222,tempo,727,0,4,0,8.89416405657395,0
07363,1222,rubato,727,0,5,3,14.233734553656394,0
07363,1222,dynamics,610,117,0,0,3.338486636833793,0
07363,1222,articulation,609,118,6,1,21.990335928681514,0
07363,1222,pedal_depth,727,0,0,0,3.299032360558129,0
07363,1222,pedal_down_ratio,727,0,0,0,2.5339323845079047,0
07363,1222,pedal_changes,727,0,0,0,2.940595193522104,0
07364,1222,tempo,727,0,2,0,7.107320494452653,0
07364,1222,rubato,727,0,10,3,10.741376286864925,0
07364,1222,dynamics,603,124,0,0,3.9450430752120274,0
07364,1222,articulation,587,140,67,25,24.51361760889458,0
07364,1222,pedal_depth,727,0,0,0,4.91545920560035,0
07364,1222,pedal_down_ratio,727,0,0,0,2.5339323845079047,0
07364,1222,pedal_changes,727,0,0,0,4.043318391092893,0
07366,1222,tempo,727,0,0,0,3.69528581870103,0
07366,1222,rubato,727,0,0,0,4.810086239255616,0
07366,1222,dynamics,609,118,0,0,3.354014481656277,0
07366,1222,articulation,607,120,2,0,6.275144574318176,0
07366,1222,pedal_depth,727,0,0,0,5.308839827790531,0
07366,1222,pedal_down_ratio,727,0,0,0,2.5339323845079047,0
07366,1222,pedal_changes,727,0,1,0,7.351487983805261,0
07370,1222,tempo,727,0,3,0,8.344359092751793,0
07370,1222,rubato,727,0,7,1,12.00332914718136,0
07370,1222,dynamics,613,114,0,0,2.6203238137939664,0
07370,1222,articulation,607,120,13,6,28.320111171700333,0
07370,1222,pedal_depth,727,0,0,0,4.860168907737135,0
07370,1222,pedal_down_ratio,727,0,0,0,2.5339323845079047,0
07370,1222,pedal_changes,727,0,0,0,5.1460415886636826,0
07372,1222,tempo,727,0,2,0,8.184766480281905,0
07372,1222,rubato,727,0,5,1,13.349177301248217,0
07372,1222,dynamics,612,115,0,0,3.0861591584684493,0
07372,1222,articulation,609,118,3,0,9.084273055570806,0
07372,1222,pedal_depth,727,0,0,0,1.9415292347863333,0
07372,1222,pedal_down_ratio,727,0,0,0,2.5339323845079047,0
07372,1222,pedal_changes,727,0,0,0,2.940595193522104,0
07373,1222,tempo,727,0,0,0,4.623858135860059,0
07373,1222,rubato,727,0,2,0,6.752220821314052,0
07373,1222,dynamics,609,118,0,0,2.969700322299829,0
07373,1222,articulation,609,118,4,1,17.202049003196688,0
07373,1222,pedal_depth,727,0,0,0,4.684063600354846,0
07373,1222,pedal_down_ratio,727,0,0,0,2.5339323845079047,0
07373,1222,pedal_changes,727,0,0,0,5.1460415886636826,0
07374,1222,tempo,727,0,1,0,8.659290739352397,0
07374,1222,rubato,727,0,3,1,12.720809071038127,0
07374,1222,dynamics,611,116,0,0,2.445635559541035,0
07374,1222,articulation,606,121,3,1,18.000791494345176,0
07374,1222,pedal_depth,727,0,0,0,2.4583743740142054,0
07374,1222,pedal_down_ratio,727,0,0,0,2.5339323845079047,0
07374,1222,pedal_changes,727,0,0,0,3.6757439919026305,0
07375,1222,tempo,727,0,1,0,6.70689496943328,0
07375,1222,rubato,727,0,5,0,9.632320405187619,0
07375,1222,dynamics,614,113,0,0,3.8431415935644835,0
07375,1222,articulation,609,118,6,2,20.51786393022098,0
07375,1222,pedal_depth,727,0,0,0,2.3594798062821365,0
07375,1222,pedal_down_ratio,727,0,0,0,2.5339323845079047,0
07375,1222,pedal_changes,727,0,1,0,6.248764786234472,0
07377,1222,tempo,727,0,1,0,6.279373982716826,0
07377,1222,rubato,727,0,2,1,10.156830244350049,0
07377,1222,dynamics,611,116,0,0,2.9780188105975864,0
07377,1222,articulation,609,118,1,0,6.658108484904617,0
07377,1222,pedal_depth,727,0,0,0,2.0142353074426342,0
07377,1222,pedal_down_ratio,727,0,0,0,2.5339323845079047,0
07377,1222,pedal_changes,727,0,0,0,4.410892790283157,0
07378,1222,tempo,727,0,1,0,7.547151177482509,0
07378,1222,rubato,727,0,4,1,10.8261609974786,0
07378,1222,dynamics,610,117,0,0,2.7950120680468973,0
07378,1222,articulation,607,120,3,1,13.55001786453115,0
07378,1222,pedal_depth,727,0,0,0,4.608694147745248,0
07378,1222,pedal_down_ratio,727,0,0,0,2.5339323845079047,0
07378,1222,pedal_changes,727,0,0,0,4.410892790283157,0
07379,1222,tempo,727,0,0,0,5.994540081314483,0
07379,1222,rubato,727,0,6,0,8.904178585350127,0
07379,1222,dynamics,612,115,0,0,3.7557974664380183,0
07379,1222,articulation,607,120,18,6,26.240945438439024,0
07379,1222,pedal_depth,727,0,0,0,2.4813927628370878,0
07379,1222,pedal_down_ratio,727,0,0,0,2.5339323845079047,0
07379,1222,pedal_changes,727,0,0,0,4.410892790283157,0
07381,1222,tempo,727,0,2,0,8.272890875570097,0
07381,1222,rubato,727,0,5,2,12.109428025847391,0
07381,1222,dynamics,610,117,0,0,3.2608474127213802,0
07381,1222,articulation,608,119,3,0,7.3305148228142185,0
07381,1222,pedal_depth,727,0,0,0,4.775863499114791,0
07381,1222,pedal_down_ratio,727,0,0,0,2.5339323845079047,0
07381,1222,pedal_changes,727,0,0,0,3.6757439919026305,0
07382,1222,tempo,727,0,0,0,5.8424083207257205,0
07382,1222,rubato,727,0,3,1,10.758237945175296,0
07382,1222,dynamics,608,119,0,0,3.20261799463707,0
07382,1222,articulation,598,129,8,0,8.790995417441803,0
07382,1222,pedal_depth,727,0,0,0,5.6696993839139305,0
07382,1222,pedal_down_ratio,727,0,0,0,2.5339323845079047,0
07382,1222,pedal_changes,727,0,0,0,2.940595193522104,0
07383,1222,tempo,727,0,1,0,7.303216308240436,0
07383,1222,rubato,727,0,5,1,12.383082668463851,0
07383,1222,dynamics,608,119,0,0,2.911470904215518,0
07383,1222,articulation,597,130,12,2,22.44759434275121,0
07383,1222,pedal_depth,727,0,0,0,5.6696993839139305,0
07383,1222,pedal_down_ratio,727,0,0,0,2.5339323845079047,0
07383,1222,pedal_changes,727,0,0,0,5.881190387044208,0
07387,1222,tempo,727,0,0,0,5.414357591458597,0
07387,1222,rubato,727,0,9,1,10.119409394468772,0
07387,1222,dynamics,606,121,0,0,4.250747520154656,0
07387,1222,articulation,604,123,4,0,8.082651805837171,0
07387,1222,pedal_depth,727,0,0,0,2.6556191302069636,0
07387,1222,pedal_down_ratio,727,0,0,0,2.5339323845079047,0
07387,1222,pedal_changes,727,0,1,0,7.351487983805261,0
07388,1222,tempo,727,0,0,0,5.472013684605357,0
07388,1222,rubato,727,0,6,0,9.777861218667534,0
07388,1222,dynamics,610,117,0,0,3.435535666974311,0
07388,1222,articulation,603,124,5,4,23.024973011773426,0
07388,1222,pedal_depth,727,0,0,0,2.2407823869579424,0
07388,1222,pedal_down_ratio,727,0,0,0,2.5339323845079047,0
07388,1222,pedal_changes,727,0,0,0,4.410892790283157,0
07389,1222,tempo,727,0,0,0,3.2427631719157533,0
07389,1222,rubato,727,0,0,0,4.790182881794502,0
07389,1222,dynamics,610,117,0,0,3.271522806036836,0
07389,1222,articulation,602,125,3,1,10.384599859584746,0
07389,1222,pedal_depth,727,0,0,0,5.520496768547861,0
07389,1222,pedal_down_ratio,727,0,0,0,2.5339323845079047,0
07389,1222,pedal_changes,727,0,0,0,4.410892790283157,0
07390,1222,tempo,727,0,3,0,7.820726237154229,0
07390,1222,rubato,727,0,9,1,12.028927543984937,0
07390,1222,dynamics,611,116,0,0,5.3813687212916825,0
07390,1222,articulation,607,120,7,2,11.555416051322895,0
07390,1222,pedal_depth,727,0,0,0,2.965973814801793,0
07390,1222,pedal_down_ratio,727,0,0,0,2.5339323845079047,0
07390,1222,pedal_changes,727,0,0,0,4.410892790283157,0
07392,1222,tempo,727,0,0,0,3.4975436318855255,0
07392,1222,rubato,727,0,0,0,5.5612089879086435,0
07392,1222,dynamics,613,114,0,0,4.1342886839860356,0
07392,1222,articulation,607,120,5,0,7.851715487018944,0
07392,1222,pedal_depth,727,0,0,0,2.9195268362604208,0
07392,1222,pedal_down_ratio,727,0,0,0,2.5339323845079047,0
07392,1222,pedal_changes,727,0,0,0,4.410892790283157,0
07395,1223,tempo,1098,0,5,0,8.82070100502171,0
07395,1223,rubato,1098,0,12,1,11.02101587141679,0
07395,1223,dynamics,1032,66,0,0,4.830638582156189,0
07395,1223,articulation,1017,81,11,2,10.572907100983363,0
07395,1223,pedal_depth,1098,0,0,0,2.753083426972738,0
07395,1223,pedal_down_ratio,1098,0,0,0,2.821402353257631,0
07395,1223,pedal_changes,1098,0,3,0,9.031473244889842,0
07397,1223,tempo,1098,0,1,0,6.0549786698012,0
07397,1223,rubato,1098,0,8,0,7.335371020842616,0
07397,1223,dynamics,1032,66,0,0,5.087587442909178,0
07397,1223,articulation,1022,76,8,2,11.119847081744844,0
07397,1223,pedal_depth,1098,0,0,0,4.231956024993144,0
07397,1223,pedal_down_ratio,1098,0,0,0,2.821402353257631,0
07397,1223,pedal_changes,1098,0,1,0,6.209137855861766,0
07399,1223,tempo,1098,0,2,0,7.817932550654513,0
07399,1223,rubato,1098,0,6,0,9.068906777368559,0
07399,1223,dynamics,1025,73,0,0,4.959113012532683,0
07399,1223,articulation,1016,82,12,1,11.543477292612097,0
07399,1223,pedal_depth,1098,0,0,0,4.730520390719684,0
07399,1223,pedal_down_ratio,1098,0,0,0,2.821402353257631,0
07399,1223,pedal_changes,1098,0,1,0,9.031473244889842,0
07401,1223,tempo,1098,0,2,0,7.417700309683331,0
07401,1223,rubato,1098,0,9,0,8.589659198857529,0
07401,1223,dynamics,1029,69,0,0,5.293146531511569,0
07401,1223,articulation,1018,80,6,1,14.785040370659354,0
07401,1223,pedal_depth,1098,0,0,0,4.350325782614995,0
07401,1223,pedal_down_ratio,1098,0,0,0,2.821402353257631,0
07401,1223,pedal_changes,1098,0,2,0,7.338072011472996,0
07402,1223,tempo,1098,0,1,0,7.4140697894705685,0
07402,1223,rubato,1098,0,5,0,8.548608671096408,0
07402,1223,dynamics,1033,65,0,0,5.087587442909178,0
07402,1223,articulation,1019,79,12,4,21.4655008514456,0
07402,1223,pedal_depth,1098,0,0,0,4.872535094135023,0
07402,1223,pedal_down_ratio,1098,0,0,0,2.821402353257631,0
07402,1223,pedal_changes,1098,0,1,0,7.338072011472996,0
07403,1223,tempo,1098,0,3,0,6.752385484780881,0
07403,1223,rubato,1098,0,11,0,8.28938648698228,0
07403,1223,dynamics,1030,68,0,0,5.312417696068042,0
07403,1223,articulation,1020,78,12,2,14.997049145565926,0
07403,1223,pedal_depth,1098,0,0,0,4.597266295206794,0
07403,1223,pedal_down_ratio,1098,0,0,0,2.821402353257631,0
07403,1223,pedal_changes,1098,0,1,0,9.595940322695457,0
07407,1223,tempo,1098,0,1,0,6.283302700739581,0
07407,1223,rubato,1098,0,3,0,7.703068762737422,0
07407,1223,dynamics,1036,62,2,0,6.60358572135181,0
07407,1223,articulation,1021,77,13,2,11.883415112926789,0
07407,1223,pedal_depth,1098,0,0,0,4.0734285595053725,0
07407,1223,pedal_down_ratio,1098,0,0,0,2.821402353257631,0
07407,1223,pedal_changes,1098,0,0,0,5.644670778056151,0
07408,1223,tempo,1098,0,4,0,8.332066650011392,0
07408,1223,rubato,1098,0,13,1,10.888948981470547,0
07408,1223,dynamics,1025,73,0,0,3.1833108859953607,0
07408,1223,articulation,1020,78,12,5,17.641758365142323,0
07408,1223,pedal_depth,1098,0,0,0,4.130209907891003,0
07408,1223,pedal_down_ratio,1098,0,0,0,2.821402353257631,0
07408,1223,pedal_changes,1098,0,2,1,11.289341556112301,0
07409,1223,tempo,1098,0,6,0,7.648126861385084,0
07409,1223,rubato,1098,0,12,0,9.420017165778338,0
07409,1223,dynamics,1028,70,0,0,4.063003860656635,0
07409,1223,articulation,1020,78,10,3,15.249907796495282,0
07409,1223,pedal_depth,1098,0,0,0,4.281420525205429,0
07409,1223,pedal_down_ratio,1098,0,0,0,2.821402353257631,0
07409,1223,pedal_changes,1098,0,2,2,13.547209867334763,0
07410,1223,tempo,1098,0,0,0,4.996085604956894,0
07410,1223,rubato,1098,0,1,0,6.041529161528636,0
07410,1223,dynamics,1029,69,0,0,3.8863515188889552,0
07410,1223,articulation,1021,77,6,2,10.978055061714992,0
07410,1223,pedal_depth,1098,0,0,0,4.515660299708692,0
07410,1223,pedal_down_ratio,1098,0,0,0,2.821402353257631,0
07410,1223,pedal_changes,1098,0,0,0,5.644670778056151,0
07411,1223,tempo,1098,0,4,1,12.815070748772184,0
07411,1223,rubato,1098,0,8,2,15.174348422286908,0
07411,1223,dynamics,1030,68,0,0,3.3403351897888554,0
07411,1223,articulation,1024,74,8,3,15.06572612233582,0
07411,1223,pedal_depth,1098,0,0,0,4.884045845324797,0
07411,1223,pedal_down_ratio,1098,0,0,0,2.821402353257631,0
07411,1223,pedal_changes,1098,0,0,0,4.515736622444921,0
07412,1223,tempo,1098,0,0,0,5.740860901618007,0
07412,1223,rubato,1098,0,3,0,7.197769696475,0
07412,1223,dynamics,1033,65,0,0,4.459898083069732,0
07412,1223,articulation,1026,72,8,1,13.193862402160267,0
07412,1223,pedal_depth,1098,0,0,0,4.8637744862332815,0
07412,1223,pedal_down_ratio,1098,0,0,0,2.821402353257631,0
07412,1223,pedal_changes,1098,0,1,0,6.773604933667381,0
07413,1223,tempo,1098,0,4,2,13.338537603326316,0
07413,1223,rubato,1098,0,7,2,15.598975438078153,0
07413,1223,dynamics,1031,67,0,0,4.441544593015948,0
07413,1223,articulation,1024,74,9,1,12.746865429824572,0
07413,1223,pedal_depth,1098,0,0,0,5.741342424865149,0
07413,1223,pedal_down_ratio,1098,0,0,0,2.821402353257631,0
07413,1223,pedal_changes,1098,0,0,0,5.644670778056151,0
07414,1223,tempo,1098,0,0,0,5.57114392664995,0
07414,1223,rubato,1098,0,1,0,6.377409809338724,0
07414,1223,dynamics,1028,70,0,0,3.2455088245109662,0
07414,1223,articulation,1021,77,7,4,16.691260775964494,0
07414,1223,pedal_depth,1098,0,0,0,4.731972646244447,0
07414,1223,pedal_down_ratio,1098,0,0,0,2.821402353257631,0
07414,1223,pedal_changes,1098,0,0,0,5.644670778056151,0
07415,1223,tempo,1093,5,4,1,12.054262939385985,0
07415,1223,rubato,1093,5,4,1,14.720126520139837,0
07415,1223,dynamics,1019,79,0,0,2.61639197100067,0
07415,1223,articulation,1013,85,11,3,14.219834865784854,0
07415,1223,pedal_depth,1098,0,0,0,5.0422727201050375,0
07415,1223,pedal_down_ratio,1098,0,0,0,2.821402353257631,0
07415,1223,pedal_changes,1098,0,0,0,5.644670778056151,0
07416,1223,tempo,1098,0,1,0,6.763053109598088,0
07416,1223,rubato,1098,0,3,0,7.296151885671324,0
07416,1223,dynamics,1029,69,0,0,3.879927797370131,0
07416,1223,articulation,1021,77,7,1,10.290671922183092,0
07416,1223,pedal_depth,1098,0,0,0,4.731972646244447,0
07416,1223,pedal_down_ratio,1098,0,0,0,2.821402353257631,0
07416,1223,pedal_changes,1098,0,0,0,5.644670778056151,0
07417,1223,tempo,1098,0,9,1,10.37623288629153,0
07417,1223,rubato,1098,0,13,2,12.195229894245147,0
07417,1223,dynamics,1033,65,0,0,3.4866532910509713,0
07417,1223,articulation,1021,77,12,3,19.4837348461355,0
07417,1223,pedal_depth,1098,0,0,0,4.356942330846153,0
07417,1223,pedal_down_ratio,1098,0,0,0,2.821402353257631,0
07417,1223,pedal_changes,1098,0,0,0,5.644670778056151,0
07418,1223,tempo,1098,0,4,0,8.073983915606274,0
07418,1223,rubato,1098,0,6,0,9.201185591108441,0
07418,1223,dynamics,1030,68,0,0,3.818902442941295,0
07418,1223,articulation,1018,80,11,3,19.706869984599695,0
07418,1223,pedal_depth,1098,0,0,0,4.731972646244447,0
07418,1223,pedal_down_ratio,1098,0,0,0,2.821402353257631,0
07418,1223,pedal_changes,1098,0,2,0,7.338072011472996,0
07419,1223,tempo,1098,0,2,0,6.846901380849405,0
07419,1223,rubato,1098,0,4,0,7.598550794613391,0
07419,1223,dynamics,1032,66,0,0,2.718986126513445,0
07419,1223,articulation,1023,75,3,0,9.650666471630483,0
07419,1223,pedal_depth,1098,0,0,0,4.731972646244447,0
07419,1223,pedal_down_ratio,1098,0,0,0,2.821402353257631,0
07419,1223,pedal_changes,1098,0,2,0,8.467006167084227,0
07420,1223,tempo,1098,0,6,0,8.699579265423115,0
07420,1223,rubato,1098,0,15,2,10.39551683685656,0
07420,1223,dynamics,1031,67,0,0,3.914187645470528,0
07420,1223,articulation,1020,78,14,6,15.491294934402868,0
07420,1223,pedal_depth,1098,0,0,0,5.315620857498472,0
07420,1223,pedal_down_ratio,1098,0,0,0,2.821402353257631,0
07420,1223,pedal_changes,1098,0,1,0,6.773604933667381,0
07424,1223,tempo,1098,0,3,0,8.241285142690685,0
07424,1223,rubato,1098,0,7,1,10.005987563362188,0
07424,1223,dynamics,1032,66,0,0,4.7535539239302915,0
07424,1223,articulation,1013,85,11,1,13.386703135709011,0
07424,1223,pedal_depth,1098,0,0,0,4.731972646244447,0
07424,1223,pedal_down_ratio,1098,0,0,0,2.821402353257631,0
07424,1223,pedal_changes,1098,0,0,0,5.080203700250536,0
07425,1223,tempo,1098,0,5,0,8.511471754705175,0
07425,1223,rubato,1098,0,14,0,9.956458623199438,0
07425,1223,dynamics,1030,68,0,0,3.520199392315946,0
07425,1223,articulation,1022,76,6,3,15.783467849647202,0
07425,1223,pedal_depth,1098,0,0,0,5.986539160260803,0
07425,1223,pedal_down_ratio,1098,0,0,0,2.821402353257631,0
07425,1223,pedal_changes,1098,0,4,0,9.595940322695457,0
07426,1223,tempo,1098,0,5,1,10.052188618264925,0
07426,1223,rubato,1098,0,5,1,10.78785095342353,0
07426,1223,dynamics,1029,69,0,0,4.721435316336168,0
07426,1223,articulation,1020,78,9,1,12.164429829323156,0
07426,1223,pedal_depth,1098,0,0,0,4.731972646244447,0
07426,1223,pedal_down_ratio,1098,0,0,0,2.8214023532576338,0
07426,1223,pedal_changes,1098,0,0,0,5.080203700250536,0
07428,1223,tempo,1098,0,4,0,8.171438501493023,0
07428,1223,rubato,1098,0,11,1,10.000280328876178,0
07428,1223,dynamics,1027,71,0,0,3.618696455604592,0
07428,1223,articulation,1016,82,10,1,10.291097119097286,0
07428,1223,pedal_depth,1098,0,0,0,5.023212808412665,0
07428,1223,pedal_down_ratio,1098,0,0,0,2.821402353257631,0
07428,1223,pedal_changes,1098,0,1,0,6.209137855861766,0
07429,1223,tempo,1098,0,6,1,10.568573506658465,0
07429,1223,rubato,1098,0,12,2,13.292656624449728,0
07429,1223,dynamics,1032,66,0,0,3.700063594843038,0
07429,1223,articulation,1018,80,14,2,11.062892465457072,0
07429,1223,pedal_depth,1098,0,0,0,5.663299059312198,0
07429,1223,pedal_down_ratio,1098,0,0,0,2.821402353257631,0
07429,1223,pedal_changes,1098,0,2,0,7.902539089278611,0
07430,1223,tempo,1098,0,4,0,6.351363645383549,0
07430,1223,rubato,1098,0,9,0,7.96008845164007,0
07430,1223,dynamics,1026,72,0,0,4.213961316349015,0
07430,1223,articulation,1005,93,17,3,14.265749264741741,0
07430,1223,pedal_depth,1098,0,0,0,5.063655629503079,0
07430,1223,pedal_down_ratio,1098,0,0,0,2.821402353257631,0
07430,1223,pedal_changes,1098,0,1,0,6.773604933667381,0
07431,1223,tempo,1098,0,1,0,6.146369953528802,0
07431,1223,rubato,1098,0,1,0,6.29272780266556,0
07431,1223,dynamics,1032,66,0,0,4.689316708742044,0
07431,1223,articulation,1021,77,12,1,10.678102677290845,0
07431,1223,pedal_depth,1098,0,0,0,4.9067657649543515,0
07431,1223,pedal_down_ratio,1098,0,0,0,2.821402353257631,0
07431,1223,pedal_changes,1098,0,0,0,3.9512695446393056,0
07432,1223,tempo,1098,0,1,0,6.197123463214787,0
07432,1223,rubato,1098,0,7,0,7.4368554385736,0
07432,1223,dynamics,1033,65,0,0,3.2118607594123594,0
07432,1223,articulation,1018,80,10,4,15.149610903457411,0
07432,1223,pedal_depth,1098,0,0,0,5.663299059312198,0
07432,1223,pedal_down_ratio,1098,0,0,0,2.821402353257631,0
07432,1223,pedal_changes,1098,0,0,0,5.644670778056151,0
07433,1223,tempo,1098,0,8,0,8.945294636636568,0
07433,1223,rubato,1098,0,18,1,10.90524709126811,0
07433,1223,dynamics,1031,67,0,0,3.8542329112948317,0
07433,1223,articulation,1011,87,21,2,19.073324993824397,0
07433,1223,pedal_depth,1098,0,0,0,5.530044963799295,0
07433,1223,pedal_down_ratio,1098,0,0,0,2.821402353257631,0
07433,1223,pedal_changes,1098,0,0,0,5.644670778056151,0
07434,1223,tempo,1098,0,5,0,8.453234090902754,0
07434,1223,rubato,1098,0,11,1,10.1373222308388,0
07434,1223,dynamics,1034,64,0,0,3.2760979746006074,0
07434,1223,articulation,1017,81,20,5,22.48456250668059,0
07434,1223,pedal_depth,1098,0,0,0,5.663299059312198,0
07434,1223,pedal_down_ratio,1098,0,0,0,2.821402353257631,0
07434,1223,pedal_changes,1098,0,0,0,5.644670778056151,0
07436,1223,tempo,1098,0,2,0,7.088203787062161,0
07436,1223,rubato,1098,0,6,0,7.84628253456815,0
07436,1223,dynamics,1035,63,0,0,4.625079493553796,0
07436,1223,articulation,1015,83,10,1,11.748760812186855,0
07436,1223,pedal_depth,1098,0,3,0,6.0630613458525,0
07436,1223,pedal_down_ratio,1098,0,0,0,2.821402353257631,0
07436,1223,pedal_changes,1098,0,0,0,5.644670778056151,0
07437,1223,tempo,1098,0,4,0,7.409387257384962,0
07437,1223,rubato,1098,0,8,0,9.238134376415685,0
07437,1223,dynamics,1029,69,0,0,3.378218675669102,0
07437,1223,articulation,1013,85,21,9,18.759925627573548,0
07437,1223,pedal_depth,1098,0,0,0,5.663299059312198,0
07437,1223,pedal_down_ratio,1098,0,0,0,2.821402353257631,0
07437,1223,pedal_changes,1098,0,2,1,12.418275711723531,0
07438,1223,tempo,1098,0,3,0,7.8701865494562995,0
07438,1223,rubato,1098,0,5,0,9.607880456015728,0
07438,1223,dynamics,1035,63,0,0,3.2760979746006074,0
07438,1223,articulation,1018,80,9,3,13.820743522646893,0
07438,1223,pedal_depth,1098,0,0,0,5.663299059312198,0
07438,1223,pedal_down_ratio,1098,0,0,0,2.821402353257631,0
07438,1223,pedal_changes,1098,0,1,0,6.773604933667381,0
07439,1223,tempo,1098,0,5,0,7.791364124708375,0
07439,1223,rubato,1098,0,10,0,9.379410371453446,0
07439,1223,dynamics,1034,64,1,0,6.205314987184678,0
07439,1223,articulation,1006,92,15,6,17.84458693760385,0
07439,1223,pedal_depth,1098,0,0,0,4.924329233807856,0
07439,1223,pedal_down_ratio,1098,0,0,0,2.821402353257631,0
07439,1223,pedal_changes,1098,0,2,0,6.773604933667381,0
07440,1223,tempo,1098,0,7,0,9.994241657145603,0
07440,1223,rubato,1098,0,11,3,12.787602824817878,0
07440,1223,dynamics,1033,65,0,0,4.368130632800809,0
07440,1223,articulation,1019,79,9,4,14.78422528764516,0
07440,1223,pedal_depth,1098,0,0,0,5.396790868286395,0
07440,1223,pedal_down_ratio,1098,0,0,0,2.821402353257631,0
07440,1223,pedal_changes,1098,0,1,0,6.773604933667381,0
07441,1223,tempo,1098,0,1,0,6.3717605287291,0
07441,1223,rubato,1098,0,8,0,7.2779905898556505,0
07441,1223,dynamics,1028,70,0,0,3.8267026762141545,0
07441,1223,articulation,1021,77,11,0,9.577081834068867,0
07441,1223,pedal_depth,1098,0,0,0,5.345483876365804,0
07441,1223,pedal_down_ratio,1098,0,0,0,2.821402353257631,0
07441,1223,pedal_changes,1098,0,1,0,7.338072011472996,0
07442,1223,tempo,1098,0,3,0,7.943888445344507,0
07442,1223,rubato,1098,0,6,0,9.96591683370441,0
07442,1223,dynamics,1033,65,0,0,3.2118607594123585,0
07442,1223,articulation,1018,80,11,5,26.34205939128801,0
07442,1223,pedal_depth,1098,0,0,0,4.924329233807856,0
07442,1223,pedal_down_ratio,1098,0,0,0,2.821402353257631,0
07442,1223,pedal_changes,1098,0,0,0,5.644670778056151,0
07444,1223,tempo,1098,0,2,0,7.273720065368123,0
07444,1223,rubato,1098,0,3,0,8.243748838246379,0
07444,1223,dynamics,1031,67,0,0,3.6534916138315596,0
07444,1223,articulation,1024,74,6,2,11.28860851179527,0
07444,1223,pedal_depth,1098,0,0,0,4.404343041911181,0
07444,1223,pedal_down_ratio,1098,0,0,0,2.821402353257631,0
07444,1223,pedal_changes,1098,0,0,0,5.080203700250536,0
07445,1223,tempo,1092,6,5,3,12.29471853763029,0
07445,1223,rubato,1092,6,7,4,14.388677852678256,0
07445,1223,dynamics,1027,71,0,0,3.7257584809183366,0
07445,1223,articulation,1022,76,14,5,12.982440250921494,0
07445,1223,pedal_depth,1098,0,0,0,4.731972646244447,0
07445,1223,pedal_down_ratio,1098,0,0,0,2.821402353257631,0
07445,1223,pedal_changes,1098,0,2,0,8.467006167084227,0
07446,1223,tempo,1098,0,0,0,5.240233490046465,0
07446,1223,rubato,1098,0,1,0,6.271556231749739,0
07446,1223,dynamics,1030,68,0,0,3.254685569537858,0
07446,1223,articulation,1022,76,10,0,8.697911380056922,0
07446,1223,pedal_depth,1098,0,0,0,3.952830921498566,0
07446,1223,pedal_down_ratio,1098,0,0,0,2.821402353257631,0
07446,1223,pedal_changes,1098,0,0,0,4.515736622444921,0
07448,1223,tempo,1098,0,3,0,8.263591111476813,0
07448,1223,rubato,1098,0,4,1,10.102597856695377,0
07448,1223,dynamics,1033,65,0,0,5.417338480875514,0
07448,1223,articulation,1027,71,8,2,12.344481643248164,0
07448,1223,pedal_depth,1098,0,0,0,4.731972646244447,0
07448,1223,pedal_down_ratio,1098,0,0,0,2.821402353257631,0
07448,1223,pedal_changes,1098,0,2,0,7.338072011472996,0
07449,1223,tempo,1098,0,2,0,7.472112822720142,0
07449,1223,rubato,1098,0,7,0,8.639540346167582,0
07449,1223,dynamics,1032,66,0,0,3.3403351897888536,0
07449,1223,articulation,1022,76,6,0,8.72769921798388,0
07449,1223,pedal_depth,1098,0,0,0,3.6746757145857605,0
07449,1223,pedal_down_ratio,1098,0,0,0,2.821402353257631,0
07449,1223,pedal_changes,1098,0,1,0,7.338072011472996,0
07450,1223,tempo,1098,0,3,0,8.263591111476813,0
07450,1223,rubato,1098,0,6,1,10.095009811666062,0
07450,1223,dynamics,1031,67,0,0,5.2888640504990185,0
07450,1223,articulation,1025,73,7,1,18.92238716064672,0
07450,1223,pedal_depth,1098,0,0,0,4.731972646244447,0
07450,1223,pedal_down_ratio,1098,0,0,0,2.821402353257631,0
07450,1223,pedal_changes,1098,0,1,0,6.773604933667381,0
07452,1223,tempo,1098,0,3,0,7.413401962574309,0
07452,1223,rubato,1098,0,5,0,8.579325520840882,0
07452,1223,dynamics,1030,68,0,0,4.419520404951407,0
07452,1223,articulation,1021,77,9,3,13.451197956221097,0
07452,1223,pedal_depth,1098,0,0,0,4.350325782614995,0
07452,1223,pedal_down_ratio,1098,0,0,0,2.821402353257675,0
07452,1223,pedal_changes,1098,0,0,0,5.080203700250536,0
07453,1223,tempo,1098,0,3,0,8.901370994847639,0
07453,1223,rubato,1098,0,4,1,10.691782103898339,0
07453,1223,dynamics,1031,67,0,0,3.7257584809183366,0
07453,1223,articulation,1026,72,10,3,17.636744773053145,0
07453,1223,pedal_depth,1098,0,0,0,4.350325782614995,0
07453,1223,pedal_down_ratio,1098,0,0,0,2.821402353257631,0
07453,1223,pedal_changes,1098,0,0,0,5.644670778056151,0
07454,1223,tempo,1098,0,3,0,6.9829614055805695,0
07454,1223,rubato,1098,0,5,0,7.815560571787193,0
07454,1223,dynamics,1034,64,0,0,3.9152582657236668,0
07454,1223,articulation,1019,79,10,5,16.33249195170046,0
07454,1223,pedal_depth,1098,0,0,0,4.1509548574644475,0
07454,1223,pedal_down_ratio,1098,0,0,0,2.821402353257631,0
07454,1223,pedal_changes,1098,0,1,0,7.902539089278611,0
07455,1223,tempo,1098,0,6,0,6.926594680345007,0
07455,1223,rubato,1098,0,7,0,7.769784533705833,0
07455,1223,dynamics,1031,67,0,0,4.082275025213109,0
07455,1223,articulation,1021,77,10,2,14.190940574953283,0
07455,1223,pedal_depth,1098,0,0,0,4.466820379432266,0
07455,1223,pedal_down_ratio,1098,0,0,0,2.821402353257631,0
07455,1223,pedal_changes,1098,0,0,0,5.644670778056151,0
07456,1223,tempo,1098,0,4,0,6.8726787091210575,0
07456,1223,rubato,1098,0,5,0,7.705256323391279,0
07456,1223,dynamics,1033,65,0,0,3.7996312783848225,0
07456,1223,articulation,1029,69,6,2,12.899118412647097,0
07456,1223,pedal_depth,1098,0,0,0,4.347963971037995,0
07456,1223,pedal_down_ratio,1098,0,0,0,2.821402353257631,0
07456,1223,pedal_changes,1098,0,0,0,5.080203700250536,0
07459,1223,tempo,1098,0,2,0,6.586638117687536,0
07459,1223,rubato,1098,0,4,0,8.166719754128856,0
07459,1223,dynamics,1029,69,0,0,4.5479948353279,0
07459,1223,articulation,1017,81,9,1,11.966298988708319,0
07459,1223,pedal_depth,1098,0,0,0,5.3301638205298625,0
07459,1223,pedal_down_ratio,1098,0,0,0,2.821402353257631,0
07459,1223,pedal_changes,1098,0,2,0,6.773604933667381,0
07466,1223,tempo,1098,0,4,0,9.706634731019989,0
07466,1223,rubato,1098,0,4,1,10.438511661423023,0
07466,1223,dynamics,1031,67,0,0,2.944205696127997,0
07466,1223,articulation,1027,71,6,0,8.486907978280254,0
07466,1223,pedal_depth,1098,0,0,0,4.663893342963543,0
07466,1223,pedal_down_ratio,1098,0,0,0,2.821402353257631,0
07466,1223,pedal_changes,1098,0,0,0,4.515736622444921,0
07467,1223,tempo,1097,1,3,1,11.116239911472952,0
07467,1223,rubato,1097,1,4,1,12.131294483190327,0
07467,1223,dynamics,1031,67,0,0,3.0762488606816154,0
07467,1223,articulation,1025,73,11,2,22.114527573785793,0
07467,1223,pedal_depth,1098,0,6,0,6.06306134585273,0
07467,1223,pedal_down_ratio,1098,0,0,0,2.821402353257631,0
07467,1223,pedal_changes,1098,0,0,0,4.515736622444921,0
07468,1223,tempo,1098,0,2,0,8.18661809612949,0
07468,1223,rubato,1098,0,3,0,8.883789706019458,0
07468,1223,dynamics,1030,68,0,0,2.5213106961387024,0
07468,1223,articulation,1027,71,1,0,9.625933696344886,0
07468,1223,pedal_depth,1098,0,0,0,5.663299059312198,0
07468,1223,pedal_down_ratio,1098,0,0,0,2.821402353257631,0
07468,1223,pedal_changes,1098,0,0,0,5.080203700250536,0
07469,1223,tempo,1098,0,8,1,10.801588556576682,0
07469,1223,rubato,1098,0,15,2,12.648964042220365,0
07469,1223,dynamics,1031,67,1,0,8.115301518781896,0
07469,1223,articulation,1022,76,9,4,16.195525805760834,0
07469,1223,pedal_depth,1098,0,0,0,5.040656745973795,0
07469,1223,pedal_down_ratio,1098,0,0,0,2.821402353257631,0
07469,1223,pedal_changes,1098,0,2,0,7.902539089278611,0
07470,1223,tempo,1097,1,6,0,9.455499870176887,0
07470,1223,rubato,1097,1,10,3,11.190406453148285,0
07470,1223,dynamics,1034,64,0,0,4.91414696190091,0
07470,1223,articulation,1028,70,7,1,11.01390930018741,0
07470,1223,pedal_depth,1098,0,0,0,4.2903152830893,0
07470,1223,pedal_down_ratio,1098,0,0,0,2.821402353257631,0
07470,1223,pedal_changes,1098,0,4,0,7.902539089278611,0
07471,1223,tempo,1098,0,5,0,7.3538312639637144,0
07471,1223,rubato,1098,0,8,0,8.982357195674469,0
07471,1223,dynamics,1035,63,0,0,2.9870305062534945,0
07471,1223,articulation,1026,72,10,2,12.378131616433675,0
07471,1223,pedal_depth,1098,0,0,0,5.130282677259314,0
07471,1223,pedal_down_ratio,1098,0,0,0,2.821402353257631,0
07471,1223,pedal_changes,1098,0,1,0,7.902539089278611,0
07472,1223,tempo,1098,0,7,0,8.220374771188375,0
07472,1223,rubato,1098,0,12,0,9.82777638541035,0
07472,1223,dynamics,1034,64,0,0,4.1111817720478205,0
07472,1223,articulation,1020,78,8,4,15.119037675086204,0
07472,1223,pedal_depth,1098,0,0,0,4.924329233807856,0
07472,1223,pedal_down_ratio,1098,0,0,0,2.821402353257631,0
07472,1223,pedal_changes,1098,0,1,0,6.773604933667381,0
07473,1223,tempo,1098,0,9,1,10.3685946083682,0
07473,1223,rubato,1098,0,17,2,12.162922770488667,0
07473,1223,dynamics,1031,67,0,0,3.4045724049771016,0
07473,1223,articulation,1021,77,9,4,17.70467322729446,0
07473,1223,pedal_depth,1098,0,0,0,5.250871726089692,0
07473,1223,pedal_down_ratio,1098,0,0,0,2.821402353257631,0
07473,1223,pedal_changes,1098,0,2,0,7.902539089278611,0
07474,1223,tempo,1098,0,5,0,8.634869022070156,0
07474,1223,rubato,1098,0,5,1,10.42365846501421,0
07474,1223,dynamics,1035,63,1,0,7.579991392213169,0
07474,1223,articulation,1027,71,8,2,13.077859249291834,0
07474,1223,pedal_depth,1098,0,0,0,4.731972646244447,0
07474,1223,pedal_down_ratio,1098,0,0,0,2.821402353257631,0
07474,1223,pedal_changes,1098,0,0,0,4.515736622444921,0
07476,1223,tempo,1098,0,3,0,7.6230219969603406,0
07476,1223,rubato,1098,0,7,0,8.721528023721834,0
07476,1223,dynamics,1026,72,0,0,3.982707341671327,0
07476,1223,articulation,1017,81,9,0,7.926239069754893,0
07476,1223,pedal_depth,1098,0,0,0,5.130282677259493,0
07476,1223,pedal_down_ratio,1098,0,0,0,2.821402353257631,0
07476,1223,pedal_changes,1098,0,2,0,9.031473244889842,0
07477,1223,tempo,1098,0,4,0,6.998632886691443,0
07477,1223,rubato,1098,0,8,0,9.021257472259315,0
07477,1223,dynamics,1034,64,0,0,3.6186964556045913,0
07477,1223,articulation,1020,78,13,4,17.015566087539085,0
07477,1223,pedal_depth,1098,0,0,0,5.130282677259493,0
07477,1223,pedal_down_ratio,1098,0,0,0,2.821402353257631,0
07477,1223,pedal_changes,1098,0,2,0,7.338072011472996,0
07481,1223,tempo,1098,0,2,0,6.748259012144064,0
07481,1223,rubato,1098,0,6,0,7.489578207272172,0
07481,1223,dynamics,1029,69,0,0,3.8092668606630586,0
07481,1223,articulation,1015,83,9,1,16.15196631808299,0
07481,1223,pedal_depth,1098,0,0,0,4.821523964433953,0
07481,1223,pedal_down_ratio,1098,0,0,0,2.821402353257631,0
07481,1223,pedal_changes,1098,0,2,0,7.902539089278611,0
07482,1223,tempo,1098,0,4,1,10.036826423594793,0
07482,1223,rubato,1098,0,10,1,11.478038668043425,0
07482,1223,dynamics,1027,71,1,0,7.687053417526914,0
07482,1223,articulation,1011,87,15,3,20.043842087626466,0
07482,1223,pedal_depth,1098,0,0,0,5.345483876365804,0
07482,1223,pedal_down_ratio,1098,0,0,0,2.821402353257631,0
07482,1223,pedal_changes,1098,0,3,1,10.160407400501072,0
07483,1223,tempo,1098,0,4,0,7.21592443278624,0
07483,1223,rubato,1098,0,8,0,8.772881740302024,0
07483,1223,dynamics,1028,70,0,0,4.599773923934183,0
07483,1223,articulation,1018,80,10,1,14.61179102097239,0
07483,1223,pedal_depth,1098,0,0,0,5.130282677259493,0
07483,1223,pedal_down_ratio,1098,0,0,0,2.821402353257631,0
07483,1223,pedal_changes,1098,0,2,1,11.289341556112301,0
07484,1223,tempo,1098,0,5,0,7.457178616188959,0
07484,1223,rubato,1098,0,10,0,9.767936334677627,0
07484,1223,dynamics,1028,70,0,0,5.353101265687266,0
07484,1223,articulation,1021,77,6,0,9.458760665094315,0
07484,1223,pedal_depth,1098,0,0,0,5.82776509302878,0
07484,1223,pedal_down_ratio,1098,0,0,0,2.821402353257631,0
07484,1223,pedal_changes,1098,0,1,0,6.773604933667381,0
07486,1223,tempo,1098,0,1,0,8.893527342921596,0
07486,1223,rubato,1098,0,2,1,10.253980511877666,0
07486,1223,dynamics,1032,66,0,0,4.603667088491048,0
07486,1223,articulation,1024,74,4,2,14.070375541112378,0
07486,1223,pedal_depth,1098,0,0,0,5.130282677259536,0
07486,1223,pedal_down_ratio,1098,0,0,0,2.821402353257631,0
07486,1223,pedal_changes,1098,0,2,0,7.338072011472996,0
07488,1224,tempo,378,0,0,0,5.470351090448976,0
07488,1224,rubato,378,0,6,0,9.096369014085209,0
07488,1224,dynamics,367,11,0,0,3.0955155329403397,0
07488,1224,articulation,366,12,4,1,11.118400002009489,0
07488,1224,pedal_depth,378,0,0,0,3.330311699057189,0
07488,1224,pedal_down_ratio,378,0,0,0,2.7590172324035733,0
07488,1224,pedal_changes,378,0,0,0,5.243517771518781,0
07490,1224,tempo,378,0,1,0,6.226134529187896,0
07490,1224,rubato,378,0,7,1,10.48166976095557,0
07490,1224,dynamics,366,12,0,0,3.191407592044011,0
07490,1224,articulation,365,13,5,2,11.276900786908547,0
07490,1224,pedal_depth,378,0,0,0,3.2705887105320754,0
07490,1224,pedal_down_ratio,378,0,0,0,2.7590172324035733,0
07490,1224,pedal_changes,378,0,0,0,3.7453698367991293,0
07492,1224,tempo,378,0,0,0,5.9970518815021245,0
07492,1224,rubato,378,0,10,1,10.165331424069452,0
07492,1224,dynamics,366,12,0,0,2.548631133364725,0
07492,1224,articulation,366,12,5,2,21.836208653536353,0
07492,1224,pedal_depth,378,0,0,0,3.4815030697749956,0
07492,1224,pedal_down_ratio,378,0,0,0,2.7590172324035733,0
07492,1224,pedal_changes,378,0,0,0,5.618054755198694,0
07493,1224,tempo,378,0,4,0,7.314903982767321,0
07493,1224,rubato,378,0,9,4,11.267165445973154,0
07493,1224,dynamics,365,13,0,0,4.310647719394658,0
07493,1224,articulation,365,13,7,1,10.145594471175999,0
07493,1224,pedal_depth,378,0,0,0,3.5954940656068755,0
07493,1224,pedal_down_ratio,378,0,0,0,2.7590172324035733,0
07493,1224,pedal_changes,378,0,0,0,5.992591738878606,0
07494,1224,tempo,378,0,0,0,5.878688057560234,0
07494,1224,rubato,378,0,16,2,10.75632524626253,0
07494,1224,dynamics,364,14,0,0,4.157520087513485,0
07494,1224,articulation,363,15,2,0,9.891100591724186,0
07494,1224,pedal_depth,378,0,0,0,3.5231118184462638,0
07494,1224,pedal_down_ratio,378,0,0,0,2.7590172324035733,0
07494,1224,pedal_changes,378,0,1,0,6.741665706238432,0
07496,1224,tempo,378,0,1,1,11.238669378050387,0
07496,1224,rubato,378,0,7,2,20.258278860626568,0
07496,1224,dynamics,365,13,0,0,3.964537318567348,0
07496,1224,articulation,364,14,5,1,10.125081179985802,0
07496,1224,pedal_depth,378,0,0,0,3.5551958967632658,0
07496,1224,pedal_down_ratio,378,0,0,0,2.7590172324035733,0
07496,1224,pedal_changes,378,0,0,0,2.996295869439303,0
07497,1224,tempo,378,0,1,0,7.49105130762951,0
07497,1224,rubato,378,0,8,1,13.046349357974297,0
07497,1224,dynamics,364,14,0,0,2.6115602971515073,0
07497,1224,articulation,363,15,5,1,10.472344753364862,0
07497,1224,pedal_depth,378,0,0,0,3.4815030697749925,0
07497,1224,pedal_down_ratio,378,0,0,0,2.7590172324035733,0
07497,1224,pedal_changes,378,0,1,0,6.741665706238432,0
07498,1224,tempo,378,0,0,0,4.924308294596008,0
07498,1224,rubato,378,0,8,0,8.434375980653472,0
07498,1224,dynamics,365,13,0,0,3.6498914996334326,0
07498,1224,articulation,364,14,6,0,9.163943429415767,0
07498,1224,pedal_depth,378,0,0,0,3.385748389756087,0
07498,1224,pedal_down_ratio,378,0,0,0,2.7590172324035733,0
07498,1224,pedal_changes,378,0,0,0,5.243517771518781,0
07499,1224,tempo,378,0,0,0,5.348518982377442,0
07499,1224,rubato,378,0,8,0,9.878241353675442,0
07499,1224,dynamics,363,15,0,0,2.7898595945473925,0
07499,1224,articulation,362,16,5,0,9.519446555448074,0
07499,1224,pedal_depth,378,0,0,0,3.4024762462528084,0
07499,1224,pedal_down_ratio,378,0,0,0,2.7590172324035733,0
07499,1224,pedal_changes,378,0,0,0,4.494443804158955,0
07500,1224,tempo,378,0,1,0,6.137244354749318,0
07500,1224,rubato,378,0,11,2,10.631485953386326,0
07500,1224,dynamics,364,14,0,0,3.0205998617655987,0
07500,1224,articulation,363,15,1,0,7.707710107297441,0
07500,1224,pedal_depth,378,0,0,0,3.0719144733308745,0
07500,1224,pedal_down_ratio,378,0,0,0,2.7590172324035733,0
07500,1224,pedal_changes,378,0,1,0,6.36712872255852,0
07501,1224,tempo,378,0,1,0,6.003297099550342,0
07501,1224,rubato,378,0,7,3,10.869835109728538,0
07501,1224,dynamics,365,13,0,0,3.303781098806123,0
07501,1224,articulation,364,14,2,0,6.340203514249739,0
07501,1224,pedal_depth,378,0,0,0,3.0719144733308736,0
07501,1224,pedal_down_ratio,378,0,0,0,2.7590172324035733,0
07501,1224,pedal_changes,378,0,0,0,3.7453698367991293,0
07502,1224,tempo,378,0,0,0,5.672124911578452,0
07502,1224,rubato,378,0,9,0,9.825216296594178,0
07502,1224,dynamics,366,12,0,0,4.656758120221966,0
07502,1224,articulation,366,12,5,0,7.651746050234597,0
07502,1224,pedal_depth,378,0,0,0,3.0649328495279184,0
07502,1224,pedal_down_ratio,378,0,0,0,2.7590172324035733,0
07502,1224,pedal_changes,378,0,0,0,2.996295869439303,0
07503,1224,tempo,378,0,1,1,10.258663472517581,0
07503,1224,rubato,378,0,9,2,18.37247974032913,0
07503,1224,dynamics,366,12,0,0,3.2429495738122336,0
07503,1224,articulation,366,12,8,2,27.60196178906175,0
07503,1224,pedal_depth,378,0,0,0,3.5954940656068755,0
07503,1224,pedal_down_ratio,378,0,0,0,2.7590172324035733,0
07503,1224,pedal_changes,378,0,0,0,3.7453698367991293,0
07504,1224,tempo,378,0,0,0,5.8100424620858435,0
07504,1224,rubato,378,0,11,1,10.184050286940671,0
07504,1224,dynamics,363,15,0,0,5.097262266729448,0
07504,1224,articulation,363,15,8,2,11.546525380292127,0
07504,1224,pedal_depth,378,0,0,0,3.6862973679970557,0
07504,1224,pedal_down_ratio,378,0,0,0,2.7590172324035733,0
07504,1224,pedal_changes,378,0,0,0,5.243517771518781,0
07505,1224,tempo,378,0,0,0,5.805372730057329,0
07505,1224,rubato,378,0,7,1,10.167587762885955,0
07505,1224,dynamics,364,14,0,0,5.013356715013736,0
07505,1224,articulation,364,14,9,0,9.92627257532898,0
07505,1224,pedal_depth,378,0,0,0,3.276708771553053,0
07505,1224,pedal_down_ratio,378,0,0,0,2.7590172324035733,0
07505,1224,pedal_changes,378,0,1,0,7.4907396735982585,0
07506,1224,tempo,378,0,1,0,6.691239245676806,0
07506,1224,rubato,378,0,10,1,10.11432351131741,0
07506,1224,dynamics,366,12,0,0,3.5083008811131697,0
07506,1224,articulation,366,12,6,0,9.424692555702865,0
07506,1224,pedal_depth,378,0,0,0,3.5327016443305146,0
07506,1224,pedal_down_ratio,378,0,0,0,2.7590172324035733,0
07506,1224,pedal_changes,378,0,1,0,6.36712872255852,0
07507,1224,tempo,378,0,3,0,6.698302668174428,0
07507,1224,rubato,378,0,14,2,10.121894173662005,0
07507,1224,dynamics,366,12,0,0,3.4366315556893334,0
07507,1224,articulation,366,12,2,0,6.766897367810331,0
07507,1224,pedal_depth,378,0,0,0,3.5327016443305137,0
07507,1224,pedal_down_ratio,378,0,0,0,2.7590172324035755,0
07507,1224,pedal_changes,378,0,0,0,4.494443804158955,0
07508,1224,tempo,378,0,3,0,6.710541645190854,0
07508,1224,rubato,378,0,13,2,11.631194506649578,0
07508,1224,dynamics,366,12,0,0,3.6498914996334317,0
07508,1224,articulation,366,12,3,0,8.564815843049843,0
07508,1224,pedal_depth,378,0,0,0,2.86712017510882,0
07508,1224,pedal_down_ratio,378,0,0,0,2.7590172324035733,0
07508,1224,pedal_changes,378,0,0,0,5.992591738878606,0
07511,1224,tempo,378,0,11,0,7.092372961303263,0
07511,1224,rubato,378,0,22,2,10.76112183652334,0
07511,1224,dynamics,363,15,0,0,3.24085193501934,0
07511,1224,articulation,363,15,11,6,14.857016284243478,0
07511,1224,pedal_depth,378,0,0,0,2.7837460289926113,0
07511,1224,pedal_down_ratio,378,0,0,0,2.7590172324035787,0
07511,1224,pedal_changes,378,0,0,0,2.2472219020794775,0
07512,1224,tempo,378,0,4,0,6.863765551145883,0
07512,1224,rubato,378,0,20,1,10.29867721389497,0
07512,1224,dynamics,366,12,0,0,3.545009559988793,0
07512,1224,articulation,366,12,7,1,18.88776846642871,0
07512,1224,pedal_depth,378,0,0,0,3.1905002070017043,0
07512,1224,pedal_down_ratio,378,0,0,0,2.7590172324035733,0
07512,1224,pedal_changes,378,0,0,0,5.992591738878606,0
07514,1224,tempo,378,0,3,0,7.081667720098694,0
07514,1224,rubato,378,0,19,2,11.037409944594215,0
07514,1224,dynamics,364,14,0,0,3.870143572887174,0
07514,1224,articulation,364,14,19,4,24.41188168116949,0
07514,1224,pedal_depth,378,0,0,0,2.880932092849204,0
07514,1224,pedal_down_ratio,378,0,0,0,2.7590172324035733,0
07514,1224,pedal_changes,378,0,0,0,4.494443804158955,0
07515,1224,tempo,378,0,0,0,4.468421464093913,0
07515,1224,rubato,378,0,6,0,9.028852840063273,0
07515,1224,dynamics,366,12,0,0,2.2654498963241987,0
07515,1224,articulation,366,12,7,0,8.467580253431969,0
07515,1224,pedal_depth,378,0,0,0,3.5231118184462638,0
07515,1224,pedal_down_ratio,378,0,0,0,2.7590172324035733,0
07515,1224,pedal_changes,378,0,2,0,9.363424591997823,0
07519,1225,tempo,636,0,5,0,9.359037372042561,0
07519,1225,rubato,636,0,11,2,12.445003704598635,0
07519,1225,dynamics,633,3,0,0,4.419476331390386,0
07519,1225,articulation,630,6,12,3,14.234632537378452,0
07519,1225,pedal_depth,636,0,0,0,5.641359047652425,0
07519,1225,pedal_down_ratio,636,0,0,0,2.745251700636167,0
07519,1225,pedal_changes,636,0,0,0,3.048078160813755,0
07521,1225,tempo,636,0,9,0,7.501388220384223,0
07521,1225,rubato,636,0,17,2,10.215237535406555,0
07521,1225,dynamics,633,3,0,0,4.558308048606838,0
07521,1225,articulation,630,6,10,1,13.207363660341224,0
07521,1225,pedal_depth,636,0,2,0,6.597407127189378,0
07521,1225,pedal_down_ratio,636,0,0,0,2.745251700636167,0
07521,1225,pedal_changes,636,0,0,0,3.048078160813755,0
07522,1225,tempo,636,0,7,1,10.079981205782367,0
07522,1225,rubato,636,0,13,6,14.077796114815596,0
07522,1225,dynamics,632,4,0,0,3.979842560204956,0
07522,1225,articulation,629,7,6,1,14.236850667671881,0
07522,1225,pedal_depth,636,0,0,0,4.110446192918133,0
07522,1225,pedal_down_ratio,636,0,0,0,2.745251700636167,0
07522,1225,pedal_changes,636,0,1,0,7.112182375232095,0
07524,1225,tempo,636,0,13,2,10.878045991632051,0
07524,1225,rubato,636,0,33,16,19.72368461575921,0
07524,1225,dynamics,631,5,0,0,3.8872880820606523,0
07524,1225,articulation,628,8,7,2,11.258281516241379,0
07524,1225,pedal_depth,636,0,6,0,6.303099875245327,0
07524,1225,pedal_down_ratio,636,0,0,0,2.745251700636167,0
07524,1225,pedal_changes,636,0,1,0,6.09615632162751,0
07525,1225,tempo,636,0,10,0,9.67470767319622,0
07525,1225,rubato,636,0,36,12,19.066693645248034,0
07525,1225,dynamics,629,7,0,0,3.2301512872361147,0
07525,1225,articulation,624,12,7,1,27.044532539233614,0
07525,1225,pedal_depth,636,0,0,0,3.8605571883386007,0
07525,1225,pedal_down_ratio,636,0,0,0,2.745251700636167,0
07525,1225,pedal_changes,636,0,1,0,6.604169348429802,0
07526,1225,tempo,636,0,6,1,13.137212129937303,0
07526,1225,rubato,636,0,24,7,22.808799006755034,0
07526,1225,dynamics,631,5,0,0,3.3666691424989588,0
07526,1225,articulation,628,8,7,1,10.543575745155916,0
07526,1225,pedal_depth,636,0,1,0,6.454009055587202,0
07526,1225,pedal_down_ratio,636,0,0,0,2.745251700636167,0
07526,1225,pedal_changes,636,0,1,0,7.620195402034387,0
07527,1225,tempo,636,0,6,2,11.491983967282188,0
07527,1225,rubato,636,0,28,7,20.23760630897025,0
07527,1225,dynamics,630,6,0,0,3.609624647627749,0
07527,1225,articulation,627,9,4,1,10.121516456401658,0
07527,1225,pedal_depth,636,0,1,0,6.132012578226758,0
07527,1225,pedal_down_ratio,636,0,0,0,2.745251700636167,0
07527,1225,pedal_changes,636,0,1,0,6.09615632162751,0
07528,1225,tempo,636,0,5,0,9.607022050607487,0
07528,1225,rubato,636,0,29,10,16.165100196502827,0
07528,1225,dynamics,632,4,0,0,3.005706677736184,0
07528,1225,articulation,627,9,10,2,27.77079720429896,0
07528,1225,pedal_depth,636,0,1,0,6.119461245106278,0
07528,1225,pedal_down_ratio,636,0,0,0,2.687816904469814,0
07528,1225,pedal_changes,636,0,0,0,5.334136781424071,0
07529,1225,tempo,636,0,13,1,12.392362837975538,0
07529,1225,rubato,636,0,33,16,21.783780754965758,0
07529,1225,dynamics,631,5,0,0,2.950173990849602,0
07529,1225,articulation,627,9,8,3,21.377848317368123,0
07529,1225,pedal_depth,636,0,1,0,6.119461245106278,0
07529,1225,pedal_down_ratio,636,0,0,0,2.687816904469814,0
07529,1225,pedal_changes,636,0,0,0,4.06410421441834,0
07530,1225,tempo,636,0,8,1,10.51181842418015,0
07530,1225,rubato,636,0,32,8,18.1145764555979,0
07530,1225,dynamics,631,5,0,0,4.373199092318235,0
07530,1225,articulation,628,8,10,1,28.59129779970807,0
07530,1225,pedal_depth,636,0,0,0,2.414515826073311,0
07530,1225,pedal_down_ratio,636,0,0,0,2.667519918425359,0
07530,1225,pedal_changes,636,0,0,0,5.080130268022925,0
07531,1225,tempo,636,0,13,0,9.671970167651878,0
07531,1225,rubato,636,0,33,14,17.191781216891044,0
07531,1225,dynamics,633,3,0,0,3.0311591592258664,0
07531,1225,articulation,629,7,6,4,18.4507617013563,0
07531,1225,pedal_depth,636,0,4,0,7.093289569719765,0
07531,1225,pedal_down_ratio,636,0,0,0,2.745251700636167,0
07531,1225,pedal_changes,636,0,0,0,4.572117241220632,0
07534,1225,tempo,636,0,8,1,11.42681966291962,0
07534,1225,rubato,636,0,33,10,19.618131970579192,0
07534,1225,dynamics,632,4,0,0,5.178423052173655,0
07534,1225,articulation,627,9,8,4,35.91678102701095,0
07534,1225,pedal_depth,636,0,0,0,5.3805366784398965,0
07534,1225,pedal_down_ratio,636,0,0,0,2.745251700636167,0
07534,1225,pedal_changes,636,0,0,0,4.572117241220632,0
07535,1225,tempo,636,0,11,0,8.061905046309295,0
07535,1225,rubato,636,0,37,15,15.527360158981772,0
07535,1225,dynamics,630,6,0,0,5.13677353700872,0
07535,1225,articulation,625,11,14,4,29.785420782244593,0
07535,1225,pedal_depth,636,0,0,0,5.323689150595594,0
07535,1225,pedal_down_ratio,636,0,0,0,2.679225021371506,0
07535,1225,pedal_changes,636,0,0,0,4.826123754621778,0
07536,1225,tempo,636,0,14,1,11.975503027021082,0
07536,1225,rubato,636,0,43,18,22.222989741017095,0
07536,1225,dynamics,631,5,0,0,4.99794181979227,0
07536,1225,articulation,626,10,7,2,38.23946758044936,0
07536,1225,pedal_depth,636,0,0,0,5.817830716302732,0
07536,1225,pedal_down_ratio,636,0,0,0,2.745251700636167,0
07536,1225,pedal_changes,636,0,0,0,4.572117241220632,0
07540,1225,tempo,636,0,11,3,13.207977857789068,0
07540,1225,rubato,636,0,30,10,22.404445653547025,0
07540,1225,dynamics,631,5,0,0,4.49814763781304,0
07540,1225,articulation,626,10,8,1,13.106296642239327,0
07540,1225,pedal_depth,636,0,0,0,2.982313117990917,0
07540,1225,pedal_down_ratio,636,0,0,0,2.7181731230414306,0
07540,1225,pedal_changes,636,0,0,0,3.8100977010171935,0
07545,1225,tempo,636,0,16,2,10.358473817813938,0
07545,1225,rubato,636,0,49,15,18.191553375018426,0
07545,1225,dynamics,631,5,1,0,6.143303486827998,0
07545,1225,articulation,628,8,11,5,24.296724293183594,0
07545,1225,pedal_depth,636,0,0,0,5.337123436604838,0
07545,1225,pedal_down_ratio,636,0,0,0,2.745251700636167,0
07545,1225,pedal_changes,636,0,0,0,4.06410421441834,0
07550,1226,tempo,501,0,48,27,35.88096740480797,0
07550,1226,rubato,501,0,49,28,36.59031022268719,0
07550,1226,dynamics,471,30,0,0,4.120145104399669,0
07550,1226,articulation,450,51,9,2,14.417378439929404,0
07550,1226,pedal_depth,501,0,0,0,5.874424079200675,0
07550,1226,pedal_down_ratio,501,0,0,0,2.8386528019144603,0
07550,1226,pedal_changes,501,0,0,0,3.349518281926409,0
07552,1226,tempo,501,0,45,23,20.775536538410037,0
07552,1226,rubato,501,0,47,24,21.558882152646948,0
07552,1226,dynamics,468,33,0,0,3.9110006828565376,0
07552,1226,articulation,453,48,7,2,23.313877556705762,0
07552,1226,pedal_depth,501,0,0,0,4.116775792846969,0
07552,1226,pedal_down_ratio,501,0,0,0,2.8386528019144603,0
07552,1226,pedal_changes,501,0,0,0,3.045016619933099,0
07553,1226,tempo,499,2,42,28,20.808216426414873,0
07553,1226,rubato,499,2,41,28,20.65592140856708,0
07553,1226,dynamics,466,35,0,0,4.601177273948868,0
07553,1226,articulation,455,46,12,5,15.979975461747335,0
07553,1226,pedal_depth,501,0,0,0,5.608786220999116,0
07553,1226,pedal_down_ratio,501,0,0,0,2.8386528019144603,0
07553,1226,pedal_changes,501,0,1,0,6.090033239866198,0
07563,1226,tempo,500,1,46,20,31.404335161946747,0
07563,1226,rubato,500,1,43,17,31.431369081960877,0
07563,1226,dynamics,476,25,0,0,3.457854436179756,0
07563,1226,articulation,453,48,19,7,15.246239546508257,0
07563,1226,pedal_depth,501,0,3,0,6.564754122889977,0
07563,1226,pedal_down_ratio,501,0,0,0,2.8386528019144603,0
07563,1226,pedal_changes,501,0,1,0,8.221544873819367,0
07569,1226,tempo,500,1,43,20,18.28743948612712,0
07569,1226,rubato,500,1,44,22,19.419675702654384,0
07569,1226,dynamics,469,32,0,0,3.8587145774707543,0
07569,1226,articulation,451,50,15,9,22.23994415659655,0
07569,1226,pedal_depth,501,0,0,0,4.834354010451426,0
07569,1226,pedal_down_ratio,501,0,0,0,2.704849181229388,0
07569,1226,pedal_changes,501,0,1,0,6.699036563852818,0
07570,1226,tempo,500,1,32,12,17.73481603069111,0
07570,1226,rubato,500,1,33,12,18.163963232519436,0
07570,1226,dynamics,469,32,0,0,3.6391129348504685,0
07570,1226,articulation,454,47,6,1,17.182948732315612,0
07570,1226,pedal_depth,501,0,0,0,5.728151581753466,0
07570,1226,pedal_down_ratio,501,0,0,0,2.8121665568729006,0
07570,1226,pedal_changes,501,0,0,0,3.045016619933099,0
07576,1227,tempo,753,1,17,0,9.219914913543036,0
07576,1227,rubato,753,1,30,1,10.031760232737378,0
07576,1227,dynamics,720,34,0,0,4.838738057114703,0
07576,1227,articulation,710,44,9,2,11.860429123785957,0
07576,1227,pedal_depth,754,0,0,0,4.13082957974566,0
07576,1227,pedal_down_ratio,754,0,0,0,2.625424333152874,0
07576,1227,pedal_changes,754,0,1,0,6.523639573818379,0
07577,1227,tempo,754,0,22,1,25.784419928402706,0
07577,1227,rubato,754,0,37,2,29.381502197221124,0
07577,1227,dynamics,726,28,0,0,4.484386027679534,0
07577,1227,articulation,719,35,11,1,13.890803296058657,0
07577,1227,pedal_depth,754,0,0,0,3.417894745598794,0
07577,1227,pedal_down_ratio,754,0,0,0,2.625424333152874,0
07577,1227,pedal_changes,754,0,0,0,5.708184627091081,0
07578,1227,tempo,752,2,17,0,9.346320213239936,0
07578,1227,rubato,752,2,25,1,10.083158771906398,0
07578,1227,dynamics,721,33,0,0,5.681851506460448,0
07578,1227,articulation,715,39,6,1,14.579689148278858,0
07578,1227,pedal_depth,754,0,0,0,3.9667759580154702,0
07578,1227,pedal_down_ratio,754,0,0,0,2.625424333152874,0
07578,1227,pedal_changes,754,0,3,2,14.270461567727702,0
07580,1227,tempo,751,3,34,5,20.156836046955018,0
07580,1227,rubato,751,3,44,9,23.193901248947782,0
07580,1227,dynamics,720,34,1,0,6.231708103859846,0
07580,1227,articulation,705,49,13,3,13.175189871595713,0
07580,1227,pedal_depth,754,0,0,0,4.286875024603943,0
07580,1227,pedal_down_ratio,754,0,0,0,2.625424333152874,0
07580,1227,pedal_changes,754,0,2,1,11.824096727545811,0
07583,1227,tempo,752,2,19,1,12.622525566061384,0
07583,1227,rubato,752,2,30,2,14.544210858916681,0
07583,1227,dynamics,719,35,0,0,5.278623335034222,0
07583,1227,articulation,710,44,8,2,12.753437248653787,0
07583,1227,pedal_depth,754,0,0,0,3.782587149730791,0
07583,1227,pedal_down_ratio,754,0,0,0,2.625424333152874,0
07583,1227,pedal_changes,754,0,5,1,11.416369254182163,0
07584,1227,tempo,752,2,11,1,12.314953972754074,0
07584,1227,rubato,752,2,22,2,14.663588300555165,0
07584,1227,dynamics,717,37,0,0,5.327499477025279,0
07584,1227,articulation,707,47,6,3,15.505621691676934,0
07584,1227,pedal_depth,754,0,0,0,3.73727566247546,0
07584,1227,pedal_down_ratio,754,0,0,0,2.625424333152874,0
07584,1227,pedal_changes,754,0,4,1,16.716826407909593,0
07588,1227,tempo,753,1,23,9,20.560513861884715,0
07588,1227,rubato,753,1,33,12,23.625770827639762,0
07588,1227,dynamics,724,30,0,0,4.569919276163886,0
07588,1227,articulation,709,45,12,3,16.03973638073177,0
07588,1227,pedal_depth,754,0,0,0,4.2888978157083955,0
07588,1227,pedal_down_ratio,754,0,0,0,2.625424333152874,0
07588,1227,pedal_changes,754,0,6,2,15.085916514455,0
07589,1227,tempo,753,1,40,19,40.78133355092362,0
07589,1227,rubato,753,1,45,22,46.38840105876878,0
07589,1227,dynamics,717,37,0,0,5.278623335034221,0
07589,1227,articulation,711,43,23,3,13.989920936926701,0
07589,1227,pedal_depth,754,0,0,0,4.0810127041615045,0
07589,1227,pedal_down_ratio,754,0,0,0,2.625424333152874,0
07589,1227,pedal_changes,754,0,5,2,15.901371461182297,0
07591,1227,tempo,754,0,42,19,41.35797901153239,0
07591,1227,rubato,754,0,47,19,46.77306554800637,0
07591,1227,dynamics,720,34,0,0,4.243845586023543,0
07591,1227,articulation,712,42,17,4,14.148583576880803,0
07591,1227,pedal_depth,754,0,0,0,4.366666257298953,0
07591,1227,pedal_down_ratio,754,0,0,0,2.625424333152874,0
07591,1227,pedal_changes,754,0,7,2,17.532281354636893,0
07594,1228,tempo,603,0,10,4,15.146747077529092,0
07594,1228,rubato,603,0,22,10,23.176957516107798,0
07594,1228,dynamics,583,20,0,0,3.4707693996117697,0
07594,1228,articulation,583,20,5,1,12.817842325420225,0
07594,1228,pedal_depth,603,0,0,0,2.8608839623789817,0
07594,1228,pedal_down_ratio,603,0,0,0,2.510608085355935,0
07594,1228,pedal_changes,603,0,0,0,3.856317793959607,0
07595,1228,tempo,602,1,12,5,16.339245649823745,0
07595,1228,rubato,602,1,26,11,24.98234857107174,0
07595,1228,dynamics,586,17,0,0,3.8525997617561507,0
07595,1228,articulation,584,19,8,3,13.642167867989471,0
07595,1228,pedal_depth,603,0,0,0,3.6051694521458124,0
07595,1228,pedal_down_ratio,603,0,0,0,2.510608085355935,0
07595,1228,pedal_changes,603,0,0,0,5.784476690939411,0
07597,1228,tempo,603,0,7,1,10.601677643723182,0
07597,1228,rubato,603,0,33,8,16.739190872379023,0
07597,1228,dynamics,583,20,0,0,3.6239588263403553,0
07597,1228,articulation,582,21,1,0,7.0711881309198095,0
07597,1228,pedal_depth,603,0,0,0,3.564537151250618,0
07597,1228,pedal_down_ratio,603,0,0,0,2.510608085355935,0
07597,1228,pedal_changes,603,0,0,0,4.177677610122908,0
07598,1228,tempo,603,0,11,0,8.513033598689779,0
07598,1228,rubato,603,0,39,12,16.351404813549074,0
07598,1228,dynamics,586,17,0,0,4.197847574234,0
07598,1228,articulation,585,18,3,2,22.652406436528672,0
07598,1228,pedal_depth,603,0,0,0,3.491081811255139,0
07598,1228,pedal_down_ratio,603,0,0,0,2.510608085355935,0
07598,1228,pedal_changes,603,0,1,0,9.319434668735717,0
07599,1228,tempo,602,1,10,3,16.13158946342603,0
07599,1228,rubato,602,1,27,9,25.43548986841703,0
07599,1228,dynamics,586,17,0,0,3.926908065766282,0
07599,1228,articulation,584,19,4,3,28.401269158602883,0
07599,1228,pedal_depth,603,0,0,0,3.2671858180881737,0
07599,1228,pedal_down_ratio,603,0,0,0,2.510608085355935,0
07599,1228,pedal_changes,603,0,1,0,6.748556139429313,0
07600,1228,tempo,603,0,16,7,15.510277557784978,0
07600,1228,rubato,603,0,45,15,25.884158090965038,0
07600,1228,dynamics,585,18,0,0,3.5496505223302206,0
07600,1228,articulation,583,20,7,0,8.61620046191205,0
07600,1228,pedal_depth,603,0,0,0,2.267287390799728,0
07600,1228,pedal_down_ratio,603,0,0,0,2.510608085355935,0
07600,1228,pedal_changes,603,0,2,1,12.854392646532025,0
07601,1228,tempo,603,0,9,1,10.528167118089724,0
07601,1228,rubato,603,0,26,8,17.729154255091032,0
07601,1228,dynamics,588,15,0,0,4.389905959983269,0
07601,1228,articulation,586,17,4,0,9.988463175564945,0
07601,1228,pedal_depth,603,0,0,0,3.689250059400175,0
07601,1228,pedal_down_ratio,603,0,0,0,2.510608085355935,0
07601,1228,pedal_changes,603,0,0,0,3.856317793959607,0
07604,1228,tempo,602,1,25,6,20.165688186602775,0
07604,1228,rubato,602,1,55,26,35.070581219063975,0
07604,1228,dynamics,583,20,0,0,4.389905959983269,0
07604,1228,articulation,582,21,10,6,19.450656675305215,0
07604,1228,pedal_depth,603,0,0,0,2.9007067691969493,0
07604,1228,pedal_down_ratio,603,0,0,0,2.510608085355935,0
07604,1228,pedal_changes,603,0,0,0,3.856317793959607,0
07605,1228,tempo,603,0,26,3,17.002938221969146,0
07605,1228,rubato,603,0,61,25,28.47921159372837,0
07605,1228,dynamics,585,18,0,0,3.841167714985359,0
07605,1228,articulation,583,20,9,2,20.24100473062486,0
07605,1228,pedal_depth,603,0,0,0,2.9007067691969493,0
07605,1228,pedal_down_ratio,603,0,0,0,2.510608085355935,0
07605,1228,pedal_changes,603,0,1,0,6.4271963232660125,0
07606,1228,tempo,602,1,18,4,14.931851951249723,0
07606,1228,rubato,602,1,39,16,25.37677343153873,0
07606,1228,dynamics,585,18,0,0,3.3076721990151694,0
07606,1228,articulation,584,19,9,3,19.201118982135608,0
07606,1228,pedal_depth,603,0,0,0,2.477028741319794,0
07606,1228,pedal_down_ratio,603,0,0,0,2.510608085355935,0
07606,1228,pedal_changes,603,0,0,0,5.14175705861281,0
07607,1228,tempo,602,1,15,1,21.38167038229443,0
07607,1228,rubato,602,1,27,15,34.7471480190912,0
07607,1228,dynamics,584,19,0,0,3.3930314815703992,0
07607,1228,articulation,584,19,4,3,16.959052640069455,0
07607,1228,pedal_depth,603,0,0,0,2.477028741319794,0
07607,1228,pedal_down_ratio,603,0,0,0,2.510608085355935,0
07607,1228,pedal_changes,603,0,1,0,6.105836507102712,0
07608,1228,tempo,602,1,19,4,14.527671925452925,0
07608,1228,rubato,602,1,48,21,24.787946140265266,0
07608,1228,dynamics,584,19,0,0,4.2984495858169485,0
07608,1228,articulation,583,20,8,4,17.13327237497751,0
07608,1228,pedal_depth,603,0,0,0,2.9007067691969493,0
07608,1228,pedal_down_ratio,603,0,0,0,2.510608085355935,0
07608,1228,pedal_changes,603,0,0,0,5.784476690939411,0
07610,1228,tempo,602,1,8,2,12.18844548117862,0
07610,1228,rubato,602,1,27,6,18.206163385442064,0
07610,1228,dynamics,585,18,0,0,3.6559685572985656,0
07610,1228,articulation,583,20,9,2,13.308460463446341,0
07610,1228,pedal_depth,603,0,0,0,4.517870579271205,0
07610,1228,pedal_down_ratio,603,0,0,0,2.510608085355935,0
07610,1228,pedal_changes,603,0,1,0,6.105836507102712,0
07612,1228,tempo,603,0,17,4,13.846092288160655,0
07612,1228,rubato,603,0,43,20,24.454203248803275,0
07612,1228,dynamics,587,16,0,0,3.8274492588604105,0
07612,1228,articulation,587,16,7,0,8.23023567941162,0
07612,1228,pedal_depth,603,0,0,0,4.1071550720648515,0
07612,1228,pedal_down_ratio,603,0,0,0,2.510608085355935,0
07612,1228,pedal_changes,603,0,2,0,8.355355220245816,0
07613,1228,tempo,601,2,15,3,14.04882634318233,0
07613,1228,rubato,601,2,41,14,23.850783927579254,0
07613,1228,dynamics,585,18,0,0,5.826424294209933,0
07613,1228,articulation,585,18,6,3,25.279562661337625,0
07613,1228,pedal_depth,603,0,0,0,3.0017622312763432,0
07613,1228,pedal_down_ratio,603,0,0,0,2.510608085355935,0
07613,1228,pedal_changes,603,0,0,0,5.784476690939411,0
07615,1228,tempo,603,0,13,3,13.172973307327945,0
07615,1228,rubato,603,0,31,13,22.22719229088979,0
07615,1228,dynamics,585,18,1,0,6.228179080726259,0
07615,1228,articulation,584,19,8,1,10.45346104673958,0
07615,1228,pedal_depth,603,0,0,0,2.696371087219456,0
07615,1228,pedal_down_ratio,603,0,0,0,2.510608085355935,0
07615,1228,pedal_changes,603,0,0,0,5.14175705861281,0
00436,122,tempo,466,0,26,3,25.328857770855283,0
00436,122,rubato,466,0,26,5,28.291150456294478,0
00436,122,dynamics,439,27,10,1,11.29316285123644,0
00436,122,articulation,435,31,17,1,10.347218838169022,0
00436,122,pedal_depth,466,0,0,0,4.663794141869842,0
00436,122,pedal_down_ratio,466,0,0,0,3.9440253788112267,0
00436,122,pedal_changes,466,0,2,0,7.622836613618199,0
00437,122,tempo,466,0,8,1,10.621644821652518,0
00437,122,rubato,466,0,8,1,11.412932050859583,0
00437,122,dynamics,440,26,0,0,3.691469697135399,0
00437,122,articulation,438,28,3,0,8.361877482017581,0
00437,122,pedal_depth,466,0,0,0,2.8118289861565624,0
00437,122,pedal_down_ratio,466,0,0,0,3.9440253788112267,0
00437,122,pedal_changes,466,0,0,0,3.8114183068090997,0
00438,122,tempo,466,0,3,1,16.76042652206795,0
00438,122,rubato,466,0,4,1,18.37626465551015,0
00438,122,dynamics,440,26,0,0,3.1010831294117174,0
00438,122,articulation,439,27,1,0,7.463060823217833,0
00438,122,pedal_depth,466,0,0,0,2.268785847928585,0
00438,122,pedal_down_ratio,466,0,0,0,3.9440253788112267,0
00438,122,pedal_changes,466,0,1,0,7.622836613618199,0
00439,122,tempo,465,1,3,1,29.12409273504095,0
00439,122,rubato,465,1,4,1,31.218570421862154,0
00439,122,dynamics,440,26,0,0,4.8672711562229685,0
00439,122,articulation,438,28,8,2,17.76531132399708,0
00439,122,pedal_depth,466,0,0,0,2.6446670903568257,0
00439,122,pedal_down_ratio,466,0,0,0,3.8895269340702874,0
00439,122,pedal_changes,466,0,0,0,5.0818910757454665,0
00440,122,tempo,465,1,13,1,10.643262101066002,0
00440,122,rubato,465,1,22,1,12.241160473627135,0
00440,122,dynamics,443,23,47,5,12.031456790663524,0
00440,122,articulation,441,25,27,3,15.015528504963997,0
00440,122,pedal_depth,466,0,5,0,8.195516453139641,0
00440,122,pedal_down_ratio,466,0,0,0,3.9440253788112267,0
00440,122,pedal_changes,466,0,0,0,5.0818910757454665,0
00441,122,tempo,466,0,17,1,10.0213535012888,0
00441,122,rubato,466,0,17,2,11.559217698216644,0
00441,122,dynamics,441,25,25,1,10.254082492042773,0
00441,122,articulation,434,32,14,2,26.698079562334687,0
00441,122,pedal_depth,466,0,0,0,5.591017668458907,0
00441,122,pedal_down_ratio,466,0,0,0,3.9440253788112267,0
00441,122,pedal_changes,466,0,0,0,4.446654691277283,0
07639,1230,tempo,547,0,2,0,6.27535576994103,0
07639,1230,rubato,547,0,5,2,10.753449648338368,0
07639,1230,dynamics,443,104,0,0,4.070405105015276,0
07639,1230,articulation,440,107,13,2,19.946980229401646,0
07639,1230,pedal_depth,547,0,0,0,2.4883095223746863,0
07639,1230,pedal_down_ratio,547,0,0,0,2.6029324514259424,0
07639,1230,pedal_changes,547,0,0,0,4.384111440372192,0
07640,1230,tempo,547,0,0,0,4.701182644428842,0
07640,1230,rubato,547,0,0,0,5.79554998319315,0
07640,1230,dynamics,447,100,0,0,4.359751865602337,0
07640,1230,articulation,445,102,11,0,9.94381934773315,0
07640,1230,pedal_depth,547,0,0,0,4.046669238364167,0
07640,1230,pedal_down_ratio,547,0,0,0,2.6029324514259424,0
07640,1230,pedal_changes,547,0,0,0,4.384111440372192,0
07642,1230,tempo,547,0,0,0,4.393749654880204,0
07642,1230,rubato,547,0,2,0,7.547475443515066,0
07642,1230,dynamics,446,101,0,0,2.815265778684918,0
07642,1230,articulation,446,101,3,1,10.746304160484446,0
07642,1230,pedal_depth,547,0,1,0,6.141903562241167,0
07642,1230,pedal_down_ratio,547,0,0,0,2.6029324514259424,0
07642,1230,pedal_changes,547,0,0,0,4.782667025860573,0
07643,1230,tempo,547,0,0,0,4.609024468575217,0
07643,1230,rubato,547,0,5,0,9.733472599615611,0
07643,1230,dynamics,445,102,0,0,2.4047061859600327,0
07643,1230,articulation,442,105,4,1,14.514599392436933,0
07643,1230,pedal_depth,547,0,0,0,5.373772492360809,0
07643,1230,pedal_down_ratio,547,0,0,0,2.6029324514259424,0
07643,1230,pedal_changes,547,0,0,0,3.58700026939543,0
07644,1230,tempo,547,0,0,0,5.548361287997529,0
07644,1230,rubato,547,0,7,0,9.517876059872519,0
07644,1230,dynamics,440,107,0,0,4.046944556859568,0
07644,1230,articulation,439,108,9,1,12.528953538763613,0
07644,1230,pedal_depth,547,0,0,0,5.802762189361133,0
07644,1230,pedal_down_ratio,547,0,0,0,2.6029324514259424,0
07644,1230,pedal_changes,547,0,0,0,4.782667025860573,0
07645,1230,tempo,547,0,0,0,5.589384932921937,0
07645,1230,rubato,547,0,9,2,10.68825114113704,0
07645,1230,dynamics,441,106,0,0,2.6979630379063795,0
07645,1230,articulation,437,110,7,1,13.12797338297462,0
07645,1230,pedal_depth,547,0,0,0,4.697956786768109,0
07645,1230,pedal_down_ratio,547,0,0,0,2.6029324514259424,0
07645,1230,pedal_changes,547,0,0,0,5.579778196837336,0
07652,1230,tempo,547,0,2,1,10.802741558493407,0
07652,1230,rubato,547,0,4,1,16.655780479710174,0
07652,1230,dynamics,443,104,0,0,2.903242834268821,0
07652,1230,articulation,441,106,25,0,9.70811969432087,0
07652,1230,pedal_depth,547,0,0,0,3.9105339426215533,0
07652,1230,pedal_down_ratio,547,0,0,0,2.6029324514259424,0
07652,1230,pedal_changes,547,0,0,0,3.188444683907049,0
07653,1230,tempo,547,0,0,0,4.152523401010682,0
07653,1230,rubato,547,0,2,0,6.386991989391676,0
07653,1230,dynamics,443,104,0,0,5.1759834368529996,0
07653,1230,articulation,442,105,16,2,14.533258319108883,0
07653,1230,pedal_depth,547,0,0,0,2.791446176444949,0
07653,1230,pedal_down_ratio,547,0,0,0,2.6029324514259424,0
07653,1230,pedal_changes,547,0,0,0,4.782667025860573,0
07655,1230,tempo,547,0,0,0,4.982988721316594,0
07655,1230,rubato,547,0,3,0,9.045857998581518,0
07655,1230,dynamics,444,103,0,0,4.589469732960308,0
07655,1230,articulation,443,104,16,1,12.127530023427571,0
07655,1230,pedal_depth,547,0,0,0,5.6265086993966635,0
07655,1230,pedal_down_ratio,547,0,0,0,2.6029324514259424,0
07655,1230,pedal_changes,547,0,0,0,5.579778196837336,0
07656,1230,tempo,547,0,1,1,10.766752641706173,0
07656,1230,rubato,547,0,2,1,19.915699804910254,0
07656,1230,dynamics,445,102,0,0,4.105595927248838,0
07656,1230,articulation,445,102,21,1,11.052081512562497,0
07656,1230,pedal_depth,547,0,0,0,5.369573215965794,0
07656,1230,pedal_down_ratio,547,0,0,0,2.6029324514259424,0
07656,1230,pedal_changes,547,0,0,0,4.384111440372192,0
07659,1231,tempo,546,0,11,0,9.46190123368713,0
07659,1231,rubato,546,0,25,2,11.54918034075361,0
07659,1231,dynamics,545,1,22,0,8.744617326113914,0
07659,1231,articulation,534,12,47,20,39.640647021736186,0
07659,1231,pedal_depth,546,0,4,0,7.152834434212583,0
07659,1231,pedal_down_ratio,546,0,0,0,4.567468727046097,0
07659,1231,pedal_changes,546,0,0,0,5.807755465247198,0
07661,1231,tempo,546,0,5,1,13.281079389490923,0
07661,1231,rubato,546,0,8,4,19.156258800058623,0
07661,1231,dynamics,542,4,5,0,6.3490555484268,0
07661,1231,articulation,533,13,27,8,46.57634226747108,0
07661,1231,pedal_depth,546,0,4,0,6.593274393579958,0
07661,1231,pedal_down_ratio,546,0,0,0,4.567468727046097,0
07661,1231,pedal_changes,546,0,1,0,6.130408546649821,0
07662,1231,tempo,546,0,9,2,11.196892767279715,0
07662,1231,rubato,546,0,27,4,16.095699710491296,0
07662,1231,dynamics,544,2,7,0,8.777290828351433,0
07662,1231,articulation,532,14,35,16,52.10154305106455,0
07662,1231,pedal_depth,546,0,2,0,7.183709755531985,0
07662,1231,pedal_down_ratio,546,0,0,0,4.567468727046097,0
07662,1231,pedal_changes,546,0,1,0,6.130408546649821,0
07742,1233,tempo,511,3,6,0,9.531523091803729,0
07742,1233,rubato,511,3,13,3,12.227296630953578,0
07742,1233,dynamics,471,43,0,0,3.3474340229892707,0
07742,1233,articulation,462,52,7,2,11.869103316672538,0
07742,1233,pedal_depth,514,0,0,0,3.6899967308750603,0
07742,1233,pedal_down_ratio,514,0,0,0,2.488974272873992,0
07742,1233,pedal_changes,514,0,0,0,4.4158851353081126,0
07745,1233,tempo,514,0,15,1,11.06328449953992,0
07745,1233,rubato,514,0,23,7,14.240503792969383,0
07745,1233,dynamics,480,34,0,0,4.8193490891529835,0
07745,1233,articulation,476,38,2,0,9.306749772331605,0
07745,1233,pedal_depth,514,0,0,0,3.792090665949515,0
07745,1233,pedal_down_ratio,514,0,0,0,2.488974272873992,0
07745,1233,pedal_changes,514,0,0,0,4.014441032098285,0
07746,1233,tempo,511,3,3,0,9.440208054690423,0
07746,1233,rubato,511,3,8,2,11.178094596106343,0
07746,1233,dynamics,486,28,0,0,4.045996239447307,0
07746,1233,articulation,482,32,9,2,11.438016529147315,0
07746,1233,pedal_depth,514,0,0,0,3.4448969955614155,0
07746,1233,pedal_down_ratio,514,0,0,0,2.488974272873992,0
07746,1233,pedal_changes,514,0,0,0,4.817329238517941,0
07749,1233,tempo,513,1,2,0,7.387203978537434,0
07749,1233,rubato,513,1,13,2,12.127658201767371,0
07749,1233,dynamics,481,33,1,0,6.638221885885654,0
07749,1233,articulation,481,33,6,2,10.95167951250639,0
07749,1233,pedal_depth,514,0,0,0,4.239435821212005,0
07749,1233,pedal_down_ratio,514,0,0,0,2.488974272873992,0
07749,1233,pedal_changes,514,0,1,0,6.021661548147426,0
07752,1233,tempo,514,0,7,0,7.597894895215922,0
07752,1233,rubato,514,0,17,0,9.53968460039123,0
07752,1233,dynamics,483,31,0,0,4.638176694913582,0
07752,1233,articulation,470,44,5,0,8.096715096192431,0
07752,1233,pedal_depth,514,0,0,0,2.662429579998298,0
07752,1233,pedal_down_ratio,514,0,0,0,2.488974272873992,0
07752,1233,pedal_changes,514,0,2,0,6.423105651357255,0
07753,1233,tempo,511,3,8,0,8.34784730691089,0
07753,1233,rubato,511,3,16,4,11.675678419610154,0
07753,1233,dynamics,486,28,0,0,4.460885107315159,0
07753,1233,articulation,479,35,5,3,12.205085314176676,0
07753,1233,pedal_depth,514,0,0,0,4.624733251543246,0
07753,1233,pedal_down_ratio,514,0,0,0,2.488974272873992,0
07753,1233,pedal_changes,514,0,0,0,3.2115528256786274,0
07756,1233,tempo,512,2,14,0,9.19273227138133,0
07756,1233,rubato,512,2,20,3,12.240571848930243,0
07756,1233,dynamics,477,37,0,0,5.536277052828634,0
07756,1233,articulation,472,42,5,0,9.823898658543301,0
07756,1233,pedal_depth,514,0,0,0,4.239435821212005,0
07756,1233,pedal_down_ratio,514,0,0,0,2.488974272873992,0
07756,1233,pedal_changes,514,0,0,0,4.4158851353081126,0
07765,1233,tempo,508,6,11,0,9.51699138372781,0
07765,1233,rubato,508,6,23,7,11.221773130139452,0
07765,1233,dynamics,477,37,0,0,3.998106210127702,0
07765,1233,articulation,475,39,2,1,10.565381153695734,0
07765,1233,pedal_depth,514,0,0,0,4.770264491494081,0
07765,1233,pedal_down_ratio,514,0,0,0,2.488974272873992,0
07765,1233,pedal_changes,514,0,0,0,3.612996928888456,0
07766,1233,tempo,510,4,14,0,9.730374803660151,0
07766,1233,rubato,510,4,28,6,12.643249183942743,0
07766,1233,dynamics,475,39,0,0,4.905645973669498,0
07766,1233,articulation,472,42,7,3,15.060814237360919,0
07766,1233,pedal_depth,514,0,0,0,3.200474748443809,0
07766,1233,pedal_down_ratio,514,0,0,0,2.488974272873992,0
07766,1233,pedal_changes,514,0,0,0,5.620217444937598,0
07769,1233,tempo,507,7,9,0,9.104535526445602,0
07769,1233,rubato,507,7,20,4,11.787928000500646,0
07769,1233,dynamics,476,38,0,0,4.261738450738591,0
07769,1233,articulation,474,40,8,3,13.356328116291607,0
07769,1233,pedal_depth,514,0,0,0,2.884469410084327,0
07769,1233,pedal_down_ratio,514,0,0,0,2.488974272873992,0
07769,1233,pedal_changes,514,0,0,0,4.014441032098285,0
07677,1234,tempo,1219,0,10,1,11.926966651141298,0
07677,1234,rubato,1219,0,38,11,20.345885188154313,0
07677,1234,dynamics,1212,7,0,0,3.988342697367387,0
07677,1234,articulation,1203,16,3,1,15.19545393680055,0
07677,1234,pedal_depth,1219,0,0,0,5.208019951311816,0
07677,1234,pedal_down_ratio,1219,0,0,0,2.664718925359608,0
07677,1234,pedal_changes,1219,0,2,0,6.40246503329072,0
07689,1234,tempo,1219,0,18,2,10.419802878545573,0
07689,1234,rubato,1219,0,45,16,16.47096504167978,0
07689,1234,dynamics,1212,7,0,0,5.341966815054637,0
07689,1234,articulation,1206,13,11,1,24.32581688700615,0
07689,1234,pedal_depth,1219,0,0,0,5.550652842845894,0
07689,1234,pedal_down_ratio,1219,0,0,0,2.664718925359608,0
07689,1234,pedal_changes,1219,0,2,0,8.37245427430325,0
07691,1234,tempo,1219,0,10,2,11.834878912073469,0
07691,1234,rubato,1219,0,51,11,20.45716598816173,0
07691,1234,dynamics,1210,9,0,0,4.532577903682721,0
07691,1234,articulation,1200,19,10,0,9.984228577505332,0
07691,1234,pedal_depth,1219,0,0,0,5.893285734379298,0
07691,1234,pedal_down_ratio,1219,0,0,0,2.664718925359608,0
07691,1234,pedal_changes,1219,0,0,0,5.909967723037587,0
07692,1234,tempo,1219,0,17,2,11.738553441024047,0
07692,1234,rubato,1219,0,50,11,20.403726779411347,0
07692,1234,dynamics,1211,8,0,0,5.848413019598781,0
07692,1234,articulation,1203,16,5,0,9.799603642535855,0
07692,1234,pedal_depth,1219,0,0,0,5.208019951311816,0
07692,1234,pedal_down_ratio,1219,0,0,0,2.664718925359608,0
07692,1234,pedal_changes,1219,0,1,1,28.564843994681674,0
07696,1234,tempo,1219,0,3,0,7.845083270984628,0
07696,1234,rubato,1219,0,37,5,14.94111426667889,0
07696,1234,dynamics,1207,12,0,0,4.451639012545532,0
07696,1234,articulation,1192,27,6,1,25.39484924778259,0
07696,1234,pedal_depth,1219,0,0,0,4.378688446055433,0
07696,1234,pedal_down_ratio,1219,0,0,0,2.664718925359608,0
07696,1234,pedal_changes,1219,0,5,3,26.10235744341601,0
07698,1234,tempo,1218,1,24,1,12.529405537985948,0
07698,1234,rubato,1218,1,70,19,19.62722949982082,0
07698,1234,dynamics,1212,7,0,0,5.018211250505871,0
07698,1234,articulation,1203,16,16,0,7.591606055922692,0
07698,1234,pedal_depth,1219,0,1,0,6.167392047606065,0
07698,1234,pedal_down_ratio,1219,0,0,0,2.664718925359608,0
07698,1234,pedal_changes,1219,0,1,1,35.952303648478654,0
07700,1234,tempo,1219,0,9,0,8.734925903446092,0
07700,1234,rubato,1219,0,31,8,13.810055283039956,0
07700,1234,dynamics,1211,8,0,0,5.341966815054636,0
07700,1234,articulation,1202,17,8,1,11.940380399834812,0
07700,1234,pedal_depth,1219,0,0,0,5.41359968623205,0
07700,1234,pedal_down_ratio,1219,0,0,0,2.664718925359608,0
07700,1234,pedal_changes,1219,0,1,0,9.849946205062645,0
07702,1234,tempo,1219,0,8,0,8.190843686240058,0
07702,1234,rubato,1219,0,31,7,14.3883334646073,0
07702,1234,dynamics,1211,8,0,0,4.748414946715233,0
07702,1234,articulation,1194,25,3,1,15.038140379669814,0
07702,1234,pedal_depth,1219,0,0,0,5.41359968623205,0
07702,1234,pedal_down_ratio,1219,0,0,0,2.664718925359608,0
07702,1234,pedal_changes,1219,0,1,0,6.40246503329072,0
07703,1234,tempo,1219,0,3,1,10.361583745905834,0
07703,1234,rubato,1219,0,31,5,15.822702843292006,0
07703,1234,dynamics,1211,8,0,0,5.50384459732902,0
07703,1234,articulation,1196,23,7,2,12.548305361895528,0
07703,1234,pedal_depth,1219,0,0,0,5.41359968623205,0
07703,1234,pedal_down_ratio,1219,0,0,0,2.664718925359608,0
07703,1234,pedal_changes,1219,0,1,0,6.40246503329072,0
07704,1234,tempo,1219,0,8,1,10.546150117698303,0
07704,1234,rubato,1219,0,25,11,19.03585241696211,0
07704,1234,dynamics,1209,10,0,0,5.58478348846621,0
07704,1234,articulation,1198,21,7,1,12.80655456510755,0
07704,1234,pedal_depth,1219,0,0,0,5.262863462846698,0
07704,1234,pedal_down_ratio,1219,0,0,0,2.664718925359608,0
07704,1234,pedal_changes,1219,0,0,0,4.432475792278191,0
07715,1234,tempo,1218,1,21,5,19.983125935982248,0
07715,1234,rubato,1218,1,40,17,32.45178564568683,0
07715,1234,dynamics,1207,12,0,0,5.495046891770631,0
07715,1234,articulation,1198,21,11,3,18.28361162091973,0
07715,1234,pedal_depth,1219,0,0,0,3.59459944489801,0
07715,1234,pedal_down_ratio,1219,0,0,0,2.664718925359608,0
07715,1234,pedal_changes,1219,0,0,0,5.909967723037587,0
07717,1234,tempo,1219,0,7,2,22.65303585272286,0
07717,1234,rubato,1219,0,23,5,35.17482569405667,0
07717,1234,dynamics,1212,7,0,0,4.8563334682314885,0
07717,1234,articulation,1204,15,4,0,8.3156515678833,0
07717,1234,pedal_depth,1219,0,0,0,4.641082038924755,0
07717,1234,pedal_down_ratio,1219,0,0,0,2.664718925359608,0
07717,1234,pedal_changes,1219,0,0,0,5.909967723037587,0
07723,1234,tempo,1219,0,20,2,21.276770056709754,0
07723,1234,rubato,1219,0,39,14,32.50127257502778,0
07723,1234,dynamics,1208,11,0,0,5.4460311036596,0
07723,1234,articulation,1192,27,10,4,19.403994327861906,0
07723,1234,pedal_depth,1219,0,0,0,5.608619175653385,0
07723,1234,pedal_down_ratio,1219,0,0,0,2.664718925359608,0
07723,1234,pedal_changes,1219,0,1,0,6.40246503329072,0
07727,1234,tempo,1219,0,9,1,13.059128577177045,0
07727,1234,rubato,1219,0,56,9,19.952889869064855,0
07727,1234,dynamics,1212,7,0,0,5.561658090998443,0
07727,1234,articulation,1198,21,4,0,7.129097691091175,0
07727,1234,pedal_depth,1219,0,0,0,5.41359968623205,0
07727,1234,pedal_down_ratio,1219,0,0,0,2.664718925359608,0
07727,1234,pedal_changes,1219,0,5,1,10.342443515315779,0
07729,1234,tempo,1219,0,10,1,10.328376474083628,0
07729,1234,rubato,1219,0,42,13,18.33566707117943,0
07729,1234,dynamics,1210,9,0,0,5.050586806960747,0
07729,1234,articulation,1204,15,3,0,7.028229797626444,0
07729,1234,pedal_depth,1219,0,0,0,4.180121276710764,0
07729,1234,pedal_down_ratio,1219,0,0,0,2.664718925359608,0
07729,1234,pedal_changes,1219,0,1,0,8.864951584556382,0
07732,1234,tempo,1219,0,12,0,9.342036083157817,0
07732,1234,rubato,1219,0,45,13,15.053437636028438,0
07732,1234,dynamics,1210,9,0,0,4.3450052353330415,0
07732,1234,articulation,1202,17,8,3,15.418237524333525,0
07732,1234,pedal_depth,1219,0,0,0,4.192524106727194,0
07732,1234,pedal_down_ratio,1219,0,0,0,2.664718925359608,0
07732,1234,pedal_changes,1219,0,0,0,4.924973102531323,0
07734,1234,tempo,1219,0,12,1,10.220908761063852,0
07734,1234,rubato,1219,0,45,16,17.49967088977198,0
07734,1234,dynamics,1212,7,0,0,5.261027923917446,0
07734,1234,articulation,1208,11,6,2,11.418115903532618,0
07734,1234,pedal_depth,1219,0,0,0,2.4091621670617163,0
07734,1234,pedal_down_ratio,1219,0,0,0,2.664718925359608,0
07734,1234,pedal_changes,1219,0,1,1,10.342443515315779,0
07736,1234,tempo,1219,0,10,0,9.162873507717775,0
07736,1234,rubato,1219,0,51,10,15.178377413668313,0
07736,1234,dynamics,1211,8,0,0,4.614801539123679,0
07736,1234,articulation,1204,15,8,2,24.595428167789116,0
07736,1234,pedal_depth,1219,0,0,0,4.058195335402404,0
07736,1234,pedal_down_ratio,1219,0,0,0,2.664718925359608,0
07736,1234,pedal_changes,1219,0,1,0,6.8949623435438525,0
07772,1234,tempo,1219,0,19,2,12.957574234950492,0
07772,1234,rubato,1219,0,50,16,22.183220334857456,0
07772,1234,dynamics,1211,8,0,0,5.341966815054637,0
07772,1234,articulation,1198,21,12,1,11.6080985470001,0
07772,1234,pedal_depth,1219,0,0,0,3.0753844617743793,0
07772,1234,pedal_down_ratio,1219,0,0,0,2.664718925359608,0
07772,1234,pedal_changes,1219,0,1,0,7.879956964050117,0
07779,1235,tempo,555,0,4,1,10.937235326221474,0
07779,1235,rubato,555,0,8,2,11.997941803416369,0
07779,1235,dynamics,518,37,0,0,5.026044046422374,0
07779,1235,articulation,515,40,4,0,8.088201679374126,0
07779,1235,pedal_depth,555,0,0,0,3.436201829895895,0
07779,1235,pedal_down_ratio,555,0,0,0,2.6625331349573753,0
07779,1235,pedal_changes,555,0,2,0,7.728505008345589,0
07783,1235,tempo,555,0,4,0,7.0311512298238865,0
07783,1235,rubato,555,0,2,0,7.239411352061792,0
07783,1235,dynamics,524,31,0,0,3.672710974182237,0
07783,1235,articulation,519,36,4,0,9.231618018479052,0
07783,1235,pedal_depth,555,0,0,0,3.349218076946276,0
07783,1235,pedal_down_ratio,555,0,0,0,2.6625331349573753,0
07783,1235,pedal_changes,555,0,0,0,4.756003082058824,0
07784,1235,tempo,555,0,9,1,14.041545224692399,0
07784,1235,rubato,555,0,13,1,15.178336276807723,0
07784,1235,dynamics,522,33,0,0,4.525615418423612,0
07784,1235,articulation,517,38,4,2,16.11090018242791,0
07784,1235,pedal_depth,555,0,0,0,3.6798869513833705,0
07784,1235,pedal_down_ratio,555,0,0,0,2.6625331349573753,0
07784,1235,pedal_changes,555,0,1,0,7.134004623088236,0
07785,1235,tempo,555,0,13,4,13.23084183478439,0
07785,1235,rubato,555,0,16,4,16.280492680161835,0
07785,1235,dynamics,522,33,0,0,4.0795812065116674,0
07785,1235,articulation,516,39,9,2,14.556214595424594,0
07785,1235,pedal_depth,555,0,0,0,3.849218311423633,0
07785,1235,pedal_down_ratio,555,0,0,0,2.6625331349573753,0
07785,1235,pedal_changes,555,0,2,1,11.295507319889708,0
07786,1235,tempo,555,0,7,4,11.460154016818814,0
07786,1235,rubato,555,0,8,4,13.104036911381517,0
07786,1235,dynamics,526,29,0,0,3.9163979582512005,0
07786,1235,articulation,519,36,2,1,11.546741986531933,0
07786,1235,pedal_depth,555,0,0,0,4.761220812832031,0
07786,1235,pedal_down_ratio,555,0,0,0,2.6625331349573753,0
07786,1235,pedal_changes,555,0,1,0,7.728505008345589,0
07787,1235,tempo,555,0,13,6,13.774931318872287,0
07787,1235,rubato,555,0,17,6,15.044136523016718,0
07787,1235,dynamics,522,33,0,0,4.438584352684695,0
07787,1235,articulation,515,40,8,0,9.531078192519873,0
07787,1235,pedal_depth,555,0,0,0,3.3235804873660175,0
07787,1235,pedal_down_ratio,555,0,0,0,2.6625331349573753,0
07787,1235,pedal_changes,555,0,0,0,5.3505034673161775,0
07788,1235,tempo,555,0,7,1,12.6506621400776,0
07788,1235,rubato,555,0,9,1,14.110278984591318,0
07788,1235,dynamics,522,33,0,0,4.699677549901441,0
07788,1235,articulation,517,38,5,2,11.51694570344223,0
07788,1235,pedal_depth,555,0,0,0,2.992925310417821,0
07788,1235,pedal_down_ratio,555,0,0,0,2.6625331349573753,0
07788,1235,pedal_changes,555,0,1,0,7.728505008345589,0
07789,1235,tempo,555,0,5,1,10.463940069762012,0
07789,1235,rubato,555,0,6,1,11.09860236332305,0
07789,1235,dynamics,524,31,0,0,2.676205271471654,0
07789,1235,articulation,518,37,6,0,9.38155588350807,0
07789,1235,pedal_depth,555,0,0,0,3.683852479687747,0
07789,1235,pedal_down_ratio,555,0,0,0,2.6625331349573753,0
07789,1235,pedal_changes,555,0,1,0,6.539504237830883,0
07790,1235,tempo,555,0,6,0,7.778784369084293,0
07790,1235,rubato,555,0,9,0,9.329201502692769,0
07790,1235,dynamics,525,30,0,0,3.916397958251201,0
07790,1235,articulation,518,37,8,2,16.93305242075313,0
07790,1235,pedal_depth,555,0,0,0,3.1618670360794154,0
07790,1235,pedal_down_ratio,555,0,0,0,2.6625331349573753,0
07790,1235,pedal_changes,555,0,0,0,5.3505034673161775,0
07791,1235,tempo,555,0,9,1,10.082565266350061,0
07791,1235,rubato,555,0,15,4,11.089023824319353,0
07791,1235,dynamics,522,33,0,0,2.6199977081819377,0
07791,1235,articulation,513,42,10,2,16.866308859779313,0
07791,1235,pedal_depth,555,0,0,0,3.7250958278360913,0
07791,1235,pedal_down_ratio,555,0,0,0,2.6625331349573753,0
07791,1235,pedal_changes,555,0,0,0,4.161502696801471,0
07792,1235,tempo,555,0,8,2,15.233582436306037,0
07792,1235,rubato,555,0,12,3,17.906417595323667,0
07792,1235,dynamics,523,32,0,0,3.6553047610344542,0
07792,1235,articulation,516,39,9,4,30.031301653054538,0
07792,1235,pedal_depth,555,0,0,0,3.2795374266215145,0
07792,1235,pedal_down_ratio,555,0,0,0,2.6625331349573753,0
07792,1235,pedal_changes,555,0,0,0,5.3505034673161775,0
07793,1235,tempo,555,0,15,1,12.399330682341343,0
07793,1235,rubato,555,0,18,3,13.869090184657109,0
07793,1235,dynamics,520,35,0,0,3.252786081991969,0
07793,1235,articulation,512,43,16,5,18.979662024128206,0
07793,1235,pedal_depth,555,0,0,0,4.280074268641802,0
07793,1235,pedal_down_ratio,555,0,0,0,2.6625331349573753,0
07793,1235,pedal_changes,555,0,1,0,7.728505008345589,0
07794,1235,tempo,555,0,16,3,14.172984613261539,0
07794,1235,rubato,555,0,18,3,16.06542867959206,0
07794,1235,dynamics,519,36,0,0,3.6009103449476316,0
07794,1235,articulation,514,41,16,6,24.04773776736679,0
07794,1235,pedal_depth,555,0,0,0,3.1493088217871925,0
07794,1235,pedal_down_ratio,555,0,0,0,2.6625331349573753,0
07794,1235,pedal_changes,555,0,0,0,5.945003852573531,0
07795,1235,tempo,555,0,9,1,15.364779184433365,0
07795,1235,rubato,555,0,10,3,18.306115102611567,0
07795,1235,dynamics,520,35,0,0,4.5038576519888815,0
07795,1235,articulation,516,39,5,2,16.557273144420268,0
07795,1235,pedal_depth,555,0,0,0,3.8686805222399205,0
07795,1235,pedal_down_ratio,555,0,0,0,2.662533134957377,0
07795,1235,pedal_changes,555,0,0,0,5.3505034673161775,0
07796,1235,tempo,555,0,4,1,11.91323394532961,0
07796,1235,rubato,555,0,6,1,13.104386867407648,0
07796,1235,dynamics,522,33,0,0,5.678777039464242,0
07796,1235,articulation,518,37,2,0,8.058914460010037,0
07796,1235,pedal_depth,555,0,0,0,3.6798869513833705,0
07796,1235,pedal_down_ratio,555,0,0,0,2.6625331349573753,0
07796,1235,pedal_changes,555,0,1,1,13.079008475661766,0
07800,1235,tempo,555,0,16,3,12.728017145119889,0
07800,1235,rubato,555,0,16,3,12.586725957540894,0
07800,1235,dynamics,525,30,0,0,4.308037754076321,0
07800,1235,articulation,519,36,9,1,12.453087203132315,0
07800,1235,pedal_depth,555,0,0,0,3.6686350874071505,0
07800,1235,pedal_down_ratio,555,0,0,0,2.6625331349573753,0
07800,1235,pedal_changes,555,0,0,0,3.567002311544118,0
07802,1235,tempo,555,0,15,4,11.851137265800372,0
07802,1235,rubato,555,0,12,4,12.124225383555343,0
07802,1235,dynamics,526,29,0,0,4.308037754076321,0
07802,1235,articulation,520,35,11,2,18.47286901301962,0
07802,1235,pedal_depth,555,0,0,0,3.0574882898200944,0
07802,1235,pedal_down_ratio,555,0,0,0,2.6625331349573753,0
07802,1235,pedal_changes,555,0,0,0,3.567002311544118,0
07803,1235,tempo,555,0,10,4,17.894977875721764,0
07803,1235,rubato,555,0,11,5,20.058020908689617,0
07803,1235,dynamics,521,34,0,0,3.240353072600696,0
07803,1235,articulation,516,39,7,2,11.772135869629913,0
07803,1235,pedal_depth,555,0,0,0,3.2795374266215145,0
07803,1235,pedal_down_ratio,555,0,0,0,2.6625331349573753,0
07803,1235,pedal_changes,555,0,0,0,3.567002311544118,0
07804,1235,tempo,555,0,11,3,12.75044972067228,0
07804,1235,rubato,555,0,14,4,13.290293445262977,0
07804,1235,dynamics,524,31,0,0,4.438584352684694,0
07804,1235,articulation,514,41,9,2,13.389054202355755,0
07804,1235,pedal_depth,555,0,0,0,4.2279406573158775,0
07804,1235,pedal_down_ratio,555,0,0,0,2.6625331349573753,0
07804,1235,pedal_changes,555,0,0,0,5.945003852573531,0
07805,1235,tempo,555,0,13,3,15.125743279558924,0
07805,1235,rubato,555,0,17,5,17.569722450137245,0
07805,1235,dynamics,521,34,0,0,4.2174429162489595,0
07805,1235,articulation,509,46,11,5,16.082592733558727,0
07805,1235,pedal_depth,555,0,0,0,3.4614160600770867,0
07805,1235,pedal_down_ratio,555,0,0,0,2.6625331349573753,0
07805,1235,pedal_changes,555,0,4,2,15.457010016691179,0
07807,1235,tempo,555,0,5,1,11.310328889773208,0
07807,1235,rubato,555,0,6,1,12.227604907380814,0
07807,1235,dynamics,523,32,0,0,3.8717911267517886,0
07807,1235,articulation,518,37,7,1,17.526626144631972,0
07807,1235,pedal_depth,555,0,0,0,3.4614160600770867,0
07807,1235,pedal_down_ratio,555,0,0,0,2.6625331349573753,0
07807,1235,pedal_changes,555,0,0,0,3.567002311544118,0
07808,1235,tempo,555,0,11,2,13.243135474455258,0
07808,1235,rubato,555,0,17,2,14.68819006508979,0
07808,1235,dynamics,523,32,0,0,3.1983916659051475,0
07808,1235,articulation,518,37,3,1,12.547792447241669,0
07808,1235,pedal_depth,555,0,0,0,3.8686805222399205,0
07808,1235,pedal_down_ratio,555,0,0,0,2.6625331349573753,0
07808,1235,pedal_changes,555,0,1,1,13.079008475661766,0
07809,1235,tempo,555,0,16,3,11.721775980413213,0
07809,1235,rubato,555,0,23,6,13.34125234173221,0
07809,1235,dynamics,519,36,0,0,4.242764454772135,0
07809,1235,articulation,510,45,10,3,27.469704000276586,0
07809,1235,pedal_depth,555,0,0,0,3.692573216493821,0
07809,1235,pedal_down_ratio,555,0,0,0,2.6625331349573753,0
07809,1235,pedal_changes,555,0,0,0,5.945003852573531,0
07868,1238,tempo,657,0,14,5,15.616814801597064,0
07868,1238,rubato,657,0,39,16,24.950114595878162,0
07868,1238,dynamics,644,13,0,0,4.624718797950165,0
07868,1238,articulation,643,14,18,2,13.284575022206145,0
07868,1238,pedal_depth,657,0,0,0,3.8889990832146237,0
07868,1238,pedal_down_ratio,657,0,0,0,2.721837376200739,0
07868,1238,pedal_changes,657,0,1,0,6.378118133372169,0
07872,1238,tempo,657,0,5,0,9.238318145513132,0
07872,1238,rubato,657,0,28,4,15.210342697560922,0
07872,1238,dynamics,645,12,0,0,5.832447910790653,0
07872,1238,articulation,645,12,7,1,20.035043876545892,0
07872,1238,pedal_depth,657,0,0,0,4.1964445498250695,0
07872,1238,pedal_down_ratio,657,0,0,0,2.721837376200739,0
07872,1238,pedal_changes,657,0,0,0,3.47897352729391,0
07873,1238,tempo,657,0,7,2,13.453094503795802,0
07873,1238,rubato,657,0,21,5,18.78794210982998,0
07873,1238,dynamics,646,11,0,0,4.197595087311454,0
07873,1238,articulation,645,12,10,1,17.93985850649636,0
07873,1238,pedal_depth,657,0,0,0,3.2804850366632534,0
07873,1238,pedal_down_ratio,657,0,0,0,2.721837376200739,0
07873,1238,pedal_changes,657,0,0,0,3.47897352729391,0
07874,1238,tempo,657,0,5,2,16.370975459582613,0
07874,1238,rubato,657,0,19,3,24.665890720143036,0
07874,1238,dynamics,649,8,0,0,5.125484527664514,0
07874,1238,articulation,647,10,17,2,16.68729555926774,0
07874,1238,pedal_depth,657,0,0,0,3.0793909444680105,0
07874,1238,pedal_down_ratio,657,0,0,0,2.721837376200739,0
07874,1238,pedal_changes,657,0,0,0,4.058802448509562,0
07876,1238,tempo,657,0,12,2,16.900173870183306,0
07876,1238,rubato,657,0,21,10,25.321304332518135,0
07876,1238,dynamics,647,10,0,0,3.5937305308912095,0
07876,1238,articulation,646,11,12,4,21.62993869609592,0
07876,1238,pedal_depth,657,0,0,0,4.279751483570756,0
07876,1238,pedal_down_ratio,657,0,0,0,2.721837376200739,0
07876,1238,pedal_changes,657,0,0,0,5.2184602909408655,0
07878,1238,tempo,657,0,14,2,12.162670314296207,0
07878,1238,rubato,657,0,22,11,18.27901246625229,0
07878,1238,dynamics,648,9,0,0,3.4464464927399314,0
07878,1238,articulation,647,10,9,1,16.700615549550815,0
07878,1238,pedal_depth,657,0,0,0,3.8889990832146237,0
07878,1238,pedal_down_ratio,657,0,0,0,2.721837376200739,0
07878,1238,pedal_changes,657,0,0,0,2.8991446060782584,0
07880,1238,tempo,657,0,9,3,12.450920848350336,0
07880,1238,rubato,657,0,27,7,19.33335299005134,0
07880,1238,dynamics,647,10,0,0,3.8293849919332583,0
07880,1238,articulation,645,12,21,4,33.40026665063759,0
07880,1238,pedal_depth,657,0,0,0,3.346336864144826,0
07880,1238,pedal_down_ratio,657,0,0,0,2.721837376200739,0
07880,1238,pedal_changes,657,0,0,0,4.638631369725213,0
00442,123,tempo,261,0,3,1,11.543390346972373,0
00442,123,rubato,261,0,5,1,16.061115088168126,0
00442,123,dynamics,261,0,0,0,3.2608089237024966,0
00442,123,articulation,261,0,1,0,6.164747348416093,0
00442,123,pedal_depth,261,0,0,0,3.7509047332506453,0
00442,123,pedal_down_ratio,261,0,0,0,3.0248592732092843,0
00442,123,pedal_changes,261,0,0,0,4.216509828795827,0
00447,123,tempo,261,0,6,1,10.409175384463483,0
00447,123,rubato,261,0,12,4,17.987781667847035,0
00447,123,dynamics,261,0,1,1,10.163320575059704,0
00447,123,articulation,259,2,1,1,11.181993783349267,0
00447,123,pedal_depth,261,0,0,0,2.2408002302536953,0
00447,123,pedal_down_ratio,261,0,0,0,3.0248592732092843,0
00447,123,pedal_changes,261,0,0,0,5.059811794554991,0
00448,123,tempo,261,0,0,0,3.7200108250197657,0
00448,123,rubato,261,0,2,0,6.682510029436373,0
00448,123,dynamics,261,0,0,0,3.8365042997200516,0
00448,123,articulation,261,0,4,0,7.065153684409125,0
00448,123,pedal_depth,261,0,0,0,3.1628239641852502,0
00448,123,pedal_down_ratio,261,0,0,0,2.9036629083394634,0
00448,123,pedal_changes,261,0,0,0,5.059811794554991,0
00449,123,tempo,261,0,1,0,6.159263473735869,0
00449,123,rubato,261,0,5,0,9.014426389544601,0
00449,123,dynamics,260,1,0,0,4.263661479482696,0
00449,123,articulation,259,2,1,1,17.294690684368135,0
00449,123,pedal_depth,261,0,0,0,3.482982966589933,0
00449,123,pedal_down_ratio,261,0,0,0,3.0248592732092843,0
00449,123,pedal_changes,261,0,0,0,5.481462777434574,0
07923,1240,tempo,388,0,3,0,6.884345749948544,0
07923,1240,rubato,388,0,8,2,10.397360666711604,0
07923,1240,dynamics,315,73,0,0,3.091551290427149,0
07923,1240,articulation,310,78,3,3,15.014540620871967,0
07923,1240,pedal_depth,388,0,1,0,6.0184883158372395,0
07923,1240,pedal_down_ratio,388,0,0,0,3.3266083356751994,0
07923,1240,pedal_changes,388,0,0,0,5.495379829013747,0
07924,1240,tempo,388,0,0,0,4.798353962293763,0
07924,1240,rubato,388,0,1,0,7.229075035554853,0
07924,1240,dynamics,311,77,0,0,3.644816771907264,0
07924,1240,articulation,307,81,2,0,7.672756091985622,0
07924,1240,pedal_depth,388,0,0,0,3.077401702544577,0
07924,1240,pedal_down_ratio,388,0,0,0,3.3266083356751994,0
07924,1240,pedal_changes,388,0,0,0,5.495379829013747,0
07925,1240,tempo,388,0,0,0,4.788282001872488,0
07925,1240,rubato,388,0,1,0,7.313553019021194,0
07925,1240,dynamics,311,77,0,0,4.496605063177301,0
07925,1240,articulation,306,82,4,1,11.782419699812444,0
07925,1240,pedal_depth,388,0,0,0,2.851762647625388,0
07925,1240,pedal_down_ratio,388,0,0,0,3.3266083356751994,0
07925,1240,pedal_changes,388,0,0,0,5.495379829013747,0
07926,1240,tempo,388,0,1,0,7.483082147215748,0
07926,1240,rubato,388,0,2,1,12.214599171332528,0
07926,1240,dynamics,319,69,0,0,3.1521699431806214,0
07926,1240,articulation,314,74,2,1,13.865043676078006,0
07926,1240,pedal_depth,388,0,0,0,5.228496416682484,0
07926,1240,pedal_down_ratio,388,0,0,0,3.3266083356751994,0
07926,1240,pedal_changes,388,0,0,0,3.7780736324469513,0
07927,1240,tempo,388,0,1,0,6.076911271413719,0
07927,1240,rubato,388,0,4,1,10.020013615127478,0
07927,1240,dynamics,314,74,0,0,2.5096122239938032,0
07927,1240,articulation,308,80,3,2,14.56006141569989,0
07927,1240,pedal_depth,388,0,13,0,7.267395134271502,0
07927,1240,pedal_down_ratio,388,0,0,0,3.3266083356751994,0
07927,1240,pedal_changes,388,0,0,0,3.4346123931335923,0
07928,1240,tempo,388,0,0,0,3.2618838798601,0
07928,1240,rubato,388,0,0,0,5.800196557504041,0
07928,1240,dynamics,316,72,0,0,2.7945198919351286,0
07928,1240,articulation,312,76,3,2,12.406381457909271,0
07928,1240,pedal_depth,388,0,0,0,5.026755346856344,0
07928,1240,pedal_down_ratio,388,0,0,0,3.3266083356751994,0
07928,1240,pedal_changes,388,0,0,0,4.121534871760311,0
07929,1240,tempo,388,0,0,0,4.87302822532713,0
07929,1240,rubato,388,0,2,0,6.832428895868379,0
07929,1240,dynamics,321,67,0,0,3.091551290427149,0
07929,1240,articulation,316,72,2,0,9.020881350731875,0
07929,1240,pedal_depth,388,0,0,0,5.863236253908846,0
07929,1240,pedal_down_ratio,388,0,0,0,3.3266083356751994,0
07929,1240,pedal_changes,388,0,0,0,2.7476899145068736,0
07930,1240,tempo,387,1,0,0,4.863162431502027,0
07930,1240,rubato,387,1,3,0,6.668588701740075,0
07930,1240,dynamics,320,68,0,0,3.1683349172482154,0
07930,1240,articulation,314,74,3,1,33.06836573842069,0
07930,1240,pedal_depth,388,0,1,0,6.823107887377652,0
07930,1240,pedal_down_ratio,388,0,0,0,3.3266083356751994,0
07930,1240,pedal_changes,388,0,0,0,2.7476899145068736,0
07931,1240,tempo,388,0,1,0,7.512817293039217,0
07931,1240,rubato,388,0,4,1,10.781353188353439,0
07931,1240,dynamics,311,77,0,0,2.5459834156458867,0
07931,1240,articulation,306,82,5,1,20.437360054321616,0
07931,1240,pedal_depth,388,0,0,0,1.7938506976999877,0
07931,1240,pedal_down_ratio,388,0,0,0,3.3266083356751994,0
07931,1240,pedal_changes,388,0,0,0,3.4346123931335923,0
07932,1240,tempo,388,0,0,0,5.434304437191968,0
07932,1240,rubato,388,0,2,0,7.543799022179457,0
07932,1240,dynamics,313,75,0,0,2.2299004405742036,0
07932,1240,articulation,310,78,2,1,13.85189531281507,0
07932,1240,pedal_depth,388,0,0,0,3.2657281932484876,0
07932,1240,pedal_down_ratio,388,0,0,0,3.3266083356751994,0
07932,1240,pedal_changes,388,0,0,0,3.7780736324469513,0
07936,1240,tempo,388,0,0,0,5.373790891882001,0
07936,1240,rubato,388,0,2,1,10.462241615031862,0
07936,1240,dynamics,314,74,0,0,3.1521699431806223,0
07936,1240,articulation,308,80,2,2,15.721172331970456,0
07936,1240,pedal_depth,388,0,0,0,5.936241301012948,0
07936,1240,pedal_down_ratio,388,0,0,0,3.3266083356751994,0
07936,1240,pedal_changes,388,0,0,0,4.121534871760311,0
07937,1240,tempo,388,0,0,0,5.8687772335672435,0
07937,1240,rubato,388,0,2,0,9.186972962401356,0
07937,1240,dynamics,314,74,0,0,3.4022218857887,0
07937,1240,articulation,308,80,6,1,23.704082328573676,0
07937,1240,pedal_depth,388,0,0,0,3.3117243649848103,0
07937,1240,pedal_down_ratio,388,0,0,0,3.2854857952645857,0
07937,1240,pedal_changes,388,0,0,0,4.121534871760311,0
07938,1240,tempo,388,0,0,0,3.4723832196495654,0
07938,1240,rubato,388,0,0,0,4.627555732457753,0
07938,1240,dynamics,315,73,0,0,2.8490766794132547,0
07938,1240,articulation,312,76,3,1,11.261339649537867,0
07938,1240,pedal_depth,388,0,0,0,3.551856679055581,0
07938,1240,pedal_down_ratio,388,0,0,0,3.3266083356751994,0
07938,1240,pedal_changes,388,0,0,0,2.7476899145068736,0
07939,1240,tempo,388,0,0,0,5.637868543657033,0
07939,1240,rubato,388,0,2,1,11.07850235413471,0
07939,1240,dynamics,317,71,0,0,2.505570980476904,0
07939,1240,articulation,311,77,1,1,12.84732345419729,0
07939,1240,pedal_depth,388,0,1,0,6.807433416912559,0
07939,1240,pedal_down_ratio,388,0,0,0,3.3266083356751994,0
07939,1240,pedal_changes,388,0,0,0,3.4346123931335923,0
07942,1240,tempo,388,0,0,0,4.697928447922315,0
07942,1240,rubato,388,0,3,0,7.355569510315457,0
07942,1240,dynamics,317,71,0,0,3.1521699431806214,0
07942,1240,articulation,308,80,3,1,20.198457742266122,0
07942,1240,pedal_depth,388,0,0,0,3.127689108898803,0
07942,1240,pedal_down_ratio,388,0,0,0,3.3266083356751994,0
07942,1240,pedal_changes,388,0,0,0,4.121534871760311,0
07943,1240,tempo,388,0,1,0,6.238266275815898,0
07943,1240,rubato,388,0,3,1,10.988858947958139,0
07943,1240,dynamics,315,73,0,0,2.611797952921087,0
07943,1240,articulation,311,77,2,2,25.867478912285094,0
07943,1240,pedal_depth,388,0,1,0,6.823107887377652,0
07943,1240,pedal_down_ratio,388,0,0,0,3.3266083356751994,0
07943,1240,pedal_changes,388,0,1,0,6.869224786267185,0
07944,1240,tempo,388,0,0,0,5.173096803361331,0
07944,1240,rubato,388,0,3,1,10.024660454644899,0
07944,1240,dynamics,316,72,0,0,2.925860306234321,0
07944,1240,articulation,307,81,2,0,8.38728617778313,0
07944,1240,pedal_depth,388,0,0,0,3.269396177124089,0
07944,1240,pedal_down_ratio,388,0,0,0,3.3266083356751994,0
07944,1240,pedal_changes,388,0,0,0,4.121534871760311,0
07945,1240,tempo,388,0,2,0,7.558599319330823,0
07945,1240,rubato,388,0,3,1,12.323315681373424,0
07945,1240,dynamics,315,73,0,0,5.455678747812615,0
07945,1240,articulation,308,80,4,0,9.519599842600412,0
07945,1240,pedal_depth,388,0,0,0,5.824911563660453,0
07945,1240,pedal_down_ratio,388,0,0,0,3.3266083356751994,0
07945,1240,pedal_changes,388,0,0,0,3.7780736324469513,0
07946,1240,tempo,388,0,0,0,5.485675775666984,0
07946,1240,rubato,388,0,3,0,8.775792939045767,0
07946,1240,dynamics,319,69,0,0,4.334233671873355,0
07946,1240,articulation,307,81,6,2,24.470816026625027,0
07946,1240,pedal_depth,388,0,8,0,6.945421932120252,0
07946,1240,pedal_down_ratio,388,0,0,0,3.3266083356751994,0
07946,1240,pedal_changes,388,0,0,0,4.808457350387029,0
07947,1240,tempo,388,0,1,0,6.964128592952688,0
07947,1240,rubato,388,0,2,1,10.276190180854384,0
07947,1240,dynamics,318,70,0,0,3.495675642116972,0
07947,1240,articulation,310,78,8,4,23.972722617850955,0
07947,1240,pedal_depth,388,0,0,0,3.2240301993080505,0
07947,1240,pedal_down_ratio,388,0,0,0,3.3266083356751994,0
07947,1240,pedal_changes,388,0,0,0,5.495379829013747,0
07948,1240,tempo,388,0,0,0,3.6346385536358543,0
07948,1240,rubato,388,0,0,0,3.871668764034105,0
07948,1240,dynamics,312,76,0,0,2.5459834156458876,0
07948,1240,articulation,311,77,3,0,7.582496151083507,0
07948,1240,pedal_depth,388,0,0,0,5.863236253908846,0
07948,1240,pedal_down_ratio,388,0,0,0,3.2724471049465733,0
07948,1240,pedal_changes,388,0,0,0,2.7476899145068736,0
07949,1240,tempo,388,0,0,0,5.089471937046411,0
07949,1240,rubato,388,0,3,0,8.877560465311843,0
07949,1240,dynamics,314,74,0,0,3.4249538805712527,0
07949,1240,articulation,311,77,0,0,5.8397780898977025,0
07949,1240,pedal_depth,388,0,5,0,7.267395134271502,0
07949,1240,pedal_down_ratio,388,0,0,0,3.3266083356751994,0
07949,1240,pedal_changes,388,0,0,0,4.121534871760311,0
07950,1240,tempo,388,0,1,0,6.115916990634994,0
07950,1240,rubato,388,0,4,1,10.221498322945138,0
07950,1240,dynamics,315,73,0,0,2.4550554365156767,0
07950,1240,articulation,309,79,5,4,30.494531019291976,0
07950,1240,pedal_depth,388,0,5,0,7.267395134271502,0
07950,1240,pedal_down_ratio,388,0,0,0,3.3266083356751994,0
07950,1240,pedal_changes,388,0,0,0,4.808457350387029,0
07951,1240,tempo,388,0,1,0,7.519170463035213,0
07951,1240,rubato,388,0,5,1,10.930072544965734,0
07951,1240,dynamics,315,73,0,0,4.3234089124530914,0
07951,1240,articulation,309,79,5,3,29.2103479792858,0
07951,1240,pedal_depth,388,0,0,0,3.219006539696335,0
07951,1240,pedal_down_ratio,388,0,0,0,3.3266083356751994,0
07951,1240,pedal_changes,388,0,0,0,4.121534871760311,0
07952,1240,tempo,388,0,0,0,5.319258786932323,0
07952,1240,rubato,388,0,3,0,8.985600076929716,0
07952,1240,dynamics,317,71,0,0,4.166810726173284,0
07952,1240,articulation,313,75,2,1,27.979681708895363,0
07952,1240,pedal_depth,388,0,2,0,6.471502894422678,0
07952,1240,pedal_down_ratio,388,0,0,0,3.3266083356751994,0
07952,1240,pedal_changes,388,0,0,0,4.121534871760311,0
07955,1240,tempo,388,0,0,0,5.83068410377514,0
07955,1240,rubato,388,0,4,0,7.969470659355936,0
07955,1240,dynamics,314,74,0,0,3.4431394763972945,0
07955,1240,articulation,305,83,11,5,22.186029316494526,0
07955,1240,pedal_depth,388,0,0,0,2.950062233881551,0
07955,1240,pedal_down_ratio,388,0,0,0,3.3266083356751994,0
07955,1240,pedal_changes,388,0,0,0,2.7476899145068736,0
07956,1240,tempo,388,0,0,0,5.835347336559607,0
07956,1240,rubato,388,0,3,0,9.099842373116267,0
07956,1240,dynamics,315,73,0,0,5.1727917016297384,0
07956,1240,articulation,307,81,6,3,26.70074006403608,0
07956,1240,pedal_depth,388,0,0,0,4.789208219203392,0
07956,1240,pedal_down_ratio,388,0,0,0,3.3266083356751994,0
07956,1240,pedal_changes,388,0,0,0,4.121534871760311,0
07958,1240,tempo,388,0,0,0,5.0036687474783905,0
07958,1240,rubato,388,0,3,0,7.468396158288278,0
07958,1240,dynamics,318,70,0,0,3.7159234137879253,0
07958,1240,articulation,307,81,5,2,20.14483465462984,0
07958,1240,pedal_depth,388,0,0,0,2.4837932737381268,0
07958,1240,pedal_down_ratio,388,0,0,0,3.3266083356751994,0
07958,1240,pedal_changes,388,0,0,0,2.7476899145068736,0
07959,1240,tempo,388,0,0,0,3.936675488172387,0
07959,1240,rubato,388,0,0,0,5.8331056351590975,0
07959,1240,dynamics,315,73,0,0,3.4552632069479894,0
07959,1240,articulation,311,77,3,1,12.402135591209614,0
07959,1240,pedal_depth,388,0,0,0,1.9967367338851392,0
07959,1240,pedal_down_ratio,388,0,0,0,3.3266083356751994,0
07959,1240,pedal_changes,388,0,0,0,3.4346123931335923,0
07960,1240,tempo,388,0,0,0,5.89996747389105,0
07960,1240,rubato,388,0,5,0,6.910058509865348,0
07960,1240,dynamics,316,72,0,0,4.223099475158654,0
07960,1240,articulation,308,80,4,1,30.17786546355172,0
07960,1240,pedal_depth,388,0,2,0,6.471502894422678,0
07960,1240,pedal_down_ratio,388,0,0,0,3.3266083356751994,0
07960,1240,pedal_changes,388,0,0,0,3.4346123931335923,0
07961,1240,tempo,388,0,0,0,4.534455820417825,0
07961,1240,rubato,388,0,1,0,6.571140130360822,0
07961,1240,dynamics,316,72,0,0,3.273407248687569,0
07961,1240,articulation,311,77,7,2,18.20967681731425,0
07961,1240,pedal_depth,388,0,0,0,2.943754991097256,0
07961,1240,pedal_down_ratio,388,0,0,0,3.3266083356751994,0
07961,1240,pedal_changes,388,0,0,0,3.7780736324469513,0
07962,1240,tempo,388,0,0,0,3.8477530683467824,0
07962,1240,rubato,388,0,0,0,4.789670631825755,0
07962,1240,dynamics,315,73,0,0,4.243305692743145,0
07962,1240,articulation,314,74,6,0,8.345899188814874,0
07962,1240,pedal_depth,388,0,0,0,2.938104322453311,0
07962,1240,pedal_down_ratio,388,0,0,0,3.3266083356751994,0
07962,1240,pedal_changes,388,0,0,0,4.121534871760311,0
07964,1240,tempo,388,0,0,0,4.722460899728855,0
07964,1240,rubato,388,0,4,0,7.874180868273695,0
07964,1240,dynamics,316,72,0,0,3.5837170187351117,0
07964,1240,articulation,312,76,2,0,8.631939490228277,0
07964,1240,pedal_depth,388,0,0,0,2.7533128154569306,0
07964,1240,pedal_down_ratio,388,0,0,0,3.3266083356751994,0
07964,1240,pedal_changes,388,0,0,0,4.121534871760311,0
07965,1240,tempo,388,0,0,0,4.315808755500607,0
07965,1240,rubato,388,0,3,0,7.640985718877104,0
07965,1240,dynamics,315,73,0,0,3.091551290427148,0
07965,1240,articulation,312,76,2,1,12.67015464245001,0
07965,1240,pedal_depth,388,0,1,0,6.807433416912586,0
07965,1240,pedal_down_ratio,388,0,0,0,3.3266083356751994,0
07965,1240,pedal_changes,388,0,0,0,5.151918589700388,0
07968,1241,tempo,888,0,2,0,6.311877849135869,0
07968,1241,rubato,888,0,5,0,7.060881930860806,0
07968,1241,dynamics,766,122,0,0,4.335498887688903,0
07968,1241,articulation,758,130,10,3,13.569211284387533,0
07968,1241,pedal_depth,888,0,0,0,4.690155726866541,0
07968,1241,pedal_down_ratio,888,0,0,0,2.649473765999099,0
07968,1241,pedal_changes,888,0,0,0,4.453437785938531,0
07971,1241,tempo,888,0,3,0,6.399479605529804,0
07971,1241,rubato,888,0,3,0,6.924022829559115,0
07971,1241,dynamics,767,121,0,0,5.0287476742041965,0
07971,1241,articulation,759,129,7,1,15.747339695947495,0
07971,1241,pedal_depth,888,0,0,0,4.792588788964098,0
07971,1241,pedal_down_ratio,888,0,0,0,2.649473765999099,0
07971,1241,pedal_changes,888,0,0,0,3.896758062696215,0
07972,1241,tempo,888,0,3,0,7.087538980935704,0
07972,1241,rubato,888,0,7,0,8.43717109473848,0
07972,1241,dynamics,759,129,0,0,5.316104684158723,0
07972,1241,articulation,739,149,2,1,13.08331819117708,0
07972,1241,pedal_depth,888,0,0,0,3.5201772631711408,0
07972,1241,pedal_down_ratio,888,0,0,0,2.649473765999099,0
07972,1241,pedal_changes,888,0,0,0,5.5667972324231645,0
07973,1241,tempo,888,0,4,0,7.2354876788021345,0
07973,1241,rubato,888,0,8,0,8.582333058202305,0
07973,1241,dynamics,759,129,0,0,5.316104684158723,0
07973,1241,articulation,745,143,4,1,10.164430524128713,0
07973,1241,pedal_depth,888,0,0,0,4.055210554499611,0
07973,1241,pedal_down_ratio,888,0,0,0,2.649473765999099,0
07973,1241,pedal_changes,888,0,1,0,6.680156678907798,0
07974,1241,tempo,888,0,1,0,6.37106165046488,0
07974,1241,rubato,888,0,1,0,7.787623007500321,0
07974,1241,dynamics,756,132,0,0,4.841965617733755,0
07974,1241,articulation,737,151,10,1,17.192989345683458,0
07974,1241,pedal_depth,888,0,0,0,3.5201772631711408,0
07974,1241,pedal_down_ratio,888,0,0,0,2.649473765999099,0
07974,1241,pedal_changes,888,0,0,0,3.896758062696215,0
07975,1241,tempo,888,0,4,0,7.922177465883101,0
07975,1241,rubato,888,0,8,0,9.643982266207795,0
07975,1241,dynamics,764,124,0,0,4.364747726202132,0
07975,1241,articulation,748,140,3,0,9.560460024773862,0
07975,1241,pedal_depth,888,0,0,0,4.449129642333143,0
07975,1241,pedal_down_ratio,888,0,0,0,2.649473765999099,0
07975,1241,pedal_changes,888,0,0,0,4.453437785938531,0
07976,1241,tempo,888,0,7,6,16.581194841145162,0
07976,1241,rubato,888,0,11,6,19.735114295821663,0
07976,1241,dynamics,762,126,0,0,5.280185057914407,0
07976,1241,articulation,746,142,4,0,9.548338852758697,0
07976,1241,pedal_depth,888,0,0,0,4.2533953945137455,0
07976,1241,pedal_down_ratio,888,0,0,0,2.649473765999099,0
07976,1241,pedal_changes,888,0,0,0,4.453437785938531,0
07977,1241,tempo,888,0,10,6,16.58420085374887,0
07977,1241,rubato,888,0,14,6,19.766507598108984,0
07977,1241,dynamics,763,125,0,0,4.753363872997775,0
07977,1241,articulation,745,143,5,1,11.298654171023976,0
07977,1241,pedal_depth,888,0,0,0,4.300177585671125,0
07977,1241,pedal_down_ratio,888,0,0,0,2.649473765999099,0
07977,1241,pedal_changes,888,0,1,0,6.123476955665481,0
07978,1241,tempo,888,0,1,0,6.267593147825403,0
07978,1241,rubato,888,0,4,0,7.80714707705675,0
07978,1241,dynamics,764,124,0,0,5.100586926692829,0
07978,1241,articulation,752,136,11,3,13.689414788408824,0
07978,1241,pedal_depth,888,0,0,0,5.172372660689841,0
07978,1241,pedal_down_ratio,888,0,0,0,2.649473765999099,0
07978,1241,pedal_changes,888,0,0,0,5.010117509180848,0
07979,1241,tempo,887,1,2,0,9.933086674013838,0
07979,1241,rubato,887,1,7,2,12.029232818518267,0
07979,1241,dynamics,763,125,0,0,5.890818704067773,0
07979,1241,articulation,759,129,7,2,15.73814072797585,0
07979,1241,pedal_depth,888,0,0,0,4.378167764497858,0
07979,1241,pedal_down_ratio,888,0,0,0,2.649473765999099,0
07979,1241,pedal_changes,888,0,0,0,4.7317776475596895,0
07980,1241,tempo,888,0,9,6,15.96582230551999,0
07980,1241,rubato,888,0,13,7,18.94224690467951,0
07980,1241,dynamics,762,126,0,0,5.675300946601879,0
07980,1241,articulation,759,129,4,1,12.514027907953409,0
07980,1241,pedal_depth,888,0,0,0,4.378167764497858,0
07980,1241,pedal_down_ratio,888,0,0,0,2.649473765999099,0
07980,1241,pedal_changes,888,0,0,0,5.5667972324231645,0
07981,1241,tempo,888,0,2,0,6.137742944335697,0
07981,1241,rubato,888,0,5,0,7.550014944584686,0
07981,1241,dynamics,761,127,1,0,6.178175714022299,0
07981,1241,articulation,759,129,6,1,10.836065178978853,0
07981,1241,pedal_depth,888,0,0,0,4.627604361461569,0
07981,1241,pedal_down_ratio,888,0,0,0,2.649473765999099,0
07981,1241,pedal_changes,888,0,0,0,5.845137094044323,0
07982,1241,tempo,888,0,5,0,7.869407974999876,0
07982,1241,rubato,888,0,7,0,9.055237597359763,0
07982,1241,dynamics,758,130,0,0,4.104415958850472,0
07982,1241,articulation,747,141,1,1,18.797017960713358,0
07982,1241,pedal_depth,888,0,0,0,5.144822265002591,0
07982,1241,pedal_down_ratio,888,0,0,0,2.649473765999099,0
07982,1241,pedal_changes,888,0,0,0,4.7317776475596895,0
07983,1241,tempo,888,0,0,0,5.42780710112246,0
07983,1241,rubato,888,0,3,0,6.145579239388106,0
07983,1241,dynamics,757,131,0,0,5.675300946601879,0
07983,1241,articulation,742,146,4,1,10.61225781260245,0
07983,1241,pedal_depth,888,0,0,0,5.150603615983067,0
07983,1241,pedal_down_ratio,888,0,0,0,2.649473765999099,0
07983,1241,pedal_changes,888,0,0,0,3.896758062696215,0
07984,1241,tempo,888,0,3,1,10.677953336918042,0
07984,1241,rubato,888,0,4,1,12.410339921569177,0
07984,1241,dynamics,758,130,0,0,5.603461694113247,0
07984,1241,articulation,744,144,7,1,11.343699232851854,0
07984,1241,pedal_depth,888,0,0,0,5.293185399721436,0
07984,1241,pedal_down_ratio,888,0,0,0,2.649473765999099,0
07984,1241,pedal_changes,888,0,0,0,5.5667972324231645,0
07985,1241,tempo,888,0,7,6,16.301361936158237,0
07985,1241,rubato,888,0,8,6,20.243753758594757,0
07985,1241,dynamics,757,131,0,0,5.340478716253077,0
07985,1241,articulation,747,141,10,2,17.420502201323043,0
07985,1241,pedal_depth,888,0,0,0,5.489783871627323,0
07985,1241,pedal_down_ratio,888,0,0,0,2.649473765999099,0
07985,1241,pedal_changes,888,0,0,0,4.453437785938531,0
07988,1241,tempo,888,0,7,6,20.63379715908845,0
07988,1241,rubato,888,0,11,7,24.090474623617986,0
07988,1241,dynamics,755,133,0,0,3.627882250675885,0
07988,1241,articulation,744,144,0,0,5.776958779562022,0
07988,1241,pedal_depth,888,0,0,0,4.676105983640131,0
07988,1241,pedal_down_ratio,888,0,0,0,2.649473765999099,0
07988,1241,pedal_changes,888,0,0,0,5.010117509180848,0
07989,1241,tempo,887,1,7,6,17.54111641453399,0
07989,1241,rubato,887,1,11,6,20.03688882437987,0
07989,1241,dynamics,762,126,0,0,5.603461694113247,0
07989,1241,articulation,753,135,1,0,8.127870607884047,0
07989,1241,pedal_depth,888,0,0,0,3.9521222242551417,0
07989,1241,pedal_down_ratio,888,0,0,0,2.649473765999099,0
07989,1241,pedal_changes,888,0,0,0,5.010117509180848,0
07992,1241,tempo,887,1,6,2,14.836899796097264,0
07992,1241,rubato,887,1,12,2,18.091543023015042,0
07992,1241,dynamics,757,131,0,0,5.639381320357563,0
07992,1241,articulation,745,143,5,2,20.869428949661764,0
07992,1241,pedal_depth,888,0,0,0,4.639208928846719,0
07992,1241,pedal_down_ratio,888,0,0,0,2.649473765999099,0
07992,1241,pedal_changes,888,0,1,0,6.680156678907798,0
07993,1241,tempo,887,1,3,0,6.392964233197671,0
07993,1241,rubato,887,1,7,0,8.184661828370524,0
07993,1241,dynamics,756,132,1,0,6.178175714022299,0
07993,1241,articulation,748,140,6,0,9.733007697473566,0
07993,1241,pedal_depth,888,0,0,0,4.206544746967822,0
07993,1241,pedal_down_ratio,888,0,0,0,2.649473765999099,0
07993,1241,pedal_changes,888,0,0,0,5.5667972324231645,0
07994,1241,tempo,885,3,3,0,6.678041782054208,0
07994,1241,rubato,885,3,5,0,8.934012652021435,0
07994,1241,dynamics,757,131,0,0,4.011024930615253,0
07994,1241,articulation,747,141,6,2,12.836196789308248,0
07994,1241,pedal_depth,888,0,0,0,5.691691964994219,0
07994,1241,pedal_down_ratio,888,0,0,0,2.649473765999099,0
07994,1241,pedal_changes,888,0,0,0,3.896758062696215,0
07995,1241,tempo,888,0,2,0,8.141125842710027,0
07995,1241,rubato,888,0,4,0,9.395601639247658,0
07995,1241,dynamics,760,128,0,0,3.400391284461886,0
07995,1241,articulation,739,149,7,3,14.485165466298014,0
07995,1241,pedal_depth,888,0,0,0,4.488353485798135,0
07995,1241,pedal_down_ratio,888,0,0,0,2.649473765999099,0
07995,1241,pedal_changes,888,0,0,0,3.896758062696215,0
07997,1241,tempo,887,1,2,0,8.967649004412422,0
07997,1241,rubato,887,1,6,1,10.690795122449773,0
07997,1241,dynamics,760,128,0,0,4.454033654295145,0
07997,1241,articulation,742,146,3,1,13.178352205618827,0
07997,1241,pedal_depth,888,0,0,0,4.584442812182364,0
07997,1241,pedal_down_ratio,888,0,0,0,2.649473765999099,0
07997,1241,pedal_changes,888,0,1,0,6.680156678907798,0
07998,1241,tempo,887,1,5,1,10.580154362700421,0
07998,1241,rubato,887,1,8,1,13.111124087325877,0
07998,1241,dynamics,754,134,2,0,6.896568238908612,0
07998,1241,articulation,750,138,7,1,15.82162798979261,0
07998,1241,pedal_depth,888,0,0,0,4.781257118685136,0
07998,1241,pedal_down_ratio,888,0,0,0,2.649473765999099,0
07998,1241,pedal_changes,888,0,1,0,6.401816817286639,0
08002,1241,tempo,888,0,5,0,6.7467284274970725,0
08002,1241,rubato,888,0,7,0,8.005092129248965,0
08002,1241,dynamics,753,135,1,0,6.106336461533666,0
08002,1241,articulation,739,149,5,1,17.96441817594098,0
08002,1241,pedal_depth,888,0,0,0,4.464412872375243,0
08002,1241,pedal_down_ratio,888,0,0,0,2.649473765999099,0
08002,1241,pedal_changes,888,0,0,0,5.010117509180848,0
08003,1241,tempo,888,0,11,6,19.584286970449277,0
08003,1241,rubato,888,0,16,6,23.216410331001924,0
08003,1241,dynamics,751,137,0,0,5.100586926692826,0
08003,1241,articulation,734,154,6,2,12.450982463743442,0
08003,1241,pedal_depth,888,0,0,0,4.464412872375243,0
08003,1241,pedal_down_ratio,888,0,0,0,2.649473765999099,0
08003,1241,pedal_changes,888,0,0,0,4.453437785938531,0
08004,1241,tempo,888,0,1,0,6.326773954906389,0
08004,1241,rubato,888,0,5,0,7.365439251037445,0
08004,1241,dynamics,757,131,0,0,4.454033654295145,0
08004,1241,articulation,744,144,4,0,9.425096653820596,0
08004,1241,pedal_depth,888,0,0,0,4.565987888735004,0
08004,1241,pedal_down_ratio,888,0,0,0,2.649473765999099,0
08004,1241,pedal_changes,888,0,0,0,5.010117509180848,0
08005,1241,tempo,888,0,3,0,9.606219127201005,0
08005,1241,rubato,888,0,6,2,11.49926629360043,0
08005,1241,dynamics,754,134,0,0,3.5471222998013014,0
08005,1241,articulation,732,156,7,0,8.615060672606273,0
08005,1241,pedal_depth,888,0,0,0,5.547840214742355,0
08005,1241,pedal_down_ratio,888,0,0,0,2.649473765999099,0
08005,1241,pedal_changes,888,0,0,0,3.340078339453899,0
08006,1241,tempo,888,0,3,0,7.364411674045391,0
08006,1241,rubato,888,0,5,0,8.64315677400012,0
08006,1241,dynamics,754,134,0,0,3.3046056144770426,0
08006,1241,articulation,746,142,6,2,16.542502893755874,0
08006,1241,pedal_depth,888,0,0,0,4.590249044717185,0
08006,1241,pedal_down_ratio,888,0,0,0,2.649473765999099,0
08006,1241,pedal_changes,888,0,0,0,3.896758062696215,0
08007,1241,tempo,888,0,8,6,19.776144135690785,0
08007,1241,rubato,888,0,12,6,23.320371148494562,0
08007,1241,dynamics,756,132,1,0,6.250014966510928,0
08007,1241,articulation,744,144,2,0,8.487938935059207,0
08007,1241,pedal_depth,888,0,0,0,4.831333549240952,0
08007,1241,pedal_down_ratio,888,0,0,0,2.649473765999099,0
08007,1241,pedal_changes,888,0,1,0,6.680156678907798,0
08008,1241,tempo,888,0,9,6,19.623468717313067,0
08008,1241,rubato,888,0,11,6,23.24541265258856,0
08008,1241,dynamics,755,133,0,0,4.2025962705849365,0
08008,1241,articulation,736,152,4,0,8.341121718142144,0
08008,1241,pedal_depth,888,0,0,0,4.583894540313324,0
08008,1241,pedal_down_ratio,888,0,0,0,2.649473765999099,0
08008,1241,pedal_changes,888,0,0,0,3.896758062696215,0
08009,1241,tempo,888,0,3,0,8.302156885848785,0
08009,1241,rubato,888,0,4,1,10.080567372137486,0
08009,1241,dynamics,757,131,0,0,4.3821944018065135,0
08009,1241,articulation,750,138,2,1,18.69284677226562,0
08009,1241,pedal_depth,888,0,0,0,5.259741816123297,0
08009,1241,pedal_down_ratio,888,0,0,0,2.649473765999099,0
08009,1241,pedal_changes,888,0,0,0,4.453437785938531,0
08013,1241,tempo,888,0,2,0,8.935749329158133,0
08013,1241,rubato,888,0,6,0,9.967009797090022,0
08013,1241,dynamics,756,132,0,0,4.891483388199132,0
08013,1241,articulation,745,143,5,0,9.563108270716988,0
08013,1241,pedal_depth,888,0,0,0,4.49880630700529,0
08013,1241,pedal_down_ratio,888,0,0,0,2.649473765999099,0
08013,1241,pedal_changes,888,0,0,0,4.453437785938531,0
08014,1241,tempo,888,0,9,6,16.910151954241105,0
08014,1241,rubato,888,0,13,6,20.029818805145023,0
08014,1241,dynamics,758,130,0,0,5.567542067868932,0
08014,1241,articulation,749,139,3,1,15.589912841206141,0
08014,1241,pedal_depth,888,0,0,0,2.610631366960545,0
08014,1241,pedal_down_ratio,888,0,0,0,2.649473765999099,0
08014,1241,pedal_changes,888,0,1,0,6.123476955665481,0
08016,1241,tempo,888,0,1,0,7.521252618483708,0
08016,1241,rubato,888,0,1,0,8.398635480082971,0
08016,1241,dynamics,762,126,1,0,6.554048945793174,0
08016,1241,articulation,753,135,1,0,6.55101556559432,0
08016,1241,pedal_depth,888,0,0,0,5.208995692792632,0
08016,1241,pedal_down_ratio,888,0,0,0,2.649473765999099,0
08016,1241,pedal_changes,888,0,0,0,5.5667972324231645,0
08017,1241,tempo,888,0,0,0,5.439327151323113,0
08017,1241,rubato,888,0,2,0,6.229684307180373,0
08017,1241,dynamics,757,131,0,0,4.7888558846439455,0
08017,1241,articulation,746,142,4,1,10.367816340578363,0
08017,1241,pedal_depth,888,0,0,0,4.780593447748558,0
08017,1241,pedal_down_ratio,888,0,0,0,2.649473765999099,0
08017,1241,pedal_changes,888,0,0,0,3.896758062696215,0
08018,1241,tempo,888,0,6,0,7.464555315654075,0
08018,1241,rubato,888,0,12,0,9.245972802348254,0
08018,1241,dynamics,758,130,0,0,5.100586926692826,0
08018,1241,articulation,738,150,9,1,11.454273888602444,0
08018,1241,pedal_depth,888,0,0,0,3.964376025109304,0
08018,1241,pedal_down_ratio,888,0,0,0,2.649473765999099,0
08018,1241,pedal_changes,888,0,0,0,5.5667972324231645,0
08019,1241,tempo,888,0,3,0,6.89426975761873,0
08019,1241,rubato,888,0,7,0,7.838147172919909,0
08019,1241,dynamics,756,132,0,0,4.434876520298177,0
08019,1241,articulation,744,144,2,0,8.285901449910591,0
08019,1241,pedal_depth,888,0,0,0,4.06353246950958,0
08019,1241,pedal_down_ratio,888,0,0,0,2.649473765999099,0
08019,1241,pedal_changes,888,0,0,0,4.453437785938531,0
08029,1241,tempo,887,1,7,0,8.326444592116074,0
08029,1241,rubato,887,1,12,1,10.175384447875773,0
08029,1241,dynamics,750,138,1,0,8.40519254116987,0
08029,1241,articulation,739,149,7,2,17.927137884240484,0
08029,1241,pedal_depth,888,0,0,0,4.625328654679842,0
08029,1241,pedal_down_ratio,888,0,0,0,2.6494737659992924,0
08029,1241,pedal_changes,888,0,0,0,5.010117509180848,0
08030,1241,tempo,887,1,13,6,17.092862264917812,0
08030,1241,rubato,887,1,17,8,20.20058632282641,0
08030,1241,dynamics,751,137,0,0,5.115981052226107,0
08030,1241,articulation,740,148,9,2,17.12493603166848,0
08030,1241,pedal_depth,888,0,0,0,4.864887499155022,0
08030,1241,pedal_down_ratio,888,0,0,0,2.649473765999099,0
08030,1241,pedal_changes,888,0,0,0,5.010117509180848,0
08033,1241,tempo,888,0,2,0,6.1225262380827585,0
08033,1241,rubato,888,0,0,0,5.9131207773522,0
08033,1241,dynamics,755,133,0,0,4.454033654295145,0
08033,1241,articulation,737,151,9,2,11.32358102818525,0
08033,1241,pedal_depth,888,0,0,0,4.729742840722829,0
08033,1241,pedal_down_ratio,888,0,0,0,2.649473765999099,0
08033,1241,pedal_changes,888,0,0,0,3.896758062696215,0
08034,1241,tempo,888,0,4,0,8.233164007111414,0
08034,1241,rubato,888,0,5,0,9.381993400308001,0
08034,1241,dynamics,760,128,0,0,4.226542688081147,0
08034,1241,articulation,755,133,2,1,11.535817180436826,0
08034,1241,pedal_depth,888,0,0,0,4.7830581778676535,0
08034,1241,pedal_down_ratio,888,0,0,0,2.649473765999099,0
08034,1241,pedal_changes,888,0,0,0,4.453437785938531,0
08037,1242,tempo,553,0,1,0,6.622300509103286,0
08037,1242,rubato,553,0,9,1,10.841928507260226,0
08037,1242,dynamics,535,18,0,0,3.825512242035603,0
08037,1242,articulation,531,22,3,2,12.85229433917788,0
08037,1242,pedal_depth,553,0,0,0,3.5344697325764645,0
08037,1242,pedal_down_ratio,553,0,0,0,3.042364471825047,0
08037,1242,pedal_changes,553,0,0,0,4.126106843957014,0
08040,1242,tempo,553,0,0,0,5.376482666240648,0
08040,1242,rubato,553,0,9,0,9.052028722803751,0
08040,1242,dynamics,530,23,0,0,4.390419490211844,0
08040,1242,articulation,527,26,1,0,6.378336042248341,0
08040,1242,pedal_depth,553,0,0,0,1.8581484712933662,0
08040,1242,pedal_down_ratio,553,0,0,0,3.042364471824946,0
08040,1242,pedal_changes,553,0,0,0,4.81379131794985,0
08041,1242,tempo,553,0,2,0,8.265378613728632,0
08041,1242,rubato,553,0,16,2,12.098143486231306,0
08041,1242,dynamics,533,20,0,0,3.8800208361578714,0
08041,1242,articulation,530,23,7,2,13.596519456280417,0
08041,1242,pedal_depth,553,0,0,0,2.665724182305496,0
08041,1242,pedal_down_ratio,553,0,0,0,3.042364471824946,0
08041,1242,pedal_changes,553,0,1,0,6.876844739928357,0
08042,1242,tempo,553,0,1,0,6.268462565023311,0
08042,1242,rubato,553,0,10,1,11.332308564932644,0
08042,1242,dynamics,533,20,0,0,3.1813197660451524,0
08042,1242,articulation,532,21,6,2,22.408752453303496,0
08042,1242,pedal_depth,553,0,1,0,6.9263303590164265,0
08042,1242,pedal_down_ratio,553,0,0,0,3.042364471824946,0
08042,1242,pedal_changes,553,0,1,0,6.876844739928357,0
08043,1242,tempo,553,0,3,0,7.188752417096678,0
08043,1242,rubato,553,0,14,2,10.901707136226022,0
08043,1242,dynamics,532,21,0,0,2.8542682013115384,0
08043,1242,articulation,526,27,6,1,18.932982404701594,0
08043,1242,pedal_depth,553,0,0,0,3.4680052768857452,0
08043,1242,pedal_down_ratio,553,0,0,0,3.042364471824946,0
08043,1242,pedal_changes,553,0,0,0,5.501475791942686,0
08044,1242,tempo,553,0,0,0,5.300941541557603,0
08044,1242,rubato,553,0,6,0,8.701937816932897,0
08044,1242,dynamics,534,19,0,0,2.854268201311538,0
08044,1242,articulation,529,24,8,4,14.51416886603887,0
08044,1242,pedal_depth,553,0,0,0,5.376134359846591,0
08044,1242,pedal_down_ratio,553,0,0,0,3.042364471824946,0
08044,1242,pedal_changes,553,0,0,0,4.126106843957014,0
08045,1242,tempo,553,0,1,0,8.767994181933142,0
08045,1242,rubato,553,0,14,1,13.921830614693125,0
08045,1242,dynamics,536,17,0,0,2.8542682013115375,0
08045,1242,articulation,535,18,4,0,8.953056591230249,0
08045,1242,pedal_depth,553,0,0,0,4.322367623353584,0
08045,1242,pedal_down_ratio,553,0,0,0,3.042364471824946,0
08045,1242,pedal_changes,553,0,0,0,5.501475791942686,0
08046,1242,tempo,553,0,1,0,6.270139160145857,0
08046,1242,rubato,553,0,12,0,9.824670407920516,0
08046,1242,dynamics,532,21,0,0,2.5569485970082524,0
08046,1242,articulation,527,26,7,4,15.731661541099335,0
08046,1242,pedal_depth,553,0,0,0,3.8115866077816327,0
08046,1242,pedal_down_ratio,553,0,0,0,3.042364471824946,0
08046,1242,pedal_changes,553,0,0,0,4.126106843957014,0
08047,1242,tempo,553,0,1,1,12.023220312165245,0
08047,1242,rubato,553,0,9,1,19.039365329323882,0
08047,1242,dynamics,535,18,0,0,3.1218558451844944,0
08047,1242,articulation,531,22,7,3,18.364623801249138,0
08047,1242,pedal_depth,553,0,0,0,5.219951885105016,0
08047,1242,pedal_down_ratio,553,0,0,0,3.042364471824946,0
08047,1242,pedal_changes,553,0,0,0,2.750737895971343,0
08048,1242,tempo,553,0,2,0,6.944685739756643,0
08048,1242,rubato,553,0,5,0,9.567068052660606,0
08048,1242,dynamics,537,16,0,0,3.183301896740507,0
08048,1242,articulation,537,16,4,0,8.970991779116945,0
08048,1242,pedal_depth,553,0,0,0,3.750706553782497,0
08048,1242,pedal_down_ratio,553,0,0,0,3.042364471824946,0
08048,1242,pedal_changes,553,0,0,0,4.81379131794985,0
08049,1242,tempo,553,0,0,0,5.263331766205916,0
08049,1242,rubato,553,0,12,1,10.42007378214919,0
08049,1242,dynamics,534,19,0,0,2.527216636577924,0
08049,1242,articulation,530,23,2,0,9.218943715615154,0
08049,1242,pedal_depth,553,0,0,0,2.9025179880089764,0
08049,1242,pedal_down_ratio,553,0,0,0,3.042364471824946,0
08049,1242,pedal_changes,553,0,1,0,6.189160265935521,0
08050,1242,tempo,553,0,0,0,5.236765581218338,0
08050,1242,rubato,553,0,9,0,8.512941991669749,0
08050,1242,dynamics,532,21,0,0,2.884000161741866,0
08050,1242,articulation,529,24,2,1,13.675544178794622,0
08050,1242,pedal_depth,553,0,0,0,3.8098981707392388,0
08050,1242,pedal_down_ratio,553,0,0,0,3.042364471824946,0
08050,1242,pedal_changes,553,0,1,0,6.189160265935521,0
08051,1242,tempo,553,0,0,0,5.301438426571416,0
08051,1242,rubato,553,0,11,0,8.442648962255019,0
08051,1242,dynamics,531,22,0,0,2.6758764387295666,0
08051,1242,articulation,529,24,3,3,11.407149555894048,0
08051,1242,pedal_depth,553,0,0,0,3.359624799803907,0
08051,1242,pedal_down_ratio,553,0,0,0,3.042364471824946,0
08051,1242,pedal_changes,553,0,0,0,5.501475791942686,0
08052,1242,tempo,553,0,5,0,9.40460878618209,0
08052,1242,rubato,553,0,29,5,15.802918315362882,0
08052,1242,dynamics,528,25,0,0,3.642165152715243,0
08052,1242,articulation,522,31,4,2,18.800073224564777,0
08052,1242,pedal_depth,553,0,0,0,3.454740761577529,0
08052,1242,pedal_down_ratio,553,0,0,0,3.042364471824946,0
08052,1242,pedal_changes,553,0,0,0,4.81379131794985,0
08055,1242,tempo,553,0,0,0,5.974745510533492,0
08055,1242,rubato,553,0,8,1,10.660185491547857,0
08055,1242,dynamics,532,21,0,0,2.457842062240491,0
08055,1242,articulation,529,24,4,1,19.037701719934095,0
08055,1242,pedal_depth,553,0,0,0,5.9728955518935924,0
08055,1242,pedal_down_ratio,553,0,0,0,3.042364471824946,0
08055,1242,pedal_changes,553,0,0,0,5.501475791942686,0
08056,1242,tempo,553,0,2,0,6.574875868579432,0
08056,1242,rubato,553,0,5,0,8.887874497815151,0
08056,1242,dynamics,532,21,0,0,3.329979568196794,0
08056,1242,articulation,531,22,2,1,28.89746088731479,0
08056,1242,pedal_depth,553,0,1,0,6.293299496092841,0
08056,1242,pedal_down_ratio,553,0,0,0,3.042364471824946,0
08056,1242,pedal_changes,553,0,0,0,4.81379131794985,0
08057,1242,tempo,553,0,4,1,10.069712196524168,0
08057,1242,rubato,553,0,12,5,15.58797248348731,0
08057,1242,dynamics,529,24,0,0,3.329979568196794,0
08057,1242,articulation,527,26,9,3,20.135459834805797,0
08057,1242,pedal_depth,553,0,0,0,5.707431386323877,0
08057,1242,pedal_down_ratio,553,0,0,0,3.042364471824946,0
08057,1242,pedal_changes,553,0,0,0,4.126106843957014,0
08058,1242,tempo,553,0,0,0,5.885784628492587,0
08058,1242,rubato,553,0,11,1,10.015080435094639,0
08058,1242,dynamics,536,17,0,0,3.8651548559427074,0
08058,1242,articulation,534,19,10,2,11.318963686870264,0
08058,1242,pedal_depth,553,0,16,0,7.276311031161714,0
08058,1242,pedal_down_ratio,553,0,0,0,3.042364471824946,0
08058,1242,pedal_changes,553,0,0,0,5.501475791942686,0
08060,1242,tempo,553,0,1,0,6.933184182678778,0
08060,1242,rubato,553,0,4,1,11.587148475409627,0
08060,1242,dynamics,529,24,0,0,3.4687287168716616,0
08060,1242,articulation,524,29,2,0,9.53598458239599,0
08060,1242,pedal_depth,553,0,0,0,3.5563100033001804,0
08060,1242,pedal_down_ratio,553,0,0,0,3.042364471824946,0
08060,1242,pedal_changes,553,0,0,0,4.126106843957014,0
08061,1242,tempo,553,0,1,0,6.450794216211839,0
08061,1242,rubato,553,0,5,0,9.700341566835771,0
08061,1242,dynamics,533,20,0,0,2.675876438729566,0
08061,1242,articulation,530,23,0,0,5.964505186379261,0
08061,1242,pedal_depth,553,0,0,0,3.013879092895655,0
08061,1242,pedal_down_ratio,553,0,0,0,3.042364471824946,0
08061,1242,pedal_changes,553,0,0,0,4.81379131794985,0
08062,1242,tempo,553,0,0,0,4.939045127187131,0
08062,1242,rubato,553,0,8,0,7.31322778148138,0
08062,1242,dynamics,530,23,0,0,3.0623919243238378,0
08062,1242,articulation,528,25,1,0,6.133255136301768,0
08062,1242,pedal_depth,553,0,0,0,5.764711712240904,0
08062,1242,pedal_down_ratio,553,0,0,0,3.042364471824946,0
08062,1242,pedal_changes,553,0,0,0,4.126106843957014,0
08063,1242,tempo,553,0,3,0,6.43887599772819,0
08063,1242,rubato,553,0,18,2,12.051577173977327,0
08063,1242,dynamics,530,23,0,0,3.0921238847541654,0
08063,1242,articulation,526,27,6,2,14.400766745751413,0
08063,1242,pedal_depth,553,0,0,0,2.690060703289883,0
08063,1242,pedal_down_ratio,553,0,0,0,3.042364471824946,0
08063,1242,pedal_changes,553,0,0,0,5.501475791942686,0
08065,1242,tempo,553,0,2,0,6.092111112551116,0
08065,1242,rubato,553,0,19,0,8.43858216742245,0
08065,1242,dynamics,531,22,0,0,4.182295767199545,0
08065,1242,articulation,526,27,5,1,12.113579069786184,0
08065,1242,pedal_depth,553,0,0,0,2.3088318626960045,0
08065,1242,pedal_down_ratio,553,0,0,0,3.042364471824946,0
08065,1242,pedal_changes,553,0,0,0,4.126106843957014,0
08066,1242,tempo,553,0,1,0,7.20212164657983,0
08066,1242,rubato,553,0,12,2,10.9893576712746,0
08066,1242,dynamics,530,23,0,0,3.0326599638935092,0
08066,1242,articulation,525,28,5,3,17.68460763997966,0
08066,1242,pedal_depth,553,0,0,0,2.9052281494244845,0
08066,1242,pedal_down_ratio,553,0,0,0,3.042364471824946,0
08066,1242,pedal_changes,553,0,0,0,5.501475791942686,0
08067,1242,tempo,553,0,2,0,8.695000953536324,0
08067,1242,rubato,553,0,8,2,13.448922917576182,0
08067,1242,dynamics,535,18,0,0,4.281402301967307,0
08067,1242,articulation,532,21,4,2,14.80858055660051,0
08067,1242,pedal_depth,553,0,0,0,3.954521105573775,0
08067,1242,pedal_down_ratio,553,0,0,0,3.042364471824946,0
08067,1242,pedal_changes,553,0,0,0,4.81379131794985,0
08068,1242,tempo,553,0,1,0,7.481036689181373,0
08068,1242,rubato,553,0,12,2,13.834379380965167,0
08068,1242,dynamics,528,25,0,0,3.0921238847541654,0
08068,1242,articulation,506,47,8,0,8.339485352506301,0
08068,1242,pedal_depth,553,0,0,0,3.0492692862251913,0
08068,1242,pedal_down_ratio,553,0,0,0,3.042364471824946,0
08068,1242,pedal_changes,553,0,0,0,4.469949080953432,0
08069,1242,tempo,553,0,0,0,5.033530306263438,0
08069,1242,rubato,553,0,6,0,7.67592998723495,0
08069,1242,dynamics,532,21,0,0,5.173361114877162,0
08069,1242,articulation,529,24,3,1,11.701942460505578,0
08069,1242,pedal_depth,553,0,0,0,3.353690903411325,0
08069,1242,pedal_down_ratio,553,0,0,0,3.042364471824946,0
08069,1242,pedal_changes,553,0,0,0,4.126106843957014,0
08070,1242,tempo,553,0,1,0,8.615511051300745,0
08070,1242,rubato,553,0,12,2,14.502237813999207,0
08070,1242,dynamics,533,20,0,0,4.876041510573876,0
08070,1242,articulation,527,26,4,2,18.32140890447629,0
08070,1242,pedal_depth,553,0,0,0,3.4304279470035053,0
08070,1242,pedal_down_ratio,553,0,0,0,3.042364471824946,0
08070,1242,pedal_changes,553,0,0,0,5.501475791942686,0
08071,1242,tempo,553,0,0,0,5.85049098921644,0
08071,1242,rubato,553,0,11,1,10.892668171884175,0
08071,1242,dynamics,531,22,0,0,3.2407836869058078,0
08071,1242,articulation,528,25,7,2,14.74805477208395,0
08071,1242,pedal_depth,553,0,0,0,4.181478006322152,0
08071,1242,pedal_down_ratio,553,0,0,0,3.042364471824946,0
08071,1242,pedal_changes,553,0,0,0,4.126106843957014,0
08073,1242,tempo,553,0,1,0,6.018662159493557,0
08073,1242,rubato,553,0,6,0,9.906036299212307,0
08073,1242,dynamics,530,23,0,0,2.9137321221721946,0
08073,1242,articulation,529,24,2,1,11.98654901287447,0
08073,1242,pedal_depth,553,0,1,0,6.374392839317503,0
08073,1242,pedal_down_ratio,553,0,0,0,3.042364471824946,0
08073,1242,pedal_changes,553,0,0,0,5.501475791942686,0
08076,1242,tempo,553,0,1,0,6.731093436634589,0
08076,1242,rubato,553,0,16,1,10.752178244468144,0
08076,1242,dynamics,531,22,0,0,3.964261390710468,0
08076,1242,articulation,529,24,3,1,14.590834020351558,0
08076,1242,pedal_depth,553,0,0,0,2.668110625447185,0
08076,1242,pedal_down_ratio,553,0,0,0,3.042364471824946,0
08076,1242,pedal_changes,553,0,0,0,4.126106843957014,0
08077,1242,tempo,553,0,0,0,5.5138181271633515,0
08077,1242,rubato,553,0,8,0,8.88269631213695,0
08077,1242,dynamics,532,21,0,0,3.6074778655465267,0
08077,1242,articulation,529,24,2,0,6.973680295850042,0
08077,1242,pedal_depth,553,0,0,0,3.2874934492119006,0
08077,1242,pedal_down_ratio,553,0,0,0,3.042364471824946,0
08077,1242,pedal_changes,553,0,1,0,6.876844739928357,0
08079,1242,tempo,553,0,0,0,5.048797308220146,0
08079,1242,rubato,553,0,3,0,7.437501609045725,0
08079,1242,dynamics,534,19,0,0,4.103010539385335,0
08079,1242,articulation,532,21,6,3,22.2685261476706,0
08079,1242,pedal_depth,553,0,0,0,3.1688717659939183,0
08079,1242,pedal_down_ratio,553,0,0,0,3.042364471824946,0
08079,1242,pedal_changes,553,0,0,0,4.126106843957014,0
08080,1242,tempo,553,0,2,0,6.663162418291594,0
08080,1242,rubato,553,0,13,1,10.069254866569379,0
08080,1242,dynamics,532,21,0,0,3.6272991725000794,0
08080,1242,articulation,524,29,4,1,15.062799185287291,0
08080,1242,pedal_depth,553,0,3,0,7.333565294530793,0
08080,1242,pedal_down_ratio,553,0,0,0,3.042364471824946,0
08080,1242,pedal_changes,553,0,0,0,4.81379131794985,0
08081,1242,tempo,553,0,0,0,5.983782633958624,0
08081,1242,rubato,553,0,6,0,8.79547858820551,0
08081,1242,dynamics,533,20,0,0,2.973196043032851,0
08081,1242,articulation,533,20,2,0,9.467183981521961,0
08081,1242,pedal_depth,553,0,0,0,3.1751513425226428,0
08081,1242,pedal_down_ratio,553,0,0,0,3.042364471824946,0
08081,1242,pedal_changes,553,0,0,0,4.126106843957014,0
08082,1242,tempo,553,0,5,0,8.981929140718703,0
08082,1242,rubato,553,0,8,1,11.999253311511742,0
08082,1242,dynamics,535,18,0,0,4.003904004617573,0
08082,1242,articulation,535,18,5,1,11.693868097042994,0
08082,1242,pedal_depth,553,0,0,0,5.674658985186876,0
08082,1242,pedal_down_ratio,553,0,0,0,3.042364471824946,0
08082,1242,pedal_changes,553,0,0,0,5.501475791942686,0
08085,1242,tempo,553,0,0,0,4.19336036275325,0
08085,1242,rubato,553,0,5,0,6.760511183731864,0
08085,1242,dynamics,530,23,0,0,3.3002476077664653,0
08085,1242,articulation,528,25,2,0,6.537101565144743,0
08085,1242,pedal_depth,553,0,0,0,3.0835657626018724,0
08085,1242,pedal_down_ratio,553,0,0,0,3.042364471824946,0
08085,1242,pedal_changes,553,0,1,0,6.876844739928357,0
08086,1242,tempo,553,0,2,0,8.24201223806482,0
08086,1242,rubato,553,0,5,1,12.04178780993286,0
08086,1242,dynamics,538,15,0,0,2.963285389556076,0
08086,1242,articulation,538,15,2,0,8.07910219222985,0
08086,1242,pedal_depth,553,0,0,0,2.8928618926590928,0
08086,1242,pedal_down_ratio,553,0,0,0,3.042364471824946,0
08086,1242,pedal_changes,553,0,0,0,4.81379131794985,0
08087,1242,tempo,553,0,5,3,12.720118627428613,0
08087,1242,rubato,553,0,8,3,18.01769482040748,0
08087,1242,dynamics,532,21,0,0,2.9137321221721937,0
08087,1242,articulation,532,21,6,1,11.177587507138734,0
08087,1242,pedal_depth,553,0,0,0,5.674658985186876,0
08087,1242,pedal_down_ratio,553,0,0,0,3.042364471824946,0
08087,1242,pedal_changes,553,0,0,0,4.126106843957014,0
08088,1242,tempo,553,0,2,0,8.234118367604797,0
08088,1242,rubato,553,0,7,1,12.045216410644235,0
08088,1242,dynamics,537,16,0,0,3.201141072998704,0
08088,1242,articulation,537,16,4,1,12.768947834918558,0
08088,1242,pedal_depth,553,0,0,0,5.5881522376430475,0
08088,1242,pedal_down_ratio,553,0,0,0,3.042364471824946,0
08088,1242,pedal_changes,553,0,0,0,4.126106843957014,0
08094,1242,tempo,553,0,0,0,5.830309860963934,0
08094,1242,rubato,553,0,9,0,8.237039919668113,0
08094,1242,dynamics,535,18,0,0,3.46872871687166,0
08094,1242,articulation,533,20,6,1,21.247338787778347,0
08094,1242,pedal_depth,553,0,3,0,7.766107713355041,0
08094,1242,pedal_down_ratio,553,0,0,0,3.042364471824946,0
08094,1242,pedal_changes,553,0,0,0,4.126106843957014,0
08095,1242,tempo,553,0,1,0,7.251618394360655,0
08095,1242,rubato,553,0,6,2,10.925140748515869,0
08095,1242,dynamics,533,20,0,0,4.994969352295191,0
08095,1242,articulation,528,25,3,0,6.502788990916545,0
08095,1242,pedal_depth,553,0,0,0,2.894058455940186,0
08095,1242,pedal_down_ratio,553,0,0,0,3.042364471824946,0
08095,1242,pedal_changes,553,0,0,0,5.501475791942686,0
08159,1244,tempo,713,0,3,2,11.604941447659533,0
08159,1244,rubato,713,0,8,3,16.757227212542283,0
08159,1244,dynamics,446,267,0,0,3.982707341671321,0
08159,1244,articulation,438,275,14,4,19.89559955757358,0
08159,1244,pedal_depth,713,0,0,0,4.706286726969178,0
08159,1244,pedal_down_ratio,713,0,0,0,3.1467249963069217,0
08159,1244,pedal_changes,713,0,0,0,4.396378401835386,0
08160,1244,tempo,713,0,1,0,6.384658822259908,0
08160,1244,rubato,713,0,6,0,9.957648704045207,0
08160,1244,dynamics,442,271,0,0,3.7771482530689307,0
08160,1244,articulation,431,282,12,3,12.985894135006369,0
08160,1244,pedal_depth,713,0,0,0,4.681761924300354,0
08160,1244,pedal_down_ratio,713,0,0,0,3.1467249963069217,0
08160,1244,pedal_changes,713,0,0,0,3.6636486681961546,0
08161,1244,tempo,713,0,0,0,5.047696566707318,0
08161,1244,rubato,713,0,3,0,8.535187007251585,0
08161,1244,dynamics,453,260,0,0,4.247685854322841,0
08161,1244,articulation,444,269,14,3,13.822462312388636,0
08161,1244,pedal_depth,713,0,0,0,5.859260255206338,0
08161,1244,pedal_down_ratio,713,0,0,0,3.1467249963069217,0
08161,1244,pedal_changes,713,0,0,0,4.396378401835386,0
08164,1244,tempo,713,0,2,0,7.797674279704403,0
08164,1244,rubato,713,0,14,2,13.438976735532771,0
08164,1244,dynamics,454,259,0,0,3.597284050541839,0
08164,1244,articulation,437,276,20,8,23.47001821391021,0
08164,1244,pedal_depth,713,0,0,0,2.3637037633022926,0
08164,1244,pedal_down_ratio,713,0,0,0,3.1467249963069217,0
08164,1244,pedal_changes,713,0,2,1,11.723675738227694,0
08165,1244,tempo,713,0,2,0,7.3699930588669,0
08165,1244,rubato,713,0,6,2,10.816818869848891,0
08165,1244,dynamics,452,261,0,0,3.2975103796633523,0
08165,1244,articulation,442,271,7,2,14.338222638284822,0
08165,1244,pedal_depth,713,0,0,0,3.542127225633644,0
08165,1244,pedal_down_ratio,713,0,0,0,3.1467249963069217,0
08165,1244,pedal_changes,713,0,0,0,3.6636486681961546,0
08166,1244,tempo,713,0,1,0,6.390520972057349,0
08166,1244,rubato,713,0,4,0,9.52914969192,0
08166,1244,dynamics,443,270,0,0,3.737802958766129,0
08166,1244,articulation,429,284,9,2,16.084976768100212,0
08166,1244,pedal_depth,713,0,0,0,4.92740630232303,0
08166,1244,pedal_down_ratio,713,0,0,0,3.1467249963069217,0
08166,1244,pedal_changes,713,0,2,0,8.06002707003154,0
08168,1244,tempo,713,0,3,2,13.246235198476136,0
08168,1244,rubato,713,0,11,3,18.746841821261004,0
08168,1244,dynamics,454,259,0,0,3.859586012560514,0
08168,1244,articulation,435,278,14,1,10.961579546859179,0
08168,1244,pedal_depth,713,0,0,0,4.6329034576050425,0
08168,1244,pedal_down_ratio,713,0,0,0,3.1467249963069217,0
08168,1244,pedal_changes,713,0,0,0,4.396378401835386,0
08169,1244,tempo,713,0,7,2,14.583091594574924,0
08169,1244,rubato,713,0,21,5,21.016230360022792,0
08169,1244,dynamics,448,265,0,0,3.6577497625656243,0
08169,1244,articulation,434,279,18,8,18.301278027485502,0
08169,1244,pedal_depth,713,0,0,0,5.246081856405542,0
08169,1244,pedal_down_ratio,713,0,0,0,3.1467249963069217,0
08169,1244,pedal_changes,713,0,0,0,2.9309189345569235,0
08170,1244,tempo,713,0,0,0,5.8551072121931345,0
08170,1244,rubato,713,0,10,0,8.69593415070317,0
08170,1244,dynamics,441,272,0,0,2.847849873345622,0
08170,1244,articulation,425,288,10,0,9.602089482107631,0
08170,1244,pedal_depth,713,0,0,0,4.408842884486318,0
08170,1244,pedal_down_ratio,713,0,0,0,3.1467249963069217,0
08170,1244,pedal_changes,713,0,2,0,6.594567602753078,0
08171,1244,tempo,713,0,2,2,12.409727528634015,0
08171,1244,rubato,713,0,11,2,17.69741311683308,0
08171,1244,dynamics,452,261,0,0,2.6417554746166627,0
08171,1244,articulation,440,273,8,4,18.48353048777743,0
08171,1244,pedal_depth,713,0,0,0,3.2958208226045396,0
08171,1244,pedal_down_ratio,713,0,0,0,3.1467249963069217,0
08171,1244,pedal_changes,713,0,1,0,7.327297336392309,0
08172,1244,tempo,713,0,0,0,3.5479880670824264,0
08172,1244,rubato,713,0,1,0,6.664354445545729,0
08172,1244,dynamics,450,263,0,0,3.3911896518128786,0
08172,1244,articulation,443,270,5,1,11.670201868001891,0
08172,1244,pedal_depth,713,0,1,0,6.022233614225431,0
08172,1244,pedal_down_ratio,713,0,0,0,3.1467249963069217,0
08172,1244,pedal_changes,713,0,0,0,3.6636486681961546,0
08173,1244,tempo,713,0,9,3,13.975359538511498,0
08173,1244,rubato,713,0,34,7,18.575248887991453,0
08173,1244,dynamics,451,262,0,0,2.866585727775528,0
08173,1244,articulation,428,285,11,7,19.085525271080403,0
08173,1244,pedal_depth,713,0,0,0,5.783198746492238,0
08173,1244,pedal_down_ratio,713,0,0,0,3.1467249963069217,0
08173,1244,pedal_changes,713,0,0,0,5.861837869113847,0
08174,1244,tempo,713,0,7,2,15.832923890110425,0
08174,1244,rubato,713,0,24,6,21.52647639856217,0
08174,1244,dynamics,448,265,0,0,2.866585727775528,0
08174,1244,articulation,436,277,13,6,19.87181713830305,0
08174,1244,pedal_depth,713,0,0,0,5.025630805970786,0
08174,1244,pedal_down_ratio,713,0,0,0,3.1467249963069217,0
08174,1244,pedal_changes,713,0,0,0,4.396378401835386,0
08175,1244,tempo,713,0,0,0,5.7610085691975685,0
08175,1244,rubato,713,0,3,0,7.143054795108607,0
08175,1244,dynamics,446,267,0,0,4.5528126264670155,0
08175,1244,articulation,442,271,2,0,7.461406774120185,0
08175,1244,pedal_depth,713,0,0,0,4.7936797492854115,0
08175,1244,pedal_down_ratio,713,0,0,0,3.1467249963069217,0
08175,1244,pedal_changes,713,0,0,0,5.861837869113847,0
08176,1244,tempo,713,0,0,0,5.993014804976244,0
08176,1244,rubato,713,0,2,0,7.709710389447631,0
08176,1244,dynamics,450,263,0,0,4.159359683439002,0
08176,1244,articulation,441,272,4,1,16.763776229046712,0
08176,1244,pedal_depth,713,0,0,0,4.6329034576050425,0
08176,1244,pedal_down_ratio,713,0,0,0,3.1467249963069217,0
08176,1244,pedal_changes,713,0,0,0,5.861837869113847,0
08177,1244,tempo,713,0,4,0,8.643818836064462,0
08177,1244,rubato,713,0,5,2,10.982395534884294,0
08177,1244,dynamics,454,259,0,0,3.9757483100259283,0
08177,1244,articulation,447,266,9,2,11.700702732645954,0
08177,1244,pedal_depth,713,0,0,0,5.246081856405542,0
08177,1244,pedal_down_ratio,713,0,0,0,3.1467249963069217,0
08177,1244,pedal_changes,713,0,0,0,4.396378401835386,0
08178,1244,tempo,713,0,6,1,10.159352514560972,0
08178,1244,rubato,713,0,18,3,15.708958724323088,0
08178,1244,dynamics,451,262,0,0,3.372453797382974,0
08178,1244,articulation,441,272,12,6,17.726528548626078,0
08178,1244,pedal_depth,713,0,0,0,4.464114288956878,0
08178,1244,pedal_down_ratio,713,0,0,0,3.1467249963069217,0
08178,1244,pedal_changes,713,0,0,0,3.6636486681961546,0
08181,1244,tempo,713,0,1,0,6.756207374504784,0
08181,1244,rubato,713,0,4,1,10.986551797097373,0
08181,1244,dynamics,446,267,0,0,2.7729064556260012,0
08181,1244,articulation,442,271,9,1,13.530672053909068,0
08181,1244,pedal_depth,713,0,0,0,4.654237893628401,0
08181,1244,pedal_down_ratio,713,0,0,0,3.1467249963069217,0
08181,1244,pedal_changes,713,0,0,0,2.9309189345569235,0
08182,1244,tempo,713,0,3,2,16.101190932268683,0
08182,1244,rubato,713,0,7,3,25.353888844804278,0
08182,1244,dynamics,449,264,0,0,4.927529715065122,0
08182,1244,articulation,447,266,11,0,8.80660995672081,0
08182,1244,pedal_depth,713,0,0,0,4.286393458254714,0
08182,1244,pedal_down_ratio,713,0,0,0,3.1467249963069217,0
08182,1244,pedal_changes,713,0,0,0,3.6636486681961546,0
08196,1247,tempo,325,0,5,3,22.320592219045057,0
08196,1247,rubato,325,0,10,3,28.50266026341378,0
08196,1247,dynamics,325,0,0,0,2.58246927318877,0
08196,1247,articulation,325,0,9,3,11.937751648274453,0
08196,1247,pedal_depth,325,0,1,0,6.118879893496475,0
08196,1247,pedal_down_ratio,325,0,0,0,3.2101963313673916,0
08196,1247,pedal_changes,325,0,0,0,3.625580777958555,0
08197,1247,tempo,325,0,1,0,9.909686593242743,0
08197,1247,rubato,325,0,6,1,13.09557676837191,0
08197,1247,dynamics,325,0,0,0,4.605403537186643,0
08197,1247,articulation,325,0,3,1,11.567443397744512,0
08197,1247,pedal_depth,325,0,0,0,4.748338849203017,0
08197,1247,pedal_down_ratio,325,0,0,0,3.1280290755770546,0
08197,1247,pedal_changes,325,0,0,0,2.900464622366844,0
08199,1247,tempo,325,0,2,0,6.27920160588881,0
08199,1247,rubato,325,0,6,0,9.193228096478158,0
08199,1247,dynamics,325,0,0,0,2.8994086839892117,0
08199,1247,articulation,325,0,1,1,10.148289600841943,0
08199,1247,pedal_depth,325,0,0,0,1.9914361466140862,0
08199,1247,pedal_down_ratio,325,0,0,0,3.1280290755770546,0
08199,1247,pedal_changes,325,0,1,0,7.25116155591711,0
08200,1247,tempo,325,0,1,0,8.209760848231742,0
08200,1247,rubato,325,0,2,0,8.949594331964525,0
08200,1247,dynamics,325,0,0,0,3.015955186902599,0
08200,1247,articulation,325,0,2,0,6.990275076490507,0
08200,1247,pedal_depth,325,0,0,0,4.889245312754339,0
08200,1247,pedal_down_ratio,325,0,0,0,3.2101963313673916,0
08200,1247,pedal_changes,325,0,0,0,4.713255011346122,0
08202,1247,tempo,325,0,1,0,6.236444951292275,0
08202,1247,rubato,325,0,8,1,10.391265997361383,0
08202,1247,dynamics,325,0,0,0,2.56632884023134,0
08202,1247,articulation,325,0,2,1,19.507970985360735,0
08202,1247,pedal_depth,325,0,0,0,5.084501969960037,0
08202,1247,pedal_down_ratio,325,0,0,0,3.2101963313673916,0
08202,1247,pedal_changes,325,0,0,0,3.9881388557544106,0
08203,1247,tempo,325,0,3,0,7.106615909641531,0
08203,1247,rubato,325,0,9,3,11.047282557395008,0
08203,1247,dynamics,325,0,0,0,3.103101700379711,0
08203,1247,articulation,325,0,4,2,18.010343080953124,0
08203,1247,pedal_depth,325,0,0,0,2.25486388586183,0
08203,1247,pedal_down_ratio,325,0,0,0,3.2101963313673916,0
08203,1247,pedal_changes,325,0,0,0,4.3506969335502665,0
08204,1247,tempo,325,0,1,0,6.361665828033835,0
08204,1247,rubato,325,0,10,1,10.46644165673979,0
08204,1247,dynamics,325,0,0,0,2.388784077699613,0
08204,1247,articulation,325,0,5,1,16.71606928550998,0
08204,1247,pedal_depth,325,0,0,0,3.955558134389897,0
08204,1247,pedal_down_ratio,325,0,0,0,3.2101963313673916,0
08204,1247,pedal_changes,325,0,0,0,3.625580777958555,0
08205,1247,tempo,325,0,1,0,6.564877801584573,0
08205,1247,rubato,325,0,10,1,10.452837598996313,0
08205,1247,dynamics,324,1,0,0,2.711592736848209,0
08205,1247,articulation,323,2,6,2,14.537563382275899,0
08205,1247,pedal_depth,325,0,0,0,3.955558134389897,0
08205,1247,pedal_down_ratio,325,0,0,0,3.2101963313673916,0
08205,1247,pedal_changes,325,0,0,0,4.3506969335502665,0
08206,1247,tempo,325,0,7,0,8.802344055859058,0
08206,1247,rubato,325,0,18,1,10.536614398471217,0
08206,1247,dynamics,325,0,0,0,3.2711277460391095,0
08206,1247,articulation,325,0,2,1,21.889763097782563,0
08206,1247,pedal_depth,325,0,0,0,5.628304339694666,0
08206,1247,pedal_down_ratio,325,0,0,0,3.109328924785245,0
08206,1247,pedal_changes,325,0,0,0,4.713255011346122,0
08207,1247,tempo,325,0,3,1,10.204065309144957,0
08207,1247,rubato,325,0,8,1,12.961244653370029,0
08207,1247,dynamics,325,0,0,0,4.316669125392619,0
08207,1247,articulation,325,0,2,1,12.268085225085745,0
08207,1247,pedal_depth,325,0,0,0,4.269497873655594,0
08207,1247,pedal_down_ratio,325,0,0,0,3.2101963313673916,0
08207,1247,pedal_changes,325,0,0,0,3.2630227001626997,0
08208,1247,tempo,325,0,0,0,5.886838231466689,0
08208,1247,rubato,325,0,4,0,9.234829980326616,0
08208,1247,dynamics,325,0,0,0,2.969839664167085,0
08208,1247,articulation,325,0,2,0,9.783039145001283,0
08208,1247,pedal_depth,325,0,0,0,4.918161633304941,0
08208,1247,pedal_down_ratio,325,0,0,0,3.2101963313673916,0
08208,1247,pedal_changes,325,0,0,0,3.2630227001626997,0
08209,1247,tempo,325,0,1,1,12.64765684963246,0
08209,1247,rubato,325,0,4,1,17.12774156769675,0
08209,1247,dynamics,325,0,0,0,3.6523494006526898,0
08209,1247,articulation,325,0,3,1,13.808408680775658,0
08209,1247,pedal_depth,325,0,0,0,5.329266688786458,0
08209,1247,pedal_down_ratio,325,0,0,0,3.0000367640563854,0
08209,1247,pedal_changes,325,0,0,0,5.0758130891419775,0
08210,1247,tempo,325,0,1,0,7.639145638855903,0
08210,1247,rubato,325,0,7,1,10.340159066420556,0
08210,1247,dynamics,323,2,0,0,3.511697056309372,0
08210,1247,articulation,323,2,2,1,29.699129598454284,0
08210,1247,pedal_depth,325,0,0,0,4.007390960470647,0
08210,1247,pedal_down_ratio,325,0,0,0,3.2101963313673916,0
08210,1247,pedal_changes,325,0,0,0,2.900464622366844,0
08211,1247,tempo,325,0,1,0,6.174739044591605,0
08211,1247,rubato,325,0,2,0,7.042156561233817,0
08211,1247,dynamics,325,0,0,0,3.0731384350946365,0
08211,1247,articulation,325,0,0,0,5.400630068491532,0
08211,1247,pedal_depth,325,0,0,0,5.027834617437065,0
08211,1247,pedal_down_ratio,325,0,0,0,3.2101963313673916,0
08211,1247,pedal_changes,325,0,1,0,6.163487322529544,0
08212,1247,tempo,325,0,1,0,6.130416187857753,0
08212,1247,rubato,325,0,6,0,8.420745167224146,0
08212,1247,dynamics,325,0,0,0,4.742199554483814,0
08212,1247,articulation,325,0,4,0,8.388917078138086,0
08212,1247,pedal_depth,325,0,0,0,2.29545307426822,0
08212,1247,pedal_down_ratio,325,0,0,0,3.138473839391539,0
08212,1247,pedal_changes,325,0,0,0,4.3506969335502665,0
08214,1248,tempo,625,0,3,0,8.62541147669653,0
08214,1248,rubato,625,0,22,8,17.54036422379182,0
08214,1248,dynamics,595,30,0,0,3.1331183666009528,0
08214,1248,articulation,593,32,6,2,22.167577101139454,0
08214,1248,pedal_depth,625,0,0,0,3.611590472707911,0
08214,1248,pedal_down_ratio,625,0,0,0,2.4843990007554795,0
08214,1248,pedal_changes,625,0,0,0,4.8663891322029444,0
08215,1248,tempo,625,0,3,1,12.689901546698538,0
08215,1248,rubato,625,0,18,10,24.037489081084214,0
08215,1248,dynamics,596,29,0,0,2.959056235123121,0
08215,1248,articulation,595,30,10,3,23.652388966326402,0
08215,1248,pedal_depth,625,0,0,0,3.348130985337239,0
08215,1248,pedal_down_ratio,625,0,0,0,2.4843990007554795,0
08215,1248,pedal_changes,625,0,0,0,4.8663891322029444,0
08216,1248,tempo,625,0,4,2,11.624537609033093,0
08216,1248,rubato,625,0,16,5,19.29337519144604,0
08216,1248,dynamics,597,28,0,0,3.426848213469792,0
08216,1248,articulation,597,28,3,2,16.566775668162748,0
08216,1248,pedal_depth,625,0,0,0,3.0561205546358496,0
08216,1248,pedal_down_ratio,625,0,0,0,2.4843990007554795,0
08216,1248,pedal_changes,625,0,0,0,4.258090490677577,0
08217,1248,tempo,625,0,5,2,11.479735626942881,0
08217,1248,rubato,625,0,28,6,20.46580016154967,0
08217,1248,dynamics,595,30,0,0,3.00257176799258,0
08217,1248,articulation,594,31,10,5,21.19549157189188,0
08217,1248,pedal_depth,625,0,0,0,3.824982151117956,0
08217,1248,pedal_down_ratio,625,0,0,0,2.4843990007554795,0
08217,1248,pedal_changes,625,0,0,0,3.6497918491522086,0
08218,1248,tempo,625,0,5,1,10.251940012847218,0
08218,1248,rubato,625,0,27,8,18.76624447718789,0
08218,1248,dynamics,594,31,0,0,3.524758162426072,0
08218,1248,articulation,594,31,9,5,21.040405796551553,0
08218,1248,pedal_depth,625,0,0,0,3.824982151117956,0
08218,1248,pedal_down_ratio,625,0,0,0,2.4843990007554795,0
08218,1248,pedal_changes,625,0,1,0,6.082986415253681,0
08221,1248,tempo,625,0,4,0,9.486030239528002,0
08221,1248,rubato,625,0,16,7,18.698233061541007,0
08221,1248,dynamics,592,33,0,0,3.524758162426072,0
08221,1248,articulation,591,34,7,3,21.646746198220804,0
08221,1248,pedal_depth,625,0,0,0,4.12037623267667,0
08221,1248,pedal_down_ratio,625,0,0,0,2.4843990007554795,0
08221,1248,pedal_changes,625,0,1,0,6.082986415253681,0
08222,1248,tempo,625,0,3,1,12.052086234593954,0
08222,1248,rubato,625,0,10,4,24.3686944353023,0
08222,1248,dynamics,596,29,0,0,3.990996014598833,0
08222,1248,articulation,596,29,6,1,10.46058579440397,0
08222,1248,pedal_depth,625,0,0,0,4.489076319861444,0
08222,1248,pedal_down_ratio,625,0,0,0,2.4843990007554795,0
08222,1248,pedal_changes,625,0,0,0,4.258090490677577,0
08223,1248,tempo,625,0,2,0,8.98585624281447,0
08223,1248,rubato,625,0,11,4,17.51353491017326,0
08223,1248,dynamics,595,30,0,0,3.9816712575553765,0
08223,1248,articulation,595,30,8,0,7.797485973035676,0
08223,1248,pedal_depth,625,0,0,0,3.824982151117658,0
08223,1248,pedal_down_ratio,625,0,0,0,2.4843990007554795,0
08223,1248,pedal_changes,625,0,2,0,7.299583698304417,0
08224,1248,tempo,624,1,2,1,10.496313506064226,0
08224,1248,rubato,624,1,15,6,20.613537670087876,0
08224,1248,dynamics,595,30,0,0,3.655304761034445,0
08224,1248,articulation,594,31,10,1,16.97870266291784,0
08224,1248,pedal_depth,625,0,0,0,4.150528617771078,0
08224,1248,pedal_down_ratio,625,0,0,0,2.4843990007554795,0
08224,1248,pedal_changes,625,0,0,0,4.8663891322029444,0
08226,1248,tempo,624,1,1,0,6.226517630280416,0
08226,1248,rubato,624,1,14,2,11.512189420517185,0
08226,1248,dynamics,596,29,0,0,3.7858513596428174,0
08226,1248,articulation,596,29,4,1,10.474365941662827,0
08226,1248,pedal_depth,625,0,0,0,3.8456680052441916,0
08226,1248,pedal_down_ratio,625,0,0,0,2.4843990007554795,0
08226,1248,pedal_changes,625,0,0,0,3.6497918491522086,0
08227,1248,tempo,624,1,0,0,5.976302984877821,0
08227,1248,rubato,624,1,14,3,10.684840383330586,0
08227,1248,dynamics,597,28,0,0,2.9372984686883936,0
08227,1248,articulation,597,28,1,1,12.047883084792893,0
08227,1248,pedal_depth,625,0,0,0,3.9806139741653177,0
08227,1248,pedal_down_ratio,625,0,0,0,2.4843990007554795,0
08227,1248,pedal_changes,625,0,1,0,6.082986415253681,0
08228,1248,tempo,625,0,3,0,9.680265092571585,0
08228,1248,rubato,625,0,13,3,18.290279200499683,0
08228,1248,dynamics,596,29,0,0,4.50385765198887,0
08228,1248,articulation,596,29,10,0,9.286680914887727,0
08228,1248,pedal_depth,625,0,0,0,3.522147205732782,0
08228,1248,pedal_down_ratio,625,0,0,0,2.4843990007554795,0
08228,1248,pedal_changes,625,0,0,0,4.8663891322029444,0
08229,1248,tempo,625,0,3,0,7.9367568076955175,0
08229,1248,rubato,625,0,12,4,12.286676201195311,0
08229,1248,dynamics,597,28,0,0,4.242764454772123,0
08229,1248,articulation,597,28,10,2,24.05877921058532,0
08229,1248,pedal_depth,625,0,0,0,4.177671357888628,0
08229,1248,pedal_down_ratio,625,0,0,0,2.4495574097826713,0
08229,1248,pedal_changes,625,0,0,0,4.258090490677577,0
08230,1248,tempo,625,0,4,0,9.813751043333482,0
08230,1248,rubato,625,0,18,2,16.29310259052392,0
08230,1248,dynamics,597,28,0,0,4.677919783466701,0
08230,1248,articulation,597,28,8,4,17.330760019697166,0
08230,1248,pedal_depth,625,0,0,0,3.8249821511175153,0
08230,1248,pedal_down_ratio,625,0,0,0,2.4843990007554795,0
08230,1248,pedal_changes,625,0,0,0,4.258090490677577,0
08231,1248,tempo,625,0,10,2,13.15976027410274,0
08231,1248,rubato,625,0,22,8,21.259637954223365,0
08231,1248,dynamics,597,28,0,0,4.569130951293055,0
08231,1248,articulation,597,28,7,2,12.866986331811813,0
08231,1248,pedal_depth,625,0,0,0,4.064043535562729,0
08231,1248,pedal_down_ratio,625,0,0,0,2.4843990007554795,0
08231,1248,pedal_changes,625,0,0,0,4.8663891322029444,0
08232,1248,tempo,625,0,3,0,9.125396395624186,0
08232,1248,rubato,625,0,28,6,17.462257009832786,0
08232,1248,dynamics,596,29,0,0,3.524758162426072,0
08232,1248,articulation,591,34,8,5,19.25842631273381,0
08232,1248,pedal_depth,625,0,0,0,4.064043535562691,0
08232,1248,pedal_down_ratio,625,0,0,0,2.4843990007554795,0
08232,1248,pedal_changes,625,0,2,1,17.640660604235674,0
08233,1248,tempo,625,0,1,0,9.020527405577242,0
08233,1248,rubato,625,0,18,4,17.33592683087296,0
08233,1248,dynamics,596,29,0,0,3.9163979582511903,0
08233,1248,articulation,595,30,6,4,22.51483096926677,0
08233,1248,pedal_depth,625,0,0,0,4.064043535562747,0
08233,1248,pedal_down_ratio,625,0,0,0,2.4843990007554795,0
08233,1248,pedal_changes,625,0,0,0,4.8663891322029444,0
08234,1248,tempo,625,0,5,2,14.651877317552403,0
08234,1248,rubato,625,0,22,8,23.873471465234136,0
08234,1248,dynamics,593,32,0,0,3.655304761034445,0
08234,1248,articulation,592,33,7,3,22.319318068445096,0
08234,1248,pedal_depth,625,0,0,0,4.123808881673888,0
08234,1248,pedal_down_ratio,625,0,0,0,2.4843990007554795,0
08234,1248,pedal_changes,625,0,0,0,5.474687773728313,0
08237,1248,tempo,625,0,6,1,14.244570901323472,0
08237,1248,rubato,625,0,25,8,24.384213641710538,0
08237,1248,dynamics,594,31,0,0,3.00257176799258,0
08237,1248,articulation,592,33,11,4,21.03363957252607,0
08237,1248,pedal_depth,625,0,0,0,4.172130437201317,0
08237,1248,pedal_down_ratio,625,0,0,0,2.4843990007554795,0
08237,1248,pedal_changes,625,0,0,0,4.258090490677577,0
08239,1248,tempo,625,0,9,3,10.638959130807605,0
08239,1248,rubato,625,0,26,10,18.45708653631025,0
08239,1248,dynamics,595,30,0,0,3.611789228164986,0
08239,1248,articulation,592,33,9,2,21.363460383967674,0
08239,1248,pedal_depth,625,0,0,0,3.824982151117658,0
08239,1248,pedal_down_ratio,625,0,0,0,2.4843990007554795,0
08239,1248,pedal_changes,625,0,0,0,4.8663891322029444,0
08240,1248,tempo,625,0,6,0,8.408395427115085,0
08240,1248,rubato,625,0,22,8,13.825657901270583,0
08240,1248,dynamics,596,29,0,0,3.498648842704397,0
08240,1248,articulation,593,32,10,4,17.13924026789031,0
08240,1248,pedal_depth,625,0,0,0,4.172130437201317,0
08240,1248,pedal_down_ratio,625,0,0,0,2.4843990007554795,0
08240,1248,pedal_changes,625,0,0,0,3.6497918491522086,0
08241,1248,tempo,625,0,3,1,12.247893830198072,0
08241,1248,rubato,625,0,15,5,21.11077286694623,0
08241,1248,dynamics,596,29,0,0,4.405947703032589,0
08241,1248,articulation,596,29,5,1,21.84096777745006,0
08241,1248,pedal_depth,625,0,0,0,4.362787831158591,0
08241,1248,pedal_down_ratio,625,0,0,0,2.4843990007554795,0
08241,1248,pedal_changes,625,0,1,0,6.69128505677905,0
08244,1248,tempo,625,0,5,1,10.172016808833733,0
08244,1248,rubato,625,0,13,7,18.54618734825269,0
08244,1248,dynamics,596,29,0,0,4.340674403728402,0
08244,1248,articulation,596,29,7,4,22.67189253312671,0
08244,1248,pedal_depth,625,0,0,0,4.247898878792672,0
08244,1248,pedal_down_ratio,625,0,0,0,2.4843990007554795,0
08244,1248,pedal_changes,625,0,0,0,3.6497918491522086,0
00451,124,tempo,286,2,1,0,7.376602891197216,0
00451,124,rubato,286,2,10,3,13.21368168179429,0
00451,124,dynamics,287,1,0,0,4.77722026636807,0
00451,124,articulation,287,1,10,3,37.73626632717368,0
00451,124,pedal_depth,288,0,0,0,2.3563853315202783,0
00451,124,pedal_down_ratio,288,0,1,0,6.146802038609967,0
00451,124,pedal_changes,288,0,0,0,4.587452545669633,0
00452,124,tempo,288,0,7,0,8.746137686219448,0
00452,124,rubato,288,0,14,3,12.210519734727876,0
00452,124,dynamics,286,2,0,0,5.218428507529449,0
00452,124,articulation,283,5,5,2,12.149405595615148,0
00452,124,pedal_depth,288,0,0,0,2.030763378017987,0
00452,124,pedal_down_ratio,288,0,2,0,6.080960241715836,0
00452,124,pedal_changes,288,0,0,0,3.568018646631937,0
00453,124,tempo,286,2,6,0,9.686188614931778,0
00453,124,rubato,286,2,15,3,14.486946133246361,0
00453,124,dynamics,287,1,0,0,4.86343337096282,0
00453,124,articulation,286,2,8,5,37.74120343082222,0
00453,124,pedal_depth,288,0,0,0,2.1230708042914754,0
00453,124,pedal_down_ratio,288,0,1,0,6.146802038609967,0
00453,124,pedal_changes,288,0,0,0,2.5485847475942407,0
00454,124,tempo,288,0,0,0,5.833587444772723,0
00454,124,rubato,288,0,10,0,9.379054124641431,0
00454,124,dynamics,286,2,0,0,5.567507058486632,0
00454,124,articulation,286,2,9,6,17.163753417944196,0
00454,124,pedal_depth,288,0,2,0,8.676898069712788,0
00454,124,pedal_down_ratio,288,0,2,0,6.146802038609967,0
00454,124,pedal_changes,288,0,0,0,4.077735596150784,0
00455,124,tempo,287,1,1,1,14.081219988762065,0
00455,124,rubato,287,1,5,2,26.804105190071454,0
00455,124,dynamics,287,1,8,0,8.445334298920107,0
00455,124,articulation,287,1,11,6,28.620841024222035,0
00455,124,pedal_depth,288,0,7,0,8.902266752844332,0
00455,124,pedal_down_ratio,288,0,7,0,6.146802038609967,0
00455,124,pedal_changes,288,0,1,0,7.136037293263874,0
08291,1251,tempo,1373,1,25,4,14.23604859820131,0
08291,1251,rubato,1373,1,45,18,27.072219607871265,0
08291,1251,dynamics,1315,59,0,0,3.837619838401321,0
08291,1251,articulation,1297,77,20,6,18.639231242848172,0
08291,1251,pedal_depth,1374,0,0,0,4.203987654363311,0
08291,1251,pedal_down_ratio,1374,0,0,0,2.332483254691086,0
08291,1251,pedal_changes,1374,0,4,0,7.921158660495826,0
08297,1251,tempo,1370,4,32,9,14.482223866491791,0
08297,1251,rubato,1370,4,86,32,26.81098816164329,0
08297,1251,dynamics,1299,75,0,0,4.729188083686476,0
08297,1251,articulation,1271,103,10,0,9.651906868327297,0
08297,1251,pedal_depth,1374,0,0,0,5.607102175817824,0
08297,1251,pedal_down_ratio,1374,0,0,0,2.332483254691086,0
08297,1251,pedal_changes,1374,0,9,5,19.142800096198247,0
08298,1251,tempo,1369,5,24,9,15.888761433433451,0
08298,1251,rubato,1369,5,74,20,27.4559901583772,0
08298,1251,dynamics,1307,67,0,0,3.953911348655906,0
08298,1251,articulation,1282,92,21,7,22.25692719776604,0
08298,1251,pedal_depth,1374,0,0,0,5.62425977121446,0
08298,1251,pedal_down_ratio,1374,0,0,0,2.332483254691086,0
08298,1251,pedal_changes,1374,0,6,3,13.201931100826377,0
08301,1251,tempo,1365,9,51,2,12.761371485168725,0
08301,1251,rubato,1365,9,203,47,21.485454272943798,0
08301,1251,dynamics,1278,96,0,0,3.37245379738298,0
08301,1251,articulation,1248,126,15,0,9.774331260028534,0
08301,1251,pedal_depth,1374,0,0,0,4.941367288998332,0
08301,1251,pedal_down_ratio,1374,0,0,0,2.332483254691086,0
08301,1251,pedal_changes,1374,0,3,1,24.753620814049455,0
08302,1251,tempo,1363,11,58,5,12.796159321459308,0
08302,1251,rubato,1363,11,211,54,23.168083721620288,0
08302,1251,dynamics,1288,86,0,0,3.139870776873808,0
08302,1251,articulation,1259,115,19,3,20.908312341661997,0
08302,1251,pedal_depth,1374,0,0,0,5.409186196330802,0
08302,1251,pedal_down_ratio,1374,0,0,0,2.332483254691086,0
08302,1251,pedal_changes,1374,0,2,1,12.541834545785058,0
08305,1251,tempo,1367,7,70,28,24.478623879067523,0
08305,1251,rubato,1367,7,168,71,41.50380196556863,0
08305,1251,dynamics,1288,86,0,0,4.341549716171191,0
08305,1251,articulation,1274,100,31,4,19.76910799149942,0
08305,1251,pedal_depth,1374,0,0,0,5.385769195193094,0
08305,1251,pedal_down_ratio,1374,0,0,0,2.332483254691117,0
08305,1251,pedal_changes,1374,0,5,1,12.211786268264397,0
08306,1251,tempo,1362,12,70,27,24.304200498871403,0
08306,1251,rubato,1362,12,179,69,41.13697674918146,0
08306,1251,dynamics,1284,90,0,0,4.341549716171191,0
08306,1251,articulation,1270,104,39,9,25.447998753158597,0
08306,1251,pedal_depth,1374,0,0,0,5.44276306644842,0
08306,1251,pedal_down_ratio,1374,0,0,0,2.332483254691086,0
08306,1251,pedal_changes,1374,0,5,1,12.211786268264397,0
08309,1251,tempo,1360,14,29,1,10.602486731704621,0
08309,1251,rubato,1360,14,125,34,19.948260038311236,0
08309,1251,dynamics,1279,95,0,0,4.651660410183419,0
08309,1251,articulation,1244,130,27,12,31.11724687273537,0
08309,1251,pedal_depth,1374,0,0,0,5.311991534984864,0
08309,1251,pedal_down_ratio,1374,0,0,0,2.332483254691086,0
08309,1251,pedal_changes,1374,0,6,3,30.694489809421324,0
08310,1251,tempo,1359,15,36,4,14.756988594998363,0
08310,1251,rubato,1359,15,128,39,26.658128651486866,0
08310,1251,dynamics,1291,83,0,0,4.147730532413549,0
08310,1251,articulation,1253,121,26,9,25.112028426926962,0
08310,1251,pedal_depth,1374,0,0,0,5.892339226435251,0
08310,1251,pedal_down_ratio,1374,0,0,0,2.332483254691086,0
08310,1251,pedal_changes,1374,0,4,3,26.073813924132093,0
08311,1251,tempo,1363,11,78,34,25.34066801063267,0
08311,1251,rubato,1363,11,164,85,44.10000909295818,0
08311,1251,dynamics,1282,92,0,0,4.872614279667133,0
08311,1251,articulation,1241,133,40,14,23.195116347187007,0
08311,1251,pedal_depth,1374,0,0,0,5.798106730525433,0
08311,1251,pedal_down_ratio,1374,0,0,0,2.332483254691086,0
08311,1251,pedal_changes,1374,0,10,6,39.93584157999979,0
08317,1251,tempo,1358,16,66,28,24.83959408659228,0
08317,1251,rubato,1358,16,189,66,42.3812558578475,0
08317,1251,dynamics,1281,93,0,0,5.016040475647786,0
08317,1251,articulation,1272,102,31,8,24.84566432796299,0
08317,1251,pedal_depth,1374,0,0,0,5.810676857485784,0
08317,1251,pedal_down_ratio,1374,0,0,0,2.332483254691086,0
08317,1251,pedal_changes,1374,0,5,1,13.531979378347035,0
08324,1252,tempo,300,0,3,1,13.71091722446286,0
08324,1252,rubato,300,0,7,2,16.46706241513939,0
08324,1252,dynamics,289,11,0,0,3.7499821889162717,0
08324,1252,articulation,288,12,3,0,9.837423433083153,0
08324,1252,pedal_depth,300,0,0,0,5.107264633775548,0
08324,1252,pedal_down_ratio,300,0,0,0,3.572343981474255,0
08324,1252,pedal_changes,300,0,1,0,6.1148650552055495,0
08325,1252,tempo,300,0,5,2,11.064032995995833,0
08325,1252,rubato,300,0,5,3,13.999931873332384,0
08325,1252,dynamics,289,11,0,0,2.8710801133890205,0
08325,1252,articulation,285,15,9,3,16.541222788213595,0
08325,1252,pedal_depth,300,0,0,0,2.8575518274981344,0
08325,1252,pedal_down_ratio,300,0,0,0,3.572343981474255,0
08325,1252,pedal_changes,300,0,0,0,3.6689190331233297,0
08328,1252,tempo,300,0,3,1,14.01782492726392,0
08328,1252,rubato,300,0,4,2,16.82378294213556,0
08328,1252,dynamics,290,10,0,0,2.845968625516812,0
08328,1252,articulation,285,15,6,2,15.028770617820117,0
08328,1252,pedal_depth,300,0,0,0,4.698063631155431,0
08328,1252,pedal_down_ratio,300,0,0,0,3.572343981474255,0
08328,1252,pedal_changes,300,0,0,0,3.2612613627762927,0
08330,1252,tempo,300,0,4,1,14.01782492726392,0
08330,1252,rubato,300,0,8,2,16.832707847082954,0
08330,1252,dynamics,288,12,0,0,3.7855567967352313,0
08330,1252,articulation,282,18,8,6,16.0037679078079,0
08330,1252,pedal_depth,300,0,0,0,4.739323967536254,0
08330,1252,pedal_down_ratio,300,0,0,0,3.534863651176854,0
08330,1252,pedal_changes,300,0,0,0,3.6689190331233297,0
08331,1252,tempo,300,0,4,1,12.074715627214909,0
08331,1252,rubato,300,0,7,1,13.66583218965259,0
08331,1252,dynamics,289,11,0,0,2.617175069347815,0
08331,1252,articulation,277,23,10,3,24.937251954220102,0
08331,1252,pedal_depth,300,0,0,0,3.2057824359571137,0
08331,1252,pedal_down_ratio,300,0,0,0,3.572343981474255,0
08331,1252,pedal_changes,300,0,0,0,4.89189204416444,0
08332,1252,tempo,300,0,6,1,12.063211754627536,0
08332,1252,rubato,300,0,9,1,13.759092976147258,0
08332,1252,dynamics,288,12,0,0,3.281234415301738,0
08332,1252,articulation,274,26,16,5,22.76029328563734,0
08332,1252,pedal_depth,300,0,0,0,3.057454631740584,0
08332,1252,pedal_down_ratio,300,0,0,0,3.561249745506911,0
08332,1252,pedal_changes,300,0,0,0,4.076576703470366,0
08336,1252,tempo,300,0,3,0,7.247254784290545,0
08336,1252,rubato,300,0,5,1,10.309552316925247,0
08336,1252,dynamics,291,9,0,0,2.8124866416872036,0
08336,1252,articulation,284,16,5,3,19.82469110477578,0
08336,1252,pedal_depth,300,0,0,0,2.8810340495496947,0
08336,1252,pedal_down_ratio,300,0,0,0,3.572343981474255,0
08336,1252,pedal_changes,300,0,0,0,4.076576703470366,0
08337,1252,tempo,300,0,2,0,7.354777427967277,0
08337,1252,rubato,300,0,7,1,10.378391131580308,0
08337,1252,dynamics,289,11,0,0,2.7831899058362954,0
08337,1252,articulation,278,22,4,3,17.33110444457677,0
08337,1252,pedal_depth,300,0,0,0,2.9993148052310135,0
08337,1252,pedal_down_ratio,300,0,0,0,2.9286952245644753,0
08337,1252,pedal_changes,300,0,0,0,3.2612613627762927,0
08340,1252,tempo,300,0,4,1,12.232560046909523,0
08340,1252,rubato,300,0,4,1,16.343682352980952,0
08340,1252,dynamics,290,10,0,0,2.7460807070918105,0
08340,1252,articulation,286,14,6,4,19.399675792135106,0
08340,1252,pedal_depth,300,0,0,0,3.2987191888902956,0
08340,1252,pedal_down_ratio,300,0,0,0,3.0388687843275357,0
08340,1252,pedal_changes,300,0,0,0,3.2612613627762927,0
08341,1252,tempo,299,1,1,1,11.385944346774357,0
08341,1252,rubato,299,1,5,1,13.072663672071261,0
08341,1252,dynamics,290,10,0,0,3.0803425123240804,0
08341,1252,articulation,281,19,7,5,16.437106050365248,0
08341,1252,pedal_depth,300,0,0,0,3.693492362111068,0
08341,1252,pedal_down_ratio,300,0,0,0,3.572343981474255,0
08341,1252,pedal_changes,300,0,0,0,4.076576703470366,0
08342,1252,tempo,300,0,4,2,12.757766444364899,0
08342,1252,rubato,300,0,9,2,14.343702766689155,0
08342,1252,dynamics,288,12,0,0,2.804674178793628,0
08342,1252,articulation,274,26,4,2,11.655268691935014,0
08342,1252,pedal_depth,300,0,0,0,5.61321180323751,0
08342,1252,pedal_down_ratio,300,0,0,0,3.572343981474255,0
08342,1252,pedal_changes,300,0,1,0,6.1148650552055495,0
08345,1252,tempo,300,0,7,3,21.541190318993188,0
08345,1252,rubato,300,0,11,3,26.506178467289143,0
08345,1252,dynamics,287,13,0,0,3.6718575599805154,0
08345,1252,articulation,280,20,8,2,28.404194325663003,0
08345,1252,pedal_depth,300,0,0,0,3.1674434742796826,0
08345,1252,pedal_down_ratio,300,0,0,0,3.572343981474255,0
08345,1252,pedal_changes,300,0,0,0,4.89189204416444,0
08346,1252,tempo,300,0,2,1,10.104505905166475,0
08346,1252,rubato,300,0,6,2,13.11781065940389,0
08346,1252,dynamics,287,13,0,0,3.359359044237493,0
08346,1252,articulation,280,20,11,2,19.52735699509246,0
08346,1252,pedal_depth,300,0,1,0,9.236542908957603,0
08346,1252,pedal_down_ratio,300,0,0,0,3.572343981474255,0
08346,1252,pedal_changes,300,0,0,0,3.6689190331233297,0
08347,1252,tempo,300,0,1,0,7.659432719229141,0
08347,1252,rubato,300,0,2,1,11.357242538615049,0
08347,1252,dynamics,285,15,0,0,3.59373293104476,0
08347,1252,articulation,276,24,6,4,17.110394961835127,0
08347,1252,pedal_depth,300,0,1,0,8.16988646880312,0
08347,1252,pedal_down_ratio,300,0,0,0,3.572343981474255,0
08347,1252,pedal_changes,300,0,0,0,4.89189204416444,0
08348,1252,tempo,300,0,1,0,6.9155999442572815,0
08348,1252,rubato,300,0,2,1,10.535530123387387,0
08348,1252,dynamics,286,14,0,0,4.160136490828988,0
08348,1252,articulation,278,22,3,1,11.72834247721811,0
08348,1252,pedal_depth,300,0,0,0,4.247081402935474,0
08348,1252,pedal_down_ratio,300,0,0,0,3.503070726923489,0
08348,1252,pedal_changes,300,0,0,0,5.7072073848585125,0
08350,1252,tempo,300,0,3,0,9.117296849425943,0
08350,1252,rubato,300,0,3,2,12.271402842008255,0
08350,1252,dynamics,286,14,0,0,4.003887232957479,0
08350,1252,articulation,271,29,6,2,15.018479139151816,0
08350,1252,pedal_depth,300,0,0,0,5.251655865898038,0
08350,1252,pedal_down_ratio,300,0,0,0,3.572343981474255,0
08350,1252,pedal_changes,300,0,0,0,4.89189204416444,0
08352,1252,tempo,300,0,3,0,9.074862100242985,0
08352,1252,rubato,300,0,3,2,11.798797697763403,0
08352,1252,dynamics,285,15,0,0,3.5937329310447605,0
08352,1252,articulation,278,22,6,3,19.04707203512956,0
08352,1252,pedal_depth,300,0,0,0,4.404939344336966,0
08352,1252,pedal_down_ratio,300,0,0,0,3.572343981474255,0
08352,1252,pedal_changes,300,0,0,0,4.484234373817403,0
08354,1252,tempo,300,0,5,2,16.446579670889747,0
08354,1252,rubato,300,0,9,3,20.729051284834934,0
08354,1252,dynamics,288,12,0,0,4.171855185169352,0
08354,1252,articulation,283,17,7,5,21.445500892863002,0
08354,1252,pedal_depth,300,0,0,0,4.952747210423725,0
08354,1252,pedal_down_ratio,300,0,0,0,3.561249745506911,0
08354,1252,pedal_changes,300,0,0,0,4.484234373817403,0
08355,1252,tempo,300,0,4,0,9.392103944070058,0
08355,1252,rubato,300,0,5,4,12.174390652477134,0
08355,1252,dynamics,286,14,0,0,3.4179525159393105,0
08355,1252,articulation,272,28,5,0,9.737802557907068,0
08355,1252,pedal_depth,300,0,1,0,7.57611540532183,0
08355,1252,pedal_down_ratio,300,0,0,0,3.5492862210913314,0
08355,1252,pedal_changes,300,0,0,0,4.484234373817403,0
08357,1252,tempo,300,0,3,0,7.439483400795754,0
08357,1252,rubato,300,0,5,0,9.0965413261652,0
08357,1252,dynamics,290,10,0,0,3.652326402746577,0
08357,1252,articulation,272,28,13,2,19.678837772004698,0
08357,1252,pedal_depth,300,0,0,0,3.4480787837638203,0
08357,1252,pedal_down_ratio,300,0,0,0,3.572343981474255,0
08357,1252,pedal_changes,300,0,0,0,2.8536036924292563,0
08358,1252,tempo,298,2,7,0,9.868775476953827,0
08358,1252,rubato,298,2,9,3,12.945215976372094,0
08358,1252,dynamics,289,11,0,0,2.8124866416872036,0
08358,1252,articulation,285,15,9,2,19.992965059015766,0
08358,1252,pedal_depth,300,0,0,0,4.786538283929928,0
08358,1252,pedal_down_ratio,300,0,0,0,3.5322021528880434,0
08358,1252,pedal_changes,300,0,0,0,4.89189204416444,0
08363,1252,tempo,299,1,1,0,6.404772778600155,0
08363,1252,rubato,299,1,3,0,8.978847099859122,0
08363,1252,dynamics,291,9,0,0,4.68747773614534,0
08363,1252,articulation,284,16,6,4,16.76230920725464,0
08363,1252,pedal_depth,300,0,0,0,3.569325595436062,0
08363,1252,pedal_down_ratio,300,0,0,0,3.5142570874665484,0
08363,1252,pedal_changes,300,0,0,0,4.484234373817403,0
08365,1252,tempo,299,1,2,0,9.029521276940718,0
08365,1252,rubato,299,1,3,1,12.128692550216513,0
08365,1252,dynamics,291,9,0,0,4.101543019127172,0
08365,1252,articulation,287,13,6,3,15.08281916131946,0
08365,1252,pedal_depth,300,0,0,0,5.5452077749116215,0
08365,1252,pedal_down_ratio,300,0,0,0,3.1433144262751553,0
08365,1252,pedal_changes,300,0,0,0,4.076576703470366,0
08370,1253,tempo,857,0,0,0,5.497234235463097,0
08370,1253,rubato,857,0,8,0,6.807853957484501,0
08370,1253,dynamics,636,221,0,0,5.383881597964955,0
08370,1253,articulation,603,254,7,3,14.92579925370788,0
08370,1253,pedal_depth,857,0,0,0,4.623116248117222,0
08370,1253,pedal_down_ratio,857,0,0,0,2.470243362984634,0
08370,1253,pedal_changes,857,0,0,0,4.855070233870038,0
08371,1253,tempo,857,0,1,0,6.4591721823785955,0
08371,1253,rubato,857,0,1,0,7.9905554119498685,0
08371,1253,dynamics,637,220,0,0,5.72112697770325,0
08371,1253,articulation,597,260,7,2,11.281314550860078,0
08371,1253,pedal_depth,857,0,0,0,4.5119162810708495,0
08371,1253,pedal_down_ratio,857,0,0,0,2.470243362984638,0
08371,1253,pedal_changes,857,0,1,0,6.068837792337548,0
08372,1253,tempo,857,0,0,0,5.49622133331519,0
08372,1253,rubato,857,0,7,0,6.784169596416055,0
08372,1253,dynamics,635,222,0,0,4.480545759380231,0
08372,1253,articulation,605,252,4,3,11.435639426969242,0
08372,1253,pedal_depth,857,0,0,0,4.623116248117226,0
08372,1253,pedal_down_ratio,857,0,0,0,2.470243362984634,0
08372,1253,pedal_changes,857,0,1,0,7.889489130038813,0
08374,1253,tempo,857,0,0,0,5.497234235463097,0
08374,1253,rubato,857,0,8,0,6.8133869475342275,0
08374,1253,dynamics,632,225,0,0,4.769613227727341,0
08374,1253,articulation,601,256,5,3,11.485593528237729,0
08374,1253,pedal_depth,857,0,0,0,4.2532669482679,0
08374,1253,pedal_down_ratio,857,0,0,0,2.470243362984634,0
08374,1253,pedal_changes,857,0,0,0,4.248186454636284,0
08375,1253,tempo,857,0,0,0,4.927270750544587,0
08375,1253,rubato,857,0,7,0,6.144659701037252,0
08375,1253,dynamics,637,220,0,0,4.841880094814121,0
08375,1253,articulation,601,256,4,2,15.324774569101386,0
08375,1253,pedal_depth,857,0,0,0,4.484422760673649,0
08375,1253,pedal_down_ratio,857,0,0,0,2.470243362984634,0
08375,1253,pedal_changes,857,0,0,0,5.461954013103793,0
08376,1253,tempo,857,0,2,0,7.819361461658585,0
08376,1253,rubato,857,0,5,0,8.873872748569065,0
08376,1253,dynamics,631,226,0,0,3.685610221425673,0
08376,1253,articulation,596,261,7,1,10.242029197359416,0
08376,1253,pedal_depth,857,0,0,0,4.497949948001969,0
08376,1253,pedal_down_ratio,857,0,0,0,2.470243362984634,0
08376,1253,pedal_changes,857,0,0,0,5.461954013103793,0
08377,1253,tempo,857,0,4,0,7.783243077012331,0
08377,1253,rubato,857,0,7,0,8.638792956326402,0
08377,1253,dynamics,630,227,0,0,3.974677689772784,0
08377,1253,articulation,593,264,7,0,9.7423966381529,0
08377,1253,pedal_depth,857,0,0,0,4.715578573079741,0
08377,1253,pedal_down_ratio,857,0,0,0,2.470243362984634,0
08377,1253,pedal_changes,857,0,2,0,6.068837792337548,0
08378,1253,tempo,857,0,4,0,8.532434246989451,0
08378,1253,rubato,857,0,8,2,10.72405475446424,0
08378,1253,dynamics,632,225,0,0,4.7696132277273415,0
08378,1253,articulation,611,246,6,1,12.490175259138043,0
08378,1253,pedal_depth,857,0,0,0,4.854272060523022,0
08378,1253,pedal_down_ratio,857,0,0,0,2.470243362984634,0
08378,1253,pedal_changes,857,0,0,0,4.855070233870038,0
08379,1253,tempo,857,0,3,0,9.731200018121328,0
08379,1253,rubato,857,0,5,1,11.941662791361493,0
08379,1253,dynamics,636,221,0,0,3.448370506241805,0
08379,1253,articulation,605,252,5,3,24.93060375822816,0
08379,1253,pedal_depth,857,0,0,0,4.715578573079628,0
08379,1253,pedal_down_ratio,857,0,0,0,2.470243362984634,0
08379,1253,pedal_changes,857,0,0,0,4.855070233870038,0
08380,1253,tempo,857,0,0,0,5.279114877483042,0
08380,1253,rubato,857,0,3,0,6.337802293549779,0
08380,1253,dynamics,637,220,0,0,3.1436087182748387,0
08380,1253,articulation,612,245,6,0,9.815544835485777,0
08380,1253,pedal_depth,857,0,0,0,3.3748748611255794,0
08380,1253,pedal_down_ratio,857,0,0,0,2.470243362984634,0
08380,1253,pedal_changes,857,0,3,0,6.068837792337548,0
08381,1253,tempo,857,0,0,0,5.4121247069337715,0
08381,1253,rubato,857,0,2,0,6.858512397876039,0
08381,1253,dynamics,636,221,0,0,3.613343354338894,0
08381,1253,articulation,611,246,12,3,18.58559207032457,0
08381,1253,pedal_depth,857,0,0,0,4.509444856201511,0
08381,1253,pedal_down_ratio,857,0,0,0,2.470243362984634,0
08381,1253,pedal_changes,857,0,1,0,7.282605350805058,0
08383,1253,tempo,857,0,1,0,6.831365224824713,0
08383,1253,rubato,857,0,5,0,7.996642127180139,0
08383,1253,dynamics,636,221,0,0,3.179742151818228,0
08383,1253,articulation,604,253,1,0,8.2803268606202,0
08383,1253,pedal_depth,857,0,0,0,3.9534635898015025,0
08383,1253,pedal_down_ratio,857,0,0,0,2.470243362984634,0
08383,1253,pedal_changes,857,0,0,0,5.461954013103793,0
08384,1253,tempo,857,0,1,0,9.607359765767573,0
08384,1253,rubato,857,0,3,1,12.021729601557151,0
08384,1253,dynamics,637,220,0,0,2.9870305062534857,0
08384,1253,articulation,614,243,5,1,17.54911869905092,0
08384,1253,pedal_depth,857,0,0,0,4.2070357857866725,0
08384,1253,pedal_down_ratio,857,0,0,0,2.470243362984634,0
08384,1253,pedal_changes,857,0,0,0,5.461954013103793,0
08385,1253,tempo,857,0,2,0,7.0995161147795045,0
08385,1253,rubato,857,0,3,0,8.410843351845266,0
08385,1253,dynamics,633,224,0,0,5.010502784683268,0
08385,1253,articulation,602,255,4,0,9.566395323982665,0
08385,1253,pedal_depth,857,0,0,0,4.854272060522916,0
08385,1253,pedal_down_ratio,857,0,0,0,2.470243362984634,0
08385,1253,pedal_changes,857,0,2,0,7.889489130038813,0
08386,1253,tempo,857,0,2,0,7.942683747061559,0
08386,1253,rubato,857,0,2,1,10.12833226540099,0
08386,1253,dynamics,637,220,0,0,5.299570253030379,0
08386,1253,articulation,603,254,7,1,10.368429292475728,0
08386,1253,pedal_depth,857,0,0,0,3.9758799733808585,0
08386,1253,pedal_down_ratio,857,0,0,0,2.470243362984634,0
08386,1253,pedal_changes,857,0,0,0,4.855070233870038,0
08387,1253,tempo,857,0,1,0,6.130441465647293,0
08387,1253,rubato,857,0,6,0,7.319749837331911,0
08387,1253,dynamics,646,211,0,0,3.7337881328168576,0
08387,1253,articulation,612,245,6,1,12.04989500663569,0
08387,1253,pedal_depth,857,0,0,0,4.623116248117319,0
08387,1253,pedal_down_ratio,857,0,0,0,2.470243362984634,0
08387,1253,pedal_changes,857,0,0,0,4.855070233870038,0
08388,1253,tempo,857,0,0,0,5.711835729164965,0
08388,1253,rubato,857,0,5,0,7.438911478125885,0
08388,1253,dynamics,637,220,0,0,4.0710335125551556,0
08388,1253,articulation,602,255,7,1,13.932556925937414,0
08388,1253,pedal_depth,857,0,0,0,4.505179007380607,0
08388,1253,pedal_down_ratio,857,0,0,0,2.470243362984634,0
08388,1253,pedal_changes,857,0,0,0,4.855070233870038,0
08389,1253,tempo,857,0,1,0,7.392734028008173,0
08389,1253,rubato,857,0,3,0,8.53430947767427,0
08389,1253,dynamics,645,212,0,0,3.7795571486384847,0
08389,1253,articulation,623,234,5,1,14.390378363847585,0
08389,1253,pedal_depth,857,0,0,0,4.80804089804199,0
08389,1253,pedal_down_ratio,857,0,0,0,2.470243362984634,0
08389,1253,pedal_changes,857,0,0,0,5.461954013103793,0
08390,1253,tempo,857,0,0,0,5.979554274209051,0
08390,1253,rubato,857,0,2,0,6.851465771878171,0
08390,1253,dynamics,632,225,0,0,4.046944556859562,0
08390,1253,articulation,606,251,3,3,17.55412219733028,0
08390,1253,pedal_depth,857,0,0,0,4.715578573079508,0
08390,1253,pedal_down_ratio,857,0,0,0,2.4702433629847054,0
08390,1253,pedal_changes,857,0,0,0,4.855070233870038,0
08393,1253,tempo,857,0,0,0,5.440103766522373,0
08393,1253,rubato,857,0,1,0,6.368154140169222,0
08393,1253,dynamics,640,217,0,0,4.458309800276606,0
08393,1253,articulation,606,251,5,1,12.752564092161872,0
08393,1253,pedal_depth,857,0,0,0,4.669347410598565,0
08393,1253,pedal_down_ratio,857,0,0,0,2.470243362984634,0
08393,1253,pedal_changes,857,0,0,0,4.855070233870038,0
08394,1253,tempo,857,0,0,0,5.603174623766207,0
08394,1253,rubato,857,0,1,0,6.357620732058861,0
08394,1253,dynamics,641,216,0,0,5.239347863791398,0
08394,1253,articulation,609,248,8,2,18.511350689112465,0
08394,1253,pedal_depth,857,0,0,0,3.790955323456234,0
08394,1253,pedal_down_ratio,857,0,0,0,2.470243362984634,0
08394,1253,pedal_changes,857,0,0,0,4.248186454636284,0
08395,1253,tempo,857,0,1,0,6.168807658950815,0
08395,1253,rubato,857,0,2,0,7.979818938534049,0
08395,1253,dynamics,640,217,0,0,3.815690582181874,0
08395,1253,articulation,608,249,5,1,21.832713860261556,0
08395,1253,pedal_depth,857,0,0,0,4.299498110749247,0
08395,1253,pedal_down_ratio,857,0,0,0,2.470243362984634,0
08395,1253,pedal_changes,857,0,1,0,6.068837792337548,0
08396,1253,tempo,857,0,1,0,6.213831846016841,0
08396,1253,rubato,857,0,1,0,7.729630306877992,0
08396,1253,dynamics,638,219,0,0,4.263745158119895,0
08396,1253,articulation,615,242,7,2,15.22865104705047,0
08396,1253,pedal_depth,857,0,0,0,4.8080408980420115,0
08396,1253,pedal_down_ratio,857,0,0,0,2.470243362984634,0
08396,1253,pedal_changes,857,0,1,0,6.068837792337548,0
08397,1253,tempo,857,0,1,0,8.074864114342745,0
08397,1253,rubato,857,0,2,0,9.241932733519855,0
08397,1253,dynamics,641,216,0,0,3.5188405281484925,0
08397,1253,articulation,607,250,4,2,19.2431922488951,0
08397,1253,pedal_depth,857,0,0,0,3.9758799733810486,0
08397,1253,pedal_down_ratio,857,0,0,0,2.470243362984634,0
08397,1253,pedal_changes,857,0,0,0,4.248186454636284,0
08398,1253,tempo,857,0,1,0,7.787327840156252,0
08398,1253,rubato,857,0,3,1,10.077705720360868,0
08398,1253,dynamics,636,221,0,0,4.139859100256847,0
08398,1253,articulation,613,244,2,0,6.5642288322170845,0
08398,1253,pedal_depth,857,0,0,0,4.854272060522888,0
08398,1253,pedal_down_ratio,857,0,0,0,2.470243362984634,0
08398,1253,pedal_changes,857,0,1,0,6.068837792337548,0
08399,1253,tempo,857,0,1,0,7.487933160864903,0
08399,1253,rubato,857,0,4,0,9.816740066675017,0
08399,1253,dynamics,645,212,0,0,3.1935072693585673,0
08399,1253,articulation,615,242,8,1,11.11253724572543,0
08399,1253,pedal_depth,857,0,0,0,4.992965547966606,0
08399,1253,pedal_down_ratio,857,0,0,0,2.470243362984634,0
08399,1253,pedal_changes,857,0,2,0,8.496372909272567,0
08400,1253,tempo,857,0,1,0,6.2101018997992,0
08400,1253,rubato,857,0,3,0,6.395932089851565,0
08400,1253,dynamics,638,219,0,0,5.636815632768676,0
08400,1253,articulation,613,244,7,2,10.725789491964168,0
08400,1253,pedal_depth,857,0,0,0,4.2994981107490515,0
08400,1253,pedal_down_ratio,857,0,0,0,2.470243362984634,0
08400,1253,pedal_changes,857,0,0,0,3.641302675402529,0
08402,1253,tempo,857,0,0,0,5.29514293974175,0
08402,1253,rubato,857,0,1,0,6.284879735036896,0
08402,1253,dynamics,639,218,0,0,3.9024108226860075,0
08402,1253,articulation,623,234,12,2,13.709006296262071,0
08402,1253,pedal_depth,857,0,0,0,3.975879973381015,0
08402,1253,pedal_down_ratio,857,0,0,0,2.470243362984634,0
08402,1253,pedal_changes,857,0,1,0,6.6757215715713025,0
08403,1253,tempo,857,0,3,0,9.171531831636058,0
08403,1253,rubato,857,0,7,1,10.144358416662957,0
08403,1253,dynamics,639,218,0,0,4.22038503786783,0
08403,1253,articulation,611,246,7,1,11.81299747278283,0
08403,1253,pedal_depth,857,0,0,0,4.1608046233055695,0
08403,1253,pedal_down_ratio,857,0,0,0,2.470243362984634,0
08403,1253,pedal_changes,857,0,1,0,6.068837792337548,0
08405,1253,tempo,857,0,0,0,5.594162114938071,0
08405,1253,rubato,857,0,0,0,5.946961696523486,0
08405,1253,dynamics,637,220,0,0,4.336012025206674,0
08405,1253,articulation,626,231,16,2,14.086661964903616,0
08405,1253,pedal_depth,857,0,0,0,4.484422760673767,0
08405,1253,pedal_down_ratio,857,0,0,0,2.470243362984634,0
08405,1253,pedal_changes,857,0,1,0,6.068837792337548,0
08406,1253,tempo,857,0,6,2,10.928796098792011,0
08406,1253,rubato,857,0,5,2,12.20160233010931,0
08406,1253,dynamics,641,216,0,0,3.32943780506941,0
08406,1253,articulation,625,232,5,1,14.620110017972191,0
08406,1253,pedal_depth,857,0,0,0,4.761809735560859,0
08406,1253,pedal_down_ratio,857,0,0,0,2.4702433629847342,0
08406,1253,pedal_changes,857,0,0,0,4.855070233870038,0
08407,1253,tempo,857,0,2,0,6.139067639869005,0
08407,1253,rubato,857,0,1,0,6.169862868802717,0
08407,1253,dynamics,641,216,0,0,4.046944556859562,0
08407,1253,articulation,628,229,7,3,20.543853794111406,0
08407,1253,pedal_depth,857,0,0,0,4.484422760673949,0
08407,1253,pedal_down_ratio,857,0,0,0,2.470243362984634,0
08407,1253,pedal_changes,857,0,0,0,4.248186454636284,0
08408,1253,tempo,857,0,0,0,4.479841530919511,0
08408,1253,rubato,857,0,0,0,5.711404462819028,0
08408,1253,dynamics,637,220,0,0,4.914146961900896,0
08408,1253,articulation,621,236,9,1,16.681900450738308,0
08408,1253,pedal_depth,857,0,0,0,4.34572927323024,0
08408,1253,pedal_down_ratio,857,0,0,0,2.470243362984634,0
08408,1253,pedal_changes,857,0,0,0,5.461954013103793,0
08412,1253,tempo,857,0,1,0,8.523718831110372,0
08412,1253,rubato,857,0,3,0,9.994778844890831,0
08412,1253,dynamics,633,224,0,0,4.046944556859561,0
08412,1253,articulation,591,266,6,2,23.080060782358203,0
08412,1253,pedal_depth,857,0,0,0,4.854272060523061,0
08412,1253,pedal_down_ratio,857,0,0,0,2.470243362984634,0
08412,1253,pedal_changes,857,0,1,0,6.068837792337548,0
08415,1253,tempo,857,0,1,0,8.03627456278549,0
08415,1253,rubato,857,0,2,0,9.08451467096734,0
08415,1253,dynamics,631,226,0,0,2.890674683471116,0
08415,1253,articulation,595,262,5,1,22.10329773896917,0
08415,1253,pedal_depth,857,0,0,0,4.345729273230133,0
08415,1253,pedal_down_ratio,857,0,0,0,2.470243362984634,0
08415,1253,pedal_changes,857,0,0,0,5.461954013103793,0
08419,1254,tempo,587,5,20,13,39.22985307619647,0
08419,1254,rubato,587,5,32,16,51.03946889447302,0
08419,1254,dynamics,591,1,0,0,4.0132446934855075,0
08419,1254,articulation,591,1,8,4,16.621333279266384,0
08419,1254,pedal_depth,592,0,0,0,2.3627911081827544,0
08419,1254,pedal_down_ratio,592,0,0,0,2.592343587592915,0
08419,1254,pedal_changes,592,0,2,0,8.32253099596064,0
08421,1254,tempo,587,5,21,14,39.33063785635653,0
08421,1254,rubato,587,5,28,18,51.21833858263001,0
08421,1254,dynamics,592,0,0,0,3.889210415373592,0
08421,1254,articulation,590,2,9,3,13.073129548030911,0
08421,1254,pedal_depth,592,0,0,0,4.20910296464068,0
08421,1254,pedal_down_ratio,592,0,0,0,2.592343587592915,0
08421,1254,pedal_changes,592,0,3,2,12.280807933063873,0
08423,1254,tempo,587,5,22,11,39.26336182503014,0
08423,1254,rubato,587,5,31,17,51.12736577339894,0
08423,1254,dynamics,592,0,0,0,4.517790909533973,0
08423,1254,articulation,591,1,7,4,17.743530643818172,0
08423,1254,pedal_depth,592,0,0,0,4.952462496350266,0
08423,1254,pedal_down_ratio,592,0,0,0,2.592343587592915,0
08423,1254,pedal_changes,592,0,3,0,9.844945202538808,0
08424,1254,tempo,587,5,43,17,37.39086449451658,0
08424,1254,rubato,587,5,57,28,49.78770774549599,0
08424,1254,dynamics,592,0,0,0,4.0521367976392435,0
08424,1254,articulation,592,0,9,3,15.115884169271315,0
08424,1254,pedal_depth,592,0,0,0,2.637576923009982,0
08424,1254,pedal_down_ratio,592,0,0,0,2.592343587592915,0
08424,1254,pedal_changes,592,0,2,1,11.97632509174824,0
08425,1254,tempo,587,5,44,17,37.39086449451658,0
08425,1254,rubato,587,5,58,34,49.78770774549599,0
08425,1254,dynamics,591,1,0,0,4.020602659136214,0
08425,1254,articulation,591,1,9,2,13.709108282697628,0
08425,1254,pedal_depth,592,0,0,0,3.2394876474179117,0
08425,1254,pedal_down_ratio,592,0,0,0,2.592343587592915,0
08425,1254,pedal_changes,592,0,1,0,8.728508117714819,0
08426,1254,tempo,588,4,30,10,25.767415602928665,0
08426,1254,rubato,588,4,49,22,34.01421854735084,0
08426,1254,dynamics,591,1,0,0,3.295317473566544,0
08426,1254,articulation,591,1,10,5,14.0759896811453,0
08426,1254,pedal_depth,592,0,0,0,3.6874657579820465,0
08426,1254,pedal_down_ratio,592,0,0,0,2.592343587592915,0
08426,1254,pedal_changes,592,0,3,1,11.874830811309696,0
08427,1254,tempo,590,2,13,4,18.456333430888527,0
08427,1254,rubato,590,2,19,8,24.362456359142705,0
08427,1254,dynamics,592,0,0,0,4.263415525609539,0
08427,1254,articulation,592,0,9,2,14.918118360709482,0
08427,1254,pedal_depth,592,0,0,0,4.923420322237981,0
08427,1254,pedal_down_ratio,592,0,0,0,2.5772451902738776,0
08427,1254,pedal_changes,592,0,5,2,16.239084870167105,0
08428,1254,tempo,590,2,10,4,18.908270189641016,0
08428,1254,rubato,590,2,17,6,25.17373304467197,0
08428,1254,dynamics,591,1,0,0,4.364324768819232,0
08428,1254,articulation,591,1,4,2,10.163489260249644,0
08428,1254,pedal_depth,592,0,0,0,4.9046114806641565,0
08428,1254,pedal_down_ratio,592,0,0,0,2.5772451902738776,0
08428,1254,pedal_changes,592,0,5,2,15.833107748412926,0
08429,1254,tempo,587,5,23,13,39.179750299213815,0
08429,1254,rubato,587,5,29,19,51.056786611536594,0
08429,1254,dynamics,591,1,0,0,2.4438957339847587,0
08429,1254,articulation,591,1,10,4,13.674831283900692,0
08429,1254,pedal_depth,592,0,0,0,5.126943888467898,0
08429,1254,pedal_down_ratio,592,0,0,0,2.592343587592915,0
08429,1254,pedal_changes,592,0,4,3,15.021153504904571,0
08430,1254,tempo,587,5,27,10,37.72961010053454,0
08430,1254,rubato,587,5,34,15,50.909135726472606,0
08430,1254,dynamics,592,0,0,0,3.221387437742775,0
08430,1254,articulation,592,0,10,5,12.243867796948706,0
08430,1254,pedal_depth,592,0,0,0,4.895226063979872,0
08430,1254,pedal_down_ratio,592,0,0,0,2.592343587592915,0
08430,1254,pedal_changes,592,0,4,4,22.937707379111036,0
08431,1254,tempo,590,2,15,7,23.459725050205527,0
08431,1254,rubato,590,2,30,11,31.55839302972215,0
08431,1254,dynamics,591,1,0,0,2.9326748807817085,0
08431,1254,articulation,591,1,6,4,18.802171485949017,0
08431,1254,pedal_depth,592,0,0,0,5.385405312561132,0
08431,1254,pedal_down_ratio,592,0,0,0,2.592343587592915,0
08431,1254,pedal_changes,592,0,5,3,18.26897047893799,0
08432,1254,tempo,590,2,18,4,14.107271837545364,0
08432,1254,rubato,590,2,26,11,19.396869049863078,0
08432,1254,dynamics,592,0,0,0,2.648867634254447,0
08432,1254,articulation,592,0,9,3,20.22109377396848,0
08432,1254,pedal_depth,592,0,0,0,5.126943888467898,0
08432,1254,pedal_down_ratio,592,0,0,0,2.592343587592915,0
08432,1254,pedal_changes,592,0,4,4,23.95265018349648,0
08433,1254,tempo,590,2,18,5,13.80574706184233,0
08433,1254,rubato,590,2,28,12,18.8205114538409,0
08433,1254,dynamics,592,0,0,0,2.8696066037756496,0
08433,1254,articulation,592,0,5,3,18.492048978310425,0
08433,1254,pedal_depth,592,0,0,0,5.404712440100671,0
08433,1254,pedal_down_ratio,592,0,0,0,2.592343587592915,0
08433,1254,pedal_changes,592,0,4,3,12.788279335256595,0
08434,1254,tempo,590,2,24,10,23.569412242262075,0
08434,1254,rubato,590,2,41,18,33.708537607976524,0
08434,1254,dynamics,591,1,0,0,2.743470049763533,0
08434,1254,articulation,591,1,8,2,18.40990530267302,0
08434,1254,pedal_depth,592,0,0,0,4.9046114806641565,0
08434,1254,pedal_down_ratio,592,0,0,0,2.592343587592915,0
08434,1254,pedal_changes,592,0,3,2,15.630119187535838,0
08435,1254,tempo,588,4,31,6,26.97254716507093,0
08435,1254,rubato,588,4,41,17,34.44506150100447,0
08435,1254,dynamics,592,0,0,0,4.556683013687711,0
08435,1254,articulation,590,2,14,2,13.463583889564216,0
08435,1254,pedal_depth,592,0,0,0,2.3413090438713127,0
08435,1254,pedal_down_ratio,592,0,0,0,2.592343587592915,0
08435,1254,pedal_changes,592,0,2,2,12.280807933063873,0
08436,1254,tempo,590,2,14,4,23.26059232722285,0
08436,1254,rubato,590,2,22,9,30.30266259271719,0
08436,1254,dynamics,591,1,0,0,2.690913152258487,0
08436,1254,articulation,591,1,4,2,12.844361609543949,0
08436,1254,pedal_depth,592,0,0,0,4.978990041901512,0
08436,1254,pedal_down_ratio,592,0,0,0,2.592343587592915,0
08436,1254,pedal_changes,592,0,1,1,11.97632509174824,0
08437,1254,tempo,587,5,18,10,39.17975029921308,0
08437,1254,rubato,587,5,27,15,50.45253664208158,0
08437,1254,dynamics,592,0,0,0,3.8445370524943017,0
08437,1254,articulation,592,0,9,5,11.378228902659735,0
08437,1254,pedal_depth,592,0,0,0,5.054722597586278,0
08437,1254,pedal_down_ratio,592,0,0,0,2.592343587592915,0
08437,1254,pedal_changes,592,0,4,3,20.50184464858597,0
08438,1254,tempo,590,2,13,4,21.28512554739829,0
08438,1254,rubato,590,2,21,5,27.825523109798937,0
08438,1254,dynamics,592,0,0,0,3.4372210968301746,0
08438,1254,articulation,592,0,6,0,9.456667442104813,0
08438,1254,pedal_depth,592,0,0,0,5.054722597586278,0
08438,1254,pedal_down_ratio,592,0,0,0,2.592343587592915,0
08438,1254,pedal_changes,592,0,4,3,20.50184464858597,0
08439,1254,tempo,590,2,14,3,17.593323088413936,0
08439,1254,rubato,590,2,21,7,23.02786164571913,0
08439,1254,dynamics,592,0,0,0,2.7592371190150495,0
08439,1254,articulation,591,1,5,1,15.693988644858818,0
08439,1254,pedal_depth,592,0,0,0,3.7796654437182884,0
08439,1254,pedal_down_ratio,592,0,0,0,2.592343587592915,0
08439,1254,pedal_changes,592,0,3,2,20.095867526831793,0
08440,1254,tempo,587,5,25,15,38.32483949587068,0
08440,1254,rubato,587,5,32,21,50.8104626502238,0
08440,1254,dynamics,592,0,0,0,4.872024398718001,0
08440,1254,articulation,592,0,11,4,16.96516758194691,0
08440,1254,pedal_depth,592,0,0,0,4.85282767714491,0
08440,1254,pedal_down_ratio,592,0,0,0,2.592343587592915,0
08440,1254,pedal_changes,592,0,1,1,11.671842250432606,0
08442,1254,tempo,587,5,24,13,38.41886499698339,0
08442,1254,rubato,587,5,30,21,50.87704497849635,0
08442,1254,dynamics,591,1,0,0,4.493614736681652,0
08442,1254,articulation,590,2,10,2,14.329922019229645,0
08442,1254,pedal_depth,592,0,0,0,4.7541651755619245,0
08442,1254,pedal_down_ratio,592,0,0,0,2.5868513342293302,0
08442,1254,pedal_changes,592,0,3,1,10.656899446047163,0
08443,1254,tempo,588,4,27,7,25.650207809384973,0
08443,1254,rubato,588,4,36,17,33.53485869794041,0
08443,1254,dynamics,591,1,0,0,3.0973531596308614,0
08443,1254,articulation,590,2,10,7,16.73416129738521,0
08443,1254,pedal_depth,592,0,0,0,5.622302283637021,0
08443,1254,pedal_down_ratio,592,0,0,0,2.592343587592915,0
08443,1254,pedal_changes,592,0,3,1,11.468853689555518,0
08454,1256,tempo,76,0,2,0,7.922457976013136,0
08454,1256,rubato,76,0,2,0,9.29874030505324,0
08454,1256,dynamics,76,0,0,0,2.9035977639567543,0
08454,1256,articulation,76,0,1,0,7.546424967124544,0
08454,1256,pedal_depth,76,0,0,0,2.805188870217121,0
08454,1256,pedal_down_ratio,76,0,0,0,3.4451902753806474,0
08454,1256,pedal_changes,76,0,0,0,3.4383213165730444,0
08455,1256,tempo,76,0,1,0,6.625474930502835,0
08455,1256,rubato,76,0,2,0,7.9587487532210295,0
08455,1256,dynamics,76,0,0,0,4.340458456055391,0
08455,1256,articulation,76,0,1,1,26.263321281601808,0
08455,1256,pedal_depth,76,0,0,0,3.332663629787974,0
08455,1256,pedal_down_ratio,76,0,0,0,2.367384404131987,0
08455,1256,pedal_changes,76,0,0,0,3.173835061452041,0
08456,1256,tempo,76,0,1,0,6.134836360538856,0
08456,1256,rubato,76,0,1,0,7.88940276146598,0
08456,1256,dynamics,76,0,0,0,2.7130178441057855,0
08456,1256,articulation,76,0,1,1,12.870001301688259,0
08456,1256,pedal_depth,76,0,0,0,1.802485607726392,0
08456,1256,pedal_down_ratio,76,0,0,0,5.773688217227543,0
08456,1256,pedal_changes,76,0,0,0,5.554211357541072,0
08457,1256,tempo,76,0,1,0,7.437355327274427,0
08457,1256,rubato,76,0,1,0,8.236584527306382,0
08457,1256,dynamics,76,0,0,0,3.205943726356376,0
08457,1256,articulation,76,0,2,1,28.299252166954577,0
08457,1256,pedal_depth,76,0,0,0,2.11994316540952,0
08457,1256,pedal_down_ratio,76,0,0,0,5.792938299330604,0
08457,1256,pedal_changes,76,0,0,0,5.42196822998057,0
08459,1256,tempo,76,0,0,0,5.110042309789238,0
08459,1256,rubato,76,0,1,0,7.4472850502188255,0
08459,1256,dynamics,76,0,0,0,4.3958976139769375,0
08459,1256,articulation,76,0,4,2,22.52792783857454,0
08459,1256,pedal_depth,76,0,0,0,3.8278373536401227,0
08459,1256,pedal_down_ratio,76,0,0,0,3.0603322492704823,0
08459,1256,pedal_changes,76,0,0,0,3.4383213165730444,0
08460,1256,tempo,76,0,0,0,5.189883559530347,0
08460,1256,rubato,76,0,2,0,6.811734091235209,0
08460,1256,dynamics,76,0,0,0,2.994689776820406,0
08460,1256,articulation,76,0,2,0,8.024944923001557,0
08460,1256,pedal_depth,76,0,2,0,7.067129403940763,0
08460,1256,pedal_down_ratio,76,0,0,0,4.671067997478413,0
08460,1256,pedal_changes,76,0,0,0,4.3640232094965565,0
08461,1256,tempo,76,0,2,0,7.858853651141927,0
08461,1256,rubato,76,0,4,0,9.301905195606164,0
08461,1256,dynamics,76,0,0,0,3.134262920681084,0
08461,1256,articulation,76,0,3,3,15.011932954004031,0
08461,1256,pedal_depth,76,0,0,0,2.378505468182164,0
08461,1256,pedal_down_ratio,76,0,0,0,5.68911419288935,0
08461,1256,pedal_changes,76,0,0,0,3.702807571694048,0
08462,1256,tempo,76,0,2,0,7.975708629066546,0
08462,1256,rubato,76,0,4,0,9.831101031088274,0
08462,1256,dynamics,76,0,0,0,4.304837339987915,0
08462,1256,articulation,76,0,1,1,15.205509456297003,0
08462,1256,pedal_depth,76,0,0,0,2.9214271283432427,0
08462,1256,pedal_down_ratio,76,0,0,0,5.649104203635009,0
08462,1256,pedal_changes,76,0,0,0,3.702807571694048,0
08473,1258,tempo,575,0,23,1,11.113246175702328,0
08473,1258,rubato,575,0,56,12,15.322537602382358,0
08473,1258,dynamics,572,3,0,0,4.881686666991964,0
08473,1258,articulation,567,8,3,1,17.51446310675141,0
08473,1258,pedal_depth,575,0,0,0,4.560352168381795,0
08473,1258,pedal_down_ratio,575,0,0,0,3.0647464923546193,0
08473,1258,pedal_changes,575,0,0,0,5.4304234859299205,0
08474,1258,tempo,575,0,27,10,16.64254438079124,0
08474,1258,rubato,575,0,56,20,25.056279893125144,0
08474,1258,dynamics,570,5,1,0,8.379710552575375,0
08474,1258,articulation,557,18,5,3,19.37420001485684,0
08474,1258,pedal_depth,575,0,0,0,4.683550225244597,0
08474,1258,pedal_down_ratio,575,0,0,0,3.0647464923545695,0
08474,1258,pedal_changes,575,0,1,1,13.5760587148248,0
08475,1258,tempo,575,0,15,1,13.772235008372823,0
08475,1258,rubato,575,0,58,11,21.831615761318062,0
08475,1258,dynamics,572,3,1,0,6.239438160359153,0
08475,1258,articulation,567,8,3,1,23.053390893513097,0
08475,1258,pedal_depth,575,0,0,0,3.7460035668849936,0
08475,1258,pedal_down_ratio,575,0,0,0,3.0647464923545695,0
08475,1258,pedal_changes,575,0,2,0,6.7880293574124,0
08476,1258,tempo,575,0,20,2,20.11045687870042,0
08476,1258,rubato,575,0,70,8,31.742008481653027,0
08476,1258,dynamics,572,3,0,0,3.798594826863173,0
08476,1258,articulation,563,12,3,2,24.5022391156028,0
08476,1258,pedal_depth,575,0,0,0,3.6917136601187317,0
08476,1258,pedal_down_ratio,575,0,0,0,3.0647464923545695,0
08476,1258,pedal_changes,575,0,0,0,5.4304234859299205,0
08477,1258,tempo,575,0,32,7,14.061346695911562,0
08477,1258,rubato,575,0,77,22,22.23525048954624,0
08477,1258,dynamics,571,4,1,0,6.5296445864223704,0
08477,1258,articulation,561,14,6,2,13.215261416126399,0
08477,1258,pedal_depth,575,0,0,0,3.637423753352198,0
08477,1258,pedal_down_ratio,575,0,0,0,3.0647464923545695,0
08477,1258,pedal_changes,575,0,2,0,8.14563522889488,0
08478,1258,tempo,575,0,14,2,10.712809018318518,0
08478,1258,rubato,575,0,56,10,17.726287033190527,0
08478,1258,dynamics,572,3,0,0,5.746087236051688,0
08478,1258,articulation,567,8,4,0,7.80101608182279,0
08478,1258,pedal_depth,575,0,0,0,4.387936646049757,0
08478,1258,pedal_down_ratio,575,0,0,0,3.0647464923545695,0
08478,1258,pedal_changes,575,0,0,0,4.75162055018868,0
08479,1258,tempo,575,0,18,1,10.539997209176533,0
08479,1258,rubato,575,0,75,18,15.93805098549529,0
08479,1258,dynamics,572,3,0,0,5.845586582130503,0
08479,1258,articulation,567,8,4,1,13.032676984653634,0
08479,1258,pedal_depth,575,0,0,0,4.685802948957752,0
08479,1258,pedal_down_ratio,575,0,0,0,3.0647464923545695,0
08479,1258,pedal_changes,575,0,3,0,8.14563522889488,0
08483,1259,tempo,578,0,5,0,7.456741913967548,0
08483,1259,rubato,578,0,23,0,9.698421584227564,0
08483,1259,dynamics,577,1,0,0,5.344377812564063,0
08483,1259,articulation,577,1,7,4,23.004014262572667,0
08483,1259,pedal_depth,578,0,4,0,6.898187834884606,0
08483,1259,pedal_down_ratio,578,0,0,0,3.1526511193672344,0
08483,1259,pedal_changes,578,0,0,0,3.7828712825718096,0
08485,1259,tempo,578,0,1,0,6.181833905711759,0
08485,1259,rubato,578,0,15,1,10.45790915019629,0
08485,1259,dynamics,577,1,0,0,2.1002467193234216,0
08485,1259,articulation,577,1,8,4,29.75513859835041,0
08485,1259,pedal_depth,578,0,0,0,3.9579766265730227,0
08485,1259,pedal_down_ratio,578,0,0,0,3.1526511193672344,0
08485,1259,pedal_changes,578,0,0,0,2.837153461928857,0
08486,1259,tempo,578,0,0,0,5.554765602392262,0
08486,1259,rubato,578,0,13,0,9.156042174153527,0
08486,1259,dynamics,577,1,0,0,2.271100123077906,0
08486,1259,articulation,577,1,7,2,21.686706486085175,0
08486,1259,pedal_depth,578,0,1,0,6.28830931028047,0
08486,1259,pedal_down_ratio,578,0,0,0,3.1526511193672344,0
08486,1259,pedal_changes,578,0,0,0,4.7285891032147624,0
08487,1259,tempo,578,0,0,0,5.775887478579444,0
08487,1259,rubato,578,0,11,1,10.039977836020451,0
08487,1259,dynamics,577,1,0,0,2.1877569992952304,0
08487,1259,articulation,577,1,6,2,26.12710519474363,0
08487,1259,pedal_depth,578,0,0,0,2.738650686563618,0
08487,1259,pedal_down_ratio,578,0,0,0,3.1526511193672344,0
08487,1259,pedal_changes,578,0,0,0,3.3100123722503336,0
08488,1259,tempo,578,0,6,0,9.264345155333755,0
08488,1259,rubato,578,0,28,6,15.624049635856466,0
08488,1259,dynamics,577,1,0,0,3.344142841779853,0
08488,1259,articulation,577,1,6,4,15.393450369701801,0
08488,1259,pedal_depth,578,0,0,0,3.6067196548545764,0
08488,1259,pedal_down_ratio,578,0,0,0,3.1526511193672344,0
08488,1259,pedal_changes,578,0,0,0,4.255730192893286,0
08489,1259,tempo,578,0,1,0,7.215107948094384,0
08489,1259,rubato,578,0,8,1,11.748599732926849,0
08489,1259,dynamics,577,1,0,0,2.9503465819067114,0
08489,1259,articulation,577,1,5,1,14.264040143074249,0
08489,1259,pedal_depth,578,0,2,0,6.689739140729829,0
08489,1259,pedal_down_ratio,578,0,0,0,3.1526511193672344,0
08489,1259,pedal_changes,578,0,0,0,4.7285891032147624,0
08493,1259,tempo,578,0,0,0,5.255526315352044,0
08493,1259,rubato,578,0,19,0,9.711764243549878,0
08493,1259,dynamics,577,1,0,0,2.8159557948071465,0
08493,1259,articulation,577,1,10,1,13.554272312714325,0
08493,1259,pedal_depth,578,0,16,0,7.035615102737277,0
08493,1259,pedal_down_ratio,578,0,0,0,3.1526511193672344,0
08493,1259,pedal_changes,578,0,0,0,3.5464418274110714,0
08494,1259,tempo,578,0,0,0,5.631652914131397,0
08494,1259,rubato,578,0,19,0,9.492926933402265,0
08494,1259,dynamics,577,1,0,0,2.8440840990837994,0
08494,1259,articulation,577,1,3,0,9.593880289338783,0
08494,1259,pedal_depth,578,0,0,0,4.9760519396536775,0
08494,1259,pedal_down_ratio,578,0,0,0,3.1526511193672344,0
08494,1259,pedal_changes,578,0,0,0,4.255730192893286,0
08495,1259,tempo,578,0,5,2,14.59555062937504,0
08495,1259,rubato,578,0,21,5,23.65729546664214,0
08495,1259,dynamics,576,2,0,0,3.347119381914948,0
08495,1259,articulation,575,3,6,2,11.992299954559357,0
08495,1259,pedal_depth,578,0,3,0,6.535577805644471,0
08495,1259,pedal_down_ratio,578,0,0,0,3.1526511193672344,0
08495,1259,pedal_changes,578,0,0,0,5.201448013536238,0
08496,1259,tempo,578,0,0,0,5.3613577025018575,0
08496,1259,rubato,578,0,17,0,9.491463354087761,0
08496,1259,dynamics,577,1,0,0,2.925343644771908,0
08496,1259,articulation,577,1,3,1,11.16031648275801,0
08496,1259,pedal_depth,578,0,3,0,6.146490428324517,0
08496,1259,pedal_down_ratio,578,0,0,0,3.147139491536133,0
08496,1259,pedal_changes,578,0,0,0,3.7828712825718096,0
08497,1259,tempo,578,0,0,0,5.37401096341942,0
08497,1259,rubato,578,0,7,0,8.776267734046037,0
08497,1259,dynamics,577,1,0,0,2.8753377705023024,0
08497,1259,articulation,577,1,3,1,22.0099914151494,0
08497,1259,pedal_depth,578,0,0,0,4.8865840708108195,0
08497,1259,pedal_down_ratio,578,0,0,0,3.1176216624854494,0
08497,1259,pedal_changes,578,0,0,0,4.019300737732547,0
08498,1259,tempo,578,0,1,0,7.62901754112525,0
08498,1259,rubato,578,0,21,1,12.384766452161946,0
08498,1259,dynamics,577,1,0,0,2.5628010563172703,0
08498,1259,articulation,577,1,4,0,7.573021302735137,0
08498,1259,pedal_depth,578,0,0,0,2.4904888142731716,0
08498,1259,pedal_down_ratio,578,0,0,0,3.1224088357659117,0
08498,1259,pedal_changes,578,0,0,0,4.9650185583755,0
08499,1259,tempo,578,0,2,0,8.840406319418298,0
08499,1259,rubato,578,0,30,1,15.726923897349405,0
08499,1259,dynamics,577,1,0,0,4.894324944137616,0
08499,1259,articulation,577,1,3,0,8.33843496917164,0
08499,1259,pedal_depth,578,0,0,0,3.7056607457681356,0
08499,1259,pedal_down_ratio,578,0,0,0,3.1526511193672344,0
08499,1259,pedal_changes,578,0,0,0,4.7285891032147624,0
08500,1259,tempo,577,1,2,0,6.31457187098719,0
08500,1259,rubato,577,1,20,0,9.795764062604265,0
08500,1259,dynamics,577,1,0,0,5.094348441216037,0
08500,1259,articulation,577,1,1,1,11.901708740603826,0
08500,1259,pedal_depth,578,0,1,0,7.058033016155269,0
08500,1259,pedal_down_ratio,578,0,0,0,3.142793950677168,0
08500,1259,pedal_changes,578,0,0,0,3.7828712825718096,0
08501,1259,tempo,578,0,2,0,9.851878203985242,0
08501,1259,rubato,578,0,13,2,17.309957313569736,0
08501,1259,dynamics,577,1,0,0,3.5361296804935156,0
08501,1259,articulation,577,1,3,3,20.9782156253468,0
08501,1259,pedal_depth,578,0,2,0,7.460965111106359,0
08501,1259,pedal_down_ratio,578,0,0,0,3.1188912123304755,0
08501,1259,pedal_changes,578,0,0,0,3.7828712825718096,0
08502,1259,tempo,578,0,1,0,7.386047614255715,0
08502,1259,rubato,578,0,14,1,12.751678318421172,0
08502,1259,dynamics,577,1,0,0,3.0271413173921773,0
08502,1259,articulation,577,1,6,1,10.882938205476107,0
08502,1259,pedal_depth,578,0,1,0,6.372389929372009,0
08502,1259,pedal_down_ratio,578,0,0,0,3.1526511193672344,0
08502,1259,pedal_changes,578,0,0,0,4.9650185583755,0
08503,1259,tempo,578,0,0,0,5.814621641644992,0
08503,1259,rubato,578,0,22,1,11.404550491753668,0
08503,1259,dynamics,577,1,0,0,2.812830427665297,0
08503,1259,articulation,577,1,6,3,16.48881603788813,0
08503,1259,pedal_depth,578,0,1,0,6.372389929372009,0
08503,1259,pedal_down_ratio,578,0,0,0,3.1526511193672344,0
08503,1259,pedal_changes,578,0,0,0,5.201448013536238,0
08504,1259,tempo,578,0,4,0,7.197362490191572,0
08504,1259,rubato,578,0,22,4,12.79316088703788,0
08504,1259,dynamics,577,1,0,0,3.5629185417093763,0
08504,1259,articulation,577,1,8,1,11.711906650381255,0
08504,1259,pedal_depth,578,0,0,0,4.053274049600271,0
08504,1259,pedal_down_ratio,578,0,0,0,3.149049485237026,0
08504,1259,pedal_changes,578,0,0,0,4.7285891032147624,0
08509,1259,tempo,578,0,25,1,10.941396277383319,0
08509,1259,rubato,578,0,31,2,15.003455169401139,0
08509,1259,dynamics,577,1,0,0,3.950464067298817,0
08509,1259,articulation,577,1,14,3,14.055339467420149,0
08509,1259,pedal_depth,578,0,0,0,3.3751348252260276,0
08509,1259,pedal_down_ratio,578,0,0,0,3.142793950677168,0
08509,1259,pedal_changes,578,0,0,0,4.255730192893286,0
08511,1259,tempo,578,0,3,0,6.851613336999265,0
08511,1259,rubato,578,0,14,0,9.322909177452656,0
08511,1259,dynamics,577,1,0,0,2.7919946467196266,0
08511,1259,articulation,577,1,5,1,29.429918494962685,0
08511,1259,pedal_depth,578,0,0,0,3.0313293687693705,0
08511,1259,pedal_down_ratio,578,0,0,0,3.119740941838353,0
08511,1259,pedal_changes,578,0,0,0,3.7828712825718096,0
08512,1259,tempo,578,0,9,0,7.461666462663515,0
08512,1259,rubato,578,0,18,0,9.612590422943946,0
08512,1259,dynamics,577,1,0,0,2.557592111080852,0
08512,1259,articulation,577,1,8,2,15.104414522224516,0
08512,1259,pedal_depth,578,0,0,0,2.726266565408373,0
08512,1259,pedal_down_ratio,578,0,0,0,3.1526511193672344,0
08512,1259,pedal_changes,578,0,0,0,3.3100123722503336,0
08513,1259,tempo,578,0,1,0,6.154484221294341,0
08513,1259,rubato,578,0,18,2,10.332650716218172,0
08513,1259,dynamics,577,1,0,0,4.5769265477319285,0
08513,1259,articulation,577,1,5,2,17.56478615894245,0
08513,1259,pedal_depth,578,0,0,0,2.291574611955376,0
08513,1259,pedal_down_ratio,578,0,0,0,3.1526511193672344,0
08513,1259,pedal_changes,578,0,0,0,4.492159648054024,0
08514,1259,tempo,577,1,2,0,7.5108340114751595,0
08514,1259,rubato,577,1,20,2,12.518231042106267,0
08514,1259,dynamics,577,1,0,0,3.9004581930292113,0
08514,1259,articulation,577,1,5,2,20.958987051430874,0
08514,1259,pedal_depth,578,0,0,0,3.8586714863958016,0
08514,1259,pedal_down_ratio,578,0,0,0,3.0973414506064056,0
08514,1259,pedal_changes,578,0,0,0,4.492159648054024,0
08515,1259,tempo,578,0,0,0,5.56954781806817,0
08515,1259,rubato,578,0,10,1,10.126237991806894,0
08515,1259,dynamics,577,1,0,0,4.67416019214505,0
08515,1259,articulation,577,1,3,2,30.291918251972312,0
08515,1259,pedal_depth,578,0,0,0,2.270440084339525,0
08515,1259,pedal_down_ratio,578,0,0,0,3.1526511193672344,0
08515,1259,pedal_changes,578,0,0,0,4.9650185583755,0
08516,1259,tempo,578,0,0,0,5.7024948908708915,0
08516,1259,rubato,578,0,21,1,10.769566501150319,0
08516,1259,dynamics,577,1,0,0,3.7785688744970494,0
08516,1259,articulation,577,1,8,2,20.71663834370655,0
08516,1259,pedal_depth,578,0,0,0,3.140187012187195,0
08516,1259,pedal_down_ratio,578,0,0,0,3.080891230459027,0
08516,1259,pedal_changes,578,0,0,0,4.9650185583755,0
08517,1259,tempo,578,0,1,0,7.050538656686477,0
08517,1259,rubato,578,0,15,1,13.250200788906444,0
08517,1259,dynamics,577,1,0,0,4.460593437451943,0
08517,1259,articulation,577,1,4,2,30.14242905540072,0
08517,1259,pedal_depth,578,0,1,0,6.146490428324517,0
08517,1259,pedal_down_ratio,578,0,0,0,3.1526511193672344,0
08517,1259,pedal_changes,578,0,0,0,3.7828712825718096,0
08521,1260,tempo,589,0,7,1,12.835306699136556,0
08521,1260,rubato,589,0,10,1,14.81249067324707,0
08521,1260,dynamics,517,72,0,0,4.2863542462301085,0
08521,1260,articulation,506,83,9,1,16.653294731603896,0
08521,1260,pedal_depth,589,0,0,0,4.954554794989562,0
08521,1260,pedal_down_ratio,589,0,0,0,2.678594149149516,0
08521,1260,pedal_changes,589,0,0,0,5.133251141577676,0
08523,1260,tempo,589,0,6,0,9.38251465187202,0
08523,1260,rubato,589,0,7,2,11.262969811803222,0
08523,1260,dynamics,510,79,0,0,3.848971159880096,0
08523,1260,articulation,498,91,7,2,10.626449948278792,0
08523,1260,pedal_depth,589,0,0,0,3.8345145239318716,0
08523,1260,pedal_down_ratio,589,0,0,0,2.678594149149516,0
08523,1260,pedal_changes,589,0,0,0,4.812422945229072,0
08524,1260,tempo,589,0,1,0,6.655633999462007,0
08524,1260,rubato,589,0,1,0,7.623719382275239,0
08524,1260,dynamics,510,79,0,0,4.157441336569051,0
08524,1260,articulation,504,85,5,0,9.715377906747486,0
08524,1260,pedal_depth,589,0,0,0,3.7508553029737666,0
08524,1260,pedal_down_ratio,589,0,0,0,2.678594149149516,0
08524,1260,pedal_changes,589,0,0,0,5.774907534274886,0
08525,1260,tempo,589,0,3,1,10.196154480428905,0
08525,1260,rubato,589,0,6,1,11.779338321336304,0
08525,1260,dynamics,515,74,0,0,3.41619210601798,0
08525,1260,articulation,504,85,9,1,11.996214921820483,0
08525,1260,pedal_depth,589,0,0,0,4.387889619034871,0
08525,1260,pedal_down_ratio,589,0,0,0,2.664988591566584,0
08525,1260,pedal_changes,589,0,0,0,3.8499383561832574,0
08526,1260,tempo,589,0,3,1,11.533228160699181,0
08526,1260,rubato,589,0,5,1,14.073311769750074,0
08526,1260,dynamics,514,75,0,0,4.030063104403961,0
08526,1260,articulation,498,91,7,0,8.991925821769012,0
08526,1260,pedal_depth,589,0,0,0,4.5805599414079925,0
08526,1260,pedal_down_ratio,589,0,0,0,2.678594149149516,0
08526,1260,pedal_changes,589,0,0,0,4.491594748880467,0
08530,1260,tempo,589,0,3,0,7.57015507459604,0
08530,1260,rubato,589,0,7,0,9.791808018792148,0
08530,1260,dynamics,507,82,0,0,3.1031178968411304,0
08530,1260,articulation,486,103,5,0,9.108504246528444,0
08530,1260,pedal_depth,589,0,0,0,5.641640035146454,0
08530,1260,pedal_down_ratio,589,0,0,0,2.678594149149516,0
08530,1260,pedal_changes,589,0,0,0,4.812422945229072,0
08531,1260,tempo,589,0,6,0,8.77138273437801,0
08531,1260,rubato,589,0,6,3,12.301191474358225,0
08531,1260,dynamics,516,73,0,0,2.5911494841872242,0
08531,1260,articulation,501,88,6,2,14.900897653671977,0
08531,1260,pedal_depth,589,0,0,0,3.676875378866816,0
08531,1260,pedal_down_ratio,589,0,0,0,2.678594149149516,0
08531,1260,pedal_changes,589,0,0,0,4.491594748880467,0
08532,1260,tempo,589,0,4,0,8.327763748832488,0
08532,1260,rubato,589,0,6,0,9.547525373511071,0
08532,1260,dynamics,513,76,0,0,3.71698889522711,0
08532,1260,articulation,500,89,2,0,9.438381876027794,0
08532,1260,pedal_depth,589,0,0,0,5.510372397288754,0
08532,1260,pedal_down_ratio,589,0,0,0,2.658957671470592,0
08532,1260,pedal_changes,589,0,0,0,3.8499383561832574,0
08533,1260,tempo,589,0,3,2,12.30455490797605,0
08533,1260,rubato,589,0,6,2,15.33721056207828,0
08533,1260,dynamics,508,81,0,0,4.694578460156785,0
08533,1260,articulation,495,94,6,4,16.294164296479963,0
08533,1260,pedal_depth,589,0,0,0,3.627013128781489,0
08533,1260,pedal_down_ratio,589,0,0,0,2.678594149149516,0
08533,1260,pedal_changes,589,0,1,0,6.4165639269720955,0
08534,1260,tempo,589,0,4,1,14.25455815635856,0
08534,1260,rubato,589,0,5,2,17.678511605174112,0
08534,1260,dynamics,513,76,0,0,3.0198093241340334,0
08534,1260,articulation,506,83,5,1,21.073271309701965,0
08534,1260,pedal_depth,589,0,0,0,5.177889496737734,0
08534,1260,pedal_down_ratio,589,0,0,0,2.678594149149516,0
08534,1260,pedal_changes,589,0,0,0,5.133251141577676,0
08535,1260,tempo,589,0,2,0,6.936888287241628,0
08535,1260,rubato,589,0,3,0,8.853564901421358,0
08535,1260,dynamics,517,72,0,0,5.28542929610329,0
08535,1260,articulation,509,80,2,2,11.072547011174562,0
08535,1260,pedal_depth,589,0,0,0,4.678055505746794,0
08535,1260,pedal_down_ratio,589,0,0,0,2.678594149149516,0
08535,1260,pedal_changes,589,0,0,0,5.133251141577676,0
08536,1260,tempo,589,0,8,0,8.6400995007943,0
08536,1260,rubato,589,0,11,0,9.233525245218834,0
08536,1260,dynamics,510,79,0,0,3.8673872898316755,0
08536,1260,articulation,492,97,5,0,7.997901985602342,0
08536,1260,pedal_depth,589,0,3,0,6.240484421300839,0
08536,1260,pedal_down_ratio,589,0,0,0,2.678594149149516,0
08536,1260,pedal_changes,589,0,0,0,5.133251141577676,0
08537,1260,tempo,589,0,0,0,5.934309882445176,0
08537,1260,rubato,589,0,3,0,7.495265202762399,0
08537,1260,dynamics,514,75,0,0,4.911581858086228,0
08537,1260,articulation,509,80,5,1,12.160376058662422,0
08537,1260,pedal_depth,589,0,0,0,4.730020826269871,0
08537,1260,pedal_down_ratio,589,0,0,0,2.678594149149516,0
08537,1260,pedal_changes,589,0,0,0,3.8499383561832574,0
08538,1260,tempo,589,0,2,0,9.943475296830815,0
08538,1260,rubato,589,0,4,1,12.144219034779002,0
08538,1260,dynamics,516,73,0,0,4.756886366492961,0
08538,1260,articulation,510,79,5,2,12.155543207701324,0
08538,1260,pedal_depth,589,0,0,0,4.777075671920995,0
08538,1260,pedal_down_ratio,589,0,0,0,2.678594149149516,0
08538,1260,pedal_changes,589,0,0,0,5.133251141577676,0
08539,1260,tempo,589,0,2,1,11.493468695923339,0
08539,1260,rubato,589,0,4,1,13.49899540939025,0
08539,1260,dynamics,514,75,0,0,4.1896695639843164,0
08539,1260,articulation,503,86,1,0,6.3322063894107705,0
08539,1260,pedal_depth,589,0,0,0,5.498493345952087,0
08539,1260,pedal_down_ratio,589,0,0,0,2.678594149149516,0
08539,1260,pedal_changes,589,0,0,0,4.491594748880467,0
08540,1260,tempo,589,0,1,0,6.692085422060044,0
08540,1260,rubato,589,0,4,0,6.794521247887285,0
08540,1260,dynamics,516,73,0,0,3.8217306343267197,0
08540,1260,articulation,505,84,5,0,7.000239370328584,0
08540,1260,pedal_depth,589,0,0,0,4.69789396280957,0
08540,1260,pedal_down_ratio,589,0,0,0,2.5958175616659687,0
08540,1260,pedal_changes,589,0,0,0,4.1707665525318625,0
08541,1260,tempo,589,0,2,1,13.131041741635176,0
08541,1260,rubato,589,0,2,1,15.493589038533937,0
08541,1260,dynamics,512,77,0,0,3.674017925340093,0
08541,1260,articulation,506,83,10,1,16.76230022033839,0
08541,1260,pedal_depth,589,0,0,0,4.744659111716344,0
08541,1260,pedal_down_ratio,589,0,0,0,2.678594149149516,0
08541,1260,pedal_changes,589,0,1,0,7.699876712366515,0
08545,1260,tempo,589,0,10,2,18.67232702298486,0
08545,1260,rubato,589,0,6,2,19.504385950361225,0
08545,1260,dynamics,513,76,0,0,3.815822125967253,0
08545,1260,articulation,506,83,14,3,21.2415518405476,0
08545,1260,pedal_depth,589,0,0,0,4.568942527968893,0
08545,1260,pedal_down_ratio,589,0,0,0,2.678594149149516,0
08545,1260,pedal_changes,589,0,0,0,5.133251141577676,0
08547,1260,tempo,589,0,1,0,6.218886880713865,0
08547,1260,rubato,589,0,0,0,5.963063932382446,0
08547,1260,dynamics,513,76,0,0,3.1368808017523597,0
08547,1260,articulation,504,85,2,0,8.885880341430639,0
08547,1260,pedal_depth,589,0,0,0,4.568942527968893,0
08547,1260,pedal_down_ratio,589,0,0,0,2.678594149149516,0
08547,1260,pedal_changes,589,0,0,0,3.8499383561832574,0
08548,1260,tempo,589,0,2,0,7.172309852872296,0
08548,1260,rubato,589,0,8,0,7.867460865195026,0
08548,1260,dynamics,516,73,0,0,3.8351590624164125,0
08548,1260,articulation,514,75,7,0,8.193873559600943,0
08548,1260,pedal_depth,589,0,0,0,5.225467454922716,0
08548,1260,pedal_down_ratio,589,0,0,0,2.664988591566584,0
08548,1260,pedal_changes,589,0,0,0,4.1707665525318625,0
08549,1260,tempo,589,0,0,0,5.785936250369792,0
08549,1260,rubato,589,0,1,0,6.481846407554132,0
08549,1260,dynamics,515,74,0,0,5.968667717306886,0
08549,1260,articulation,507,82,14,2,12.403409185703909,0
08549,1260,pedal_depth,589,0,0,0,3.881663566806706,0
08549,1260,pedal_down_ratio,589,0,0,0,2.678594149149516,0
08549,1260,pedal_changes,589,0,0,0,4.812422945229072,0
08550,1260,tempo,589,0,5,0,9.683076001573511,0
08550,1260,rubato,589,0,6,1,10.741527468585845,0
08550,1260,dynamics,516,73,0,0,3.916087722370298,0
08550,1260,articulation,513,76,9,1,10.126968078874073,0
08550,1260,pedal_depth,589,0,0,0,5.385625873216843,0
08550,1260,pedal_down_ratio,589,0,0,0,2.678594149149516,0
08550,1260,pedal_changes,589,0,0,0,3.2082819634860478,0
08583,1264,tempo,366,0,8,1,10.856821047441363,0
08583,1264,rubato,366,0,12,5,16.667599226658474,0
08583,1264,dynamics,363,3,0,0,4.512522249241645,0
08583,1264,articulation,359,7,2,1,15.198959595163501,0
08583,1264,pedal_depth,366,0,0,0,3.190989292984908,0
08583,1264,pedal_down_ratio,366,0,0,0,2.4611090574768424,0
08583,1264,pedal_changes,366,0,0,0,3.9785208284661406,0
08584,1264,tempo,366,0,8,1,10.829142768503234,0
08584,1264,rubato,366,0,19,5,18.337900168910636,0
08584,1264,dynamics,363,3,0,0,3.5813668644774954,0
08584,1264,articulation,360,6,5,5,19.86347649580164,0
08584,1264,pedal_depth,366,0,0,0,3.3022666431377776,0
08584,1264,pedal_down_ratio,366,0,0,0,2.4611090574768424,0
08584,1264,pedal_changes,366,0,0,0,4.641607633210498,0
08587,1264,tempo,366,0,5,0,8.247996730264141,0
08587,1264,rubato,366,0,30,6,12.111497092630568,0
08587,1264,dynamics,360,6,0,0,3.386019580960541,0
08587,1264,articulation,355,11,4,3,17.924747569112725,0
08587,1264,pedal_depth,366,0,0,0,3.0004824695230914,0
08587,1264,pedal_down_ratio,366,0,0,0,2.4611090574768424,0
08587,1264,pedal_changes,366,0,1,0,6.630868047443568,0
08588,1264,tempo,366,0,9,2,12.336389622613048,0
08588,1264,rubato,366,0,23,8,22.522201039034044,0
08588,1264,dynamics,363,3,0,0,4.870658935689395,0
08588,1264,articulation,357,9,6,4,17.953079569250388,0
08588,1264,pedal_depth,366,0,0,0,3.8895143123446867,0
08588,1264,pedal_down_ratio,366,0,0,0,2.4611090574768424,0
08588,1264,pedal_changes,366,0,0,0,5.304694437954854,0
08590,1264,tempo,366,0,3,0,9.453426725863787,0
08590,1264,rubato,366,0,16,3,17.394247101240556,0
08590,1264,dynamics,362,4,0,0,3.8965271485515154,0
08590,1264,articulation,357,9,4,2,13.478888125369062,0
08590,1264,pedal_depth,366,0,0,0,3.1624894141799373,0
08590,1264,pedal_down_ratio,366,0,0,0,2.4611090574768424,0
08590,1264,pedal_changes,366,0,0,0,4.641607633210498,0
08591,1264,tempo,366,0,5,1,13.295071090010548,0
08591,1264,rubato,366,0,24,3,22.143111391565665,0
08591,1264,dynamics,361,5,0,0,3.115789172095422,0
08591,1264,articulation,355,11,3,2,11.878745236963267,0
08591,1264,pedal_depth,366,0,0,0,3.0240302460290645,0
08591,1264,pedal_down_ratio,366,0,0,0,2.4611090574768424,0
08591,1264,pedal_changes,366,0,0,0,3.315434023721784,0
08592,1264,tempo,366,0,4,2,11.71953189179032,0
08592,1264,rubato,366,0,22,4,18.28708059722435,0
08592,1264,dynamics,362,4,0,0,3.5813668644774954,0
08592,1264,articulation,361,5,3,1,13.53988556179664,0
08592,1264,pedal_depth,366,0,0,0,3.1679201073313195,0
08592,1264,pedal_down_ratio,366,0,0,0,2.4611090574768424,0
08592,1264,pedal_changes,366,0,0,0,4.641607633210498,0
08593,1264,tempo,366,0,7,0,8.538961916929468,0
08593,1264,rubato,366,0,20,7,12.241119893229365,0
08593,1264,dynamics,363,3,0,0,4.440894911952094,0
08593,1264,articulation,361,5,6,3,14.144112475963505,0
08593,1264,pedal_depth,366,0,0,0,3.2631735190622453,0
08593,1264,pedal_down_ratio,366,0,0,0,2.4611090574768424,0
08593,1264,pedal_changes,366,0,0,0,4.641607633210498,0
08595,1264,tempo,366,0,9,0,9.424695417227035,0
08595,1264,rubato,366,0,18,9,14.126913124598003,0
08595,1264,dynamics,358,8,0,0,3.1277270616436805,0
08595,1264,articulation,355,11,5,4,16.86150877205729,0
08595,1264,pedal_depth,366,0,0,0,2.8576023519267566,0
08595,1264,pedal_down_ratio,366,0,0,0,2.4611090574768424,0
08595,1264,pedal_changes,366,0,1,0,6.630868047443568,0
08596,1264,tempo,365,1,8,0,8.022792858131703,0
08596,1264,rubato,365,1,20,8,12.232031121840341,0
08596,1264,dynamics,360,6,0,0,2.960596607968062,0
08596,1264,articulation,359,7,6,2,15.613029951165913,0
08596,1264,pedal_depth,366,0,0,0,3.2657348880258508,0
08596,1264,pedal_down_ratio,366,0,0,0,2.4611090574768424,0
08596,1264,pedal_changes,366,0,0,0,3.315434023721784,0
08599,1264,tempo,366,0,6,0,8.511695056117693,0
08599,1264,rubato,366,0,23,6,14.164116869915166,0
08599,1264,dynamics,361,5,0,0,4.111409160420165,0
08599,1264,articulation,358,8,2,1,13.21001126378584,0
08599,1264,pedal_depth,366,0,0,0,3.3744403081701,0
08599,1264,pedal_down_ratio,366,0,0,0,2.4611090574768424,0
08599,1264,pedal_changes,366,0,0,0,5.304694437954854,0
08601,1264,tempo,366,0,5,0,9.473339388498502,0
08601,1264,rubato,366,0,15,6,14.245061015998216,0
08601,1264,dynamics,363,3,0,0,4.226012900083446,0
08601,1264,articulation,360,6,5,1,12.559026596519557,0
08601,1264,pedal_depth,366,0,0,0,2.7103528117740137,0
08601,1264,pedal_down_ratio,366,0,0,0,2.4611090574768424,0
08601,1264,pedal_changes,366,0,0,0,5.967781242699211,0
08602,1264,tempo,366,0,3,0,7.01793913015895,0
08602,1264,rubato,366,0,15,4,11.965145648698588,0
08602,1264,dynamics,362,4,3,0,7.091106391665442,0
08602,1264,articulation,361,5,2,2,20.24393895750181,0
08602,1264,pedal_depth,366,0,0,0,3.106566792758733,0
08602,1264,pedal_down_ratio,366,0,0,0,2.425612292224774,0
08602,1264,pedal_changes,366,0,0,0,3.315434023721784,0
08604,1264,tempo,366,0,3,1,12.075897047420113,0
08604,1264,rubato,366,0,17,3,20.19116634845778,0
08604,1264,dynamics,361,5,2,0,6.088323669611744,0
08604,1264,articulation,360,6,3,0,8.177146832732813,0
08604,1264,pedal_depth,366,0,0,0,3.0004824695230914,0
08604,1264,pedal_down_ratio,366,0,0,0,2.4611090574768424,0
08604,1264,pedal_changes,366,0,0,0,4.641607633210498,0
08606,1264,tempo,366,0,22,1,10.807323968450614,0
08606,1264,rubato,366,0,51,13,16.56827350481297,0
08606,1264,dynamics,359,7,0,0,5.873441657743095,0
08606,1264,articulation,353,13,9,2,13.707645316247218,0
08606,1264,pedal_depth,366,0,0,0,4.238776822024711,0
08606,1264,pedal_down_ratio,366,0,0,0,2.4611090574768433,0
08606,1264,pedal_changes,366,0,0,0,3.9785208284661406,0
00460,127,tempo,151,0,4,0,7.682359666662469,0
00460,127,rubato,151,0,3,0,7.613037320341461,0
00460,127,dynamics,148,3,0,0,3.759214324027332,0
00460,127,articulation,148,3,9,2,14.876780117132057,0
00460,127,pedal_depth,151,0,0,0,3.704496683170973,0
00460,127,pedal_down_ratio,151,0,0,0,4.996810503892158,0
00460,127,pedal_changes,151,0,0,0,3.423716917894381,0
00461,127,tempo,151,0,5,0,8.766574411725774,0
00461,127,rubato,151,0,5,0,8.46844951525961,0
00461,127,dynamics,148,3,0,0,4.520805556609857,0
00461,127,articulation,148,3,6,2,25.0871646129549,0
00461,127,pedal_depth,151,0,1,0,7.3855253072390274,0
00461,127,pedal_down_ratio,151,0,3,0,7.411668512844909,0
00461,127,pedal_changes,151,0,0,0,4.564955890525841,0
00463,127,tempo,151,0,12,0,9.167774986926245,0
00463,127,rubato,151,0,11,0,8.560813995138346,0
00463,127,dynamics,148,3,4,0,7.602203683638742,0
00463,127,articulation,148,3,10,3,15.635133282169043,0
00463,127,pedal_depth,151,0,2,0,6.74172076371392,0
00463,127,pedal_down_ratio,151,0,4,0,7.294022980895034,0
00463,127,pedal_changes,151,0,0,0,3.423716917894381,0
08795,1300,tempo,782,8,39,20,66.25561634575384,0
08795,1300,rubato,782,8,58,29,90.0617463694603,0
08795,1300,dynamics,780,10,1,0,6.017515599251965,0
08795,1300,articulation,776,14,22,11,19.86502601744124,0
08795,1300,pedal_depth,790,0,0,0,2.9210239637042994,0
08795,1300,pedal_down_ratio,790,0,0,0,2.4127061287653015,0
08795,1300,pedal_changes,790,0,8,3,37.95946586380573,0
08796,1300,tempo,779,11,42,20,66.29355902281065,0
08796,1300,rubato,779,11,66,28,90.08526444844888,0
08796,1300,dynamics,778,12,0,0,4.068766316724982,0
08796,1300,articulation,770,20,16,8,20.40637626797554,0
08796,1300,pedal_depth,790,0,0,0,4.163047441230123,0
08796,1300,pedal_down_ratio,790,0,0,0,2.4127061287653015,0
08796,1300,pedal_changes,790,0,8,2,38.136846545412304,0
08797,1300,tempo,790,0,25,4,24.403474961285152,0
08797,1300,rubato,790,0,31,14,34.6513929080279,0
08797,1300,dynamics,780,10,1,0,6.248958506915504,0
08797,1300,articulation,780,10,11,1,12.02792035961731,0
08797,1300,pedal_depth,790,0,0,0,4.618358128763839,0
08797,1300,pedal_down_ratio,790,0,0,0,2.4127061287653015,0
08797,1300,pedal_changes,790,0,0,0,4.079755676951084,0
08798,1300,tempo,788,2,30,13,67.48697356905,0
08798,1300,rubato,788,2,55,24,91.1070972724552,0
08798,1300,dynamics,779,11,0,0,4.0039623025791915,0
08798,1300,articulation,777,13,13,3,22.882594589548283,0
08798,1300,pedal_depth,790,0,0,0,3.896661191831221,0
08798,1300,pedal_down_ratio,790,0,0,0,2.4127061287653015,0
08798,1300,pedal_changes,790,0,3,1,38.136846545412304,0
08799,1300,tempo,790,0,20,3,11.785152234061224,0
08799,1300,rubato,790,0,43,13,15.805303472470273,0
08799,1300,dynamics,781,9,0,0,2.468023006266628,0
08799,1300,articulation,780,10,11,2,15.52647407719786,0
08799,1300,pedal_depth,790,0,0,0,4.025137481175003,0
08799,1300,pedal_down_ratio,790,0,0,0,2.4127061287653015,0
08799,1300,pedal_changes,790,0,1,0,8.869034080328444,0
08800,1300,tempo,790,0,35,2,14.491689205206445,0
08800,1300,rubato,790,0,50,16,17.57268497939008,0
08800,1300,dynamics,779,11,0,0,3.1939121257568126,0
08800,1300,articulation,777,13,1,0,7.818521058875246,0
08800,1300,pedal_depth,790,0,0,0,3.4707145515472995,0
08800,1300,pedal_down_ratio,790,0,0,0,2.4127061287653015,0
08800,1300,pedal_changes,790,0,2,1,17.560687479050316,0
08801,1300,tempo,787,3,20,5,20.076368145414957,0
08801,1300,rubato,787,3,44,15,27.205409607315236,0
08801,1300,dynamics,776,14,0,0,3.610509359551181,0
08801,1300,articulation,776,14,8,3,16.55332963364016,0
08801,1300,pedal_depth,790,0,0,0,4.176122939090541,0
08801,1300,pedal_down_ratio,790,0,0,0,2.4127061287653015,0
08801,1300,pedal_changes,790,0,2,1,11.352363622820407,0
08802,1300,tempo,779,11,34,23,67.13749955100593,0
08802,1300,rubato,779,11,53,30,90.46751187311796,0
08802,1300,dynamics,779,11,0,0,5.602075579995916,0
08802,1300,articulation,770,20,10,6,28.288868655393212,0
08802,1300,pedal_depth,790,0,0,0,4.602709967482091,0
08802,1300,pedal_down_ratio,790,0,0,0,2.4127061287653015,0
08802,1300,pedal_changes,790,0,6,1,37.78208518219917,0
08804,1300,tempo,790,0,13,1,10.268536519638714,0
08804,1300,rubato,790,0,32,12,13.764881670616438,0
08804,1300,dynamics,778,12,0,0,4.9065896424669875,0
08804,1300,articulation,777,13,9,0,8.630797726747542,0
08804,1300,pedal_depth,790,0,0,0,3.651133997480801,0
08804,1300,pedal_down_ratio,790,0,0,0,2.4127061287653015,0
08804,1300,pedal_changes,790,0,1,1,12.23926703085325,0
08805,1300,tempo,790,0,19,4,18.57514817963773,0
08805,1300,rubato,790,0,38,11,24.954907627605657,0
08805,1300,dynamics,779,11,0,0,4.999166805532403,0
08805,1300,articulation,777,13,4,1,12.831890453777483,0
08805,1300,pedal_depth,790,0,0,0,3.105376177699902,0
08805,1300,pedal_down_ratio,790,0,0,0,2.4127061287653015,0
08805,1300,pedal_changes,790,0,1,1,16.673784071017472,0
08807,1300,tempo,790,0,46,14,26.820983025064585,0
08807,1300,rubato,790,0,57,24,34.615806322044904,0
08807,1300,dynamics,779,11,0,0,2.898822418485801,0
08807,1300,articulation,778,12,14,4,12.4588087466236,0
08807,1300,pedal_depth,790,0,0,0,2.525552474190714,0
08807,1300,pedal_down_ratio,790,0,0,0,2.4127061287653015,0
08807,1300,pedal_changes,790,0,0,0,4.079755676951084,0
08810,1300,tempo,787,3,22,8,18.0684476945065,0
08810,1300,rubato,787,3,56,17,23.976006063252058,0
08810,1300,dynamics,779,11,0,0,5.647206946990306,0
08810,1300,articulation,775,15,9,2,12.85786954440275,0
08810,1300,pedal_depth,790,0,0,0,4.357045695765049,0
08810,1300,pedal_down_ratio,790,0,0,0,2.4127061287653015,0
08810,1300,pedal_changes,790,0,3,3,12.771409075672958,0
08811,1300,tempo,790,0,22,5,14.879641893374112,0
08811,1300,rubato,790,0,42,13,20.85631377711337,0
08811,1300,dynamics,780,10,0,0,5.138032550130524,0
08811,1300,articulation,778,12,10,0,6.982290592980678,0
08811,1300,pedal_depth,790,0,0,0,4.5621856634640565,0
08811,1300,pedal_down_ratio,790,0,0,0,2.4127061287653015,0
08811,1300,pedal_changes,790,0,1,1,17.383306797443748,0
08815,1301,tempo,342,0,0,0,4.507831565697171,0
08815,1301,rubato,342,0,14,2,12.576378214888322,0
08815,1301,dynamics,338,4,0,0,3.1144906648112274,0
08815,1301,articulation,335,7,6,1,10.793414746095237,0
08815,1301,pedal_depth,342,0,0,0,4.6613142154184395,0
08815,1301,pedal_down_ratio,342,0,0,0,3.286582862463237,0
08815,1301,pedal_changes,342,0,0,0,3.820643005999674,0
08816,1301,tempo,342,0,0,0,4.319247325008199,0
08816,1301,rubato,342,0,21,3,12.42676634160948,0
08816,1301,dynamics,337,5,0,0,4.550248772702926,0
08816,1301,articulation,334,8,10,5,25.269822888338,0
08816,1301,pedal_depth,342,0,1,0,7.063638733159775,0
08816,1301,pedal_down_ratio,342,0,0,0,3.286582862463237,0
08816,1301,pedal_changes,342,0,0,0,5.348900208399543,0
08818,1301,tempo,342,0,0,0,5.497131891892587,0
08818,1301,rubato,342,0,21,2,10.7015150091543,0
08818,1301,dynamics,340,2,0,0,3.2138893030498825,0
08818,1301,articulation,337,5,13,3,22.223382334927777,0
08818,1301,pedal_depth,342,0,1,0,6.425143628801237,0
08818,1301,pedal_down_ratio,342,0,0,0,3.274285078132223,0
08818,1301,pedal_changes,342,0,0,0,3.820643005999674,0
08820,1301,tempo,342,0,0,0,3.5590132147457054,0
08820,1301,rubato,342,0,12,0,7.949273691719222,0
08820,1301,dynamics,340,2,0,0,2.1223449979476023,0
08820,1301,articulation,335,7,5,1,11.064698971150673,0
08820,1301,pedal_depth,342,0,1,0,6.288683962058468,0
08820,1301,pedal_down_ratio,342,0,0,0,3.274285078132223,0
08820,1301,pedal_changes,342,0,0,0,4.584771607199609,0
08821,1301,tempo,342,0,0,0,4.125837586620462,0
08821,1301,rubato,342,0,19,1,10.364450933261626,0
08821,1301,dynamics,341,1,0,0,2.783161870682372,0
08821,1301,articulation,337,5,7,1,13.419103541251449,0
08821,1301,pedal_depth,342,0,0,0,5.401930019712757,0
08821,1301,pedal_down_ratio,342,0,0,0,2.862223512544112,0
08821,1301,pedal_changes,342,0,0,0,3.820643005999674,0
08822,1301,tempo,342,0,1,0,7.608182607410607,0
08822,1301,rubato,342,0,15,2,18.32031983357951,0
08822,1301,dynamics,338,4,0,0,5.036197670758579,0
08822,1301,articulation,336,6,8,2,14.418980817171368,0
08822,1301,pedal_depth,342,0,5,0,6.455111227422191,0
08822,1301,pedal_down_ratio,342,0,0,0,3.2294745590320364,0
08822,1301,pedal_changes,342,0,0,0,5.348900208399543,0
08823,1301,tempo,342,0,0,0,4.143883359148063,0
08823,1301,rubato,342,0,16,0,9.54911729766458,0
08823,1301,dynamics,339,3,0,0,2.5180988353792895,0
08823,1301,articulation,339,3,4,0,8.526453103074536,0
08823,1301,pedal_depth,342,0,0,0,3.3421405606414103,0
08823,1301,pedal_down_ratio,342,0,0,0,3.286582862463237,0
08823,1301,pedal_changes,342,0,0,0,4.9668359077995765,0
08825,1301,tempo,342,0,0,0,5.181990460995011,0
08825,1301,rubato,342,0,6,1,16.324882589552043,0
08825,1301,dynamics,341,1,0,0,3.9115730781154983,0
08825,1301,articulation,340,2,8,2,19.778539276875982,0
08825,1301,pedal_depth,342,0,0,0,4.136872086750979,0
08825,1301,pedal_down_ratio,342,0,0,0,3.2525800653087535,0
08825,1301,pedal_changes,342,0,0,0,4.584771607199609,0
08826,1301,tempo,342,0,0,0,4.41845198302218,0
08826,1301,rubato,342,0,9,1,10.529778187494184,0
08826,1301,dynamics,340,2,0,0,3.8585604710548824,0
08826,1301,articulation,339,3,7,1,10.193044445128887,0
08826,1301,pedal_depth,342,0,0,0,3.717704596399871,0
08826,1301,pedal_down_ratio,342,0,0,0,3.2525800653087535,0
08826,1301,pedal_changes,342,0,0,0,3.438578705399707,0
08828,1301,tempo,342,0,3,0,7.947604620356699,0
08828,1301,rubato,342,0,34,8,18.100354053461352,0
08828,1301,dynamics,337,5,0,0,3.9971137580600336,0
08828,1301,articulation,331,11,13,5,28.03684520362878,0
08828,1301,pedal_depth,342,0,6,0,7.063638733159775,0
08828,1301,pedal_down_ratio,342,0,0,0,3.286582862463237,0
08828,1301,pedal_changes,342,0,0,0,3.438578705399707,0
08829,1301,tempo,342,0,7,0,7.936192421302811,0
08829,1301,rubato,342,0,40,14,19.405965624014456,0
08829,1301,dynamics,340,2,0,0,4.37354008250087,0
08829,1301,articulation,339,3,26,11,28.008310676734595,0
08829,1301,pedal_depth,342,0,0,0,2.1680546870777513,0
08829,1301,pedal_down_ratio,342,0,0,0,3.286582862463237,0
08829,1301,pedal_changes,342,0,0,0,3.438578705399707,0
08831,1301,tempo,342,0,2,0,6.535158732913894,0
08831,1301,rubato,342,0,13,5,13.118124251236873,0
08831,1301,dynamics,339,3,0,0,3.6446167354173924,0
08831,1301,articulation,339,3,5,1,11.660990664006192,0
08831,1301,pedal_depth,342,0,0,0,3.3226049898469587,0
08831,1301,pedal_down_ratio,342,0,0,0,3.269216506518882,0
08831,1301,pedal_changes,342,0,0,0,3.438578705399707,0
08832,1301,tempo,342,0,1,0,6.820073410003687,0
08832,1301,rubato,342,0,16,2,17.469872679581933,0
08832,1301,dynamics,340,2,0,0,4.086388460922531,0
08832,1301,articulation,337,5,7,0,7.784071887150101,0
08832,1301,pedal_depth,342,0,2,0,6.221361892506147,0
08832,1301,pedal_down_ratio,342,0,0,0,3.286582862463237,0
08832,1301,pedal_changes,342,0,0,0,3.438578705399707,0
08833,1301,tempo,341,1,1,0,6.664546561638207,0
08833,1301,rubato,341,1,14,2,16.460220432197776,0
08833,1301,dynamics,340,2,0,0,3.335376527563795,0
08833,1301,articulation,336,6,7,1,12.100565003392283,0
08833,1301,pedal_depth,342,0,1,0,6.275175550006798,0
08833,1301,pedal_down_ratio,342,0,0,0,3.267348081762135,0
08833,1301,pedal_changes,342,0,0,0,4.584771607199609,0
08835,1301,tempo,341,1,1,0,7.010836944637477,0
08835,1301,rubato,341,1,14,1,19.402249739349816,0
08835,1301,dynamics,337,5,0,0,2.8052504569576286,0
08835,1301,articulation,334,8,10,5,21.70434111634732,0
08835,1301,pedal_depth,342,0,1,0,6.100399342443438,0
08835,1301,pedal_down_ratio,342,0,0,0,3.286582862463237,0
08835,1301,pedal_changes,342,0,0,0,3.056514404799739,0
08838,1302,tempo,394,0,2,0,8.088640929552545,0
08838,1302,rubato,394,0,16,4,14.479713214842183,0
08838,1302,dynamics,394,0,0,0,3.8317498859789403,0
08838,1302,articulation,394,0,5,1,20.778067749409008,0
08838,1302,pedal_depth,394,0,0,0,2.405589254059475,0
08838,1302,pedal_down_ratio,394,0,0,0,2.7933023559991983,0
08838,1302,pedal_changes,394,0,0,0,3.916979795829602,0
08839,1302,tempo,394,0,3,0,9.375375028942786,0
08839,1302,rubato,394,0,6,3,15.261148829889065,0
08839,1302,dynamics,394,0,0,0,4.168995265717237,0
08839,1302,articulation,394,0,3,0,8.575645387137603,0
08839,1302,pedal_depth,394,0,0,0,3.9410307667281073,0
08839,1302,pedal_down_ratio,394,0,0,0,2.7933023559991983,0
08839,1302,pedal_changes,394,0,0,0,5.875469693744403,0
08840,1302,tempo,393,1,5,0,8.60403385646595,0
08840,1302,rubato,393,1,17,8,15.00334480708204,0
08840,1302,dynamics,394,0,0,0,3.8349617467383497,0
08840,1302,articulation,394,0,5,3,25.87262050509025,0
08840,1302,pedal_depth,394,0,0,0,1.742788569709889,0
08840,1302,pedal_down_ratio,394,0,0,0,2.751611276058881,0
08840,1302,pedal_changes,394,0,0,0,3.1335838366636817,0
08841,1302,tempo,394,0,1,0,7.66052423580146,0
08841,1302,rubato,394,0,18,7,13.265155318817731,0
08841,1302,dynamics,394,0,0,0,3.786141463195284,0
08841,1302,articulation,394,0,5,2,20.465685360477938,0
08841,1302,pedal_depth,394,0,0,0,5.260282409330912,0
08841,1302,pedal_down_ratio,394,0,0,0,2.7933023559991983,0
08841,1302,pedal_changes,394,0,0,0,2.7418858570807214,0
08843,1302,tempo,394,0,3,0,8.35413390836744,0
08843,1302,rubato,394,0,20,6,16.802209809526193,0
08843,1302,dynamics,394,0,0,0,3.179099779666349,0
08843,1302,articulation,394,0,11,5,24.205711832436155,0
08843,1302,pedal_depth,394,0,0,0,4.91624269371089,0
08843,1302,pedal_down_ratio,394,0,0,0,2.7933023559991983,0
08843,1302,pedal_changes,394,0,0,0,3.1335838366636817,0
08844,1302,tempo,394,0,4,0,8.203803908833043,0
08844,1302,rubato,394,0,25,6,17.454366709672318,0
08844,1302,dynamics,394,0,0,0,3.406178335356803,0
08844,1302,articulation,394,0,4,2,11.058774429835257,0
08844,1302,pedal_depth,394,0,0,0,4.623095813149663,0
08844,1302,pedal_down_ratio,394,0,0,0,2.7933023559991983,0
08844,1302,pedal_changes,394,0,0,0,4.308677775412563,0
08845,1302,tempo,393,1,2,0,6.398894431558988,0
08845,1302,rubato,393,1,20,6,14.275607944292586,0
08845,1302,dynamics,394,0,0,0,4.0919106074913385,0
08845,1302,articulation,394,0,5,2,22.847394505537228,0
08845,1302,pedal_depth,394,0,0,0,4.791057010532539,0
08845,1302,pedal_down_ratio,394,0,0,0,2.7933023559991983,0
08845,1302,pedal_changes,394,0,0,0,4.308677775412563,0
08846,1302,tempo,393,1,4,0,6.757875188419207,0
08846,1302,rubato,393,1,23,5,12.918476948987205,0
08846,1302,dynamics,394,0,0,0,3.4815986657346407,0
08846,1302,articulation,394,0,3,1,16.057065666445638,0
08846,1302,pedal_depth,394,0,0,0,4.913645829366813,0
08846,1302,pedal_down_ratio,394,0,0,0,2.7933023559991983,0
08846,1302,pedal_changes,394,0,1,0,6.658865652910324,0
08848,1302,tempo,394,0,4,1,10.950214455806478,0
08848,1302,rubato,394,0,17,5,21.28963171862238,0
08848,1302,dynamics,394,0,0,0,3.5651654429477135,0
08848,1302,articulation,394,0,6,1,13.381128088890451,0
08848,1302,pedal_depth,394,0,0,0,4.817618092609345,0
08848,1302,pedal_down_ratio,394,0,0,0,2.7933023559991983,0
08848,1302,pedal_changes,394,0,0,0,3.916979795829602,0
08849,1302,tempo,394,0,3,0,7.915267287080145,0
08849,1302,rubato,394,0,16,5,17.0436092394447,0
08849,1302,dynamics,394,0,0,0,3.02846351004991,0
08849,1302,articulation,394,0,5,1,12.953223327280938,0
08849,1302,pedal_depth,394,0,0,0,4.343062069287812,0
08849,1302,pedal_down_ratio,394,0,0,0,2.7933023559991983,0
08849,1302,pedal_changes,394,0,0,0,3.916979795829602,0
08851,1302,tempo,394,0,4,0,9.951239863237356,0
08851,1302,rubato,394,0,16,3,16.719658935522883,0
08851,1302,dynamics,394,0,0,0,2.9752536834689782,0
08851,1302,articulation,394,0,4,0,7.853731305979094,0
08851,1302,pedal_depth,394,0,0,0,2.63207604561084,0
08851,1302,pedal_down_ratio,394,0,0,0,2.7933023559991983,0
08851,1302,pedal_changes,394,0,0,0,3.525281816246642,0
08854,1302,tempo,394,0,2,0,8.881650693740356,0
08854,1302,rubato,394,0,23,5,17.93915411768754,0
08854,1302,dynamics,394,0,0,0,4.406672961913751,0
08854,1302,articulation,394,0,9,1,10.658699651330732,0
08854,1302,pedal_depth,394,0,0,0,5.519360849948516,0
08854,1302,pedal_down_ratio,394,0,0,0,2.7933023559991983,0
08854,1302,pedal_changes,394,0,0,0,3.525281816246642,0
08856,1302,tempo,393,1,5,1,10.315130276590686,0
08856,1302,rubato,393,1,22,9,21.4542893635963,0
08856,1302,dynamics,393,1,0,0,3.934529430280135,0
08856,1302,articulation,393,1,8,2,27.096401470878455,0
08856,1302,pedal_depth,394,0,0,0,4.990234201675167,0
08856,1302,pedal_down_ratio,394,0,0,0,2.775367830439011,0
08856,1302,pedal_changes,394,0,1,0,6.658865652910324,0
08859,1303,tempo,271,1,17,9,17.906358605104213,0
08859,1303,rubato,271,1,24,19,33.76130675866349,0
08859,1303,dynamics,271,1,0,0,4.7954495911288255,0
08859,1303,articulation,263,9,7,2,20.208507956810024,0
08859,1303,pedal_depth,272,0,0,0,1.661059256930968,0
08859,1303,pedal_down_ratio,272,0,0,0,2.57736089517177,0
08859,1303,pedal_changes,272,0,0,0,4.2012689194649,0
08860,1303,tempo,272,0,5,2,13.61888423743427,0
08860,1303,rubato,272,0,17,8,23.610789798860893,0
08860,1303,dynamics,272,0,0,0,4.182572621996553,0
08860,1303,articulation,270,2,1,0,6.5696116403296125,0
08860,1303,pedal_depth,272,0,0,0,3.125461289726615,0
08860,1303,pedal_down_ratio,272,0,0,0,2.462672318115943,0
08860,1303,pedal_changes,272,0,1,0,7.661137441377172,0
08861,1303,tempo,271,1,18,10,16.854661579601423,0
08861,1303,rubato,271,1,28,19,34.24314174141981,0
08861,1303,dynamics,271,1,0,0,2.719351193359773,0
08861,1303,articulation,264,8,9,2,19.139496978462024,0
08861,1303,pedal_depth,272,0,0,0,1.6376775866447286,0
08861,1303,pedal_down_ratio,272,0,0,0,2.508880291676875,0
08861,1303,pedal_changes,272,0,0,0,2.965601590210518,0
08862,1303,tempo,272,0,1,0,7.123936390449834,0
08862,1303,rubato,272,0,9,2,12.666034808775166,0
08862,1303,dynamics,272,0,0,0,3.44586948971307,0
08862,1303,articulation,269,3,9,2,13.324620551389314,0
08862,1303,pedal_depth,272,0,0,0,3.9705409945171826,0
08862,1303,pedal_down_ratio,272,0,0,0,2.5685422179849478,0
08862,1303,pedal_changes,272,0,0,0,5.6840697145701595,0
08864,1303,tempo,271,1,18,9,16.69066657384869,0
08864,1303,rubato,271,1,37,19,33.946326688056274,0
08864,1303,dynamics,270,2,0,0,3.6835156614174203,0
08864,1303,articulation,263,9,6,3,19.250223222679526,0
08864,1303,pedal_depth,272,0,0,0,4.076231396945265,0
08864,1303,pedal_down_ratio,272,0,0,0,2.6084884422149135,0
08864,1303,pedal_changes,272,0,0,0,3.954135453614024,0
08865,1303,tempo,271,1,19,10,17.232340714676745,0
08865,1303,rubato,271,1,30,22,33.68421052770761,0
08865,1303,dynamics,271,1,0,0,4.063749536144381,0
08865,1303,articulation,263,9,9,3,19.676066385802063,0
08865,1303,pedal_depth,272,0,0,0,3.181871761351113,0
08865,1303,pedal_down_ratio,272,0,0,0,2.6084884422149135,0
08865,1303,pedal_changes,272,0,0,0,4.448402385315777,0
08867,1303,tempo,272,0,2,0,8.330620179121889,0
08867,1303,rubato,272,0,7,3,14.352580367372836,0
08867,1303,dynamics,272,0,0,0,3.7429272043435073,0
08867,1303,articulation,269,3,3,1,11.88841308953092,0
08867,1303,pedal_depth,272,0,0,0,4.310113199238775,0
08867,1303,pedal_down_ratio,272,0,0,0,2.6084884422149135,0
08867,1303,pedal_changes,272,0,0,0,3.954135453614024,0
08869,1303,tempo,272,0,1,0,6.154165131244929,0
08869,1303,rubato,272,0,7,2,12.066098331252936,0
08869,1303,dynamics,272,0,0,0,3.944926450292206,0
08869,1303,articulation,269,3,5,0,9.047780244733705,0
08869,1303,pedal_depth,272,0,0,0,3.744002139948279,0
08869,1303,pedal_down_ratio,272,0,0,0,2.6084884422149135,0
08869,1303,pedal_changes,272,0,2,1,33.85728482157008,0
08870,1303,tempo,272,0,1,0,6.154165131244929,0
08870,1303,rubato,272,0,16,4,12.017575401120657,0
08870,1303,dynamics,272,0,0,0,3.992455684633075,0
08870,1303,articulation,270,2,4,1,12.960398328091442,0
08870,1303,pedal_depth,272,0,0,0,3.940359283512977,0
08870,1303,pedal_down_ratio,272,0,0,0,2.6084884422149135,0
08870,1303,pedal_changes,272,0,1,1,31.880217094763072,0
08872,1303,tempo,271,1,13,9,18.000158934825087,0
08872,1303,rubato,271,1,30,15,34.63657920990804,0
08872,1303,dynamics,271,1,0,0,4.170690313411338,0
08872,1303,articulation,264,8,13,3,17.828495122742027,0
08872,1303,pedal_depth,272,0,0,0,2.3782480160889046,0
08872,1303,pedal_down_ratio,272,0,0,0,2.5898563819133646,0
08872,1303,pedal_changes,272,0,1,0,6.425470112122789,0
08873,1303,tempo,272,0,0,0,4.877887536963488,0
08873,1303,rubato,272,0,5,1,10.098746633043401,0
08873,1303,dynamics,272,0,0,0,4.170690313411337,0
08873,1303,articulation,269,3,19,4,12.486453165671394,0
08873,1303,pedal_depth,272,0,0,0,1.9819126190905025,0
08873,1303,pedal_down_ratio,272,0,0,0,2.508880291676875,0
08873,1303,pedal_changes,272,0,0,0,2.965601590210518,0
08875,1303,tempo,272,0,7,1,12.163575978915139,0
08875,1303,rubato,272,0,10,6,21.9719604471067,0
08875,1303,dynamics,272,0,0,0,3.8498679816104655,0
08875,1303,articulation,269,3,5,0,9.156859436471446,0
08875,1303,pedal_depth,272,0,0,0,4.326503155817181,0
08875,1303,pedal_down_ratio,272,0,0,0,2.6084884422149135,0
08875,1303,pedal_changes,272,0,1,0,8.649671304780679,0
08876,1303,tempo,272,0,4,0,7.672185910440861,0
08876,1303,rubato,272,0,8,4,13.131626280080926,0
08876,1303,dynamics,272,0,0,0,4.147442318353304,0
08876,1303,articulation,270,2,4,2,11.170451166788556,0
08876,1303,pedal_depth,272,0,0,0,4.1882130117588465,0
08876,1303,pedal_down_ratio,272,0,0,0,2.6084884422149135,0
08876,1303,pedal_changes,272,0,1,0,8.155404373078925,0
08886,1304,tempo,799,11,42,15,15.404775166771504,0
08886,1304,rubato,799,11,47,17,17.205868572502776,0
08886,1304,dynamics,768,42,0,0,5.193578847969777,0
08886,1304,articulation,751,59,17,6,19.44823713400193,0
08886,1304,pedal_depth,810,0,0,0,4.20570638147024,0
08886,1304,pedal_down_ratio,810,0,0,0,2.4862508644886643,0
08886,1304,pedal_changes,810,0,7,5,20.162289065815752,0
08887,1304,tempo,800,10,12,1,10.199369956105041,0
08887,1304,rubato,800,10,19,2,10.94544529435998,0
08887,1304,dynamics,775,35,0,0,5.733171455551053,0
08887,1304,articulation,749,61,6,4,12.92675111489965,0
08887,1304,pedal_depth,810,0,0,0,4.638646744268562,0
08887,1304,pedal_down_ratio,810,0,0,0,2.4862508644886643,0
08887,1304,pedal_changes,810,0,6,3,19.501230407920154,0
08889,1304,tempo,799,11,11,5,15.575175254951434,0
08889,1304,rubato,799,11,15,5,16.263694097971204,0
08889,1304,dynamics,781,29,0,0,3.895184135977334,0
08889,1304,articulation,756,54,13,4,11.901740750908031,0
08889,1304,pedal_depth,810,0,0,0,4.514949497754816,0
08889,1304,pedal_down_ratio,810,0,0,0,2.4862508644886643,0
08889,1304,pedal_changes,810,0,10,6,21.15387705265915,0
08898,1304,tempo,796,14,5,1,15.83741501077217,0
08898,1304,rubato,796,14,12,3,16.810371015568773,0
08898,1304,dynamics,773,37,0,0,4.72143531633616,0
08898,1304,articulation,751,59,16,4,13.192014265178749,0
08898,1304,pedal_depth,810,0,0,0,4.267555004727185,0
08898,1304,pedal_down_ratio,810,0,0,0,2.4862508644886643,0
08898,1304,pedal_changes,810,0,9,5,21.484406381606952,0
08903,1304,tempo,806,4,16,2,12.401262640865207,0
08903,1304,rubato,806,4,27,2,13.657930301583297,0
08903,1304,dynamics,763,47,0,0,2.6619901974009585,0
08903,1304,articulation,749,61,11,4,18.542642619607044,0
08903,1304,pedal_depth,810,0,0,0,3.8355175415379983,0
08903,1304,pedal_down_ratio,810,0,0,0,2.4862508644886643,0
08903,1304,pedal_changes,810,0,0,0,3.3052932894779925,0
08905,1304,tempo,810,0,17,5,11.348055186360043,0
08905,1304,rubato,810,0,23,5,12.15286526684233,0
08905,1304,dynamics,766,44,0,0,3.5478213948468857,0
08905,1304,articulation,753,57,6,0,7.978598758330233,0
08905,1304,pedal_depth,810,0,0,0,2.1634806542147076,0
08905,1304,pedal_down_ratio,810,0,0,0,2.4862508644886643,0
08905,1304,pedal_changes,810,0,0,0,3.966351947373591,0
08909,1304,tempo,809,1,12,3,13.210517124949874,0
08909,1304,rubato,809,1,18,5,14.640309858318911,0
08909,1304,dynamics,776,34,0,0,3.9390260353433133,0
08909,1304,articulation,748,62,10,3,18.73961305206168,0
08909,1304,pedal_depth,810,0,0,0,4.238770806377313,0
08909,1304,pedal_down_ratio,810,0,0,0,2.4862508644886643,0
08909,1304,pedal_changes,810,0,0,0,2.644234631582394,0
08914,1304,tempo,796,14,14,4,14.750305599315494,0
08914,1304,rubato,796,14,20,4,16.41293387448351,0
08914,1304,dynamics,767,43,0,0,3.237555645487654,0
08914,1304,articulation,753,57,18,4,15.964299725350804,0
08914,1304,pedal_depth,810,0,0,0,4.453100874498028,0
08914,1304,pedal_down_ratio,810,0,0,0,2.4862508644886643,0
08914,1304,pedal_changes,810,0,6,3,26.11181698687614,0
08916,1304,tempo,810,0,5,0,9.199578536141848,0
08916,1304,rubato,810,0,10,0,9.992129328709659,0
08916,1304,dynamics,780,30,0,0,3.473627411304461,0
08916,1304,articulation,762,48,5,2,12.494506159576398,0
08916,1304,pedal_depth,810,0,0,0,4.329403627984239,0
08916,1304,pedal_down_ratio,810,0,0,0,2.4862508644886643,0
08916,1304,pedal_changes,810,0,0,0,2.644234631582394,0
08917,1304,tempo,810,0,4,0,8.70201956377466,0
08917,1304,rubato,810,0,8,0,9.930611135087224,0
08917,1304,dynamics,774,36,0,0,4.8394711992445645,0
08917,1304,articulation,760,50,6,2,11.533291828641405,0
08917,1304,pedal_depth,810,0,0,0,4.082009134956284,0
08917,1304,pedal_down_ratio,810,0,0,0,2.4862508644886643,0
08917,1304,pedal_changes,810,0,0,0,1.9831759736867955,0
08918,1304,tempo,810,0,6,0,7.274555762882706,0
08918,1304,rubato,810,0,12,0,7.974125198858121,0
08918,1304,dynamics,773,37,0,0,2.5855479113269455,0
08918,1304,articulation,756,54,7,1,11.329140606612825,0
08918,1304,pedal_depth,810,0,0,0,4.88604123729627,0
08918,1304,pedal_down_ratio,810,0,0,0,2.486250864488667,0
08918,1304,pedal_changes,810,0,0,0,3.3052932894779925,0
08919,1304,tempo,810,0,8,1,10.059937005999451,0
08919,1304,rubato,810,0,11,1,10.752104415492111,0
08919,1304,dynamics,776,34,0,0,2.6912181303116136,0
08919,1304,articulation,757,53,6,3,16.260999070879695,0
08919,1304,pedal_depth,810,0,0,0,3.8971235707722127,0
08919,1304,pedal_down_ratio,810,0,0,0,2.4862508644886674,0
08919,1304,pedal_changes,810,0,0,0,2.644234631582394,0
08920,1304,tempo,810,0,10,1,13.022804786774579,0
08920,1304,rubato,810,0,15,1,14.499719468109273,0
08920,1304,dynamics,774,36,0,0,3.391724961939446,0
08920,1304,articulation,760,50,1,1,11.578774408338312,0
08920,1304,pedal_depth,810,0,0,0,4.329403627984239,0
08920,1304,pedal_down_ratio,810,0,0,0,2.4862508644886643,0
08920,1304,pedal_changes,810,0,0,0,4.62741060526919,0
08923,1304,tempo,810,0,6,0,8.834544662764534,0
08923,1304,rubato,810,0,11,0,9.324344713307408,0
08923,1304,dynamics,781,29,0,0,3.0689329556185054,0
08923,1304,articulation,763,47,3,0,9.667694585574186,0
08923,1304,pedal_depth,810,0,0,0,4.329403627984239,0
08923,1304,pedal_down_ratio,810,0,0,0,2.4862508644886647,0
08923,1304,pedal_changes,810,0,0,0,2.644234631582394,0
08926,1304,tempo,797,13,18,5,12.230035806311918,0
08926,1304,rubato,797,13,25,5,13.349508364439469,0
08926,1304,dynamics,770,40,0,0,5.058680696074458,0
08926,1304,articulation,743,67,14,8,21.113383395787334,0
08926,1304,pedal_depth,810,0,0,0,4.638646744268562,0
08926,1304,pedal_down_ratio,810,0,0,0,2.4862508644886643,0
08926,1304,pedal_changes,810,0,7,5,25.120229000032744,0
08927,1305,tempo,266,0,6,4,11.766372394997447,0
08927,1305,rubato,266,0,18,9,23.69931035419537,0
08927,1305,dynamics,264,2,0,0,2.5761195458718977,0
08927,1305,articulation,264,2,1,1,18.375891707831112,0
08927,1305,pedal_depth,266,0,0,0,3.301513684829996,0
08927,1305,pedal_down_ratio,266,0,0,0,3.8860807152243515,0
08927,1305,pedal_changes,266,0,0,0,5.010394186315522,0
08928,1305,tempo,266,0,2,1,10.084815885782028,0
08928,1305,rubato,266,0,11,4,20.990759175604783,0
08928,1305,dynamics,265,1,0,0,2.186655526690252,0
08928,1305,articulation,264,2,3,0,8.712856157646181,0
08928,1305,pedal_depth,266,0,0,0,3.160193430628556,0
08928,1305,pedal_down_ratio,266,0,0,0,3.8860807152243515,0
08928,1305,pedal_changes,266,0,0,0,4.008315349052418,0
08929,1305,tempo,266,0,5,5,11.534553266444826,0
08929,1305,rubato,266,0,16,8,22.82599530439693,0
08929,1305,dynamics,264,2,0,0,2.7393027941323638,0
08929,1305,articulation,264,2,2,0,8.091813638896511,0
08929,1305,pedal_depth,266,0,0,0,4.814944712149639,0
08929,1305,pedal_down_ratio,266,0,0,0,3.8860807152243515,0
08929,1305,pedal_changes,266,0,0,0,4.008315349052418,0
08930,1305,tempo,266,0,12,1,10.728278354274357,0
08930,1305,rubato,266,0,35,20,22.966085047521894,0
08930,1305,dynamics,266,0,0,0,2.5021431399938203,0
08930,1305,articulation,266,0,7,1,11.218082644780242,0
08930,1305,pedal_depth,266,0,0,0,4.257612330806051,0
08930,1305,pedal_down_ratio,266,0,0,0,3.8860807152243515,0
08930,1305,pedal_changes,266,0,1,0,9.01870953536794,0
08932,1305,tempo,266,0,13,4,12.163336206119725,0
08932,1305,rubato,266,0,30,17,22.879220019447683,0
08932,1305,dynamics,264,2,0,0,2.7414785707758367,0
08932,1305,articulation,262,4,2,1,13.127104622112032,0
08932,1305,pedal_depth,266,0,0,0,4.373425954675979,0
08932,1305,pedal_down_ratio,266,0,0,0,3.8860807152243515,0
08932,1305,pedal_changes,266,0,2,0,9.01870953536794,0
08933,1305,tempo,266,0,9,4,10.96256706325456,0
08933,1305,rubato,266,0,30,14,21.80548346658247,0
08933,1305,dynamics,264,2,0,0,4.569130951293062,0
08933,1305,articulation,263,3,7,2,25.122139790525317,0
08933,1305,pedal_depth,266,0,0,0,4.373425954675979,0
08933,1305,pedal_down_ratio,266,0,0,0,3.8815984998665054,0
08933,1305,pedal_changes,266,0,0,0,5.010394186315522,0
08934,1305,tempo,266,0,6,1,11.013712060577996,0
08934,1305,rubato,266,0,15,11,22.7036397296215,0
08934,1305,dynamics,265,1,0,0,3.677062527469179,0
08934,1305,articulation,265,1,1,0,6.993232636613285,0
08934,1305,pedal_depth,266,0,0,0,4.325781833939075,0
08934,1305,pedal_down_ratio,266,0,0,0,3.134859934254172,0
08934,1305,pedal_changes,266,0,0,0,3.006236511789313,0
08935,1305,tempo,266,0,1,0,9.914110927317868,0
08935,1305,rubato,266,0,14,6,19.639408882687935,0
08935,1305,dynamics,266,0,0,0,3.851124658947009,0
08935,1305,articulation,266,0,1,0,6.409641432668684,0
08935,1305,pedal_depth,266,0,0,0,5.0207287506300595,0
08935,1305,pedal_down_ratio,266,0,0,0,3.8860807152243515,0
08935,1305,pedal_changes,266,0,0,0,4.50935476768397,0
08936,1305,tempo,266,0,3,1,11.772191591642919,0
08936,1305,rubato,266,0,11,8,24.19449181202417,0
08936,1305,dynamics,265,1,0,0,3.503000395991348,0
08936,1305,articulation,265,1,0,0,4.237229503650431,0
08936,1305,pedal_depth,266,0,0,0,4.814944712149639,0
08936,1305,pedal_down_ratio,266,0,0,0,3.8815984998665054,0
08936,1305,pedal_changes,266,0,0,0,2.505197093157761,0
08937,1305,tempo,266,0,11,2,12.305989459969323,0
08937,1305,rubato,266,0,32,20,22.176162607445537,0
08937,1305,dynamics,264,2,0,0,2.4967036983851374,0
08937,1305,articulation,264,2,3,1,10.432348342287499,0
08937,1305,pedal_depth,266,0,0,0,4.283894175476696,0
08937,1305,pedal_down_ratio,266,0,0,0,3.8860807152243515,0
08937,1305,pedal_changes,266,0,0,0,3.006236511789313,0
08938,1305,tempo,266,0,8,0,9.492317062584592,0
08938,1305,rubato,266,0,28,18,19.86741713630374,0
08938,1305,dynamics,266,0,0,0,2.088745577733971,0
08938,1305,articulation,266,0,2,1,11.820568324470756,0
08938,1305,pedal_depth,266,0,0,0,4.507431588360574,0
08938,1305,pedal_down_ratio,266,0,0,0,3.8860807152243515,0
08938,1305,pedal_changes,266,0,1,0,6.012473023578626,0
08939,1305,tempo,266,0,12,1,11.160927420817364,0
08939,1305,rubato,266,0,30,21,22.55856525792432,0
08939,1305,dynamics,265,1,0,0,2.464067048733045,0
08939,1305,articulation,265,1,1,0,7.9420964361475885,0
08939,1305,pedal_depth,266,0,0,0,4.563492450281299,0
08939,1305,pedal_down_ratio,266,0,0,0,3.8860807152243515,0
08939,1305,pedal_changes,266,0,0,0,4.008315349052418,0
08941,1305,tempo,266,0,12,2,10.45095742083083,0
08941,1305,rubato,266,0,25,12,22.74271468087723,0
08941,1305,dynamics,263,3,0,0,2.2006426622554334,0
08941,1305,articulation,262,4,3,0,7.09122867503548,0
08941,1305,pedal_depth,266,0,0,0,4.448305648214027,0
08941,1305,pedal_down_ratio,266,0,0,0,3.8860807152243515,0
08941,1305,pedal_changes,266,0,1,0,6.012473023578626,0
08942,1305,tempo,266,0,6,1,10.00868512304052,0
08942,1305,rubato,266,0,27,12,19.89561239055558,0
08942,1305,dynamics,266,0,0,0,3.541076487252123,0
08942,1305,articulation,266,0,3,0,9.943390197824959,0
08942,1305,pedal_depth,266,0,0,0,4.814944712149639,0
08942,1305,pedal_down_ratio,266,0,0,0,3.8860807152243515,0
08942,1305,pedal_changes,266,0,0,0,4.008315349052418,0
08943,1305,tempo,266,0,6,2,11.080167950125599,0
08943,1305,rubato,266,0,22,9,23.458397311599526,0
08943,1305,dynamics,265,1,0,0,3.058054072401143,0
08943,1305,articulation,262,4,2,1,17.9446915360732,0
08943,1305,pedal_depth,266,0,0,0,3.4033331197538974,0
08943,1305,pedal_down_ratio,266,0,0,0,3.8860807152243515,0
08943,1305,pedal_changes,266,0,1,0,6.012473023578626,0
08945,1305,tempo,266,0,12,3,10.750632008300485,0
08945,1305,rubato,266,0,31,14,22.65158777967558,0
08945,1305,dynamics,264,2,0,0,2.134436887246902,0
08945,1305,articulation,263,3,3,0,7.945252905531409,0
08945,1305,pedal_depth,266,0,0,0,3.668097195065443,0
08945,1305,pedal_down_ratio,266,0,0,0,3.8860807152243515,0
08945,1305,pedal_changes,266,0,0,0,5.010394186315522,0
08946,1305,tempo,266,0,8,0,9.93533656397321,0
08946,1305,rubato,266,0,22,15,20.929556643949166,0
08946,1305,dynamics,264,2,0,0,2.529340348037231,0
08946,1305,articulation,264,2,1,0,8.535290580335495,0
08946,1305,pedal_depth,266,0,0,0,4.847093910247905,0
08946,1305,pedal_down_ratio,266,0,0,0,3.8860807152243515,0
08946,1305,pedal_changes,266,0,0,0,4.008315349052418,0
08947,1305,tempo,266,0,11,3,10.899618267224485,0
08947,1305,rubato,266,0,26,17,22.928291077324772,0
08947,1305,dynamics,264,2,0,0,2.8263338598712795,0
08947,1305,articulation,264,2,1,0,8.004639657436202,0
08947,1305,pedal_depth,266,0,0,0,4.2002099100477635,0
08947,1305,pedal_down_ratio,266,0,0,0,3.8860807152243515,0
08947,1305,pedal_changes,266,0,1,0,7.01455186084173,0
08948,1305,tempo,266,0,10,3,10.495272452633529,0
08948,1305,rubato,266,0,26,13,22.714470034231454,0
08948,1305,dynamics,264,2,0,0,3.11680004177491,0
08948,1305,articulation,264,2,2,0,7.682571372201271,0
08948,1305,pedal_depth,266,0,0,0,5.0207287506300595,0
08948,1305,pedal_down_ratio,266,0,0,0,3.8860807152243515,0
08948,1305,pedal_changes,266,0,6,0,9.01870953536794,0
08949,1305,tempo,266,0,6,0,8.463038720948024,0
08949,1305,rubato,266,0,21,10,19.51493659970854,0
08949,1305,dynamics,264,2,0,0,3.1374699198879017,0
08949,1305,articulation,264,2,1,0,6.313658184019097,0
08949,1305,pedal_depth,266,0,0,0,4.57614536001362,0
08949,1305,pedal_down_ratio,266,0,0,0,3.8860807152243515,0
08949,1305,pedal_changes,266,0,0,0,4.008315349052418,0
08951,1305,tempo,266,0,4,3,11.467008589983127,0
08951,1305,rubato,266,0,11,8,21.432186010539816,0
08951,1305,dynamics,266,0,0,0,4.2210066883374004,0
08951,1305,articulation,266,0,1,0,6.746930742558356,0
08951,1305,pedal_depth,266,0,0,0,3.4539784401905,0
08951,1305,pedal_down_ratio,266,0,0,0,3.8860807152243515,0
08951,1305,pedal_changes,266,0,0,0,4.008315349052418,0
08952,1305,tempo,266,0,6,1,10.111310492175383,0
08952,1305,rubato,266,0,20,13,22.350247119230573,0
08952,1305,dynamics,265,1,0,0,4.851981914944537,0
08952,1305,articulation,265,1,4,0,9.633460521704086,0
08952,1305,pedal_depth,266,0,0,0,1.779475043505926,0
08952,1305,pedal_down_ratio,266,0,0,0,3.8860807152243515,0
08952,1305,pedal_changes,266,0,0,0,5.010394186315522,0
08953,1305,tempo,266,0,3,1,10.887297292644217,0
08953,1305,rubato,266,0,26,11,20.985940100692435,0
08953,1305,dynamics,266,0,0,0,3.0896028337314987,0
08953,1305,articulation,266,0,6,1,11.67453054222944,0
08953,1305,pedal_depth,266,0,0,0,4.510407910730543,0
08953,1305,pedal_down_ratio,266,0,0,0,3.8860807152243515,0
08953,1305,pedal_changes,266,0,0,0,5.511433604947074,0
08954,1305,tempo,265,1,3,1,11.202289310113839,0
08954,1305,rubato,265,1,26,9,22.655419421102334,0
08954,1305,dynamics,266,0,0,0,2.4803853735590904,0
08954,1305,articulation,266,0,5,1,16.001152138846898,0
08954,1305,pedal_depth,266,0,0,0,4.510407910730543,0
08954,1305,pedal_down_ratio,266,0,0,0,3.8860807152243515,0
08954,1305,pedal_changes,266,0,0,0,5.511433604947074,0
08955,1305,tempo,266,0,6,5,11.450511270115157,0
08955,1305,rubato,266,0,28,16,23.360077254154437,0
08955,1305,dynamics,265,1,0,0,3.1331183666009577,0
08955,1305,articulation,265,1,7,1,15.987099232490984,0
08955,1305,pedal_depth,266,0,0,0,4.507431588360574,0
08955,1305,pedal_down_ratio,266,0,0,0,3.8860807152243515,0
08955,1305,pedal_changes,266,0,1,0,6.513512442210178,0
08956,1305,tempo,265,1,6,0,9.074976394052236,0
08956,1305,rubato,265,1,22,14,18.267304252479565,0
08956,1305,dynamics,265,1,0,0,3.962089267764126,0
08956,1305,articulation,265,1,2,1,19.732055051978115,0
08956,1305,pedal_depth,266,0,0,0,5.0207287506300595,0
08956,1305,pedal_down_ratio,266,0,0,0,3.8860807152243515,0
08956,1305,pedal_changes,266,0,1,0,8.768189826052163,0
08957,1305,tempo,266,0,14,8,14.39964516880032,0
08957,1305,rubato,266,0,32,19,26.43146028854537,0
08957,1305,dynamics,266,0,0,0,2.7980487635061326,0
08957,1305,articulation,266,0,7,2,12.209730567094384,0
08957,1305,pedal_depth,266,0,0,0,2.9373566533661455,0
08957,1305,pedal_down_ratio,266,0,0,0,3.8860807152243515,0
08957,1305,pedal_changes,266,0,2,0,7.515591279473282,0
08961,1305,tempo,266,0,11,7,12.801051888005723,0
08961,1305,rubato,266,0,31,15,21.745585112039503,0
08961,1305,dynamics,263,3,0,0,2.8295975248364895,0
08961,1305,articulation,263,3,8,1,10.594629497753047,0
08961,1305,pedal_depth,266,0,0,0,4.507431588360574,0
08961,1305,pedal_down_ratio,266,0,0,0,3.8860807152243515,0
08961,1305,pedal_changes,266,0,1,0,6.012473023578626,0
08962,1305,tempo,266,0,13,8,13.51913364687429,0
08962,1305,rubato,266,0,30,18,28.07263693395703,0
08962,1305,dynamics,265,1,0,0,3.535637045643439,0
08962,1305,articulation,264,2,7,4,20.116801640924397,0
08962,1305,pedal_depth,266,0,0,0,4.507431588360574,0
08962,1305,pedal_down_ratio,266,0,0,0,3.8860807152243515,0
08962,1305,pedal_changes,266,0,1,0,9.01870953536794,0
08963,1305,tempo,266,0,4,1,13.709557224612787,0
08963,1305,rubato,266,0,17,8,28.838128330831807,0
08963,1305,dynamics,265,1,0,0,4.073053876581244,0
08963,1305,articulation,265,1,5,1,11.021690577774036,0
08963,1305,pedal_depth,266,0,0,0,4.814944712149639,0
08963,1305,pedal_down_ratio,266,0,0,0,3.8815984998665054,0
08963,1305,pedal_changes,266,0,0,0,5.010394186315522,0
08966,1305,tempo,266,0,10,0,8.451464504017578,0
08966,1305,rubato,266,0,18,7,20.951809362647893,0
08966,1305,dynamics,265,1,0,0,2.915540702253668,0
08966,1305,articulation,265,1,6,0,8.011944323490582,0
08966,1305,pedal_depth,266,0,0,0,5.177915010686543,0
08966,1305,pedal_down_ratio,266,0,0,0,3.8860807152243515,0
08966,1305,pedal_changes,266,0,0,0,4.008315349052418,0
08967,1305,tempo,266,0,10,0,9.953480424221695,0
08967,1305,rubato,266,0,15,9,21.556418244304677,0
08967,1305,dynamics,265,1,0,0,3.0041258941664926,0
08967,1305,articulation,263,3,3,0,9.067237548789585,0
08967,1305,pedal_depth,266,0,0,0,5.2124989320026405,0
08967,1305,pedal_down_ratio,266,0,0,0,3.8860807152243515,0
08967,1305,pedal_changes,266,0,0,0,5.010394186315522,0
08968,1305,tempo,266,0,10,1,10.247712188582975,0
08968,1305,rubato,266,0,22,11,19.596205709369762,0
08968,1305,dynamics,266,0,0,0,2.8981344891058844,0
08968,1305,articulation,266,0,1,1,10.371543075635513,0
08968,1305,pedal_depth,266,0,0,0,3.160193430628556,0
08968,1305,pedal_down_ratio,266,0,0,0,3.8860807152243515,0
08968,1305,pedal_changes,266,0,0,0,5.511433604947074,0
08969,1305,tempo,266,0,12,5,13.44910319061377,0
08969,1305,rubato,266,0,30,16,30.273571195425717,0
08969,1305,dynamics,265,1,0,0,2.893782935818939,0
08969,1305,articulation,264,2,5,0,9.778390132884173,0
08969,1305,pedal_depth,266,0,0,0,4.373425954675979,0
08969,1305,pedal_down_ratio,266,0,0,0,3.8860807152243515,0
08969,1305,pedal_changes,266,0,0,0,5.010394186315522,0
08970,1305,tempo,266,0,4,3,14.457345961093104,0
08970,1305,rubato,266,0,19,9,30.001146667433677,0
08970,1305,dynamics,264,2,0,0,2.134436887246902,0
08970,1305,articulation,264,2,3,2,14.150881149395754,0
08970,1305,pedal_depth,266,0,0,0,4.373425954675979,0
08970,1305,pedal_down_ratio,266,0,0,0,3.8860807152243515,0
08970,1305,pedal_changes,266,0,0,0,3.006236511789313,0
08971,1305,tempo,266,0,6,4,11.84604478213965,0
08971,1305,rubato,266,0,26,11,24.68149400436263,0
08971,1305,dynamics,264,2,0,0,3.198391665905143,0
08971,1305,articulation,264,2,6,1,12.34506861886287,0
08971,1305,pedal_depth,266,0,0,0,5.0207287506300595,0
08971,1305,pedal_down_ratio,266,0,0,0,3.8860807152243515,0
08971,1305,pedal_changes,266,0,0,0,4.008315349052418,0
08974,1305,tempo,266,0,6,3,11.550337128663077,0
08974,1305,rubato,266,0,30,21,22.027919617354097,0
08974,1305,dynamics,264,2,0,0,3.2636649652093306,0
08974,1305,articulation,264,2,2,1,25.126250133754812,0
08974,1305,pedal_depth,266,0,0,0,4.814944712149639,0
08974,1305,pedal_down_ratio,266,0,0,0,3.8860807152243515,0
08974,1305,pedal_changes,266,0,0,0,4.008315349052418,0
08975,1305,tempo,266,0,9,0,8.518779626399395,0
08975,1305,rubato,266,0,21,9,19.894045898762865,0
08975,1305,dynamics,264,2,0,0,4.226446129946082,0
08975,1305,articulation,264,2,2,0,7.231907955697336,0
08975,1305,pedal_depth,266,0,0,0,3.6835881232234784,0
08975,1305,pedal_down_ratio,266,0,0,0,3.8860807152243515,0
08975,1305,pedal_changes,266,0,1,0,6.513512442210178,0
08976,1305,tempo,266,0,8,1,11.236158470739065,0
08976,1305,rubato,266,0,27,17,23.317730386297693,0
08976,1305,dynamics,265,1,0,0,4.405947703032595,0
08976,1305,articulation,265,1,1,0,6.10294623616526,0
08976,1305,pedal_depth,266,0,0,0,4.534791239902169,0
08976,1305,pedal_down_ratio,266,0,0,0,3.8860807152243515,0
08976,1305,pedal_changes,266,0,1,0,6.012473023578626,0
08977,1305,tempo,266,0,7,0,9.354330820973548,0
08977,1305,rubato,266,0,25,13,20.386203680335353,0
08977,1305,dynamics,266,0,0,0,4.133975622598485,0
08977,1305,articulation,266,0,1,0,8.247017469996079,0
08977,1305,pedal_depth,266,0,0,0,4.563492450281299,0
08977,1305,pedal_down_ratio,266,0,0,0,3.8860807152243515,0
08977,1305,pedal_changes,266,0,0,0,5.010394186315522,0
09029,1307,tempo,1858,0,2,0,9.002870147958271,0
09029,1307,rubato,1858,0,16,1,12.309300513292243,0
09029,1307,dynamics,1722,136,0,0,3.5946389887399715,0
09029,1307,articulation,1702,156,9,4,17.683369814140544,0
09029,1307,pedal_depth,1858,0,0,0,5.886563910256648,0
09029,1307,pedal_down_ratio,1858,0,0,0,2.8978895910140268,0
09029,1307,pedal_changes,1858,0,0,0,4.3157210086609545,0
09032,1307,tempo,1858,0,2,2,12.657750100524487,0
09032,1307,rubato,1858,0,10,2,17.257756014160258,0
09032,1307,dynamics,1726,132,0,0,3.0947223081867294,0
09032,1307,articulation,1720,138,11,2,18.858343627063718,0
09032,1307,pedal_depth,1858,0,0,0,5.883466000173106,0
09032,1307,pedal_down_ratio,1858,0,0,0,2.8978895910140268,0
09032,1307,pedal_changes,1858,0,4,0,9.710372269487147,0
09034,1307,tempo,1858,0,2,0,8.613766221970586,0
09034,1307,rubato,1858,0,13,2,11.72563270998514,0
09034,1307,dynamics,1721,137,0,0,4.174474322306826,0
09034,1307,articulation,1712,146,12,2,11.097929569550613,0
09034,1307,pedal_depth,1858,0,0,0,5.815839954193827,0
09034,1307,pedal_down_ratio,1858,0,0,0,2.8978895910140268,0
09034,1307,pedal_changes,1858,0,1,0,6.473581512991432,0
09039,1307,tempo,1858,0,7,0,7.277203865250199,0
09039,1307,rubato,1858,0,18,0,9.125554378666694,0
09039,1307,dynamics,1722,136,0,0,3.65018528657922,0
09039,1307,articulation,1706,152,10,1,10.743054454294018,0
09039,1307,pedal_depth,1858,0,1,0,6.0187180921310715,0
09039,1307,pedal_down_ratio,1858,0,0,0,2.8978895910140268,0
09039,1307,pedal_changes,1858,0,9,4,18.341814286809058,0
09040,1307,tempo,1853,5,4,1,12.943208380969585,0
09040,1307,rubato,1853,5,15,2,17.025014194091188,0
09040,1307,dynamics,1718,140,0,0,3.8981598305044387,0
09040,1307,articulation,1709,149,20,3,16.264881788309392,0
09040,1307,pedal_depth,1858,0,0,0,5.495248434583413,0
09040,1307,pedal_down_ratio,1858,0,0,0,2.8978895910140268,0
09040,1307,pedal_changes,1858,0,2,0,7.55251176515667,0
09042,1307,tempo,1858,0,6,0,9.650534847421211,0
09042,1307,rubato,1858,0,9,3,12.09690909857586,0
09042,1307,dynamics,1723,135,0,0,4.840463097420271,0
09042,1307,articulation,1709,149,10,1,10.156973891801453,0
09042,1307,pedal_depth,1858,0,0,0,5.886999743651232,0
09042,1307,pedal_down_ratio,1858,0,0,0,2.8978895910140268,0
09042,1307,pedal_changes,1858,0,0,0,4.855186134743573,0
09043,1307,tempo,1858,0,7,0,7.834727227565537,0
09043,1307,rubato,1858,0,10,2,11.322795188682248,0
09043,1307,dynamics,1723,135,0,0,2.7376389649344146,0
09043,1307,articulation,1694,164,14,2,10.557613952550897,0
09043,1307,pedal_depth,1858,0,0,0,5.13957949440401,0
09043,1307,pedal_down_ratio,1858,0,0,0,2.8978895910140268,0
09043,1307,pedal_changes,1858,0,5,0,8.631442017321909,0
09045,1307,tempo,1858,0,8,1,11.003176418084037,0
09045,1307,rubato,1858,0,13,4,15.340823584229597,0
09045,1307,dynamics,1722,136,0,0,4.072450509949022,0
09045,1307,articulation,1706,152,8,2,23.20268780247435,0
09045,1307,pedal_depth,1858,0,0,0,5.612961816256469,0
09045,1307,pedal_down_ratio,1858,0,0,0,2.8978895910140268,0
09045,1307,pedal_changes,1858,0,4,0,8.631442017321909,0
09047,1307,tempo,1858,0,3,0,7.401918540484849,0
09047,1307,rubato,1858,0,13,0,9.908245966055109,0
09047,1307,dynamics,1719,139,0,0,3.80888899469136,0
09047,1307,articulation,1691,167,7,2,13.41658511195161,0
09047,1307,pedal_depth,1858,0,0,0,5.883466000172608,0
09047,1307,pedal_down_ratio,1858,0,0,0,2.8978895910140268,0
09047,1307,pedal_changes,1858,0,0,0,4.855186134743573,0
09048,1307,tempo,1858,0,6,0,9.417382331549913,0
09048,1307,rubato,1858,0,20,2,14.06095075890944,0
09048,1307,dynamics,1723,135,0,0,3.8545163107736005,0
09048,1307,articulation,1696,162,11,3,11.228225024370598,0
09048,1307,pedal_depth,1858,0,0,0,5.545335770278108,0
09048,1307,pedal_down_ratio,1858,0,0,0,2.8978895910140268,0
09048,1307,pedal_changes,1858,0,0,0,5.934116386908812,0
09049,1307,tempo,1858,0,5,1,10.390103321679796,0
09049,1307,rubato,1858,0,12,2,13.727771932861165,0
09049,1307,dynamics,1726,132,0,0,4.99916680553241,0
09049,1307,articulation,1704,154,9,3,18.873612886257444,0
09049,1307,pedal_depth,1858,0,0,0,5.274831586362509,0
09049,1307,pedal_down_ratio,1858,0,0,0,2.8978895910140268,0
09049,1307,pedal_changes,1858,0,15,3,17.262884034643818,0
09050,1307,tempo,1858,0,7,0,8.903264698787783,0
09050,1307,rubato,1858,0,20,1,10.380952911701582,0
09050,1307,dynamics,1723,135,0,0,3.808888994691361,0
09050,1307,articulation,1713,145,13,6,14.62133170383097,0
09050,1307,pedal_depth,1858,0,0,0,5.647739997944581,0
09050,1307,pedal_down_ratio,1858,0,0,0,2.8978895910140268,0
09050,1307,pedal_changes,1858,0,0,0,4.855186134743573,0
09051,1307,tempo,1858,0,14,1,10.636970974159738,0
09051,1307,rubato,1858,0,22,3,13.624066409322115,0
09051,1307,dynamics,1716,142,1,0,6.794502503550993,0
09051,1307,articulation,1690,168,8,2,21.689609543831796,0
09051,1307,pedal_depth,1858,0,0,0,5.886563910256648,0
09051,1307,pedal_down_ratio,1858,0,0,0,2.8978895910140268,0
09051,1307,pedal_changes,1858,0,3,0,8.09197689123929,0
09053,1307,tempo,1858,0,6,0,8.740011272930133,0
09053,1307,rubato,1858,0,12,2,12.61539334800292,0
09053,1307,dynamics,1717,141,0,0,4.6420834622800955,0
09053,1307,articulation,1699,159,52,16,17.27243265035958,0
09053,1307,pedal_depth,1858,0,0,0,5.815839954193827,0
09053,1307,pedal_down_ratio,1858,0,0,0,2.8978895910140268,0
09053,1307,pedal_changes,1858,0,4,0,9.710372269487147,0
09054,1307,tempo,1858,0,6,1,10.755262938333626,0
09054,1307,rubato,1858,0,18,1,13.887252694665431,0
09054,1307,dynamics,1722,136,0,0,4.8801390244483045,0
09054,1307,articulation,1715,143,60,12,19.142321093812324,0
09054,1307,pedal_depth,1858,0,0,0,5.647739997944581,0
09054,1307,pedal_down_ratio,1858,0,0,0,2.8978895910140268,0
09054,1307,pedal_changes,1858,0,4,1,12.407697899900244,0
09055,1307,tempo,1858,0,7,1,10.433844538639164,0
09055,1307,rubato,1858,0,30,4,14.59529533359701,0
09055,1307,dynamics,1720,138,0,0,3.8207917727997702,0
09055,1307,articulation,1704,154,67,14,28.181192733760295,0
09055,1307,pedal_depth,1858,0,0,0,5.647739997944581,0
09055,1307,pedal_down_ratio,1858,0,0,0,2.8978895910140268,0
09055,1307,pedal_changes,1858,0,0,0,5.394651260826193,0
09056,1307,tempo,1853,5,8,3,11.910257519295852,0
09056,1307,rubato,1853,5,23,5,16.15721084882917,0
09056,1307,dynamics,1718,140,0,0,4.086620483887605,0
09056,1307,articulation,1697,161,53,19,22.745594134102117,0
09056,1307,pedal_depth,1858,0,0,0,5.647739997944581,0
09056,1307,pedal_down_ratio,1858,0,0,0,2.8978895910140268,0
09056,1307,pedal_changes,1858,0,0,0,5.394651260826193,0
09057,1307,tempo,1858,0,1,0,9.813671421538384,0
09057,1307,rubato,1858,0,5,1,13.341918495529344,0
09057,1307,dynamics,1717,141,0,0,5.633981637980971,0
09057,1307,articulation,1708,150,10,3,12.107204216013958,0
09057,1307,pedal_depth,1858,0,0,0,5.274831586361523,0
09057,1307,pedal_down_ratio,1858,0,0,0,2.8978895910140268,0
09057,1307,pedal_changes,1858,0,2,1,11.868232773817624,0
09058,1307,tempo,1858,0,5,0,9.980721352237302,0
09058,1307,rubato,1858,0,11,2,12.522959926350763,0
09058,1307,dynamics,1727,131,0,0,3.2534260162988713,0
09058,1307,articulation,1720,138,12,4,18.308678110027575,0
09058,1307,pedal_depth,1858,0,0,0,5.612961816257086,0
09058,1307,pedal_down_ratio,1858,0,0,0,2.8978895910140268,0
09058,1307,pedal_changes,1858,0,0,0,5.394651260826193,0
09062,1307,tempo,1858,0,5,0,8.755801647782306,0
09062,1307,rubato,1858,0,19,2,12.875148174046153,0
09062,1307,dynamics,1720,138,0,0,4.344514009569832,0
09062,1307,articulation,1686,172,8,1,11.102318703822657,0
09062,1307,pedal_depth,1858,0,0,0,5.815839954193176,0
09062,1307,pedal_down_ratio,1858,0,0,0,2.8978895910140268,0
09062,1307,pedal_changes,1858,0,1,0,6.473581512991432,0
09064,1307,tempo,1858,0,4,0,8.223568339378273,0
09064,1307,rubato,1858,0,14,2,10.958441272769804,0
09064,1307,dynamics,1720,138,0,0,4.5230556811959906,0
09064,1307,articulation,1701,157,5,2,11.491535948574029,0
09064,1307,pedal_depth,1858,0,0,0,5.495248434583413,0
09064,1307,pedal_down_ratio,1858,0,0,0,2.8978895910140268,0
09064,1307,pedal_changes,1858,0,0,0,4.3157210086609545,0
09065,1307,tempo,1858,0,1,0,6.588663253876909,0
09065,1307,rubato,1858,0,8,0,7.7743757653251855,0
09065,1307,dynamics,1725,133,0,0,5.594305710952935,0
09065,1307,articulation,1716,142,6,1,11.574439872173633,0
09065,1307,pedal_depth,1858,0,0,0,5.661912585714011,0
09065,1307,pedal_down_ratio,1858,0,0,0,2.8978895910140268,0
09065,1307,pedal_changes,1858,0,1,1,16.18395378247858,0
09066,1307,tempo,1858,0,5,0,8.105300946651305,0
09066,1307,rubato,1858,0,17,2,10.398118510708441,0
09066,1307,dynamics,1724,134,0,0,3.5410764872521234,0
09066,1307,articulation,1708,150,12,1,10.369005030468314,0
09066,1307,pedal_depth,1858,0,0,0,5.886563910256648,0
09066,1307,pedal_down_ratio,1858,0,0,0,2.8978895910140268,0
09066,1307,pedal_changes,1858,0,0,0,4.3157210086609545,0
09067,1307,tempo,1858,0,0,0,5.622355000247848,0
09067,1307,rubato,1858,0,6,0,6.9157960241200795,0
09067,1307,dynamics,1726,132,0,0,4.146134374429658,0
09067,1307,articulation,1711,147,15,7,17.140140213488216,0
09067,1307,pedal_depth,1858,0,0,0,5.255340804926907,0
09067,1307,pedal_down_ratio,1858,0,0,0,2.8978895910140268,0
09067,1307,pedal_changes,1858,0,3,0,6.473581512991432,0
09068,1307,tempo,1858,0,1,0,6.12785392487903,0
09068,1307,rubato,1858,0,9,0,7.855525317115506,0
09068,1307,dynamics,1725,133,0,0,4.215438428783822,0
09068,1307,articulation,1710,148,16,4,12.0486631329846,0
09068,1307,pedal_depth,1858,0,0,0,5.883466000172608,0
09068,1307,pedal_down_ratio,1858,0,0,0,2.8978895910140268,0
09068,1307,pedal_changes,1858,0,0,0,4.855186134743573,0
09070,1307,tempo,1858,0,4,1,11.752927715376249,0
09070,1307,rubato,1858,0,13,2,14.814633096301252,0
09070,1307,dynamics,1725,133,0,0,4.4318010490315105,0
09070,1307,articulation,1713,145,18,9,26.887282257592783,0
09070,1307,pedal_depth,1858,0,0,0,2.643377910008476,0
09070,1307,pedal_down_ratio,1858,0,0,0,2.8978895910140268,0
09070,1307,pedal_changes,1858,0,3,0,9.710372269487147,0
09071,1307,tempo,1858,0,1,0,6.02347686048003,0
09071,1307,rubato,1858,0,6,0,9.010739690003348,0
09071,1307,dynamics,1728,130,0,0,3.927916775775466,0
09071,1307,articulation,1712,146,11,5,21.677139794778114,0
09071,1307,pedal_depth,1858,0,0,0,5.815839954192929,0
09071,1307,pedal_down_ratio,1858,0,0,0,2.8978895910140268,0
09071,1307,pedal_changes,1858,0,1,1,10.249837395569767,0
09072,1307,tempo,1857,1,2,0,7.106185258702686,0
09072,1307,rubato,1857,1,6,0,8.680352387371492,0
09072,1307,dynamics,1723,135,0,0,4.463541790653937,0
09072,1307,articulation,1708,150,16,6,18.193720293275135,0
09072,1307,pedal_depth,1858,0,0,0,5.495248434583413,0
09072,1307,pedal_down_ratio,1858,0,0,0,2.8978895910140268,0
09072,1307,pedal_changes,1858,0,0,0,5.394651260826193,0
09076,1307,tempo,1858,0,7,1,10.362774498691543,0
09076,1307,rubato,1858,0,13,5,14.211436047796951,0
09076,1307,dynamics,1723,135,0,0,4.046944556859571,0
09076,1307,articulation,1702,156,11,5,17.64844515780619,0
09076,1307,pedal_depth,1858,0,0,0,5.815839954194051,0
09076,1307,pedal_down_ratio,1858,0,0,0,2.8978895910140268,0
09076,1307,pedal_changes,1858,0,0,0,4.3157210086609545,0
09077,1307,tempo,1858,0,2,0,7.054455992079146,0
09077,1307,rubato,1858,0,8,0,9.290456449112268,0
09077,1307,dynamics,1720,138,0,0,4.707548741876353,0
09077,1307,articulation,1712,146,13,1,13.91490173786972,0
09077,1307,pedal_depth,1858,0,0,0,4.801449264509221,0
09077,1307,pedal_down_ratio,1858,0,0,0,2.8978895910140268,0
09077,1307,pedal_changes,1858,0,1,0,7.013046639074051,0
09078,1307,tempo,1858,0,4,0,8.779662654664808,0
09078,1307,rubato,1858,0,10,1,13.286380516841989,0
09078,1307,dynamics,1722,136,0,0,4.746232770728688,0
09078,1307,articulation,1708,150,12,5,20.242712940264795,0
09078,1307,pedal_depth,1858,0,0,0,5.883466000173106,0
09078,1307,pedal_down_ratio,1858,0,0,0,2.8978895910140268,0
09078,1307,pedal_changes,1858,0,8,2,11.868232773817624,0
09079,1308,tempo,929,0,14,0,9.226410346062545,0
09079,1308,rubato,929,0,18,1,11.386301305135687,0
09079,1308,dynamics,783,146,0,0,4.0420804408056545,0
09079,1308,articulation,760,169,10,1,10.753234602891855,0
09079,1308,pedal_depth,929,0,0,0,4.524191661736661,0
09079,1308,pedal_down_ratio,929,0,0,0,2.6235443324042698,0
09079,1308,pedal_changes,929,0,4,0,7.890278018799962,0
09083,1308,tempo,929,0,2,0,7.024165207775567,0
09083,1308,rubato,929,0,3,0,7.721083833200203,0
09083,1308,dynamics,779,150,0,0,3.237555645487658,0
09083,1308,articulation,760,169,11,5,14.959895607501988,0
09083,1308,pedal_depth,929,0,0,0,4.29218183292971,0
09083,1308,pedal_down_ratio,929,0,0,0,2.6235443324042698,0
09083,1308,pedal_changes,929,0,0,0,4.508730296457121,0
09085,1308,tempo,929,0,12,1,11.276586003433083,0
09085,1308,rubato,929,0,17,2,11.769221424610155,0
09085,1308,dynamics,778,151,0,0,3.4778429785511933,0
09085,1308,articulation,752,177,6,3,12.221563475551347,0
09085,1308,pedal_depth,929,0,0,0,4.29218183292971,0
09085,1308,pedal_down_ratio,929,0,0,0,2.6235443324044083,0
09085,1308,pedal_changes,929,0,1,0,7.3266867317428215,0
09089,1308,tempo,929,0,12,0,8.297929350682502,0
09089,1308,rubato,929,0,16,0,9.165499443481295,0
09089,1308,dynamics,778,151,0,0,3.5410764872521256,0
09089,1308,articulation,759,170,14,5,12.04998273553737,0
09089,1308,pedal_depth,929,0,0,0,4.350184290131461,0
09089,1308,pedal_down_ratio,929,0,0,0,2.6235443324042698,0
09089,1308,pedal_changes,929,0,0,0,4.508730296457121,0
09091,1308,tempo,929,0,6,0,7.78308341473369,0
09091,1308,rubato,929,0,9,0,8.597822199898726,0
09091,1308,dynamics,783,146,0,0,2.8265378389316065,0
09091,1308,articulation,754,175,19,9,12.833828165805034,0
09091,1308,pedal_depth,929,0,0,0,4.350184290131461,0
09091,1308,pedal_down_ratio,929,0,0,0,2.6235443324042698,0
09091,1308,pedal_changes,929,0,0,0,3.381547722342841,0
09092,1308,tempo,929,0,7,1,10.201429206083143,0
09092,1308,rubato,929,0,10,1,11.584293549344842,0
09092,1308,dynamics,785,144,0,0,3.364022662889519,0
09092,1308,articulation,759,170,20,6,11.939073951114626,0
09092,1308,pedal_depth,929,0,0,0,5.104216233754162,0
09092,1308,pedal_down_ratio,929,0,0,0,2.6235443324042698,0
09092,1308,pedal_changes,929,0,0,0,3.381547722342841,0
09093,1308,tempo,929,0,9,1,11.8668541416734,0
09093,1308,rubato,929,0,8,1,12.766848809453142,0
09093,1308,dynamics,777,152,0,0,3.2249089437474705,0
09093,1308,articulation,762,167,17,7,13.32274008932478,0
09093,1308,pedal_depth,929,0,0,0,4.29218183292971,0
09093,1308,pedal_down_ratio,929,0,0,0,2.6235443324042698,0
09093,1308,pedal_changes,929,0,2,0,7.890278018799962,0
09094,1308,tempo,929,0,13,1,12.080830052640303,0
09094,1308,rubato,929,0,15,1,12.771915072939914,0
09094,1308,dynamics,781,148,0,0,3.604309995953056,0
09094,1308,articulation,746,183,20,11,13.07142143182857,0
09094,1308,pedal_depth,929,0,0,0,4.29218183292971,0
09094,1308,pedal_down_ratio,929,0,0,0,2.6235443324042698,0
09094,1308,pedal_changes,929,0,0,0,5.072321583514261,0
09096,1308,tempo,929,0,8,0,9.654041156158407,0
09096,1308,rubato,929,0,21,2,10.833131903018794,0
09096,1308,dynamics,779,150,0,0,3.372453797382978,0
09096,1308,articulation,742,187,21,10,18.732657375759096,0
09096,1308,pedal_depth,929,0,0,0,4.051121444229295,0
09096,1308,pedal_down_ratio,929,0,0,0,2.6235443324042698,0
09096,1308,pedal_changes,929,0,0,0,4.508730296457121,0
09098,1308,tempo,929,0,4,1,11.228956147193623,0
09098,1308,rubato,929,0,6,1,13.289619730141968,0
09098,1308,dynamics,776,153,0,0,3.6534916138315587,0
09098,1308,articulation,754,175,14,5,12.275442849094448,0
09098,1308,pedal_depth,929,0,0,0,4.524191661736655,0
09098,1308,pedal_down_ratio,929,0,0,0,2.6235443324042698,0
09098,1308,pedal_changes,929,0,1,0,7.890278018799962,0
09099,1308,tempo,929,0,2,0,9.43177673068809,0
09099,1308,rubato,929,0,11,1,10.505657515801053,0
09099,1308,dynamics,780,149,0,0,3.778202144880616,0
09099,1308,articulation,759,170,14,9,12.256832514100912,0
09099,1308,pedal_depth,929,0,0,0,4.050075434166973,0
09099,1308,pedal_down_ratio,929,0,0,0,2.6235443324043333,0
09099,1308,pedal_changes,929,0,1,0,7.3266867317428215,0
09100,1308,tempo,929,0,5,0,9.430254764364413,0
09100,1308,rubato,929,0,16,1,10.478364667022642,0
09100,1308,dynamics,776,153,0,0,5.058680696074463,0
09100,1308,articulation,755,174,15,5,12.188887484006404,0
09100,1308,pedal_depth,929,0,0,0,4.065798674990223,0
09100,1308,pedal_down_ratio,929,0,0,0,2.6235443324042698,0
09100,1308,pedal_changes,929,0,3,0,7.890278018799962,0
09101,1308,tempo,929,0,9,2,14.229102709676624,0
09101,1308,rubato,929,0,12,3,17.23400308770807,0
09101,1308,dynamics,780,149,0,0,4.184251604324451,0
09101,1308,articulation,759,170,15,7,12.533906546769476,0
09101,1308,pedal_depth,929,0,0,0,3.1804210731557507,0
09101,1308,pedal_down_ratio,929,0,0,0,2.6235443324042698,0
09101,1308,pedal_changes,929,0,0,0,5.635912870571401,0
09102,1308,tempo,929,0,11,0,8.666430154066822,0
09102,1308,rubato,929,0,23,0,9.946467404353061,0
09102,1308,dynamics,785,144,0,0,4.5991838661810345,0
09102,1308,articulation,761,168,12,4,13.126463180603169,0
09102,1308,pedal_depth,929,0,0,0,4.350184290131461,0
09102,1308,pedal_down_ratio,929,0,0,0,2.6235443324042698,0
09102,1308,pedal_changes,929,0,0,0,5.635912870571401,0
09103,1308,tempo,929,0,37,3,12.113737352674658,0
09103,1308,rubato,929,0,36,3,11.535357364360149,0
09103,1308,dynamics,775,154,0,0,5.0376028598408205,0
09103,1308,articulation,749,180,18,4,13.767595867473672,0
09103,1308,pedal_depth,929,0,0,0,3.4221449749032793,0
09103,1308,pedal_down_ratio,929,0,0,0,2.6235443324042698,0
09103,1308,pedal_changes,929,0,0,0,4.508730296457121,0
09105,1308,tempo,929,0,9,0,9.490855663790292,0
09105,1308,rubato,929,0,9,3,11.322617986688705,0
09105,1308,dynamics,780,149,0,0,3.0409569184356724,0
09105,1308,articulation,766,163,21,8,31.222671340047224,0
09105,1308,pedal_depth,929,0,0,0,4.872206404947173,0
09105,1308,pedal_down_ratio,929,0,0,0,2.6235443324042698,0
09105,1308,pedal_changes,929,0,0,0,5.072321583514261,0
09106,1308,tempo,929,0,5,0,8.378221200730025,0
09106,1308,rubato,929,0,6,0,9.211537937873866,0
09106,1308,dynamics,780,149,0,0,2.9087414002428162,0
09106,1308,articulation,760,169,16,5,20.625911618279414,0
09106,1308,pedal_depth,929,0,0,0,4.451758414439916,0
09106,1308,pedal_down_ratio,929,0,0,0,2.6235443324042698,0
09106,1308,pedal_changes,929,0,1,0,6.1995041576285415,0
09107,1308,tempo,929,0,6,2,14.692341017110152,0
09107,1308,rubato,929,0,8,2,16.198260899593134,0
09107,1308,dynamics,780,149,0,0,2.445029003102658,0
09107,1308,articulation,762,167,17,4,12.320699191107101,0
09107,1308,pedal_depth,929,0,0,0,4.3501842901313825,0
09107,1308,pedal_down_ratio,929,0,0,0,2.6235443324042698,0
09107,1308,pedal_changes,929,0,0,0,5.072321583514261,0
09108,1308,tempo,929,0,8,0,9.790195084734625,0
09108,1308,rubato,929,0,11,1,11.682397051407822,0
09108,1308,dynamics,774,155,0,0,3.1300586806960746,0
09108,1308,articulation,743,186,20,6,12.983617655431292,0
09108,1308,pedal_depth,929,0,0,0,4.350184290131461,0
09108,1308,pedal_down_ratio,929,0,0,0,2.6235443324042698,0
09108,1308,pedal_changes,929,0,0,0,3.945139009399981,0
09109,1308,tempo,929,0,8,1,11.716035001265833,0
09109,1308,rubato,929,0,10,2,13.296048229030651,0
09109,1308,dynamics,776,153,0,0,3.6991602590044517,0
09109,1308,articulation,749,180,19,5,12.592844470503103,0
09109,1308,pedal_depth,929,0,0,0,4.451758414439916,0
09109,1308,pedal_down_ratio,929,0,0,0,2.6235443324042698,0
09109,1308,pedal_changes,929,0,0,0,4.508730296457121,0
09110,1308,tempo,929,0,1,0,6.802134776853135,0
09110,1308,rubato,929,0,3,0,8.718794152864458,0
09110,1308,dynamics,775,154,0,0,3.7940105220558484,0
09110,1308,articulation,758,171,19,7,23.2033363645175,0
09110,1308,pedal_depth,929,0,0,0,4.3501842901313825,0
09110,1308,pedal_down_ratio,929,0,0,0,2.6235443324042698,0
09110,1308,pedal_changes,929,0,0,0,5.635912870571401,0
09111,1308,tempo,929,0,3,1,10.271887510992086,0
09111,1308,rubato,929,0,6,1,11.995860166484508,0
09111,1308,dynamics,777,152,0,0,4.299878591663294,0
09111,1308,articulation,751,178,21,12,17.462935980973473,0
09111,1308,pedal_depth,929,0,0,0,4.350184290131461,0
09111,1308,pedal_down_ratio,929,0,0,0,2.6235443324042698,0
09111,1308,pedal_changes,929,0,0,0,5.072321583514261,0
09112,1308,tempo,929,0,5,0,8.284171479869602,0
09112,1308,rubato,929,0,9,0,9.243376051698872,0
09112,1308,dynamics,779,150,0,0,3.2628490489680293,0
09112,1308,articulation,762,167,11,5,19.963664379961852,0
09112,1308,pedal_depth,929,0,0,0,3.6114533824505317,0
09112,1308,pedal_down_ratio,929,0,0,0,2.6235443324042698,0
09112,1308,pedal_changes,929,0,0,0,3.945139009399981,0
09117,1308,tempo,929,0,14,2,18.79928100280525,0
09117,1308,rubato,929,0,18,2,20.812622194419287,0
09117,1308,dynamics,774,155,0,0,3.0352084176446783,0
09117,1308,articulation,751,178,17,5,16.11458114209285,0
09117,1308,pedal_depth,929,0,0,0,4.594851216793132,0
09117,1308,pedal_down_ratio,929,0,0,0,2.6235443324042698,0
09117,1308,pedal_changes,929,0,0,0,5.635912870571401,0
09120,1308,tempo,929,0,3,0,7.175786684382842,0
09120,1308,rubato,929,0,4,0,8.063444444680966,0
09120,1308,dynamics,779,150,0,0,4.763590988803454,0
09120,1308,articulation,765,164,8,1,15.163228167555308,0
09120,1308,pedal_depth,929,0,0,0,4.234179375727906,0
09120,1308,pedal_down_ratio,929,0,0,0,2.6235443324042698,0
09120,1308,pedal_changes,929,0,1,0,6.763095444685682,0
09121,1308,tempo,929,0,6,2,15.09969994101861,0
09121,1308,rubato,929,0,9,2,18.205829870792787,0
09121,1308,dynamics,778,151,0,0,5.526608660461352,0
09121,1308,articulation,766,163,5,3,15.152291478393167,0
09121,1308,pedal_depth,929,0,0,0,3.904628381983451,0
09121,1308,pedal_down_ratio,929,0,0,0,2.6235443324042698,0
09121,1308,pedal_changes,929,0,1,0,6.1995041576285415,0
09122,1308,tempo,929,0,3,1,14.071967055733174,0
09122,1308,rubato,929,0,5,1,16.008344581966885,0
09122,1308,dynamics,773,156,0,0,4.236645082962363,0
09122,1308,articulation,761,168,13,6,13.357823020011793,0
09122,1308,pedal_depth,929,0,0,0,4.234179375727906,0
09122,1308,pedal_down_ratio,929,0,0,0,2.6235443324042698,0
09122,1308,pedal_changes,929,0,0,0,3.381547722342841,0
09123,1308,tempo,929,0,5,0,7.843613268577927,0
09123,1308,rubato,929,0,12,0,9.015107389850414,0
09123,1308,dynamics,785,144,0,0,2.86658572777553,0
09123,1308,articulation,747,182,12,6,13.466259769563838,0
09123,1308,pedal_depth,929,0,0,0,4.444926686829242,0
09123,1308,pedal_down_ratio,929,0,0,0,2.6235443324042698,0
09123,1308,pedal_changes,929,0,0,0,5.635912870571401,0
09124,1308,tempo,928,1,3,1,12.706752737889474,0
09124,1308,rubato,928,1,9,1,14.993552961799267,0
09124,1308,dynamics,779,150,0,0,3.865675165250238,0
09124,1308,articulation,758,171,14,6,28.68328577237234,0
09124,1308,pedal_depth,929,0,0,0,4.640196576140159,0
09124,1308,pedal_down_ratio,929,0,0,0,2.6235443324042698,0
09124,1308,pedal_changes,929,0,0,0,5.635912870571401,0
09125,1308,tempo,929,0,4,1,10.588363727222333,0
09125,1308,rubato,929,0,8,1,12.006326622363419,0
09125,1308,dynamics,774,155,1,0,6.973752673874081,0
09125,1308,articulation,759,170,14,5,25.285870513356404,0
09125,1308,pedal_depth,929,0,0,0,4.5821941189384034,0
09125,1308,pedal_down_ratio,929,0,0,0,2.6235443324042698,0
09125,1308,pedal_changes,929,0,0,0,5.635912870571401,0
09128,1308,tempo,928,1,5,0,9.562325588658824,0
09128,1308,rubato,928,1,10,2,11.117822296090765,0
09128,1308,dynamics,776,153,0,0,4.4685012815324425,0
09128,1308,articulation,760,169,19,9,32.621078979742315,0
09128,1308,pedal_depth,929,0,0,0,4.350184290131386,0
09128,1308,pedal_down_ratio,929,0,0,0,2.6235443324042698,0
09128,1308,pedal_changes,929,0,0,0,5.635912870571401,0
09129,1308,tempo,929,0,6,0,8.551847638930035,0
09129,1308,rubato,929,0,17,1,10.563885650979223,0
09129,1308,dynamics,778,151,0,0,5.0460339943342785,0
09129,1308,articulation,761,168,15,5,20.573515006780273,0
09129,1308,pedal_depth,929,0,0,0,4.58219411893849,0
09129,1308,pedal_down_ratio,929,0,0,0,2.62354433240434,0
09129,1308,pedal_changes,929,0,0,0,5.635912870571401,0
09131,1308,tempo,929,0,14,1,10.621014365978272,0
09131,1308,rubato,929,0,21,1,12.322615012332859,0
09131,1308,dynamics,775,154,0,0,5.38538715769594,0
09131,1308,articulation,739,190,24,6,14.672815798392463,0
09131,1308,pedal_depth,929,0,0,0,4.350184290131461,0
09131,1308,pedal_down_ratio,929,0,0,0,2.6235443324042698,0
09131,1308,pedal_changes,929,0,0,0,4.508730296457121,0
09132,1308,tempo,929,0,7,1,11.453250582262488,0
09132,1308,rubato,929,0,11,1,12.763104880329367,0
09132,1308,dynamics,777,152,0,0,4.835105076024744,0
09132,1308,articulation,762,167,15,4,12.831658056161316,0
09132,1308,pedal_depth,929,0,0,0,3.103550500311894,0
09132,1308,pedal_down_ratio,929,0,0,0,2.6235443324042698,0
09132,1308,pedal_changes,929,0,0,0,5.635912870571401,0
09133,1308,tempo,929,0,3,0,6.647505608512118,0
09133,1308,rubato,929,0,5,0,7.827656090594932,0
09133,1308,dynamics,779,150,0,0,3.9520942938081736,0
09133,1308,articulation,755,174,15,8,16.526854992056656,0
09133,1308,pedal_depth,929,0,0,0,4.29218183292971,0
09133,1308,pedal_down_ratio,929,0,0,0,2.6235443324042698,0
09133,1308,pedal_changes,929,0,1,0,6.763095444685682,0
09134,1308,tempo,929,0,3,0,8.312260503950721,0
09134,1308,rubato,929,0,9,0,8.729324337708416,0
09134,1308,dynamics,780,149,0,0,4.21135167948199,0
09134,1308,articulation,763,166,12,5,17.606121093173325,0
09134,1308,pedal_depth,929,0,0,0,4.3807522955101055,0
09134,1308,pedal_down_ratio,929,0,0,0,2.6235443324042698,0
09134,1308,pedal_changes,929,0,0,0,5.635912870571401,0
09135,1308,tempo,929,0,11,0,8.067132064011254,0
09135,1308,rubato,929,0,23,0,9.176514452680388,0
09135,1308,dynamics,774,155,0,0,4.7312214545875015,0
09135,1308,articulation,741,188,14,6,14.022327985505658,0
09135,1308,pedal_depth,929,0,0,0,4.524191661736655,0
09135,1308,pedal_down_ratio,929,0,0,0,2.6235443324042698,0
09135,1308,pedal_changes,929,0,0,0,4.508730296457121,0
09136,1309,tempo,839,2,24,6,18.205987330723474,0
09136,1309,rubato,839,2,27,15,22.867517563501305,0
09136,1309,dynamics,798,43,3,0,6.693023690190825,0
09136,1309,articulation,781,60,13,4,11.707526285103143,0
09136,1309,pedal_depth,841,0,0,0,2.8219833190424146,0
09136,1309,pedal_down_ratio,841,0,0,0,2.3410506812440675,0
09136,1309,pedal_changes,841,0,1,0,9.675220242281904,0
09140,1309,tempo,840,1,37,10,16.053607886989305,0
09140,1309,rubato,840,1,58,34,22.507303796053822,0
09140,1309,dynamics,792,49,0,0,4.131255901794144,0
09140,1309,articulation,782,59,12,3,15.088440436766822,0
09140,1309,pedal_depth,841,0,0,0,5.385953218281401,0
09140,1309,pedal_down_ratio,841,0,0,0,2.3410506812440675,0
09140,1309,pedal_changes,841,0,4,2,13.476199623178367,0
09142,1309,tempo,838,3,37,22,19.24196758796844,0
09142,1309,rubato,838,3,67,31,24.285535623492905,0
09142,1309,dynamics,788,53,1,0,6.537371976465458,0
09142,1309,articulation,776,65,12,1,13.466225475149194,0
09142,1309,pedal_depth,841,0,0,0,4.991105213671558,0
09142,1309,pedal_down_ratio,841,0,0,0,2.3410506812440808,0
09142,1309,pedal_changes,841,0,6,4,23.842507025623267,0
09144,1309,tempo,840,1,30,5,19.215970032480588,0
09144,1309,rubato,840,1,52,21,26.855949447963418,0
09144,1309,dynamics,792,49,0,0,4.381595741369112,0
09144,1309,articulation,780,61,11,4,23.85121944282839,0
09144,1309,pedal_depth,841,0,0,0,3.3772173637214222,0
09144,1309,pedal_down_ratio,841,0,0,0,2.3410506812440675,0
09144,1309,pedal_changes,841,0,1,0,6.565328021548435,0
09145,1309,tempo,836,5,51,15,20.824401140491755,0
09145,1309,rubato,836,5,70,40,28.237093936320967,0
09145,1309,dynamics,792,49,1,0,6.641139785615704,0
09145,1309,articulation,775,66,27,9,14.82685318681991,0
09145,1309,pedal_depth,841,0,0,0,4.82517982707151,0
09145,1309,pedal_down_ratio,841,0,0,0,2.3410506812440675,0
09145,1309,pedal_changes,841,0,4,1,10.020763822363401,0
09146,1309,tempo,838,3,88,56,33.0797131099346,0
09146,1309,rubato,838,3,119,81,45.90478265485353,0
09146,1309,dynamics,786,55,0,0,4.82520312548641,0
09146,1309,articulation,757,84,39,7,18.17535615344967,0
09146,1309,pedal_depth,841,0,0,0,5.717396493252522,0
09146,1309,pedal_down_ratio,841,0,0,0,2.3410506812440675,0
09146,1309,pedal_changes,841,0,5,3,12.094025302852382,0
09147,1309,tempo,831,10,84,58,33.46424029077988,0
09147,1309,rubato,831,10,108,73,45.522521110369624,0
09147,1309,dynamics,785,56,1,0,6.226068549014722,0
09147,1309,articulation,762,79,29,10,19.607424232948095,0
09147,1309,pedal_depth,841,0,1,0,6.546004680680541,0
09147,1309,pedal_down_ratio,841,0,0,0,2.3410506812440675,0
09147,1309,pedal_changes,841,0,7,3,18.313809744319318,0
09149,1309,tempo,839,2,52,16,17.132765584305123,0
09149,1309,rubato,839,2,87,39,23.549924649124417,0
09149,1309,dynamics,785,56,0,0,5.1267783208293105,0
09149,1309,articulation,766,75,15,3,12.342144280028613,0
09149,1309,pedal_depth,841,0,0,0,3.6458760246830497,0
09149,1309,pedal_down_ratio,841,0,0,0,2.341050681244077,0
09149,1309,pedal_changes,841,0,6,3,19.00489690448231,0
09154,1309,tempo,836,5,46,18,22.038754543075186,0
09154,1309,rubato,836,5,78,35,29.28069052244742,0
09154,1309,dynamics,797,44,2,0,6.630763004700679,0
09154,1309,articulation,775,66,22,5,14.79925868850561,0
09154,1309,pedal_depth,841,0,0,0,5.634535674509677,0
09154,1309,pedal_down_ratio,841,0,0,0,2.3410506812440675,0
09154,1309,pedal_changes,841,0,6,2,10.366307402444898,0
09158,1310,tempo,218,0,1,0,8.633909932895799,0
09158,1310,rubato,218,0,4,1,11.514898316924274,0
09158,1310,dynamics,218,0,0,0,2.5941952287561345,0
09158,1310,articulation,218,0,7,2,14.99787858304527,0
09158,1310,pedal_depth,218,0,2,0,7.185689823196192,0
09158,1310,pedal_down_ratio,218,0,0,0,3.813762551169372,0
09158,1310,pedal_changes,218,0,0,0,3.4391693185659045,0
09159,1310,tempo,218,0,3,0,8.137223060829482,0
09159,1310,rubato,218,0,5,3,10.910924294454924,0
09159,1310,dynamics,218,0,0,0,3.6672487097416244,0
09159,1310,articulation,216,2,11,6,20.837678556825825,0
09159,1310,pedal_depth,218,0,0,0,5.663584660627047,0
09159,1310,pedal_down_ratio,218,0,0,0,3.707161372708509,0
09159,1310,pedal_changes,218,0,0,0,5.002428099732224,0
09161,1310,tempo,217,1,3,1,10.728155558837543,0
09161,1310,rubato,217,1,8,3,16.839012840720137,0
09161,1310,dynamics,218,0,0,0,5.065166184146351,0
09161,1310,articulation,215,3,8,5,24.489014774940426,0
09161,1310,pedal_depth,218,0,2,0,7.64908503115143,0
09161,1310,pedal_down_ratio,218,0,0,0,3.8384167789669674,0
09161,1310,pedal_changes,218,0,0,0,4.377124587265697,0
09162,1310,tempo,218,0,2,0,7.611301309652289,0
09162,1310,rubato,218,0,8,2,12.516457520043597,0
09162,1310,dynamics,217,1,0,0,3.3724537973829736,0
09162,1310,articulation,216,2,7,2,15.176505662642988,0
09162,1310,pedal_depth,218,0,0,0,2.5791087616365123,0
09162,1310,pedal_down_ratio,218,0,0,0,2.5546506719550734,0
09162,1310,pedal_changes,218,0,0,0,2.8138658060993764,0
09163,1310,tempo,218,0,1,0,9.407512342257483,0
09163,1310,rubato,218,0,3,1,14.809237667112486,0
09163,1310,dynamics,218,0,0,0,3.145461714866813,0
09163,1310,articulation,217,1,4,2,15.279949628860408,0
09163,1310,pedal_depth,218,0,3,0,7.758011582331254,0
09163,1310,pedal_down_ratio,218,0,0,0,3.8659718168633463,0
09163,1310,pedal_changes,218,0,0,0,2.1885622936328484,0
09164,1310,tempo,218,0,4,0,9.222911299833246,0
09164,1310,rubato,218,0,7,3,15.430472544097139,0
09164,1310,dynamics,218,0,0,0,2.7887598709128443,0
09164,1310,articulation,217,1,5,2,24.908351370411157,0
09164,1310,pedal_depth,218,0,1,0,6.717242415535926,0
09164,1310,pedal_down_ratio,218,0,0,0,3.8367284597010345,0
09164,1310,pedal_changes,218,0,0,0,4.68977634349896,0
09165,1310,tempo,218,0,4,0,9.626868650959493,0
09165,1310,rubato,218,0,8,3,16.513553253526158,0
09165,1310,dynamics,218,0,0,0,2.5241931352817604,0
09165,1310,articulation,216,2,5,0,7.786458460622286,0
09165,1310,pedal_depth,218,0,0,0,2.687282540509601,0
09165,1310,pedal_down_ratio,218,0,0,0,3.6400604584966474,0
09165,1310,pedal_changes,218,0,0,0,2.8138658060993764,0
09166,1310,tempo,217,1,1,0,8.951007438979476,0
09166,1310,rubato,217,1,6,1,14.174652667372047,0
09166,1310,dynamics,218,0,0,0,2.6909628285589426,0
09166,1310,articulation,218,0,4,2,34.79515608854037,0
09166,1310,pedal_depth,218,0,0,0,2.7815126651548394,0
09166,1310,pedal_down_ratio,218,0,0,0,3.8659718168633463,0
09166,1310,pedal_changes,218,0,0,0,5.627731612198753,0
09167,1310,tempo,218,0,4,2,11.624873209423379,0
09167,1310,rubato,218,0,7,3,18.666887839286037,0
09167,1310,dynamics,217,1,0,0,3.7615830816963935,0
09167,1310,articulation,217,1,5,2,12.502023450115757,0
09167,1310,pedal_depth,218,0,0,0,4.983306714464351,0
09167,1310,pedal_down_ratio,218,0,0,0,3.819647535833332,0
09167,1310,pedal_changes,218,0,1,0,6.565686880898545,0
09169,1310,tempo,218,0,4,1,18.369480963458308,0
09169,1310,rubato,218,0,5,1,24.286613858266993,0
09169,1310,dynamics,217,1,0,0,4.371218960454087,0
09169,1310,articulation,217,1,6,2,10.3417798780438,0
09169,1310,pedal_depth,218,0,0,0,4.843846332492535,0
09169,1310,pedal_down_ratio,218,0,0,0,3.7743545314367823,0
09169,1310,pedal_changes,218,0,0,0,3.4391693185659045,0
09170,1310,tempo,218,0,3,1,12.350093684086737,0
09170,1310,rubato,218,0,8,2,18.59988775170692,0
09170,1310,dynamics,218,0,0,0,3.8834316454713025,0
09170,1310,articulation,216,2,8,3,15.837430835787957,0
09170,1310,pedal_depth,218,0,1,0,6.586064830583245,0
09170,1310,pedal_down_ratio,218,0,0,0,3.8570357363851717,0
09170,1310,pedal_changes,218,0,0,0,4.0644728310324325,0
09171,1310,tempo,218,0,2,1,11.188547651185738,0
09171,1310,rubato,218,0,4,2,18.216151186314768,0
09171,1310,dynamics,218,0,0,0,2.7632811677732745,0
09171,1310,articulation,217,1,11,6,18.536545697991937,0
09171,1310,pedal_depth,218,0,0,0,4.902399895842895,0
09171,1310,pedal_down_ratio,218,0,0,0,3.326887001992176,0
09171,1310,pedal_changes,218,0,0,0,4.0644728310324325,0
09172,1310,tempo,218,0,1,0,7.221733056365476,0
09172,1310,rubato,218,0,5,1,11.593047569867261,0
09172,1310,dynamics,218,0,0,0,2.7779507241263595,0
09172,1310,articulation,217,1,6,3,27.093747235153312,0
09172,1310,pedal_depth,218,0,2,0,7.758011582331254,0
09172,1310,pedal_down_ratio,218,0,0,0,3.8280018857761267,0
09172,1310,pedal_changes,218,0,0,0,4.377124587265697,0
09173,1310,tempo,218,0,1,0,8.943981090461666,0
09173,1310,rubato,218,0,1,1,13.45973707234124,0
09173,1310,dynamics,218,0,0,0,3.956147723853104,0
09173,1310,articulation,217,1,6,2,35.843662440280184,0
09173,1310,pedal_depth,218,0,0,0,3.464798207950456,0
09173,1310,pedal_down_ratio,218,0,0,0,3.6427978210721124,0
09173,1310,pedal_changes,218,0,0,0,5.627731612198753,0
09174,1310,tempo,218,0,3,1,17.532301936345856,0
09174,1310,rubato,218,0,4,2,27.577600713862942,0
09174,1310,dynamics,218,0,0,0,2.659050109475037,0
09174,1310,articulation,215,3,8,3,17.811808626594406,0
09174,1310,pedal_depth,218,0,0,0,3.521082092264113,0
09174,1310,pedal_down_ratio,218,0,0,0,3.8570357363851717,0
09174,1310,pedal_changes,218,0,0,0,3.4391693185659045,0
09177,1310,tempo,218,0,5,2,20.978928232714395,0
09177,1310,rubato,218,0,10,5,29.520018994749073,0
09177,1310,dynamics,218,0,0,0,3.1163097735335676,0
09177,1310,articulation,217,1,14,5,15.396922210328809,0
09177,1310,pedal_depth,218,0,0,0,2.681402244617373,0
09177,1310,pedal_down_ratio,218,0,0,0,3.8384167789669674,0
09177,1310,pedal_changes,218,0,0,0,3.12651756233264,0
09179,1310,tempo,218,0,3,2,16.672869237256247,0
09179,1310,rubato,218,0,6,3,24.884674226547318,0
09179,1310,dynamics,218,0,0,0,4.28042212744762,0
09179,1310,articulation,218,0,3,1,14.051970405843369,0
09179,1310,pedal_depth,218,0,0,0,4.564508897484829,0
09179,1310,pedal_down_ratio,218,0,0,0,3.8570357363851717,0
09179,1310,pedal_changes,218,0,0,0,2.8138658060993764,0
09180,1310,tempo,218,0,5,0,9.679961705687878,0
09180,1310,rubato,218,0,8,5,14.428202725283779,0
09180,1310,dynamics,218,0,0,0,4.266524653007857,0
09180,1310,articulation,218,0,4,0,9.405899929102825,0
09180,1310,pedal_depth,218,0,0,0,2.307936381113367,0
09180,1310,pedal_down_ratio,218,0,0,0,3.2371927233961024,0
09180,1310,pedal_changes,218,0,0,0,4.68977634349896,0
09182,1310,tempo,218,0,1,0,8.802347934127308,0
09182,1310,rubato,218,0,2,1,12.475196100050935,0
09182,1310,dynamics,218,0,0,0,4.11365243417044,0
09182,1310,articulation,218,0,6,3,15.632099879548562,0
09182,1310,pedal_depth,218,0,0,0,5.201495791334452,0
09182,1310,pedal_down_ratio,218,0,0,0,3.1681233294657756,0
09182,1310,pedal_changes,218,0,0,0,4.0644728310324325,0
09225,1315,tempo,640,1,23,10,21.897234129172933,0
09225,1315,rubato,640,1,30,12,27.253983846726957,0
09225,1315,dynamics,592,49,0,0,3.723948981898956,0
09225,1315,articulation,582,59,5,2,11.437908425007732,0
09225,1315,pedal_depth,641,0,0,0,3.7329039803653994,0
09225,1315,pedal_down_ratio,641,0,0,0,2.5450312818097522,0
09225,1315,pedal_changes,641,0,4,1,18.8595553955133,0
09226,1315,tempo,641,0,10,6,29.08340005107112,0
09226,1315,rubato,641,0,13,8,36.21160215698345,0
09226,1315,dynamics,596,45,0,0,2.8062615542167144,0
09226,1315,articulation,595,46,8,0,8.26437814985768,0
09226,1315,pedal_depth,641,0,0,0,3.267033959469016,0
09226,1315,pedal_down_ratio,641,0,0,0,2.5450312818097456,0
09226,1315,pedal_changes,641,0,1,0,7.715272661800895,0
09227,1315,tempo,638,3,16,5,25.15389162462341,0
09227,1315,rubato,638,3,19,7,33.435630514383575,0
09227,1315,dynamics,597,44,0,0,3.9012798857989064,0
09227,1315,articulation,591,50,10,2,13.852436227968328,0
09227,1315,pedal_depth,641,0,0,0,3.6788039226789917,0
09227,1315,pedal_down_ratio,641,0,0,0,2.5450312818097456,0
09227,1315,pedal_changes,641,0,6,2,19.28818165450224,0
09228,1315,tempo,641,0,16,8,29.290078165266973,0
09228,1315,rubato,641,0,21,13,37.03698274538636,0
09228,1315,dynamics,598,43,1,0,6.915905252098061,0
09228,1315,articulation,595,46,13,2,12.822696237920916,0
09228,1315,pedal_depth,641,0,0,0,4.328004614916445,0
09228,1315,pedal_down_ratio,641,0,0,0,2.5450312818097456,0
09228,1315,pedal_changes,641,0,3,0,8.572525179778772,0
09233,1315,tempo,641,0,19,5,25.685603511760863,0
09233,1315,rubato,641,0,28,15,33.45875764265852,0
09233,1315,dynamics,594,47,0,0,2.3433012301064857,0
09233,1315,articulation,587,54,5,0,8.906053099564287,0
09233,1315,pedal_depth,641,0,0,0,4.149356735778325,0
09233,1315,pedal_down_ratio,641,0,0,0,2.5450312818097456,0
09233,1315,pedal_changes,641,0,6,1,10.715656474723465,0
09234,1315,tempo,641,0,10,2,27.286384274482167,0
09234,1315,rubato,641,0,17,6,33.78847087490602,0
09234,1315,dynamics,594,47,0,0,2.3939672026493284,0
09234,1315,articulation,586,55,10,2,12.045571285326691,0
09234,1315,pedal_depth,641,0,0,0,4.5985049033485454,0
09234,1315,pedal_down_ratio,641,0,0,0,2.5450312818097456,0
09234,1315,pedal_changes,641,0,4,2,29.575211870236764,0
09235,1315,tempo,641,0,17,6,26.875233971870735,0
09235,1315,rubato,641,0,23,10,33.733397418203516,0
09235,1315,dynamics,594,47,0,0,3.624200348455234,0
09235,1315,articulation,587,54,3,1,24.562189322402993,0
09235,1315,pedal_depth,641,0,0,0,4.003404268797586,0
09235,1315,pedal_down_ratio,641,0,0,0,2.545031281809747,0
09235,1315,pedal_changes,641,0,5,4,17.145050359557544,0
09236,1315,tempo,641,0,9,5,19.769450143972485,0
09236,1315,rubato,641,0,15,7,25.35506866500641,0
09236,1315,dynamics,597,44,0,0,2.859460825386698,0
09236,1315,articulation,589,52,5,0,7.964861204196518,0
09236,1315,pedal_depth,641,0,0,0,4.70670501872182,0
09236,1315,pedal_down_ratio,641,0,0,0,2.5450312818097456,0
09236,1315,pedal_changes,641,0,4,3,19.716807913491177,0
09237,1315,tempo,641,0,12,7,21.705910611512962,0
09237,1315,rubato,641,0,18,9,27.294143609841257,0
09237,1315,dynamics,595,46,0,0,3.469774686309028,0
09237,1315,articulation,591,50,5,3,13.822156894502132,0
09237,1315,pedal_depth,641,0,0,0,3.7870040380519066,0
09237,1315,pedal_down_ratio,641,0,0,0,2.5450312818097456,0
09237,1315,pedal_changes,641,0,3,0,9.00115143876771,0
09238,1315,tempo,640,1,6,2,23.629747684257524,0
09238,1315,rubato,640,1,11,3,29.049831122095735,0
09238,1315,dynamics,597,44,0,0,4.122943515673843,0
09238,1315,articulation,592,49,7,1,13.200124969409732,0
09238,1315,pedal_depth,641,0,0,0,3.851507952985566,0
09238,1315,pedal_down_ratio,641,0,0,0,2.5450312818097456,0
09238,1315,pedal_changes,641,0,2,0,8.143898920789834,0
09239,1315,tempo,638,3,6,3,15.097966464398844,0
09239,1315,rubato,638,3,8,4,19.201683274213178,0
09239,1315,dynamics,599,42,0,0,3.005758821104158,0
09239,1315,articulation,595,46,5,1,11.46748472014296,0
09239,1315,pedal_depth,641,0,0,0,3.6247038649925356,0
09239,1315,pedal_down_ratio,641,0,0,0,2.5450312818097456,0
09239,1315,pedal_changes,641,0,3,0,8.143898920789834,0
09240,1315,tempo,641,0,9,5,38.53893053268472,0
09240,1315,rubato,641,0,12,7,50.20195797731887,0
09240,1315,dynamics,595,46,0,0,3.210243519663788,0
09240,1315,articulation,590,51,3,3,15.035754693508716,0
09240,1315,pedal_depth,641,0,0,0,3.6449913866245147,0
09240,1315,pedal_down_ratio,641,0,0,0,2.5450312818097456,0
09240,1315,pedal_changes,641,0,8,0,9.42977769775665,0
09241,1315,tempo,641,0,7,5,19.049758927553412,0
09241,1315,rubato,641,0,12,6,24.81686465338711,0
09241,1315,dynamics,596,45,0,0,3.515605505929347,0
09241,1315,articulation,592,49,5,3,13.702093228417743,0
09241,1315,pedal_depth,641,0,0,0,3.799977011068491,0
09241,1315,pedal_down_ratio,641,0,0,0,2.5450312818097456,0
09241,1315,pedal_changes,641,0,4,0,9.00115143876771,0
09242,1315,tempo,639,2,12,7,23.263820852245136,0
09242,1315,rubato,639,2,15,9,27.98787150351403,0
09242,1315,dynamics,596,45,0,0,4.388939871523769,0
09242,1315,articulation,592,49,6,2,12.205864230881929,0
09242,1315,pedal_depth,641,0,0,0,4.003404268797586,0
09242,1315,pedal_down_ratio,641,0,0,0,2.5450312818097456,0
09242,1315,pedal_changes,641,0,3,1,12.43016151067922,0
09243,1315,tempo,639,2,10,3,16.76432932285513,0
09243,1315,rubato,639,2,15,5,21.938284555084692,0
09243,1315,dynamics,588,53,0,0,3.3515540837090616,0
09243,1315,articulation,580,61,4,1,18.95509357745756,0
09243,1315,pedal_depth,641,0,0,0,4.5985049033485454,0
09243,1315,pedal_down_ratio,641,0,0,0,2.5450312818097456,0
09243,1315,pedal_changes,641,0,4,1,10.287030215734527,0
09244,1315,tempo,641,0,13,2,10.962499605631702,0
09244,1315,rubato,641,0,19,6,13.669308820124327,0
09244,1315,dynamics,594,47,0,0,4.654936227373694,0
09244,1315,articulation,591,50,2,0,8.71342882577298,0
09244,1315,pedal_depth,641,0,0,0,4.003404268797586,0
09244,1315,pedal_down_ratio,641,0,0,0,2.5450312818097456,0
09244,1315,pedal_changes,641,0,4,2,15.43054532360179,0
09245,1315,tempo,641,0,9,7,20.3781420928017,0
09245,1315,rubato,641,0,12,7,26.48993280781662,0
09245,1315,dynamics,595,46,0,0,3.453756081599942,0
09245,1315,articulation,590,51,8,3,16.717111623573576,0
09245,1315,pedal_depth,641,0,0,0,3.354203576560271,0
09245,1315,pedal_down_ratio,641,0,0,0,2.5450312818097456,0
09245,1315,pedal_changes,641,0,3,0,9.00115143876771,0
09249,1315,tempo,641,0,30,23,42.98179737965663,0
09249,1315,rubato,641,0,33,26,55.29130764052736,0
09249,1315,dynamics,593,48,1,0,6.084666640067045,0
09249,1315,articulation,591,50,22,8,14.531712059142695,0
09249,1315,pedal_depth,641,0,0,0,3.5744594907045957,0
09249,1315,pedal_down_ratio,641,0,0,0,2.5450312818097456,0
09249,1315,pedal_changes,641,0,4,0,9.858403956745589,0
09251,1315,tempo,641,0,32,13,26.299555917956557,0
09251,1315,rubato,641,0,41,21,34.96894806107431,0
09251,1315,dynamics,594,47,0,0,5.785420739735877,0
09251,1315,articulation,589,52,6,3,18.026642003241165,0
09251,1315,pedal_depth,641,0,0,0,4.5985049033485454,0
09251,1315,pedal_down_ratio,641,0,0,0,2.5450312818097456,0
09251,1315,pedal_changes,641,0,1,0,9.42977769775665,0
09252,1315,tempo,639,2,10,4,19.246698644601558,0
09252,1315,rubato,639,2,12,7,24.478304441730273,0
09252,1315,dynamics,598,43,0,0,5.785420739735878,0
09252,1315,articulation,593,48,11,1,22.92198875976261,0
09252,1315,pedal_depth,641,0,0,0,4.003404268797586,0
09252,1315,pedal_down_ratio,641,0,0,0,2.5450312818097456,0
09252,1315,pedal_changes,641,0,1,0,6.000767625845141,0
09253,1315,tempo,641,0,27,21,42.68391364832,0
09253,1315,rubato,641,0,34,24,55.352493341965584,0
09253,1315,dynamics,599,42,1,0,7.447897963797913,0
09253,1315,articulation,598,43,18,4,15.082336394159938,0
09253,1315,pedal_depth,641,0,0,0,4.5985049033485454,0
09253,1315,pedal_down_ratio,641,0,0,0,2.5450312818097456,0
09253,1315,pedal_changes,641,0,4,1,11.144282733712403,0
09255,1316,tempo,537,0,15,2,10.866359652876952,0
09255,1316,rubato,537,0,35,9,15.417951489486658,0
09255,1316,dynamics,521,16,0,0,3.9346947218391013,0
09255,1316,articulation,515,22,8,2,15.465753376871872,0
09255,1316,pedal_depth,537,0,0,0,4.321614654430668,0
09255,1316,pedal_down_ratio,537,0,0,0,2.541414383749619,0
09255,1316,pedal_changes,537,0,1,0,7.340750231532273,0
09257,1316,tempo,537,0,1,0,6.064335923192744,0
09257,1316,rubato,537,0,7,0,8.5141598531528,0
09257,1316,dynamics,527,10,0,0,3.4342863336230662,0
09257,1316,articulation,527,10,4,0,7.136597554349919,0
09257,1316,pedal_depth,537,0,0,0,1.9282675999415375,0
09257,1316,pedal_down_ratio,537,0,0,0,2.569298240624556,0
09257,1316,pedal_changes,537,0,2,1,10.705260754317898,0
09258,1316,tempo,537,0,4,1,10.892454533138926,0
09258,1316,rubato,537,0,6,2,13.43240176300246,0
09258,1316,dynamics,530,7,0,0,2.7950330358793654,0
09258,1316,articulation,529,8,11,0,8.014430716317703,0
09258,1316,pedal_depth,537,0,0,0,3.450330528061061,0
09258,1316,pedal_down_ratio,537,0,0,0,2.569298240624556,0
09258,1316,pedal_changes,537,0,2,1,11.316989940278921,0
09259,1316,tempo,537,0,5,0,8.227374341528341,0
09259,1316,rubato,537,0,11,1,10.067231802488644,0
09259,1316,dynamics,531,6,0,0,2.8052338863752775,0
09259,1316,articulation,529,8,2,1,13.013645258298798,0
09259,1316,pedal_depth,537,0,0,0,3.7529194235187715,0
09259,1316,pedal_down_ratio,537,0,0,0,2.569298240624556,0
09259,1316,pedal_changes,537,0,0,0,5.505562673649204,0
09263,1316,tempo,537,0,1,0,6.195614897177682,0
09263,1316,rubato,537,0,9,0,8.553259861584184,0
09263,1316,dynamics,530,7,0,0,2.419058831887252,0
09263,1316,articulation,529,8,0,0,4.9600898045651824,0
09263,1316,pedal_depth,537,0,0,0,4.479757751763001,0
09263,1316,pedal_down_ratio,537,0,0,0,2.569298240624556,0
09263,1316,pedal_changes,537,0,2,0,6.117291859610227,0
09264,1316,tempo,537,0,4,0,6.464813236535347,0
09264,1316,rubato,537,0,15,1,10.3219497656403,0
09264,1316,dynamics,530,7,0,0,2.295191361579772,0
09264,1316,articulation,529,8,1,0,7.5077192871928995,0
09264,1316,pedal_depth,537,0,0,0,5.610319451688493,0
09264,1316,pedal_down_ratio,537,0,0,0,2.569298240624556,0
09264,1316,pedal_changes,537,0,3,0,7.340750231532273,0
09265,1316,tempo,537,0,0,0,5.856493233877044,0
09265,1316,rubato,537,0,11,1,10.380862220225632,0
09265,1316,dynamics,530,7,0,0,2.550212623977523,0
09265,1316,articulation,529,8,2,0,7.893865106647218,0
09265,1316,pedal_depth,537,0,0,0,4.150599914389253,0
09265,1316,pedal_down_ratio,537,0,0,0,2.569298240624556,0
09265,1316,pedal_changes,537,0,1,0,6.423156452590739,0
09266,1316,tempo,537,0,1,0,6.286877603925451,0
09266,1316,rubato,537,0,8,0,8.51203550015241,0
09266,1316,dynamics,530,7,0,0,2.074172934168386,0
09266,1316,articulation,529,8,0,0,5.540399789228298,0
09266,1316,pedal_depth,537,0,0,0,4.201429632635015,0
09266,1316,pedal_down_ratio,537,0,0,0,2.569298240624556,0
09266,1316,pedal_changes,537,0,1,0,7.646614824512785,0
09267,1316,tempo,537,0,1,0,6.008064942934199,0
09267,1316,rubato,537,0,4,1,10.036840168193573,0
09267,1316,dynamics,530,7,0,0,2.9752480613071124,0
09267,1316,articulation,529,8,1,0,7.631873411368637,0
09267,1316,pedal_depth,537,0,0,0,4.576839552693241,0
09267,1316,pedal_down_ratio,537,0,0,0,2.551964469394116,0
09267,1316,pedal_changes,537,0,0,0,5.811427266629716,0
09268,1316,tempo,537,0,1,0,6.365100571962632,0
09268,1316,rubato,537,0,4,1,10.301294320341773,0
09268,1316,dynamics,530,7,0,0,4.23335295580269,0
09268,1316,articulation,529,8,4,1,13.717583391566079,0
09268,1316,pedal_depth,537,0,0,0,2.202311729417284,0
09268,1316,pedal_down_ratio,537,0,0,0,2.530228001502587,0
09268,1316,pedal_changes,537,0,4,1,10.093531568356875,0
09269,1316,tempo,537,0,0,0,5.376278046026856,0
09269,1316,rubato,537,0,4,0,8.307664679974804,0
09269,1316,dynamics,530,7,0,0,2.992249478800295,0
09269,1316,articulation,528,9,2,1,10.744812213039394,0
09269,1316,pedal_depth,537,0,0,0,4.576839552693241,0
09269,1316,pedal_down_ratio,537,0,0,0,2.551964469394116,0
09269,1316,pedal_changes,537,0,1,0,7.646614824512785,0
09270,1316,tempo,537,0,2,0,6.443439509700315,0
09270,1316,rubato,537,0,4,0,8.318485651513381,0
09270,1316,dynamics,531,6,0,0,5.049420995475499,0
09270,1316,articulation,528,9,1,0,6.882032120265566,0
09270,1316,pedal_depth,537,0,0,0,2.390046030348605,0
09270,1316,pedal_down_ratio,537,0,0,0,2.569298240624556,0
09270,1316,pedal_changes,537,0,1,0,8.870073196434829,0
09271,1316,tempo,537,0,5,1,10.079844735940592,0
09271,1316,rubato,537,0,9,1,12.455941150719289,0
09271,1316,dynamics,531,6,0,0,4.13134445084359,0
09271,1316,articulation,529,8,5,0,8.14313185892212,0
09271,1316,pedal_depth,537,0,0,0,3.1523817236304055,0
09271,1316,pedal_down_ratio,537,0,0,0,2.569298240624556,0
09271,1316,pedal_changes,537,0,0,0,5.505562673649204,0
09272,1316,tempo,537,0,3,1,15.075404063745628,0
09272,1316,rubato,537,0,14,2,19.82507416912914,0
09272,1316,dynamics,530,7,0,0,3.162263653732131,0
09272,1316,articulation,528,9,2,0,7.11248897736504,0
09272,1316,pedal_depth,537,0,0,0,4.24555897718316,0
09272,1316,pedal_down_ratio,537,0,0,0,2.569298240624556,0
09272,1316,pedal_changes,537,0,1,0,6.72902104557125,0
09273,1316,tempo,537,0,0,0,5.896815157633229,0
09273,1316,rubato,537,0,5,0,8.437337735453172,0
09273,1316,dynamics,532,5,0,0,2.5859156007132102,0
09273,1316,articulation,529,8,2,1,14.48643726679656,0
09273,1316,pedal_depth,537,0,0,0,4.769177100839085,0
09273,1316,pedal_down_ratio,537,0,0,0,2.569298240624556,0
09273,1316,pedal_changes,537,0,3,0,7.952479417493295,0
09274,1316,tempo,537,0,0,0,5.89564354426982,0
09274,1316,rubato,537,0,5,0,9.72773500259185,0
09274,1316,dynamics,531,6,0,0,2.8708107824204125,0
09274,1316,articulation,529,8,1,0,7.428044430500872,0
09274,1316,pedal_depth,537,0,0,0,4.717188674779015,0
09274,1316,pedal_down_ratio,537,0,0,0,2.569298240624556,0
09274,1316,pedal_changes,537,0,4,0,7.646614824512785,0
09275,1316,tempo,537,0,0,0,5.8112963065466,0
09275,1316,rubato,537,0,7,0,8.284996515888855,0
09275,1316,dynamics,531,6,0,0,4.577631660039657,0
09275,1316,articulation,528,9,3,0,7.833579428738258,0
09275,1316,pedal_depth,537,0,0,0,4.424057949504184,0
09275,1316,pedal_down_ratio,537,0,0,0,2.569298240624556,0
09275,1316,pedal_changes,537,0,0,0,5.505562673649204,0
09281,1316,tempo,537,0,2,1,12.609408572961675,0
09281,1316,rubato,537,0,3,1,16.401290315366808,0
09281,1316,dynamics,532,5,0,0,2.9582466438139288,0
09281,1316,articulation,530,7,1,0,6.0865844786822345,0
09281,1316,pedal_depth,537,0,0,0,3.0454554366948288,0
09281,1316,pedal_down_ratio,537,0,0,0,2.5692982406247076,0
09281,1316,pedal_changes,537,0,0,0,5.199698080668694,0
09282,1316,tempo,537,0,5,0,7.514470207309422,0
09282,1316,rubato,537,0,19,2,11.236896275925222,0
09282,1316,dynamics,529,8,0,0,3.2260189693315686,0
09282,1316,articulation,528,9,1,0,6.150472338896339,0
09282,1316,pedal_depth,537,0,0,0,4.967765720279423,0
09282,1316,pedal_down_ratio,537,0,0,0,2.5692982406245894,0
09282,1316,pedal_changes,537,0,1,0,6.423156452590739,0
09295,1317,tempo,1083,10,65,22,23.574374532015746,0
09295,1317,rubato,1083,10,85,31,27.87096329970995,0
09295,1317,dynamics,1039,54,0,0,5.6922932277039955,0
09295,1317,articulation,1027,66,30,6,27.634453570416376,0
09295,1317,pedal_depth,1093,0,0,0,4.160659712888603,0
09295,1317,pedal_down_ratio,1093,0,0,0,2.42852158405359,0
09295,1317,pedal_changes,1093,0,0,0,4.658403463335187,0
09300,1317,tempo,1086,7,82,24,21.666993513936518,0
09300,1317,rubato,1086,7,129,36,25.38935151312793,0
09300,1317,dynamics,1047,46,0,0,5.068900253036233,0
09300,1317,articulation,1029,64,39,4,13.2676915135967,0
09300,1317,pedal_depth,1093,0,0,0,4.998855565947608,0
09300,1317,pedal_down_ratio,1093,0,0,0,2.42852158405359,0
09300,1317,pedal_changes,1093,0,0,0,4.658403463335187,0
09303,1317,tempo,1089,4,55,27,20.61442707145883,0
09303,1317,rubato,1089,4,87,32,25.910460088734744,0
09303,1317,dynamics,1045,48,0,0,4.006066329012506,0
09303,1317,articulation,1035,58,28,3,14.184741377197772,0
09303,1317,pedal_depth,1093,0,0,0,4.307292503482816,0
09303,1317,pedal_down_ratio,1093,0,0,0,2.42852158405359,0
09303,1317,pedal_changes,1093,0,3,1,10.093207503892906,0
09311,1317,tempo,1090,3,55,21,20.213710815382072,0
09311,1317,rubato,1090,3,83,27,24.81521058623005,0
09311,1317,dynamics,1047,46,0,0,3.9611002783807336,0
09311,1317,articulation,1040,53,30,8,20.779723396175847,0
09311,1317,pedal_depth,1093,0,0,0,2.1481803601539355,0
09311,1317,pedal_down_ratio,1093,0,0,0,2.42852158405359,0
09311,1317,pedal_changes,1093,0,0,0,4.658403463335187,0
09313,1317,tempo,1090,3,51,18,22.85146337898374,0
09313,1317,rubato,1090,3,73,25,28.089117939016234,0
09313,1317,dynamics,1052,41,0,0,4.50682462013907,0
09313,1317,articulation,1045,48,25,5,15.733702044808526,0
09313,1317,pedal_depth,1093,0,0,0,4.0800465388119305,0
09313,1317,pedal_down_ratio,1093,0,0,0,2.42852158405359,0
09313,1317,pedal_changes,1093,0,1,0,6.21120461778025,0
10426,1495,tempo,3045,22,42,4,11.167247132472886,0
10426,1495,rubato,3045,22,42,4,10.983544580168681,0
10426,1495,dynamics,2809,258,3,0,7.419398354242549,0
10426,1495,articulation,2687,380,79,20,17.33227518075569,0
10426,1495,pedal_depth,3067,0,0,0,5.285463195902625,0
10426,1495,pedal_down_ratio,3067,0,0,0,2.9912456141445007,0
10426,1495,pedal_changes,3067,0,0,0,5.094940497212534,0
10427,1495,tempo,3052,15,52,3,10.380576636997484,0
10427,1495,rubato,3052,15,42,0,9.625781840015172,0
10427,1495,dynamics,2834,233,3,0,7.294492658043182,0
10427,1495,articulation,2710,357,78,26,18.866414523813507,0
10427,1495,pedal_depth,3067,0,0,0,4.495947751024031,0
10427,1495,pedal_down_ratio,3067,0,0,0,2.9912456141445007,0
10427,1495,pedal_changes,3067,0,1,0,6.368675621515667,0
10428,1495,tempo,3047,20,57,7,10.852644206932206,0
10428,1495,rubato,3047,20,61,7,11.077395443101173,0
10428,1495,dynamics,2801,266,5,0,6.984726531468742,0
10428,1495,articulation,2680,387,81,22,19.474912999280754,0
10428,1495,pedal_depth,3067,0,0,0,4.953959046854289,0
10428,1495,pedal_down_ratio,3067,0,0,0,2.9912456141445007,0
10428,1495,pedal_changes,3067,0,1,0,6.368675621515667,0
10429,1495,tempo,3057,10,31,1,10.325158762469801,0
10429,1495,rubato,3057,10,30,0,9.867767017485537,0
10429,1495,dynamics,2827,240,0,0,5.24603924037352,0
10429,1495,articulation,2721,346,59,11,17.38536491519833,0
10429,1495,pedal_depth,3067,0,0,0,5.285463195902625,0
10429,1495,pedal_down_ratio,3067,0,0,0,2.9912456141445087,0
10429,1495,pedal_changes,3067,0,1,0,7.005543183667234,0
10431,1495,tempo,3053,14,37,6,10.63488215209515,0
10431,1495,rubato,3053,14,35,5,10.73738656907297,0
10431,1495,dynamics,2836,231,5,0,7.494341771962172,0
10431,1495,articulation,2735,332,51,14,20.23536727715004,0
10431,1495,pedal_depth,3067,0,0,0,5.285463195902625,0
10431,1495,pedal_down_ratio,3067,0,0,0,2.9912456141445007,0
10431,1495,pedal_changes,3067,0,1,0,7.005543183667234,0
10432,1495,tempo,3050,17,35,2,10.782712474203572,0
10432,1495,rubato,3050,17,32,2,10.816541918012422,0
10432,1495,dynamics,2817,250,3,0,6.819851012485575,0
10432,1495,articulation,2714,353,60,17,22.16812345960339,0
10432,1495,pedal_depth,3067,0,0,0,4.9683354041493555,0
10432,1495,pedal_down_ratio,3067,0,0,0,2.9912456141445007,0
10432,1495,pedal_changes,3067,0,1,0,6.368675621515667,0
10433,1495,tempo,3041,26,46,6,10.669037181714566,0
10433,1495,rubato,3041,26,53,11,11.809836680975476,0
10433,1495,dynamics,2798,269,7,0,8.348696733965859,0
10433,1495,articulation,2676,391,82,27,20.039319297488124,0
10433,1495,pedal_depth,3067,0,0,0,4.660429661949524,0
10433,1495,pedal_down_ratio,3067,0,0,0,2.9912456141445007,0
10433,1495,pedal_changes,3067,0,1,0,7.6424107458188,0
10434,1495,tempo,3050,17,54,6,11.276053630275118,0
10434,1495,rubato,3050,17,61,7,11.896085547594184,0
10434,1495,dynamics,2807,260,1,0,7.469360632722297,0
10434,1495,articulation,2690,377,59,19,19.653246285649374,0
10434,1495,pedal_depth,3067,0,0,0,5.020346107182642,0
10434,1495,pedal_down_ratio,3067,0,0,0,2.9912456141445007,0
10434,1495,pedal_changes,3067,0,1,0,8.279278307970367,0
10435,1495,tempo,3055,12,44,3,10.443403217688552,0
10435,1495,rubato,3055,12,42,3,10.436848568876089,0
10435,1495,dynamics,2817,250,4,0,8.093889113719145,0
10435,1495,articulation,2721,346,88,14,19.93187484454584,0
10435,1495,pedal_depth,3067,0,0,0,5.0211900361085675,0
10435,1495,pedal_down_ratio,3067,0,0,0,2.9912456141445007,0
10435,1495,pedal_changes,3067,0,0,0,5.094940497212534,0
10462,1503,tempo,1450,1,18,2,10.14027381412835,0
10462,1503,rubato,1450,1,16,3,11.270832741596253,0
10462,1503,dynamics,1377,74,2,0,6.7283968245970875,0
10462,1503,articulation,1354,97,15,3,13.103046109735724,0
10462,1503,pedal_depth,1451,0,0,0,4.548315020364805,0
10462,1503,pedal_down_ratio,1451,0,0,0,2.743810151472315,0
10462,1503,pedal_changes,1451,0,1,0,6.699419849081398,0
10463,1503,tempo,1450,1,14,0,9.041777192603258,0
10463,1503,rubato,1450,1,15,0,9.028493126329373,0
10463,1503,dynamics,1395,56,0,0,4.886672008416781,0
10463,1503,articulation,1371,80,9,3,17.44065748634817,0
10463,1503,pedal_depth,1451,0,0,0,4.021714455446302,0
10463,1503,pedal_down_ratio,1451,0,0,0,2.743810151472315,0
10463,1503,pedal_changes,1451,0,0,0,4.689593894356978,0
10464,1503,tempo,1448,3,17,1,11.011215876033896,0
10464,1503,rubato,1448,3,17,1,11.370698043617322,0
10464,1503,dynamics,1389,62,0,0,5.676286692703638,0
10464,1503,articulation,1362,89,20,6,16.237284401680554,0
10464,1503,pedal_depth,1451,0,0,0,4.308930019293294,0
10464,1503,pedal_down_ratio,1451,0,0,0,2.743810151472315,0
10464,1503,pedal_changes,1451,0,1,0,6.699419849081398,0
10465,1503,tempo,1444,7,5,1,11.528516206225342,0
10465,1503,rubato,1444,7,7,1,12.540908438595208,0
10465,1503,dynamics,1402,49,1,0,7.240617671007792,0
10465,1503,articulation,1377,74,11,3,12.967872772742306,0
10465,1503,pedal_depth,1451,0,0,0,4.404684019721966,0
10465,1503,pedal_down_ratio,1451,0,0,0,2.743810151472315,0
10465,1503,pedal_changes,1451,0,1,0,6.699419849081398,0
10467,1503,tempo,1435,16,20,3,12.211726376712733,0
10467,1503,rubato,1435,16,22,5,12.769982586440738,0
10467,1503,dynamics,1367,84,4,0,7.6160571058007855,0
10467,1503,articulation,1333,118,20,4,12.903618557682647,0
10467,1503,pedal_depth,1451,0,0,0,3.8780370173637677,0
10467,1503,pedal_down_ratio,1451,0,0,0,2.743810151472315,0
10467,1503,pedal_changes,1451,0,0,0,5.024564886811048,0
10468,1503,tempo,1451,0,9,2,11.12020429503802,0
10468,1503,rubato,1451,0,13,2,11.557460264257307,0
10468,1503,dynamics,1395,56,1,0,7.1512273293904105,0
10468,1503,articulation,1361,90,13,2,14.424434817074031,0
10468,1503,pedal_depth,1451,0,0,0,4.085898067676936,0
10468,1503,pedal_down_ratio,1451,0,0,0,2.743810151472315,0
10468,1503,pedal_changes,1451,0,4,0,6.699419849081398,0
10469,1503,tempo,1451,0,9,1,11.045175716585696,0
10469,1503,rubato,1451,0,11,2,11.892473044133517,0
10469,1503,dynamics,1385,66,0,0,5.571997960816692,0
10469,1503,articulation,1361,90,20,7,14.244026167428874,0
10469,1503,pedal_depth,1451,0,0,0,4.0763845896804085,0
10469,1503,pedal_down_ratio,1451,0,0,0,2.743810151472315,0
10469,1503,pedal_changes,1451,0,0,0,5.359535879265118,0
10470,1503,tempo,1449,2,8,2,10.623351868251254,0
10470,1503,rubato,1449,2,9,3,11.252416627436652,0
10470,1503,dynamics,1391,60,0,0,5.050554301381977,0
10470,1503,articulation,1361,90,22,4,12.13471465675376,0
10470,1503,pedal_depth,1451,0,0,0,4.213176018864646,0
10470,1503,pedal_down_ratio,1451,0,0,0,2.743810151472315,0
10470,1503,pedal_changes,1451,0,0,0,5.359535879265118,0
10472,1503,tempo,1447,4,15,0,8.34269878705545,0
10472,1503,rubato,1447,4,18,0,8.413682716830413,0
10472,1503,dynamics,1393,58,6,0,7.508788695859932,0
10472,1503,articulation,1362,89,15,1,14.780224107007557,0
10472,1503,pedal_depth,1451,0,0,0,4.548315020364805,0
10472,1503,pedal_down_ratio,1451,0,0,0,2.743810151472315,0
10472,1503,pedal_changes,1451,0,3,0,8.039303818897677,0
10473,1503,tempo,1445,6,10,0,7.5349644323452,0
10473,1503,rubato,1445,6,12,0,7.903252758418659,0
10473,1503,dynamics,1382,69,1,0,6.607436084551348,0
10473,1503,articulation,1357,94,17,5,14.050200707195325,0
10473,1503,pedal_depth,1451,0,0,0,4.548315020364805,0
10473,1503,pedal_down_ratio,1451,0,0,0,2.743810151472315,0
10473,1503,pedal_changes,1451,0,3,1,10.719071758530236,0
10474,1503,tempo,1448,3,18,2,10.957878559731006,0
10474,1503,rubato,1448,3,18,2,11.276002828267599,0
10474,1503,dynamics,1366,85,1,0,6.44248962085261,0
10474,1503,articulation,1343,108,28,6,13.26011598322582,0
10474,1503,pedal_depth,1451,0,0,0,3.881587703982751,0
10474,1503,pedal_down_ratio,1451,0,0,0,2.743810151472315,0
10474,1503,pedal_changes,1451,0,0,0,5.359535879265118,0
10475,1503,tempo,1448,3,13,2,11.334188780539513,0
10475,1503,rubato,1448,3,15,4,11.89286622402628,0
10475,1503,dynamics,1411,40,1,0,6.6595804504948175,0
10475,1503,articulation,1383,68,21,8,16.29335491954831,0
10475,1503,pedal_depth,1451,0,0,0,4.596192020579529,0
10475,1503,pedal_down_ratio,1451,0,0,0,2.743810151472315,0
10475,1503,pedal_changes,1451,0,1,0,6.699419849081398,0
10537,1517,tempo,474,1,7,4,12.56407851204332,0
10537,1517,rubato,474,1,9,6,15.967082580361138,0
10537,1517,dynamics,474,1,0,0,5.102669223866412,0
10537,1517,articulation,464,11,11,4,16.23475796826651,0
10537,1517,pedal_depth,475,0,1,0,8.381067226684065,0
10537,1517,pedal_down_ratio,475,0,0,0,3.7634141137301484,0
10537,1517,pedal_changes,475,0,3,0,9.511676414900183,0
10538,1517,tempo,475,0,5,1,10.510840317023007,0
10538,1517,rubato,475,0,6,3,13.346433887022497,0
10538,1517,dynamics,471,4,0,0,4.57480689036299,0
10538,1517,articulation,465,10,7,3,15.814012569263317,0
10538,1517,pedal_depth,475,0,2,0,9.093969458893334,0
10538,1517,pedal_down_ratio,475,0,0,0,3.7634141137301484,0
10538,1517,pedal_changes,475,0,2,0,6.052884991300117,0
10539,1517,tempo,473,2,6,1,13.973630025035131,0
10539,1517,rubato,473,2,7,5,18.619522824393673,0
10539,1517,dynamics,474,1,0,0,4.222898668027376,0
10539,1517,articulation,466,9,9,6,15.537530554795277,0
10539,1517,pedal_depth,475,0,5,0,9.001887021253166,0
10539,1517,pedal_down_ratio,475,0,0,0,3.7634141137301484,0
10539,1517,pedal_changes,475,0,3,1,18.15865497390035,0
10540,1517,tempo,475,0,9,4,16.017245930519973,0
10540,1517,rubato,475,0,8,4,18.12969972222566,0
10540,1517,dynamics,473,2,3,0,8.093889113719138,0
10540,1517,articulation,471,4,8,2,11.079914302299423,0
10540,1517,pedal_depth,475,0,2,0,7.0359576717840815,0
10540,1517,pedal_down_ratio,475,0,0,0,3.7634141137301484,0
10540,1517,pedal_changes,475,0,0,0,3.8911403515500753,0
10541,1517,tempo,474,1,4,3,13.022716056408177,0
10541,1517,rubato,474,1,4,3,16.826898560471907,0
10541,1517,dynamics,473,2,0,0,3.056638726056139,0
10541,1517,articulation,468,7,6,1,10.865135782422408,0
10541,1517,pedal_depth,475,0,0,0,2.723363445861192,0
10541,1517,pedal_down_ratio,475,0,0,0,3.7634141137301484,0
10541,1517,pedal_changes,475,0,2,1,15.564561406200301,0
10542,1517,tempo,474,1,6,3,13.539761711592154,0
10542,1517,rubato,474,1,8,6,17.389375714216307,0
10542,1517,dynamics,472,3,0,0,4.7947495293227504,0
10542,1517,articulation,466,9,8,2,18.056278324049774,0
10542,1517,pedal_depth,475,0,5,0,7.656777466353052,0
10542,1517,pedal_down_ratio,475,0,0,0,3.7634141137301484,0
10542,1517,pedal_changes,475,0,3,2,14.699863550300284,0
10543,1517,tempo,475,0,2,1,10.62135608592268,0
10543,1517,rubato,475,0,7,1,13.925434693741789,0
10543,1517,dynamics,472,3,2,0,9.32556789189379,0
10543,1517,articulation,463,12,10,2,14.325809856859022,0
10543,1517,pedal_depth,475,0,1,0,7.760247432114748,0
10543,1517,pedal_down_ratio,475,0,0,0,3.7634141137301484,0
10543,1517,pedal_changes,475,0,3,0,9.944025342850193,0
10544,1517,tempo,474,1,8,3,15.134027659043658,0
10544,1517,rubato,474,1,10,5,19.43470245052075,0
10544,1517,dynamics,472,3,0,0,4.398852779195183,0
10544,1517,articulation,467,8,8,3,15.7039214448177,0
10544,1517,pedal_depth,475,0,5,0,8.381067226684065,0
10544,1517,pedal_down_ratio,475,0,0,0,3.7634141137301484,0
10544,1517,pedal_changes,475,0,1,0,6.9175828472001335,0
10545,1517,tempo,475,0,1,0,8.597711624619784,0
10545,1517,rubato,475,0,2,1,11.092081454863754,0
10545,1517,dynamics,472,3,0,0,4.797096386482648,0
10545,1517,articulation,466,9,8,1,15.19270426966081,0
10545,1517,pedal_depth,475,0,5,0,8.381067226684065,0
10545,1517,pedal_down_ratio,475,0,0,0,3.7634141137301484,0
10545,1517,pedal_changes,475,0,1,0,6.9175828472001335,0
10549,1518,tempo,754,0,226,174,226.45135510315302,0
10549,1518,rubato,754,0,228,174,228.2180999830476,0
10549,1518,dynamics,753,1,1,0,6.028261162822064,0
10549,1518,articulation,748,6,19,8,26.833748225567177,0
10549,1518,pedal_depth,754,0,0,0,4.829049298780956,0
10549,1518,pedal_down_ratio,754,0,0,0,3.317835150369687,0
10549,1518,pedal_changes,754,0,1,0,7.827535697217267,0
10552,1518,tempo,754,0,226,174,226.4513551031531,0
10552,1518,rubato,754,0,228,174,228.2180999830476,0
10552,1518,dynamics,753,1,1,0,6.028261162822064,0
10552,1518,articulation,748,6,19,8,26.83374822556718,0
10552,1518,pedal_depth,754,0,0,0,4.829049298780954,0
10552,1518,pedal_down_ratio,754,0,0,0,3.317835150369687,0
10552,1518,pedal_changes,754,0,1,0,7.827535697217267,0
10571,1520,tempo,793,0,8,2,10.61795455221274,0
10571,1520,rubato,793,0,22,5,16.834798480279673,0
10571,1520,dynamics,788,5,0,0,5.933020569470056,0
10571,1520,articulation,773,20,14,3,19.266996355083464,0
10571,1520,pedal_depth,793,0,0,0,4.54910693089525,0
10571,1520,pedal_down_ratio,793,0,0,0,2.7237224243700084,0
10571,1520,pedal_changes,793,0,2,0,8.62598276543809,0
10572,1520,tempo,793,0,7,1,13.578992346531338,0
10572,1520,rubato,793,0,36,5,19.53583011369859,0
10572,1520,dynamics,790,3,0,0,5.370944936572894,0
10572,1520,articulation,777,16,17,1,14.982793424551014,0
10572,1520,pedal_depth,793,0,0,0,4.25371037694091,0
10572,1520,pedal_down_ratio,793,0,0,0,2.7237224243700084,0
10572,1520,pedal_changes,793,0,1,0,8.62598276543809,0
10573,1520,tempo,793,0,8,1,11.991025373854889,0
10573,1520,rubato,793,0,27,6,19.07624327665616,0
10573,1520,dynamics,790,3,0,0,5.46462420872242,0
10573,1520,articulation,778,15,13,1,15.005771753648016,0
10573,1520,pedal_depth,793,0,0,0,4.685052506161588,0
10573,1520,pedal_down_ratio,793,0,0,0,2.7237224243700084,0
10573,1520,pedal_changes,793,0,1,0,6.469487074078567,0
10576,1520,tempo,792,1,13,3,13.996825318340804,0
10576,1520,rubato,792,1,39,12,23.704567456937085,0
10576,1520,dynamics,786,7,2,0,9.75959579089217,0
10576,1520,articulation,772,21,18,5,14.651454847395003,0
10576,1520,pedal_depth,793,0,0,0,3.3084414042874695,0
10576,1520,pedal_down_ratio,793,0,0,0,2.7237224243700084,0
10576,1520,pedal_changes,793,0,4,0,9.919880180253804,0
10577,1520,tempo,791,2,9,2,12.51332413371776,0
10577,1520,rubato,791,2,43,12,20.04636044775899,0
10577,1520,dynamics,785,8,2,0,8.243775949158396,0
10577,1520,articulation,764,29,10,2,21.416943997783957,0
10577,1520,pedal_depth,793,0,0,0,3.9583138229867982,0
10577,1520,pedal_down_ratio,793,0,0,0,2.7237224243700084,0
10577,1520,pedal_changes,793,0,5,0,9.488581041981899,0
10579,1520,tempo,793,0,13,2,12.606210736939866,0
10579,1520,rubato,793,0,38,10,18.801088183189012,0
10579,1520,dynamics,786,7,8,0,8.868304430155241,0
10579,1520,articulation,774,19,16,4,17.949833339718,0
10579,1520,pedal_depth,793,0,0,0,3.621425241081002,0
10579,1520,pedal_down_ratio,793,0,0,0,2.7237224243700084,0
10579,1520,pedal_changes,793,0,0,0,5.175589659262854,0
10580,1520,tempo,793,0,11,0,9.793270840247642,0
10580,1520,rubato,793,0,43,13,13.800345934277985,0
10580,1520,dynamics,786,7,7,0,7.088398259314225,0
10580,1520,articulation,769,24,18,4,20.240755810832855,0
10580,1520,pedal_depth,793,0,0,0,3.4579109359821296,0
10580,1520,pedal_down_ratio,793,0,0,0,2.7237224243700084,0
10580,1520,pedal_changes,793,0,0,0,5.175589659262854,0
10677,1543,tempo,277,0,1,0,6.387494475169586,0
10677,1543,rubato,277,0,4,0,8.591250188842045,0
10677,1543,dynamics,276,1,0,0,3.3927392337582054,0
10677,1543,articulation,272,5,4,2,20.8956912223151,0
10677,1543,pedal_depth,277,0,1,0,6.128358230180134,0
10677,1543,pedal_down_ratio,277,0,0,0,4.445440765239614,0
10677,1543,pedal_changes,277,0,0,0,3.2604789392836753,0
10680,1543,tempo,274,3,3,0,8.303736372978245,0
10680,1543,rubato,274,3,6,0,9.505683185286214,0
10680,1543,dynamics,274,3,0,0,5.9461685374910225,0
10680,1543,articulation,273,4,7,1,14.753857312003445,0
10680,1543,pedal_depth,277,0,1,0,6.367111571357226,0
10680,1543,pedal_down_ratio,277,0,0,0,4.445440765239614,0
10680,1543,pedal_changes,277,0,0,0,3.009672867031085,0
10681,1543,tempo,276,1,0,0,5.14220616207917,0
10681,1543,rubato,276,1,3,0,7.191213566378817,0
10681,1543,dynamics,276,1,0,0,5.84333264475545,0
10681,1543,articulation,270,7,7,3,13.127607874895382,0
10681,1543,pedal_depth,277,0,0,0,5.735731354749899,0
10681,1543,pedal_down_ratio,277,0,0,0,4.445440765239614,0
10681,1543,pedal_changes,277,0,1,0,7.022570023072531,0
10682,1543,tempo,277,0,2,0,6.033639888897325,0
10682,1543,rubato,277,0,6,0,8.684325330189354,0
10682,1543,dynamics,277,0,0,0,5.104897248499867,0
10682,1543,articulation,273,4,4,0,9.80332724982854,0
10682,1543,pedal_depth,277,0,2,0,6.349089459985714,0
10682,1543,pedal_down_ratio,277,0,0,0,4.445440765239614,0
10682,1543,pedal_changes,277,0,1,0,6.01934573406217,0
10684,1543,tempo,277,0,0,0,5.707610277825473,0
10684,1543,rubato,277,0,3,0,6.938751931302881,0
10684,1543,dynamics,276,1,0,0,2.9160314789401607,0
10684,1543,articulation,274,3,2,0,8.719402108323946,0
10684,1543,pedal_depth,277,0,0,0,3.8220973444239412,0
10684,1543,pedal_down_ratio,277,0,0,0,4.4174014441759,0
10684,1543,pedal_changes,277,0,0,0,3.5112850115362657,0
10685,1543,tempo,277,0,3,0,8.973007427754595,0
10685,1543,rubato,277,0,8,3,12.106479873060087,0
10685,1543,dynamics,277,0,0,0,3.7933766021691153,0
10685,1543,articulation,273,4,7,4,18.283016530191883,0
10685,1543,pedal_depth,277,0,0,0,5.542249044636858,0
10685,1543,pedal_down_ratio,277,0,0,0,4.441091018893971,0
10685,1543,pedal_changes,277,0,0,0,4.514509300546628,0
10686,1543,tempo,277,0,2,0,7.816877344350488,0
10686,1543,rubato,277,0,5,0,9.8295479324451,0
10686,1543,dynamics,274,3,0,0,4.203734075509822,0
10686,1543,articulation,271,6,6,3,16.5764824181893,0
10686,1543,pedal_depth,277,0,0,0,4.939251899236464,0
10686,1543,pedal_down_ratio,277,0,0,0,4.204787518002299,0
10686,1543,pedal_changes,277,0,0,0,5.016121445051808,0
10687,1543,tempo,277,0,4,2,10.571471943991805,0
10687,1543,rubato,277,0,9,4,13.394685121480519,0
10687,1543,dynamics,277,0,0,0,5.88277654881841,0
10687,1543,articulation,272,5,3,1,12.74731999474775,0
10687,1543,pedal_depth,277,0,0,0,3.9342144342115346,0
10687,1543,pedal_down_ratio,277,0,0,0,4.445440765239614,0
10687,1543,pedal_changes,277,0,0,0,5.517733589556989,0
10781,1560,tempo,565,2,20,5,25.346063483714087,0
10781,1560,rubato,565,2,26,8,33.80697359952496,0
10781,1560,dynamics,563,4,0,0,4.646491898616546,0
10781,1560,articulation,558,9,25,5,15.426612146712918,0
10781,1560,pedal_depth,567,0,0,0,4.86103867050238,0
10781,1560,pedal_down_ratio,567,0,0,0,2.830906766944186,0
10781,1560,pedal_changes,567,0,0,0,3.387430008658593,0
10783,1560,tempo,567,0,15,3,12.577135506453962,0
10783,1560,rubato,567,0,33,12,19.109942769095905,0
10783,1560,dynamics,560,7,0,0,4.792485569498926,0
10783,1560,articulation,559,8,9,3,14.032748186973585,0
10783,1560,pedal_depth,567,0,0,0,4.985639285594306,0
10783,1560,pedal_down_ratio,567,0,0,0,2.830906766944186,0
10783,1560,pedal_changes,567,0,0,0,4.140192232804947,0
10784,1560,tempo,566,1,9,2,11.622500856791346,0
10784,1560,rubato,566,1,31,6,16.543276759445668,0
10784,1560,dynamics,560,7,0,0,4.598181265706377,0
10784,1560,articulation,557,10,13,4,14.944033658093364,0
10784,1560,pedal_depth,567,0,0,0,2.4074528788313776,0
10784,1560,pedal_down_ratio,567,0,0,0,2.830906766944186,0
10784,1560,pedal_changes,567,0,0,0,5.269335569024478,0
10786,1560,tempo,566,1,7,0,9.883838104053408,0
10786,1560,rubato,566,1,16,3,13.991668407318937,0
10786,1560,dynamics,561,6,0,0,3.620643037883022,0
10786,1560,articulation,559,8,11,3,13.86241483135758,0
10786,1560,pedal_depth,567,0,0,0,3.628073756839493,0
10786,1560,pedal_down_ratio,567,0,0,0,2.830906766944186,0
10786,1560,pedal_changes,567,0,1,0,6.398478905244009,0
10787,1560,tempo,562,5,5,0,9.019663554751029,0
10787,1560,rubato,562,5,13,4,13.520739020462258,0
10787,1560,dynamics,560,7,0,0,4.25912202520863,0
10787,1560,articulation,559,8,10,2,11.355906636529687,0
10787,1560,pedal_depth,567,0,0,0,4.4716359225738955,0
10787,1560,pedal_down_ratio,567,0,0,0,2.830906766944186,0
10787,1560,pedal_changes,567,0,0,0,4.516573344878124,0
10788,1560,tempo,564,3,4,0,9.36336558044249,0
10788,1560,rubato,564,3,16,3,13.671688410353347,0
10788,1560,dynamics,560,7,0,0,5.7638301264363605,0
10788,1560,articulation,558,9,14,6,13.848195488739767,0
10788,1560,pedal_depth,567,0,0,0,3.628073756839493,0
10788,1560,pedal_down_ratio,567,0,0,0,2.811369798227988,0
10788,1560,pedal_changes,567,0,0,0,5.645716681097655,0
10789,1560,tempo,564,3,11,0,9.45141634568569,0
10789,1560,rubato,564,3,24,4,15.125231916344237,0
10789,1560,dynamics,562,5,0,0,4.274694683436084,0
10789,1560,articulation,557,10,8,3,11.225991181260706,0
10789,1560,pedal_depth,567,0,0,0,3.346628606368483,0
10789,1560,pedal_down_ratio,567,0,0,0,2.830906766944186,0
10789,1560,pedal_changes,567,0,1,0,6.398478905244009,0
10790,1560,tempo,564,3,10,3,13.768376852335729,0
10790,1560,rubato,564,3,20,6,20.819336729366505,0
10790,1560,dynamics,559,8,0,0,5.211974050500963,0
10790,1560,articulation,555,12,10,3,14.284881600827703,0
10790,1560,pedal_depth,567,0,0,0,4.194174403386727,0
10790,1560,pedal_down_ratio,567,0,0,0,2.830906766944186,0
10790,1560,pedal_changes,567,0,3,0,6.774860017317186,0
10791,1560,tempo,565,2,12,4,18.525804381463015,0
10791,1560,rubato,565,2,29,6,26.352586329866252,0
10791,1560,dynamics,562,5,0,0,4.504780708746714,0
10791,1560,articulation,561,6,12,5,15.174906097667106,0
10791,1560,pedal_depth,567,0,0,0,3.628073756839493,0
10791,1560,pedal_down_ratio,567,0,0,0,2.830906766944186,0
10791,1560,pedal_changes,567,0,0,0,3.76381112073177,0
10792,1560,tempo,564,3,4,2,17.944738574493787,0
10792,1560,rubato,564,3,23,2,25.587099747781693,0
10792,1560,dynamics,563,4,0,0,4.333092151789037,0
10792,1560,articulation,562,5,9,4,11.52463246384557,0
10792,1560,pedal_depth,567,0,0,0,4.535243238407192,0
10792,1560,pedal_down_ratio,567,0,0,0,2.830906766944186,0
10792,1560,pedal_changes,567,0,0,0,4.516573344878124,0
10793,1560,tempo,563,4,36,21,17.312447905895286,0
10793,1560,rubato,563,4,61,30,24.055088830596127,0
10793,1560,dynamics,553,14,1,0,6.267994936550178,0
10793,1560,articulation,547,20,32,7,20.595135746751637,0
10793,1560,pedal_depth,567,0,0,0,3.543489112625778,0
10793,1560,pedal_down_ratio,567,0,0,0,2.830906766944186,0
10793,1560,pedal_changes,567,0,0,0,3.76381112073177,0
10795,1560,tempo,564,3,12,2,13.76837685239907,0
10795,1560,rubato,564,3,30,8,19.258416424174456,0
10795,1560,dynamics,557,10,0,0,4.033318480910549,0
10795,1560,articulation,553,14,17,5,21.67327682319222,0
10795,1560,pedal_depth,567,0,0,0,4.010353048044075,0
10795,1560,pedal_down_ratio,567,0,0,0,2.830906766944186,0
10795,1560,pedal_changes,567,0,0,0,3.76381112073177,0
10796,1560,tempo,566,1,12,1,14.5193273553461,0
10796,1560,rubato,566,1,33,2,19.649769264864588,0
10796,1560,dynamics,561,6,0,0,4.952105316330327,0
10796,1560,articulation,559,8,10,3,16.664471095673143,0
10796,1560,pedal_depth,567,0,0,0,3.987891624189466,0
10796,1560,pedal_down_ratio,567,0,0,0,2.830906766944186,0
10796,1560,pedal_changes,567,0,0,0,3.76381112073177,0
10797,1560,tempo,566,1,10,1,19.05610577601671,0
10797,1560,rubato,566,1,26,5,27.828337741489463,0
10797,1560,dynamics,565,2,2,0,8.584427847883939,0
10797,1560,articulation,560,7,18,6,15.417303370669392,0
10797,1560,pedal_depth,567,0,0,0,3.4586145703529625,0
10797,1560,pedal_down_ratio,567,0,0,0,2.830906766944186,0
10797,1560,pedal_changes,567,0,1,0,6.398478905244009,0
10798,1560,tempo,566,1,24,3,22.717519990245517,0
10798,1560,rubato,566,1,35,9,30.377022939647144,0
10798,1560,dynamics,563,4,0,0,4.142327088502725,0
10798,1560,articulation,560,7,19,7,13.788459405231581,0
10798,1560,pedal_depth,567,0,0,0,3.0120697882575667,0
10798,1560,pedal_down_ratio,567,0,0,0,2.830906766944186,0
10798,1560,pedal_changes,567,0,0,0,3.387430008658593,0
10809,1565,tempo,1550,9,16,1,10.792629910410307,0
10809,1565,rubato,1550,9,18,1,12.330345140657977,0
10809,1565,dynamics,1328,231,0,0,5.70251278466577,0
10809,1565,articulation,1311,248,23,5,19.850343756567685,0
10809,1565,pedal_depth,1559,0,0,0,4.993433898988107,0
10809,1565,pedal_down_ratio,1559,0,0,0,2.6077100573448204,0
10809,1565,pedal_changes,1559,0,0,0,5.429357805967565,0
10815,1565,tempo,1556,3,12,0,9.384528591824745,0
10815,1565,rubato,1556,3,15,2,10.114198250222984,0
10815,1565,dynamics,1325,234,0,0,3.4950884809241822,0
10815,1565,articulation,1297,262,22,6,21.07029658325522,0
10815,1565,pedal_depth,1559,0,0,0,3.6384615924495596,0
10815,1565,pedal_down_ratio,1559,0,0,0,2.6077100573448138,0
10815,1565,pedal_changes,1559,0,3,0,9.048929676612609,0
10816,1565,tempo,1558,1,4,0,7.5675339534562704,0
10816,1565,rubato,1558,1,9,0,8.264074340433814,0
10816,1565,dynamics,1330,229,0,0,3.4950884809241813,0
10816,1565,articulation,1308,251,20,7,23.850666716453308,0
10816,1565,pedal_depth,1559,0,0,0,3.64411098567374,0
10816,1565,pedal_down_ratio,1559,0,0,0,2.6077100573448138,0
10816,1565,pedal_changes,1559,0,1,0,7.2391437412900865,0
10817,1565,tempo,1558,1,43,2,11.021535667046837,0
10817,1565,rubato,1558,1,45,4,11.51578548964634,0
10817,1565,dynamics,1326,233,0,0,5.150656708730372,0
10817,1565,articulation,1288,271,60,4,16.829085503287654,0
10817,1565,pedal_depth,1559,0,0,0,4.77933514262442,0
10817,1565,pedal_down_ratio,1559,0,0,0,2.6077100573448138,0
10817,1565,pedal_changes,1559,0,1,0,6.877186554225582,0
10818,1565,tempo,1557,2,5,0,7.6926406924143755,0
10818,1565,rubato,1557,2,14,0,9.994187733196824,0
10818,1565,dynamics,1333,226,0,0,4.736764651778825,0
10818,1565,articulation,1316,243,9,1,10.543215368430952,0
10818,1565,pedal_depth,1559,0,0,0,4.82161888594852,0
10818,1565,pedal_down_ratio,1559,0,0,0,2.6077100573448138,0
10818,1565,pedal_changes,1559,0,2,0,6.515229367161078,0
10819,1565,tempo,1555,4,3,1,15.193524071873098,0
10819,1565,rubato,1555,4,9,2,17.19641193573751,0
10819,1565,dynamics,1339,220,0,0,5.0280220251891725,0
10819,1565,articulation,1324,235,16,6,16.056602288228856,0
10819,1565,pedal_depth,1559,0,0,0,4.902079182249876,0
10819,1565,pedal_down_ratio,1559,0,0,0,2.6077100573448138,0
10819,1565,pedal_changes,1559,0,2,0,7.963058115419095,0
10820,1565,tempo,1559,0,13,2,10.119403409337117,0
10820,1565,rubato,1559,0,19,4,11.501343253810347,0
10820,1565,dynamics,1326,233,0,0,4.571207828998206,0
10820,1565,articulation,1303,256,14,0,9.606243070228297,0
10820,1565,pedal_depth,1559,0,0,0,4.224315577674563,0
10820,1565,pedal_down_ratio,1559,0,0,0,2.6077100573448138,0
10820,1565,pedal_changes,1559,0,0,0,5.791314993032069,0
10821,1565,tempo,1558,1,6,0,7.216883907648889,0
10821,1565,rubato,1558,1,20,0,8.369604399819245,0
10821,1565,dynamics,1323,236,0,0,5.0893393669597735,0
10821,1565,articulation,1307,252,11,1,11.382046862261292,0
10821,1565,pedal_depth,1559,0,0,0,4.891462568161277,0
10821,1565,pedal_down_ratio,1559,0,0,0,2.6077100573448138,0
10821,1565,pedal_changes,1559,0,0,0,5.0674006189030605,0
10822,1565,tempo,1556,3,10,1,11.011620742210534,0
10822,1565,rubato,1556,3,16,1,12.844290340957718,0
10822,1565,dynamics,1324,235,0,0,4.476165949253776,0
10822,1565,articulation,1309,250,11,3,24.450314434092295,0
10822,1565,pedal_depth,1559,0,0,0,4.891462568161277,0
10822,1565,pedal_down_ratio,1559,0,0,0,2.6077100573448138,0
10822,1565,pedal_changes,1559,0,1,0,6.515229367161078,0
10826,1565,tempo,1553,6,31,3,13.583112554847121,0
10826,1565,rubato,1553,6,33,5,14.661093247437194,0
10826,1565,dynamics,1314,245,1,0,6.1317341770599665,0
10826,1565,articulation,1297,262,53,22,26.220065388417297,0
10826,1565,pedal_depth,1559,0,0,0,4.302979332092527,0
10826,1565,pedal_down_ratio,1559,0,0,0,2.6077100573448138,0
10826,1565,pedal_changes,1559,0,2,0,7.2391437412900865,0
10827,1565,tempo,1554,5,30,1,12.05877722834639,0
10827,1565,rubato,1554,5,37,3,12.904696907153493,0
10827,1565,dynamics,1305,254,0,0,5.089339366959773,0
10827,1565,articulation,1288,271,43,10,17.498453338196576,0
10827,1565,pedal_depth,1559,0,0,0,4.367207468086918,0
10827,1565,pedal_down_ratio,1559,0,0,0,2.6077100573448138,0
10827,1565,pedal_changes,1559,0,1,0,6.515229367161078,0
10829,1565,tempo,1556,3,6,1,12.30466940766639,0
10829,1565,rubato,1556,3,22,1,14.209339693276771,0
10829,1565,dynamics,1332,227,0,0,4.721435316336174,0
10829,1565,articulation,1311,248,13,5,14.409916649094749,0
10829,1565,pedal_depth,1559,0,0,0,4.114211553345224,0
10829,1565,pedal_down_ratio,1559,0,0,0,2.6077100573448213,0
10829,1565,pedal_changes,1559,0,0,0,4.705443431838556,0
10830,1565,tempo,1555,4,5,0,9.500499748743911,0
10830,1565,rubato,1555,4,18,1,10.795182304171753,0
10830,1565,dynamics,1330,229,0,0,4.844069999877375,0
10830,1565,articulation,1306,253,12,3,19.946501831647616,0
10830,1565,pedal_depth,1559,0,0,0,4.902672823724574,0
10830,1565,pedal_down_ratio,1559,0,0,0,2.6077100573448138,0
10830,1565,pedal_changes,1559,0,0,0,5.0674006189030605,0
10831,1565,tempo,1557,2,7,0,7.817758874112096,0
10831,1565,rubato,1557,2,14,0,9.139791016149578,0
10831,1565,dynamics,1332,227,0,0,3.939639208761028,0
10831,1565,articulation,1312,247,9,5,18.31811703505626,0
10831,1565,pedal_depth,1559,0,0,0,4.933507243999717,0
10831,1565,pedal_down_ratio,1559,0,0,0,2.6077100573448138,0
10831,1565,pedal_changes,1559,0,0,0,4.343486244774052,0
10860,1585,tempo,409,0,14,4,14.685175960257807,0
10860,1585,rubato,409,0,40,29,49.18802513647603,0
10860,1585,dynamics,403,6,0,0,5.983385769550408,0
10860,1585,articulation,402,7,10,2,11.186232603884907,0
10860,1585,pedal_depth,409,0,0,0,3.368115019169168,0
10860,1585,pedal_down_ratio,409,0,0,0,2.6310037712319767,0
10860,1585,pedal_changes,409,0,0,0,4.131344043093895,0
10861,1585,tempo,409,0,7,0,8.977744754110756,0
10861,1585,rubato,409,0,29,20,29.07888251775051,0
10861,1585,dynamics,403,6,5,0,8.083010230501728,0
10861,1585,articulation,403,6,5,1,11.61346511660109,0
10861,1585,pedal_depth,409,0,0,0,3.0661734676271593,0
10861,1585,pedal_down_ratio,409,0,0,0,2.6310037712319767,0
10861,1585,pedal_changes,409,0,0,0,4.131344043093895,0
10862,1585,tempo,409,0,29,20,31.13550311992074,0
10862,1585,rubato,409,0,87,65,96.1188333478656,0
10862,1585,dynamics,397,12,9,0,8.811895406065146,0
10862,1585,articulation,396,13,27,11,21.516546214525306,0
10862,1585,pedal_depth,409,0,0,0,3.324222425992773,0
10862,1585,pedal_down_ratio,409,0,0,0,2.631003771231984,0
10862,1585,pedal_changes,409,0,0,0,4.957612851712674,0
00957,214,tempo,172,0,0,0,4.51974665463495,0
00957,214,rubato,172,0,0,0,4.459909787934351,0
00957,214,dynamics,160,12,0,0,4.4611987240971684,0
00957,214,articulation,156,16,0,0,4.222452113566968,0
00957,214,pedal_depth,172,0,0,0,3.6378324482649855,0
00957,214,pedal_down_ratio,172,0,0,0,4.8190054714547665,0
00957,214,pedal_changes,172,0,0,0,2.8949678067005613,0
00960,214,tempo,172,0,1,1,12.312341712227054,0
00960,214,rubato,172,0,1,1,13.38197070771619,0
00960,214,dynamics,160,12,0,0,4.232419302348596,0
00960,214,articulation,156,16,3,0,7.072339329931316,0
00960,214,pedal_depth,172,0,0,0,2.7163777544167447,0
00960,214,pedal_down_ratio,172,0,0,0,4.7287772010097635,0
00960,214,pedal_changes,172,0,0,0,3.8599570756007484,0
00962,214,tempo,172,0,0,0,5.054268923810382,0
00962,214,rubato,172,0,1,0,6.893394071246727,0
00962,214,dynamics,159,13,0,0,3.317301615354306,0
00962,214,articulation,156,16,3,0,9.799132855160678,0
00962,214,pedal_depth,172,0,0,0,4.56479230050676,0
00962,214,pedal_down_ratio,172,0,0,0,4.8190054714547665,0
00962,214,pedal_changes,172,0,0,0,2.8949678067005613,0
00963,214,tempo,172,0,0,0,5.584730352588077,0
00963,214,rubato,172,0,1,0,7.749053277809042,0
00963,214,dynamics,158,14,0,0,2.3449890729228704,0
00963,214,articulation,157,15,1,1,10.950664906626482,0
00963,214,pedal_depth,172,0,0,0,5.924298327428475,0
00963,214,pedal_down_ratio,172,0,0,0,3.6142820712733874,0
00963,214,pedal_changes,172,0,0,0,2.8949678067005613,0
00964,214,tempo,172,0,0,0,4.147671903796548,0
00964,214,rubato,172,0,0,0,4.622007215699264,0
00964,214,dynamics,160,12,0,0,2.7453530609828727,0
00964,214,articulation,157,15,3,0,7.852467998544664,0
00964,214,pedal_depth,172,0,1,0,6.186694400304061,0
00964,214,pedal_down_ratio,172,0,0,0,4.8190054714547665,0
00964,214,pedal_changes,172,0,0,0,3.8599570756007484,0
00965,214,tempo,172,0,0,0,3.4046925620183517,0
00965,214,rubato,172,0,0,0,3.7487015228970675,0
00965,214,dynamics,159,13,0,0,2.287794217485726,0
00965,214,articulation,159,13,0,0,5.13736417277486,0
00965,214,pedal_depth,172,0,0,0,2.5183865477982517,0
00965,214,pedal_down_ratio,172,0,0,0,4.8190054714547665,0
00965,214,pedal_changes,172,0,0,0,5.789935613401123,0
00966,214,tempo,172,0,0,0,2.593499534858243,0
00966,214,rubato,172,0,0,0,3.3174981855662864,0
00966,214,dynamics,158,14,0,0,1.9732225125814393,0
00966,214,articulation,157,15,0,0,2.9161946379046455,0
00966,214,pedal_depth,172,0,1,0,7.804372410742062,0
00966,214,pedal_down_ratio,172,0,0,0,4.79304227461631,0
00966,214,pedal_changes,172,0,0,0,2.4124731722504675,0
00967,214,tempo,172,0,1,0,9.59925045409636,0
00967,214,rubato,172,0,1,1,10.39581404669635,0
00967,214,dynamics,160,12,0,0,2.1448070788928693,0
00967,214,articulation,159,13,2,2,12.731749411857644,0
00967,214,pedal_depth,172,0,0,0,2.8946689403892485,0
00967,214,pedal_down_ratio,172,0,0,0,4.8190054714547665,0
00967,214,pedal_changes,172,0,0,0,3.8599570756007484,0
00968,214,tempo,172,0,1,1,14.871465891821668,0
00968,214,rubato,172,0,1,1,18.005568250247535,0
00968,214,dynamics,159,13,0,0,3.2601067599171603,0
00968,214,articulation,156,16,1,0,7.068301868965374,0
00968,214,pedal_depth,172,0,1,0,6.317323611644435,0
00968,214,pedal_down_ratio,172,0,0,0,4.707875920073032,0
00968,214,pedal_changes,172,0,1,0,7.719914151201497,0
00969,214,tempo,172,0,0,0,4.08164455716139,0
00969,214,rubato,172,0,0,0,5.654116668403434,0
00969,214,dynamics,159,13,0,0,4.318211585504309,0
00969,214,articulation,157,15,0,0,5.445703374942263,0
00969,214,pedal_depth,172,0,0,0,2.702092952441084,0
00969,214,pedal_down_ratio,172,0,0,0,4.808797876725973,0
00969,214,pedal_changes,172,0,0,0,4.824946344500935,0
00970,214,tempo,172,0,0,0,4.087764922540247,0
00970,214,rubato,172,0,0,0,5.630439100678573,0
00970,214,dynamics,158,14,0,0,3.8606527420071632,0
00970,214,articulation,156,16,0,0,5.524525236549488,0
00970,214,pedal_depth,172,0,0,0,4.714042070875927,0
00970,214,pedal_down_ratio,172,0,0,0,4.788746468599369,0
00970,214,pedal_changes,172,0,1,0,6.754924882301309,0
00971,214,tempo,172,0,0,0,4.629461361945329,0
00971,214,rubato,172,0,0,0,5.5000143249366,0
00971,214,dynamics,157,15,0,0,3.431691326228591,0
00971,214,articulation,152,20,0,0,5.854802726303233,0
00971,214,pedal_depth,172,0,0,0,2.5362554777689965,0
00971,214,pedal_down_ratio,172,0,0,0,4.8190054714547665,0
00971,214,pedal_changes,172,0,0,0,5.789935613401123,0
00972,214,tempo,172,0,0,0,4.839790972574798,0
00972,214,rubato,172,0,1,0,6.276201012697827,0
00972,214,dynamics,160,12,0,0,2.707223157358111,0
00972,214,articulation,156,16,3,0,7.999867399125325,0
00972,214,pedal_depth,172,0,0,0,2.8097181256197636,0
00972,214,pedal_down_ratio,172,0,0,0,4.8190054714547665,0
00972,214,pedal_changes,172,0,0,0,3.3774624411506546,0
00973,214,tempo,172,0,0,0,4.399597659766715,0
00973,214,rubato,172,0,0,0,5.97968134528255,0
00973,214,dynamics,159,13,0,0,2.325924121110489,0
00973,214,articulation,157,15,1,0,7.579214758430898,0
00973,214,pedal_depth,172,0,0,0,3.700409596546871,0
00973,214,pedal_down_ratio,172,0,0,0,4.8190054714547665,0
00973,214,pedal_changes,172,0,0,0,4.824946344500935,0
00974,214,tempo,172,0,1,0,6.669093290485949,0
00974,214,rubato,172,0,1,0,8.329756824228179,0
00974,214,dynamics,158,14,0,0,3.641405796164782,0
00974,214,articulation,156,16,3,0,7.935242349826038,0
00974,214,pedal_depth,172,0,0,0,2.7549309333445784,0
00974,214,pedal_down_ratio,172,0,0,0,4.8190054714547665,0
00974,214,pedal_changes,172,0,0,0,3.3774624411506546,0
00975,214,tempo,172,0,0,0,3.877012675508621,0
00975,214,rubato,172,0,0,0,5.074400760653081,0
00975,214,dynamics,160,12,0,0,4.747173001282883,0
00975,214,articulation,159,13,2,1,11.436135692527866,0
00975,214,pedal_depth,172,0,0,0,5.019884869029634,0
00975,214,pedal_down_ratio,172,0,0,0,4.8190054714547665,0
00975,214,pedal_changes,172,0,0,0,4.824946344500935,0
00976,214,tempo,172,0,0,0,3.8708073801728315,0
00976,214,rubato,172,0,0,0,5.065710726103661,0
00976,214,dynamics,160,12,0,0,4.575588434971453,0
00976,214,articulation,159,13,1,0,7.927416891116703,0
00976,214,pedal_depth,172,0,0,0,5.790107947762515,0
00976,214,pedal_down_ratio,172,0,0,0,4.8190054714547665,0
00976,214,pedal_changes,172,0,0,0,2.8949678067005613,0
00977,214,tempo,172,0,0,0,3.691388243117937,0
00977,214,rubato,172,0,0,0,4.064001804003236,0
00977,214,dynamics,159,13,0,0,3.8129903624762127,0
00977,214,articulation,158,14,0,0,5.783116280062318,0
00977,214,pedal_depth,172,0,0,0,3.8500200762415044,0
00977,214,pedal_down_ratio,172,0,0,0,4.759540891644019,0
00977,214,pedal_changes,172,0,0,0,5.789935613401123,0
00978,214,tempo,172,0,0,0,5.015158174688806,0
00978,214,rubato,172,0,0,0,5.954990373615878,0
00978,214,dynamics,158,14,0,0,2.430781356078585,0
00978,214,articulation,156,16,3,0,9.088982454811985,0
00978,214,pedal_depth,172,0,0,0,5.030230811285892,0
00978,214,pedal_down_ratio,172,0,0,0,4.8190054714547665,0
00978,214,pedal_changes,172,0,0,0,2.4124731722504675,0
00979,214,tempo,172,0,0,0,3.733890637783418,0
00979,214,rubato,172,0,0,0,4.539342424947442,0
00979,214,dynamics,160,12,0,0,5.22379679659241,0
00979,214,articulation,159,13,0,0,5.996207908809304,0
00979,214,pedal_depth,172,0,0,0,2.976028171188982,0
00979,214,pedal_down_ratio,172,0,0,0,4.8190054714547665,0
00979,214,pedal_changes,172,0,0,0,2.4124731722504675,0
00980,214,tempo,172,0,2,0,7.112032596222218,0
00980,214,rubato,172,0,3,0,8.646854883125046,0
00980,214,dynamics,160,12,0,0,3.4126263744162095,0
00980,214,articulation,158,14,2,1,20.105138792841935,0
00980,214,pedal_depth,172,0,1,0,6.997195705306476,0
00980,214,pedal_down_ratio,172,0,0,0,4.788157025030638,0
00980,214,pedal_changes,172,0,0,0,4.342451710050842,0
00983,214,tempo,172,0,0,0,4.386182948128622,0
00983,214,rubato,172,0,0,0,5.885058083906635,0
00983,214,dynamics,159,13,0,0,4.876814673607075,0
00983,214,articulation,154,18,2,0,7.165945788818084,0
00983,214,pedal_depth,172,0,0,0,4.562059051906883,0
00983,214,pedal_down_ratio,172,0,0,0,4.703674175742406,0
00983,214,pedal_changes,172,0,0,0,3.8599570756007484,0
00991,215,tempo,469,0,5,4,16.134978688611675,0
00991,215,rubato,469,0,7,4,19.3426055822214,0
00991,215,dynamics,462,7,0,0,5.058680696074466,0
00991,215,articulation,454,15,14,8,19.37339741447302,0
00991,215,pedal_depth,469,0,1,0,7.478635146617243,0
00991,215,pedal_down_ratio,469,0,0,0,4.2189578873615865,0
00991,215,pedal_changes,469,0,0,0,2.451391251849753,0
00994,215,tempo,466,3,15,8,14.177302072670114,0
00994,215,rubato,466,3,18,12,19.959714051085843,0
00994,215,dynamics,461,8,0,0,5.427504506824625,0
00994,215,articulation,457,12,21,13,34.04500584546461,0
00994,215,pedal_depth,469,0,0,0,4.083927042215712,0
00994,215,pedal_down_ratio,469,0,0,0,4.166262082367231,0
00994,215,pedal_changes,469,0,2,2,12.801709870770933,0
00995,215,tempo,467,2,2,2,12.123800435990743,0
00995,215,rubato,467,2,4,2,12.976035559987,0
00995,215,dynamics,462,7,0,0,5.426584746698064,0
00995,215,articulation,454,15,9,4,14.367349526047144,0
00995,215,pedal_depth,469,0,0,0,4.501794052790871,0
00995,215,pedal_down_ratio,469,0,0,0,4.2189578873615865,0
00995,215,pedal_changes,469,0,0,0,4.630405697938423,0
00996,215,tempo,469,0,2,2,12.247317744628495,0
00996,215,rubato,469,0,5,2,14.135689581810572,0
00996,215,dynamics,462,7,0,0,5.150656708730365,0
00996,215,articulation,454,15,9,2,13.836298735005586,0
00996,215,pedal_depth,469,0,0,0,3.9771487180786718,0
00996,215,pedal_down_ratio,469,0,0,0,4.2189578873615865,0
00996,215,pedal_changes,469,0,1,0,7.081796949788176,0
00998,215,tempo,464,5,49,21,16.737661727955736,0
00998,215,rubato,464,5,53,32,20.478199659473802,0
00998,215,dynamics,440,29,6,0,8.103086714984736,0
00998,215,articulation,429,40,35,15,33.15871064661415,0
00998,215,pedal_depth,469,0,0,0,5.56494361338069,0
00998,215,pedal_down_ratio,469,0,0,0,4.2189578873615865,0
00998,215,pedal_changes,469,0,0,0,4.902782503699506,0
01002,215,tempo,464,5,10,4,12.560206245153855,0
01002,215,rubato,464,5,11,5,14.492908307629005,0
01002,215,dynamics,459,10,2,0,7.005506297291003,0
01002,215,articulation,451,18,20,6,20.164139338491022,0
01002,215,pedal_depth,469,0,0,0,5.702459299295553,0
01002,215,pedal_down_ratio,469,0,0,0,4.2189578873615865,0
01002,215,pedal_changes,469,0,4,2,15.253101122620688,0
01006,215,tempo,465,4,16,8,14.3431314610296,0
01006,215,rubato,465,4,19,12,17.754435130846584,0
01006,215,dynamics,461,8,0,0,4.782752658106768,0
01006,215,articulation,455,14,22,9,20.956726886702203,0
01006,215,pedal_depth,469,0,0,0,5.270202316772505,0
01006,215,pedal_down_ratio,469,0,0,0,4.169572092693476,0
01006,215,pedal_changes,469,0,6,1,25.603419741541867,0
01036,217,tempo,100,0,0,0,3.6202567983520595,0
01036,217,rubato,100,0,0,0,3.465631272054673,0
01036,217,dynamics,99,1,0,0,4.442275901745591,0
01036,217,articulation,97,3,2,1,10.72169580577716,0
01036,217,pedal_depth,100,0,0,0,5.279039418840757,0
01036,217,pedal_down_ratio,100,0,0,0,3.3819951638232357,0
01036,217,pedal_changes,100,0,0,0,2.564135578333339,0
01045,217,tempo,100,0,0,0,5.053065169008231,0
01045,217,rubato,100,0,0,0,5.10285161608184,0
01045,217,dynamics,99,1,0,0,3.1047381848812097,0
01045,217,articulation,96,4,3,3,25.792925418834084,0
01045,217,pedal_depth,100,0,0,0,2.077717341346687,0
01045,217,pedal_down_ratio,100,0,0,0,2.9462612608599885,0
01045,217,pedal_changes,100,0,0,0,4.05988133236112,0
01046,217,tempo,100,0,0,0,5.056173647910902,0
01046,217,rubato,100,0,0,0,5.0304702681245095,0
01046,217,dynamics,98,2,0,0,4.456840740767709,0
01046,217,articulation,97,3,3,2,13.288084290801724,0
01046,217,pedal_depth,100,0,0,0,3.556222240506447,0
01046,217,pedal_down_ratio,100,0,0,0,4.055580246846271,0
01046,217,pedal_changes,100,0,0,0,4.914593191805566,0
01050,217,tempo,100,0,0,0,4.733305064574209,0
01050,217,rubato,100,0,0,0,4.2311234286919515,0
01050,217,dynamics,98,2,0,0,3.221256897058143,0
01050,217,articulation,95,5,3,2,14.769095553263314,0
01050,217,pedal_depth,100,0,0,0,2.6932841560528886,0
01050,217,pedal_down_ratio,100,0,0,0,4.055580246846271,0
01050,217,pedal_changes,100,0,0,0,2.9914915080555624,0
01051,217,tempo,100,0,0,0,3.4931119158180075,0
01051,217,rubato,100,0,0,0,3.288081248825153,0
01051,217,dynamics,99,1,0,0,2.2173233501765273,0
01051,217,articulation,97,3,5,1,10.21331503041137,0
01051,217,pedal_depth,100,0,1,0,6.505716271793866,0
01051,217,pedal_down_ratio,100,0,0,0,3.9967555611155134,0
01051,217,pedal_changes,100,0,0,0,2.564135578333339,0
01052,217,tempo,100,0,0,0,3.094547955348573,0
01052,217,rubato,100,0,0,0,3.2344750530595174,0
01052,217,dynamics,99,1,0,0,2.2589371759540047,0
01052,217,articulation,98,2,4,1,10.714659154139161,0
01052,217,pedal_depth,100,0,0,0,4.289588752186512,0
01052,217,pedal_down_ratio,100,0,0,0,3.9104429364673825,0
01052,217,pedal_changes,100,0,0,0,3.8462033675000087,0
01053,217,tempo,100,0,0,0,5.028526882334212,0
01053,217,rubato,100,0,0,0,4.8999091666322245,0
01053,217,dynamics,99,1,0,0,2.7964490922464043,0
01053,217,articulation,97,3,3,3,18.292132519882056,0
01053,217,pedal_depth,100,0,0,0,2.4593838313438576,0
01053,217,pedal_down_ratio,100,0,0,0,3.916170115209003,0
01053,217,pedal_changes,100,0,0,0,3.8462033675000087,0
01056,217,tempo,100,0,0,0,3.505248014428195,0
01056,217,rubato,100,0,0,0,4.168949000450946,0
01056,217,dynamics,99,1,0,0,3.845117501838806,0
01056,217,articulation,95,5,7,1,11.781219692238993,0
01056,217,pedal_depth,100,0,0,0,3.4066928549449584,0
01056,217,pedal_down_ratio,100,0,0,0,3.425776955365877,0
01056,217,pedal_changes,100,0,0,0,3.4188474377777855,0
01058,217,tempo,100,0,0,0,2.7657763117619627,0
01058,217,rubato,100,0,0,0,2.3440308294803343,0
01058,217,dynamics,99,1,0,0,4.442275901745592,0
01058,217,articulation,96,4,3,1,11.004922109336759,0
01058,217,pedal_depth,100,0,2,0,7.127539833412249,0
01058,217,pedal_down_ratio,100,0,0,0,4.100336059014591,0
01058,217,pedal_changes,100,0,0,0,2.564135578333339,0
01059,217,tempo,100,0,0,0,3.855372758812325,0
01059,217,rubato,100,0,0,0,3.323562993038656,0
01059,217,dynamics,98,2,0,0,3.1574490308660126,0
01059,217,articulation,96,4,7,2,21.177755539829462,0
01059,217,pedal_depth,100,0,0,0,4.394003697099013,0
01059,217,pedal_down_ratio,100,0,0,0,4.070894191707561,0
01059,217,pedal_changes,100,0,0,0,2.7778135431944504,0
01117,220,tempo,241,0,5,0,9.440846214030469,0
01117,220,rubato,241,0,11,2,12.700964704647417,0
01117,220,dynamics,241,0,0,0,3.715241944123171,0
01117,220,articulation,240,1,2,0,8.374536744088873,0
01117,220,pedal_depth,241,0,0,0,3.527304166284273,0
01117,220,pedal_down_ratio,241,0,0,0,3.2707724725497593,0
01117,220,pedal_changes,241,0,0,0,3.7720423646140677,0
01118,220,tempo,241,0,12,0,9.142574179767516,0
01118,220,rubato,241,0,14,2,11.651460979430315,0
01118,220,dynamics,241,0,0,0,4.152989484367291,0
01118,220,articulation,239,2,5,1,11.214626035920464,0
01118,220,pedal_depth,241,0,0,0,3.0616999749681555,0
01118,220,pedal_down_ratio,241,0,0,0,3.3391361121627336,0
01118,220,pedal_changes,241,0,0,0,3.2331791696692007,0
01120,220,tempo,241,0,8,1,10.34481602944829,0
01120,220,rubato,241,0,18,3,12.907207732196355,0
01120,220,dynamics,240,1,0,0,2.5711654973679354,0
01120,220,articulation,238,3,4,0,7.573840718665167,0
01120,220,pedal_depth,241,0,0,0,3.286181341146453,0
01120,220,pedal_down_ratio,241,0,0,0,3.12676969275945,0
01120,220,pedal_changes,241,0,0,0,3.2331791696692007,0
01124,220,tempo,241,0,8,2,11.079824733702777,0
01124,220,rubato,241,0,12,3,13.419100395508798,0
01124,220,dynamics,241,0,0,0,2.2336348848353813,0
01124,220,articulation,241,0,2,0,7.752371443233717,0
01124,220,pedal_depth,241,0,0,0,2.74988504751958,0
01124,220,pedal_down_ratio,241,0,0,0,3.2707724725497593,0
01124,220,pedal_changes,241,0,0,0,2.155452779779467,0
01125,220,tempo,241,0,8,3,12.645141339751502,0
01125,220,rubato,241,0,9,7,17.48833570491989,0
01125,220,dynamics,240,1,0,0,2.794849680020151,0
01125,220,articulation,240,1,2,0,8.550703127271264,0
01125,220,pedal_depth,241,0,0,0,2.928921680397246,0
01125,220,pedal_down_ratio,241,0,0,0,2.6807902208425722,0
01125,220,pedal_changes,241,0,0,0,3.7720423646140677,0
01126,220,tempo,241,0,4,1,11.721144128056881,0
01126,220,rubato,241,0,9,1,13.83593834596497,0
01126,220,dynamics,240,1,0,0,2.31070838337409,0
01126,220,articulation,238,3,1,0,7.877457673814936,0
01126,220,pedal_depth,241,0,0,0,3.5499867820771174,0
01126,220,pedal_down_ratio,241,0,0,0,3.2095632296362533,0
01126,220,pedal_changes,241,0,0,0,5.927495144393535,0
01127,220,tempo,241,0,5,2,10.80976622909024,0
01127,220,rubato,241,0,8,3,14.108295747402016,0
01127,220,dynamics,241,0,0,0,3.558101801471436,0
01127,220,articulation,239,2,1,0,6.743725379917243,0
01127,220,pedal_depth,241,0,0,0,3.458692589907252,0
01127,220,pedal_down_ratio,241,0,0,0,3.3391361121627336,0
01127,220,pedal_changes,241,0,0,0,3.7720423646140677,0
01128,220,tempo,241,0,13,3,13.4454453817034,0
01128,220,rubato,241,0,19,8,18.941452304078418,0
01128,220,dynamics,241,0,0,0,2.736857484517724,0
01128,220,articulation,239,2,4,1,10.373383694344286,0
01128,220,pedal_depth,241,0,0,0,2.9707834851241706,0
01128,220,pedal_down_ratio,241,0,0,0,3.1208099449550724,0
01128,220,pedal_changes,241,0,0,0,4.310905559558934,0
01129,220,tempo,241,0,5,1,11.473892089138387,0
01129,220,rubato,241,0,9,3,15.836437757014055,0
01129,220,dynamics,241,0,0,0,2.7311117139955954,0
01129,220,articulation,238,3,2,1,10.376437543718016,0
01129,220,pedal_depth,241,0,0,0,2.2095909669521165,0
01129,220,pedal_down_ratio,241,0,0,0,3.0248559840040032,0
01129,220,pedal_changes,241,0,0,0,3.2331791696692007,0
01132,220,tempo,241,0,6,2,12.845135338242446,0
01132,220,rubato,241,0,9,3,17.565564903417155,0
01132,220,dynamics,240,1,0,0,4.063195117137729,0
01132,220,articulation,239,2,2,0,8.148216775358472,0
01132,220,pedal_depth,241,0,0,0,2.888193366855883,0
01132,220,pedal_down_ratio,241,0,0,0,3.3391361121627336,0
01132,220,pedal_changes,241,0,0,0,2.694315974724334,0
01134,220,tempo,241,0,4,0,7.54710702045552,0
01134,220,rubato,241,0,7,0,9.685829275919536,0
01134,220,dynamics,241,0,0,0,3.2410154421920425,0
01134,220,articulation,240,1,2,0,9.981080797979486,0
01134,220,pedal_depth,241,0,3,0,6.94670147019499,0
01134,220,pedal_down_ratio,241,0,0,0,3.310045564678521,0
01134,220,pedal_changes,241,0,0,0,3.7720423646140677,0
01136,220,tempo,241,0,11,1,10.52871711250635,0
01136,220,rubato,241,0,14,8,13.706796126105985,0
01136,220,dynamics,241,0,0,0,3.5693260973751326,0
01136,220,articulation,240,1,2,1,10.276451127831443,0
01136,220,pedal_depth,241,0,4,0,6.95525198071218,0
01136,220,pedal_down_ratio,241,0,0,0,3.210128617027736,0
01136,220,pedal_changes,241,0,0,0,3.7720423646140677,0
01765,339,tempo,868,0,57,6,16.25851759924283,0
01765,339,rubato,868,0,180,102,37.25442092371095,0
01765,339,dynamics,868,0,0,0,5.311614730878189,0
01765,339,articulation,866,2,15,2,13.359671083541967,0
01765,339,pedal_depth,868,0,0,0,3.122018644055055,0
01765,339,pedal_down_ratio,868,0,0,0,3.7051396695203853,0
01765,339,pedal_changes,868,0,3,0,6.595939556073965,0
01766,339,tempo,868,0,20,6,15.610670467970278,0
01766,339,rubato,868,0,42,30,35.63752551560251,0
01766,339,dynamics,868,0,0,0,5.1851477134763275,0
01766,339,articulation,867,1,9,0,9.305337918840396,0
01766,339,pedal_depth,868,0,0,0,2.67833663188848,0
01766,339,pedal_down_ratio,868,0,0,0,3.7051396695203853,0
01766,339,pedal_changes,868,0,0,0,5.7714471115647195,0
01767,339,tempo,868,0,10,1,12.87408844662516,0
01767,339,rubato,868,0,49,21,27.219577477399785,0
01767,339,dynamics,868,0,0,0,4.426345609065155,0
01767,339,articulation,867,1,7,0,9.019051277330995,0
01767,339,pedal_depth,868,0,0,0,2.457958030083606,0
01767,339,pedal_down_ratio,868,0,0,0,3.7051396695203853,0
01767,339,pedal_changes,868,0,1,0,7.420432000583211,0
01768,339,tempo,868,0,43,12,15.57745922022596,0
01768,339,rubato,868,0,166,91,32.61169358013504,0
01768,339,dynamics,868,0,5,0,8.220356131121006,0
01768,339,articulation,864,4,33,4,16.135151027519942,0
01768,339,pedal_depth,868,0,0,0,2.8733543332151403,0
01768,339,pedal_down_ratio,868,0,0,0,3.7051396695203853,0
01768,339,pedal_changes,868,0,2,0,8.244924445092456,0
01769,339,tempo,868,0,30,12,19.766917133074895,0
01769,339,rubato,868,0,85,41,38.77010062389962,0
01769,339,dynamics,868,0,0,0,4.721435316336167,0
01769,339,articulation,868,0,14,2,14.754336911332986,0
01769,339,pedal_depth,868,0,0,0,2.4181151030658556,0
01769,339,pedal_down_ratio,868,0,0,0,3.7051396695203853,0
01769,339,pedal_changes,868,0,0,0,5.7714471115647195,0
01770,339,tempo,867,1,19,4,18.168179558254838,0
01770,339,rubato,867,1,54,31,39.42401619706821,0
01770,339,dynamics,868,0,2,0,7.250775664373398,0
01770,339,articulation,860,8,22,5,23.31146653383183,0
01770,339,pedal_depth,868,0,0,0,3.1926159257945423,0
01770,339,pedal_down_ratio,868,0,0,0,3.7051396695203853,0
01770,339,pedal_changes,868,0,2,0,6.595939556073965,0
01771,339,tempo,868,0,19,7,24.23642284331322,0
01771,339,rubato,868,0,50,27,56.137750231580426,0
01771,339,dynamics,868,0,6,0,7.714488061513558,0
01771,339,articulation,864,4,23,4,29.399392596173996,0
01771,339,pedal_depth,868,0,0,0,2.7608689043435763,0
01771,339,pedal_down_ratio,868,0,0,0,3.628428703277671,0
01771,339,pedal_changes,868,0,0,0,4.946954667055474,0
01923,363,tempo,334,0,30,18,31.946359779810823,0
01923,363,rubato,334,0,46,27,48.204468681637046,0
01923,363,dynamics,333,1,0,0,5.513961958721176,0
01923,363,articulation,331,3,2,1,17.01495427257634,0
01923,363,pedal_depth,334,0,0,0,3.675654767626617,0
01923,363,pedal_down_ratio,334,0,5,0,6.000769559758237,0
01923,363,pedal_changes,334,0,4,0,7.657449371717746,0
01930,363,tempo,333,1,32,16,26.40128047540191,0
01930,363,rubato,333,1,47,28,42.10412526687002,0
01930,363,dynamics,331,3,0,0,4.755159854310011,0
01930,363,articulation,329,5,2,1,20.953903594778208,0
01930,363,pedal_depth,334,0,0,0,1.5584127130932894,0
01930,363,pedal_down_ratio,334,0,0,0,3.608710216349605,0
01930,363,pedal_changes,334,0,2,0,6.125959497374197,0
01932,363,tempo,332,2,28,17,28.907652859488575,0
01932,363,rubato,332,2,45,27,43.409830214536015,0
01932,363,dynamics,333,1,0,0,2.993052745177396,0
01932,363,articulation,332,2,4,3,13.136335656827084,0
01932,363,pedal_depth,334,0,0,0,3.0951095169491047,0
01932,363,pedal_down_ratio,334,0,1,0,6.000769559758237,0
01932,363,pedal_changes,334,0,2,0,6.125959497374197,0
01933,363,tempo,334,0,47,16,37.09578172732408,0
01933,363,rubato,334,0,66,41,52.13220579078597,0
01933,363,dynamics,334,0,0,0,4.763590988803463,0
01933,363,articulation,332,2,6,1,13.254064059510274,0
01933,363,pedal_depth,334,0,0,0,3.4566167201559668,0
01933,363,pedal_down_ratio,334,0,9,0,6.000769559758242,0
01933,363,pedal_changes,334,0,2,1,10.720429120404845,0
02195,450,tempo,217,0,2,0,7.1354990065997015,0
02195,450,rubato,217,0,21,10,24.525737011599926,0
02195,450,dynamics,217,0,0,0,3.897057721420336,0
02195,450,articulation,217,0,17,3,15.172934141771307,0
02195,450,pedal_depth,217,0,0,0,2.914670429445288,0
02195,450,pedal_down_ratio,217,0,0,0,2.6509845848754066,0
02195,450,pedal_changes,217,0,1,0,8.204952697245812,0
02196,450,tempo,217,0,2,0,6.9877101551068135,0
02196,450,rubato,217,0,6,6,25.018570151380768,0
02196,450,dynamics,217,0,0,0,3.147623544224117,0
02196,450,articulation,215,2,4,2,14.525880267152312,0
02196,450,pedal_depth,217,0,0,0,2.5337112675836586,0
02196,450,pedal_down_ratio,217,0,0,0,2.6509845848754066,0
02196,450,pedal_changes,217,0,0,0,4.786222406726724,0
02197,450,tempo,217,0,2,1,10.321962071085006,0
02197,450,rubato,217,0,6,4,35.94890833139562,0
02197,450,dynamics,217,0,0,0,3.7659067404109976,0
02197,450,articulation,215,2,3,2,14.26545404832952,0
02197,450,pedal_depth,217,0,0,0,2.44719865673206,0
02197,450,pedal_down_ratio,217,0,0,0,2.6509845848754066,0
02197,450,pedal_changes,217,0,0,0,5.469968464830541,0
02198,450,tempo,217,0,2,0,8.672107508297191,0
02198,450,rubato,217,0,15,9,25.762905934288636,0
02198,450,dynamics,217,0,0,0,3.2975103796633616,0
02198,450,articulation,217,0,11,3,15.853124999710566,0
02198,450,pedal_depth,217,0,0,0,2.966224622236697,0
02198,450,pedal_down_ratio,217,0,0,0,2.6509845848754066,0
02198,450,pedal_changes,217,0,0,0,4.102476348622906,0
02199,450,tempo,217,0,0,0,5.035986894694361,0
02199,450,rubato,217,0,7,4,13.490852499200683,0
02199,450,dynamics,217,0,0,0,4.665227753046458,0
02199,450,articulation,217,0,3,0,9.381770664418765,0
02199,450,pedal_depth,217,0,0,0,2.659676197177076,0
02199,450,pedal_down_ratio,217,0,0,0,2.6509845848754066,0
02199,450,pedal_changes,217,0,0,0,4.786222406726724,0
02200,450,tempo,217,0,2,0,7.0548259278567516,0
02200,450,rubato,217,0,12,6,27.536216699149737,0
02200,450,dynamics,215,2,0,0,4.908793860635229,0
02200,450,articulation,215,2,11,7,23.079424373461013,0
02200,450,pedal_depth,217,0,0,0,2.3924560694704944,0
02200,450,pedal_down_ratio,217,0,0,0,2.486090806868847,0
02200,450,pedal_changes,217,0,0,0,2.051238174311453,0
02201,450,tempo,217,0,3,0,6.801544920772824,0
02201,450,rubato,217,0,19,12,28.495117814134947,0
02201,450,dynamics,216,1,1,0,6.769888734005837,0
02201,450,articulation,215,2,13,6,21.460537685230513,0
02201,450,pedal_depth,217,0,0,0,2.4049053364360287,0
02201,450,pedal_down_ratio,217,0,0,0,2.6509845848754066,0
02201,450,pedal_changes,217,0,0,0,3.4187302905190884,0
02402,494,tempo,316,0,0,0,5.997360279074343,0
02402,494,rubato,316,0,36,22,20.07524290696793,0
02402,494,dynamics,316,0,0,0,2.5339302328099422,0
02402,494,articulation,316,0,0,0,5.446218790615759,0
02402,494,pedal_depth,316,0,0,0,1.905991234401115,0
02402,494,pedal_down_ratio,316,0,0,0,2.7320242746508256,0
02402,494,pedal_changes,316,0,0,0,5.299990358648923,0
02403,494,tempo,316,0,1,0,7.154469451597243,0
02403,494,rubato,316,0,36,25,29.471331586185126,0
02403,494,dynamics,316,0,0,0,2.5151896043851067,0
02403,494,articulation,316,0,1,1,16.477873708362978,0
02403,494,pedal_depth,316,0,0,0,2.14106216801413,0
02403,494,pedal_down_ratio,316,0,0,0,2.7320242746508256,0
02403,494,pedal_changes,316,0,0,0,5.829989394513816,0
02404,494,tempo,316,0,2,0,6.370771667129733,0
02404,494,rubato,316,0,42,26,23.12423033174432,0
02404,494,dynamics,316,0,0,0,3.63346262947202,0
02404,494,articulation,316,0,1,0,6.039626363664107,0
02404,494,pedal_depth,316,0,0,0,2.9443854642796996,0
02404,494,pedal_down_ratio,316,0,0,0,2.7320242746508256,0
02404,494,pedal_changes,316,0,0,0,3.709993251054246,0
02405,494,tempo,316,0,0,0,5.5161113254015,0
02405,494,rubato,316,0,24,14,19.119516958751596,0
02405,494,dynamics,316,0,0,0,4.0390985999831495,0
02405,494,articulation,316,0,0,0,5.990005321414304,0
02405,494,pedal_depth,316,0,0,0,2.690464087357964,0
02405,494,pedal_down_ratio,316,0,0,0,2.7320242746508256,0
02405,494,pedal_changes,316,0,0,0,3.709993251054246,0
02406,494,tempo,316,0,6,0,7.4030246764107215,0
02406,494,rubato,316,0,50,23,20.695778014342604,0
02406,494,dynamics,316,0,0,0,3.117355586140839,0
02406,494,articulation,316,0,1,0,8.801770288245338,0
02406,494,pedal_depth,316,0,0,0,3.2012044584173323,0
02406,494,pedal_down_ratio,316,0,0,0,2.7320242746508256,0
02406,494,pedal_changes,316,0,0,0,2.6499951793244616,0
02407,494,tempo,316,0,2,0,6.787721491185429,0
02407,494,rubato,316,0,43,20,18.681333925529014,0
02407,494,dynamics,316,0,0,0,4.401581807673942,0
02407,494,articulation,316,0,0,0,4.290938408334354,0
02407,494,pedal_depth,316,0,0,0,2.744841990836939,0
02407,494,pedal_down_ratio,316,0,0,0,2.7320242746508256,0
02407,494,pedal_changes,316,0,0,0,4.239992286919138,0
02408,494,tempo,316,0,6,0,8.71777722538997,0
02408,494,rubato,316,0,42,28,23.155738555661717,0
02408,494,dynamics,316,0,0,0,4.625976174339671,0
02408,494,articulation,316,0,1,0,9.551469600356212,0
02408,494,pedal_depth,316,0,0,0,1.534529788320474,0
02408,494,pedal_down_ratio,316,0,0,0,2.56364902114351,0
02408,494,pedal_changes,316,0,0,0,2.6499951793244616,0
02409,494,tempo,316,0,12,0,7.047834460880412,0
02409,494,rubato,316,0,53,37,19.750812868798732,0
02409,494,dynamics,316,0,0,0,3.1208078071664658,0
02409,494,articulation,316,0,0,0,4.643144087599918,0
02409,494,pedal_depth,316,0,0,0,1.6286507521775064,0
02409,494,pedal_down_ratio,316,0,0,0,2.56364902114351,0
02409,494,pedal_changes,316,0,0,0,3.179994215189354,0
02410,494,tempo,316,0,1,0,6.329890732722958,0
02410,494,rubato,316,0,38,21,20.386577251173467,0
02410,494,dynamics,316,0,0,0,3.479838793831635,0
02410,494,articulation,316,0,2,0,6.500426903701911,0
02410,494,pedal_depth,316,0,0,0,1.6618958652158506,0
02410,494,pedal_down_ratio,316,0,0,0,2.7320242746508256,0
02410,494,pedal_changes,316,0,0,0,2.6499951793244616,0
02411,494,tempo,316,0,0,0,5.797082022603018,0
02411,494,rubato,316,0,28,14,20.650590407604877,0
02411,494,dynamics,316,0,0,0,4.867631646133536,0
02411,494,articulation,316,0,1,0,7.830843586972719,0
02411,494,pedal_depth,316,0,0,0,2.643262963018328,0
02411,494,pedal_down_ratio,316,0,0,0,2.7320242746508256,0
02411,494,pedal_changes,316,0,0,0,4.239992286919138,0
02412,494,tempo,316,0,0,0,5.614529687212309,0
02412,494,rubato,316,0,34,18,19.4519665370639,0
02412,494,dynamics,316,0,0,0,5.178331538439932,0
02412,494,articulation,316,0,1,1,14.699847702934614,0
02412,494,pedal_depth,316,0,0,0,2.501659589999493,0
02412,494,pedal_down_ratio,316,0,0,0,2.7320242746508256,0
02412,494,pedal_changes,316,0,0,0,5.829989394513816,0
02517,515,tempo,135,0,0,0,5.241809950900122,0
02517,515,rubato,135,0,12,6,35.986821818622026,0
02517,515,dynamics,134,1,0,0,4.799746977548808,0
02517,515,articulation,134,1,12,1,12.05845024796883,0
02517,515,pedal_depth,135,0,0,0,2.4166524343286184,0
02517,515,pedal_down_ratio,135,0,0,0,3.5380246837117917,0
02517,515,pedal_changes,135,0,1,0,6.309368882366299,0
02518,515,tempo,135,0,0,0,1.3029236025406825,0
02518,515,rubato,135,0,4,3,15.193947823278108,0
02518,515,dynamics,135,0,0,0,5.53233993727994,0
02518,515,articulation,135,0,9,2,10.261255571613226,0
02518,515,pedal_depth,135,0,0,0,1.020627616570557,0
02518,515,pedal_down_ratio,135,0,0,0,3.4849176879417922,0
02518,515,pedal_changes,135,0,1,0,6.309368882366299,0
02519,515,tempo,135,0,1,1,20.680568221314676,0
02519,515,rubato,135,0,10,4,185.28505370799172,0
02519,515,dynamics,135,0,0,0,5.052365239525061,0
02519,515,articulation,135,0,11,3,52.568856025898086,0
02519,515,pedal_depth,135,0,0,0,2.804637302894971,0
02519,515,pedal_down_ratio,135,0,0,0,3.548279827722569,0
02519,515,pedal_changes,135,0,0,0,3.1546844411831496,0
02526,517,tempo,83,0,0,0,2.2712780455529193,0
02526,517,rubato,83,0,7,2,17.200317951108772,0
02526,517,dynamics,83,0,0,0,2.7600161877782297,0
02526,517,articulation,83,0,3,0,9.997917425734665,0
02526,517,pedal_depth,83,0,0,0,1.9966535340019858,0
02526,517,pedal_down_ratio,83,0,0,0,3.4742678992033444,0
02526,517,pedal_changes,83,0,0,0,4.676619186612622,0
02527,517,tempo,83,0,0,0,3.1648089474589236,0
02527,517,rubato,83,0,3,1,15.54808068076639,0
02527,517,dynamics,83,0,0,0,4.031527625214394,0
02527,517,articulation,83,0,3,0,8.1155841930361,0
02527,517,pedal_depth,83,0,0,0,2.1647875430197057,0
02527,517,pedal_down_ratio,83,0,0,0,3.492323222448941,0
02527,517,pedal_changes,83,0,0,0,2.805971511967573,0
02528,517,tempo,83,0,1,0,6.538088082341805,0
02528,517,rubato,83,0,5,3,48.137735188650915,0
02528,517,dynamics,83,0,0,0,2.9947389720760853,0
02528,517,articulation,83,0,4,1,48.88581797075515,0
02528,517,pedal_depth,83,0,2,0,7.861503123460588,0
02528,517,pedal_down_ratio,83,0,0,0,3.486967024873161,0
02528,517,pedal_changes,83,0,0,0,3.7412953492900973,0
02530,518,tempo,127,0,16,10,25.06934626697594,0
02530,518,rubato,127,0,20,14,30.69045754311822,0
02530,518,dynamics,127,0,0,0,1.4546299097579387,0
02530,518,articulation,127,0,5,0,9.048279734532356,0
02530,518,pedal_depth,127,0,0,0,3.1824808966901834,0
02530,518,pedal_down_ratio,127,0,0,0,3.0525006981491303,0
02530,518,pedal_changes,127,0,0,0,3.466018279354313,0
02531,518,tempo,127,0,9,6,21.47141494810019,0
02531,518,rubato,127,0,10,9,25.78308494625118,0
02531,518,dynamics,127,0,0,0,2.291958891425324,0
02531,518,articulation,127,0,2,0,8.88361964303307,0
02531,518,pedal_depth,127,0,0,0,2.167389887602609,0
02531,518,pedal_down_ratio,127,0,0,0,3.0525006981491303,0
02531,518,pedal_changes,127,0,0,0,3.466018279354313,0
02532,518,tempo,127,0,21,16,35.465421123002606,0
02532,518,rubato,127,0,22,18,44.100734899882134,0
02532,518,dynamics,126,1,0,0,4.110246278622747,0
02532,518,articulation,125,2,8,0,9.24031194373962,0
02532,518,pedal_depth,127,0,0,0,2.563238115280814,0
02532,518,pedal_down_ratio,127,0,0,0,3.0525006981491303,0
02532,518,pedal_changes,127,0,0,0,5.199027419031469,0
02537,520,tempo,136,0,0,0,3.4558902437525387,0
02537,520,rubato,136,0,4,0,9.50632104424245,0
02537,520,dynamics,136,0,0,0,3.6197048944364707,0
02537,520,articulation,136,0,0,0,3.113094512224336,0
02537,520,pedal_depth,136,0,0,0,3.8574863453272923,0
02537,520,pedal_down_ratio,136,0,0,0,2.3509881074671255,0
02537,520,pedal_changes,136,0,0,0,3.148163142864275,0
02538,520,tempo,136,0,0,0,3.4558902437525387,0
02538,520,rubato,136,0,4,0,9.50632104424245,0
02538,520,dynamics,136,0,0,0,3.6197048944364685,0
02538,520,articulation,136,0,0,0,3.1130945122243356,0
02538,520,pedal_depth,136,0,0,0,3.8574863453272923,0
02538,520,pedal_down_ratio,136,0,0,0,2.3509881074671255,0
02538,520,pedal_changes,136,0,0,0,3.148163142864275,0
02540,521,tempo,107,0,4,0,9.825754643726837,0
02540,521,rubato,107,0,11,7,33.97613105947066,0
02540,521,dynamics,107,0,0,0,5.39592607581274,0
02540,521,articulation,107,0,1,0,7.3715451689832125,0
02540,521,pedal_depth,107,0,0,0,2.378547684313494,0
02540,521,pedal_down_ratio,107,0,0,0,4.027075946934357,0
02540,521,pedal_changes,107,0,1,0,7.495909105480707,0
02542,521,tempo,107,0,6,1,10.326057538947802,0
02542,521,rubato,107,0,9,6,20.14826931671416,0
02542,521,dynamics,107,0,0,0,5.036197670758556,0
02542,521,articulation,107,0,4,0,9.726744972663397,0
02542,521,pedal_depth,107,0,0,0,2.4822987745438994,0
02542,521,pedal_down_ratio,107,0,0,0,3.943251295827268,0
02542,521,pedal_changes,107,0,1,0,7.495909105480707,0
02543,521,tempo,107,0,1,0,7.047298560551467,0
02543,521,rubato,107,0,9,3,20.255835409897106,0
02543,521,dynamics,107,0,0,0,5.000867202405025,0
02543,521,articulation,107,0,1,0,8.217601106290871,0
02543,521,pedal_depth,107,0,0,0,2.92226554939335,0
02543,521,pedal_down_ratio,107,0,0,0,3.945248569202719,0
02543,521,pedal_changes,107,0,0,0,1.4991818210961414,0
02545,522,tempo,130,0,1,0,6.660224377224016,0
02545,522,rubato,130,0,9,6,36.93673442680226,0
02545,522,dynamics,129,1,0,0,4.162985977844793,0
02545,522,articulation,129,1,11,4,22.714870955831653,0
02545,522,pedal_depth,130,0,0,0,1.5864391099135187,0
02545,522,pedal_down_ratio,130,0,0,0,2.84644754929651,0
02545,522,pedal_changes,130,0,0,0,3.151708099453711,0
02546,522,tempo,130,0,0,0,2.606952715045505,0
02546,522,rubato,130,0,1,1,10.360432509512568,0
02546,522,dynamics,130,0,0,0,3.4928467716551452,0
02546,522,articulation,130,0,4,1,15.832094699792144,0
02546,522,pedal_depth,130,0,0,0,2.8839430365959258,0
02546,522,pedal_down_ratio,130,0,0,0,2.7783507179736326,0
02546,522,pedal_changes,130,0,0,0,3.545671611885425,0
02547,522,tempo,130,0,5,3,13.955682395625258,0
02547,522,rubato,130,0,15,12,55.313233844709586,0
02547,522,dynamics,130,0,0,0,5.686029628275813,0
02547,522,articulation,130,0,8,5,22.11696296279596,0
02547,522,pedal_depth,130,0,0,0,3.8299474534963576,0
02547,522,pedal_down_ratio,130,0,0,0,2.7762948062454624,0
02547,522,pedal_changes,130,0,0,0,3.545671611885425,0
02556,525,tempo,256,0,0,0,3.8359918627247938,0
02556,525,rubato,256,0,24,12,26.507590420228595,0
02556,525,dynamics,256,0,0,0,4.780097723867025,0
02556,525,articulation,256,0,1,0,9.326223593530173,0
02556,525,pedal_depth,256,0,0,0,2.914401029533537,0
02556,525,pedal_down_ratio,256,0,0,0,3.1893598717255807,0
02556,525,pedal_changes,256,0,0,0,5.064249416151389,0
02557,525,tempo,256,0,0,0,2.797769243146248,0
02557,525,rubato,256,0,25,8,16.385650950840546,0
02557,525,dynamics,256,0,0,0,3.6102048642921347,0
02557,525,articulation,256,0,0,0,5.361014198666889,0
02557,525,pedal_depth,256,0,0,0,2.3913926285350016,0
02557,525,pedal_down_ratio,256,0,0,0,2.103921572645753,0
02557,525,pedal_changes,256,0,0,0,2.13231554364269,0
02558,525,tempo,256,0,0,0,4.48266909441069,0
02558,525,rubato,256,0,27,13,31.829367474738476,0
02558,525,dynamics,256,0,0,0,4.054851565091953,0
02558,525,articulation,256,0,0,0,5.852076523680797,0
02558,525,pedal_depth,256,0,0,0,2.3824850776968542,0
02558,525,pedal_down_ratio,256,0,0,0,3.1893598717255807,0
02558,525,pedal_changes,256,0,0,0,3.1984733154640352,0
02559,525,tempo,256,0,0,0,3.821866698838324,0
02559,525,rubato,256,0,18,4,17.981285856905068,0
02559,525,dynamics,256,0,0,0,3.794745871614033,0
02559,525,articulation,256,0,0,0,5.32196156556016,0
02559,525,pedal_depth,256,0,0,0,2.841840839844626,0
02559,525,pedal_down_ratio,256,0,0,0,3.1893598717255807,0
02559,525,pedal_changes,256,0,0,0,2.13231554364269,0
02560,526,tempo,104,0,2,0,7.849100139383371,0
02560,526,rubato,104,0,13,9,23.105105577463018,0
02560,526,dynamics,104,0,0,0,5.568544053985956,0
02560,526,articulation,104,0,17,2,15.641356664822219,0
02560,526,pedal_depth,104,0,0,0,1.8856120450785792,0
02560,526,pedal_down_ratio,104,0,0,0,2.3776085529190163,0
02560,526,pedal_changes,104,0,0,0,3.523331301831398,0
02561,526,tempo,104,0,1,0,8.614793320563477,0
02561,526,rubato,104,0,4,2,27.15190791126849,0
02561,526,dynamics,104,0,0,0,2.5414472822919016,0
02561,526,articulation,104,0,0,0,4.402811054828361,0
02561,526,pedal_depth,104,0,0,0,2.131010090463036,0
02561,526,pedal_down_ratio,104,0,0,0,2.6966419675252,0
02561,526,pedal_changes,104,0,0,0,2.740368790313309,0
02562,526,tempo,103,1,1,0,7.056651135398891,0
02562,526,rubato,103,1,13,9,25.590565997815418,0
02562,526,dynamics,104,0,0,0,3.1944549595410536,0
02562,526,articulation,104,0,1,1,16.386598271298503,0
02562,526,pedal_depth,104,0,0,0,2.5658793986867083,0
02562,526,pedal_down_ratio,104,0,0,0,3.1784069467395395,0
02562,526,pedal_changes,104,0,0,0,3.523331301831398,0
02563,526,tempo,104,0,0,0,5.383036879681716,0
02563,526,rubato,104,0,6,4,24.197443170945714,0
02563,526,dynamics,104,0,0,0,3.107446458697521,0
02563,526,articulation,104,0,0,0,3.41985936141478,0
02563,526,pedal_depth,104,0,0,0,5.679350577672062,0
02563,526,pedal_down_ratio,104,0,0,0,2.1980478383734963,0
02563,526,pedal_changes,104,0,0,0,1.761665650915699,0
02565,527,tempo,84,0,1,0,6.634891020653536,0
02565,527,rubato,84,0,12,8,26.409143089549804,0
02565,527,dynamics,84,0,0,0,4.2300206201460755,0
02565,527,articulation,83,1,4,1,10.535900517162235,0
02565,527,pedal_depth,84,0,0,0,1.5891359803317302,0
02565,527,pedal_down_ratio,84,0,0,0,2.6855685454048865,0
02565,527,pedal_changes,84,0,0,0,4.257660482967052,0
02566,527,tempo,84,0,0,0,4.997198887380491,0
02566,527,rubato,84,0,2,2,13.292909361943872,0
02566,527,dynamics,84,0,0,0,2.569488607529886,0
02566,527,articulation,84,0,1,0,6.361771801008549,0
02566,527,pedal_depth,84,0,0,0,4.0682022561879085,0
02566,527,pedal_down_ratio,84,0,0,0,2.6991266572114654,0
02566,527,pedal_changes,84,0,0,0,2.902950329295717,0
02567,527,tempo,84,0,0,0,1.2802434644227647,0
02567,527,rubato,84,0,0,0,5.464646530479091,0
02567,527,dynamics,84,0,0,0,2.0028246021192784,0
02567,527,articulation,84,0,0,0,3.351444682829918,0
02567,527,pedal_depth,84,0,0,0,0.8474797908493188,0
02567,527,pedal_down_ratio,84,0,0,0,1.5314040210072524,0
02567,527,pedal_changes,84,0,0,0,1.7417701975774302,0
02568,527,tempo,84,0,0,0,2.7043717530429148,0
02568,527,rubato,84,0,0,0,3.997125082252378,0
02568,527,dynamics,84,0,0,0,1.5497228164164634,0
02568,527,articulation,84,0,0,0,4.332029314401133,0
02568,527,pedal_depth,84,0,0,0,3.4981530841080906,0
02568,527,pedal_down_ratio,84,0,0,0,2.184705562674524,0
02568,527,pedal_changes,84,0,0,0,3.870600439060956,0
00126,52,tempo,331,0,3,0,9.980182384227977,0
00126,52,rubato,331,0,3,2,10.545520257325594,0
00126,52,dynamics,329,2,6,0,9.743379619658741,0
00126,52,articulation,328,3,3,2,21.11950360005708,0
00126,52,pedal_depth,331,0,2,0,7.393373842488983,0
00126,52,pedal_down_ratio,331,0,3,0,7.9097338660080645,0
00126,52,pedal_changes,331,0,0,0,5.923294245617331,0
00127,52,tempo,331,0,2,0,7.576370140523323,0
00127,52,rubato,331,0,2,0,7.36306130183816,0
00127,52,dynamics,330,1,7,1,10.316190867731594,0
00127,52,articulation,329,2,2,1,10.530672022302358,0
00127,52,pedal_depth,331,0,0,0,2.232944755828554,0
00127,52,pedal_down_ratio,331,0,0,0,2.06149011936251,0
00127,52,pedal_changes,331,0,0,0,3.553976547370399,0
00128,52,tempo,331,0,4,1,14.580009563164728,0
00128,52,rubato,331,0,4,1,14.405745752061806,0
00128,52,dynamics,330,1,0,0,4.903823123745649,0
00128,52,articulation,329,2,5,0,9.817143060016683,0
00128,52,pedal_depth,331,0,0,0,3.21631572333104,0
00128,52,pedal_down_ratio,331,0,6,0,7.9097338660080645,0
00128,52,pedal_changes,331,0,1,0,7.107953094740798,0
00129,52,tempo,331,0,5,0,8.797013730241066,0
00129,52,rubato,331,0,6,0,8.945437520699798,0
00129,52,dynamics,331,0,3,0,6.562647242148501,0
00129,52,articulation,331,0,3,0,6.8994125478214965,0
00129,52,pedal_depth,331,0,5,0,7.422269021684287,0
00129,52,pedal_down_ratio,331,0,5,0,7.9097338660080645,0
00129,52,pedal_changes,331,0,0,0,5.923294245617331,0
00130,52,tempo,331,0,3,0,7.97634079494095,0
00130,52,rubato,331,0,4,0,7.83444462710173,0
00130,52,dynamics,331,0,7,0,7.531303661653816,0
00130,52,articulation,331,0,2,0,7.84977553866308,0
00130,52,pedal_depth,331,0,2,0,6.790179774263848,0
00130,52,pedal_down_ratio,331,0,6,0,7.9097338660080645,0
00130,52,pedal_changes,331,0,0,0,3.553976547370399,0
02583,531,tempo,289,0,0,0,2.8909309107178243,0
02583,531,rubato,289,0,0,0,5.667169211377088,0
02583,531,dynamics,289,0,0,0,4.6601179745655665,0
02583,531,articulation,288,1,6,2,14.926977541742287,0
02583,531,pedal_depth,289,0,0,0,1.7640933414957218,0
02583,531,pedal_down_ratio,289,0,0,0,2.878198813041732,0
02583,531,pedal_changes,289,0,0,0,2.6661847717339473,0
02584,531,tempo,289,0,19,0,9.676548522011204,0
02584,531,rubato,289,0,4,2,24.129290363532096,0
02584,531,dynamics,289,0,1,0,6.521935442872861,0
02584,531,articulation,288,1,5,1,27.230502014983074,0
02584,531,pedal_depth,289,0,0,0,2.998777121534899,0
02584,531,pedal_down_ratio,289,0,0,0,3.2158599284551235,0
02584,531,pedal_changes,289,0,0,0,4.999096447001151,0
02585,531,tempo,288,1,0,0,4.168865096541139,0
02585,531,rubato,288,1,2,1,14.095430144815074,0
02585,531,dynamics,289,0,0,0,3.9298841771156985,0
02585,531,articulation,288,1,9,3,53.93210459503489,0
02585,531,pedal_depth,289,0,0,0,1.7640933414957218,0
02585,531,pedal_down_ratio,289,0,0,0,3.2462704702907748,0
02585,531,pedal_changes,289,0,0,0,4.999096447001151,0
02586,531,tempo,289,0,0,0,3.3731228490210374,0
02586,531,rubato,289,0,0,0,5.717795803011888,0
02586,531,dynamics,289,0,0,0,3.4003253163696128,0
02586,531,articulation,288,1,3,0,7.041979802246435,0
02586,531,pedal_depth,289,0,0,0,4.267826047897037,0
02586,531,pedal_down_ratio,289,0,0,0,3.2544888765446793,0
02586,531,pedal_changes,289,0,0,0,2.6661847717339473,0
02594,533,tempo,93,0,1,0,6.079198016949074,0
02594,533,rubato,93,0,6,0,9.703663303631174,0
02594,533,dynamics,93,0,0,0,2.7233285023653275,0
02594,533,articulation,93,0,3,2,16.51246660216577,0
02594,533,pedal_depth,93,0,0,0,4.458291225154819,0
02594,533,pedal_down_ratio,93,0,0,0,2.9408078509318005,0
02594,533,pedal_changes,93,0,0,0,2.2261898060658663,0
02595,533,tempo,93,0,1,0,6.079198016949074,0
02595,533,rubato,93,0,6,0,9.703663303631174,0
02595,533,dynamics,93,0,0,0,2.7233285023653275,0
02595,533,articulation,93,0,3,2,16.512466602165773,0
02595,533,pedal_depth,93,0,0,0,4.458291225154819,0
02595,533,pedal_down_ratio,93,0,0,0,2.9408078509318005,0
02595,533,pedal_changes,93,0,0,0,2.2261898060658663,0
02597,534,tempo,74,0,2,2,16.340252901444106,0
02597,534,rubato,74,0,7,4,61.472726544340546,0
02597,534,dynamics,74,0,0,0,2.5106044936073246,0
02597,534,articulation,74,0,5,2,21.515413285466693,0
02597,534,pedal_depth,74,0,0,0,2.631288381816449,0
02597,534,pedal_down_ratio,74,0,0,0,3.089566641151489,0
02597,534,pedal_changes,74,0,0,0,4.678207656906309,0
02598,534,tempo,74,0,0,0,4.412353990841618,0
02598,534,rubato,74,0,0,0,5.468830343116564,0
02598,534,dynamics,74,0,0,0,4.609020189756732,0
02598,534,articulation,74,0,2,0,8.4135880376851,0
02598,534,pedal_depth,74,0,0,0,2.4545586737418104,0
02598,534,pedal_down_ratio,74,0,0,0,3.844385331842506,0
02598,534,pedal_changes,74,0,1,0,7.017311485359464,0
02599,534,tempo,74,0,0,0,5.340950698463831,0
02599,534,rubato,74,0,0,0,5.434341129584276,0
02599,534,dynamics,74,0,0,0,4.346718227738054,0
02599,534,articulation,74,0,1,0,7.640899552485023,0
02599,534,pedal_depth,74,0,0,0,2.370091005720557,0
02599,534,pedal_down_ratio,74,0,0,0,3.332417333923426,0
02599,534,pedal_changes,74,0,0,0,4.678207656906309,0
02601,535,tempo,92,0,0,0,2.5665347437643966,0
02601,535,rubato,92,0,5,0,9.078765473641889,0
02601,535,dynamics,92,0,0,0,4.596594590589964,0
02601,535,articulation,92,0,0,0,3.3119119720141668,0
02601,535,pedal_depth,92,0,0,0,2.996403606247576,0
02601,535,pedal_down_ratio,92,0,0,0,2.838682054858708,0
02601,535,pedal_changes,92,0,0,0,4.473910357161141,0
02602,535,tempo,92,0,0,0,3.130644373099461,0
02602,535,rubato,92,0,5,2,19.527629461673886,0
02602,535,dynamics,92,0,0,0,2.2954320983106435,0
02602,535,articulation,92,0,0,0,4.146906857219032,0
02602,535,pedal_depth,92,0,0,0,4.141478234828989,0
02602,535,pedal_down_ratio,92,0,0,0,2.517264143525331,0
02602,535,pedal_changes,92,0,0,0,1.7895641428644564,0
02603,535,tempo,92,0,1,0,7.23887017492943,0
02603,535,rubato,92,0,5,3,66.75512360680929,0
02603,535,dynamics,92,0,0,0,4.273236645214537,0
02603,535,articulation,92,0,0,0,5.019790409616352,0
02603,535,pedal_depth,92,0,0,0,3.042080133304406,0
02603,535,pedal_down_ratio,92,0,0,0,2.845720101055053,0
02603,535,pedal_changes,92,0,0,0,3.579128285728913,0
02604,535,tempo,92,0,0,0,1.3305737002659683,0
02604,535,rubato,92,0,3,3,11.84129025454359,0
02604,535,dynamics,92,0,0,0,2.5213733462185393,0
02604,535,articulation,92,0,0,0,2.3164938681770093,0
02604,535,pedal_depth,92,0,0,0,2.9693548776883287,0
02604,535,pedal_down_ratio,92,0,0,0,2.9198411827569424,0
02604,535,pedal_changes,92,0,0,0,2.6843462142966845,0
02615,538,tempo,134,0,2,0,9.184867323585612,0
02615,538,rubato,134,0,9,4,21.663906944245532,0
02615,538,dynamics,134,0,0,0,3.60811924346516,0
02615,538,articulation,134,0,0,0,5.801605478240286,0
02615,538,pedal_depth,134,0,0,0,3.7747585298432047,0
02615,538,pedal_down_ratio,134,0,0,0,2.8967903410315357,0
02615,538,pedal_changes,134,0,0,0,4.736958853483981,0
02616,538,tempo,134,0,1,0,8.70568003759944,0
02616,538,rubato,134,0,5,2,15.13565077782884,0
02616,538,dynamics,134,0,0,0,3.3599933255211605,0
02616,538,articulation,134,0,1,0,9.561430283472355,0
02616,538,pedal_depth,134,0,0,0,2.1182358103745766,0
02616,538,pedal_down_ratio,134,0,0,0,2.968139856820543,0
02616,538,pedal_changes,134,0,0,0,2.1711061411801578,0
02617,538,tempo,134,0,6,2,13.991991255102713,0
02617,538,rubato,134,0,18,9,28.313661191858223,0
02617,538,dynamics,134,0,0,0,4.9944821780038,0
02617,538,articulation,134,0,1,0,6.543278689315658,0
02617,538,pedal_depth,134,0,0,0,4.504927583655635,0
02617,538,pedal_down_ratio,134,0,0,0,2.803390033957549,0
02617,538,pedal_changes,134,0,0,0,3.1579725689893205,0
02618,538,tempo,134,0,0,0,4.94729204091494,0
02618,538,rubato,134,0,4,0,9.537300202722676,0
02618,538,dynamics,134,0,0,0,3.469970533692843,0
02618,538,articulation,134,0,0,0,4.505566155041398,0
02618,538,pedal_depth,134,0,0,0,4.5274293687855325,0
02618,538,pedal_down_ratio,134,0,0,0,2.10135196169574,0
02618,538,pedal_changes,134,0,0,0,1.5789862844946603,0
02624,540,tempo,87,0,0,0,3.6220279657457337,0
02624,540,rubato,87,0,8,4,14.439178073419908,0
02624,540,dynamics,87,0,0,0,3.4286613606726886,0
02624,540,articulation,87,0,4,0,8.436126233952669,0
02624,540,pedal_depth,87,0,0,0,2.8865735088171887,0
02624,540,pedal_down_ratio,87,0,0,0,3.018062693875093,0
02624,540,pedal_changes,87,0,0,0,5.249361929807614,0
02625,540,tempo,87,0,3,0,9.945396911501478,0
02625,540,rubato,87,0,8,5,31.254523863601154,0
02625,540,dynamics,87,0,0,0,3.6422501011736146,0
02625,540,articulation,87,0,1,0,6.809228765601815,0
02625,540,pedal_depth,87,0,0,0,2.348473028613962,0
02625,540,pedal_down_ratio,87,0,0,0,3.0414585287113343,0
02625,540,pedal_changes,87,0,0,0,4.294932488024411,0
02626,540,tempo,87,0,1,0,9.081067811335258,0
02626,540,rubato,87,0,6,3,35.886911866337826,0
02626,540,dynamics,87,0,0,0,3.4399028733306323,0
02626,540,articulation,87,0,1,0,8.43763713574975,0
02626,540,pedal_depth,87,0,0,0,2.510604811889107,0
02626,540,pedal_down_ratio,87,0,0,0,2.986938145354181,0
02626,540,pedal_changes,87,0,0,0,2.863288325349608,0
02627,540,tempo,87,0,0,0,4.475117858605537,0
02627,540,rubato,87,0,3,3,17.107254291348017,0
02627,540,dynamics,87,0,0,0,2.4806271265194786,0
02627,540,articulation,87,0,0,0,5.691904535449832,0
02627,540,pedal_depth,87,0,0,0,2.807442765925324,0
02627,540,pedal_down_ratio,87,0,0,0,2.967909744944496,0
02627,540,pedal_changes,87,0,0,0,2.3860736044580064,0
02628,540,tempo,87,0,0,0,1.9749533098868504,0
02628,540,rubato,87,0,5,1,11.447271307731711,0
02628,540,dynamics,87,0,0,0,5.238544898601553,0
02628,540,articulation,87,0,0,0,5.107727440678714,0
02628,540,pedal_depth,87,0,0,0,2.7288485217966745,0
02628,540,pedal_down_ratio,87,0,0,0,1.6471769515316557,0
02628,540,pedal_changes,87,0,0,0,2.3860736044580064,0
02630,541,tempo,121,0,0,0,5.549261740296987,0
02630,541,rubato,121,0,9,5,12.8498143817114,0
02630,541,dynamics,121,0,0,0,4.198030486982328,0
02630,541,articulation,121,0,1,1,13.339054836346254,0
02630,541,pedal_depth,121,0,0,0,2.351522239116548,0
02630,541,pedal_down_ratio,121,0,0,0,3.7402299616202113,0
02630,541,pedal_changes,121,0,2,0,7.101369559014729,0
02631,541,tempo,121,0,0,0,5.014002675939229,0
02631,541,rubato,121,0,6,3,12.161574067338552,0
02631,541,dynamics,121,0,1,0,6.1385082833889,0
02631,541,articulation,121,0,0,0,4.919501198332053,0
02631,541,pedal_depth,121,0,0,0,2.3609187509935707,0
02631,541,pedal_down_ratio,121,0,0,0,3.262688152524427,0
02631,541,pedal_changes,121,0,0,0,4.142465576091925,0
02632,541,tempo,121,0,0,0,3.709451099032194,0
02632,541,rubato,121,0,11,2,11.4146924189164,0
02632,541,dynamics,121,0,0,0,3.4318089842169175,0
02632,541,articulation,121,0,0,0,5.787551434550151,0
02632,541,pedal_depth,121,0,0,0,3.2660822734326973,0
02632,541,pedal_down_ratio,121,0,0,0,3.7402299616202113,0
02632,541,pedal_changes,121,0,0,0,4.734246372676486,0
02633,541,tempo,121,0,0,0,4.012554002708965,0
02633,541,rubato,121,0,7,2,13.736654398996954,0
02633,541,dynamics,121,0,0,0,4.1095372993389985,0
02633,541,articulation,121,0,0,0,3.142471001747149,0
02633,541,pedal_depth,121,0,0,0,2.336029438527022,0
02633,541,pedal_down_ratio,121,0,0,0,1.6633952143612358,0
02633,541,pedal_changes,121,0,0,0,5.326027169261047,0
02634,542,tempo,71,0,0,0,4.681754003770235,0
02634,542,rubato,71,0,8,4,12.128009564796868,0
02634,542,dynamics,71,0,0,0,2.107783623364376,0
02634,542,articulation,71,0,2,1,15.843847550588245,0
02634,542,pedal_depth,71,0,0,0,1.726538516755552,0
02634,542,pedal_down_ratio,71,0,0,0,0.0,0
02634,542,pedal_changes,71,0,0,0,0.0,0
02635,542,tempo,71,0,0,0,5.803148727641152,0
02635,542,rubato,71,0,12,3,10.924352407029993,0
02635,542,dynamics,71,0,0,0,5.002222206162951,0
02635,542,articulation,71,0,2,0,9.64979865067324,0
02635,542,pedal_depth,71,0,0,0,2.3019073181921264,0
02635,542,pedal_down_ratio,71,0,4,0,7.491365973767318,0
02635,542,pedal_changes,71,0,0,0,4.654250872493876,0
02636,542,tempo,71,0,0,0,4.342828031166164,0
02636,542,rubato,71,0,4,0,8.655867667977336,0
02636,542,dynamics,71,0,0,0,3.0352084176446983,0
02636,542,articulation,71,0,0,0,4.40889896459505,0
02636,542,pedal_depth,71,0,0,0,2.0221489940846302,0
02636,542,pedal_down_ratio,71,0,0,0,0.0,0
02636,542,pedal_changes,71,0,0,0,0.0,0
02637,542,tempo,71,0,0,0,5.989005844020404,0
02637,542,rubato,71,0,13,7,17.47575507627615,0
02637,542,dynamics,71,0,0,0,4.08143556160556,0
02637,542,articulation,71,0,2,0,8.904654755469299,0
02637,542,pedal_depth,71,0,0,0,2.541821370450032,0
02637,542,pedal_down_ratio,71,0,1,0,6.033901776536317,0
02637,542,pedal_changes,71,0,3,1,12.411335659983669,0
02638,542,tempo,71,0,0,0,5.266289560519292,0
02638,542,rubato,71,0,8,5,18.12976185379102,0
02638,542,dynamics,71,0,0,0,2.664840723824959,0
02638,542,articulation,71,0,0,0,5.872834285582796,0
02638,542,pedal_depth,71,0,0,0,2.074074564680285,0
02638,542,pedal_down_ratio,71,0,0,0,0.0,0
02638,542,pedal_changes,71,0,0,0,0.0,0
02642,544,tempo,140,0,0,0,4.2748796436831435,0
02642,544,rubato,140,0,11,8,23.17914374885339,0
02642,544,dynamics,140,0,0,0,3.691010458518775,0
02642,544,articulation,140,0,0,0,5.8013697414995455,0
02642,544,pedal_depth,140,0,0,0,2.2714312154357263,0
02642,544,pedal_down_ratio,140,0,0,0,3.0009326455469854,0
02642,544,pedal_changes,140,0,0,0,5.402391832929639,0
02643,544,tempo,140,0,0,0,2.967645981804714,0
02643,544,rubato,140,0,14,9,19.401778464757435,0
02643,544,dynamics,140,0,0,0,2.8150025713383577,0
02643,544,articulation,140,0,0,0,3.5573319803237236,0
02643,544,pedal_depth,140,0,0,0,2.3781909618380492,0
02643,544,pedal_down_ratio,140,0,0,0,3.0009326455469854,0
02643,544,pedal_changes,140,0,0,0,1.6882474477905123,0
02644,544,tempo,140,0,0,0,2.3636161771308224,0
02644,544,rubato,140,0,18,13,21.767724396767786,0
02644,544,dynamics,140,0,0,0,3.9727858869694597,0
02644,544,articulation,140,0,2,1,17.833243859430624,0
02644,544,pedal_depth,140,0,0,0,1.7964016626582646,0
02644,544,pedal_down_ratio,140,0,0,0,3.0009326455469894,0
02644,544,pedal_changes,140,0,0,0,4.389443364255332,0
02645,544,tempo,140,0,0,0,5.37188073678391,0
02645,544,rubato,140,0,14,10,34.439493824749434,0
02645,544,dynamics,140,0,0,0,4.36123606258425,0
02645,544,articulation,140,0,0,0,4.78866951326293,0
02645,544,pedal_depth,140,0,0,0,2.5388981292628636,0
02645,544,pedal_down_ratio,140,0,0,0,2.3403816107820683,0
02645,544,pedal_changes,140,0,0,0,2.0258969373486146,0
02648,546,tempo,135,0,9,3,15.750836218480538,0
02648,546,rubato,135,0,31,22,71.60528502902086,0
02648,546,dynamics,134,1,0,0,3.950025249733447,0
02648,546,articulation,133,2,1,0,9.101039775825575,0
02648,546,pedal_depth,135,0,0,0,2.1324019073965155,0
02648,546,pedal_down_ratio,135,0,0,0,2.4780216558519363,0
02648,546,pedal_changes,135,0,0,0,4.46549539686252,0
02649,546,tempo,135,0,2,1,11.343455828843673,0
02649,546,rubato,135,0,15,13,68.82135951543994,0
02649,546,dynamics,135,0,0,0,5.056708500871321,0
02649,546,articulation,135,0,0,0,5.528824438616846,0
02649,546,pedal_depth,135,0,0,0,3.5076716395760412,0
02649,546,pedal_down_ratio,135,0,0,0,2.4780216558519363,0
02649,546,pedal_changes,135,0,0,0,4.46549539686252,0
02650,546,tempo,135,0,0,0,4.354779331748309,0
02650,546,rubato,135,0,4,0,9.22990160001654,0
02650,546,dynamics,135,0,0,0,1.0255415056369286,0
02650,546,articulation,135,0,0,0,5.569920378407628,0
02650,546,pedal_depth,135,0,0,0,2.133203562249121,0
02650,546,pedal_down_ratio,135,0,0,0,2.459459695883008,0
02650,546,pedal_changes,135,0,0,0,4.46549539686252,0
02652,547,tempo,79,0,0,0,5.72998942784185,0
02652,547,rubato,79,0,5,1,10.310003201182656,0
02652,547,dynamics,79,0,0,0,5.051366940851217,0
02652,547,articulation,79,0,3,0,9.024448800337352,0
02652,547,pedal_depth,79,0,0,0,2.1306695286651918,0
02652,547,pedal_down_ratio,79,0,0,0,4.377993560794617,0
02652,547,pedal_changes,79,0,0,0,3.6414424112318136,0
02653,547,tempo,79,0,0,0,5.01944652914049,0
02653,547,rubato,79,0,6,0,9.515259891685112,0
02653,547,dynamics,79,0,0,0,2.0691832485750337,0
02653,547,articulation,79,0,4,2,10.283102251304138,0
02653,547,pedal_depth,79,0,0,0,2.205940859260964,0
02653,547,pedal_down_ratio,79,0,0,0,4.281949826371291,0
02653,547,pedal_changes,79,0,2,0,6.675977753924991,0
02654,547,tempo,79,0,1,1,10.302162901982188,0
02654,547,rubato,79,0,3,1,18.68438672447282,0
02654,547,dynamics,79,0,0,0,4.744189221475129,0
02654,547,articulation,79,0,3,1,11.075010506714017,0
02654,547,pedal_depth,79,0,0,0,2.4435878531057167,0
02654,547,pedal_down_ratio,79,0,0,0,4.305027001448051,0
02654,547,pedal_changes,79,0,0,0,2.4276282741545425,0
02655,547,tempo,79,0,0,0,3.18159920227735,0
02655,547,rubato,79,0,1,0,6.191809700461695,0
02655,547,dynamics,79,0,0,0,2.5811461142018475,0
02655,547,articulation,79,0,2,0,7.7764262351534,0
02655,547,pedal_depth,79,0,0,0,2.0293367359867704,0
02655,547,pedal_down_ratio,79,0,0,0,4.377993560794617,0
02655,547,pedal_changes,79,0,0,0,5.46216361684772,0
02656,547,tempo,79,0,0,0,5.033242905328159,0
02656,547,rubato,79,0,3,1,10.1968711472392,0
02656,547,dynamics,79,0,0,0,2.7304686166763346,0
02656,547,articulation,79,0,0,0,3.4087159531053537,0
02656,547,pedal_depth,79,0,0,0,2.6945938887122307,0
02656,547,pedal_down_ratio,79,0,0,0,3.584665868570091,0
02656,547,pedal_changes,79,0,0,0,3.034535342693178,0
02667,550,tempo,226,0,23,9,25.88066352307903,0
02667,550,rubato,226,0,14,9,27.294559635656114,0
02667,550,dynamics,226,0,0,0,4.653986240388509,0
02667,550,articulation,225,1,18,5,30.49128158807347,0
02667,550,pedal_depth,226,0,0,0,4.2977793058644975,0
02667,550,pedal_down_ratio,226,0,0,0,3.4790890052448997,0
02667,550,pedal_changes,226,0,0,0,4.4491234645994115,0
02668,550,tempo,226,0,13,8,26.708503710805697,0
02668,550,rubato,226,0,13,8,28.130798429368802,0
02668,550,dynamics,226,0,0,0,3.5410764872521288,0
02668,550,articulation,225,1,9,3,23.33361961570389,0
02668,550,pedal_depth,226,0,0,0,5.769752252226437,0
02668,550,pedal_down_ratio,226,0,0,0,3.5082834007998756,0
02668,550,pedal_changes,226,0,0,0,3.9547764129772545,0
02669,550,tempo,226,0,13,7,65.69198406596779,0
02669,550,rubato,226,0,13,6,65.23521423460447,0
02669,550,dynamics,226,0,0,0,5.543136360619167,0
02669,550,articulation,225,1,9,5,60.5181812804959,0
02669,550,pedal_depth,226,0,0,0,4.368785425944042,0
02669,550,pedal_down_ratio,226,0,0,0,2.998889302461205,0
02669,550,pedal_changes,226,0,0,0,2.9660823097329407,0
02671,551,tempo,158,0,0,0,1.190012006186686,0
02671,551,rubato,158,0,14,3,15.701839084703868,0
02671,551,dynamics,158,0,0,0,2.1764573333725195,0
02671,551,articulation,158,0,0,0,4.605909352271288,0
02671,551,pedal_depth,158,0,0,0,3.3541783305280686,0
02671,551,pedal_down_ratio,158,0,0,0,1.8362915834831843,0
02671,551,pedal_changes,158,0,0,0,2.4074962411470544,0
02672,551,tempo,158,0,0,0,1.190012006186686,0
02672,551,rubato,158,0,14,3,15.701839084703868,0
02672,551,dynamics,158,0,0,0,2.1764573333725195,0
02672,551,articulation,158,0,0,0,4.605909352271288,0
02672,551,pedal_depth,158,0,0,0,3.3541783305280677,0
02672,551,pedal_down_ratio,158,0,0,0,1.8362915834831843,0
02672,551,pedal_changes,158,0,0,0,2.4074962411470544,0
02673,552,tempo,153,0,1,0,7.835265340144468,0
02673,552,rubato,153,0,2,0,8.178515037640574,0
02673,552,dynamics,153,0,0,0,2.7073309651213258,0
02673,552,articulation,151,2,1,0,6.357374162262717,0
02673,552,pedal_depth,153,0,0,0,2.1654303748038948,0
02673,552,pedal_down_ratio,153,0,0,0,2.0207276832415046,0
02673,552,pedal_changes,153,0,0,0,3.9007011694386007,0
02675,552,tempo,153,0,1,0,7.83526534014447,0
02675,552,rubato,153,0,2,0,8.178515037640576,0
02675,552,dynamics,153,0,0,0,2.7073309651213258,0
02675,552,articulation,151,2,1,0,6.357374162262717,0
02675,552,pedal_depth,153,0,0,0,2.1654303748038948,0
02675,552,pedal_down_ratio,153,0,0,0,2.0207276832415046,0
02675,552,pedal_changes,153,0,0,0,3.9007011694386007,0
02686,555,tempo,235,0,0,0,3.588964075089951,0
02686,555,rubato,235,0,15,11,40.13862502283671,0
02686,555,dynamics,235,0,0,0,4.73612367297543,0
02686,555,articulation,235,0,0,0,5.6803024898022185,0
02686,555,pedal_depth,235,0,0,0,2.7535255341622267,0
02686,555,pedal_down_ratio,235,0,0,0,3.428113344604205,0
02686,555,pedal_changes,235,0,0,0,5.674380705841058,0
02687,555,tempo,235,0,0,0,2.7216332232757376,0
02687,555,rubato,235,0,4,3,26.42363164532545,0
02687,555,dynamics,235,0,0,0,1.5236058073280911,0
02687,555,articulation,235,0,1,0,6.370745323506031,0
02687,555,pedal_depth,235,0,0,0,1.607230340538224,0
02687,555,pedal_down_ratio,235,0,0,0,2.1952651580295726,0
02687,555,pedal_changes,235,0,0,0,1.4185951764602645,0
02688,555,tempo,235,0,0,0,2.5472653184840257,0
02688,555,rubato,235,0,21,10,23.593716755066144,0
02688,555,dynamics,235,0,0,0,1.8522266677321906,0
02688,555,articulation,235,0,0,0,3.5442279887460795,0
02688,555,pedal_depth,235,0,0,0,1.8747804280665936,0
02688,555,pedal_down_ratio,235,0,0,0,3.352562637285104,0
02688,555,pedal_changes,235,0,0,0,4.539504564672846,0
02689,555,tempo,235,0,0,0,3.5035987852622523,0
02689,555,rubato,235,0,7,4,14.598742468718969,0
02689,555,dynamics,235,0,0,0,2.891863571556066,0
02689,555,articulation,235,0,0,0,4.268308094910508,0
02689,555,pedal_depth,235,0,0,0,2.775504377754918,0
02689,555,pedal_down_ratio,235,0,0,0,1.9373917069311488,0
02689,555,pedal_changes,235,0,0,0,2.269752282336423,0
02697,558,tempo,215,0,2,0,7.297483010445086,0
02697,558,rubato,215,0,8,0,9.152871900998102,0
02697,558,dynamics,215,0,0,0,3.3881396289987182,0
02697,558,articulation,215,0,0,0,2.864094663564506,0
02697,558,pedal_depth,215,0,0,0,2.3601221288245275,0
02697,558,pedal_down_ratio,215,0,0,0,1.8796409056460217,0
02697,558,pedal_changes,215,0,0,0,3.2838542993807027,0
02698,558,tempo,215,0,2,0,7.297483010445086,0
02698,558,rubato,215,0,8,0,9.152871900998102,0
02698,558,dynamics,215,0,0,0,3.3881396289987182,0
02698,558,articulation,215,0,0,0,2.864094663564506,0
02698,558,pedal_depth,215,0,0,0,2.3601221288245275,0
02698,558,pedal_down_ratio,215,0,0,0,1.8796409056460217,0
02698,558,pedal_changes,215,0,0,0,3.2838542993807027,0
02706,560,tempo,344,0,4,2,10.844855439490276,0
02706,560,rubato,344,0,24,18,31.933610060905345,0
02706,560,dynamics,344,0,0,0,4.266068458415418,0
02706,560,articulation,344,0,26,4,19.082345826927178,0
02706,560,pedal_depth,344,0,0,0,2.987114614804598,0
02706,560,pedal_down_ratio,344,0,0,0,3.003353235337143,0
02706,560,pedal_changes,344,0,0,0,3.9459386040167828,0
02707,560,tempo,344,0,17,5,15.61649992022867,0
02707,560,rubato,344,0,51,41,62.77876813614496,0
02707,560,dynamics,344,0,6,0,7.9569366752467285,0
02707,560,articulation,344,0,12,0,9.182459288274048,0
02707,560,pedal_depth,344,0,0,0,2.834680656807493,0
02707,560,pedal_down_ratio,344,0,0,0,3.5184153798468736,0
02707,560,pedal_changes,344,0,0,0,5.918907906025174,0
02708,560,tempo,344,0,16,6,80.13623027782046,0
02708,560,rubato,344,0,54,43,300.3761121663383,0
02708,560,dynamics,344,0,1,0,6.141279347014085,0
02708,560,articulation,344,0,18,4,29.167592471965634,0
02708,560,pedal_depth,344,0,0,0,2.95145095998223,0
02708,560,pedal_down_ratio,344,0,0,0,3.5184153798468736,0
02708,560,pedal_changes,344,0,0,0,3.9459386040167828,0
02756,571,tempo,487,0,34,8,21.725487512243323,0
02756,571,rubato,487,0,58,43,48.89027219076503,0
02756,571,dynamics,487,0,0,0,5.051186354302511,0
02756,571,articulation,487,0,4,0,7.623022063296955,0
02756,571,pedal_depth,487,0,0,0,2.538988898684735,0
02756,571,pedal_down_ratio,487,0,0,0,4.368811127615613,0
02756,571,pedal_changes,487,0,7,0,9.646211071842488,0
02757,571,tempo,487,0,34,9,18.38155748742582,0
02757,571,rubato,487,0,57,45,40.13196090480016,0
02757,571,dynamics,487,0,0,0,5.42590344290062,0
02757,571,articulation,487,0,3,0,6.8279541780014466,0
02757,571,pedal_depth,487,0,0,0,2.5439043483681645,0
02757,571,pedal_down_ratio,487,0,0,0,4.368811127615613,0
02757,571,pedal_changes,487,0,5,1,13.263540223783421,0
02758,571,tempo,487,0,28,7,16.99549379775684,0
02758,571,rubato,487,0,50,36,36.75859451333427,0
02758,571,dynamics,487,0,0,0,3.822114303700714,0
02758,571,articulation,487,0,0,0,4.927335744927496,0
02758,571,pedal_depth,487,0,0,0,2.5241543568049196,0
02758,571,pedal_down_ratio,487,0,0,0,4.368811127615613,0
02758,571,pedal_changes,487,0,5,0,8.440434687862178,0
02759,571,tempo,487,0,16,4,12.848029350050895,0
02759,571,rubato,487,0,35,28,26.39772524543551,0
02759,571,dynamics,487,0,0,0,4.856333468231496,0
02759,571,articulation,487,0,0,0,5.823918981268265,0
02759,571,pedal_depth,487,0,0,0,2.5879008339351164,0
02759,571,pedal_down_ratio,487,0,0,0,3.878904866603387,0
02759,571,pedal_changes,487,0,1,0,6.028881919901555,0
02760,571,tempo,487,0,15,2,12.891630772474088,0
02760,571,rubato,487,0,38,29,26.44679360892287,0
02760,571,dynamics,487,0,0,0,5.588637721377514,0
02760,571,articulation,487,0,0,0,5.325713181273006,0
02760,571,pedal_depth,487,0,0,0,2.5488838534720433,0
02760,571,pedal_down_ratio,487,0,0,0,4.368811127615613,0
02760,571,pedal_changes,487,0,1,0,7.234658303881866,0
02761,571,tempo,487,0,26,11,25.191581358386532,0
02761,571,rubato,487,0,49,36,53.41270061348355,0
02761,571,dynamics,487,0,1,0,7.306983227663127,0
02761,571,articulation,487,0,1,0,8.08404603489217,0
02761,571,pedal_depth,487,0,0,0,2.3406034650326317,0
02761,571,pedal_down_ratio,487,0,0,0,4.368811127615613,0
02761,571,pedal_changes,487,0,0,0,4.823105535921244,0
02762,571,tempo,487,0,33,8,28.243155549489,0
02762,571,rubato,487,0,58,44,63.825941720243854,0
02762,571,dynamics,487,0,0,0,3.4848689239624164,0
02762,571,articulation,487,0,4,1,10.303893325762646,0
02762,571,pedal_depth,487,0,0,0,3.1126927540889917,0
02762,571,pedal_down_ratio,487,0,0,0,4.368811127615613,0
02762,571,pedal_changes,487,0,12,0,8.440434687862178,0
02763,571,tempo,487,0,19,6,22.911881140625756,0
02763,571,rubato,487,0,37,29,50.228711355170816,0
02763,571,dynamics,487,0,0,0,4.449765427102545,0
02763,571,articulation,487,0,3,1,10.333456037326549,0
02763,571,pedal_depth,487,0,0,0,1.975172569191345,0
02763,571,pedal_down_ratio,487,0,0,0,3.3349536765473,0
02763,571,pedal_changes,487,0,1,0,7.234658303881866,0
02764,571,tempo,487,0,13,2,26.352054826657824,0
02764,571,rubato,487,0,33,25,56.565643685473944,0
02764,571,dynamics,487,0,0,0,3.794010522055854,0
02764,571,articulation,486,1,0,0,5.329513128610531,0
02764,571,pedal_depth,487,0,0,0,2.165391810658159,0
02764,571,pedal_down_ratio,487,0,0,0,4.368811127615613,0
02764,571,pedal_changes,487,0,1,0,6.028881919901555,0
02765,571,tempo,487,0,26,11,16.42039817609631,0
02765,571,rubato,487,0,55,44,37.89390248321435,0
02765,571,dynamics,487,0,0,0,4.004119746734081,0
02765,571,articulation,486,1,3,0,9.945959975302904,0
02765,571,pedal_depth,487,0,0,0,2.262196118706278,0
02765,571,pedal_down_ratio,487,0,0,0,4.368811127615613,0
02765,571,pedal_changes,487,0,1,1,18.086645759704666,0
02766,571,tempo,487,0,27,6,13.29054869977856,0
02766,571,rubato,487,0,57,41,35.368360282254905,0
02766,571,dynamics,487,0,0,0,3.5822953669979243,0
02766,571,articulation,487,0,0,0,5.99335896116735,0
02766,571,pedal_depth,487,0,0,0,2.123310511880696,0
02766,571,pedal_down_ratio,487,0,0,0,4.368811127615613,0
02766,571,pedal_changes,487,0,2,0,7.234658303881866,0
00159,57,tempo,357,1,6,0,9.02644516892907,0
00159,57,rubato,357,1,7,0,9.09104160365102,0
00159,57,dynamics,350,8,2,0,7.250775664373384,0
00159,57,articulation,349,9,6,3,22.485703287884807,0
00159,57,pedal_depth,358,0,0,0,3.000291554925461,0
00159,57,pedal_down_ratio,358,0,0,0,2.8830274006314616,0
00159,57,pedal_changes,358,0,1,0,8.446798112563503,0
00160,57,tempo,358,0,3,0,7.335872152258494,0
00160,57,rubato,358,0,3,0,7.240523828783926,0
00160,57,dynamics,352,6,4,0,9.828293923801793,0
00160,57,articulation,351,7,10,3,14.341892143369737,0
00160,57,pedal_depth,358,0,0,0,2.9190950931876984,0
00160,57,pedal_down_ratio,358,0,0,0,2.8830274006314505,0
00160,57,pedal_changes,358,0,0,0,4.223399056281751,0
00161,57,tempo,356,2,31,4,14.617242983338114,0
00161,57,rubato,356,2,31,4,15.486924579901862,0
00161,57,dynamics,350,8,6,0,9.943920911140639,0
00161,57,articulation,347,11,8,5,17.067577736314185,0
00161,57,pedal_depth,358,0,0,0,3.240314879319482,0
00161,57,pedal_down_ratio,358,0,0,0,2.8830274006314505,0
00161,57,pedal_changes,358,0,1,0,7.038998427136252,0
00162,57,tempo,358,0,7,1,10.068586995470882,0
00162,57,rubato,358,0,9,2,10.845093748890527,0
00162,57,dynamics,352,6,0,0,4.717055506209684,0
00162,57,articulation,351,7,3,0,8.413482090456245,0
00162,57,pedal_depth,358,0,0,0,3.342219518799074,0
00162,57,pedal_down_ratio,358,0,0,0,2.8830274006314576,0
00162,57,pedal_changes,358,0,0,0,4.223399056281751,0
00163,57,tempo,357,1,16,2,11.186250489515551,0
00163,57,rubato,357,1,18,3,11.47158551936818,0
00163,57,dynamics,352,6,6,1,13.29710354396713,0
00163,57,articulation,347,11,11,7,22.408499086482536,0
00163,57,pedal_depth,358,0,0,0,2.92028378012747,0
00163,57,pedal_down_ratio,358,0,0,0,2.8830274006314505,0
00163,57,pedal_changes,358,0,0,0,4.223399056281751,0
02869,597,tempo,162,0,0,0,5.607796740074745,0
02869,597,rubato,162,0,13,4,11.722557155942571,0
02869,597,dynamics,162,0,0,0,3.8028297003962934,0
02869,597,articulation,162,0,0,0,4.077228776345378,0
02869,597,pedal_depth,162,0,0,0,2.5204426916033853,0
02869,597,pedal_down_ratio,162,0,0,0,5.1007928285271475,0
02869,597,pedal_changes,162,0,2,0,6.465790872963896,0
02870,597,tempo,162,0,0,0,5.607796740074743,0
02870,597,rubato,162,0,13,4,11.722557155942571,0
02870,597,dynamics,162,0,0,0,3.8028297003962908,0
02870,597,articulation,162,0,0,0,4.077228776345378,0
02870,597,pedal_depth,162,0,0,0,2.5204426916033853,0
02870,597,pedal_down_ratio,162,0,0,0,5.1007928285271475,0
02870,597,pedal_changes,162,0,2,0,6.465790872963896,0
02875,599,tempo,209,0,4,1,11.804885631891468,0
02875,599,rubato,209,0,9,4,16.480823922505248,0
02875,599,dynamics,209,0,0,0,3.107475284731448,0
02875,599,articulation,209,0,0,0,3.3038615870725345,0
02875,599,pedal_depth,209,0,0,0,2.3059431892950766,0
02875,599,pedal_down_ratio,209,0,0,0,2.3620360586955997,0
02875,599,pedal_changes,209,0,0,0,3.0802630044437387,0
02876,599,tempo,209,0,4,1,11.804885631891468,0
02876,599,rubato,209,0,9,4,16.480823922505248,0
02876,599,dynamics,209,0,0,0,3.107475284731448,0
02876,599,articulation,209,0,0,0,3.3038615870725345,0
02876,599,pedal_depth,209,0,0,0,2.3059431892950766,0
02876,599,pedal_down_ratio,209,0,0,0,2.3620360586955997,0
02876,599,pedal_changes,209,0,0,0,3.0802630044437387,0
02879,601,tempo,108,0,0,0,2.7199306826834104,0
02879,601,rubato,108,0,6,1,10.894782038760669,0
02879,601,dynamics,107,1,0,0,3.9969822783798272,0
02879,601,articulation,107,1,0,0,3.7870153652347485,0
02879,601,pedal_depth,108,0,0,0,2.2576937795767895,0
02879,601,pedal_down_ratio,108,0,0,0,1.6407526869243523,0
02879,601,pedal_changes,108,0,0,0,2.7715276610747397,0
02881,601,tempo,108,0,0,0,2.7199306826834104,0
02881,601,rubato,108,0,6,1,10.894782038760667,0
02881,601,dynamics,107,1,0,0,3.99698227837983,0
02881,601,articulation,107,1,0,0,3.7870153652347485,0
02881,601,pedal_depth,108,0,0,0,2.2576937795767895,0
02881,601,pedal_down_ratio,108,0,0,0,1.6407526869243523,0
02881,601,pedal_changes,108,0,0,0,2.7715276610747397,0
02882,602,tempo,106,0,0,0,5.538687283807821,0
02882,602,rubato,106,0,8,0,9.943018214220714,0
02882,602,dynamics,106,0,1,0,6.247914403572673,0
02882,602,articulation,106,0,3,1,13.469741255333144,0
02882,602,pedal_depth,106,0,0,0,3.1151975640345015,0
02882,602,pedal_down_ratio,106,0,0,0,2.787653039866131,0
02882,602,pedal_changes,106,0,0,0,4.98590163711057,0
02883,602,tempo,106,0,1,0,8.65330465771303,0
02883,602,rubato,106,0,5,5,28.93924837029652,0
02883,602,dynamics,106,0,2,0,7.194568101083685,0
02883,602,articulation,106,0,5,4,14.816483341305315,0
02883,602,pedal_depth,106,0,0,0,2.924408162731687,0
02883,602,pedal_down_ratio,106,0,0,0,2.787653039866131,0
02883,602,pedal_changes,106,0,0,0,3.6261102815349595,0
02884,602,tempo,106,0,1,0,8.417033229685103,0
02884,602,rubato,106,0,3,1,28.80515264966519,0
02884,602,dynamics,106,0,0,0,5.8219202396927185,0
02884,602,articulation,106,0,3,1,10.844760352884256,0
02884,602,pedal_depth,106,0,0,0,3.4502369784860374,0
02884,602,pedal_down_ratio,106,0,0,0,2.787653039866131,0
02884,602,pedal_changes,106,0,0,0,3.6261102815349595,0
02885,603,tempo,113,0,4,2,11.026165631049762,0
02885,603,rubato,113,0,7,4,22.596951663460043,0
02885,603,dynamics,113,0,0,0,2.097501752030876,0
02885,603,articulation,113,0,0,0,2.5643759036911775,0
02885,603,pedal_depth,113,0,0,0,2.094929451937948,0
02885,603,pedal_down_ratio,113,0,0,0,1.9709763525528596,0
02885,603,pedal_changes,113,0,0,0,4.309912118100951,0
02887,603,tempo,113,0,4,2,11.026165631049764,0
02887,603,rubato,113,0,7,4,22.59695166346004,0
02887,603,dynamics,113,0,0,0,2.0975017520308743,0
02887,603,articulation,113,0,0,0,2.5643759036911775,0
02887,603,pedal_depth,113,0,0,0,2.094929451937948,0
02887,603,pedal_down_ratio,113,0,0,0,1.9709763525528596,0
02887,603,pedal_changes,113,0,0,0,4.309912118100951,0
02893,606,tempo,245,0,1,1,13.932595141846518,0
02893,606,rubato,245,0,18,5,120.02121482131152,0
02893,606,dynamics,245,0,0,0,3.282941939583281,0
02893,606,articulation,245,0,2,2,15.822671388374253,0
02893,606,pedal_depth,245,0,0,0,1.9056766402309477,0
02893,606,pedal_down_ratio,245,0,0,0,1.6881564309379802,0
02893,606,pedal_changes,245,0,0,0,3.648726839209783,0
02894,606,tempo,245,0,1,1,13.932595141846516,0
02894,606,rubato,245,0,18,5,120.0212148213115,0
02894,606,dynamics,245,0,0,0,3.282941939583281,0
02894,606,articulation,245,0,2,2,15.822671388374253,0
02894,606,pedal_depth,245,0,0,0,1.9056766402309477,0
02894,606,pedal_down_ratio,245,0,0,0,1.6881564309379802,0
02894,606,pedal_changes,245,0,0,0,3.648726839209783,0
02900,609,tempo,428,0,1,1,22.74004457873663,0
02900,609,rubato,428,0,4,1,82.1205329824738,0
02900,609,dynamics,428,0,0,0,2.7541706011961025,0
02900,609,articulation,428,0,4,1,32.536441316249615,0
02900,609,pedal_depth,428,0,0,0,3.3736130100104025,0
02900,609,pedal_down_ratio,428,0,0,0,1.5040140326736566,0
02900,609,pedal_changes,428,0,0,0,4.585003416742739,0
02901,609,tempo,428,0,1,1,22.740044578736622,0
02901,609,rubato,428,0,4,1,82.1205329824738,0
02901,609,dynamics,428,0,0,0,2.754170601196101,0
02901,609,articulation,428,0,4,1,32.536441316249615,0
02901,609,pedal_depth,428,0,0,0,3.3736130100104025,0
02901,609,pedal_down_ratio,428,0,0,0,1.5040140326736566,0
02901,609,pedal_changes,428,0,0,0,4.585003416742739,0
02912,616,tempo,590,0,1,1,15.814460421596856,0
02912,616,rubato,590,0,3,2,77.88225973122614,0
02912,616,dynamics,587,3,0,0,4.358247984310298,0
02912,616,articulation,587,3,4,1,13.632036833767643,0
02912,616,pedal_depth,590,0,0,0,2.264568682448378,0
02912,616,pedal_down_ratio,590,0,0,0,1.2840888516760036,0
02912,616,pedal_changes,590,0,0,0,2.960245610227424,0
02913,616,tempo,590,0,1,1,15.814460421596852,0
02913,616,rubato,590,0,3,2,77.88225973122616,0
02913,616,dynamics,587,3,0,0,4.358247984310298,0
02913,616,articulation,587,3,4,1,13.632036833767641,0
02913,616,pedal_depth,590,0,0,0,2.264568682448378,0
02913,616,pedal_down_ratio,590,0,0,0,1.2840888516760036,0
02913,616,pedal_changes,590,0,0,0,2.960245610227424,0
02914,617,tempo,258,0,22,6,21.984478401554686,0
02914,617,rubato,258,0,22,6,21.812519094235764,0
02914,617,dynamics,258,0,0,0,3.392291760896989,0
02914,617,articulation,258,0,0,0,2.7070478768865818,0
02914,617,pedal_depth,258,0,0,0,1.777328516755677,0
02914,617,pedal_down_ratio,258,0,0,0,1.9953938974841374,0
02914,617,pedal_changes,258,0,0,0,3.8911238826876917,0
02915,617,tempo,258,0,22,6,21.984478401554686,0
02915,617,rubato,258,0,22,6,21.812519094235764,0
02915,617,dynamics,258,0,0,0,3.392291760896989,0
02915,617,articulation,258,0,0,0,2.7070478768865818,0
02915,617,pedal_depth,258,0,0,0,1.777328516755677,0
02915,617,pedal_down_ratio,258,0,0,0,1.9953938974841374,0
02915,617,pedal_changes,258,0,0,0,3.8911238826876917,0
02916,618,tempo,196,0,17,7,59.46812734186431,0
02916,618,rubato,196,0,19,15,77.97611422608122,0
02916,618,dynamics,195,1,0,0,2.780218008574257,0
02916,618,articulation,194,2,7,5,21.7082727950832,0
02916,618,pedal_depth,196,0,0,0,2.245108089493304,0
02916,618,pedal_down_ratio,196,0,0,0,1.678955491689622,0
02916,618,pedal_changes,196,0,0,0,2.313812544153858,0
02917,618,tempo,196,0,17,7,59.46812734186432,0
02917,618,rubato,196,0,19,15,77.97611422608122,0
02917,618,dynamics,195,1,0,0,2.7802180085742556,0
02917,618,articulation,194,2,7,5,21.708272795083204,0
02917,618,pedal_depth,196,0,0,0,2.245108089493305,0
02917,618,pedal_down_ratio,196,0,0,0,1.678955491689622,0
02917,618,pedal_changes,196,0,0,0,2.313812544153858,0
02922,620,tempo,274,0,7,3,42.20482101270664,0
02922,620,rubato,274,0,5,3,40.51434558899401,0
02922,620,dynamics,274,0,0,0,3.0127253923287887,0
02922,620,articulation,273,1,2,0,9.879405973266037,0
02922,620,pedal_depth,274,0,0,0,3.550125546368109,0
02922,620,pedal_down_ratio,274,0,0,0,1.5813268072220428,0
02922,620,pedal_changes,274,0,0,0,3.029216960177751,0
02923,620,tempo,274,0,7,3,42.20482101270664,0
02923,620,rubato,274,0,5,3,40.51434558899401,0
02923,620,dynamics,274,0,0,0,3.0127253923287904,0
02923,620,articulation,273,1,2,0,9.879405973266039,0
02923,620,pedal_depth,274,0,0,0,3.55012554636811,0
02923,620,pedal_down_ratio,274,0,0,0,1.5813268072220428,0
02923,620,pedal_changes,274,0,0,0,3.029216960177751,0
02924,621,tempo,275,0,14,5,20.01778004990293,0
02924,621,rubato,275,0,20,11,27.92301948927339,0
02924,621,dynamics,273,2,0,0,3.0257529397080947,0
02924,621,articulation,273,2,7,1,11.29173184711448,0
02924,621,pedal_depth,275,0,0,0,2.5424244814761083,0
02924,621,pedal_down_ratio,275,0,0,0,1.6629226516692863,0
02924,621,pedal_changes,275,0,0,0,2.8969262311807147,0
02925,621,tempo,275,0,14,5,20.01778004990293,0
02925,621,rubato,275,0,20,11,27.923019489273383,0
02925,621,dynamics,273,2,0,0,3.025752939708096,0
02925,621,articulation,273,2,7,1,11.29173184711448,0
02925,621,pedal_depth,275,0,0,0,2.5424244814761083,0
02925,621,pedal_down_ratio,275,0,0,0,1.6629226516692863,0
02925,621,pedal_changes,275,0,0,0,2.8969262311807147,0
02886,624,tempo,196,0,1,0,6.108442754291586,0
02886,624,rubato,196,0,5,2,16.056882162635954,0
02886,624,dynamics,196,0,0,0,2.3956051112444627,0
02886,624,articulation,196,0,2,0,9.981963162316806,0
02886,624,pedal_depth,196,0,0,0,2.7623246960545917,0
02886,624,pedal_down_ratio,196,0,0,0,2.226969791881599,0
02886,624,pedal_changes,196,0,0,0,4.028360007087396,0
02930,624,tempo,196,0,1,0,6.108442754291586,0
02930,624,rubato,196,0,5,2,16.056882162635954,0
02930,624,dynamics,196,0,0,0,2.3956051112444627,0
02930,624,articulation,196,0,2,0,9.981963162316806,0
02930,624,pedal_depth,196,0,0,0,2.7623246960545917,0
02930,624,pedal_down_ratio,196,0,0,0,2.226969791881599,0
02930,624,pedal_changes,196,0,0,0,4.028360007087396,0
02931,625,tempo,124,0,4,0,8.389663995795686,0
02931,625,rubato,124,0,4,0,8.11042192368838,0
02931,625,dynamics,124,0,0,0,2.560301609156598,0
02931,625,articulation,124,0,0,0,4.59777757647141,0
02931,625,pedal_depth,124,0,0,0,2.38654874742255,0
02931,625,pedal_down_ratio,124,0,0,0,1.655639171077361,0
02931,625,pedal_changes,124,0,0,0,2.9156259073515325,0
02932,625,tempo,124,0,4,0,8.389663995795681,0
02932,625,rubato,124,0,4,0,8.11042192368838,0
02932,625,dynamics,124,0,0,0,2.560301609156598,0
02932,625,articulation,124,0,0,0,4.597777576471409,0
02932,625,pedal_depth,124,0,0,0,2.38654874742255,0
02932,625,pedal_down_ratio,124,0,0,0,1.655639171077361,0
02932,625,pedal_changes,124,0,0,0,2.9156259073515325,0
02940,630,tempo,179,0,3,1,10.48255446950331,0
02940,630,rubato,179,0,19,7,30.319943241473805,0
02940,630,dynamics,179,0,0,0,4.296119487112067,0
02940,630,articulation,179,0,0,0,5.073119433678977,0
02940,630,pedal_depth,179,0,0,0,3.951662360996488,0
02940,630,pedal_down_ratio,179,0,10,0,6.214735218827898,0
02940,630,pedal_changes,179,0,7,1,10.49118315119526,0
02941,630,tempo,179,0,5,1,10.995328290504697,0
02941,630,rubato,179,0,29,16,37.80181758425188,0
02941,630,dynamics,179,0,0,0,4.330488443008963,0
02941,630,articulation,179,0,2,1,11.355418834286889,0
02941,630,pedal_depth,179,0,0,0,2.4937905673288028,0
02941,630,pedal_down_ratio,179,0,1,0,6.214735218827898,0
02941,630,pedal_changes,179,0,1,0,6.294709890717156,0
02942,630,tempo,179,0,1,0,6.8731838156522045,0
02942,630,rubato,179,0,17,6,19.279737318720176,0
02942,630,dynamics,179,0,0,0,1.9713051132291364,0
02942,630,articulation,179,0,0,0,3.3417249735610413,0
02942,630,pedal_depth,179,0,0,0,3.0098656803658956,0
02942,630,pedal_down_ratio,179,0,0,0,5.704711355884581,0
02942,630,pedal_changes,179,0,1,0,6.294709890717156,0
02943,630,tempo,179,0,2,0,7.21362865371884,0
02943,630,rubato,179,0,15,8,20.29344912636222,0
02943,630,dynamics,179,0,0,0,2.0857046378573783,0
02943,630,articulation,179,0,0,0,3.60809976690875,0
02943,630,pedal_depth,179,0,0,0,3.136896890133907,0
02943,630,pedal_down_ratio,179,0,1,0,6.04539638452747,0
02943,630,pedal_changes,179,0,0,0,2.098236630239052,0
02947,632,tempo,148,0,0,0,5.902390661418953,0
02947,632,rubato,148,0,11,3,11.563458870121291,0
02947,632,dynamics,148,0,0,0,2.8966969223950234,0
02947,632,articulation,148,0,0,0,3.4321994551130377,0
02947,632,pedal_depth,148,0,0,0,1.731889768207383,0
02947,632,pedal_down_ratio,148,0,0,0,1.794219829094793,0
02947,632,pedal_changes,148,0,0,0,3.4238534251961963,0
02948,632,tempo,148,0,0,0,5.902390661418953,0
02948,632,rubato,148,0,11,3,11.56345887012129,0
02948,632,dynamics,148,0,0,0,2.896696922395028,0
02948,632,articulation,148,0,0,0,3.4321994551130377,0
02948,632,pedal_depth,148,0,0,0,1.731889768207383,0
02948,632,pedal_down_ratio,148,0,0,0,1.794219829094793,0
02948,632,pedal_changes,148,0,0,0,3.4238534251961963,0
02949,633,tempo,179,0,2,1,11.279877459058557,0
02949,633,rubato,179,0,7,2,30.15351760390065,0
02949,633,dynamics,179,0,0,0,2.6096368670225396,0
02949,633,articulation,179,0,1,0,6.702552190569318,0
02949,633,pedal_depth,179,0,0,0,1.9702355341152407,0
02949,633,pedal_down_ratio,179,0,0,0,4.773057532877931,0
02949,633,pedal_changes,179,0,1,0,7.151423434733616,0
02950,633,tempo,179,0,2,1,11.279877459058557,0
02950,633,rubato,179,0,7,2,30.153517603900646,0
02950,633,dynamics,179,0,0,0,2.6096368670225396,0
02950,633,articulation,179,0,1,0,6.702552190569318,0
02950,633,pedal_depth,179,0,0,0,1.9702355341152407,0
02950,633,pedal_down_ratio,179,0,0,0,4.773057532877931,0
02950,633,pedal_changes,179,0,1,0,7.151423434733616,0
02954,636,tempo,130,0,0,0,2.6574734107775715,0
02954,636,rubato,130,0,12,7,17.486368410105857,0
02954,636,dynamics,130,0,0,0,2.553122438055169,0
02954,636,articulation,130,0,3,0,9.879414625408764,0
02954,636,pedal_depth,130,0,0,0,2.338473013851253,0
02954,636,pedal_down_ratio,130,0,0,0,1.6985328253977343,0
02954,636,pedal_changes,130,0,0,0,2.406673888984711,0
02955,636,tempo,130,0,0,0,2.6574734107775715,0
02955,636,rubato,130,0,12,7,17.486368410105854,0
02955,636,dynamics,130,0,0,0,2.553122438055171,0
02955,636,articulation,130,0,3,0,9.879414625408764,0
02955,636,pedal_depth,130,0,0,0,2.338473013851253,0
02955,636,pedal_down_ratio,130,0,0,0,1.6985328253977343,0
02955,636,pedal_changes,130,0,0,0,2.406673888984711,0
02959,639,tempo,314,0,5,0,9.871159379420394,0
02959,639,rubato,314,0,8,5,15.440439198905633,0
02959,639,dynamics,313,1,0,0,2.1109062657693487,0
02959,639,articulation,313,1,0,0,2.491542024463224,0
02959,639,pedal_depth,314,0,0,0,1.8293440461820518,0
02959,639,pedal_down_ratio,314,0,0,0,1.8436952891375697,0
02959,639,pedal_changes,314,0,0,0,4.718716006768426,0
02960,639,tempo,314,0,5,0,9.871159379420398,0
02960,639,rubato,314,0,8,5,15.440439198905633,0
02960,639,dynamics,313,1,0,0,2.110906265769348,0
02960,639,articulation,313,1,0,0,2.491542024463224,0
02960,639,pedal_depth,314,0,0,0,1.8293440461820518,0
02960,639,pedal_down_ratio,314,0,0,0,1.8436952891375697,0
02960,639,pedal_changes,314,0,0,0,4.718716006768426,0
02951,640,tempo,408,0,1,1,10.61804417341008,0
02951,640,rubato,408,0,4,3,56.43302696534746,0
02951,640,dynamics,401,7,0,0,1.8649514086910473,0
02951,640,articulation,401,7,1,1,14.833146788413236,0
02951,640,pedal_depth,408,0,0,0,2.091990631885698,0
02951,640,pedal_down_ratio,408,0,0,0,1.3944655841587417,0
02951,640,pedal_changes,408,0,0,0,3.1408203625894733,0
02961,640,tempo,408,0,1,1,10.61804417341008,0
02961,640,rubato,408,0,4,3,56.433026965347445,0
02961,640,dynamics,401,7,0,0,1.864951408691046,0
02961,640,articulation,401,7,1,1,14.83314678841324,0
02961,640,pedal_depth,408,0,0,0,2.091990631885698,0
02961,640,pedal_down_ratio,408,0,0,0,1.3944655841587417,0
02961,640,pedal_changes,408,0,0,0,3.1408203625894733,0
02962,642,tempo,105,0,0,0,1.7883738315860316,0
02962,642,rubato,105,0,10,7,21.708740718962016,0
02962,642,dynamics,105,0,0,0,1.581249765449642,0
02962,642,articulation,105,0,0,0,3.540024508579992,0
02962,642,pedal_depth,105,0,0,0,1.7975674519321239,0
02962,642,pedal_down_ratio,105,0,0,0,4.34174922335367,0
02962,642,pedal_changes,105,0,0,0,5.159430037306365,0
02963,642,tempo,105,0,0,0,1.7883738315860311,0
02963,642,rubato,105,0,10,7,21.708740718962016,0
02963,642,dynamics,105,0,0,0,1.581249765449642,0
02963,642,articulation,105,0,0,0,3.540024508579992,0
02963,642,pedal_depth,105,0,0,0,1.7975674519321239,0
02963,642,pedal_down_ratio,105,0,0,0,4.34174922335367,0
02963,642,pedal_changes,105,0,0,0,5.159430037306365,0
02964,643,tempo,145,0,0,0,1.8186488455631646,0
02964,643,rubato,145,0,2,1,10.081303985176909,0
02964,643,dynamics,145,0,0,0,1.9369991041379144,0
02964,643,articulation,145,0,0,0,3.369035824905998,0
02964,643,pedal_depth,145,0,0,0,2.2137823747061702,0
02964,643,pedal_down_ratio,145,0,0,0,2.5175396885899994,0
02964,643,pedal_changes,145,0,0,0,5.374208204111394,0
02965,643,tempo,145,0,0,0,1.8186488455631646,0
02965,643,rubato,145,0,2,1,10.081303985176909,0
02965,643,dynamics,145,0,0,0,1.9369991041379155,0
02965,643,articulation,145,0,0,0,3.369035824905998,0
02965,643,pedal_depth,145,0,0,0,2.2137823747061702,0
02965,643,pedal_down_ratio,145,0,0,0,2.5175396885899994,0
02965,643,pedal_changes,145,0,0,0,5.374208204111394,0
03004,647,tempo,437,0,30,27,982.9955118530874,0
03004,647,rubato,437,0,22,21,342.78637498122845,0
03004,647,dynamics,408,29,2,1,13.489815189531933,0
03004,647,articulation,402,35,27,14,30.53192257290785,0
03004,647,pedal_depth,437,0,0,0,5.737474494919332,0
03004,647,pedal_down_ratio,437,0,0,0,4.881208562195587,0
03004,647,pedal_changes,437,0,0,0,3.2924944146786177,0
03005,647,tempo,437,0,18,16,216.39258530798986,0
03005,647,rubato,437,0,14,13,71.5904597925235,0
03005,647,dynamics,406,31,0,0,5.0586806960744735,0
03005,647,articulation,399,38,14,5,32.29850159156433,0
03005,647,pedal_depth,437,0,1,0,6.076872302001757,0
03005,647,pedal_down_ratio,437,0,0,0,4.881208562195587,0
03005,647,pedal_changes,437,0,0,0,5.761865225687581,0
03008,647,tempo,437,0,406,393,504.1875976380954,0
03008,647,rubato,437,0,343,304,186.97138617573964,0
03008,647,dynamics,403,34,101,28,20.099824632402566,0
03008,647,articulation,393,44,61,29,42.74053142568009,0
03008,647,pedal_depth,437,0,8,0,7.64996599322595,0
03008,647,pedal_down_ratio,437,0,0,0,4.881208562195587,0
03008,647,pedal_changes,437,0,4,0,7.40811243302689,0
03015,648,tempo,249,0,3,0,9.275184209544655,0
03015,648,rubato,249,0,3,0,9.409619736570406,0
03015,648,dynamics,243,6,0,0,3.4919192798720298,0
03015,648,articulation,238,11,1,0,6.749307769552514,0
03015,648,pedal_depth,249,0,0,0,5.668472285795207,0
03015,648,pedal_down_ratio,249,0,0,0,3.3014846643010194,0
03015,648,pedal_changes,249,0,0,0,4.5341142094834765,0
03017,648,tempo,249,0,0,0,5.1632942496182945,0
03017,648,rubato,249,0,0,0,5.315242040001835,0
03017,648,dynamics,242,7,0,0,3.611505556579976,0
03017,648,articulation,239,10,3,0,7.95657688184422,0
03017,648,pedal_depth,249,0,0,0,4.430460395458996,0
03017,648,pedal_down_ratio,249,0,0,0,3.3014846643010194,0
03017,648,pedal_changes,249,0,0,0,3.967349933298042,0
03018,648,tempo,249,0,1,0,6.617149127870142,0
03018,648,rubato,249,0,2,0,7.8213740289161064,0
03018,648,dynamics,241,8,1,0,6.059038019869275,0
03018,648,articulation,240,9,2,1,10.379493343985823,0
03018,648,pedal_depth,249,0,0,0,4.7457550349561695,0
03018,648,pedal_down_ratio,249,0,0,0,3.2705211504505853,0
03018,648,pedal_changes,249,0,0,0,4.5341142094834765,0
03019,648,tempo,249,0,2,1,10.995878669696253,0
03019,648,rubato,249,0,2,1,12.412166514957475,0
03019,648,dynamics,241,8,0,0,4.719671720740278,0
03019,648,articulation,241,8,1,0,8.439591717682,0
03019,648,pedal_depth,249,0,2,0,6.555256485267123,0
03019,648,pedal_down_ratio,249,0,0,0,3.3014846643010194,0
03019,648,pedal_changes,249,0,1,0,7.934699866596084,0
03020,648,tempo,249,0,1,0,8.813444110489261,0
03020,648,rubato,249,0,1,0,9.031788651301143,0
03020,648,dynamics,240,9,0,0,3.8267608546542786,0
03020,648,articulation,239,10,0,0,4.401985448451556,0
03020,648,pedal_depth,249,0,0,0,2.1551746333339423,0
03020,648,pedal_down_ratio,249,0,0,0,3.264284837097662,0
03020,648,pedal_changes,249,0,0,0,3.967349933298042,0
03021,648,tempo,249,0,1,0,7.633654703563696,0
03021,648,rubato,249,0,2,0,7.839301206378714,0
03021,648,dynamics,240,9,0,0,3.061408683723423,0
03021,648,articulation,236,13,1,1,22.898102588553893,0
03021,648,pedal_depth,249,0,0,0,2.8525423445325773,0
03021,648,pedal_down_ratio,249,0,0,0,3.3014846643010194,0
03021,648,pedal_changes,249,0,0,0,5.667642761854346,0
03022,648,tempo,249,0,3,0,8.6409339247745,0
03022,648,rubato,249,0,3,1,10.214468665127912,0
03022,648,dynamics,242,7,0,0,4.018098897386992,0
03022,648,articulation,240,9,1,0,7.400103590411252,0
03022,648,pedal_depth,249,0,0,0,5.718415231828762,0
03022,648,pedal_down_ratio,249,0,0,0,3.3014846643010194,0
03022,648,pedal_changes,249,0,0,0,3.4005856571126074,0
03023,648,tempo,249,0,1,0,6.27580221708281,0
03023,648,rubato,249,0,1,0,6.821398584998403,0
03023,648,dynamics,242,7,0,0,4.544278514901958,0
03023,648,articulation,238,11,0,0,5.023221864464466,0
03023,648,pedal_depth,249,0,2,0,6.903940340866449,0
03023,648,pedal_down_ratio,249,0,0,0,3.301484664301078,0
03023,648,pedal_changes,249,0,1,0,6.23440703803978,0
03024,648,tempo,249,0,1,0,8.443180963971821,0
03024,648,rubato,249,0,2,0,8.712741781978071,0
03024,648,dynamics,240,9,2,0,6.3779347577571315,0
03024,648,articulation,230,19,2,0,9.973599110447058,0
03024,648,pedal_depth,249,0,1,0,6.566442115947211,0
03024,648,pedal_down_ratio,249,0,0,0,3.3014846643010194,0
03024,648,pedal_changes,249,0,0,0,3.4005856571126074,0
03025,648,tempo,249,0,1,0,7.582079073266642,0
03025,648,rubato,249,0,1,0,7.998272578259258,0
03025,648,dynamics,240,9,0,0,3.1012707759594056,0
03025,648,articulation,234,15,2,2,15.519698741634427,0
03025,648,pedal_depth,249,0,0,0,4.430460395458996,0
03025,648,pedal_down_ratio,249,0,0,0,3.2369605340540946,0
03025,648,pedal_changes,249,0,0,0,4.5341142094834765,0
03026,648,tempo,249,0,1,0,6.301065881041167,0
03026,648,rubato,249,0,1,0,6.4625802316357115,0
03026,648,dynamics,241,8,0,0,3.4201675138472623,0
03026,648,articulation,235,14,3,1,17.592738856915886,0
03026,648,pedal_depth,249,0,0,0,5.483121203689857,0
03026,648,pedal_down_ratio,249,0,0,0,3.2369605340540932,0
03026,648,pedal_changes,249,0,0,0,2.833821380927173,0
03056,651,tempo,122,1,4,1,12.570200240723391,0
03056,651,rubato,122,1,6,2,12.118754466845411,0
03056,651,dynamics,121,2,0,0,4.038272532809166,0
03056,651,articulation,120,3,4,1,14.3486904641216,0
03056,651,pedal_depth,123,0,0,0,2.443387961777457,0
03056,651,pedal_down_ratio,123,0,0,0,2.1458668674876717,0
03056,651,pedal_changes,123,0,0,0,2.325365044396115,0
03058,651,tempo,123,0,3,0,6.905093999002644,0
03058,651,rubato,123,0,3,0,7.907516804242889,0
03058,651,dynamics,122,1,0,0,3.7096991771212817,0
03058,651,articulation,117,6,3,1,13.718963340723878,0
03058,651,pedal_depth,123,0,0,0,2.4173944728224246,0
03058,651,pedal_down_ratio,123,0,0,0,2.1458668674876717,0
03058,651,pedal_changes,123,0,0,0,5.580876106550676,0
03060,651,tempo,123,0,6,1,13.048758487546978,0
03060,651,rubato,123,0,6,1,14.79410552791692,0
03060,651,dynamics,122,1,0,0,5.0027943188607,0
03060,651,articulation,121,2,3,2,19.762646321767072,0
03060,651,pedal_depth,123,0,0,0,2.567538579804131,0
03060,651,pedal_down_ratio,123,0,0,0,2.1458668674876717,0
03060,651,pedal_changes,123,0,2,0,7.906241150946791,0
03061,651,tempo,123,0,4,1,12.644626889529002,0
03061,651,rubato,123,0,5,1,12.576043041827628,0
03061,651,dynamics,122,1,0,0,4.260854483436441,0
03061,651,articulation,120,3,3,0,9.840760278573823,0
03061,651,pedal_depth,123,0,0,0,2.417394472822428,0
03061,651,pedal_down_ratio,123,0,0,0,2.1458668674876717,0
03061,651,pedal_changes,123,0,0,0,2.325365044396115,0
03062,651,tempo,123,0,4,0,8.425390560070795,0
03062,651,rubato,123,0,1,1,10.348478372204568,0
03062,651,dynamics,122,1,0,0,4.423374637862708,0
03062,651,articulation,120,3,4,0,8.673693123442346,0
03062,651,pedal_depth,123,0,0,0,2.5328614479459355,0
03062,651,pedal_down_ratio,123,0,0,0,2.1458668674876717,0
03062,651,pedal_changes,123,0,1,0,6.976095133188345,0
03063,651,tempo,123,0,1,1,11.966885163777617,0
03063,651,rubato,123,0,1,1,13.7650552692217,0
03063,651,dynamics,122,1,0,0,2.906814283787176,0
03063,651,articulation,122,1,0,0,5.613821160852184,0
03063,651,pedal_depth,123,0,0,0,2.2438781581903586,0
03063,651,pedal_down_ratio,123,0,0,0,2.134236155251487,0
03063,651,pedal_changes,123,0,0,0,2.790438053275338,0
03064,651,tempo,123,0,2,1,12.067160968972141,0
03064,651,rubato,123,0,2,1,13.954323375354075,0
03064,651,dynamics,122,1,0,0,2.7699087189172236,0
03064,651,articulation,121,2,1,0,6.418887614073448,0
03064,651,pedal_depth,123,0,0,0,2.4433879617775274,0
03064,651,pedal_down_ratio,123,0,0,0,2.1458668674876717,0
03064,651,pedal_changes,123,0,0,0,3.255511062154561,0
03068,652,tempo,305,1,7,1,10.544245924133483,0
03068,652,rubato,305,1,25,6,17.89308864023389,0
03068,652,dynamics,306,0,0,0,5.99158025301286,0
03068,652,articulation,304,2,6,1,13.107824895596556,0
03068,652,pedal_depth,306,0,0,0,4.468402086534004,0
03068,652,pedal_down_ratio,306,0,0,0,3.0362285337507573,0
03068,652,pedal_changes,306,0,0,0,3.025292426406268,0
03069,652,tempo,306,0,4,0,9.886553165180164,0
03069,652,rubato,306,0,18,3,16.773925732107493,0
03069,652,dynamics,306,0,0,0,3.731598227753623,0
03069,652,articulation,304,2,4,1,17.923825961247243,0
03069,652,pedal_depth,306,0,0,0,4.642553899342126,0
03069,652,pedal_down_ratio,306,0,0,0,3.0362285337507573,0
03069,652,pedal_changes,306,0,0,0,3.025292426406268,0
03070,652,tempo,304,2,2,0,8.647650999780119,0
03070,652,rubato,304,2,10,2,12.888184757370453,0
03070,652,dynamics,305,1,0,0,5.912743670736377,0
03070,652,articulation,304,2,0,0,5.516452622738334,0
03070,652,pedal_depth,306,0,0,0,2.860797293391112,0
03070,652,pedal_down_ratio,306,0,0,0,2.991455313202744,0
03070,652,pedal_changes,306,0,0,0,3.27740012860679,0
03071,652,tempo,305,1,4,2,13.43362616262932,0
03071,652,rubato,305,1,34,6,26.3369224260962,0
03071,652,dynamics,304,2,0,0,4.409592835331397,0
03071,652,articulation,302,4,2,1,13.30881201817668,0
03071,652,pedal_depth,306,0,0,0,3.2243846845915605,0
03071,652,pedal_down_ratio,306,0,0,0,3.0362285337507573,0
03071,652,pedal_changes,306,0,0,0,4.033723235208357,0
03072,652,tempo,306,0,3,0,9.654178351629817,0
03072,652,rubato,306,0,15,4,18.025016094966205,0
03072,652,dynamics,306,0,0,0,3.481949050544756,0
03072,652,articulation,304,2,3,1,10.02217553728875,0
03072,652,pedal_depth,306,0,0,0,5.26825652835807,0
03072,652,pedal_down_ratio,306,0,0,0,3.0362285337507573,0
03072,652,pedal_changes,306,0,0,0,4.033723235208357,0
03073,652,tempo,306,0,2,1,10.814931161718015,0
03073,652,rubato,306,0,13,2,20.180108006277983,0
03073,652,dynamics,306,0,0,0,2.6804437974004927,0
03073,652,articulation,304,2,1,0,7.233566074851408,0
03073,652,pedal_depth,306,0,0,0,5.26825652835807,0
03073,652,pedal_down_ratio,306,0,0,0,3.0362285337507573,0
03073,652,pedal_changes,306,0,0,0,4.033723235208357,0
03074,652,tempo,305,1,2,0,9.291351061126548,0
03074,652,rubato,305,1,15,4,18.27983386538158,0
03074,652,dynamics,306,0,0,0,4.336012025206678,0
03074,652,articulation,304,2,2,1,17.484911797811634,0
03074,652,pedal_depth,306,0,0,0,4.88239495241848,0
03074,652,pedal_down_ratio,306,0,0,0,3.007931902494905,0
03074,652,pedal_changes,306,0,0,0,5.042154044010447,0
03075,652,tempo,305,1,3,0,8.503856933681961,0
03075,652,rubato,305,1,15,5,18.194022170430443,0
03075,652,dynamics,305,1,0,0,2.9563718353681874,0
03075,652,articulation,303,3,3,0,9.42786009124909,0
03075,652,pedal_depth,306,0,0,0,4.184609749308651,0
03075,652,pedal_down_ratio,306,0,0,0,3.0362285337507573,0
03075,652,pedal_changes,306,0,0,0,4.033723235208357,0
03076,652,tempo,306,0,0,0,5.26814695365877,0
03076,652,rubato,306,0,20,0,9.723578309379,0
03076,652,dynamics,305,1,0,0,5.229493291006841,0
03076,652,articulation,304,2,5,0,8.2666475865881,0
03076,652,pedal_depth,306,0,0,0,4.908432311640279,0
03076,652,pedal_down_ratio,306,0,0,0,3.0362285337507573,0
03076,652,pedal_changes,306,0,0,0,4.033723235208357,0
03077,652,tempo,305,1,2,0,9.175236310170646,0
03077,652,rubato,305,1,25,6,18.710660109904058,0
03077,652,dynamics,304,2,0,0,3.4451586454823944,0
03077,652,articulation,303,3,5,1,20.70571790352671,0
03077,652,pedal_depth,306,0,0,0,4.181078474313151,0
03077,652,pedal_down_ratio,306,0,0,0,3.0362285337507573,0
03077,652,pedal_changes,306,0,0,0,4.285830937408879,0
03080,653,tempo,347,0,3,0,8.133505254904266,0
03080,653,rubato,347,0,3,0,8.622282797281095,0
03080,653,dynamics,343,4,0,0,4.868820431768531,0
03080,653,articulation,341,6,14,6,14.310690639246591,0
03080,653,pedal_depth,347,0,0,0,5.118379711033537,0
03080,653,pedal_down_ratio,347,0,0,0,3.4351021075800774,0
03080,653,pedal_changes,347,0,0,0,3.261327799955289,0
03081,653,tempo,346,1,3,1,12.793192222174232,0
03081,653,rubato,346,1,4,1,14.747653066591008,0
03081,653,dynamics,340,7,0,0,4.52889753548233,0
03081,653,articulation,338,9,17,2,11.895102335323237,0
03081,653,pedal_depth,347,0,0,0,5.181115765206129,0
03081,653,pedal_down_ratio,347,0,0,0,3.4238972078815286,0
03081,653,pedal_changes,347,0,0,0,4.013941907637279,0
03082,653,tempo,347,0,11,0,9.776183428408777,0
03082,653,rubato,347,0,4,1,10.135458862643926,0
03082,653,dynamics,341,6,1,0,6.210621338161433,0
03082,653,articulation,338,9,3,3,13.171973875026614,0
03082,653,pedal_depth,347,0,0,0,5.623766188452888,0
03082,653,pedal_down_ratio,347,0,0,0,3.4351021075800774,0
03082,653,pedal_changes,347,0,0,0,5.017427384546599,0
03083,653,tempo,347,0,3,0,8.673341887622405,0
03083,653,rubato,347,0,5,0,9.273573313087482,0
03083,653,dynamics,343,4,0,0,4.845818130516082,0
03083,653,articulation,337,10,6,3,11.554240242772659,0
03083,653,pedal_depth,347,0,0,0,2.255977401708996,0
03083,653,pedal_down_ratio,347,0,0,0,3.4351021075800774,0
03083,653,pedal_changes,347,0,0,0,4.013941907637279,0
03084,653,tempo,347,0,2,0,7.046875014661694,0
03084,653,rubato,347,0,4,0,8.378022528649316,0
03084,653,dynamics,341,6,0,0,2.526419420894066,0
03084,653,articulation,339,8,6,2,20.859467301332778,0
03084,653,pedal_depth,347,0,1,0,6.287715745356629,0
03084,653,pedal_down_ratio,347,0,0,0,3.4351021075800774,0
03084,653,pedal_changes,347,0,0,0,4.264813276864609,0
03085,653,tempo,347,0,0,0,5.057735806970676,0
03085,653,rubato,347,0,2,0,6.385781869252393,0
03085,653,dynamics,342,5,0,0,2.71810526466448,0
03085,653,articulation,340,7,2,0,8.499999891059542,0
03085,653,pedal_depth,347,0,0,0,4.144176286712331,0
03085,653,pedal_down_ratio,347,0,0,0,3.414776059606216,0
03085,653,pedal_changes,347,0,1,0,7.024398338365238,0
03086,653,tempo,347,0,1,0,6.090451807182255,0
03086,653,rubato,347,0,2,0,7.638703499588909,0
03086,653,dynamics,341,6,0,0,4.1404142254409555,0
03086,653,articulation,338,9,1,0,7.598719001203781,0
03086,653,pedal_depth,347,0,0,0,2.247740759914568,0
03086,653,pedal_down_ratio,347,0,0,0,3.3357599210183126,0
03086,653,pedal_changes,347,0,0,0,4.515684646091938,0
03087,653,tempo,347,0,0,0,4.659567475822466,0
03087,653,rubato,347,0,1,0,6.19187745848852,0
03087,653,dynamics,342,5,0,0,4.261815259828886,0
03087,653,articulation,341,6,6,3,24.93856472005303,0
03087,653,pedal_depth,347,0,0,0,3.3348874841685894,0
03087,653,pedal_down_ratio,347,0,0,0,3.4351021075800774,0
03087,653,pedal_changes,347,0,0,0,4.013941907637279,0
03088,653,tempo,347,0,1,0,6.230802436543202,0
03088,653,rubato,347,0,2,0,7.32271563169327,0
03088,653,dynamics,342,5,0,0,4.797622832653807,0
03088,653,articulation,341,6,8,1,11.238549374015774,0
03088,653,pedal_depth,347,0,0,0,2.150297883874868,0
03088,653,pedal_down_ratio,347,0,0,0,3.4351021075800774,0
03088,653,pedal_changes,347,0,0,0,5.017427384546599,0
03089,653,tempo,347,0,0,0,5.800132330924962,0
03089,653,rubato,347,0,2,0,7.047296430460131,0
03089,653,dynamics,343,4,0,0,4.98383193803078,0
03089,653,articulation,341,6,5,1,12.687734018185768,0
03089,653,pedal_depth,347,0,0,0,2.7373940702345414,0
03089,653,pedal_down_ratio,347,0,0,0,3.4351021075800774,0
03089,653,pedal_changes,347,0,0,0,3.512199169182619,0
03092,654,tempo,605,10,40,14,12.761192169878996,0
03092,654,rubato,605,10,51,17,14.311831327773412,0
03092,654,dynamics,610,5,0,0,5.16334305530359,0
03092,654,articulation,605,10,2,0,9.077003738986408,0
03092,654,pedal_depth,615,0,0,0,3.7144684746125516,0
03092,654,pedal_down_ratio,615,0,0,0,2.472822139476902,0
03092,654,pedal_changes,615,0,0,0,3.966725365918623,0
03093,654,tempo,613,2,38,13,13.229294558448103,0
03093,654,rubato,613,2,48,21,16.029791501047043,0
03093,654,dynamics,610,5,0,0,4.884243430692585,0
03093,654,articulation,605,10,8,1,17.919449321715756,0
03093,654,pedal_depth,615,0,0,0,3.753055079871332,0
03093,654,pedal_down_ratio,615,0,0,0,2.472822139476902,0
03093,654,pedal_changes,615,0,0,0,5.553415512286072,0
03094,654,tempo,610,5,32,10,13.087910440499897,0
03094,654,rubato,610,5,39,19,15.111792167258335,0
03094,654,dynamics,610,5,0,0,5.5122175860673455,0
03094,654,articulation,606,9,5,1,13.545563535404593,0
03094,654,pedal_depth,615,0,0,0,4.004300889576524,0
03094,654,pedal_down_ratio,615,0,0,0,2.472822139476902,0
03094,654,pedal_changes,615,0,0,0,4.760070439102347,0
03096,654,tempo,613,2,35,14,16.289689765893733,0
03096,654,rubato,613,2,43,18,18.168568797178178,0
03096,654,dynamics,611,4,0,0,3.837619838401317,0
03096,654,articulation,609,6,3,0,6.903572823444176,0
03096,654,pedal_depth,615,0,0,0,3.648434300063022,0
03096,654,pedal_down_ratio,615,0,0,0,2.472822139476902,0
03096,654,pedal_changes,615,0,0,0,4.760070439102347,0
03097,654,tempo,611,4,29,18,18.360191147047765,0
03097,654,rubato,611,4,37,21,20.944623094028096,0
03097,654,dynamics,611,4,0,0,3.25616228712839,0
03097,654,articulation,605,10,2,0,6.197679058036395,0
03097,654,pedal_depth,615,0,0,0,3.648434300063022,0
03097,654,pedal_down_ratio,615,0,0,0,2.472822139476902,0
03097,654,pedal_changes,615,0,1,0,7.140105658653521,0
03098,654,tempo,608,7,53,20,15.306798037499389,0
03098,654,rubato,608,7,61,23,16.794320328688407,0
03098,654,dynamics,609,6,0,0,3.7678449322485656,0
03098,654,articulation,608,7,9,1,11.389660117792312,0
03098,654,pedal_depth,615,0,0,0,3.241274841706916,0
03098,654,pedal_down_ratio,615,0,0,0,2.472822139476902,0
03098,654,pedal_changes,615,0,0,0,3.966725365918623,0
03099,654,tempo,608,7,17,5,13.57668992417629,0
03099,654,rubato,608,7,20,7,16.054865043914173,0
03099,654,dynamics,610,5,0,0,4.674918712234332,0
03099,654,articulation,608,7,2,0,6.848065898959809,0
03099,654,pedal_depth,615,0,0,0,4.037377434406939,0
03099,654,pedal_down_ratio,615,0,0,0,2.472822139476902,0
03099,654,pedal_changes,615,0,0,0,3.1733802927348984,0
03100,654,tempo,612,3,30,9,17.467373892204442,0
03100,654,rubato,612,3,39,11,20.323436654407036,0
03100,654,dynamics,611,4,0,0,4.395819087623327,0
03100,654,articulation,607,8,6,1,11.712914779426876,0
03100,654,pedal_depth,615,0,0,0,3.163206669783549,0
03100,654,pedal_down_ratio,615,0,0,0,2.472822139476902,0
03100,654,pedal_changes,615,0,0,0,5.553415512286072,0
03101,654,tempo,611,4,32,10,16.230338855320255,0
03101,654,rubato,611,4,40,14,19.536274612201062,0
03101,654,dynamics,612,3,0,0,3.6980700260958135,0
03101,654,articulation,608,7,9,3,12.446339280848107,0
03101,654,pedal_depth,615,0,0,0,3.4118682544283407,0
03101,654,pedal_down_ratio,615,0,0,0,2.472822139476902,0
03101,654,pedal_changes,615,0,0,0,4.760070439102347,0
03104,655,tempo,308,0,0,0,5.062042834670444,0
03104,655,rubato,308,0,0,0,5.312578695929163,0
03104,655,dynamics,294,14,0,0,4.159359683439001,0
03104,655,articulation,284,24,3,0,7.999959501308521,0
03104,655,pedal_depth,308,0,0,0,4.088945755824993,0
03104,655,pedal_down_ratio,308,0,0,0,3.6557312734318157,0
03104,655,pedal_changes,308,0,0,0,4.469220256335892,0
03106,655,tempo,308,0,2,0,7.401577327674692,0
03106,655,rubato,308,0,6,0,9.821908714335532,0
03106,655,dynamics,294,14,0,0,2.9602649999250548,0
03106,655,articulation,292,16,8,3,17.509262394119812,0
03106,655,pedal_depth,308,0,0,0,4.350757232285522,0
03106,655,pedal_down_ratio,308,0,0,0,3.6557312734318157,0
03106,655,pedal_changes,308,0,0,0,4.469220256335892,0
03107,655,tempo,308,0,1,0,6.332354875217708,0
03107,655,rubato,308,0,3,0,8.161657957092377,0
03107,655,dynamics,292,16,0,0,2.707330965121332,0
03107,655,articulation,287,21,7,2,13.352915083382042,0
03107,655,pedal_depth,308,0,0,0,4.181726167385125,0
03107,655,pedal_down_ratio,308,0,0,0,3.6557312734318157,0
03107,655,pedal_changes,308,0,1,0,8.379787980629796,0
03108,655,tempo,308,0,1,0,7.146684049220394,0
03108,655,rubato,308,0,1,0,7.969473737900613,0
03108,655,dynamics,290,18,0,0,2.8103781644858112,0
03108,655,articulation,283,25,4,1,11.131098013459933,0
03108,655,pedal_depth,308,0,0,0,4.461077845813773,0
03108,655,pedal_down_ratio,308,0,0,0,3.6557312734318157,0
03108,655,pedal_changes,308,0,1,0,6.703830384503838,0
03109,655,tempo,308,0,0,0,5.712276682255707,0
03109,655,rubato,308,0,2,0,8.969145772368352,0
03109,655,dynamics,286,22,0,0,4.271774810018433,0
03109,655,articulation,283,25,1,0,7.5829094105455335,0
03109,655,pedal_depth,308,0,0,0,4.296802373208495,0
03109,655,pedal_down_ratio,308,0,0,0,3.6557312734318157,0
03109,655,pedal_changes,308,0,0,0,3.910567724293905,0
03110,655,tempo,306,2,0,0,4.6312464623744996,0
03110,655,rubato,306,2,0,0,5.623009956395439,0
03110,655,dynamics,291,17,0,0,3.3349820885231622,0
03110,655,articulation,289,19,3,0,7.946182471086891,0
03110,655,pedal_depth,308,0,0,0,4.362162509819747,0
03110,655,pedal_down_ratio,308,0,0,0,3.6557312734318157,0
03110,655,pedal_changes,308,0,0,0,4.469220256335892,0
03111,655,tempo,307,1,0,0,3.7221595455150163,0
03111,655,rubato,307,1,0,0,4.86666317907053,0
03111,655,dynamics,288,20,0,0,3.344350015738115,0
03111,655,articulation,282,26,2,1,12.009287087198834,0
03111,655,pedal_depth,308,0,0,0,4.9666635523359535,0
03111,655,pedal_down_ratio,308,0,0,0,3.6557312734318157,0
03111,655,pedal_changes,308,0,0,0,4.469220256335892,0
03112,655,tempo,308,0,0,0,5.1756094161458925,0
03112,655,rubato,308,0,1,0,6.4179965360342095,0
03112,655,dynamics,292,16,0,0,3.484868923962406,0
03112,655,articulation,282,26,2,0,9.959187015987196,0
03112,655,pedal_depth,308,0,0,0,1.9275506722974325,0
03112,655,pedal_down_ratio,308,0,0,0,3.6557312734318157,0
03112,655,pedal_changes,308,0,0,0,5.586525320419865,0
03113,655,tempo,308,0,0,0,4.48258182490487,0
03113,655,rubato,308,0,0,0,4.7284283673377,0
03113,655,dynamics,291,17,0,0,3.231934889158684,0
03113,655,articulation,285,23,3,1,15.901923429571953,0
03113,655,pedal_depth,308,0,0,0,4.408407629655677,0
03113,655,pedal_down_ratio,308,0,0,0,3.6557312734318157,0
03113,655,pedal_changes,308,0,0,0,2.7932626602099324,0
03114,655,tempo,308,0,1,0,8.075033570636545,0
03114,655,rubato,308,0,1,0,8.991809105094186,0
03114,655,dynamics,292,16,0,0,3.260038670803541,0
03114,655,articulation,286,22,2,0,7.424050394518133,0
03114,655,pedal_depth,308,0,0,0,4.631618142549456,0
03114,655,pedal_down_ratio,308,0,0,0,3.6557312734318157,0
03114,655,pedal_changes,308,0,0,0,5.586525320419865,0
03115,655,tempo,308,0,1,0,6.141700337633565,0
03115,655,rubato,308,0,1,0,6.235942081391571,0
03115,655,dynamics,289,19,0,0,3.709699177121272,0
03115,655,articulation,276,32,2,0,6.548973237664863,0
03115,655,pedal_depth,308,0,0,0,4.52001288610247,0
03115,655,pedal_down_ratio,308,0,0,0,3.6557312734318157,0
03115,655,pedal_changes,308,0,1,0,6.703830384503838,0
03116,655,tempo,307,1,0,0,3.9600357747329693,0
03116,655,rubato,307,1,0,0,4.417380588002675,0
03116,655,dynamics,290,18,0,0,2.163991186654074,0
03116,655,articulation,287,21,3,2,17.597602001449975,0
03116,655,pedal_depth,308,0,0,0,1.4753357378541472,0
03116,655,pedal_down_ratio,308,0,0,0,3.6557312734318157,0
03116,655,pedal_changes,308,0,0,0,4.469220256335892,0
03117,655,tempo,308,0,1,0,6.16768706006056,0
03117,655,rubato,308,0,1,0,8.05519976980391,0
03117,655,dynamics,292,16,0,0,2.6155252784147955,0
03117,655,articulation,290,18,5,1,11.470761685788988,0
03117,655,pedal_depth,308,0,0,0,4.560279001527245,0
03117,655,pedal_down_ratio,308,0,0,0,3.6557312734318157,0
03117,655,pedal_changes,308,0,1,0,6.703830384503838,0
03155,664,tempo,215,0,2,1,12.171475851791241,0
03155,664,rubato,215,0,8,1,15.857194867523761,0
03155,664,dynamics,200,15,0,0,4.209908767202906,0
03155,664,articulation,197,18,0,0,5.139694248769373,0
03155,664,pedal_depth,215,0,0,0,3.6353777090824617,0
03155,664,pedal_down_ratio,215,0,0,0,2.836166409006769,0
03155,664,pedal_changes,215,0,0,0,3.0696408121050642,0
03156,664,tempo,215,0,3,2,16.55340302939538,0
03156,664,rubato,215,0,5,3,21.402098426922343,0
03156,664,dynamics,204,11,0,0,2.153455636679828,0
03156,664,articulation,202,13,1,0,6.319673916777457,0
03156,664,pedal_depth,215,0,0,0,4.113819556762863,0
03156,664,pedal_down_ratio,215,0,0,0,2.836166409006769,0
03156,664,pedal_changes,215,0,0,0,4.604461218157597,0
03157,664,tempo,215,0,0,0,4.68473035238348,0
03157,664,rubato,215,0,3,0,6.4716751033356665,0
03157,664,dynamics,201,14,0,0,3.313605610314545,0
03157,664,articulation,200,15,1,0,7.6841386357026495,0
03157,664,pedal_depth,215,0,0,0,3.953309672906363,0
03157,664,pedal_down_ratio,215,0,0,0,2.836166409006769,0
03157,664,pedal_changes,215,0,1,0,6.906691827236394,0
03158,664,tempo,215,0,6,2,11.733755708862825,0
03158,664,rubato,215,0,9,4,15.646192606650771,0
03158,664,dynamics,206,9,0,0,3.1234806982473176,0
03158,664,articulation,202,13,1,1,19.565336334928446,0
03158,664,pedal_depth,215,0,0,0,4.0352642084426575,0
03158,664,pedal_down_ratio,215,0,0,0,2.836166409006769,0
03158,664,pedal_changes,215,0,0,0,5.3718714211838625,0
03159,664,tempo,215,0,2,0,8.126274448856163,0
03159,664,rubato,215,0,2,0,9.187751588173395,0
03159,664,dynamics,203,12,0,0,4.979461982713115,0
03159,664,articulation,200,15,1,0,8.651177570757602,0
03159,664,pedal_depth,215,0,0,0,4.074907868598931,0
03159,664,pedal_down_ratio,215,0,0,0,2.836166409006769,0
03159,664,pedal_changes,215,0,1,0,6.1392816242101285,0
03160,664,tempo,215,0,5,1,10.739625019905674,0
03160,664,rubato,215,0,9,2,13.159884200558242,0
03160,664,dynamics,201,14,0,0,2.376561400840351,0
03160,664,articulation,199,16,1,1,11.764490953414338,0
03160,664,pedal_depth,215,0,0,0,2.966601968796206,0
03160,664,pedal_down_ratio,215,0,0,0,2.836166409006769,0
03160,664,pedal_changes,215,0,0,0,5.3718714211838625,0
03161,664,tempo,215,0,22,0,9.230499436565236,0
03161,664,rubato,215,0,26,3,11.340408568110782,0
03161,664,dynamics,204,11,0,0,5.341604672364978,0
03161,664,articulation,197,18,0,0,5.988422729157766,0
03161,664,pedal_depth,215,0,0,0,4.369572381150404,0
03161,664,pedal_down_ratio,215,0,0,0,2.836166409006769,0
03161,664,pedal_changes,215,0,0,0,4.604461218157597,0
03187,667,tempo,145,0,0,0,5.234133517015848,0
03187,667,rubato,145,0,0,0,4.123787660901232,0
03187,667,dynamics,142,3,0,0,2.895413494427631,0
03187,667,articulation,142,3,1,0,6.379995169413045,0
03187,667,pedal_depth,145,0,0,0,5.4478910852034375,0
03187,667,pedal_down_ratio,145,0,0,0,4.229594627586253,0
03187,667,pedal_changes,145,0,0,0,2.8906752917921144,0
03188,667,tempo,145,0,0,0,5.085009780680957,0
03188,667,rubato,145,0,0,0,5.551845904120916,0
03188,667,dynamics,142,3,0,0,3.017042975644719,0
03188,667,articulation,141,4,2,0,6.460481778172894,0
03188,667,pedal_depth,145,0,0,0,2.7932888897016346,0
03188,667,pedal_down_ratio,145,0,0,0,4.056611604065342,0
03188,667,pedal_changes,145,0,0,0,2.6278866289019223,0
03190,667,tempo,145,0,0,0,4.941666394188468,0
03190,667,rubato,145,0,0,0,5.520319701234723,0
03190,667,dynamics,142,3,0,0,5.4364692362184535,0
03190,667,articulation,142,3,16,5,13.74619384550007,0
03190,667,pedal_depth,145,0,2,0,6.491823861850264,0
03190,667,pedal_down_ratio,145,0,0,0,4.229594627586253,0
03190,667,pedal_changes,145,0,0,0,5.2557732578038445,0
03192,667,tempo,145,0,0,0,3.862471548381898,0
03192,667,rubato,145,0,0,0,3.9601759793540587,0
03192,667,dynamics,141,4,0,0,5.2905752877888625,0
03192,667,articulation,141,4,1,0,7.615092585101216,0
03192,667,pedal_depth,145,0,0,0,2.1704669342953005,0
03192,667,pedal_down_ratio,145,0,0,0,4.120724753002317,0
03192,667,pedal_changes,145,0,0,0,2.6278866289019223,0
03210,670,tempo,179,1,0,0,3.8109689147614625,0
03210,670,rubato,179,1,0,0,5.923340144072882,0
03210,670,dynamics,178,2,0,0,2.7247419260998047,0
03210,670,articulation,177,3,1,1,12.198841857913868,0
03210,670,pedal_depth,180,0,0,0,4.258866166805307,0
03210,670,pedal_down_ratio,180,0,0,0,3.1001065208994274,0
03210,670,pedal_changes,180,0,0,0,3.3681280299331426,0
03213,670,tempo,180,0,0,0,5.359552694732574,0
03213,670,rubato,180,0,4,0,7.88542655482405,0
03213,670,dynamics,179,1,0,0,3.42146718715899,0
03213,670,articulation,178,2,0,0,5.355359816477489,0
03213,670,pedal_depth,180,0,0,0,3.9503191700720697,0
03213,670,pedal_down_ratio,180,0,0,0,3.1001065208994274,0
03213,670,pedal_changes,180,0,0,0,5.838088585217447,0
03214,670,tempo,180,0,0,0,3.9135081980346684,0
03214,670,rubato,180,0,4,0,7.909684708755056,0
03214,670,dynamics,178,2,0,0,3.917759466555742,0
03214,670,articulation,175,5,4,2,23.32051034328956,0
03214,670,pedal_depth,180,0,0,0,3.9503191700720697,0
03214,670,pedal_down_ratio,180,0,0,0,3.1001065208994274,0
03214,670,pedal_changes,180,0,1,0,8.308049140501751,0
03215,670,tempo,180,0,0,0,3.9699066964039127,0
03215,670,rubato,180,0,2,0,7.962026449494833,0
03215,670,dynamics,180,0,0,0,4.225537624321168,0
03215,670,articulation,176,4,1,0,7.687250961683156,0
03215,670,pedal_depth,180,0,0,0,3.674998352324981,0
03215,670,pedal_down_ratio,180,0,0,0,2.968870066295141,0
03215,670,pedal_changes,180,0,1,0,6.511714191204075,0
03216,670,tempo,179,1,3,1,10.827872929776442,0
03216,670,rubato,179,1,10,2,19.33462328668361,0
03216,670,dynamics,178,2,0,0,4.355060932380784,0
03216,670,articulation,174,6,3,0,8.803485474757265,0
03216,670,pedal_depth,180,0,0,0,4.1007514688076885,0
03216,670,pedal_down_ratio,180,0,0,0,3.080204229609427,0
03216,670,pedal_changes,180,0,1,0,7.634423534515123,0
03217,670,tempo,180,0,1,0,6.373808104933274,0
03217,670,rubato,180,0,6,1,10.502332601984063,0
03217,670,dynamics,177,3,0,0,2.6161143410061247,0
03217,670,articulation,175,5,0,0,5.279419386652128,0
03217,670,pedal_depth,180,0,0,0,3.342169787881464,0
03217,670,pedal_down_ratio,180,0,0,0,3.1001065208994274,0
03217,670,pedal_changes,180,0,0,0,5.838088585217447,0
03218,670,tempo,180,0,4,0,8.087047221085337,0
03218,670,rubato,180,0,8,1,10.382761636471018,0
03218,670,dynamics,178,2,0,0,4.467363319708289,0
03218,670,articulation,175,5,3,0,8.953767652882323,0
03218,670,pedal_depth,180,0,0,0,4.0948430421478905,0
03218,670,pedal_down_ratio,180,0,0,0,3.1001065208994274,0
03218,670,pedal_changes,180,0,0,0,3.5926698985953522,0
03219,670,tempo,180,0,3,0,6.903747949198415,0
03219,670,rubato,180,0,9,3,11.119141305118683,0
03219,670,dynamics,176,4,0,0,5.636187514079372,0
03219,670,articulation,174,6,1,0,6.152705036816374,0
03219,670,pedal_depth,180,0,0,0,4.167104978185764,0
03219,670,pedal_down_ratio,180,0,0,0,3.1001065208994274,0
03219,670,pedal_changes,180,0,0,0,3.5926698985953522,0
03220,670,tempo,180,0,4,1,11.822139425362973,0
03220,670,rubato,180,0,8,4,19.461282465477197,0
03220,670,dynamics,176,4,0,0,3.2316706565369775,0
03220,670,articulation,175,5,4,0,7.351895119612574,0
03220,670,pedal_depth,180,0,0,0,3.883337635766582,0
03220,670,pedal_down_ratio,180,0,0,0,3.1001065208994274,0
03220,670,pedal_changes,180,0,0,0,3.5926698985953522,0
03221,670,tempo,180,0,0,0,5.731107568965335,0
03221,670,rubato,180,0,3,0,7.729348073597132,0
03221,670,dynamics,177,3,0,0,3.055339420317202,0
03221,670,articulation,175,5,2,0,7.0063630988653625,0
03221,670,pedal_depth,180,0,0,0,3.637184113907753,0
03221,670,pedal_down_ratio,180,0,0,0,3.1001065208994274,0
03221,670,pedal_changes,180,0,0,0,4.49083737324419,0
03233,672,tempo,124,0,5,0,7.930472118518745,0
03233,672,rubato,124,0,1,0,7.869579583194473,0
03233,672,dynamics,117,7,0,0,3.7940105220558453,0
03233,672,articulation,113,11,2,1,15.982901876798467,0
03233,672,pedal_depth,124,0,0,0,5.0307705436764,0
03233,672,pedal_down_ratio,124,0,0,0,3.839760272377822,0
03233,672,pedal_changes,124,0,0,0,4.578755702968754,0
03234,672,tempo,124,0,5,2,64.32623967007338,0
03234,672,rubato,124,0,6,2,72.46765420874883,0
03234,672,dynamics,116,8,1,0,7.869058860560271,0
03234,672,articulation,114,10,8,5,22.21729112762825,0
03234,672,pedal_depth,124,0,0,0,5.0327337315784755,0
03234,672,pedal_down_ratio,124,0,0,0,3.864867000762779,0
03234,672,pedal_changes,124,0,0,0,4.578755702968754,0
03235,672,tempo,124,0,4,0,9.957165471074402,0
03235,672,rubato,124,0,7,2,10.340572310156187,0
03235,672,dynamics,117,7,12,2,11.241512657943245,0
03235,672,articulation,116,8,8,3,12.992040533207101,0
03235,672,pedal_depth,124,0,0,0,2.112050981107019,0
03235,672,pedal_down_ratio,124,0,0,0,3.5269048302299155,0
03235,672,pedal_changes,124,0,1,0,6.541079575669649,0
03237,673,tempo,364,0,6,1,10.308728875111552,0
03237,673,rubato,364,0,5,0,9.953747214716616,0
03237,673,dynamics,362,2,0,0,3.462391965674093,0
03237,673,articulation,359,5,5,1,12.76994233243423,0
03237,673,pedal_depth,364,0,0,0,3.993957837595444,0
03237,673,pedal_down_ratio,364,0,0,0,3.3290642347980364,0
03237,673,pedal_changes,364,0,0,0,3.4660876828732836,0
03238,673,tempo,364,0,6,1,12.466748418771093,0
03238,673,rubato,364,0,8,1,13.157144878040338,0
03238,673,dynamics,361,3,0,0,5.012578180868658,0
03238,673,articulation,360,4,4,0,7.525281304924592,0
03238,673,pedal_depth,364,0,0,0,4.136646815432725,0
03238,673,pedal_down_ratio,364,0,0,0,3.3290642347980364,0
03238,673,pedal_changes,364,0,0,0,3.4660876828732836,0
03239,673,tempo,364,0,6,0,9.868880364875341,0
03239,673,rubato,364,0,7,1,10.06264189363118,0
03239,673,dynamics,361,3,0,0,3.8182231328345213,0
03239,673,articulation,360,4,4,1,12.154928386753735,0
03239,673,pedal_depth,364,0,0,0,3.674574564772688,0
03239,673,pedal_down_ratio,364,0,0,0,3.3290642347980364,0
03239,673,pedal_changes,364,0,1,0,8.087537926704329,0
03240,673,tempo,364,0,6,1,11.360715772235928,0
03240,673,rubato,364,0,9,1,11.812597478984323,0
03240,673,dynamics,361,3,0,0,3.1529735594476307,0
03240,673,articulation,361,3,4,3,16.931380511304383,0
03240,673,pedal_depth,364,0,0,0,3.763094045472974,0
03240,673,pedal_down_ratio,364,0,0,0,3.3290642347980364,0
03240,673,pedal_changes,364,0,0,0,4.621450243831045,0
03241,673,tempo,364,0,6,0,7.7336922835348485,0
03241,673,rubato,364,0,6,0,7.807871161052532,0
03241,673,dynamics,361,3,0,0,2.8698557177504207,0
03241,673,articulation,360,4,5,2,10.270830382703648,0
03241,673,pedal_depth,364,0,0,0,3.3244014550550895,0
03241,673,pedal_down_ratio,364,0,0,0,3.3290642347980364,0
03241,673,pedal_changes,364,0,1,0,8.087537926704329,0
03242,673,tempo,364,0,7,0,9.489089968803679,0
03242,673,rubato,364,0,7,0,9.50632099330699,0
03242,673,dynamics,359,5,0,0,4.397056565625308,0
03242,673,articulation,359,5,4,2,11.851477537691839,0
03242,673,pedal_depth,364,0,0,0,3.7681373474403568,0
03242,673,pedal_down_ratio,364,0,0,0,3.3290642347980364,0
03242,673,pedal_changes,364,0,0,0,3.1772470426338435,0
03243,673,tempo,364,0,4,0,9.511517927780325,0
03243,673,rubato,364,0,5,1,10.092634321845248,0
03243,673,dynamics,362,2,1,0,6.391037180607537,0
03243,673,articulation,361,3,4,0,9.860282141226879,0
03243,673,pedal_depth,364,0,0,0,3.5205504812194413,0
03243,673,pedal_down_ratio,364,0,0,0,3.3290642347980364,0
03243,673,pedal_changes,364,0,1,0,6.932175365746567,0
03244,673,tempo,364,0,7,0,9.469368729083252,0
03244,673,rubato,364,0,8,1,10.054803660226819,0
03244,673,dynamics,360,4,0,0,4.720177786984651,0
03244,673,articulation,360,4,3,0,7.053139220555656,0
03244,673,pedal_depth,364,0,0,0,3.248305179848349,0
03244,673,pedal_down_ratio,364,0,0,0,3.3290642347980364,0
03244,673,pedal_changes,364,0,2,1,16.175075853408657,0
03247,674,tempo,616,1,18,4,13.194385818117965,0
03247,674,rubato,616,1,28,7,15.867269708515968,0
03247,674,dynamics,612,5,0,0,4.030885253062498,0
03247,674,articulation,598,19,6,0,9.544093976554421,0
03247,674,pedal_depth,617,0,0,0,5.949466401797087,0
03247,674,pedal_down_ratio,617,0,0,0,3.419235665528421,0
03247,674,pedal_changes,617,0,0,0,5.187868325430985,0
03248,674,tempo,617,0,5,0,8.662898361304798,0
03248,674,rubato,617,0,11,1,10.812680851354367,0
03248,674,dynamics,616,1,0,0,3.653491613831547,0
03248,674,articulation,603,14,4,0,9.523084057485493,0
03248,674,pedal_depth,617,0,0,0,5.949466401797087,0
03248,674,pedal_down_ratio,617,0,0,0,3.419235665528421,0
03248,674,pedal_changes,617,0,0,0,3.7056202324507037,0
03249,674,tempo,613,4,17,4,11.792396409216465,0
03249,674,rubato,613,4,27,5,13.24268140549899,0
03249,674,dynamics,612,5,0,0,4.208875870146599,0
03249,674,articulation,599,18,4,1,19.292426081770653,0
03249,674,pedal_depth,617,0,1,0,6.040441065618405,0
03249,674,pedal_down_ratio,617,0,0,0,3.419235665528421,0
03249,674,pedal_changes,617,0,0,0,5.928992371921126,0
03250,674,tempo,617,0,14,0,9.552989348312117,0
03250,674,rubato,617,0,21,3,11.123854866390541,0
03250,674,dynamics,615,2,0,0,4.550136075834162,0
03250,674,articulation,601,16,1,0,9.114622280413617,0
03250,674,pedal_depth,617,0,0,0,5.100001934575227,0
03250,674,pedal_down_ratio,617,0,0,0,3.419235665528421,0
03250,674,pedal_changes,617,0,0,0,4.4467442789408445,0
03251,674,tempo,616,1,17,6,12.203475510928076,0
03251,674,rubato,616,1,22,9,13.938417810845243,0
03251,674,dynamics,610,7,0,0,3.2760979746005976,0
03251,674,articulation,596,21,2,1,10.692404880704188,0
03251,674,pedal_depth,617,0,0,0,2.7890444867349737,0
03251,674,pedal_down_ratio,617,0,0,0,3.419235665528421,0
03251,674,pedal_changes,617,0,1,0,6.670116418411267,0
03252,674,tempo,615,2,27,1,12.216506547266423,0
03252,674,rubato,615,2,33,5,12.988871084882824,0
03252,674,dynamics,611,6,0,0,2.913616546038345,0
03252,674,articulation,596,21,5,1,11.825494962902571,0
03252,674,pedal_depth,617,0,0,0,2.6415305359082395,0
03252,674,pedal_down_ratio,617,0,0,0,3.419235665528421,0
03252,674,pedal_changes,617,0,0,0,4.4467442789408445,0
03255,674,tempo,616,1,9,2,12.35216045408253,0
03255,674,rubato,616,1,18,4,14.361960289240091,0
03255,674,dynamics,616,1,0,0,4.443074050520415,0
03255,674,articulation,598,19,3,0,7.154015434136681,0
03255,674,pedal_depth,617,0,0,0,5.147291156610813,0
03255,674,pedal_down_ratio,617,0,0,0,3.419235665528421,0
03255,674,pedal_changes,617,0,0,0,4.4467442789408445,0
03256,674,tempo,616,1,10,1,10.167133839844812,0
03256,674,rubato,616,1,13,3,12.497637274196052,0
03256,674,dynamics,614,3,0,0,4.443074050520415,0
03256,674,articulation,596,21,1,1,13.851511126470573,0
03256,674,pedal_depth,617,0,0,0,5.279912305131897,0
03256,674,pedal_down_ratio,617,0,0,0,3.419235665528421,0
03256,674,pedal_changes,617,0,1,0,7.411240464901407,0
03257,674,tempo,615,2,6,1,12.804077494913615,0
03257,674,rubato,615,2,17,1,16.27148330204289,0
03257,674,dynamics,613,4,0,0,4.1754189872360525,0
03257,674,articulation,596,21,4,2,19.127843844971792,0
03257,674,pedal_depth,617,0,0,0,4.731780433142827,0
03257,674,pedal_down_ratio,617,0,0,0,3.419235665528421,0
03257,674,pedal_changes,617,0,2,0,8.893488557881689,0
03259,675,tempo,270,1,1,0,8.277787310990425,0
03259,675,rubato,270,1,2,0,7.995780787414244,0
03259,675,dynamics,269,2,0,0,5.993332177063459,0
03259,675,articulation,267,4,2,1,21.58831135096012,0
03259,675,pedal_depth,271,0,0,0,5.82714605887991,0
03259,675,pedal_down_ratio,271,0,0,0,3.7083314195904773,0
03259,675,pedal_changes,271,0,0,0,5.681196676443629,0
03260,675,tempo,271,0,2,0,7.549332326999942,0
03260,675,rubato,271,0,1,0,8.264973757649134,0
03260,675,dynamics,268,3,0,0,5.492281898595133,0
03260,675,articulation,266,5,3,1,10.033967005034386,0
03260,675,pedal_depth,271,0,0,0,5.280701274502703,0
03260,675,pedal_down_ratio,271,0,0,0,3.7083314195904773,0
03260,675,pedal_changes,271,0,0,0,4.734330563703024,0
03261,675,tempo,271,0,1,0,6.216049792034876,0
03261,675,rubato,271,0,1,0,6.656098477314362,0
03261,675,dynamics,269,2,0,0,4.158316871504128,0
03261,675,articulation,268,3,3,3,14.483600241755811,0
03261,675,pedal_depth,271,0,0,0,4.887365237709949,0
03261,675,pedal_down_ratio,271,0,0,0,3.7083314195904773,0
03261,675,pedal_changes,271,0,0,0,2.8405983382218145,0
03262,675,tempo,271,0,0,0,4.848180061721408,0
03262,675,rubato,271,0,0,0,5.869222360215006,0
03262,675,dynamics,268,3,0,0,5.060057207828496,0
03262,675,articulation,268,3,3,1,15.719654493724704,0
03262,675,pedal_depth,271,0,0,0,5.901636064679631,0
03262,675,pedal_down_ratio,271,0,0,0,3.7083314195904773,0
03262,675,pedal_changes,271,0,0,0,5.681196676443629,0
03263,675,tempo,270,1,4,0,9.95005449573381,0
03263,675,rubato,270,1,4,0,9.654910627742153,0
03263,675,dynamics,266,5,5,0,8.158126328907386,0
03263,675,articulation,263,8,6,3,13.64379034653174,0
03263,675,pedal_depth,271,0,0,0,4.887365237709949,0
03263,675,pedal_down_ratio,271,0,0,0,3.7083314195904773,0
03263,675,pedal_changes,271,0,0,0,3.7874644509624193,0
03264,675,tempo,270,1,5,3,13.317617791748493,0
03264,675,rubato,270,1,4,3,13.481386931255853,0
03264,675,dynamics,267,4,0,0,5.893764493521674,0
03264,675,articulation,263,8,6,1,21.314737980555392,0
03264,675,pedal_depth,271,0,0,0,4.757035498037671,0
03264,675,pedal_down_ratio,271,0,0,0,3.7083314195904773,0
03264,675,pedal_changes,271,0,0,0,4.734330563703024,0
03265,675,tempo,271,0,1,0,8.434421523861984,0
03265,675,rubato,271,0,1,0,8.658823351387563,0
03265,675,dynamics,265,6,0,0,3.335746817275407,0
03265,675,articulation,263,8,6,2,12.399912643407017,0
03265,675,pedal_depth,271,0,0,0,4.94322445942388,0
03265,675,pedal_down_ratio,271,0,0,0,3.7083314195904773,0
03265,675,pedal_changes,271,0,0,0,5.207763620073327,0
00188,69,tempo,204,0,0,0,4.7534522122115925,0
00188,69,rubato,204,0,0,0,5.386390027406615,0
00188,69,dynamics,204,0,0,0,2.147720576228106,0
00188,69,articulation,204,0,2,1,11.926259333527788,0
00188,69,pedal_depth,204,0,0,0,5.113418829727155,0
00188,69,pedal_down_ratio,204,0,0,0,3.2212512228510777,0
00188,69,pedal_changes,204,0,0,0,3.623177214464279,0
00189,69,tempo,204,0,0,0,4.7534522122115925,0
00189,69,rubato,204,0,0,0,5.386390027406615,0
00189,69,dynamics,204,0,0,0,2.147720576228106,0
00189,69,articulation,204,0,2,1,11.926259333527788,0
00189,69,pedal_depth,204,0,0,0,5.113418829727155,0
00189,69,pedal_down_ratio,204,0,0,0,3.2212512228510777,0
00189,69,pedal_changes,204,0,0,0,3.623177214464279,0
03442,716,tempo,733,1,23,0,9.849964823853263,0
03442,716,rubato,733,1,38,3,10.343718092739401,0
03442,716,dynamics,706,28,1,0,6.520077341607087,0
03442,716,articulation,698,36,12,1,22.88272661214356,0
03442,716,pedal_depth,734,0,0,0,3.9587831044081856,0
03442,716,pedal_down_ratio,734,0,0,0,2.789434098003073,0
03442,716,pedal_changes,734,0,0,0,5.584986229660567,0
03447,716,tempo,734,0,18,2,10.548062751209708,0
03447,716,rubato,734,0,34,4,12.2309656975405,0
03447,716,dynamics,711,23,0,0,5.058680696074465,0
03447,716,articulation,700,34,12,4,19.222859174352546,0
03447,716,pedal_depth,734,0,0,0,4.448099329117724,0
03447,716,pedal_down_ratio,734,0,0,0,2.789434098003073,0
03447,716,pedal_changes,734,0,1,0,6.283109508368137,0
03448,716,tempo,734,0,15,0,9.853650242887994,0
03448,716,rubato,734,0,22,1,10.490917282250871,0
03448,716,dynamics,708,26,0,0,5.002473132784748,0
03448,716,articulation,697,37,7,3,20.780210121056637,0
03448,716,pedal_depth,734,0,0,0,4.195366412690909,0
03448,716,pedal_down_ratio,734,0,0,0,2.7894340980030745,0
03448,716,pedal_changes,734,0,0,0,5.584986229660567,0
03450,716,tempo,733,1,11,0,9.794238323409449,0
03450,716,rubato,733,1,17,2,10.057255799413461,0
03450,716,dynamics,708,26,2,0,7.953370205494853,0
03450,716,articulation,692,42,11,6,18.191234807098603,0
03450,716,pedal_depth,734,0,0,0,3.7909937464070755,0
03450,716,pedal_down_ratio,734,0,0,0,2.789434098003073,0
03450,716,pedal_changes,734,0,0,0,4.188739672245425,0
03451,716,tempo,734,0,16,1,11.347526123811013,0
03451,716,rubato,734,0,24,2,12.639023096033139,0
03451,716,dynamics,708,26,0,0,4.665227753046449,0
03451,716,articulation,696,38,6,2,15.617333289444499,0
03451,716,pedal_depth,734,0,0,0,3.740447163121563,0
03451,716,pedal_down_ratio,734,0,0,0,2.789434098003073,0
03451,716,pedal_changes,734,0,0,0,4.188739672245425,0
03453,716,tempo,734,0,18,2,13.028869921555392,0
03453,716,rubato,734,0,23,3,13.332573275914742,0
03453,716,dynamics,712,22,0,0,5.56454876568191,0
03453,716,articulation,697,37,10,3,16.023169867826486,0
03453,716,pedal_depth,734,0,0,0,4.448099329117724,0
03453,716,pedal_down_ratio,734,0,0,0,2.789434098003073,0
03453,716,pedal_changes,734,0,0,0,5.584986229660567,0
03454,716,tempo,734,0,14,1,10.424650262107125,0
03454,716,rubato,734,0,19,4,11.19227691754629,0
03454,716,dynamics,710,24,0,0,3.990736993569857,0
03454,716,articulation,693,41,12,4,16.225226440806246,0
03454,716,pedal_depth,734,0,0,0,4.700832245544954,0
03454,716,pedal_down_ratio,734,0,0,0,2.789434098003073,0
03454,716,pedal_changes,734,0,0,0,4.886862950952996,0
03455,716,tempo,732,2,17,4,15.172054344663737,0
03455,716,rubato,732,2,26,6,16.353471140136417,0
03455,716,dynamics,712,22,0,0,5.4802374207473346,0
03455,716,articulation,697,37,15,3,22.734260786112472,0
03455,716,pedal_depth,734,0,0,0,3.841540329692813,0
03455,716,pedal_down_ratio,734,0,0,0,2.789434098003073,0
03455,716,pedal_changes,734,0,1,0,6.283109508368137,0
03456,716,tempo,734,0,19,0,9.89448739319645,0
03456,716,rubato,734,0,28,5,11.378185707506953,0
03456,716,dynamics,705,29,0,0,5.142992041009038,0
03456,716,articulation,683,51,13,4,12.961864468916813,0
03456,716,pedal_depth,734,0,0,0,3.740447163121563,0
03456,716,pedal_down_ratio,734,0,0,0,2.789434098003073,0
03456,716,pedal_changes,734,0,1,0,7.67935606578328,0
03560,723,tempo,975,1,121,45,23.602030496415054,0
03560,723,rubato,975,1,116,45,22.90998065942731,0
03560,723,dynamics,933,43,114,16,14.152261471160687,0
03560,723,articulation,905,71,42,9,16.505604704410626,0
03560,723,pedal_depth,976,0,0,0,5.24001314749273,0
03560,723,pedal_down_ratio,976,0,0,0,3.1540723035672453,0
03560,723,pedal_changes,976,0,7,1,14.817988792439946,0
03561,723,tempo,976,0,54,10,21.93635359813452,0
03561,723,rubato,976,0,58,9,21.95300386430749,0
03561,723,dynamics,946,30,0,0,4.89808765810384,0
03561,723,articulation,925,51,12,1,14.362713732186918,0
03561,723,pedal_depth,976,0,0,0,4.369299876078684,0
03561,723,pedal_down_ratio,976,0,0,0,3.1540723035672453,0
03561,723,pedal_changes,976,0,1,0,6.735449451109067,0
03562,723,tempo,976,0,52,14,25.84143505531082,0
03562,723,rubato,976,0,51,13,24.748466984072287,0
03562,723,dynamics,945,31,2,0,6.9055006327365644,0
03562,723,articulation,924,52,12,2,17.387848924647265,0
03562,723,pedal_depth,976,0,0,0,4.242653502859179,0
03562,723,pedal_down_ratio,976,0,0,0,3.1540723035672453,0
03562,723,pedal_changes,976,0,0,0,4.04126967066544,0
03563,723,tempo,976,0,67,17,20.58788993329263,0
03563,723,rubato,976,0,65,16,20.53865404171452,0
03563,723,dynamics,944,32,2,0,7.5478727846190345,0
03563,723,articulation,918,58,18,3,10.493106619991147,0
03563,723,pedal_depth,976,0,0,0,3.9893607564197815,0
03563,723,pedal_down_ratio,976,0,0,0,3.1540723035672453,0
03563,723,pedal_changes,976,0,0,0,5.388359560887253,0
03569,723,tempo,976,0,138,48,20.450007840696596,0
03569,723,rubato,976,0,122,45,21.507964897433936,0
03569,723,dynamics,940,36,217,75,26.377406486673955,0
03569,723,articulation,917,59,38,6,14.449386079867324,0
03569,723,pedal_depth,976,0,0,0,5.255824488616874,0
03569,723,pedal_down_ratio,976,0,0,0,3.1540723035672453,0
03569,723,pedal_changes,976,0,2,0,6.06190450599816,0
03605,728,tempo,500,0,3,0,9.449070573460283,0
03605,728,rubato,500,0,5,1,12.152695417982262,0
03605,728,dynamics,500,0,0,0,5.153956296628343,0
03605,728,articulation,500,0,8,1,16.04318705575993,0
03605,728,pedal_depth,500,0,0,0,3.0620030210914284,0
03605,728,pedal_down_ratio,500,0,0,0,3.187886824643858,0
03605,728,pedal_changes,500,0,0,0,5.992290925918208,0
03606,728,tempo,500,0,6,2,15.645212089401252,0
03606,728,rubato,500,0,12,2,19.619912200993245,0
03606,728,dynamics,500,0,0,0,4.609524293463377,0
03606,728,articulation,500,0,5,1,12.101365687241644,0
03606,728,pedal_depth,500,0,0,0,2.7288948192426297,0
03606,728,pedal_down_ratio,500,0,0,0,3.187886824643807,0
03606,728,pedal_changes,500,0,0,0,5.992290925918208,0
03607,728,tempo,500,0,10,1,10.14725162941906,0
03607,728,rubato,500,0,19,3,11.564965173794691,0
03607,728,dynamics,499,1,0,0,4.3589912980675525,0
03607,728,articulation,499,1,9,4,13.995477105873487,0
03607,728,pedal_depth,500,0,0,0,3.711096968540299,0
03607,728,pedal_down_ratio,500,0,0,0,3.187886824643807,0
03607,728,pedal_changes,500,0,1,0,7.4903636573977606,0
03608,728,tempo,499,1,5,1,11.236468034984178,0
03608,728,rubato,499,1,17,1,14.4238116421533,0
03608,728,dynamics,500,0,0,0,4.551451546459115,0
03608,728,articulation,500,0,5,1,14.842660883567916,0
03608,728,pedal_depth,500,0,0,0,4.785761848352338,0
03608,728,pedal_down_ratio,500,0,0,0,3.187886824643807,0
03608,728,pedal_changes,500,0,1,0,6.741327291657984,0
03609,728,tempo,500,0,12,0,9.909286111349417,0
03609,728,rubato,500,0,20,2,12.17137560746929,0
03609,728,dynamics,499,1,0,0,4.844926321498513,0
03609,728,articulation,499,1,8,2,16.43875443658765,0
03609,728,pedal_depth,500,0,0,0,4.070794091168103,0
03609,728,pedal_down_ratio,500,0,0,0,3.187886824643807,0
03609,728,pedal_changes,500,0,0,0,4.494218194438656,0
03610,728,tempo,500,0,10,0,9.787053394827389,0
03610,728,rubato,500,0,17,2,11.918990206517535,0
03610,728,dynamics,500,0,0,0,2.912711216932567,0
03610,728,articulation,499,1,6,2,14.837386430805905,0
03610,728,pedal_depth,500,0,0,0,3.5281555686826747,0
03610,728,pedal_down_ratio,500,0,0,0,3.187886824643807,0
03610,728,pedal_changes,500,0,0,0,5.992290925918208,0
03611,728,tempo,500,0,6,0,7.608066440296642,0
03611,728,rubato,500,0,15,1,10.371013262849813,0
03611,728,dynamics,500,0,0,0,4.148571864117042,0
03611,728,articulation,500,0,5,0,8.547467913707447,0
03611,728,pedal_depth,500,0,0,0,3.5239777381419013,0
03611,728,pedal_down_ratio,500,0,0,0,3.187886824643807,0
03611,728,pedal_changes,500,0,0,0,2.996145462959104,0
03612,728,tempo,500,0,7,2,11.055686918257855,0
03612,728,rubato,500,0,10,3,12.627133936738693,0
03612,728,dynamics,500,0,0,0,4.546007226427463,0
03612,728,articulation,500,0,9,1,12.235974307528235,0
03612,728,pedal_depth,500,0,0,0,4.045100015458623,0
03612,728,pedal_down_ratio,500,0,0,0,3.187886824643807,0
03612,728,pedal_changes,500,0,0,0,5.992290925918208,0
00217,75,tempo,240,0,36,11,20.967275778415672,0
00217,75,rubato,240,0,40,12,22.153331506308742,0
00217,75,dynamics,240,0,8,1,15.725270278083018,0
00217,75,articulation,239,1,22,5,20.68035285398,0
00217,75,pedal_depth,240,0,0,0,3.1929204834300893,0
00217,75,pedal_down_ratio,240,0,2,0,6.93295946124558,0
00217,75,pedal_changes,240,0,0,0,4.321232267050266,0
00218,75,tempo,240,0,19,8,16.42129526574434,0
00218,75,rubato,240,0,20,12,18.02869511671879,0
00218,75,dynamics,240,0,2,0,6.843861098037171,0
00218,75,articulation,240,0,17,10,38.278142411840946,0
00218,75,pedal_depth,240,0,0,0,2.8989999400307833,0
00218,75,pedal_down_ratio,240,0,5,0,7.007147374301048,0
00218,75,pedal_changes,240,0,0,0,5.941694367194115,0
00219,75,tempo,240,0,10,2,12.346601076692489,0
00219,75,rubato,240,0,11,3,13.716393773077236,0
00219,75,dynamics,240,0,1,0,8.645886149060972,0
00219,75,articulation,240,0,18,4,23.62083536160157,0
00219,75,pedal_depth,240,0,0,0,5.408931393446649,0
00219,75,pedal_down_ratio,240,0,0,0,4.78585954413335,0
00219,75,pedal_changes,240,0,0,0,4.321232267050266,0
00221,77,tempo,166,0,20,20,146.09066965107675,0
00221,77,rubato,166,0,20,19,89.81659110704915,0
00221,77,dynamics,166,0,0,0,4.0037339376338155,0
00221,77,articulation,166,0,2,0,7.588625676633039,0
00221,77,pedal_depth,166,0,0,0,2.9681596440544507,0
00221,77,pedal_down_ratio,166,0,2,0,7.839451119918624,0
00221,77,pedal_changes,166,0,0,0,4.2009332929197365,0
00222,77,tempo,166,0,20,20,146.09066965107675,0
00222,77,rubato,166,0,20,19,89.81659110704915,0
00222,77,dynamics,166,0,0,0,4.0037339376338155,0
00222,77,articulation,166,0,2,0,7.588625676633039,0
00222,77,pedal_depth,166,0,0,0,2.9681596440544475,0
00222,77,pedal_down_ratio,166,0,2,0,7.839451119918624,0
00222,77,pedal_changes,166,0,0,0,4.2009332929197365,0
00025,7,tempo,274,4,1,0,6.104126999496397,0
00025,7,rubato,274,4,1,0,6.075128748933447,0
00025,7,dynamics,272,6,0,0,4.37256078557241,0
00025,7,articulation,271,7,2,1,11.564046175269848,0
00025,7,pedal_depth,278,0,0,0,4.896587560503844,0
00025,7,pedal_down_ratio,278,0,0,0,3.5272572601828855,0
00025,7,pedal_changes,278,0,0,0,4.204963917467466,0
00026,7,tempo,277,1,0,0,5.863008719662443,0
00026,7,rubato,277,1,0,0,5.716664771208417,0
00026,7,dynamics,275,3,0,0,4.5453367436649375,0
00026,7,articulation,275,3,2,1,10.783528472108378,0
00026,7,pedal_depth,278,0,0,0,4.556647212876975,0
00026,7,pedal_down_ratio,278,0,0,0,3.5272572601828855,0
00026,7,pedal_changes,278,0,0,0,2.8033092783116436,0
00028,7,tempo,278,0,0,0,3.865275313196416,0
00028,7,rubato,278,0,0,0,5.0213849511173665,0
00028,7,dynamics,278,0,0,0,4.056247877679938,0
00028,7,articulation,277,1,3,0,8.21360777978111,0
00028,7,pedal_depth,278,0,0,0,1.692468964782845,0
00028,7,pedal_down_ratio,278,0,0,0,3.5272572601828855,0
00028,7,pedal_changes,278,0,0,0,5.606618556623287,0
00030,7,tempo,278,0,0,0,4.804697469932202,0
00030,7,rubato,278,0,0,0,5.384289652498785,0
00030,7,dynamics,277,1,0,0,5.799069978028656,0
00030,7,articulation,277,1,3,1,13.21211198352097,0
00030,7,pedal_depth,278,0,0,0,4.817027053612713,0
00030,7,pedal_down_ratio,278,0,0,0,3.5272572601828855,0
00030,7,pedal_changes,278,0,0,0,4.204963917467466,0
00031,7,tempo,278,0,0,0,4.813670548358564,0
00031,7,rubato,278,0,1,0,6.4736323138575145,0
00031,7,dynamics,277,1,0,0,3.2561622871283893,0
00031,7,articulation,277,1,1,0,6.542931414743088,0
00031,7,pedal_depth,278,0,0,0,3.6258279354665204,0
00031,7,pedal_down_ratio,278,0,0,0,3.5272572601828855,0
00031,7,pedal_changes,278,0,0,0,4.204963917467466,0
00032,7,tempo,278,0,0,0,4.168600013589487,0
00032,7,rubato,278,0,0,0,5.208236374800995,0
00032,7,dynamics,277,1,0,0,3.18638738097564,0
00032,7,articulation,277,1,1,0,6.930232659869154,0
00032,7,pedal_depth,278,0,0,0,4.197330569492933,0
00032,7,pedal_down_ratio,278,0,0,0,3.5272572601828855,0
00032,7,pedal_changes,278,0,0,0,4.905791237045377,0
00033,7,tempo,278,0,0,0,3.913811182593001,0
00033,7,rubato,278,0,0,0,5.2292699467699775,0
00033,7,dynamics,278,0,0,0,3.014275945798851,0
00033,7,articulation,276,2,1,1,14.315621516234305,0
00033,7,pedal_depth,278,0,0,0,4.751932093428561,0
00033,7,pedal_down_ratio,278,0,0,0,3.5272572601828855,0
00033,7,pedal_changes,278,0,0,0,5.606618556623287,0
00034,7,tempo,278,0,0,0,5.598772391883421,0
00034,7,rubato,278,0,2,0,6.088219029134374,0
00034,7,dynamics,278,0,0,0,4.498820139563103,0
00034,7,articulation,278,0,1,0,8.134248404473356,0
00034,7,pedal_depth,278,0,11,0,6.0538312971077515,0
00034,7,pedal_down_ratio,278,0,0,0,3.5272572601828855,0
00034,7,pedal_changes,278,0,0,0,4.204963917467466,0
00035,7,tempo,278,0,0,0,4.537811033836221,0
00035,7,rubato,278,0,0,0,4.967980138630151,0
00035,7,dynamics,275,3,0,0,3.7957548947096678,0
00035,7,articulation,275,3,0,0,4.512239687839381,0
00035,7,pedal_depth,278,0,0,0,4.686837133244815,0
00035,7,pedal_down_ratio,278,0,0,0,3.5272572601828855,0
00035,7,pedal_changes,278,0,0,0,5.606618556623287,0
00037,7,tempo,278,0,0,0,4.544759991798677,0
00037,7,rubato,278,0,0,0,5.3166371768309295,0
00037,7,dynamics,278,0,0,0,4.744693618387084,0
00037,7,articulation,277,1,2,0,6.666509843923179,0
00037,7,pedal_depth,278,0,2,0,6.053831297107746,0
00037,7,pedal_down_ratio,278,0,0,0,3.5272572601828855,0
00037,7,pedal_changes,278,0,0,0,4.204963917467466,0
00038,7,tempo,278,0,1,0,9.634489430075476,0
00038,7,rubato,278,0,2,1,10.546394888666978,0
00038,7,dynamics,277,1,0,0,4.34597986894279,0
00038,7,articulation,277,1,2,1,11.072115034281879,0
00038,7,pedal_depth,278,0,0,0,4.053696529946396,0
00038,7,pedal_down_ratio,278,0,0,0,3.5272572601828855,0
00038,7,pedal_changes,278,0,0,0,5.606618556623287,0
00239,80,tempo,221,0,0,0,3.3148749166856146,0
00239,80,rubato,221,0,0,0,4.754058095224131,0
00239,80,dynamics,221,0,0,0,3.001401423587781,0
00239,80,articulation,221,0,1,1,14.871934690289104,0
00239,80,pedal_depth,221,0,1,0,9.829559050997307,0
00239,80,pedal_down_ratio,221,0,3,0,7.238608847204005,0
00239,80,pedal_changes,221,0,0,0,3.930076824977915,0
00240,80,tempo,221,0,0,0,3.826921541930537,0
00240,80,rubato,221,0,1,0,7.065360539071917,0
00240,80,dynamics,221,0,0,0,3.867190295776564,0
00240,80,articulation,221,0,2,0,7.401004384362966,0
00240,80,pedal_depth,221,0,0,0,5.634145391955275,0
00240,80,pedal_down_ratio,221,0,3,0,7.238608847204029,0
00240,80,pedal_changes,221,0,0,0,5.1090998724712895,0
00241,80,tempo,221,0,0,0,5.390948738783361,0
00241,80,rubato,221,0,6,0,9.544126085188713,0
00241,80,dynamics,221,0,2,0,6.9461004374460105,0
00241,80,articulation,221,0,2,1,17.264787623098297,0
00241,80,pedal_depth,221,0,0,0,4.206734132073358,0
00241,80,pedal_down_ratio,221,0,3,0,6.7455069892277155,0
00241,80,pedal_changes,221,0,1,0,6.288122919964664,0
00242,80,tempo,220,1,0,0,4.915676914921141,0
00242,80,rubato,220,1,2,0,7.867230263568524,0
00242,80,dynamics,221,0,0,0,5.804908247818126,0
00242,80,articulation,221,0,7,1,19.523558591349364,0
00242,80,pedal_depth,221,0,0,0,5.190126526584018,0
00242,80,pedal_down_ratio,221,0,4,0,7.238608847204029,0
00242,80,pedal_changes,221,0,0,0,3.930076824977915,0
03919,861,tempo,151,0,6,0,9.029498301260714,0
03919,861,rubato,151,0,17,6,16.212416102285975,0
03919,861,dynamics,151,0,0,0,4.790930933346668,0
03919,861,articulation,151,0,1,0,7.887435484450268,0
03919,861,pedal_depth,151,0,0,0,3.5234813661496798,0
03919,861,pedal_down_ratio,151,0,0,0,2.5967414893355545,0
03919,861,pedal_changes,151,0,0,0,5.154193413710833,0
03920,861,tempo,150,1,3,0,8.01110973679595,0
03920,861,rubato,150,1,9,3,14.177937060363279,0
03920,861,dynamics,151,0,0,0,2.9964832325155113,0
03920,861,articulation,151,0,1,0,9.136075658799477,0
03920,861,pedal_depth,151,0,0,0,3.8372061871220695,0
03920,861,pedal_down_ratio,151,0,0,0,2.5967414893355545,0
03920,861,pedal_changes,151,0,0,0,3.8656450602831245,0
03922,861,tempo,151,0,4,0,8.530928834977388,0
03922,861,rubato,151,0,17,4,15.432503296219691,0
03922,861,dynamics,150,1,0,0,2.4237409986724066,0
03922,861,articulation,150,1,2,0,9.009917440176185,0
03922,861,pedal_depth,151,0,0,0,3.5699828482157163,0
03922,861,pedal_down_ratio,151,0,0,0,2.5967414893355545,0
03922,861,pedal_changes,151,0,0,0,3.8656450602831245,0
03923,861,tempo,151,0,6,1,14.979812698170837,0
03923,861,rubato,151,0,15,7,26.748647428384274,0
03923,861,dynamics,151,0,0,0,2.3135315082207795,0
03923,861,articulation,150,1,0,0,4.9889266484908354,0
03923,861,pedal_depth,151,0,0,0,3.321420588780481,0
03923,861,pedal_down_ratio,151,0,0,0,2.5967414893355545,0
03923,861,pedal_changes,151,0,0,0,5.7984675904246865,0
03925,861,tempo,150,1,1,0,7.29033037159905,0
03925,861,rubato,150,1,7,1,11.981542529532968,0
03925,861,dynamics,151,0,0,0,3.5335408377394644,0
03925,861,articulation,151,0,1,0,9.699772022537983,0
03925,861,pedal_depth,151,0,0,0,1.778344236939589,0
03925,861,pedal_down_ratio,151,0,0,0,2.5079872810046306,0
03925,861,pedal_changes,151,0,0,0,2.8992337952123433,0
03926,861,tempo,151,0,3,0,7.47533911186943,0
03926,861,rubato,151,0,11,4,12.061929598464868,0
03926,861,dynamics,151,0,0,0,3.4059755220198644,0
03926,861,articulation,151,0,0,0,5.960560761462817,0
03926,861,pedal_depth,151,0,0,0,3.546926604566265,0
03926,861,pedal_down_ratio,151,0,0,0,2.4663111865769465,0
03926,861,pedal_changes,151,0,0,0,3.5435079719261973,0
03928,861,tempo,150,1,2,0,7.6905497185237,0
03928,861,rubato,150,1,5,2,11.672199218833033,0
03928,861,dynamics,151,0,0,0,2.320473838327969,0
03928,861,articulation,151,0,2,0,8.360080800927054,0
03928,861,pedal_depth,151,0,0,0,3.3438817025457435,0
03928,861,pedal_down_ratio,151,0,0,0,2.5967414893355545,0
03928,861,pedal_changes,151,0,0,0,5.154193413710833,0
03929,861,tempo,150,1,3,0,8.66399415323616,0
03929,861,rubato,150,1,12,3,15.176563917940127,0
03929,861,dynamics,151,0,0,0,2.8047013633044102,0
03929,861,articulation,151,0,1,0,8.104881865584533,0
03929,861,pedal_depth,151,0,0,0,2.8757186723810584,0
03929,861,pedal_down_ratio,151,0,0,0,2.5846260547041724,0
03929,861,pedal_changes,151,0,0,0,5.7984675904246865,0
03930,861,tempo,151,0,5,1,10.971932987756784,0
03930,861,rubato,151,0,15,5,18.000174721869502,0
03930,861,dynamics,151,0,0,0,2.915778645019437,0
03930,861,articulation,151,0,0,0,5.882654239042481,0
03930,861,pedal_depth,151,0,0,0,3.2244787314238765,0
03930,861,pedal_down_ratio,151,0,0,0,2.5967414893355545,0
03930,861,pedal_changes,151,0,0,0,3.5435079719261973,0
03931,861,tempo,151,0,9,2,12.095605478479587,0
03931,861,rubato,151,0,19,11,19.039825645255156,0
03931,861,dynamics,150,1,0,0,2.4217161523911432,0
03931,861,articulation,150,1,0,0,5.279092968226267,0
03931,861,pedal_depth,151,0,0,0,3.421392411218946,0
03931,861,pedal_down_ratio,151,0,0,0,2.551184621101617,0
03931,861,pedal_changes,151,0,0,0,3.2213708835692705,0
03934,862,tempo,411,0,4,0,9.149121212051709,0
03934,862,rubato,411,0,17,3,12.628325223340566,0
03934,862,dynamics,409,2,0,0,3.0014838796708503,0
03934,862,articulation,409,2,7,1,10.5474629719327,0
03934,862,pedal_depth,411,0,0,0,4.593872631518574,0
03934,862,pedal_down_ratio,411,0,0,0,3.301303543364812,0
03934,862,pedal_changes,411,0,0,0,4.235639699622587,0
03935,862,tempo,411,0,9,3,15.24757088461525,0
03935,862,rubato,411,0,18,5,21.659130816453583,0
03935,862,dynamics,407,4,0,0,3.192589594855886,0
03935,862,articulation,407,4,4,1,18.538497491559138,0
03935,862,pedal_depth,411,0,0,0,4.593872631518574,0
03935,862,pedal_down_ratio,411,0,0,0,3.301303543364812,0
03935,862,pedal_changes,411,0,0,0,5.824004586981057,0
03937,862,tempo,411,0,17,1,11.053873985401014,0
03937,862,rubato,411,0,27,3,13.999566595626835,0
03937,862,dynamics,409,2,0,0,3.7958841074988396,0
03937,862,articulation,409,2,8,2,19.287334170611196,0
03937,862,pedal_depth,411,0,0,0,2.601323081913002,0
03937,862,pedal_down_ratio,411,0,0,0,3.178835831272228,0
03937,862,pedal_changes,411,0,0,0,5.2945496245282335,0
03938,862,tempo,411,0,21,3,19.012058988453315,0
03938,862,rubato,411,0,28,8,27.769522671092204,0
03938,862,dynamics,409,2,0,0,3.8296086454726694,0
03938,862,articulation,409,2,5,1,10.438706373526927,0
03938,862,pedal_depth,411,0,0,0,2.987596131493936,0
03938,862,pedal_down_ratio,411,0,0,0,3.185577597180532,0
03938,862,pedal_changes,411,0,0,0,4.76509466207541,0
03939,862,tempo,411,0,25,10,14.113438571086741,0
03939,862,rubato,411,0,30,15,21.387100258279517,0
03939,862,dynamics,405,6,0,0,3.6534916138315583,0
03939,862,articulation,405,6,7,0,9.620451449234176,0
03939,862,pedal_depth,411,0,0,0,4.812666498568377,0
03939,862,pedal_down_ratio,411,0,0,0,3.301303543364812,0
03939,862,pedal_changes,411,0,0,0,4.235639699622587,0
03940,862,tempo,411,0,11,5,12.831352866604446,0
03940,862,rubato,411,0,21,9,14.653668990505311,0
03940,862,dynamics,409,2,0,0,3.390440217635686,0
03940,862,articulation,408,3,12,5,19.664598734083604,0
03940,862,pedal_depth,411,0,0,0,2.8648210334176,0
03940,862,pedal_down_ratio,411,0,0,0,3.301303543364812,0
03940,862,pedal_changes,411,0,0,0,5.2945496245282335,0
03941,862,tempo,411,0,12,3,18.64099233431243,0
03941,862,rubato,411,0,21,7,22.966234430971884,0
03941,862,dynamics,407,4,0,0,3.642250101173617,0
03941,862,articulation,406,5,7,0,8.538481246184267,0
03941,862,pedal_depth,411,0,0,0,4.207066886788899,0
03941,862,pedal_down_ratio,411,0,0,0,3.2490677278052615,0
03941,862,pedal_changes,411,0,0,0,4.235639699622587,0
03951,865,tempo,454,0,6,0,8.88458355573684,0
03951,865,rubato,454,0,5,0,8.829812650698988,0
03951,865,dynamics,436,18,0,0,3.4491004745962255,0
03951,865,articulation,430,24,4,3,14.522381823335548,0
03951,865,pedal_depth,454,0,0,0,4.524798255337285,0
03951,865,pedal_down_ratio,454,0,0,0,2.113430719367614,0
03951,865,pedal_changes,454,0,0,0,3.65470514098597,0
03954,865,tempo,454,0,6,0,8.88458355573684,0
03954,865,rubato,454,0,5,0,8.829812650698988,0
03954,865,dynamics,436,18,0,0,3.4491004745962237,0
03954,865,articulation,430,24,4,3,14.522381823335545,0
03954,865,pedal_depth,454,0,0,0,4.524798255337285,0
03954,865,pedal_down_ratio,454,0,0,0,2.113430719367614,0
03954,865,pedal_changes,454,0,0,0,3.65470514098597,0
03986,871,tempo,643,0,2,0,7.581292248128664,0
03986,871,rubato,643,0,27,9,14.373425238509322,0
03986,871,dynamics,626,17,0,0,3.6659010758565587,0
03986,871,articulation,622,21,13,4,21.28462347822273,0
03986,871,pedal_depth,643,0,0,0,4.0538308560681156,0
03986,871,pedal_down_ratio,643,0,0,0,2.6554605759283803,0
03986,871,pedal_changes,643,0,1,0,8.054533477573571,0
03989,871,tempo,642,1,4,0,9.118491173605403,0
03989,871,rubato,642,1,16,6,16.688275642530257,0
03989,871,dynamics,626,17,0,0,3.982707341671324,0
03989,871,articulation,623,20,13,5,22.736547314874738,0
03989,871,pedal_depth,643,0,0,0,4.982421187335194,0
03989,871,pedal_down_ratio,643,0,0,0,2.6554605759283803,0
03989,871,pedal_changes,643,0,2,1,11.02199317983752,0
03990,871,tempo,643,0,6,2,17.638232739169002,0
03990,871,rubato,643,0,14,6,36.184152357917775,0
03990,871,dynamics,626,17,0,0,3.8450561662679386,0
03990,871,articulation,622,21,7,3,13.516402886042835,0
03990,871,pedal_depth,643,0,0,0,4.651010642222396,0
03990,871,pedal_down_ratio,643,0,0,0,2.6554605759283803,0
03990,871,pedal_changes,643,0,2,0,7.206687848355301,0
03992,871,tempo,643,0,2,0,7.269944013860426,0
03992,871,rubato,643,0,18,6,15.191490888828353,0
03992,871,dynamics,622,21,0,0,4.88202835430678,0
03992,871,articulation,616,27,8,4,21.20265948436565,0
03992,871,pedal_depth,643,0,0,0,4.311830484270528,0
03992,871,pedal_down_ratio,643,0,0,0,2.6554605759283803,0
03992,871,pedal_changes,643,0,3,2,13.141607252883196,0
03994,871,tempo,643,0,3,1,11.36609228835371,0
03994,871,rubato,643,0,27,9,24.102866026534166,0
03994,871,dynamics,622,21,0,0,3.902410822686014,0
03994,871,articulation,617,26,10,2,18.158900277475972,0
03994,871,pedal_depth,643,0,0,0,4.336137410663639,0
03994,871,pedal_down_ratio,643,0,0,0,2.6554605759283803,0
03994,871,pedal_changes,643,0,2,1,12.71768443827406,0
03995,871,tempo,642,1,6,1,10.76369270899627,0
03995,871,rubato,642,1,38,13,20.927414338948434,0
03995,871,dynamics,625,18,1,0,6.407662215027654,0
03995,871,articulation,621,22,22,3,19.19391329935734,0
03995,871,pedal_depth,643,0,0,0,4.169995549121228,0
03995,871,pedal_down_ratio,643,0,0,0,2.6554605759283803,0
03995,871,pedal_changes,643,0,8,3,28.40282857881207,0
03997,871,tempo,643,0,7,3,13.598970767282967,0
03997,871,rubato,643,0,25,9,27.9334932636587,0
03997,871,dynamics,622,21,1,0,6.038298227695233,0
03997,871,articulation,614,29,12,2,11.790929647352861,0
03997,871,pedal_depth,643,0,0,0,4.5236824451427715,0
03997,871,pedal_down_ratio,643,0,0,0,2.6554605759283803,0
03997,871,pedal_changes,643,0,2,1,10.598070365228384,0
03999,872,tempo,218,0,1,0,6.637699581295724,0
03999,872,rubato,218,0,4,0,8.8874488378916,0
03999,872,dynamics,217,1,0,0,3.460049999912403,0
03999,872,articulation,217,1,3,1,12.414052430864967,0
03999,872,pedal_depth,218,0,0,0,3.435791177630293,0
03999,872,pedal_down_ratio,218,0,0,0,3.8451622966165604,0
03999,872,pedal_changes,218,0,1,0,6.466847235107414,0
04000,872,tempo,217,1,0,0,5.251428011032529,0
04000,872,rubato,217,1,2,0,6.636744901576997,0
04000,872,dynamics,218,0,0,0,4.6601179745655665,0
04000,872,articulation,218,0,6,3,26.974727906455936,0
04000,872,pedal_depth,218,0,0,0,3.7864115923185304,0
04000,872,pedal_down_ratio,218,0,0,0,3.8451622966165604,0
04000,872,pedal_changes,218,0,0,0,3.233423617553707,0
04001,872,tempo,218,0,0,0,4.325391606061539,0
04001,872,rubato,218,0,1,0,7.018902377064804,0
04001,872,dynamics,218,0,0,0,3.1467719144772968,0
04001,872,articulation,217,1,3,2,12.948033913709313,0
04001,872,pedal_depth,218,0,0,0,5.6615311458905415,0
04001,872,pedal_down_ratio,218,0,0,0,3.8451622966165604,0
04001,872,pedal_changes,218,0,0,0,5.658491330718987,0
04002,872,tempo,217,1,0,0,4.923475436333903,0
04002,872,rubato,217,1,2,0,7.172202798703698,0
04002,872,dynamics,218,0,0,0,3.185095253083922,0
04002,872,articulation,218,0,1,0,9.137046138352588,0
04002,872,pedal_depth,218,0,0,0,4.943057580068216,0
04002,872,pedal_down_ratio,218,0,0,0,3.8451622966165604,0
04002,872,pedal_changes,218,0,1,0,6.062669282913201,0
04003,872,tempo,218,0,2,0,9.612040179397335,0
04003,872,rubato,218,0,6,2,15.80790960028329,0
04003,872,dynamics,217,1,0,0,4.138920569515471,0
04003,872,articulation,215,3,8,2,12.9326514059808,0
04003,872,pedal_depth,218,0,0,0,3.5601136153829067,0
04003,872,pedal_down_ratio,218,0,0,0,3.8451622966165604,0
04003,872,pedal_changes,218,0,0,0,4.041779521942134,0
04004,872,tempo,218,0,0,0,3.810085328646219,0
04004,872,rubato,218,0,0,0,5.554285596805607,0
04004,872,dynamics,218,0,0,0,3.031801898657423,0
04004,872,articulation,217,1,7,2,14.578827467492825,0
04004,872,pedal_depth,218,0,0,0,3.1468746444916333,0
04004,872,pedal_down_ratio,218,0,0,0,3.8451622966165604,0
04004,872,pedal_changes,218,0,0,0,4.041779521942134,0
04005,872,tempo,218,0,0,0,5.016566996758438,0
04005,872,rubato,218,0,4,0,7.194683903300482,0
04005,872,dynamics,216,2,0,0,5.628617526634525,0
04005,872,articulation,215,3,4,1,11.009819789329253,0
04005,872,pedal_depth,218,0,0,0,4.302250060262318,0
04005,872,pedal_down_ratio,218,0,0,0,3.8451622966165604,0
04005,872,pedal_changes,218,0,0,0,4.041779521942134,0
04006,872,tempo,217,1,3,0,8.651415982521174,0
04006,872,rubato,217,1,8,2,12.825718267896258,0
04006,872,dynamics,216,2,0,0,4.121887974579192,0
04006,872,articulation,216,2,14,6,17.254857129542945,0
04006,872,pedal_depth,218,0,2,0,7.093116899691367,0
04006,872,pedal_down_ratio,218,0,0,0,3.8451622966165604,0
04006,872,pedal_changes,218,0,0,0,4.041779521942134,0
04007,872,tempo,217,1,0,0,5.861538678745951,0
04007,872,rubato,217,1,4,0,8.713225800687956,0
04007,872,dynamics,217,1,0,0,5.242632721386261,0
04007,872,articulation,217,1,4,1,17.49911417060291,0
04007,872,pedal_depth,218,0,0,0,2.742368528628651,0
04007,872,pedal_down_ratio,218,0,0,0,3.8451622966165604,0
04007,872,pedal_changes,218,0,0,0,2.8292456653594935,0
04008,872,tempo,218,0,0,0,4.683709246703782,0
04008,872,rubato,218,0,2,0,7.303523448332491,0
04008,872,dynamics,217,1,0,0,5.211974050500962,0
04008,872,articulation,217,1,2,0,7.390137649060042,0
04008,872,pedal_depth,218,0,0,0,3.6349630775842563,0
04008,872,pedal_down_ratio,218,0,0,0,3.8451622966165604,0
04008,872,pedal_changes,218,0,0,0,2.8292456653594935,0
04009,872,tempo,218,0,1,0,9.705476179963524,0
04009,872,rubato,218,0,2,1,12.792737893440929,0
04009,872,dynamics,217,1,0,0,3.440727308177972,0
04009,872,articulation,214,4,2,0,7.2715613357856155,0
04009,872,pedal_depth,218,0,0,0,2.5689739903430193,0
04009,872,pedal_down_ratio,218,0,0,0,3.7262397513604606,0
04009,872,pedal_changes,218,0,0,0,5.254313378524774,0
04010,872,tempo,218,0,2,0,7.175822826376928,0
04010,872,rubato,218,0,6,2,10.433765771175068,0
04010,872,dynamics,217,1,0,0,4.06227389230222,0
04010,872,articulation,217,1,3,2,13.791893621920584,0
04010,872,pedal_depth,218,0,0,0,4.647769699337471,0
04010,872,pedal_down_ratio,218,0,0,0,3.083655045789236,0
04010,872,pedal_changes,218,0,0,0,2.42506771316528,0
04011,872,tempo,218,0,0,0,4.65486944439827,0
04011,872,rubato,218,0,2,0,6.276039335744543,0
04011,872,dynamics,218,0,0,0,3.6790405062359737,0
04011,872,articulation,218,0,2,1,10.571382570380862,0
04011,872,pedal_depth,218,0,0,0,5.605995733651617,0
04011,872,pedal_down_ratio,218,0,0,0,3.7480751422832372,0
04011,872,pedal_changes,218,0,0,0,3.233423617553707,0
04152,882,tempo,1436,0,103,44,59.220267831879625,0
04152,882,rubato,1436,0,191,102,99.61558848057015,0
04152,882,dynamics,1400,36,19,0,8.665222462922877,0
04152,882,articulation,1372,64,99,37,34.041115981661896,0
04152,882,pedal_depth,1436,0,0,0,5.689488472488201,0
04152,882,pedal_down_ratio,1436,0,0,0,2.759174548056808,0
04152,882,pedal_changes,1436,0,1,0,6.1207733191291895,0
04156,882,tempo,1436,0,78,27,58.50020789223075,0
04156,882,rubato,1436,0,179,77,100.7684626499071,0
04156,882,dynamics,1398,38,7,1,11.188611421905911,0
04156,882,articulation,1375,61,92,29,34.228954484413066,0
04156,882,pedal_depth,1436,0,1,0,6.489402757309715,0
04156,882,pedal_down_ratio,1436,0,0,0,2.759174548056808,0
04156,882,pedal_changes,1436,0,2,0,6.1207733191291895,0
04162,882,tempo,1436,0,94,43,58.220842581749814,0
04162,882,rubato,1436,0,180,86,103.08481727692674,0
04162,882,dynamics,1403,33,10,0,8.6890280191397,0
04162,882,articulation,1389,47,93,36,43.64482036596716,0
04162,882,pedal_depth,1436,0,0,0,5.772188638285185,0
04162,882,pedal_down_ratio,1436,0,0,0,2.759174548056808,0
04162,882,pedal_changes,1436,0,1,0,6.1207733191291895,0
04189,885,tempo,269,0,10,3,27.443695635834445,0
04189,885,rubato,269,0,19,5,34.78447840743326,0
04189,885,dynamics,267,2,1,0,8.371393883332363,0
04189,885,articulation,266,3,12,6,45.616136060305834,0
04189,885,pedal_depth,269,0,0,0,3.3078199105247297,0
04189,885,pedal_down_ratio,269,0,0,0,3.9267918299646705,0
04189,885,pedal_changes,269,0,0,0,5.245922144206687,0
04190,885,tempo,269,0,28,1,14.723785052372188,0
04190,885,rubato,269,0,23,4,16.011739468171363,0
04190,885,dynamics,267,2,11,1,10.373392578399216,0
04190,885,articulation,266,3,25,11,30.602096204742214,0
04190,885,pedal_depth,269,0,0,0,4.625576368045347,0
04190,885,pedal_down_ratio,269,0,0,0,3.8745403776478384,0
04190,885,pedal_changes,269,0,1,0,9.992232655631783,0
04195,885,tempo,269,0,15,6,37.05008891289514,0
04195,885,rubato,269,0,19,7,45.33676188123408,0
04195,885,dynamics,267,2,2,0,6.967351894217818,0
04195,885,articulation,267,2,17,6,32.08884558860881,0
04195,885,pedal_depth,269,0,1,0,6.40382272777946,0
04195,885,pedal_down_ratio,269,0,0,0,4.847293202796404,0
04195,885,pedal_changes,269,0,2,1,10.991455921194962,0
04211,887,tempo,1034,0,87,83,1812.6818848957018,0
04211,887,rubato,1034,0,87,76,1546.070109870613,0
04211,887,dynamics,957,77,13,2,14.051890822429018,0
04211,887,articulation,953,81,84,49,149.5614902114514,0
04211,887,pedal_depth,1034,0,0,0,4.261444320497266,0
04211,887,pedal_down_ratio,1034,0,0,0,4.060825874351892,0
04211,887,pedal_changes,1034,0,0,0,1.0349653749639647,0
04212,887,tempo,1034,0,89,85,421.85095817584033,0
04212,887,rubato,1034,0,87,84,360.00958898913524,0
04212,887,dynamics,956,78,12,2,32.60038670803534,0
04212,887,articulation,951,83,98,65,153.37530825527296,0
04212,887,pedal_depth,1034,0,1,0,7.005375555024041,0
04212,887,pedal_down_ratio,1034,0,0,0,4.060825874351892,0
04212,887,pedal_changes,1034,0,0,0,1.0349653749639647,0
04213,887,tempo,1034,0,825,731,1734.9694964988216,0
04213,887,rubato,1034,0,798,686,1479.44434696528,0
04213,887,dynamics,955,79,376,172,54.33397784672556,0
04213,887,articulation,942,92,375,243,158.93265788626482,0
04213,887,pedal_depth,1034,0,5,1,10.459908786676786,0
04213,887,pedal_down_ratio,1034,0,0,0,4.060825874351892,0
04213,887,pedal_changes,1034,0,12,6,42.43358037352255,0
03829,907,tempo,1663,9,12,2,12.837406554507591,0
03829,907,rubato,1663,9,69,9,19.208622266967012,0
03829,907,dynamics,1583,89,2,0,7.669136915331544,0
03829,907,articulation,1535,137,41,11,24.827362120145164,0
03829,907,pedal_depth,1672,0,0,0,5.069454419618333,0
03829,907,pedal_down_ratio,1672,0,0,0,2.918752082741112,0
03829,907,pedal_changes,1672,0,1,0,6.246372997619721,0
03830,907,tempo,1665,7,16,6,10.937700446938807,0
03830,907,rubato,1665,7,72,15,16.599552066051082,0
03830,907,dynamics,1588,84,6,0,7.787123637105876,0
03830,907,articulation,1542,130,40,15,22.837035190401707,0
03830,907,pedal_depth,1672,0,0,0,5.367724721685872,0
03830,907,pedal_down_ratio,1672,0,0,0,2.918752082741112,0
03830,907,pedal_changes,1672,0,1,0,8.51778136039053,0
03832,907,tempo,1662,10,42,14,17.310080603559467,0
03832,907,rubato,1662,10,103,26,27.853643713381455,0
03832,907,dynamics,1602,70,13,0,7.433163471782883,0
03832,907,articulation,1559,113,60,16,20.07722883735047,0
03832,907,pedal_depth,1672,0,3,0,6.597582028222522,0
03832,907,pedal_down_ratio,1672,0,0,0,2.918752082741112,0
03832,907,pedal_changes,1672,0,1,0,8.51778136039053,0
04312,907,tempo,1667,5,35,6,12.687982751330718,0
04312,907,rubato,1667,5,88,20,22.7744055213315,0
04312,907,dynamics,1589,83,21,0,8.495043967751863,0
04312,907,articulation,1545,127,67,18,19.710075676293673,0
04312,907,pedal_depth,1672,0,0,0,5.67186073452623,0
04312,907,pedal_down_ratio,1672,0,0,0,2.918752082741112,0
04312,907,pedal_changes,1672,0,6,0,9.08563345108323,0
04313,907,tempo,1663,9,38,7,12.88316718012776,0
04313,907,rubato,1663,9,122,30,21.338089204727826,0
04313,907,dynamics,1592,80,8,1,11.661021002029756,0
04313,907,articulation,1538,134,56,15,20.133930621419616,0
04313,907,pedal_depth,1672,0,5,0,6.929366079971614,0
04313,907,pedal_down_ratio,1672,0,0,0,2.918752082741112,0
04313,907,pedal_changes,1672,0,2,0,9.08563345108323,0
04322,910,tempo,800,2,30,6,14.66993657478014,0
04322,910,rubato,800,2,40,10,18.298432687113284,0
04322,910,dynamics,776,26,0,0,3.430302457411077,0
04322,910,articulation,766,36,15,2,12.65392986663235,0
04322,910,pedal_depth,802,0,0,0,3.5755777961746746,0
04322,910,pedal_down_ratio,802,0,0,0,3.1766899480885233,0
04322,910,pedal_changes,802,0,2,0,7.890219218005143,0
04323,910,tempo,799,3,21,3,14.000510348682287,0
04323,910,rubato,799,3,33,7,15.664492710322044,0
04323,910,dynamics,776,26,0,0,4.605514210361091,0
04323,910,articulation,765,37,12,3,26.44005244603809,0
04323,910,pedal_depth,802,0,7,0,6.466566426128024,0
04323,910,pedal_down_ratio,802,0,0,0,3.1766899480885233,0
04323,910,pedal_changes,802,0,0,0,5.6710950629411965,0
04324,910,tempo,801,1,16,1,11.841356412466425,0
04324,910,rubato,801,1,31,4,13.037247244221362,0
04324,910,dynamics,776,26,0,0,3.6592354524159068,0
04324,910,articulation,765,37,8,1,10.940800221044725,0
04324,910,pedal_depth,802,0,0,0,5.853811825611061,0
04324,910,pedal_down_ratio,802,0,0,0,3.1766899480885233,0
04324,910,pedal_changes,802,0,0,0,4.684817660690554,0
04325,910,tempo,800,2,21,4,13.536650727185105,0
04325,910,rubato,800,2,33,5,15.8438364989306,0
04325,910,dynamics,778,24,0,0,4.086330878580833,0
04325,910,articulation,765,37,12,4,21.86386211817638,0
04325,910,pedal_depth,802,0,0,0,3.2917145079515207,0
04325,910,pedal_down_ratio,802,0,0,0,3.1766899480885233,0
04325,910,pedal_changes,802,0,1,0,6.410803114629179,0
04326,910,tempo,799,3,20,1,12.994146535560551,0
04326,910,rubato,799,3,26,6,14.363821069419881,0
04326,910,dynamics,775,27,0,0,4.427268725980498,0
04326,910,articulation,763,39,12,2,13.057192214567944,0
04326,910,pedal_depth,802,0,0,0,4.156339533917476,0
04326,910,pedal_down_ratio,802,0,0,0,3.1766899480885233,0
04326,910,pedal_changes,802,0,0,0,4.931387011253214,0
04327,910,tempo,799,3,32,8,21.31232444925967,0
04327,910,rubato,799,3,39,11,24.53588146919457,0
04327,910,dynamics,774,28,2,0,6.5224803761168655,0
04327,910,articulation,760,42,9,4,22.197809741416688,0
04327,910,pedal_depth,802,0,2,0,6.435634782412179,0
04327,910,pedal_down_ratio,802,0,0,0,3.1582565441344315,0
04327,910,pedal_changes,802,0,1,1,13.56131428094634,0
04328,910,tempo,798,4,24,5,14.151260824758383,0
04328,910,rubato,798,4,31,6,15.985719789737232,0
04328,910,dynamics,775,27,0,0,3.8401663678229516,0
04328,910,articulation,766,36,12,3,18.36944064252073,0
04328,910,pedal_depth,802,0,0,0,5.342573302619603,0
04328,910,pedal_down_ratio,802,0,0,0,3.1766899480885233,0
04328,910,pedal_changes,802,0,1,1,12.081898177570375,0
04329,910,tempo,801,1,24,5,12.255525106688774,0
04329,910,rubato,801,1,34,6,13.310285894463261,0
04329,910,dynamics,778,24,0,0,3.537589156683055,0
04329,910,articulation,768,34,8,2,10.449682499270759,0
04329,910,pedal_depth,802,0,0,0,3.3711820561987804,0
04329,910,pedal_down_ratio,802,0,0,0,3.1277571405641704,0
04329,910,pedal_changes,802,0,1,0,7.3970805168798215,0
04330,910,tempo,802,0,27,5,13.719227172180819,0
04330,910,rubato,802,0,35,7,14.874642904328294,0
04330,910,dynamics,778,24,0,0,3.75154714395011,0
04330,910,articulation,766,36,5,1,10.189522874329919,0
04330,910,pedal_depth,802,0,1,0,6.097286835268493,0
04330,910,pedal_down_ratio,802,0,0,0,3.1766899480885233,0
04330,910,pedal_changes,802,0,0,0,5.424525712378536,0
04331,910,tempo,798,4,24,3,12.951521597899731,0
04331,910,rubato,798,4,34,4,14.707002502854737,0
04331,910,dynamics,774,28,0,0,3.914015721050316,0
04331,910,articulation,765,37,9,4,14.342064400823386,0
04331,910,pedal_depth,802,0,0,0,5.099450804131529,0
04331,910,pedal_down_ratio,802,0,0,0,3.1766899480885233,0
04331,910,pedal_changes,802,0,0,0,4.438248310127893,0
04332,910,tempo,799,3,27,2,14.146545447530915,0
04332,910,rubato,799,3,43,7,16.962061746857703,0
04332,910,dynamics,775,27,0,0,3.9287855916957874,0
04332,910,articulation,764,38,14,2,24.43269045848191,0
04332,910,pedal_depth,802,0,1,0,6.869861081788034,0
04332,910,pedal_down_ratio,802,0,0,0,3.1766899480885233,0
04332,910,pedal_changes,802,0,1,0,6.657372465191839,0
04334,910,tempo,801,1,22,2,11.773745269672926,0
04334,910,rubato,801,1,29,3,13.377524926645695,0
04334,910,dynamics,778,24,0,0,4.00632741258452,0
04334,910,articulation,764,38,11,1,17.17297730287818,0
04334,910,pedal_depth,802,0,0,0,5.776107033873592,0
04334,910,pedal_down_ratio,802,0,0,0,3.1766899480885233,0
04334,910,pedal_changes,802,0,0,0,3.45197090787725,0
04335,910,tempo,799,3,23,5,12.38029830002342,0
04335,910,rubato,799,3,31,9,13.286913136769323,0
04335,910,dynamics,776,26,0,0,4.312802228478083,0
04335,910,articulation,765,37,5,2,19.749518880998448,0
04335,910,pedal_depth,802,0,0,0,3.939802358207913,0
04335,910,pedal_down_ratio,802,0,0,0,3.1766899480885233,0
04335,910,pedal_changes,802,0,2,0,6.9039418157545,0
04336,910,tempo,802,0,22,3,12.7284418913577,0
04336,910,rubato,802,0,33,5,15.300714630601835,0
04336,910,dynamics,777,25,0,0,3.729392337981904,0
04336,910,articulation,763,39,7,0,7.151931136238166,0
04336,910,pedal_depth,802,0,0,0,5.704309421202745,0
04336,910,pedal_down_ratio,802,0,0,0,3.1766899480885233,0
04336,910,pedal_changes,802,0,1,0,7.3970805168798215,0
04338,912,tempo,974,3,8,2,11.599587799222327,0
04338,912,rubato,974,3,16,3,13.06595054418326,0
04338,912,dynamics,974,3,0,0,5.3752783995022595,0
04338,912,articulation,968,9,14,1,12.397270233579942,0
04338,912,pedal_depth,977,0,0,0,5.83896465020188,0
04338,912,pedal_down_ratio,977,0,0,0,3.5003548163733202,0
04338,912,pedal_changes,977,0,1,0,7.7687356879444796,0
04339,912,tempo,975,2,10,0,9.528780890984393,0
04339,912,rubato,975,2,14,1,10.46621259526696,0
04339,912,dynamics,974,3,0,0,5.425750497150168,0
04339,912,articulation,965,12,14,0,8.880739205752747,0
04339,912,pedal_depth,977,0,0,0,5.9332878070402435,0
04339,912,pedal_down_ratio,977,0,0,0,3.5003548163733202,0
04339,912,pedal_changes,977,0,1,0,7.121341047282439,0
04340,912,tempo,975,2,6,1,13.322321658607466,0
04340,912,rubato,975,2,10,1,14.826379220544052,0
04340,912,dynamics,975,2,0,0,3.5579223691943525,0
04340,912,articulation,971,6,8,3,16.35317131435431,0
04340,912,pedal_depth,977,0,0,0,4.427797825042141,0
04340,912,pedal_down_ratio,977,0,0,0,3.5003548163733202,0
04340,912,pedal_changes,977,0,1,0,6.473946406620399,0
04341,912,tempo,976,1,3,0,7.19247791534173,0
04341,912,rubato,976,1,5,0,8.266415992409506,0
04341,912,dynamics,974,3,0,0,3.703390164915291,0
04341,912,articulation,970,7,6,1,10.949767467925575,0
04341,912,pedal_depth,977,0,0,0,5.8762938686910156,0
04341,912,pedal_down_ratio,977,0,0,0,3.5003548163733202,0
04341,912,pedal_changes,977,0,0,0,5.17915712529632,0
04342,912,tempo,975,2,31,3,11.221189908098705,0
04342,912,rubato,975,2,30,4,11.42761993664,0
04342,912,dynamics,974,3,0,0,4.523561751693803,0
04342,912,articulation,968,9,7,2,13.362567281339532,0
04342,912,pedal_depth,977,0,0,0,5.848709915627434,0
04342,912,pedal_down_ratio,977,0,0,0,3.5003548163733202,0
04342,912,pedal_changes,977,0,0,0,5.17915712529632,0
04343,912,tempo,975,2,19,2,10.464866796422978,0
04343,912,rubato,975,2,23,2,11.269430392292634,0
04343,912,dynamics,976,1,0,0,4.944462994579038,0
04343,912,articulation,970,7,10,4,15.236761741535583,0
04343,912,pedal_depth,977,0,0,0,5.8762938686910156,0
04343,912,pedal_down_ratio,977,0,0,0,3.5003548163733202,0
04343,912,pedal_changes,977,0,0,0,5.17915712529632,0
04344,912,tempo,976,1,21,2,11.42613690665443,0
04344,912,rubato,976,1,35,2,13.202322531174083,0
04344,912,dynamics,974,3,0,0,4.157639043746464,0
04344,912,articulation,965,12,18,1,10.428135830287832,0
04344,912,pedal_depth,977,0,0,0,2.8403445704179915,0
04344,912,pedal_down_ratio,977,0,0,0,3.5003548163733202,0
04344,912,pedal_changes,977,0,1,0,6.473946406620399,0
04345,912,tempo,975,2,15,0,9.695645157026703,0
04345,912,rubato,975,2,21,0,9.931944124954239,0
04345,912,dynamics,973,4,0,0,4.359527434338098,0
04345,912,articulation,966,11,10,2,10.56113029817164,0
04345,912,pedal_depth,977,0,0,0,3.2056036016161835,0
04345,912,pedal_down_ratio,977,0,0,0,3.5003548163733202,0
04345,912,pedal_changes,977,0,0,0,5.82655176595836,0
04346,912,tempo,976,1,14,1,11.004540667641814,0
04346,912,rubato,976,1,16,1,12.310280753676746,0
04346,912,dynamics,974,3,0,0,5.413132472738191,0
04346,912,articulation,969,8,13,1,13.816468997791032,0
04346,912,pedal_depth,977,0,0,0,4.45952069887749,0
04346,912,pedal_down_ratio,977,0,0,0,3.5003548163733202,0
04346,912,pedal_changes,977,0,0,0,5.82655176595836,0
04348,912,tempo,975,2,27,2,10.949640050469707,0
04348,912,rubato,975,2,32,2,12.01151296732047,0
04348,912,dynamics,973,4,0,0,4.614485751133049,0
04348,912,articulation,968,9,10,0,9.818386068377794,0
04348,912,pedal_depth,977,0,4,0,6.073484938110187,0
04348,912,pedal_down_ratio,977,0,0,0,3.5003548163733202,0
04348,912,pedal_changes,977,0,0,0,4.8554598049652995,0
04393,918,tempo,982,3,25,4,13.031998797161341,0
04393,918,rubato,982,3,52,9,16.250079175320856,0
04393,918,dynamics,980,5,0,0,5.920529999850124,0
04393,918,articulation,979,6,11,4,15.758813672748918,0
04393,918,pedal_depth,985,0,0,0,5.129737554789809,0
04393,918,pedal_down_ratio,985,0,0,0,3.020472670568943,0
04393,918,pedal_changes,985,0,0,0,5.287048266828436,0
04394,918,tempo,983,2,22,3,12.500587689622712,0
04394,918,rubato,983,2,42,9,15.038281531903694,0
04394,918,dynamics,979,6,0,0,4.796378734055796,0
04394,918,articulation,978,7,7,3,16.059132937475393,0
04394,918,pedal_depth,985,0,0,0,3.4659511855609817,0
04394,918,pedal_down_ratio,985,0,0,0,3.020472670568943,0
04394,918,pedal_changes,985,0,2,0,7.175279790695734,0
04395,918,tempo,985,0,47,16,21.120333399787672,0
04395,918,rubato,985,0,65,29,26.537700123591836,0
04395,918,dynamics,980,5,1,0,6.316659493510981,0
04395,918,articulation,980,5,12,1,10.600938133258733,0
04395,918,pedal_depth,985,0,10,0,6.558483562977164,0
04395,918,pedal_down_ratio,985,0,0,0,3.020472670568943,0
04395,918,pedal_changes,985,0,2,0,6.797633485922275,0
04396,918,tempo,985,0,28,2,11.93547306684581,0
04396,918,rubato,985,0,45,10,14.698790472193993,0
04396,918,dynamics,981,4,1,0,6.545058480846973,0
04396,918,articulation,977,8,21,8,23.944763420351755,0
04396,918,pedal_depth,985,0,1,0,6.199133619578463,0
04396,918,pedal_down_ratio,985,0,0,0,3.020472670568943,0
04396,918,pedal_changes,985,0,8,4,15.861144800485308,0
04398,918,tempo,983,2,47,6,11.944321407119869,0
04398,918,rubato,983,2,62,18,15.26310935417081,0
04398,918,dynamics,979,6,2,0,8.69343645547613,0
04398,918,articulation,974,11,22,8,17.614423005845936,0
04398,918,pedal_depth,985,0,3,0,7.028692933732649,0
04398,918,pedal_down_ratio,985,0,0,0,3.020472670568943,0
04398,918,pedal_changes,985,0,5,2,14.350559581391469,0
04400,918,tempo,984,1,25,6,13.507980778579656,0
04400,918,rubato,984,1,48,11,17.328073525912483,0
04400,918,dynamics,980,5,0,0,4.746416455576049,0
04400,918,articulation,979,6,17,4,15.825186609842106,0
04400,918,pedal_depth,985,0,1,0,6.0391195853407345,0
04400,918,pedal_down_ratio,985,0,0,0,3.020472670568943,0
04400,918,pedal_changes,985,0,1,1,11.329389143203791,0
04401,918,tempo,984,1,23,7,19.053415475881486,0
04401,918,rubato,984,1,40,12,23.416580124480173,0
04401,918,dynamics,981,4,0,0,4.409171075837749,0
04401,918,articulation,980,5,16,4,14.749723697141723,0
04401,918,pedal_depth,985,0,0,0,4.844414495333046,0
04401,918,pedal_down_ratio,985,0,0,0,3.020472670568943,0
04401,918,pedal_changes,985,0,1,1,16.616437410032226,0
04402,918,tempo,984,1,14,1,11.376576942350049,0
04402,918,rubato,984,1,32,5,13.887507925573793,0
04402,918,dynamics,980,5,0,0,3.022717848024746,0
04402,918,articulation,979,6,6,1,10.94890197339467,0
04402,918,pedal_depth,985,0,1,0,7.588202219881059,0
04402,918,pedal_down_ratio,985,0,0,0,2.9897690093687785,0
04402,918,pedal_changes,985,0,2,0,8.685865009789573,0
04403,918,tempo,985,0,9,2,13.272356585068382,0
04403,918,rubato,985,0,26,7,16.472663199072922,0
04403,918,dynamics,980,5,0,0,4.256786126474519,0
04403,918,articulation,978,7,13,1,12.825977666881764,0
04403,918,pedal_depth,985,0,3,0,6.7475452163837915,0
04403,918,pedal_down_ratio,985,0,0,0,3.020472670568943,0
04403,918,pedal_changes,985,0,1,0,7.175279790695734,0
04404,918,tempo,985,0,16,3,13.272737579453246,0
04404,918,rubato,985,0,39,7,16.489586019272192,0
04404,918,dynamics,980,5,0,0,3.622265189781722,0
04404,918,articulation,979,6,7,3,11.638241389711654,0
04404,918,pedal_depth,985,0,2,0,7.521921985066024,0
04404,918,pedal_down_ratio,985,0,0,0,3.020472670568943,0
04404,918,pedal_changes,985,0,5,1,26.43524133414218,0
04407,918,tempo,984,1,20,8,17.708394496880043,0
04407,918,rubato,984,1,45,12,22.110683062566284,0
04407,918,dynamics,981,4,0,0,4.646491898616554,0
04407,918,articulation,978,7,11,5,25.101193962749484,0
04407,918,pedal_depth,985,0,0,0,4.529002047721568,0
04407,918,pedal_down_ratio,985,0,0,0,3.020472670568943,0
04407,918,pedal_changes,985,0,2,1,12.084681752750711,0
04408,918,tempo,983,2,38,11,14.00766716880802,0
04408,918,rubato,983,2,63,19,17.328251275783767,0
04408,918,dynamics,980,5,1,0,7.494341771962182,0
04408,918,articulation,977,8,12,2,15.216844760535336,0
04408,918,pedal_depth,985,0,0,0,5.767689336613133,0
04408,918,pedal_down_ratio,985,0,0,0,3.020472670568943,0
04408,918,pedal_changes,985,0,4,2,11.329389143203791,0
04409,918,tempo,985,0,45,17,16.44331934770884,0
04409,918,rubato,985,0,72,30,21.475857700670936,0
04409,918,dynamics,978,7,0,0,5.080093101137221,0
04409,918,articulation,978,7,20,4,23.278851929641213,0
04409,918,pedal_depth,985,0,3,0,8.038038567639843,0
04409,918,pedal_down_ratio,985,0,0,0,3.020472670568943,0
04409,918,pedal_changes,985,0,0,0,5.6646945716018955,0
00300,94,tempo,185,0,39,31,1660.308372005748,0
00300,94,rubato,185,0,22,20,107.33502098734705,0
00300,94,dynamics,173,12,8,4,35.07351949278277,0
00300,94,articulation,170,15,33,15,37.12409656896793,0
00300,94,pedal_depth,185,0,0,0,3.345098428476135,0
00300,94,pedal_down_ratio,185,0,0,0,4.5500635701094,0
00300,94,pedal_changes,185,0,0,0,5.096627171179645,0
00301,94,tempo,185,0,34,30,970.5648167502824,0
00301,94,rubato,185,0,19,14,63.63140105007572,0
00301,94,dynamics,172,13,3,0,7.554296506137836,0
00301,94,articulation,167,18,18,8,25.21580150907346,0
00301,94,pedal_depth,185,0,0,0,2.4804404141179086,0
00301,94,pedal_down_ratio,185,0,0,0,4.36694760276461,0
00301,94,pedal_changes,185,0,3,0,8.154603473887434,0
00302,94,tempo,185,0,41,37,1043.0117509759875,0
00302,94,rubato,185,0,26,24,66.12962287938629,0
00302,94,dynamics,173,12,9,1,12.365663923737513,0
00302,94,articulation,170,15,16,8,45.9293846017952,0
00302,94,pedal_depth,185,0,3,0,9.588379293886447,0
00302,94,pedal_down_ratio,185,0,5,0,8.9048152291422,0
00302,94,pedal_changes,185,0,0,0,3.0579763027077873,0
00309,96,tempo,754,3,2,0,7.531276544845429,0
00309,96,rubato,754,3,2,0,6.907446554648965,0
00309,96,dynamics,736,21,0,0,4.211255508983598,0
00309,96,articulation,731,26,7,0,8.201480076508064,0
00309,96,pedal_depth,757,0,0,0,5.620610676954034,0
00309,96,pedal_down_ratio,757,0,0,0,3.6880679760759416,0
00309,96,pedal_changes,757,0,2,0,8.164173556223636,0
00310,96,tempo,757,0,9,0,9.375496324318425,0
00310,96,rubato,757,0,6,0,9.992887938416331,0
00310,96,dynamics,735,22,0,0,5.083726268367931,0
00310,96,articulation,721,36,8,3,11.16504033565254,0
00310,96,pedal_depth,757,0,0,0,5.381884362704557,0
00310,96,pedal_down_ratio,757,0,0,0,3.6880679760759416,0
00310,96,pedal_changes,757,0,0,0,5.248397286143766,0
00312,96,tempo,757,0,14,6,23.661381762847544,0
00312,96,rubato,757,0,17,6,23.888826252551198,0
00312,96,dynamics,733,24,0,0,5.977643236362828,0
00312,96,articulation,722,35,18,6,19.948981157725147,0
00312,96,pedal_depth,757,0,7,0,7.13497182472704,0
00312,96,pedal_down_ratio,757,0,0,0,3.6880679760759416,0
00312,96,pedal_changes,757,0,1,0,8.74732881023961,0
00313,96,tempo,757,0,13,3,23.443844823236457,0
00313,96,rubato,757,0,9,3,22.919123457857072,0
00313,96,dynamics,733,24,1,0,7.285082099475978,0
00313,96,articulation,718,39,11,2,12.162125781880961,0
00313,96,pedal_depth,757,0,0,0,5.310377883601195,0
00313,96,pedal_down_ratio,757,0,0,0,3.6880679760759416,0
00313,96,pedal_changes,757,0,0,0,4.665242032127792,0
00314,96,tempo,757,0,11,5,11.830871723032642,0
00314,96,rubato,757,0,12,2,11.239438235471168,0
00314,96,dynamics,736,21,0,0,5.090550062016746,0
00314,96,articulation,718,39,14,6,22.459392519701982,0
00314,96,pedal_depth,757,0,0,0,5.048532322315439,0
00314,96,pedal_down_ratio,757,0,0,0,3.649148561986516,0
00314,96,pedal_changes,757,0,0,0,5.248397286143766,0
00315,96,tempo,757,0,8,5,11.40001279056279,0
00315,96,rubato,757,0,8,5,10.83964495947308,0
00315,96,dynamics,743,14,4,0,7.205926093149712,0
00315,96,articulation,726,31,15,6,12.361834456327367,0
00315,96,pedal_depth,757,0,0,0,4.834275038864735,0
00315,96,pedal_down_ratio,757,0,0,0,3.6880679760759416,0
00315,96,pedal_changes,757,0,0,0,4.956819659135779,0
00322,98,tempo,355,0,80,53,45.78287426999385,0
00322,98,rubato,355,0,54,33,29.909051902210273,0
00322,98,dynamics,342,13,6,0,9.667700885831215,0
00322,98,articulation,325,30,8,2,13.173944871274436,0
00322,98,pedal_depth,355,0,0,0,2.7491900105611284,0
00322,98,pedal_down_ratio,355,0,0,0,5.105127878320728,0
00322,98,pedal_changes,355,0,1,1,13.349529325727854,0
00323,98,tempo,355,0,71,50,283.5211860039255,0
00323,98,rubato,355,0,51,35,170.9768737262686,0
00323,98,dynamics,343,12,5,2,19.020639417240027,0
00323,98,articulation,324,31,8,3,12.391444923626318,0
00323,98,pedal_depth,355,0,0,0,5.882298970746675,0
00323,98,pedal_down_ratio,355,0,0,0,5.105127878320728,0
00323,98,pedal_changes,355,0,1,0,7.628302471844488,0
00324,98,tempo,355,0,229,180,116.17787848300537,0
00324,98,rubato,355,0,173,121,67.14831093941783,0
00324,98,dynamics,323,32,42,15,18.042627815998955,0
00324,98,articulation,297,58,21,7,15.204265276368016,0
00324,98,pedal_depth,355,0,4,0,6.390645795379302,0
00324,98,pedal_down_ratio,355,0,0,0,5.105127878320728,0
00324,98,pedal_changes,355,0,2,1,12.713837453074147,0
00329,99,tempo,382,0,2,0,7.335841028589489,0
00329,99,rubato,382,0,14,3,18.170025496639592,0
00329,99,dynamics,379,3,0,0,4.576667855205938,0
00329,99,articulation,374,8,2,1,11.454702101184314,0
00329,99,pedal_depth,382,0,1,0,6.187593054817328,0
00329,99,pedal_down_ratio,382,0,0,0,3.0313657223422847,0
00329,99,pedal_changes,382,0,1,1,12.10051841739305,0
00330,99,tempo,379,3,1,0,6.147133247847165,0
00330,99,rubato,379,3,16,4,13.237636262201441,0
00330,99,dynamics,378,4,0,0,3.165356634614104,0
00330,99,articulation,373,9,11,4,16.04616740657557,0
00330,99,pedal_depth,382,0,0,0,3.0542362906513776,0
00330,99,pedal_down_ratio,382,0,0,0,3.1006459944039353,0
00330,99,pedal_changes,382,0,1,0,6.406156809208085,0
00331,99,tempo,382,0,1,0,6.300821029139011,0
00331,99,rubato,382,0,7,3,17.542410034910574,0
00331,99,dynamics,382,0,0,0,5.262136242066814,0
00331,99,articulation,378,4,3,0,7.68474851424411,0
00331,99,pedal_depth,382,0,0,0,2.4650827524576506,0
00331,99,pedal_down_ratio,382,0,0,0,1.7030841518755002,0
00331,99,pedal_changes,382,0,0,0,4.270771206138723,0
00332,99,tempo,382,0,0,0,4.100272773960097,0
00332,99,rubato,382,0,7,0,8.746806307373024,0
00332,99,dynamics,381,1,0,0,2.533720843579997,0
00332,99,articulation,377,5,1,0,6.1448160638956315,0
00332,99,pedal_depth,382,0,0,0,3.8065553014415134,0
00332,99,pedal_down_ratio,382,0,0,0,3.0614911716164808,0
00332,99,pedal_changes,382,0,1,0,6.168891742200378,0
00048,9,tempo,246,0,29,8,52.5433133014204,0
00048,9,rubato,246,0,29,7,51.89355131859136,0
00048,9,dynamics,241,5,2,0,7.852999556763227,0
00048,9,articulation,236,10,9,5,21.654107703683376,0
00048,9,pedal_depth,246,0,0,0,3.421585292248915,0
00048,9,pedal_down_ratio,246,0,0,0,4.942462803658794,0
00048,9,pedal_changes,246,0,0,0,4.162204183118823,0
00049,9,tempo,246,0,29,8,52.5433133014204,0
00049,9,rubato,246,0,29,7,51.89355131859136,0
00049,9,dynamics,241,5,2,0,7.852999556763227,0
00049,9,articulation,236,10,9,5,21.654107703683373,0
00049,9,pedal_depth,246,0,0,0,3.4215852922489174,0
00049,9,pedal_down_ratio,246,0,0,0,4.942462803658794,0
00049,9,pedal_changes,246,0,0,0,4.162204183118823,0
