composition_id,perf_id,config,rank_spearman,top1_unchanged,candidates
1067,04932,all,0.9999999999999999,1,5
1067,04932,without_tempo,0.9999999999999999,1,5
1067,04932,without_rubato,0.9999999999999999,1,5
1067,04932,without_dynamics,0.9999999999999999,1,5
1067,04932,without_articulation,0.9999999999999999,1,5
1067,04932,without_pedaling,0.9999999999999999,1,5
1067,04933,all,0.8999999999999998,0,5
1067,04933,without_tempo,0.9999999999999999,1,5
1067,04933,without_rubato,0.9999999999999999,1,5
1067,04933,without_dynamics,0.9999999999999999,1,5
1067,04933,without_articulation,0.9999999999999999,1,5
1067,04933,without_pedaling,0.9999999999999999,1,5
1067,04934,all,0.8999999999999998,0,5
1067,04934,without_tempo,0.8999999999999998,1,5
1067,04934,without_rubato,0.9999999999999999,1,5
1067,04934,without_dynamics,0.9999999999999999,1,5
1067,04934,without_articulation,0.9999999999999999,1,5
1067,04934,without_pedaling,0.9999999999999999,1,5
1067,04935,all,0.8999999999999998,0,5
1067,04935,without_tempo,0.9999999999999999,1,5
1067,04935,without_rubato,0.9999999999999999,1,5
1067,04935,without_dynamics,0.9999999999999999,1,5
1067,04935,without_articulation,0.9999999999999999,1,5
1067,04935,without_pedaling,0.9999999999999999,1,5
1068,04937,all,1.0,1,6
1068,04937,without_tempo,1.0,1,6
1068,04937,without_rubato,1.0,1,6
1068,04937,without_dynamics,1.0,1,6
1068,04937,without_articulation,1.0,1,6
1068,04937,without_pedaling,1.0,1,6
1068,04940,all,1.0,1,6
1068,04940,without_tempo,1.0,1,6
1068,04940,without_rubato,0.8285714285714287,1,6
1068,04940,without_dynamics,1.0,1,6
1068,04940,without_articulation,1.0,1,6
1068,04940,without_pedaling,1.0,1,6
1068,04941,all,0.942857142857143,1,6
1068,04941,without_tempo,0.942857142857143,1,6
1068,04941,without_rubato,1.0,1,6
1068,04941,without_dynamics,0.942857142857143,1,6
1068,04941,without_articulation,1.0,1,6
1068,04941,without_pedaling,0.942857142857143,1,6
1068,04942,all,1.0,1,6
1068,04942,without_tempo,1.0,1,6
1068,04942,without_rubato,1.0,1,6
1068,04942,without_dynamics,1.0,1,6
1068,04942,without_articulation,1.0,1,6
1068,04942,without_pedaling,1.0,1,6
1082,04993,all,1.0,1,3
1082,04993,without_tempo,1.0,1,3
1082,04993,without_rubato,1.0,1,3
1082,04993,without_dynamics,1.0,1,3
1082,04993,without_articulation,1.0,1,3
1082,04993,without_pedaling,1.0,1,3
1082,04994,all,1.0,1,3
1082,04994,without_tempo,1.0,1,3
1082,04994,without_rubato,1.0,1,3
1082,04994,without_dynamics,1.0,1,3
1082,04994,without_articulation,1.0,1,3
1082,04994,without_pedaling,1.0,1,3
1082,04995,all,1.0,1,3
1082,04995,without_tempo,1.0,1,3
1082,04995,without_rubato,1.0,1,3
1082,04995,without_dynamics,1.0,1,3
1082,04995,without_articulation,1.0,1,3
1082,04995,without_pedaling,1.0,1,3
1113,05166,all,0.982142857142857,1,15
1113,05166,without_tempo,1.0,1,15
1113,05166,without_rubato,0.982142857142857,0,15
1113,05166,without_dynamics,0.9928571428571428,1,15
1113,05166,without_articulation,0.982142857142857,0,15
1113,05166,without_pedaling,0.9928571428571428,1,15
1113,05168,all,0.932142857142857,1,15
1113,05168,without_tempo,0.9857142857142854,1,15
1113,05168,without_rubato,0.9892857142857142,1,15
1113,05168,without_dynamics,0.982142857142857,1,15
1113,05168,without_articulation,0.9857142857142854,1,15
1113,05168,without_pedaling,0.9357142857142854,1,15
1113,05169,all,0.9892857142857142,1,15
1113,05169,without_tempo,0.9964285714285712,1,15
1113,05169,without_rubato,0.9892857142857142,1,15
1113,05169,without_dynamics,0.982142857142857,1,15
1113,05169,without_articulation,0.9857142857142854,1,15
1113,05169,without_pedaling,0.9964285714285712,1,15
1113,05171,all,0.9964285714285712,1,15
1113,05171,without_tempo,1.0,1,15
1113,05171,without_rubato,0.9964285714285712,1,15
1113,05171,without_dynamics,1.0,1,15
1113,05171,without_articulation,0.9964285714285712,1,15
1113,05171,without_pedaling,1.0,1,15
1113,05175,all,1.0,1,15
1113,05175,without_tempo,1.0,1,15
1113,05175,without_rubato,0.9892857142857142,1,15
1113,05175,without_dynamics,0.9964285714285712,1,15
1113,05175,without_articulation,0.9964285714285712,1,15
1113,05175,without_pedaling,1.0,1,15
1115,05165,all,1.0,1,15
1115,05165,without_tempo,0.9928571428571428,1,15
1115,05165,without_rubato,0.9928571428571428,1,15
1115,05165,without_dynamics,0.9964285714285712,1,15
1115,05165,without_articulation,1.0,1,15
1115,05165,without_pedaling,1.0,1,15
1115,05167,all,0.9964285714285712,1,15
1115,05167,without_tempo,0.9857142857142854,1,15
1115,05167,without_rubato,0.9964285714285712,1,15
1115,05167,without_dynamics,0.9928571428571428,0,15
1115,05167,without_articulation,0.9964285714285712,1,15
1115,05167,without_pedaling,0.9857142857142854,1,15
1115,05170,all,1.0,1,15
1115,05170,without_tempo,1.0,1,15
1115,05170,without_rubato,0.9964285714285712,1,15
1115,05170,without_dynamics,1.0,1,15
1115,05170,without_articulation,1.0,1,15
1115,05170,without_pedaling,1.0,1,15
1115,05179,all,0.982142857142857,1,15
1115,05179,without_tempo,0.9571428571428571,0,15
1115,05179,without_rubato,0.9964285714285712,1,15
1115,05179,without_dynamics,0.9678571428571429,1,15
1115,05179,without_articulation,0.9857142857142854,1,15
1115,05179,without_pedaling,0.9714285714285713,1,15
1115,05181,all,0.8607142857142854,0,15
1115,05181,without_tempo,0.9178571428571428,0,15
1115,05181,without_rubato,0.9857142857142854,0,15
1115,05181,without_dynamics,0.8571428571428571,1,15
1115,05181,without_articulation,0.8321428571428571,1,15
1115,05181,without_pedaling,0.8321428571428571,1,15
1116,05233,all,1.0,1,9
1116,05233,without_tempo,1.0,1,9
1116,05233,without_rubato,1.0,1,9
1116,05233,without_dynamics,1.0,1,9
1116,05233,without_articulation,1.0,1,9
1116,05233,without_pedaling,1.0,1,9
1116,05234,all,1.0,1,9
1116,05234,without_tempo,1.0,1,9
1116,05234,without_rubato,1.0,1,9
1116,05234,without_dynamics,1.0,1,9
1116,05234,without_articulation,1.0,1,9
1116,05234,without_pedaling,1.0,1,9
1116,05235,all,1.0,1,9
1116,05235,without_tempo,1.0,1,9
1116,05235,without_rubato,1.0,1,9
1116,05235,without_dynamics,1.0,1,9
1116,05235,without_articulation,1.0,1,9
1116,05235,without_pedaling,1.0,1,9
1116,05236,all,1.0,1,9
1116,05236,without_tempo,1.0,1,9
1116,05236,without_rubato,1.0,1,9
1116,05236,without_dynamics,1.0,1,9
1116,05236,without_articulation,1.0,1,9
1116,05236,without_pedaling,1.0,1,9
1116,05237,all,1.0,1,9
1116,05237,without_tempo,1.0,1,9
1116,05237,without_rubato,1.0,1,9
1116,05237,without_dynamics,1.0,1,9
1116,05237,without_articulation,1.0,1,9
1116,05237,without_pedaling,1.0,1,9
1117,05243,all,1.0,1,14
1117,05243,without_tempo,0.9780219780219781,1,14
1117,05243,without_rubato,0.9956043956043955,1,14
1117,05243,without_dynamics,0.9912087912087912,1,14
1117,05243,without_articulation,0.9912087912087912,0,14
1117,05243,without_pedaling,1.0,1,14
1117,05244,all,1.0,1,14
1117,05244,without_tempo,0.9956043956043955,1,14
1117,05244,without_rubato,0.9956043956043955,1,14
1117,05244,without_dynamics,0.9912087912087912,1,14
1117,05244,without_articulation,0.9956043956043955,0,14
1117,05244,without_pedaling,1.0,1,14
1117,05248,all,0.9780219780219781,1,14
1117,05248,without_tempo,0.8901098901098902,1,14
1117,05248,without_rubato,0.9648351648351648,1,14
1117,05248,without_dynamics,0.9736263736263736,1,14
1117,05248,without_articulation,0.9736263736263736,1,14
1117,05248,without_pedaling,0.9692307692307693,1,14
1117,05249,all,0.9956043956043955,1,14
1117,05249,without_tempo,1.0,1,14
1117,05249,without_rubato,0.9956043956043955,1,14
1117,05249,without_dynamics,0.9868131868131869,1,14
1117,05249,without_articulation,1.0,1,14
1117,05249,without_pedaling,0.9956043956043955,1,14
1117,05250,all,1.0,1,14
1117,05250,without_tempo,1.0,1,14
1117,05250,without_rubato,0.9824175824175824,1,14
1117,05250,without_dynamics,0.9956043956043955,1,14
1117,05250,without_articulation,1.0,1,14
1117,05250,without_pedaling,0.9912087912087912,1,14
1118,05266,all,0.9999999999999999,1,10
1118,05266,without_tempo,0.9878787878787878,1,10
1118,05266,without_rubato,0.9878787878787878,1,10
1118,05266,without_dynamics,0.9878787878787878,1,10
1118,05266,without_articulation,0.9999999999999999,1,10
1118,05266,without_pedaling,0.9878787878787878,1,10
1118,05267,all,0.9878787878787878,1,10
1118,05267,without_tempo,0.9515151515151514,1,10
1118,05267,without_rubato,0.9878787878787878,1,10
1118,05267,without_dynamics,0.9878787878787878,1,10
1118,05267,without_articulation,0.9757575757575757,1,10
1118,05267,without_pedaling,0.9757575757575757,1,10
1118,05268,all,0.9878787878787878,1,10
1118,05268,without_tempo,0.9878787878787878,1,10
1118,05268,without_rubato,0.9999999999999999,1,10
1118,05268,without_dynamics,0.9878787878787878,1,10
1118,05268,without_articulation,0.9999999999999999,1,10
1118,05268,without_pedaling,0.9999999999999999,1,10
1118,05269,all,0.9030303030303028,1,10
1118,05269,without_tempo,0.9878787878787878,1,10
1118,05269,without_rubato,0.9999999999999999,1,10
1118,05269,without_dynamics,0.9030303030303028,1,10
1118,05269,without_articulation,0.9878787878787878,1,10
1118,05269,without_pedaling,0.8060606060606059,1,10
1118,05270,all,0.9030303030303028,1,10
1118,05270,without_tempo,0.8545454545454544,1,10
1118,05270,without_rubato,0.9515151515151514,1,10
1118,05270,without_dynamics,0.9515151515151514,0,10
1118,05270,without_articulation,0.8545454545454544,1,10
1118,05270,without_pedaling,0.8909090909090909,1,10
1122,05294,all,0.6904761904761906,1,8
1122,05294,without_tempo,0.6190476190476191,0,8
1122,05294,without_rubato,0.9285714285714287,1,8
1122,05294,without_dynamics,0.7380952380952381,1,8
1122,05294,without_articulation,1.0,1,8
1122,05294,without_pedaling,0.9285714285714287,1,8
1122,05295,all,0.9523809523809524,0,8
1122,05295,without_tempo,0.9285714285714287,1,8
1122,05295,without_rubato,1.0,1,8
1122,05295,without_dynamics,0.9523809523809524,0,8
1122,05295,without_articulation,0.8095238095238096,1,8
1122,05295,without_pedaling,0.9761904761904763,1,8
1122,05296,all,0.7857142857142858,0,8
1122,05296,without_tempo,0.880952380952381,0,8
1122,05296,without_rubato,1.0,1,8
1122,05296,without_dynamics,0.8333333333333335,0,8
1122,05296,without_articulation,0.4047619047619048,1,8
1122,05296,without_pedaling,0.9523809523809524,0,8
1122,05297,all,1.0,1,8
1122,05297,without_tempo,1.0,1,8
1122,05297,without_rubato,1.0,1,8
1122,05297,without_dynamics,0.9761904761904763,1,8
1122,05297,without_articulation,0.9285714285714287,1,8
1122,05297,without_pedaling,1.0,1,8
1122,05298,all,0.9285714285714287,1,8
1122,05298,without_tempo,0.7142857142857144,1,8
1122,05298,without_rubato,1.0,1,8
1122,05298,without_dynamics,0.8571428571428572,0,8
1122,05298,without_articulation,0.8571428571428572,0,8
1122,05298,without_pedaling,0.9285714285714287,0,8
1125,05315,all,1.0,1,4
1125,05315,without_tempo,1.0,1,4
1125,05315,without_rubato,1.0,1,4
1125,05315,without_dynamics,1.0,1,4
1125,05315,without_articulation,1.0,1,4
1125,05315,without_pedaling,1.0,1,4
1125,05316,all,1.0,1,4
1125,05316,without_tempo,1.0,1,4
1125,05316,without_rubato,1.0,1,4
1125,05316,without_dynamics,1.0,1,4
1125,05316,without_articulation,1.0,1,4
1125,05316,without_pedaling,1.0,1,4
1125,05317,all,1.0,1,4
1125,05317,without_tempo,1.0,1,4
1125,05317,without_rubato,1.0,1,4
1125,05317,without_dynamics,1.0,1,4
1125,05317,without_articulation,1.0,1,4
1125,05317,without_pedaling,1.0,1,4
1125,05322,all,1.0,1,4
1125,05322,without_tempo,1.0,1,4
1125,05322,without_rubato,1.0,1,4
1125,05322,without_dynamics,1.0,1,4
1125,05322,without_articulation,1.0,1,4
1125,05322,without_pedaling,1.0,1,4
1127,05330,all,0.9999999999999999,1,5
1127,05330,without_tempo,0.9999999999999999,1,5
1127,05330,without_rubato,0.9999999999999999,1,5
1127,05330,without_dynamics,0.9999999999999999,1,5
1127,05330,without_articulation,0.9999999999999999,1,5
1127,05330,without_pedaling,0.9999999999999999,1,5
1127,05334,all,0.9999999999999999,1,5
1127,05334,without_tempo,0.9999999999999999,1,5
1127,05334,without_rubato,0.9999999999999999,1,5
1127,05334,without_dynamics,0.9999999999999999,1,5
1127,05334,without_articulation,0.8999999999999998,1,5
1127,05334,without_pedaling,0.9999999999999999,1,5
1127,05336,all,0.9999999999999999,1,5
1127,05336,without_tempo,0.9999999999999999,1,5
1127,05336,without_rubato,0.9999999999999999,1,5
1127,05336,without_dynamics,0.9999999999999999,1,5
1127,05336,without_articulation,0.9999999999999999,1,5
1127,05336,without_pedaling,0.9999999999999999,1,5
1127,05339,all,0.9999999999999999,1,5
1127,05339,without_tempo,0.9999999999999999,1,5
1127,05339,without_rubato,0.9999999999999999,1,5
1127,05339,without_dynamics,0.9999999999999999,1,5
1127,05339,without_articulation,0.8999999999999998,1,5
1127,05339,without_pedaling,0.9999999999999999,1,5
1127,05341,all,0.9999999999999999,1,5
1127,05341,without_tempo,0.9999999999999999,1,5
1127,05341,without_rubato,0.9999999999999999,1,5
1127,05341,without_dynamics,0.9999999999999999,1,5
1127,05341,without_articulation,0.9999999999999999,1,5
1127,05341,without_pedaling,0.9999999999999999,1,5
1129,05353,all,0.945054945054945,1,13
1129,05353,without_tempo,0.9615384615384615,1,13
1129,05353,without_rubato,0.9780219780219779,1,13
1129,05353,without_dynamics,0.967032967032967,1,13
1129,05353,without_articulation,0.9780219780219779,1,13
1129,05353,without_pedaling,0.8846153846153846,1,13
1129,05354,all,0.989010989010989,1,13
1129,05354,without_tempo,0.9945054945054945,1,13
1129,05354,without_rubato,1.0,1,13
1129,05354,without_dynamics,0.9945054945054945,1,13
1129,05354,without_articulation,0.9835164835164836,1,13
1129,05354,without_pedaling,0.9725274725274725,1,13
1129,05355,all,0.989010989010989,1,13
1129,05355,without_tempo,0.967032967032967,1,13
1129,05355,without_rubato,0.9835164835164836,1,13
1129,05355,without_dynamics,0.989010989010989,0,13
1129,05355,without_articulation,0.9945054945054945,1,13
1129,05355,without_pedaling,0.9835164835164836,1,13
1129,05356,all,0.9835164835164836,1,13
1129,05356,without_tempo,0.5549450549450549,0,13
1129,05356,without_rubato,0.989010989010989,1,13
1129,05356,without_dynamics,1.0,1,13
1129,05356,without_articulation,0.9725274725274725,1,13
1129,05356,without_pedaling,0.989010989010989,1,13
1129,05357,all,0.967032967032967,1,13
1129,05357,without_tempo,0.6098901098901099,0,13
1129,05357,without_rubato,0.9945054945054945,1,13
1129,05357,without_dynamics,0.9945054945054945,1,13
1129,05357,without_articulation,0.967032967032967,1,13
1129,05357,without_pedaling,0.9780219780219779,1,13
1130,05366,all,0.8461538461538463,1,12
1130,05366,without_tempo,0.8811188811188813,1,12
1130,05366,without_rubato,0.965034965034965,1,12
1130,05366,without_dynamics,0.6783216783216784,1,12
1130,05366,without_articulation,0.8601398601398602,1,12
1130,05366,without_pedaling,0.8251748251748254,1,12
1130,05367,all,0.965034965034965,1,12
1130,05367,without_tempo,0.9510489510489512,0,12
1130,05367,without_rubato,0.9930069930069931,1,12
1130,05367,without_dynamics,0.9720279720279721,1,12
1130,05367,without_articulation,0.9720279720279721,0,12
1130,05367,without_pedaling,0.9720279720279721,1,12
1130,05370,all,0.9580419580419581,1,12
1130,05370,without_tempo,0.9510489510489512,1,12
1130,05370,without_rubato,1.0,1,12
1130,05370,without_dynamics,0.9720279720279721,1,12
1130,05370,without_articulation,0.9370629370629372,0,12
1130,05370,without_pedaling,0.8881118881118882,0,12
1130,05371,all,1.0,1,12
1130,05371,without_tempo,0.9720279720279721,1,12
1130,05371,without_rubato,0.9860139860139862,0,12
1130,05371,without_dynamics,1.0,1,12
1130,05371,without_articulation,1.0,1,12
1130,05371,without_pedaling,1.0,1,12
1130,05372,all,1.0,1,12
1130,05372,without_tempo,0.9930069930069931,1,12
1130,05372,without_rubato,1.0,1,12
1130,05372,without_dynamics,1.0,1,12
1130,05372,without_articulation,0.9930069930069931,1,12
1130,05372,without_pedaling,1.0,1,12
1131,05385,all,0.9999999999999999,1,5
1131,05385,without_tempo,0.9999999999999999,1,5
1131,05385,without_rubato,0.9999999999999999,1,5
1131,05385,without_dynamics,0.9999999999999999,1,5
1131,05385,without_articulation,0.9999999999999999,1,5
1131,05385,without_pedaling,0.9999999999999999,1,5
1131,05391,all,0.9999999999999999,1,5
1131,05391,without_tempo,0.9999999999999999,1,5
1131,05391,without_rubato,0.9999999999999999,1,5
1131,05391,without_dynamics,0.9999999999999999,1,5
1131,05391,without_articulation,0.9999999999999999,1,5
1131,05391,without_pedaling,0.9999999999999999,1,5
1131,05394,all,0.9999999999999999,1,5
1131,05394,without_tempo,0.9999999999999999,1,5
1131,05394,without_rubato,0.9999999999999999,1,5
1131,05394,without_dynamics,0.9999999999999999,1,5
1131,05394,without_articulation,0.9999999999999999,1,5
1131,05394,without_pedaling,0.9999999999999999,1,5
1131,05399,all,0.9999999999999999,1,5
1131,05399,without_tempo,0.9999999999999999,1,5
1131,05399,without_rubato,0.9999999999999999,1,5
1131,05399,without_dynamics,0.9999999999999999,1,5
1131,05399,without_articulation,0.9999999999999999,1,5
1131,05399,without_pedaling,0.9999999999999999,1,5
1131,05403,all,0.8999999999999998,1,5
1131,05403,without_tempo,0.8999999999999998,1,5
1131,05403,without_rubato,0.7,1,5
1131,05403,without_dynamics,0.8999999999999998,1,5
1131,05403,without_articulation,0.9999999999999999,1,5
1131,05403,without_pedaling,0.9999999999999999,1,5
1132,05407,all,1.0,1,8
1132,05407,without_tempo,1.0,1,8
1132,05407,without_rubato,1.0,1,8
1132,05407,without_dynamics,1.0,1,8
1132,05407,without_articulation,1.0,1,8
1132,05407,without_pedaling,1.0,1,8
1132,05410,all,0.9523809523809524,1,8
1132,05410,without_tempo,0.9761904761904763,0,8
1132,05410,without_rubato,0.9761904761904763,1,8
1132,05410,without_dynamics,0.9761904761904763,1,8
1132,05410,without_articulation,0.9761904761904763,1,8
1132,05410,without_pedaling,0.9523809523809524,0,8
1132,05411,all,0.9761904761904763,1,8
1132,05411,without_tempo,1.0,1,8
1132,05411,without_rubato,0.9047619047619048,1,8
1132,05411,without_dynamics,0.9047619047619048,1,8
1132,05411,without_articulation,0.9761904761904763,1,8
1132,05411,without_pedaling,0.9761904761904763,1,8
1132,05412,all,1.0,1,8
1132,05412,without_tempo,1.0,1,8
1132,05412,without_rubato,0.9761904761904763,1,8
1132,05412,without_dynamics,1.0,1,8
1132,05412,without_articulation,1.0,1,8
1132,05412,without_pedaling,1.0,1,8
1132,05414,all,1.0,1,8
1132,05414,without_tempo,1.0,1,8
1132,05414,without_rubato,1.0,1,8
1132,05414,without_dynamics,0.9761904761904763,1,8
1132,05414,without_articulation,1.0,1,8
1132,05414,without_pedaling,0.9761904761904763,1,8
1133,05429,all,1.0,1,15
1133,05429,without_tempo,0.9928571428571428,0,15
1133,05429,without_rubato,0.9857142857142854,0,15
1133,05429,without_dynamics,0.9928571428571428,1,15
1133,05429,without_articulation,1.0,1,15
1133,05429,without_pedaling,1.0,1,15
1133,05430,all,0.9964285714285712,1,15
1133,05430,without_tempo,0.9892857142857142,1,15
1133,05430,without_rubato,0.9928571428571428,1,15
1133,05430,without_dynamics,0.9892857142857142,1,15
1133,05430,without_articulation,1.0,1,15
1133,05430,without_pedaling,0.9964285714285712,0,15
1133,05433,all,0.9892857142857142,1,15
1133,05433,without_tempo,0.9678571428571429,1,15
1133,05433,without_rubato,0.9642857142857141,1,15
1133,05433,without_dynamics,0.982142857142857,0,15
1133,05433,without_articulation,0.9964285714285712,1,15
1133,05433,without_pedaling,0.9857142857142854,1,15
1133,05435,all,1.0,1,15
1133,05435,without_tempo,0.914285714285714,0,15
1133,05435,without_rubato,0.9964285714285712,1,15
1133,05435,without_dynamics,0.9964285714285712,1,15
1133,05435,without_articulation,0.9964285714285712,1,15
1133,05435,without_pedaling,1.0,1,15
1133,05436,all,0.9964285714285712,1,15
1133,05436,without_tempo,0.9857142857142854,1,15
1133,05436,without_rubato,0.9964285714285712,1,15
1133,05436,without_dynamics,0.9928571428571428,1,15
1133,05436,without_articulation,0.9642857142857141,0,15
1133,05436,without_pedaling,0.9714285714285713,1,15
1137,05502,all,1.0,1,3
1137,05502,without_tempo,1.0,1,3
1137,05502,without_rubato,1.0,1,3
1137,05502,without_dynamics,1.0,1,3
1137,05502,without_articulation,1.0,1,3
1137,05502,without_pedaling,1.0,1,3
1137,05504,all,1.0,1,3
1137,05504,without_tempo,1.0,1,3
1137,05504,without_rubato,1.0,1,3
1137,05504,without_dynamics,1.0,1,3
1137,05504,without_articulation,1.0,1,3
1137,05504,without_pedaling,1.0,1,3
1137,05506,all,1.0,1,3
1137,05506,without_tempo,1.0,1,3
1137,05506,without_rubato,1.0,1,3
1137,05506,without_dynamics,1.0,1,3
1137,05506,without_articulation,1.0,1,3
1137,05506,without_pedaling,1.0,1,3
1139,05501,all,1.0,1,3
1139,05501,without_tempo,1.0,1,3
1139,05501,without_rubato,1.0,1,3
1139,05501,without_dynamics,1.0,1,3
1139,05501,without_articulation,1.0,1,3
1139,05501,without_pedaling,1.0,1,3
1139,05503,all,1.0,1,3
1139,05503,without_tempo,1.0,1,3
1139,05503,without_rubato,1.0,1,3
1139,05503,without_dynamics,1.0,1,3
1139,05503,without_articulation,1.0,1,3
1139,05503,without_pedaling,1.0,1,3
1139,05505,all,1.0,1,3
1139,05505,without_tempo,1.0,1,3
1139,05505,without_rubato,1.0,1,3
1139,05505,without_dynamics,1.0,1,3
1139,05505,without_articulation,0.5,0,3
1139,05505,without_pedaling,1.0,1,3
1141,05524,all,1.0,1,3
1141,05524,without_tempo,1.0,1,3
1141,05524,without_rubato,1.0,1,3
1141,05524,without_dynamics,1.0,1,3
1141,05524,without_articulation,1.0,1,3
1141,05524,without_pedaling,1.0,1,3
1141,05525,all,1.0,1,3
1141,05525,without_tempo,1.0,1,3
1141,05525,without_rubato,1.0,1,3
1141,05525,without_dynamics,1.0,1,3
1141,05525,without_articulation,1.0,1,3
1141,05525,without_pedaling,1.0,1,3
1141,05527,all,1.0,1,3
1141,05527,without_tempo,1.0,1,3
1141,05527,without_rubato,1.0,1,3
1141,05527,without_dynamics,0.5,0,3
1141,05527,without_articulation,1.0,1,3
1141,05527,without_pedaling,1.0,1,3
1142,05531,all,1.0,1,6
1142,05531,without_tempo,1.0,1,6
1142,05531,without_rubato,1.0,1,6
1142,05531,without_dynamics,1.0,1,6
1142,05531,without_articulation,1.0,1,6
1142,05531,without_pedaling,1.0,1,6
1142,05533,all,1.0,1,6
1142,05533,without_tempo,1.0,1,6
1142,05533,without_rubato,1.0,1,6
1142,05533,without_dynamics,1.0,1,6
1142,05533,without_articulation,1.0,1,6
1142,05533,without_pedaling,1.0,1,6
1142,05535,all,0.942857142857143,1,6
1142,05535,without_tempo,1.0,1,6
1142,05535,without_rubato,0.8285714285714287,1,6
1142,05535,without_dynamics,1.0,1,6
1142,05535,without_articulation,1.0,1,6
1142,05535,without_pedaling,1.0,1,6
1142,05536,all,0.942857142857143,1,6
1142,05536,without_tempo,0.942857142857143,0,6
1142,05536,without_rubato,0.942857142857143,1,6
1142,05536,without_dynamics,0.942857142857143,1,6
1142,05536,without_articulation,0.8285714285714287,1,6
1142,05536,without_pedaling,0.942857142857143,1,6
1142,05537,all,1.0,1,6
1142,05537,without_tempo,1.0,1,6
1142,05537,without_rubato,1.0,1,6
1142,05537,without_dynamics,1.0,1,6
1142,05537,without_articulation,1.0,1,6
1142,05537,without_pedaling,1.0,1,6
1143,05542,all,1.0,1,3
1143,05542,without_tempo,1.0,1,3
1143,05542,without_rubato,1.0,1,3
1143,05542,without_dynamics,1.0,1,3
1143,05542,without_articulation,1.0,1,3
1143,05542,without_pedaling,1.0,1,3
1143,05544,all,1.0,1,3
1143,05544,without_tempo,1.0,1,3
1143,05544,without_rubato,1.0,1,3
1143,05544,without_dynamics,1.0,1,3
1143,05544,without_articulation,1.0,1,3
1143,05544,without_pedaling,1.0,1,3
1143,05547,all,1.0,1,3
1143,05547,without_tempo,1.0,1,3
1143,05547,without_rubato,1.0,1,3
1143,05547,without_dynamics,1.0,1,3
1143,05547,without_articulation,1.0,1,3
1143,05547,without_pedaling,1.0,1,3
1145,05559,all,1.0,1,8
1145,05559,without_tempo,1.0,1,8
1145,05559,without_rubato,1.0,1,8
1145,05559,without_dynamics,1.0,1,8
1145,05559,without_articulation,1.0,1,8
1145,05559,without_pedaling,0.9761904761904763,1,8
1145,05560,all,0.9523809523809524,1,8
1145,05560,without_tempo,0.9761904761904763,1,8
1145,05560,without_rubato,1.0,1,8
1145,05560,without_dynamics,0.9523809523809524,1,8
1145,05560,without_articulation,0.9761904761904763,1,8
1145,05560,without_pedaling,0.9523809523809524,1,8
1145,05561,all,1.0,1,8
1145,05561,without_tempo,0.9761904761904763,1,8
1145,05561,without_rubato,0.9761904761904763,1,8
1145,05561,without_dynamics,1.0,1,8
1145,05561,without_articulation,0.9761904761904763,1,8
1145,05561,without_pedaling,1.0,1,8
1145,05562,all,0.9047619047619048,0,8
1145,05562,without_tempo,0.9285714285714287,1,8
1145,05562,without_rubato,1.0,1,8
1145,05562,without_dynamics,1.0,1,8
1145,05562,without_articulation,0.9523809523809524,1,8
1145,05562,without_pedaling,0.9761904761904763,1,8
1145,05563,all,0.9761904761904763,1,8
1145,05563,without_tempo,0.9761904761904763,1,8
1145,05563,without_rubato,1.0,1,8
1145,05563,without_dynamics,0.9761904761904763,1,8
1145,05563,without_articulation,0.9761904761904763,1,8
1145,05563,without_pedaling,1.0,1,8
1147,05583,all,1.0,1,6
1147,05583,without_tempo,1.0,1,6
1147,05583,without_rubato,1.0,1,6
1147,05583,without_dynamics,1.0,1,6
1147,05583,without_articulation,1.0,1,6
1147,05583,without_pedaling,1.0,1,6
1147,05584,all,0.942857142857143,1,6
1147,05584,without_tempo,0.942857142857143,1,6
1147,05584,without_rubato,1.0,1,6
1147,05584,without_dynamics,1.0,1,6
1147,05584,without_articulation,0.942857142857143,1,6
1147,05584,without_pedaling,0.942857142857143,1,6
1147,05587,all,1.0,1,6
1147,05587,without_tempo,1.0,1,6
1147,05587,without_rubato,1.0,1,6
1147,05587,without_dynamics,1.0,1,6
1147,05587,without_articulation,0.942857142857143,0,6
1147,05587,without_pedaling,1.0,1,6
1147,05588,all,1.0,1,6
1147,05588,without_tempo,0.942857142857143,1,6
1147,05588,without_rubato,1.0,1,6
1147,05588,without_dynamics,1.0,1,6
1147,05588,without_articulation,1.0,1,6
1147,05588,without_pedaling,0.942857142857143,1,6
1147,05589,all,1.0,1,6
1147,05589,without_tempo,0.942857142857143,1,6
1147,05589,without_rubato,1.0,1,6
1147,05589,without_dynamics,1.0,1,6
1147,05589,without_articulation,1.0,1,6
1147,05589,without_pedaling,0.942857142857143,1,6
1148,05594,all,0.9333333333333332,1,9
1148,05594,without_tempo,1.0,1,9
1148,05594,without_rubato,0.8833333333333333,1,9
1148,05594,without_dynamics,0.9,0,9
1148,05594,without_articulation,0.9500000000000001,1,9
1148,05594,without_pedaling,0.9,0,9
1148,05595,all,1.0,1,9
1148,05595,without_tempo,1.0,1,9
1148,05595,without_rubato,0.9833333333333333,1,9
1148,05595,without_dynamics,1.0,1,9
1148,05595,without_articulation,1.0,1,9
1148,05595,without_pedaling,1.0,1,9
1148,05596,all,1.0,1,9
1148,05596,without_tempo,1.0,1,9
1148,05596,without_rubato,1.0,1,9
1148,05596,without_dynamics,1.0,1,9
1148,05596,without_articulation,1.0,1,9
1148,05596,without_pedaling,1.0,1,9
1148,05599,all,1.0,1,9
1148,05599,without_tempo,1.0,1,9
1148,05599,without_rubato,1.0,1,9
1148,05599,without_dynamics,1.0,1,9
1148,05599,without_articulation,1.0,1,9
1148,05599,without_pedaling,1.0,1,9
1148,05602,all,1.0,1,9
1148,05602,without_tempo,1.0,1,9
1148,05602,without_rubato,1.0,1,9
1148,05602,without_dynamics,1.0,1,9
1148,05602,without_articulation,1.0,1,9
1148,05602,without_pedaling,1.0,1,9
1151,05650,all,0.9941176470588234,1,16
1151,05650,without_tempo,0.9941176470588234,1,16
1151,05650,without_rubato,0.9911764705882352,0,16
1151,05650,without_dynamics,0.9823529411764707,1,16
1151,05650,without_articulation,0.9970588235294118,1,16
1151,05650,without_pedaling,0.9941176470588234,1,16
1151,05652,all,0.9970588235294118,1,16
1151,05652,without_tempo,0.9911764705882352,1,16
1151,05652,without_rubato,0.9970588235294118,1,16
1151,05652,without_dynamics,1.0,1,16
1151,05652,without_articulation,1.0,1,16
1151,05652,without_pedaling,0.9970588235294118,1,16
1151,05655,all,0.9911764705882352,1,16
1151,05655,without_tempo,0.9941176470588234,1,16
1151,05655,without_rubato,0.9911764705882352,0,16
1151,05655,without_dynamics,1.0,1,16
1151,05655,without_articulation,0.9941176470588234,0,16
1151,05655,without_pedaling,0.9970588235294118,1,16
1151,05656,all,0.9852941176470588,0,16
1151,05656,without_tempo,0.788235294117647,0,16
1151,05656,without_rubato,1.0,1,16
1151,05656,without_dynamics,0.988235294117647,0,16
1151,05656,without_articulation,0.9735294117647059,0,16
1151,05656,without_pedaling,0.988235294117647,0,16
1151,05657,all,1.0,1,16
1151,05657,without_tempo,0.9970588235294118,1,16
1151,05657,without_rubato,0.9941176470588234,1,16
1151,05657,without_dynamics,1.0,1,16
1151,05657,without_articulation,0.9911764705882352,1,16
1151,05657,without_pedaling,1.0,1,16
1152,05674,all,0.9752964426877472,0,23
1152,05674,without_tempo,0.9654150197628459,0,23
1152,05674,without_rubato,0.9792490118577075,0,23
1152,05674,without_dynamics,0.9693675889328063,0,23
1152,05674,without_articulation,0.9723320158102767,0,23
1152,05674,without_pedaling,0.9871541501976285,1,23
1152,05675,all,0.9960474308300397,1,23
1152,05675,without_tempo,0.9990118577075099,1,23
1152,05675,without_rubato,0.9950592885375494,1,23
1152,05675,without_dynamics,0.9930830039525691,1,23
1152,05675,without_articulation,0.9990118577075099,1,23
1152,05675,without_pedaling,0.9990118577075099,0,23
1152,05676,all,0.991106719367589,0,23
1152,05676,without_tempo,0.9950592885375494,1,23
1152,05676,without_rubato,0.9950592885375494,1,23
1152,05676,without_dynamics,0.9762845849802372,0,23
1152,05676,without_articulation,0.9950592885375494,0,23
1152,05676,without_pedaling,0.9920948616600791,1,23
1152,05679,all,0.9871541501976285,1,23
1152,05679,without_tempo,0.9861660079051384,1,23
1152,05679,without_rubato,0.9990118577075099,1,23
1152,05679,without_dynamics,0.9871541501976285,1,23
1152,05679,without_articulation,0.991106719367589,1,23
1152,05679,without_pedaling,0.9851778656126482,1,23
1152,05681,all,0.8300395256916996,0,23
1152,05681,without_tempo,0.9960474308300397,1,23
1152,05681,without_rubato,0.8488142292490118,0,23
1152,05681,without_dynamics,0.8181818181818183,0,23
1152,05681,without_articulation,0.8389328063241107,0,23
1152,05681,without_pedaling,0.8428853754940712,0,23
1153,05708,all,0.9454545454545454,1,11
1153,05708,without_tempo,0.9636363636363637,1,11
1153,05708,without_rubato,1.0,1,11
1153,05708,without_dynamics,0.9454545454545454,1,11
1153,05708,without_articulation,0.8363636363636365,0,11
1153,05708,without_pedaling,0.9454545454545454,0,11
1153,05709,all,0.9090909090909091,1,11
1153,05709,without_tempo,0.9818181818181818,1,11
1153,05709,without_rubato,0.990909090909091,1,11
1153,05709,without_dynamics,0.9181818181818183,1,11
1153,05709,without_articulation,0.8181818181818182,0,11
1153,05709,without_pedaling,0.8909090909090911,0,11
1153,05711,all,0.9636363636363637,0,11
1153,05711,without_tempo,0.9818181818181818,1,11
1153,05711,without_rubato,0.9545454545454546,1,11
1153,05711,without_dynamics,0.990909090909091,1,11
1153,05711,without_articulation,0.9818181818181818,0,11
1153,05711,without_pedaling,0.9818181818181818,1,11
1153,05713,all,1.0,1,11
1153,05713,without_tempo,0.990909090909091,1,11
1153,05713,without_rubato,0.990909090909091,0,11
1153,05713,without_dynamics,0.990909090909091,0,11
1153,05713,without_articulation,1.0,1,11
1153,05713,without_pedaling,0.990909090909091,1,11
1153,05715,all,0.9363636363636365,1,11
1153,05715,without_tempo,0.990909090909091,1,11
1153,05715,without_rubato,0.9636363636363637,1,11
1153,05715,without_dynamics,0.9090909090909091,1,11
1153,05715,without_articulation,0.8727272727272729,1,11
1153,05715,without_pedaling,0.9545454545454546,1,11
1157,05764,all,1.0,1,3
1157,05764,without_tempo,1.0,1,3
1157,05764,without_rubato,1.0,1,3
1157,05764,without_dynamics,1.0,1,3
1157,05764,without_articulation,1.0,1,3
1157,05764,without_pedaling,1.0,1,3
1157,05765,all,1.0,1,3
1157,05765,without_tempo,1.0,1,3
1157,05765,without_rubato,1.0,1,3
1157,05765,without_dynamics,1.0,1,3
1157,05765,without_articulation,1.0,1,3
1157,05765,without_pedaling,1.0,1,3
1157,05766,all,1.0,1,3
1157,05766,without_tempo,1.0,1,3
1157,05766,without_rubato,1.0,1,3
1157,05766,without_dynamics,1.0,1,3
1157,05766,without_articulation,1.0,1,3
1157,05766,without_pedaling,1.0,1,3
1160,05779,all,0.8999999999999998,1,5
1160,05779,without_tempo,0.9999999999999999,1,5
1160,05779,without_rubato,0.9999999999999999,1,5
1160,05779,without_dynamics,0.7,1,5
1160,05779,without_articulation,0.8999999999999998,1,5
1160,05779,without_pedaling,0.9999999999999999,1,5
1160,05780,all,0.8999999999999998,1,5
1160,05780,without_tempo,0.9999999999999999,1,5
1160,05780,without_rubato,0.9999999999999999,1,5
1160,05780,without_dynamics,0.8999999999999998,1,5
1160,05780,without_articulation,0.9999999999999999,1,5
1160,05780,without_pedaling,0.9999999999999999,1,5
1160,05781,all,0.9999999999999999,1,5
1160,05781,without_tempo,0.7999999999999999,0,5
1160,05781,without_rubato,0.8999999999999998,1,5
1160,05781,without_dynamics,0.9999999999999999,1,5
1160,05781,without_articulation,0.8999999999999998,0,5
1160,05781,without_pedaling,0.9999999999999999,1,5
1160,05782,all,0.9999999999999999,1,5
1160,05782,without_tempo,0.8999999999999998,1,5
1160,05782,without_rubato,0.9999999999999999,1,5
1160,05782,without_dynamics,0.9999999999999999,1,5
1160,05782,without_articulation,0.9999999999999999,1,5
1160,05782,without_pedaling,0.8999999999999998,1,5
1160,05785,all,0.9999999999999999,1,5
1160,05785,without_tempo,0.9999999999999999,1,5
1160,05785,without_rubato,0.9999999999999999,1,5
1160,05785,without_dynamics,0.9999999999999999,1,5
1160,05785,without_articulation,0.9999999999999999,1,5
1160,05785,without_pedaling,0.8999999999999998,1,5
1161,05196,all,0.9970588235294118,1,16
1161,05196,without_tempo,0.9941176470588234,0,16
1161,05196,without_rubato,0.9941176470588234,0,16
1161,05196,without_dynamics,1.0,1,16
1161,05196,without_articulation,0.9911764705882352,0,16
1161,05196,without_pedaling,1.0,1,16
1161,05197,all,0.9970588235294118,1,16
1161,05197,without_tempo,1.0,1,16
1161,05197,without_rubato,0.9852941176470588,1,16
1161,05197,without_dynamics,0.9970588235294118,1,16
1161,05197,without_articulation,1.0,1,16
1161,05197,without_pedaling,1.0,1,16
1161,05198,all,1.0,1,16
1161,05198,without_tempo,0.9970588235294118,1,16
1161,05198,without_rubato,1.0,1,16
1161,05198,without_dynamics,0.9941176470588234,1,16
1161,05198,without_articulation,0.9970588235294118,1,16
1161,05198,without_pedaling,0.9970588235294118,1,16
1161,05199,all,0.9970588235294118,1,16
1161,05199,without_tempo,1.0,1,16
1161,05199,without_rubato,0.9941176470588234,0,16
1161,05199,without_dynamics,0.9970588235294118,1,16
1161,05199,without_articulation,1.0,1,16
1161,05199,without_pedaling,1.0,1,16
1161,05203,all,0.9941176470588234,0,16
1161,05203,without_tempo,1.0,1,16
1161,05203,without_rubato,0.9911764705882352,1,16
1161,05203,without_dynamics,0.988235294117647,1,16
1161,05203,without_articulation,0.9970588235294118,1,16
1161,05203,without_pedaling,1.0,1,16
1162,05787,all,0.9642857142857145,1,7
1162,05787,without_tempo,0.9642857142857145,1,7
1162,05787,without_rubato,0.9642857142857145,1,7
1162,05787,without_dynamics,1.0,1,7
1162,05787,without_articulation,0.8928571428571429,1,7
1162,05787,without_pedaling,1.0,1,7
1162,05788,all,0.9642857142857145,1,7
1162,05788,without_tempo,1.0,1,7
1162,05788,without_rubato,0.9642857142857145,1,7
1162,05788,without_dynamics,1.0,1,7
1162,05788,without_articulation,0.9642857142857145,1,7
1162,05788,without_pedaling,1.0,1,7
1162,05790,all,0.9642857142857145,1,7
1162,05790,without_tempo,1.0,1,7
1162,05790,without_rubato,1.0,1,7
1162,05790,without_dynamics,1.0,1,7
1162,05790,without_articulation,1.0,1,7
1162,05790,without_pedaling,0.8928571428571429,1,7
1162,05791,all,0.7500000000000002,0,7
1162,05791,without_tempo,0.5357142857142858,1,7
1162,05791,without_rubato,1.0,1,7
1162,05791,without_dynamics,0.6071428571428572,0,7
1162,05791,without_articulation,0.7500000000000002,0,7
1162,05791,without_pedaling,0.6071428571428572,0,7
1162,05792,all,1.0,1,7
1162,05792,without_tempo,0.9642857142857145,0,7
1162,05792,without_rubato,1.0,1,7
1162,05792,without_dynamics,1.0,1,7
1162,05792,without_articulation,0.9642857142857145,1,7
1162,05792,without_pedaling,1.0,1,7
1163,05798,all,0.9999999999999999,1,5
1163,05798,without_tempo,0.9999999999999999,1,5
1163,05798,without_rubato,0.9999999999999999,1,5
1163,05798,without_dynamics,0.9999999999999999,1,5
1163,05798,without_articulation,0.9999999999999999,1,5
1163,05798,without_pedaling,0.9999999999999999,1,5
1163,05799,all,0.9999999999999999,1,5
1163,05799,without_tempo,0.9999999999999999,1,5
1163,05799,without_rubato,0.9999999999999999,1,5
1163,05799,without_dynamics,0.9999999999999999,1,5
1163,05799,without_articulation,0.9999999999999999,1,5
1163,05799,without_pedaling,0.8999999999999998,1,5
1163,05800,all,0.7,1,5
1163,05800,without_tempo,0.9999999999999999,1,5
1163,05800,without_rubato,0.9999999999999999,1,5
1163,05800,without_dynamics,0.9999999999999999,1,5
1163,05800,without_articulation,0.7,1,5
1163,05800,without_pedaling,0.7,1,5
1163,05801,all,0.8999999999999998,0,5
1163,05801,without_tempo,0.9999999999999999,1,5
1163,05801,without_rubato,0.8999999999999998,1,5
1163,05801,without_dynamics,0.8999999999999998,1,5
1163,05801,without_articulation,0.6,0,5
1163,05801,without_pedaling,0.9999999999999999,1,5
1163,05802,all,0.9999999999999999,1,5
1163,05802,without_tempo,0.8999999999999998,1,5
1163,05802,without_rubato,0.9999999999999999,1,5
1163,05802,without_dynamics,0.9999999999999999,1,5
1163,05802,without_articulation,0.9999999999999999,1,5
1163,05802,without_pedaling,0.9999999999999999,1,5
1164,05807,all,1.0,1,4
1164,05807,without_tempo,0.19999999999999998,0,4
1164,05807,without_rubato,1.0,1,4
1164,05807,without_dynamics,1.0,1,4
1164,05807,without_articulation,0.7999999999999999,0,4
1164,05807,without_pedaling,1.0,1,4
1164,05808,all,1.0,1,4
1164,05808,without_tempo,0.19999999999999998,0,4
1164,05808,without_rubato,1.0,1,4
1164,05808,without_dynamics,1.0,1,4
1164,05808,without_articulation,0.7999999999999999,0,4
1164,05808,without_pedaling,1.0,1,4
1164,05809,all,1.0,1,4
1164,05809,without_tempo,0.7999999999999999,1,4
1164,05809,without_rubato,1.0,1,4
1164,05809,without_dynamics,1.0,1,4
1164,05809,without_articulation,1.0,1,4
1164,05809,without_pedaling,1.0,1,4
1164,05810,all,0.7999999999999999,0,4
1164,05810,without_tempo,1.0,1,4
1164,05810,without_rubato,1.0,1,4
1164,05810,without_dynamics,0.7999999999999999,0,4
1164,05810,without_articulation,0.7999999999999999,0,4
1164,05810,without_pedaling,1.0,1,4
1166,05847,all,0.9999999999999998,1,28
1166,05847,without_tempo,0.9994526546250683,1,28
1166,05847,without_rubato,0.9999999999999998,1,28
1166,05847,without_dynamics,0.9999999999999998,1,28
1166,05847,without_articulation,0.9999999999999998,1,28
1166,05847,without_pedaling,0.9999999999999998,1,28
1166,05848,all,0.9994526546250683,1,28
1166,05848,without_tempo,0.9999999999999998,1,28
1166,05848,without_rubato,0.9994526546250683,1,28
1166,05848,without_dynamics,0.9999999999999998,1,28
1166,05848,without_articulation,0.9999999999999998,1,28
1166,05848,without_pedaling,0.9999999999999998,1,28
1166,05851,all,0.9967159277504104,1,28
1166,05851,without_tempo,0.9950738916256158,1,28
1166,05851,without_rubato,0.9983579638752054,1,28
1166,05851,without_dynamics,0.9934318555008209,1,28
1166,05851,without_articulation,0.9934318555008209,0,28
1166,05851,without_pedaling,0.986863711001642,1,28
1166,05852,all,0.9989053092501368,1,28
1166,05852,without_tempo,0.9901477832512315,0,28
1166,05852,without_rubato,0.9972632731253421,0,28
1166,05852,without_dynamics,0.9978106185002736,1,28
1166,05852,without_articulation,0.9978106185002736,1,28
1166,05852,without_pedaling,0.9978106185002736,1,28
1166,05854,all,0.9885057471264367,1,28
1166,05854,without_tempo,0.9737274220032841,0,28
1166,05854,without_rubato,0.9956212370005473,1,28
1166,05854,without_dynamics,0.9857690202517788,1,28
1166,05854,without_articulation,0.9841269841269842,1,28
1166,05854,without_pedaling,0.9797482211275315,0,28
1167,05894,all,0.9996334310850439,1,32
1167,05894,without_tempo,0.9996334310850439,1,32
1167,05894,without_rubato,0.9996334310850439,1,32
1167,05894,without_dynamics,1.0,1,32
1167,05894,without_articulation,0.999266862170088,1,32
1167,05894,without_pedaling,1.0,1,32
1167,05895,all,1.0,1,32
1167,05895,without_tempo,0.999266862170088,1,32
1167,05895,without_rubato,0.9996334310850439,1,32
1167,05895,without_dynamics,0.9996334310850439,1,32
1167,05895,without_articulation,0.9996334310850439,1,32
1167,05895,without_pedaling,1.0,1,32
1167,05896,all,0.9978005865102637,1,32
1167,05896,without_tempo,0.9959677419354838,1,32
1167,05896,without_rubato,0.9945014662756597,1,32
1167,05896,without_dynamics,0.9934017595307918,1,32
1167,05896,without_articulation,0.9996334310850439,1,32
1167,05896,without_pedaling,0.9978005865102637,1,32
1167,05900,all,0.9787390029325512,1,32
1167,05900,without_tempo,0.9915689149560116,1,32
1167,05900,without_rubato,0.9890029325513194,1,32
1167,05900,without_dynamics,0.9981671554252198,1,32
1167,05900,without_articulation,0.9912023460410555,1,32
1167,05900,without_pedaling,0.9941348973607038,1,32
1167,05901,all,0.9787390029325512,1,32
1167,05901,without_tempo,0.9651759530791789,1,32
1167,05901,without_rubato,0.9604105571847507,0,32
1167,05901,without_dynamics,0.9970674486803517,1,32
1167,05901,without_articulation,0.9743401759530791,1,32
1167,05901,without_pedaling,0.9882697947214076,1,32
1168,05943,all,0.999014778325123,1,29
1168,05943,without_tempo,0.9999999999999998,1,29
1168,05943,without_rubato,0.9999999999999998,1,29
1168,05943,without_dynamics,0.9995073891625613,1,29
1168,05943,without_articulation,0.9999999999999998,1,29
1168,05943,without_pedaling,0.9995073891625613,1,29
1168,05944,all,0.9995073891625613,1,29
1168,05944,without_tempo,0.9999999999999998,1,29
1168,05944,without_rubato,0.9999999999999998,1,29
1168,05944,without_dynamics,0.9999999999999998,1,29
1168,05944,without_articulation,0.9999999999999998,1,29
1168,05944,without_pedaling,0.9999999999999998,1,29
1168,05945,all,0.9995073891625613,1,29
1168,05945,without_tempo,0.9999999999999998,1,29
1168,05945,without_rubato,0.999014778325123,1,29
1168,05945,without_dynamics,0.9999999999999998,1,29
1168,05945,without_articulation,0.9999999999999998,1,29
1168,05945,without_pedaling,0.999014778325123,1,29
1168,05949,all,0.989655172413793,1,29
1168,05949,without_tempo,0.9847290640394086,1,29
1168,05949,without_rubato,0.9822660098522165,0,29
1168,05949,without_dynamics,0.9827586206896549,1,29
1168,05949,without_articulation,0.9906403940886698,0,29
1168,05949,without_pedaling,0.9783251231527093,1,29
1168,05950,all,0.9162561576354679,0,29
1168,05950,without_tempo,0.9857142857142855,0,29
1168,05950,without_rubato,0.9640394088669949,0,29
1168,05950,without_dynamics,0.9192118226600984,0,29
1168,05950,without_articulation,0.9073891625615761,1,29
1168,05950,without_pedaling,0.9463054187192115,0,29
116,00396,all,1.0,1,3
116,00396,without_tempo,1.0,1,3
116,00396,without_rubato,1.0,1,3
116,00396,without_dynamics,1.0,1,3
116,00396,without_articulation,1.0,1,3
116,00396,without_pedaling,1.0,1,3
116,00397,all,1.0,1,3
116,00397,without_tempo,1.0,1,3
116,00397,without_rubato,1.0,1,3
116,00397,without_dynamics,1.0,1,3
116,00397,without_articulation,1.0,1,3
116,00397,without_pedaling,1.0,1,3
116,00398,all,1.0,1,3
116,00398,without_tempo,1.0,1,3
116,00398,without_rubato,1.0,1,3
116,00398,without_dynamics,1.0,1,3
116,00398,without_articulation,1.0,1,3
116,00398,without_pedaling,1.0,1,3
1175,06029,all,0.9991304347826085,1,24
1175,06029,without_tempo,0.9999999999999999,1,24
1175,06029,without_rubato,0.997391304347826,1,24
1175,06029,without_dynamics,0.9991304347826085,1,24
1175,06029,without_articulation,0.9999999999999999,1,24
1175,06029,without_pedaling,0.9991304347826085,1,24
1175,06030,all,0.9982608695652172,1,24
1175,06030,without_tempo,0.9982608695652172,1,24
1175,06030,without_rubato,0.9956521739130434,0,24
1175,06030,without_dynamics,0.9982608695652172,1,24
1175,06030,without_articulation,0.9999999999999999,1,24
1175,06030,without_pedaling,0.9982608695652172,1,24
1175,06031,all,0.9965217391304346,1,24
1175,06031,without_tempo,0.9991304347826085,1,24
1175,06031,without_rubato,0.988695652173913,1,24
1175,06031,without_dynamics,0.9965217391304346,1,24
1175,06031,without_articulation,0.9999999999999999,1,24
1175,06031,without_pedaling,0.9982608695652172,1,24
1175,06032,all,0.9956521739130434,1,24
1175,06032,without_tempo,0.9999999999999999,1,24
1175,06032,without_rubato,0.9956521739130434,1,24
1175,06032,without_dynamics,0.997391304347826,1,24
1175,06032,without_articulation,0.9991304347826085,1,24
1175,06032,without_pedaling,0.9965217391304346,1,24
1175,06033,all,0.9982608695652172,1,24
1175,06033,without_tempo,0.9913043478260868,1,24
1175,06033,without_rubato,0.9799999999999999,1,24
1175,06033,without_dynamics,0.9956521739130434,1,24
1175,06033,without_articulation,0.9991304347826085,1,24
1175,06033,without_pedaling,0.994782608695652,1,24
1176,06061,all,1.0,1,18
1176,06061,without_tempo,1.0,1,18
1176,06061,without_rubato,1.0,1,18
1176,06061,without_dynamics,1.0,1,18
1176,06061,without_articulation,1.0,1,18
1176,06061,without_pedaling,1.0,1,18
1176,06062,all,0.9938080495356036,1,18
1176,06062,without_tempo,0.9917440660474718,1,18
1176,06062,without_rubato,0.9979360165118679,1,18
1176,06062,without_dynamics,0.9958720330237358,1,18
1176,06062,without_articulation,0.981424148606811,1,18
1176,06062,without_pedaling,0.9917440660474718,1,18
1176,06063,all,1.0,1,18
1176,06063,without_tempo,0.981424148606811,1,18
1176,06063,without_rubato,0.9938080495356036,1,18
1176,06063,without_dynamics,0.9958720330237358,1,18
1176,06063,without_articulation,1.0,1,18
1176,06063,without_pedaling,0.9896800825593396,1,18
1176,06064,all,0.9896800825593396,0,18
1176,06064,without_tempo,0.9938080495356036,1,18
1176,06064,without_rubato,0.9855521155830752,1,18
1176,06064,without_dynamics,0.9917440660474718,1,18
1176,06064,without_articulation,0.977296181630547,1,18
1176,06064,without_pedaling,0.9958720330237358,0,18
1176,06067,all,0.9834881320949431,1,18
1176,06067,without_tempo,0.9690402476780186,1,18
1176,06067,without_rubato,0.9504643962848297,1,18
1176,06067,without_dynamics,0.9834881320949431,1,18
1176,06067,without_articulation,0.977296181630547,1,18
1176,06067,without_pedaling,0.9855521155830752,1,18
1177,06093,all,0.9974025974025975,1,21
1177,06093,without_tempo,0.9974025974025975,1,21
1177,06093,without_rubato,0.9987012987012988,1,21
1177,06093,without_dynamics,0.9987012987012988,1,21
1177,06093,without_articulation,0.9987012987012988,1,21
1177,06093,without_pedaling,0.9974025974025975,1,21
1177,06099,all,0.857142857142857,0,21
1177,06099,without_tempo,0.8662337662337661,1,21
1177,06099,without_rubato,0.9662337662337662,1,21
1177,06099,without_dynamics,0.8636363636363636,0,21
1177,06099,without_articulation,0.8545454545454545,0,21
1177,06099,without_pedaling,0.8402597402597403,0,21
1177,06100,all,0.996103896103896,1,21
1177,06100,without_tempo,1.0,1,21
1177,06100,without_rubato,1.0,1,21
1177,06100,without_dynamics,1.0,1,21
1177,06100,without_articulation,1.0,1,21
1177,06100,without_pedaling,0.9974025974025975,1,21
1177,06101,all,0.996103896103896,1,21
1177,06101,without_tempo,0.9974025974025975,0,21
1177,06101,without_rubato,0.9909090909090909,1,21
1177,06101,without_dynamics,0.996103896103896,0,21
1177,06101,without_articulation,0.9974025974025975,1,21
1177,06101,without_pedaling,0.9948051948051948,1,21
1177,06102,all,0.9896103896103896,1,21
1177,06102,without_tempo,0.9870129870129869,1,21
1177,06102,without_rubato,0.9792207792207792,1,21
1177,06102,without_dynamics,0.9870129870129869,1,21
1177,06102,without_articulation,0.9974025974025975,1,21
1177,06102,without_pedaling,0.9922077922077923,1,21
1178,06138,all,1.0,1,20
1178,06138,without_tempo,1.0,1,20
1178,06138,without_rubato,1.0,1,20
1178,06138,without_dynamics,1.0,1,20
1178,06138,without_articulation,1.0,1,20
1178,06138,without_pedaling,1.0,1,20
1178,06142,all,0.9383458646616539,1,20
1178,06142,without_tempo,0.9067669172932331,1,20
1178,06142,without_rubato,0.9924812030075187,1,20
1178,06142,without_dynamics,0.9157894736842105,1,20
1178,06142,without_articulation,0.8977443609022555,1,20
1178,06142,without_pedaling,0.9203007518796992,0,20
1178,06143,all,0.9022556390977443,1,20
1178,06143,without_tempo,0.7969924812030074,0,20
1178,06143,without_rubato,0.9714285714285714,1,20
1178,06143,without_dynamics,0.8421052631578947,0,20
1178,06143,without_articulation,0.9218045112781955,0,20
1178,06143,without_pedaling,0.9172932330827066,1,20
1178,06144,all,0.9864661654135337,1,20
1178,06144,without_tempo,0.9699248120300751,0,20
1178,06144,without_rubato,0.9984962406015038,1,20
1178,06144,without_dynamics,0.9909774436090225,1,20
1178,06144,without_articulation,0.9909774436090225,1,20
1178,06144,without_pedaling,0.993984962406015,1,20
1178,06145,all,0.9954887218045112,1,20
1178,06145,without_tempo,0.9894736842105262,0,20
1178,06145,without_rubato,0.9954887218045112,1,20
1178,06145,without_dynamics,0.9954887218045112,1,20
1178,06145,without_articulation,0.9969924812030074,1,20
1178,06145,without_pedaling,0.9969924812030074,1,20
1179,06172,all,1.0,1,21
1179,06172,without_tempo,1.0,1,21
1179,06172,without_rubato,1.0,1,21
1179,06172,without_dynamics,1.0,1,21
1179,06172,without_articulation,1.0,1,21
1179,06172,without_pedaling,1.0,1,21
1179,06178,all,0.9974025974025975,1,21
1179,06178,without_tempo,0.9974025974025975,1,21
1179,06178,without_rubato,0.9948051948051948,1,21
1179,06178,without_dynamics,0.9987012987012988,1,21
1179,06178,without_articulation,1.0,1,21
1179,06178,without_pedaling,0.996103896103896,1,21
1179,06179,all,0.996103896103896,1,21
1179,06179,without_tempo,0.996103896103896,1,21
1179,06179,without_rubato,0.9948051948051948,1,21
1179,06179,without_dynamics,0.9987012987012988,1,21
1179,06179,without_articulation,1.0,1,21
1179,06179,without_pedaling,0.9948051948051948,1,21
1179,06180,all,1.0,1,21
1179,06180,without_tempo,0.9948051948051948,1,21
1179,06180,without_rubato,0.9974025974025975,1,21
1179,06180,without_dynamics,0.9987012987012988,1,21
1179,06180,without_articulation,1.0,1,21
1179,06180,without_pedaling,1.0,1,21
1179,06182,all,0.996103896103896,1,21
1179,06182,without_tempo,0.9922077922077923,1,21
1179,06182,without_rubato,0.9636363636363635,1,21
1179,06182,without_dynamics,0.996103896103896,1,21
1179,06182,without_articulation,0.9987012987012988,1,21
1179,06182,without_pedaling,1.0,1,21
117,00401,all,1.0,1,7
117,00401,without_tempo,1.0,1,7
117,00401,without_rubato,1.0,1,7
117,00401,without_dynamics,1.0,1,7
117,00401,without_articulation,1.0,1,7
117,00401,without_pedaling,1.0,1,7
117,00404,all,1.0,1,7
117,00404,without_tempo,1.0,1,7
117,00404,without_rubato,1.0,1,7
117,00404,without_dynamics,1.0,1,7
117,00404,without_articulation,1.0,1,7
117,00404,without_pedaling,1.0,1,7
117,00405,all,0.9642857142857145,1,7
117,00405,without_tempo,0.7857142857142859,1,7
117,00405,without_rubato,0.5357142857142858,1,7
117,00405,without_dynamics,0.9642857142857145,0,7
117,00405,without_articulation,0.8571428571428573,0,7
117,00405,without_pedaling,0.9642857142857145,1,7
117,00406,all,0.8928571428571429,0,7
117,00406,without_tempo,0.6785714285714287,1,7
117,00406,without_rubato,1.0,1,7
117,00406,without_dynamics,1.0,1,7
117,00406,without_articulation,0.9642857142857145,1,7
117,00406,without_pedaling,0.9642857142857145,1,7
117,00407,all,0.9642857142857145,1,7
117,00407,without_tempo,1.0,1,7
117,00407,without_rubato,0.9642857142857145,1,7
117,00407,without_dynamics,1.0,1,7
117,00407,without_articulation,0.9642857142857145,0,7
117,00407,without_pedaling,0.9642857142857145,1,7
1180,06214,all,0.9999999999999999,1,27
1180,06214,without_tempo,0.9993894993894993,1,27
1180,06214,without_rubato,0.9999999999999999,1,27
1180,06214,without_dynamics,0.9999999999999999,1,27
1180,06214,without_articulation,0.9999999999999999,1,27
1180,06214,without_pedaling,0.9993894993894993,1,27
1180,06220,all,0.9871794871794871,1,27
1180,06220,without_tempo,0.9957264957264956,1,27
1180,06220,without_rubato,0.9932844932844932,1,27
1180,06220,without_dynamics,0.985958485958486,1,27
1180,06220,without_articulation,0.9853479853479853,1,27
1180,06220,without_pedaling,0.9914529914529915,1,27
1180,06221,all,0.9908424908424908,1,27
1180,06221,without_tempo,0.995115995115995,1,27
1180,06221,without_rubato,0.9798534798534798,1,27
1180,06221,without_dynamics,0.9914529914529915,1,27
1180,06221,without_articulation,0.9938949938949939,1,27
1180,06221,without_pedaling,0.985958485958486,1,27
1180,06222,all,0.9987789987789988,1,27
1180,06222,without_tempo,0.9987789987789988,1,27
1180,06222,without_rubato,0.9987789987789988,1,27
1180,06222,without_dynamics,0.9987789987789988,0,27
1180,06222,without_articulation,0.9981684981684981,1,27
1180,06222,without_pedaling,0.9987789987789988,1,27
1180,06223,all,0.992063492063492,1,27
1180,06223,without_tempo,0.9768009768009768,1,27
1180,06223,without_rubato,0.9938949938949939,1,27
1180,06223,without_dynamics,0.9945054945054945,1,27
1180,06223,without_articulation,0.9871794871794871,1,27
1180,06223,without_pedaling,0.9957264957264956,0,27
1182,06276,all,0.9642857142857145,1,7
1182,06276,without_tempo,1.0,1,7
1182,06276,without_rubato,1.0,1,7
1182,06276,without_dynamics,0.9642857142857145,1,7
1182,06276,without_articulation,1.0,1,7
1182,06276,without_pedaling,1.0,1,7
1182,06277,all,0.9642857142857145,1,7
1182,06277,without_tempo,0.8928571428571429,0,7
1182,06277,without_rubato,1.0,1,7
1182,06277,without_dynamics,0.9642857142857145,1,7
1182,06277,without_articulation,1.0,1,7
1182,06277,without_pedaling,0.9642857142857145,1,7
1182,06278,all,0.9642857142857145,1,7
1182,06278,without_tempo,0.9642857142857145,1,7
1182,06278,without_rubato,1.0,1,7
1182,06278,without_dynamics,1.0,1,7
1182,06278,without_articulation,0.9285714285714288,1,7
1182,06278,without_pedaling,0.9642857142857145,1,7
1182,06284,all,1.0,1,7
1182,06284,without_tempo,0.6785714285714287,0,7
1182,06284,without_rubato,1.0,1,7
1182,06284,without_dynamics,1.0,1,7
1182,06284,without_articulation,1.0,1,7
1182,06284,without_pedaling,1.0,1,7
1182,06285,all,1.0,1,7
1182,06285,without_tempo,1.0,1,7
1182,06285,without_rubato,1.0,1,7
1182,06285,without_dynamics,1.0,1,7
1182,06285,without_articulation,1.0,1,7
1182,06285,without_pedaling,1.0,1,7
1183,06310,all,1.0,1,3
1183,06310,without_tempo,1.0,1,3
1183,06310,without_rubato,1.0,1,3
1183,06310,without_dynamics,1.0,1,3
1183,06310,without_articulation,1.0,1,3
1183,06310,without_pedaling,1.0,1,3
1183,06313,all,1.0,1,3
1183,06313,without_tempo,1.0,1,3
1183,06313,without_rubato,1.0,1,3
1183,06313,without_dynamics,1.0,1,3
1183,06313,without_articulation,1.0,1,3
1183,06313,without_pedaling,1.0,1,3
1183,06315,all,1.0,1,3
1183,06315,without_tempo,1.0,1,3
1183,06315,without_rubato,1.0,1,3
1183,06315,without_dynamics,1.0,1,3
1183,06315,without_articulation,1.0,1,3
1183,06315,without_pedaling,1.0,1,3
1186,06354,all,0.9958720330237358,1,18
1186,06354,without_tempo,0.9979360165118679,1,18
1186,06354,without_rubato,0.9958720330237358,1,18
1186,06354,without_dynamics,0.9834881320949431,1,18
1186,06354,without_articulation,0.9979360165118679,1,18
1186,06354,without_pedaling,0.9958720330237358,1,18
1186,06364,all,0.9958720330237358,1,18
1186,06364,without_tempo,0.9256965944272446,0,18
1186,06364,without_rubato,0.9917440660474718,1,18
1186,06364,without_dynamics,0.9979360165118679,1,18
1186,06364,without_articulation,0.9958720330237358,1,18
1186,06364,without_pedaling,0.9979360165118679,1,18
1186,06374,all,0.9566563467492261,0,18
1186,06374,without_tempo,0.9442724458204333,0,18
1186,06374,without_rubato,0.977296181630547,0,18
1186,06374,without_dynamics,0.9938080495356036,0,18
1186,06374,without_articulation,0.9566563467492261,0,18
1186,06374,without_pedaling,0.981424148606811,0,18
1186,06377,all,1.0,1,18
1186,06377,without_tempo,0.9834881320949431,1,18
1186,06377,without_rubato,1.0,1,18
1186,06377,without_dynamics,0.9979360165118679,1,18
1186,06377,without_articulation,1.0,1,18
1186,06377,without_pedaling,1.0,1,18
1186,06379,all,0.9979360165118679,1,18
1186,06379,without_tempo,0.9917440660474718,1,18
1186,06379,without_rubato,0.9958720330237358,1,18
1186,06379,without_dynamics,0.9979360165118679,1,18
1186,06379,without_articulation,1.0,1,18
1186,06379,without_pedaling,0.9979360165118679,1,18
1187,06398,all,1.0,1,22
1187,06398,without_tempo,1.0,1,22
1187,06398,without_rubato,1.0,1,22
1187,06398,without_dynamics,1.0,1,22
1187,06398,without_articulation,1.0,1,22
1187,06398,without_pedaling,1.0,1,22
1187,06402,all,1.0,1,22
1187,06402,without_tempo,1.0,1,22
1187,06402,without_rubato,1.0,1,22
1187,06402,without_dynamics,1.0,1,22
1187,06402,without_articulation,1.0,1,22
1187,06402,without_pedaling,1.0,1,22
1187,06404,all,0.9345002823263695,0,22
1187,06404,without_tempo,0.909655561829475,0,22
1187,06404,without_rubato,0.9706380575945794,1,22
1187,06404,without_dynamics,0.9153020892151329,1,22
1187,06404,without_articulation,0.9209486166007905,0,22
1187,06404,without_pedaling,0.9265951439864484,1,22
1187,06405,all,0.9887069452286844,1,22
1187,06405,without_tempo,0.9954827780914738,1,22
1187,06405,without_rubato,0.9977413890457371,1,22
1187,06405,without_dynamics,0.9909655561829477,1,22
1187,06405,without_articulation,0.9909655561829477,0,22
1187,06405,without_pedaling,0.9932241671372107,1,22
1187,06408,all,0.9932241671372107,1,22
1187,06408,without_tempo,0.9740259740259741,1,22
1187,06408,without_rubato,0.9988706945228685,1,22
1187,06408,without_dynamics,0.989836250705816,1,22
1187,06408,without_articulation,0.9875776397515529,1,22
1187,06408,without_pedaling,0.9920948616600791,1,22
1188,06431,all,1.0,1,18
1188,06431,without_tempo,1.0,1,18
1188,06431,without_rubato,1.0,1,18
1188,06431,without_dynamics,0.9979360165118679,1,18
1188,06431,without_articulation,0.9979360165118679,1,18
1188,06431,without_pedaling,0.9979360165118679,1,18
1188,06433,all,1.0,1,18
1188,06433,without_tempo,1.0,1,18
1188,06433,without_rubato,1.0,1,18
1188,06433,without_dynamics,0.9979360165118679,1,18
1188,06433,without_articulation,0.9979360165118679,1,18
1188,06433,without_pedaling,0.9979360165118679,1,18
1188,06435,all,0.7812177502579979,1,18
1188,06435,without_tempo,0.894736842105263,1,18
1188,06435,without_rubato,0.9896800825593396,0,18
1188,06435,without_dynamics,0.8679050567595459,0,18
1188,06435,without_articulation,0.8575851393188855,0,18
1188,06435,without_pedaling,0.8224974200206397,0,18
1188,06436,all,0.9855521155830752,1,18
1188,06436,without_tempo,0.9958720330237358,1,18
1188,06436,without_rubato,0.9958720330237358,1,18
1188,06436,without_dynamics,0.9979360165118679,1,18
1188,06436,without_articulation,0.9979360165118679,1,18
1188,06436,without_pedaling,0.9938080495356036,1,18
1188,06437,all,0.9958720330237358,1,18
1188,06437,without_tempo,0.9834881320949431,1,18
1188,06437,without_rubato,0.9112487100103198,1,18
1188,06437,without_dynamics,0.9855521155830752,1,18
1188,06437,without_articulation,0.9979360165118679,0,18
1188,06437,without_pedaling,0.9752321981424149,1,18
1189,06458,all,0.9988706945228685,1,22
1189,06458,without_tempo,0.9988706945228685,1,22
1189,06458,without_rubato,0.9977413890457371,1,22
1189,06458,without_dynamics,0.9988706945228685,1,22
1189,06458,without_articulation,1.0,1,22
1189,06458,without_pedaling,0.9988706945228685,1,22
1189,06459,all,0.9988706945228685,1,22
1189,06459,without_tempo,1.0,1,22
1189,06459,without_rubato,0.9988706945228685,1,22
1189,06459,without_dynamics,1.0,1,22
1189,06459,without_articulation,1.0,1,22
1189,06459,without_pedaling,0.9988706945228685,1,22
1189,06460,all,0.9943534726143423,1,22
1189,06460,without_tempo,0.989836250705816,1,22
1189,06460,without_rubato,0.9841897233201583,1,22
1189,06460,without_dynamics,0.9819311123658953,0,22
1189,06460,without_articulation,0.9954827780914738,1,22
1189,06460,without_pedaling,0.9943534726143423,1,22
1189,06461,all,0.9988706945228685,1,22
1189,06461,without_tempo,0.9966120835686054,1,22
1189,06461,without_rubato,0.9864483342744214,1,22
1189,06461,without_dynamics,0.9943534726143423,1,22
1189,06461,without_articulation,0.9966120835686054,1,22
1189,06461,without_pedaling,0.9920948616600791,1,22
1189,06462,all,0.9988706945228685,1,22
1189,06462,without_tempo,0.9966120835686054,1,22
1189,06462,without_rubato,0.9932241671372107,1,22
1189,06462,without_dynamics,1.0,1,22
1189,06462,without_articulation,0.9988706945228685,1,22
1189,06462,without_pedaling,1.0,1,22
118,00410,all,1.0,1,7
118,00410,without_tempo,1.0,1,7
118,00410,without_rubato,1.0,1,7
118,00410,without_dynamics,1.0,1,7
118,00410,without_articulation,1.0,1,7
118,00410,without_pedaling,1.0,1,7
118,00411,all,0.9642857142857145,1,7
118,00411,without_tempo,1.0,1,7
118,00411,without_rubato,1.0,1,7
118,00411,without_dynamics,0.9285714285714288,0,7
118,00411,without_articulation,1.0,1,7
118,00411,without_pedaling,0.9642857142857145,1,7
118,00412,all,0.9642857142857145,0,7
118,00412,without_tempo,-0.10714285714285716,0,7
118,00412,without_rubato,1.0,1,7
118,00412,without_dynamics,1.0,1,7
118,00412,without_articulation,0.9285714285714288,0,7
118,00412,without_pedaling,0.9642857142857145,0,7
118,00413,all,1.0,1,7
118,00413,without_tempo,0.3214285714285715,0,7
118,00413,without_rubato,1.0,1,7
118,00413,without_dynamics,1.0,1,7
118,00413,without_articulation,0.9642857142857145,1,7
118,00413,without_pedaling,1.0,1,7
118,00414,all,1.0,1,7
118,00414,without_tempo,0.9642857142857145,1,7
118,00414,without_rubato,1.0,1,7
118,00414,without_dynamics,1.0,1,7
118,00414,without_articulation,0.9642857142857145,0,7
118,00414,without_pedaling,1.0,1,7
1190,06491,all,0.9999999999999999,1,24
1190,06491,without_tempo,0.9939130434782607,1,24
1190,06491,without_rubato,0.9982608695652172,1,24
1190,06491,without_dynamics,0.9999999999999999,1,24
1190,06491,without_articulation,0.9991304347826085,1,24
1190,06491,without_pedaling,0.9999999999999999,1,24
1190,06493,all,0.9217391304347825,1,24
1190,06493,without_tempo,0.9808695652173912,1,24
1190,06493,without_rubato,0.9956521739130434,1,24
1190,06493,without_dynamics,0.937391304347826,1,24
1190,06493,without_articulation,0.9756521739130434,1,24
1190,06493,without_pedaling,0.9104347826086956,1,24
1190,06494,all,0.9643478260869565,0,24
1190,06494,without_tempo,0.9591304347826086,1,24
1190,06494,without_rubato,0.9913043478260868,1,24
1190,06494,without_dynamics,0.8973913043478261,1,24
1190,06494,without_articulation,0.9443478260869566,0,24
1190,06494,without_pedaling,0.9399999999999998,0,24
1190,06495,all,0.9965217391304346,1,24
1190,06495,without_tempo,0.997391304347826,1,24
1190,06495,without_rubato,0.997391304347826,1,24
1190,06495,without_dynamics,0.9895652173913043,1,24
1190,06495,without_articulation,0.9921739130434782,1,24
1190,06495,without_pedaling,0.9939130434782607,0,24
1190,06499,all,0.9913043478260868,1,24
1190,06499,without_tempo,0.9913043478260868,1,24
1190,06499,without_rubato,0.9634782608695651,0,24
1190,06499,without_dynamics,0.988695652173913,0,24
1190,06499,without_articulation,0.9965217391304346,1,24
1190,06499,without_pedaling,0.9930434782608695,1,24
1194,06565,all,1.0,1,21
1194,06565,without_tempo,0.996103896103896,1,21
1194,06565,without_rubato,0.9987012987012988,1,21
1194,06565,without_dynamics,0.9987012987012988,1,21
1194,06565,without_articulation,0.9987012987012988,1,21
1194,06565,without_pedaling,0.9987012987012988,1,21
1194,06589,all,1.0,1,21
1194,06589,without_tempo,0.9987012987012988,1,21
1194,06589,without_rubato,0.9974025974025975,1,21
1194,06589,without_dynamics,0.9987012987012988,1,21
1194,06589,without_articulation,1.0,1,21
1194,06589,without_pedaling,1.0,1,21
1194,06590,all,0.9883116883116884,0,21
1194,06590,without_tempo,0.9857142857142858,1,21
1194,06590,without_rubato,0.9987012987012988,1,21
1194,06590,without_dynamics,0.9857142857142858,0,21
1194,06590,without_articulation,0.9922077922077923,1,21
1194,06590,without_pedaling,0.9987012987012988,0,21
1194,06591,all,0.996103896103896,1,21
1194,06591,without_tempo,0.9870129870129869,1,21
1194,06591,without_rubato,0.9935064935064933,1,21
1194,06591,without_dynamics,0.996103896103896,1,21
1194,06591,without_articulation,0.9987012987012988,1,21
1194,06591,without_pedaling,0.9935064935064933,1,21
1194,06592,all,0.9831168831168832,1,21
1194,06592,without_tempo,0.9948051948051948,1,21
1194,06592,without_rubato,0.996103896103896,1,21
1194,06592,without_dynamics,0.9948051948051948,1,21
1194,06592,without_articulation,0.996103896103896,1,21
1194,06592,without_pedaling,0.9935064935064933,1,21
1196,06648,all,1.0,1,9
1196,06648,without_tempo,1.0,1,9
1196,06648,without_rubato,0.9833333333333333,1,9
1196,06648,without_dynamics,1.0,1,9
1196,06648,without_articulation,1.0,1,9
1196,06648,without_pedaling,1.0,1,9
1196,06649,all,1.0,1,9
1196,06649,without_tempo,0.9833333333333333,1,9
1196,06649,without_rubato,0.9833333333333333,1,9
1196,06649,without_dynamics,0.9833333333333333,1,9
1196,06649,without_articulation,1.0,1,9
1196,06649,without_pedaling,0.9666666666666667,0,9
1196,06650,all,0.9500000000000001,0,9
1196,06650,without_tempo,0.9833333333333333,1,9
1196,06650,without_rubato,1.0,1,9
1196,06650,without_dynamics,1.0,1,9
1196,06650,without_articulation,1.0,1,9
1196,06650,without_pedaling,0.9833333333333333,0,9
1196,06653,all,1.0,1,9
1196,06653,without_tempo,0.9500000000000001,1,9
1196,06653,without_rubato,1.0,1,9
1196,06653,without_dynamics,0.9833333333333333,1,9
1196,06653,without_articulation,1.0,1,9
1196,06653,without_pedaling,1.0,1,9
1196,06654,all,1.0,1,9
1196,06654,without_tempo,1.0,1,9
1196,06654,without_rubato,1.0,1,9
1196,06654,without_dynamics,1.0,1,9
1196,06654,without_articulation,1.0,1,9
1196,06654,without_pedaling,1.0,1,9
1198,06672,all,0.9999999999999999,1,10
1198,06672,without_tempo,0.9999999999999999,1,10
1198,06672,without_rubato,0.9999999999999999,1,10
1198,06672,without_dynamics,0.9999999999999999,1,10
1198,06672,without_articulation,0.9999999999999999,1,10
1198,06672,without_pedaling,0.9999999999999999,1,10
1198,06673,all,0.9999999999999999,1,10
1198,06673,without_tempo,0.9999999999999999,1,10
1198,06673,without_rubato,0.9999999999999999,1,10
1198,06673,without_dynamics,0.9999999999999999,1,10
1198,06673,without_articulation,0.9999999999999999,1,10
1198,06673,without_pedaling,0.9999999999999999,1,10
1198,06674,all,0.9999999999999999,1,10
1198,06674,without_tempo,0.9878787878787878,1,10
1198,06674,without_rubato,0.9878787878787878,0,10
1198,06674,without_dynamics,0.9999999999999999,1,10
1198,06674,without_articulation,0.9999999999999999,1,10
1198,06674,without_pedaling,0.9999999999999999,1,10
1198,06675,all,0.9878787878787878,1,10
1198,06675,without_tempo,0.9999999999999999,1,10
1198,06675,without_rubato,0.9878787878787878,0,10
1198,06675,without_dynamics,0.9999999999999999,1,10
1198,06675,without_articulation,0.9999999999999999,1,10
1198,06675,without_pedaling,0.9999999999999999,1,10
1198,06676,all,0.9999999999999999,1,10
1198,06676,without_tempo,0.9878787878787878,1,10
1198,06676,without_rubato,0.9999999999999999,1,10
1198,06676,without_dynamics,0.9999999999999999,1,10
1198,06676,without_articulation,0.9999999999999999,1,10
1198,06676,without_pedaling,0.9999999999999999,1,10
119,00417,all,1.0,1,4
119,00417,without_tempo,1.0,1,4
119,00417,without_rubato,1.0,1,4
119,00417,without_dynamics,1.0,1,4
119,00417,without_articulation,1.0,1,4
119,00417,without_pedaling,1.0,1,4
119,00418,all,0.7999999999999999,0,4
119,00418,without_tempo,0.7999999999999999,1,4
119,00418,without_rubato,-0.39999999999999997,0,4
119,00418,without_dynamics,1.0,1,4
119,00418,without_articulation,1.0,1,4
119,00418,without_pedaling,1.0,1,4
119,00419,all,1.0,1,4
119,00419,without_tempo,1.0,1,4
119,00419,without_rubato,1.0,1,4
119,00419,without_dynamics,1.0,1,4
119,00419,without_articulation,1.0,1,4
119,00419,without_pedaling,1.0,1,4
119,00420,all,1.0,1,4
119,00420,without_tempo,1.0,1,4
119,00420,without_rubato,1.0,1,4
119,00420,without_dynamics,0.7999999999999999,1,4
119,00420,without_articulation,1.0,1,4
119,00420,without_pedaling,1.0,1,4
1200,06694,all,0.990909090909091,1,11
1200,06694,without_tempo,0.9818181818181818,1,11
1200,06694,without_rubato,0.9727272727272729,0,11
1200,06694,without_dynamics,0.990909090909091,1,11
1200,06694,without_articulation,1.0,1,11
1200,06694,without_pedaling,1.0,1,11
1200,06696,all,0.9636363636363637,1,11
1200,06696,without_tempo,0.9272727272727275,1,11
1200,06696,without_rubato,1.0,1,11
1200,06696,without_dynamics,0.990909090909091,1,11
1200,06696,without_articulation,0.990909090909091,1,11
1200,06696,without_pedaling,0.9363636363636365,1,11
1200,06697,all,1.0,1,11
1200,06697,without_tempo,0.9636363636363637,1,11
1200,06697,without_rubato,1.0,1,11
1200,06697,without_dynamics,1.0,1,11
1200,06697,without_articulation,1.0,1,11
1200,06697,without_pedaling,1.0,1,11
1200,06698,all,0.9545454545454546,1,11
1200,06698,without_tempo,0.9,1,11
1200,06698,without_rubato,0.9363636363636365,1,11
1200,06698,without_dynamics,0.9545454545454546,0,11
1200,06698,without_articulation,0.9727272727272729,1,11
1200,06698,without_pedaling,0.9545454545454546,1,11
1200,06699,all,1.0,1,11
1200,06699,without_tempo,0.8727272727272729,1,11
1200,06699,without_rubato,0.990909090909091,1,11
1200,06699,without_dynamics,1.0,1,11
1200,06699,without_articulation,1.0,1,11
1200,06699,without_pedaling,0.990909090909091,1,11
1202,06741,all,1.0,1,3
1202,06741,without_tempo,1.0,1,3
1202,06741,without_rubato,1.0,1,3
1202,06741,without_dynamics,1.0,1,3
1202,06741,without_articulation,1.0,1,3
1202,06741,without_pedaling,1.0,1,3
1202,06742,all,1.0,1,3
1202,06742,without_tempo,1.0,1,3
1202,06742,without_rubato,1.0,1,3
1202,06742,without_dynamics,1.0,1,3
1202,06742,without_articulation,1.0,1,3
1202,06742,without_pedaling,1.0,1,3
1202,06748,all,1.0,1,3
1202,06748,without_tempo,1.0,1,3
1202,06748,without_rubato,1.0,1,3
1202,06748,without_dynamics,1.0,1,3
1202,06748,without_articulation,1.0,1,3
1202,06748,without_pedaling,1.0,1,3
1203,06752,all,0.9999999999999999,1,10
1203,06752,without_tempo,0.9878787878787878,1,10
1203,06752,without_rubato,0.9878787878787878,1,10
1203,06752,without_dynamics,0.9999999999999999,1,10
1203,06752,without_articulation,0.9999999999999999,1,10
1203,06752,without_pedaling,0.9878787878787878,1,10
1203,06753,all,0.9999999999999999,1,10
1203,06753,without_tempo,0.9999999999999999,1,10
1203,06753,without_rubato,0.9999999999999999,1,10
1203,06753,without_dynamics,0.9999999999999999,1,10
1203,06753,without_articulation,0.9999999999999999,1,10
1203,06753,without_pedaling,0.9999999999999999,1,10
1203,06755,all,0.9999999999999999,1,10
1203,06755,without_tempo,0.9999999999999999,1,10
1203,06755,without_rubato,0.9999999999999999,1,10
1203,06755,without_dynamics,0.9999999999999999,1,10
1203,06755,without_articulation,0.9999999999999999,1,10
1203,06755,without_pedaling,0.9999999999999999,1,10
1203,06756,all,0.9999999999999999,1,10
1203,06756,without_tempo,0.9999999999999999,1,10
1203,06756,without_rubato,0.9999999999999999,1,10
1203,06756,without_dynamics,0.9999999999999999,1,10
1203,06756,without_articulation,0.9999999999999999,1,10
1203,06756,without_pedaling,0.9999999999999999,1,10
1203,06757,all,0.9999999999999999,1,10
1203,06757,without_tempo,0.9999999999999999,1,10
1203,06757,without_rubato,0.9999999999999999,1,10
1203,06757,without_dynamics,0.9999999999999999,1,10
1203,06757,without_articulation,0.9999999999999999,1,10
1203,06757,without_pedaling,0.9999999999999999,1,10
1207,06808,all,0.9852941176470588,1,16
1207,06808,without_tempo,0.9852941176470588,1,16
1207,06808,without_rubato,0.9911764705882352,0,16
1207,06808,without_dynamics,0.988235294117647,1,16
1207,06808,without_articulation,0.9911764705882352,1,16
1207,06808,without_pedaling,0.9852941176470588,0,16
1207,06811,all,0.9794117647058824,0,16
1207,06811,without_tempo,0.988235294117647,1,16
1207,06811,without_rubato,0.9852941176470588,1,16
1207,06811,without_dynamics,0.9558823529411766,1,16
1207,06811,without_articulation,0.976470588235294,1,16
1207,06811,without_pedaling,0.9794117647058824,1,16
1207,06817,all,0.9352941176470588,0,16
1207,06817,without_tempo,0.8764705882352942,0,16
1207,06817,without_rubato,0.9558823529411766,1,16
1207,06817,without_dynamics,0.9294117647058824,1,16
1207,06817,without_articulation,0.888235294117647,1,16
1207,06817,without_pedaling,0.8852941176470588,0,16
1207,06818,all,0.961764705882353,0,16
1207,06818,without_tempo,0.9441176470588234,0,16
1207,06818,without_rubato,0.9911764705882352,1,16
1207,06818,without_dynamics,0.961764705882353,1,16
1207,06818,without_articulation,0.95,1,16
1207,06818,without_pedaling,0.9264705882352942,0,16
1207,06819,all,0.9911764705882352,1,16
1207,06819,without_tempo,0.9823529411764707,0,16
1207,06819,without_rubato,0.988235294117647,0,16
1207,06819,without_dynamics,0.9852941176470588,1,16
1207,06819,without_articulation,0.9823529411764707,1,16
1207,06819,without_pedaling,0.9705882352941176,1,16
1208,06851,all,0.9999999999999999,1,27
1208,06851,without_tempo,0.9999999999999999,1,27
1208,06851,without_rubato,0.9981684981684981,1,27
1208,06851,without_dynamics,0.9993894993894993,1,27
1208,06851,without_articulation,0.9999999999999999,1,27
1208,06851,without_pedaling,0.9999999999999999,1,27
1208,06855,all,0.9993894993894993,1,27
1208,06855,without_tempo,0.9993894993894993,1,27
1208,06855,without_rubato,0.9993894993894993,1,27
1208,06855,without_dynamics,0.9981684981684981,1,27
1208,06855,without_articulation,0.9999999999999999,1,27
1208,06855,without_pedaling,0.9981684981684981,1,27
1208,06856,all,0.9896214896214895,1,27
1208,06856,without_tempo,0.9804639804639804,1,27
1208,06856,without_rubato,0.9914529914529915,1,27
1208,06856,without_dynamics,0.9835164835164836,1,27
1208,06856,without_articulation,0.9847374847374847,1,27
1208,06856,without_pedaling,0.9926739926739926,1,27
1208,06857,all,0.9975579975579975,1,27
1208,06857,without_tempo,0.9932844932844932,1,27
1208,06857,without_rubato,0.9981684981684981,1,27
1208,06857,without_dynamics,0.995115995115995,1,27
1208,06857,without_articulation,0.9993894993894993,1,27
1208,06857,without_pedaling,0.9957264957264956,1,27
1208,06858,all,0.9871794871794871,1,27
1208,06858,without_tempo,0.9932844932844932,1,27
1208,06858,without_rubato,0.992063492063492,1,27
1208,06858,without_dynamics,0.9822954822954822,1,27
1208,06858,without_articulation,0.9792429792429792,1,27
1208,06858,without_pedaling,0.9902319902319903,1,27
1209,06895,all,0.9803921568627453,0,17
1209,06895,without_tempo,0.9877450980392157,0,17
1209,06895,without_rubato,0.9754901960784315,1,17
1209,06895,without_dynamics,0.9877450980392157,0,17
1209,06895,without_articulation,0.9901960784313727,0,17
1209,06895,without_pedaling,0.9901960784313727,1,17
1209,06896,all,0.982843137254902,0,17
1209,06896,without_tempo,0.9950980392156863,1,17
1209,06896,without_rubato,1.0,1,17
1209,06896,without_dynamics,0.9901960784313727,1,17
1209,06896,without_articulation,0.9730392156862747,0,17
1209,06896,without_pedaling,0.9901960784313727,1,17
1209,06897,all,0.9534313725490198,0,17
1209,06897,without_tempo,0.9509803921568628,0,17
1209,06897,without_rubato,0.9926470588235295,1,17
1209,06897,without_dynamics,0.9558823529411765,1,17
1209,06897,without_articulation,0.8995098039215688,1,17
1209,06897,without_pedaling,0.9534313725490198,0,17
1209,06898,all,0.985294117647059,0,17
1209,06898,without_tempo,0.9877450980392157,0,17
1209,06898,without_rubato,0.9975490196078433,1,17
1209,06898,without_dynamics,0.982843137254902,0,17
1209,06898,without_articulation,0.982843137254902,1,17
1209,06898,without_pedaling,0.9901960784313727,1,17
1209,06899,all,0.9632352941176472,0,17
1209,06899,without_tempo,0.9509803921568628,0,17
1209,06899,without_rubato,0.948529411764706,1,17
1209,06899,without_dynamics,0.9583333333333335,0,17
1209,06899,without_articulation,0.9901960784313727,1,17
1209,06899,without_pedaling,0.982843137254902,1,17
120,00422,all,0.9999999999999999,1,5
120,00422,without_tempo,0.9999999999999999,1,5
120,00422,without_rubato,0.9999999999999999,1,5
120,00422,without_dynamics,0.9999999999999999,1,5
120,00422,without_articulation,0.9999999999999999,1,5
120,00422,without_pedaling,0.9999999999999999,1,5
120,00423,all,0.9999999999999999,1,5
120,00423,without_tempo,0.9999999999999999,1,5
120,00423,without_rubato,0.9999999999999999,1,5
120,00423,without_dynamics,0.9999999999999999,1,5
120,00423,without_articulation,0.9999999999999999,1,5
120,00423,without_pedaling,0.9999999999999999,1,5
120,00424,all,0.9999999999999999,1,5
120,00424,without_tempo,0.9999999999999999,1,5
120,00424,without_rubato,0.9999999999999999,1,5
120,00424,without_dynamics,0.9999999999999999,1,5
120,00424,without_articulation,0.9999999999999999,1,5
120,00424,without_pedaling,0.9999999999999999,1,5
120,00425,all,0.9999999999999999,1,5
120,00425,without_tempo,0.9999999999999999,1,5
120,00425,without_rubato,0.9999999999999999,1,5
120,00425,without_dynamics,0.9999999999999999,1,5
120,00425,without_articulation,0.9999999999999999,1,5
120,00425,without_pedaling,0.9999999999999999,1,5
120,00426,all,0.9999999999999999,1,5
120,00426,without_tempo,0.9999999999999999,1,5
120,00426,without_rubato,0.9999999999999999,1,5
120,00426,without_dynamics,0.9999999999999999,1,5
120,00426,without_articulation,0.9999999999999999,1,5
120,00426,without_pedaling,0.9999999999999999,1,5
1210,06920,all,0.9945054945054945,1,13
1210,06920,without_tempo,0.989010989010989,1,13
1210,06920,without_rubato,1.0,1,13
1210,06920,without_dynamics,0.989010989010989,1,13
1210,06920,without_articulation,0.9945054945054945,1,13
1210,06920,without_pedaling,0.989010989010989,1,13
1210,06922,all,0.967032967032967,1,13
1210,06922,without_tempo,0.9505494505494506,1,13
1210,06922,without_rubato,0.9505494505494506,1,13
1210,06922,without_dynamics,0.9395604395604396,1,13
1210,06922,without_articulation,0.9835164835164836,1,13
1210,06922,without_pedaling,0.9560439560439561,1,13
1210,06923,all,0.945054945054945,1,13
1210,06923,without_tempo,0.9285714285714285,1,13
1210,06923,without_rubato,0.9285714285714285,0,13
1210,06923,without_dynamics,0.9505494505494506,1,13
1210,06923,without_articulation,0.9835164835164836,0,13
1210,06923,without_pedaling,0.967032967032967,0,13
1210,06924,all,0.9945054945054945,1,13
1210,06924,without_tempo,1.0,1,13
1210,06924,without_rubato,0.9395604395604396,1,13
1210,06924,without_dynamics,0.9945054945054945,1,13
1210,06924,without_articulation,0.989010989010989,1,13
1210,06924,without_pedaling,0.9945054945054945,1,13
1210,06925,all,1.0,1,13
1210,06925,without_tempo,0.9945054945054945,1,13
1210,06925,without_rubato,0.9945054945054945,1,13
1210,06925,without_dynamics,0.9945054945054945,1,13
1210,06925,without_articulation,1.0,1,13
1210,06925,without_pedaling,1.0,1,13
1211,06939,all,1.0,1,21
1211,06939,without_tempo,1.0,1,21
1211,06939,without_rubato,0.996103896103896,1,21
1211,06939,without_dynamics,1.0,1,21
1211,06939,without_articulation,0.9987012987012988,1,21
1211,06939,without_pedaling,1.0,1,21
1211,06940,all,0.9948051948051948,1,21
1211,06940,without_tempo,0.9948051948051948,1,21
1211,06940,without_rubato,0.996103896103896,1,21
1211,06940,without_dynamics,0.9987012987012988,1,21
1211,06940,without_articulation,1.0,1,21
1211,06940,without_pedaling,0.9948051948051948,1,21
1211,06941,all,0.996103896103896,1,21
1211,06941,without_tempo,1.0,1,21
1211,06941,without_rubato,0.9987012987012988,1,21
1211,06941,without_dynamics,0.9974025974025975,1,21
1211,06941,without_articulation,0.9922077922077923,1,21
1211,06941,without_pedaling,0.9987012987012988,1,21
1211,06942,all,0.9272727272727272,1,21
1211,06942,without_tempo,0.9337662337662337,0,21
1211,06942,without_rubato,0.974025974025974,1,21
1211,06942,without_dynamics,0.9441558441558441,1,21
1211,06942,without_articulation,0.9688311688311689,1,21
1211,06942,without_pedaling,0.9493506493506494,1,21
1211,06944,all,0.9870129870129869,1,21
1211,06944,without_tempo,0.9792207792207792,1,21
1211,06944,without_rubato,0.9480519480519479,1,21
1211,06944,without_dynamics,0.9883116883116884,1,21
1211,06944,without_articulation,0.9974025974025975,1,21
1211,06944,without_pedaling,0.9766233766233766,0,21
1212,06968,all,0.9883116883116884,1,21
1212,06968,without_tempo,0.996103896103896,1,21
1212,06968,without_rubato,0.9987012987012988,1,21
1212,06968,without_dynamics,0.9883116883116884,0,21
1212,06968,without_articulation,0.996103896103896,1,21
1212,06968,without_pedaling,0.9922077922077923,1,21
1212,06969,all,0.9935064935064933,1,21
1212,06969,without_tempo,0.996103896103896,1,21
1212,06969,without_rubato,0.9987012987012988,1,21
1212,06969,without_dynamics,0.9987012987012988,1,21
1212,06969,without_articulation,1.0,1,21
1212,06969,without_pedaling,1.0,1,21
1212,06970,all,0.9987012987012988,1,21
1212,06970,without_tempo,0.9948051948051948,1,21
1212,06970,without_rubato,0.9948051948051948,1,21
1212,06970,without_dynamics,0.9974025974025975,1,21
1212,06970,without_articulation,1.0,1,21
1212,06970,without_pedaling,0.9987012987012988,1,21
1212,06972,all,1.0,1,21
1212,06972,without_tempo,0.9987012987012988,1,21
1212,06972,without_rubato,0.9987012987012988,1,21
1212,06972,without_dynamics,0.9974025974025975,1,21
1212,06972,without_articulation,1.0,1,21
1212,06972,without_pedaling,1.0,1,21
1212,06973,all,0.9948051948051948,0,21
1212,06973,without_tempo,0.9974025974025975,1,21
1212,06973,without_rubato,0.9974025974025975,1,21
1212,06973,without_dynamics,0.9974025974025975,1,21
1212,06973,without_articulation,1.0,1,21
1212,06973,without_pedaling,0.9987012987012988,1,21
1215,07096,all,0.9398496240601503,1,20
1215,07096,without_tempo,0.956390977443609,0,20
1215,07096,without_rubato,0.9849624060150375,1,20
1215,07096,without_dynamics,0.9338345864661652,1,20
1215,07096,without_articulation,0.9699248120300751,1,20
1215,07096,without_pedaling,0.9353383458646616,1,20
1215,07097,all,0.9894736842105262,1,20
1215,07097,without_tempo,0.9774436090225563,1,20
1215,07097,without_rubato,0.9984962406015038,1,20
1215,07097,without_dynamics,0.9789473684210527,1,20
1215,07097,without_articulation,0.9909774436090225,1,20
1215,07097,without_pedaling,0.9864661654135337,1,20
1215,07098,all,0.993984962406015,1,20
1215,07098,without_tempo,0.9894736842105262,1,20
1215,07098,without_rubato,0.9909774436090225,1,20
1215,07098,without_dynamics,0.993984962406015,1,20
1215,07098,without_articulation,0.9984962406015038,0,20
1215,07098,without_pedaling,0.9954887218045112,1,20
1215,07099,all,0.993984962406015,1,20
1215,07099,without_tempo,0.993984962406015,1,20
1215,07099,without_rubato,0.9894736842105262,1,20
1215,07099,without_dynamics,0.9969924812030074,1,20
1215,07099,without_articulation,0.9984962406015038,0,20
1215,07099,without_pedaling,0.9954887218045112,1,20
1215,07101,all,0.9819548872180449,1,20
1215,07101,without_tempo,0.9774436090225563,1,20
1215,07101,without_rubato,0.9924812030075187,1,20
1215,07101,without_dynamics,0.9954887218045112,1,20
1215,07101,without_articulation,0.9789473684210527,1,20
1215,07101,without_pedaling,0.993984962406015,1,20
1217,07159,all,0.9954887218045112,1,20
1217,07159,without_tempo,0.9849624060150375,1,20
1217,07159,without_rubato,0.9894736842105262,1,20
1217,07159,without_dynamics,0.9969924812030074,1,20
1217,07159,without_articulation,0.9909774436090225,1,20
1217,07159,without_pedaling,0.9924812030075187,1,20
1217,07160,all,0.9894736842105262,1,20
1217,07160,without_tempo,0.9924812030075187,1,20
1217,07160,without_rubato,0.9909774436090225,1,20
1217,07160,without_dynamics,0.993984962406015,1,20
1217,07160,without_articulation,0.9969924812030074,1,20
1217,07160,without_pedaling,0.993984962406015,1,20
1217,07161,all,0.993984962406015,1,20
1217,07161,without_tempo,0.9909774436090225,0,20
1217,07161,without_rubato,0.9984962406015038,1,20
1217,07161,without_dynamics,0.9864661654135337,1,20
1217,07161,without_articulation,0.9954887218045112,1,20
1217,07161,without_pedaling,0.9924812030075187,1,20
1217,07162,all,0.9969924812030074,1,20
1217,07162,without_tempo,0.993984962406015,1,20
1217,07162,without_rubato,0.9984962406015038,1,20
1217,07162,without_dynamics,0.9984962406015038,1,20
1217,07162,without_articulation,0.993984962406015,1,20
1217,07162,without_pedaling,1.0,1,20
1217,07163,all,0.9984962406015038,1,20
1217,07163,without_tempo,0.9909774436090225,1,20
1217,07163,without_rubato,0.9954887218045112,1,20
1217,07163,without_dynamics,0.9909774436090225,1,20
1217,07163,without_articulation,0.9969924812030074,1,20
1217,07163,without_pedaling,0.993984962406015,1,20
121,00428,all,1.0,1,8
121,00428,without_tempo,1.0,1,8
121,00428,without_rubato,1.0,1,8
121,00428,without_dynamics,1.0,1,8
121,00428,without_articulation,1.0,1,8
121,00428,without_pedaling,1.0,1,8
121,00429,all,1.0,1,8
121,00429,without_tempo,1.0,1,8
121,00429,without_rubato,1.0,1,8
121,00429,without_dynamics,1.0,1,8
121,00429,without_articulation,0.9761904761904763,1,8
121,00429,without_pedaling,0.9761904761904763,1,8
121,00430,all,0.9047619047619048,1,8
121,00430,without_tempo,0.9047619047619048,1,8
121,00430,without_rubato,0.7380952380952381,1,8
121,00430,without_dynamics,0.9285714285714287,1,8
121,00430,without_articulation,0.9047619047619048,0,8
121,00430,without_pedaling,0.880952380952381,1,8
121,00431,all,1.0,1,8
121,00431,without_tempo,0.9761904761904763,0,8
121,00431,without_rubato,0.9761904761904763,1,8
121,00431,without_dynamics,1.0,1,8
121,00431,without_articulation,0.9523809523809524,0,8
121,00431,without_pedaling,0.9761904761904763,1,8
121,00432,all,1.0,1,8
121,00432,without_tempo,1.0,1,8
121,00432,without_rubato,1.0,1,8
121,00432,without_dynamics,0.9523809523809524,1,8
121,00432,without_articulation,0.9761904761904763,1,8
121,00432,without_pedaling,0.9761904761904763,1,8
1221,07232,all,0.9997629208155523,1,37
1221,07232,without_tempo,0.9999999999999999,1,37
1221,07232,without_rubato,0.9999999999999999,1,37
1221,07232,without_dynamics,0.9999999999999999,1,37
1221,07232,without_articulation,0.9999999999999999,1,37
1221,07232,without_pedaling,0.9997629208155523,1,37
1221,07234,all,0.9995258416311047,1,37
1221,07234,without_tempo,0.9999999999999999,1,37
1221,07234,without_rubato,0.9997629208155523,1,37
1221,07234,without_dynamics,0.9999999999999999,1,37
1221,07234,without_articulation,0.9999999999999999,1,37
1221,07234,without_pedaling,0.9995258416311047,1,37
1221,07236,all,0.9995258416311047,1,37
1221,07236,without_tempo,0.9999999999999999,1,37
1221,07236,without_rubato,0.9999999999999999,1,37
1221,07236,without_dynamics,0.9999999999999999,1,37
1221,07236,without_articulation,0.9999999999999999,1,37
1221,07236,without_pedaling,0.9997629208155523,1,37
1221,07238,all,0.9999999999999999,1,37
1221,07238,without_tempo,0.9999999999999999,1,37
1221,07238,without_rubato,0.9999999999999999,1,37
1221,07238,without_dynamics,0.9999999999999999,1,37
1221,07238,without_articulation,0.9999999999999999,1,37
1221,07238,without_pedaling,0.9999999999999999,1,37
1221,07239,all,0.9999999999999999,1,37
1221,07239,without_tempo,0.9999999999999999,1,37
1221,07239,without_rubato,0.9999999999999999,1,37
1221,07239,without_dynamics,0.9999999999999999,1,37
1221,07239,without_articulation,0.9999999999999999,1,37
1221,07239,without_pedaling,0.9999999999999999,1,37
1222,07302,all,0.9992596509783183,1,61
1222,07302,without_tempo,0.9988894764674775,1,61
1222,07302,without_rubato,0.9991538868323636,1,61
1222,07302,without_dynamics,0.9994711792702273,1,61
1222,07302,without_articulation,1.0,1,61
1222,07302,without_pedaling,0.9991010047593863,1,61
1222,07304,all,0.9998942358540454,1,61
1222,07304,without_tempo,1.0,1,61
1222,07304,without_rubato,0.9993125330512954,1,61
1222,07304,without_dynamics,0.9997884717080909,1,61
1222,07304,without_articulation,0.9995769434161816,1,61
1222,07304,without_pedaling,0.9999471179270226,1,61
1222,07306,all,0.9998942358540454,1,61
1222,07306,without_tempo,0.9996827075621363,1,61
1222,07306,without_rubato,0.9996827075621363,1,61
1222,07306,without_dynamics,0.9998942358540454,1,61
1222,07306,without_articulation,0.9999471179270226,1,61
1222,07306,without_pedaling,0.9996827075621363,1,61
1222,07308,all,1.0,1,61
1222,07308,without_tempo,0.9998413537810681,1,61
1222,07308,without_rubato,0.9997355896351134,1,61
1222,07308,without_dynamics,0.9998413537810681,1,61
1222,07308,without_articulation,0.9997884717080909,1,61
1222,07308,without_pedaling,1.0,1,61
1222,07309,all,0.9997884717080909,1,61
1222,07309,without_tempo,0.9995240613432046,1,61
1222,07309,without_rubato,0.9995769434161816,1,61
1222,07309,without_dynamics,0.999629825489159,1,61
1222,07309,without_articulation,0.9998413537810681,1,61
1222,07309,without_pedaling,0.9996827075621363,1,61
1223,07395,all,0.9996066433566434,1,65
1223,07395,without_tempo,0.9994318181818181,1,65
1223,07395,without_rubato,0.9972902097902099,0,65
1223,07395,without_dynamics,0.9995192307692309,1,65
1223,07395,without_articulation,0.9996066433566434,1,65
1223,07395,without_pedaling,0.9993881118881119,1,65
1223,07397,all,0.9998251748251747,1,65
1223,07397,without_tempo,0.9997814685314685,1,65
1223,07397,without_rubato,0.9991695804195804,0,65
1223,07397,without_dynamics,0.9998251748251747,1,65
1223,07397,without_articulation,0.9999125874125875,1,65
1223,07397,without_pedaling,0.9997377622377622,1,65
1223,07399,all,0.9999125874125875,1,65
1223,07399,without_tempo,0.9997377622377622,1,65
1223,07399,without_rubato,0.9991695804195804,0,65
1223,07399,without_dynamics,0.9998688811188812,1,65
1223,07399,without_articulation,0.9998251748251747,1,65
1223,07399,without_pedaling,0.9997814685314685,1,65
1223,07401,all,0.9998688811188812,1,65
1223,07401,without_tempo,0.9998251748251747,1,65
1223,07401,without_rubato,0.9991695804195804,1,65
1223,07401,without_dynamics,0.9998688811188812,1,65
1223,07401,without_articulation,0.9997814685314685,1,65
1223,07401,without_pedaling,0.9998688811188812,1,65
1223,07402,all,0.9998251748251747,1,65
1223,07402,without_tempo,0.9996940559440559,1,65
1223,07402,without_rubato,0.9996940559440559,1,65
1223,07402,without_dynamics,0.9998251748251747,1,65
1223,07402,without_articulation,0.9998251748251747,1,65
1223,07402,without_pedaling,0.9997814685314685,1,65
1224,07488,all,0.9988706945228685,0,22
1224,07488,without_tempo,1.0,1,22
1224,07488,without_rubato,1.0,1,22
1224,07488,without_dynamics,0.9988706945228685,1,22
1224,07488,without_articulation,1.0,1,22
1224,07488,without_pedaling,0.9977413890457371,0,22
1224,07490,all,0.9988706945228685,0,22
1224,07490,without_tempo,0.9988706945228685,1,22
1224,07490,without_rubato,1.0,1,22
1224,07490,without_dynamics,0.9988706945228685,1,22
1224,07490,without_articulation,1.0,1,22
1224,07490,without_pedaling,0.9988706945228685,0,22
1224,07492,all,0.9977413890457371,1,22
1224,07492,without_tempo,0.9988706945228685,1,22
1224,07492,without_rubato,0.9706380575945794,1,22
1224,07492,without_dynamics,0.9988706945228685,1,22
1224,07492,without_articulation,0.9966120835686054,0,22
1224,07492,without_pedaling,0.9966120835686054,1,22
1224,07493,all,0.9683794466403164,1,22
1224,07493,without_tempo,0.961603613777527,1,22
1224,07493,without_rubato,0.9932241671372107,1,22
1224,07493,without_dynamics,0.9457933370976851,1,22
1224,07493,without_articulation,0.953698475437606,1,22
1224,07493,without_pedaling,0.9728966685488425,1,22
1224,07494,all,0.9988706945228685,1,22
1224,07494,without_tempo,0.9988706945228685,1,22
1224,07494,without_rubato,1.0,1,22
1224,07494,without_dynamics,0.9977413890457371,1,22
1224,07494,without_articulation,0.9977413890457371,1,22
1224,07494,without_pedaling,1.0,1,22
1225,07519,all,1.0,1,16
1225,07519,without_tempo,1.0,1,16
1225,07519,without_rubato,1.0,1,16
1225,07519,without_dynamics,1.0,1,16
1225,07519,without_articulation,1.0,1,16
1225,07519,without_pedaling,1.0,1,16
1225,07521,all,1.0,1,16
1225,07521,without_tempo,1.0,1,16
1225,07521,without_rubato,1.0,1,16
1225,07521,without_dynamics,1.0,1,16
1225,07521,without_articulation,1.0,1,16
1225,07521,without_pedaling,1.0,1,16
1225,07522,all,0.9941176470588234,1,16
1225,07522,without_tempo,0.9941176470588234,1,16
1225,07522,without_rubato,0.9911764705882352,1,16
1225,07522,without_dynamics,0.9970588235294118,1,16
1225,07522,without_articulation,1.0,1,16
1225,07522,without_pedaling,0.9970588235294118,0,16
1225,07524,all,0.976470588235294,1,16
1225,07524,without_tempo,0.9911764705882352,1,16
1225,07524,without_rubato,0.9970588235294118,1,16
1225,07524,without_dynamics,0.9823529411764707,1,16
1225,07524,without_articulation,0.988235294117647,1,16
1225,07524,without_pedaling,0.9970588235294118,1,16
1225,07525,all,0.9911764705882352,1,16
1225,07525,without_tempo,0.988235294117647,1,16
1225,07525,without_rubato,0.9647058823529412,1,16
1225,07525,without_dynamics,0.9911764705882352,1,16
1225,07525,without_articulation,0.988235294117647,0,16
1225,07525,without_pedaling,0.9705882352941176,1,16
1226,07550,all,1.0,1,6
1226,07550,without_tempo,1.0,1,6
1226,07550,without_rubato,1.0,1,6
1226,07550,without_dynamics,1.0,1,6
1226,07550,without_articulation,1.0,1,6
1226,07550,without_pedaling,1.0,1,6
1226,07552,all,1.0,1,6
1226,07552,without_tempo,1.0,1,6
1226,07552,without_rubato,1.0,1,6
1226,07552,without_dynamics,1.0,1,6
1226,07552,without_articulation,1.0,1,6
1226,07552,without_pedaling,1.0,1,6
1226,07553,all,1.0,1,6
1226,07553,without_tempo,1.0,1,6
1226,07553,without_rubato,1.0,1,6
1226,07553,without_dynamics,1.0,1,6
1226,07553,without_articulation,1.0,1,6
1226,07553,without_pedaling,1.0,1,6
1226,07563,all,1.0,1,6
1226,07563,without_tempo,1.0,1,6
1226,07563,without_rubato,1.0,1,6
1226,07563,without_dynamics,1.0,1,6
1226,07563,without_articulation,1.0,1,6
1226,07563,without_pedaling,1.0,1,6
1226,07569,all,1.0,1,6
1226,07569,without_tempo,0.8285714285714287,0,6
1226,07569,without_rubato,1.0,1,6
1226,07569,without_dynamics,1.0,1,6
1226,07569,without_articulation,1.0,1,6
1226,07569,without_pedaling,1.0,1,6
1227,07576,all,1.0,1,9
1227,07576,without_tempo,0.9833333333333333,1,9
1227,07576,without_rubato,1.0,1,9
1227,07576,without_dynamics,1.0,1,9
1227,07576,without_articulation,1.0,1,9
1227,07576,without_pedaling,1.0,1,9
1227,07577,all,1.0,1,9
1227,07577,without_tempo,0.9666666666666667,0,9
1227,07577,without_rubato,1.0,1,9
1227,07577,without_dynamics,1.0,1,9
1227,07577,without_articulation,0.9833333333333333,1,9
1227,07577,without_pedaling,0.9833333333333333,1,9
1227,07578,all,0.9833333333333333,1,9
1227,07578,without_tempo,0.8833333333333333,0,9
1227,07578,without_rubato,1.0,1,9
1227,07578,without_dynamics,0.9500000000000001,1,9
1227,07578,without_articulation,0.9833333333333333,1,9
1227,07578,without_pedaling,1.0,1,9
1227,07580,all,0.9833333333333333,1,9
1227,07580,without_tempo,0.8833333333333333,0,9
1227,07580,without_rubato,0.9500000000000001,1,9
1227,07580,without_dynamics,0.9666666666666667,0,9
1227,07580,without_articulation,0.9833333333333333,0,9
1227,07580,without_pedaling,0.9,0,9
1227,07583,all,1.0,1,9
1227,07583,without_tempo,0.9833333333333333,1,9
1227,07583,without_rubato,0.9500000000000001,0,9
1227,07583,without_dynamics,0.9500000000000001,0,9
1227,07583,without_articulation,0.9833333333333333,0,9
1227,07583,without_pedaling,0.9333333333333332,0,9
1228,07594,all,0.9970588235294118,1,16
1228,07594,without_tempo,0.988235294117647,1,16
1228,07594,without_rubato,0.9970588235294118,1,16
1228,07594,without_dynamics,0.9941176470588234,1,16
1228,07594,without_articulation,1.0,1,16
1228,07594,without_pedaling,1.0,1,16
1228,07595,all,0.9970588235294118,1,16
1228,07595,without_tempo,0.9823529411764707,1,16
1228,07595,without_rubato,0.9941176470588234,1,16
1228,07595,without_dynamics,0.9970588235294118,1,16
1228,07595,without_articulation,1.0,1,16
1228,07595,without_pedaling,0.9941176470588234,1,16
1228,07597,all,0.9852941176470588,0,16
1228,07597,without_tempo,0.9647058823529412,0,16
1228,07597,without_rubato,0.9941176470588234,1,16
1228,07597,without_dynamics,0.9941176470588234,1,16
1228,07597,without_articulation,0.9941176470588234,1,16
1228,07597,without_pedaling,0.9911764705882352,1,16
1228,07598,all,0.9941176470588234,1,16
1228,07598,without_tempo,1.0,1,16
1228,07598,without_rubato,0.9823529411764707,1,16
1228,07598,without_dynamics,0.9941176470588234,1,16
1228,07598,without_articulation,0.9970588235294118,1,16
1228,07598,without_pedaling,0.9911764705882352,0,16
1228,07599,all,0.9911764705882352,1,16
1228,07599,without_tempo,0.9911764705882352,1,16
1228,07599,without_rubato,0.976470588235294,0,16
1228,07599,without_dynamics,0.9911764705882352,1,16
1228,07599,without_articulation,0.9941176470588234,1,16
1228,07599,without_pedaling,0.9911764705882352,0,16
122,00436,all,1.0,1,6
122,00436,without_tempo,1.0,1,6
122,00436,without_rubato,1.0,1,6
122,00436,without_dynamics,1.0,1,6
122,00436,without_articulation,1.0,1,6
122,00436,without_pedaling,1.0,1,6
122,00437,all,1.0,1,6
122,00437,without_tempo,0.6,1,6
122,00437,without_rubato,1.0,1,6
122,00437,without_dynamics,1.0,1,6
122,00437,without_articulation,1.0,1,6
122,00437,without_pedaling,1.0,1,6
122,00438,all,1.0,1,6
122,00438,without_tempo,0.8285714285714287,1,6
122,00438,without_rubato,0.942857142857143,1,6
122,00438,without_dynamics,1.0,1,6
122,00438,without_articulation,1.0,1,6
122,00438,without_pedaling,1.0,1,6
122,00439,all,1.0,1,6
122,00439,without_tempo,0.8285714285714287,1,6
122,00439,without_rubato,-0.028571428571428574,0,6
122,00439,without_dynamics,1.0,1,6
122,00439,without_articulation,1.0,1,6
122,00439,without_pedaling,1.0,1,6
122,00440,all,1.0,1,6
122,00440,without_tempo,1.0,1,6
122,00440,without_rubato,1.0,1,6
122,00440,without_dynamics,1.0,1,6
122,00440,without_articulation,1.0,1,6
122,00440,without_pedaling,1.0,1,6
1230,07639,all,0.9515151515151514,1,10
1230,07639,without_tempo,0.9999999999999999,1,10
1230,07639,without_rubato,0.9878787878787878,1,10
1230,07639,without_dynamics,0.9999999999999999,1,10
1230,07639,without_articulation,0.9999999999999999,1,10
1230,07639,without_pedaling,0.9999999999999999,1,10
1230,07640,all,0.9878787878787878,1,10
1230,07640,without_tempo,0.9878787878787878,1,10
1230,07640,without_rubato,0.9878787878787878,1,10
1230,07640,without_dynamics,0.9999999999999999,1,10
1230,07640,without_articulation,0.9999999999999999,1,10
1230,07640,without_pedaling,0.9878787878787878,1,10
1230,07642,all,0.9878787878787878,1,10
1230,07642,without_tempo,0.9878787878787878,1,10
1230,07642,without_rubato,0.9757575757575757,0,10
1230,07642,without_dynamics,0.9999999999999999,1,10
1230,07642,without_articulation,0.9878787878787878,1,10
1230,07642,without_pedaling,0.9878787878787878,1,10
1230,07643,all,0.9878787878787878,1,10
1230,07643,without_tempo,0.9878787878787878,1,10
1230,07643,without_rubato,0.9151515151515152,0,10
1230,07643,without_dynamics,0.9999999999999999,1,10
1230,07643,without_articulation,0.9999999999999999,1,10
1230,07643,without_pedaling,0.9999999999999999,1,10
1230,07644,all,0.9878787878787878,1,10
1230,07644,without_tempo,0.9515151515151514,1,10
1230,07644,without_rubato,0.9757575757575757,1,10
1230,07644,without_dynamics,0.9878787878787878,1,10
1230,07644,without_articulation,0.9999999999999999,1,10
1230,07644,without_pedaling,0.9999999999999999,1,10
1231,07659,all,1.0,1,3
1231,07659,without_tempo,1.0,1,3
1231,07659,without_rubato,1.0,1,3
1231,07659,without_dynamics,1.0,1,3
1231,07659,without_articulation,1.0,1,3
1231,07659,without_pedaling,1.0,1,3
1231,07661,all,1.0,1,3
1231,07661,without_tempo,1.0,1,3
1231,07661,without_rubato,1.0,1,3
1231,07661,without_dynamics,1.0,1,3
1231,07661,without_articulation,1.0,1,3
1231,07661,without_pedaling,1.0,1,3
1231,07662,all,1.0,1,3
1231,07662,without_tempo,1.0,1,3
1231,07662,without_rubato,1.0,1,3
1231,07662,without_dynamics,1.0,1,3
1231,07662,without_articulation,1.0,1,3
1231,07662,without_pedaling,1.0,1,3
1233,07742,all,0.9272727272727272,1,10
1233,07742,without_tempo,0.9999999999999999,1,10
1233,07742,without_rubato,0.9999999999999999,1,10
1233,07742,without_dynamics,0.9757575757575757,1,10
1233,07742,without_articulation,0.9151515151515152,1,10
1233,07742,without_pedaling,0.9636363636363635,0,10
1233,07745,all,0.9636363636363635,0,10
1233,07745,without_tempo,0.9636363636363635,1,10
1233,07745,without_rubato,0.9757575757575757,1,10
1233,07745,without_dynamics,0.9636363636363635,1,10
1233,07745,without_articulation,0.9757575757575757,1,10
1233,07745,without_pedaling,0.9999999999999999,1,10
1233,07746,all,0.7454545454545454,0,10
1233,07746,without_tempo,0.9393939393939393,1,10
1233,07746,without_rubato,0.9030303030303028,1,10
1233,07746,without_dynamics,0.7818181818181817,0,10
1233,07746,without_articulation,0.7575757575757575,0,10
1233,07746,without_pedaling,0.6969696969696969,0,10
1233,07749,all,0.9878787878787878,1,10
1233,07749,without_tempo,0.8787878787878788,0,10
1233,07749,without_rubato,0.9878787878787878,1,10
1233,07749,without_dynamics,0.9878787878787878,1,10
1233,07749,without_articulation,0.9999999999999999,1,10
1233,07749,without_pedaling,0.9272727272727272,1,10
1233,07752,all,0.9757575757575757,1,10
1233,07752,without_tempo,0.9878787878787878,1,10
1233,07752,without_rubato,0.9999999999999999,1,10
1233,07752,without_dynamics,0.9999999999999999,1,10
1233,07752,without_articulation,0.9999999999999999,1,10
1233,07752,without_pedaling,0.9999999999999999,1,10
1234,07677,all,0.987719298245614,1,19
1234,07677,without_tempo,0.9456140350877192,0,19
1234,07677,without_rubato,0.9982456140350877,1,19
1234,07677,without_dynamics,0.987719298245614,1,19
1234,07677,without_articulation,0.9842105263157893,1,19
1234,07677,without_pedaling,0.9578947368421052,1,19
1234,07689,all,0.9982456140350877,1,19
1234,07689,without_tempo,0.9982456140350877,1,19
1234,07689,without_rubato,0.9964912280701754,1,19
1234,07689,without_dynamics,0.9964912280701754,1,19
1234,07689,without_articulation,0.9964912280701754,1,19
1234,07689,without_pedaling,1.0,1,19
1234,07691,all,0.9947368421052631,1,19
1234,07691,without_tempo,0.9964912280701754,1,19
1234,07691,without_rubato,0.9964912280701754,1,19
1234,07691,without_dynamics,0.9947368421052631,1,19
1234,07691,without_articulation,0.9929824561403509,1,19
1234,07691,without_pedaling,0.9982456140350877,1,19
1234,07692,all,0.9912280701754386,1,19
1234,07692,without_tempo,0.9842105263157893,0,19
1234,07692,without_rubato,0.9894736842105263,1,19
1234,07692,without_dynamics,1.0,1,19
1234,07692,without_articulation,0.9824561403508772,1,19
1234,07692,without_pedaling,1.0,1,19
1234,07696,all,0.9929824561403509,1,19
1234,07696,without_tempo,0.9894736842105263,1,19
1234,07696,without_rubato,0.9929824561403509,1,19
1234,07696,without_dynamics,0.980701754385965,0,19
1234,07696,without_articulation,1.0,1,19
1234,07696,without_pedaling,0.9771929824561404,1,19
1235,07779,all,1.0,1,23
1235,07779,without_tempo,1.0,1,23
1235,07779,without_rubato,1.0,1,23
1235,07779,without_dynamics,1.0,1,23
1235,07779,without_articulation,1.0,1,23
1235,07779,without_pedaling,1.0,1,23
1235,07783,all,0.9990118577075099,1,23
1235,07783,without_tempo,0.991106719367589,1,23
1235,07783,without_rubato,0.9980237154150198,1,23
1235,07783,without_dynamics,0.9960474308300397,1,23
1235,07783,without_articulation,0.9980237154150198,1,23
1235,07783,without_pedaling,1.0,1,23
1235,07784,all,0.9980237154150198,1,23
1235,07784,without_tempo,0.9990118577075099,1,23
1235,07784,without_rubato,1.0,1,23
1235,07784,without_dynamics,0.9990118577075099,1,23
1235,07784,without_articulation,1.0,1,23
1235,07784,without_pedaling,0.9980237154150198,1,23
1235,07785,all,0.9970355731225298,0,23
1235,07785,without_tempo,1.0,1,23
1235,07785,without_rubato,0.9762845849802372,1,23
1235,07785,without_dynamics,0.9970355731225298,0,23
1235,07785,without_articulation,0.9990118577075099,0,23
1235,07785,without_pedaling,0.9970355731225298,0,23
1235,07786,all,1.0,1,23
1235,07786,without_tempo,1.0,1,23
1235,07786,without_rubato,0.9920948616600791,1,23
1235,07786,without_dynamics,0.9990118577075099,0,23
1235,07786,without_articulation,1.0,1,23
1235,07786,without_pedaling,0.9980237154150198,1,23
1238,07868,all,1.0,1,7
1238,07868,without_tempo,0.9285714285714288,0,7
1238,07868,without_rubato,1.0,1,7
1238,07868,without_dynamics,1.0,1,7
1238,07868,without_articulation,1.0,1,7
1238,07868,without_pedaling,0.9285714285714288,1,7
1238,07872,all,0.8928571428571429,0,7
1238,07872,without_tempo,0.9642857142857145,1,7
1238,07872,without_rubato,0.9642857142857145,0,7
1238,07872,without_dynamics,1.0,1,7
1238,07872,without_articulation,0.9642857142857145,0,7
1238,07872,without_pedaling,1.0,1,7
1238,07873,all,0.9642857142857145,0,7
1238,07873,without_tempo,0.5357142857142858,1,7
1238,07873,without_rubato,0.9285714285714288,1,7
1238,07873,without_dynamics,0.8928571428571429,0,7
1238,07873,without_articulation,1.0,1,7
1238,07873,without_pedaling,0.9642857142857145,0,7
1238,07874,all,1.0,1,7
1238,07874,without_tempo,1.0,1,7
1238,07874,without_rubato,0.9642857142857145,1,7
1238,07874,without_dynamics,1.0,1,7
1238,07874,without_articulation,1.0,1,7
1238,07874,without_pedaling,1.0,1,7
1238,07876,all,1.0,1,7
1238,07876,without_tempo,0.9642857142857145,1,7
1238,07876,without_rubato,1.0,1,7
1238,07876,without_dynamics,1.0,1,7
1238,07876,without_articulation,1.0,1,7
1238,07876,without_pedaling,1.0,1,7
123,00442,all,1.0,1,4
123,00442,without_tempo,1.0,1,4
123,00442,without_rubato,0.7999999999999999,0,4
123,00442,without_dynamics,1.0,1,4
123,00442,without_articulation,1.0,1,4
123,00442,without_pedaling,1.0,1,4
123,00447,all,1.0,1,4
123,00447,without_tempo,1.0,1,4
123,00447,without_rubato,1.0,1,4
123,00447,without_dynamics,1.0,1,4
123,00447,without_articulation,1.0,1,4
123,00447,without_pedaling,1.0,1,4
123,00448,all,1.0,1,4
123,00448,without_tempo,1.0,1,4
123,00448,without_rubato,1.0,1,4
123,00448,without_dynamics,1.0,1,4
123,00448,without_articulation,1.0,1,4
123,00448,without_pedaling,1.0,1,4
123,00449,all,0.7999999999999999,1,4
123,00449,without_tempo,1.0,1,4
123,00449,without_rubato,0.7999999999999999,1,4
123,00449,without_dynamics,1.0,1,4
123,00449,without_articulation,1.0,1,4
123,00449,without_pedaling,1.0,1,4
1240,07923,all,1.0,1,34
1240,07923,without_tempo,1.0,1,34
1240,07923,without_rubato,1.0,1,34
1240,07923,without_dynamics,1.0,1,34
1240,07923,without_articulation,1.0,1,34
1240,07923,without_pedaling,1.0,1,34
1240,07924,all,0.998472116119175,1,34
1240,07924,without_tempo,0.9978609625668448,1,34
1240,07924,without_rubato,0.9917494270435445,1,34
1240,07924,without_dynamics,0.9978609625668448,1,34
1240,07924,without_articulation,0.9975553857906798,1,34
1240,07924,without_pedaling,0.9978609625668448,1,34
1240,07925,all,0.9993888464476698,1,34
1240,07925,without_tempo,0.999694423223835,1,34
1240,07925,without_rubato,0.9987776928953398,1,34
1240,07925,without_dynamics,0.9972498090145148,1,34
1240,07925,without_articulation,0.9993888464476698,1,34
1240,07925,without_pedaling,0.998472116119175,1,34
1240,07926,all,0.998472116119175,1,34
1240,07926,without_tempo,0.9993888464476698,1,34
1240,07926,without_rubato,0.9969442322383497,1,34
1240,07926,without_dynamics,0.9951107715813597,1,34
1240,07926,without_articulation,0.9972498090145148,1,34
1240,07926,without_pedaling,0.9981665393430098,1,34
1240,07927,all,0.9963330786860198,1,34
1240,07927,without_tempo,0.9935828877005346,1,34
1240,07927,without_rubato,0.9853323147440795,1,34
1240,07927,without_dynamics,0.9902215431627196,1,34
1240,07927,without_articulation,0.9993888464476698,1,34
1240,07927,without_pedaling,0.9960275019098548,1,34
1241,07968,all,0.9998379385787213,1,42
1241,07968,without_tempo,1.0,1,42
1241,07968,without_rubato,0.9996758771574429,1,42
1241,07968,without_dynamics,1.0,1,42
1241,07968,without_articulation,0.9996758771574429,1,42
1241,07968,without_pedaling,1.0,1,42
1241,07971,all,0.9996758771574429,1,42
1241,07971,without_tempo,1.0,1,42
1241,07971,without_rubato,0.9996758771574429,1,42
1241,07971,without_dynamics,1.0,1,42
1241,07971,without_articulation,0.9996758771574429,1,42
1241,07971,without_pedaling,1.0,1,42
1241,07972,all,0.9907624989871162,1,42
1241,07972,without_tempo,0.9923831131999027,1,42
1241,07972,without_rubato,0.9761769710720363,1,42
1241,07972,without_dynamics,0.9878453934041003,1,42
1241,07972,without_articulation,0.973421926910299,0,42
1241,07972,without_pedaling,0.9782837695486591,0,42
1241,07973,all,0.9933554817275748,0,42
1241,07973,without_tempo,0.9927072360424601,1,42
1241,07973,without_rubato,0.9881695162466576,1,42
1241,07973,without_dynamics,0.9850903492423629,1,42
1241,07973,without_articulation,0.99756907868082,1,42
1241,07973,without_pedaling,0.9859006563487562,1,42
1241,07974,all,0.995300218782919,1,42
1241,07974,without_tempo,0.9972449558382628,1,42
1241,07974,without_rubato,0.9917348675147881,1,42
1241,07974,without_dynamics,0.9922210517786242,1,42
1241,07974,without_articulation,0.9954622802041974,1,42
1241,07974,without_pedaling,0.9922210517786242,1,42
1242,08037,all,0.9998379385787213,1,42
1242,08037,without_tempo,0.9993517543148854,1,42
1242,08037,without_rubato,0.9996758771574429,1,42
1242,08037,without_dynamics,1.0,1,42
1242,08037,without_articulation,0.9998379385787213,1,42
1242,08037,without_pedaling,0.9996758771574429,1,42
1242,08040,all,1.0,1,42
1242,08040,without_tempo,1.0,1,42
1242,08040,without_rubato,0.9993517543148854,1,42
1242,08040,without_dynamics,0.9998379385787213,1,42
1242,08040,without_articulation,0.9996758771574429,1,42
1242,08040,without_pedaling,0.9996758771574429,1,42
1242,08041,all,0.9993517543148854,1,42
1242,08041,without_tempo,0.9982173243659349,1,42
1242,08041,without_rubato,0.9910866218296734,1,42
1242,08041,without_dynamics,0.9993517543148854,1,42
1242,08041,without_articulation,0.9995138157361642,1,42
1242,08041,without_pedaling,0.9995138157361642,1,42
1242,08042,all,0.9761769710720363,1,42
1242,08042,without_tempo,0.9690462685357751,1,42
1242,08042,without_rubato,0.9948140345190828,1,42
1242,08042,without_dynamics,0.9709910055911191,1,42
1242,08042,without_articulation,0.9739081111741351,1,42
1242,08042,without_pedaling,0.9706668827485618,1,42
1242,08043,all,0.995300218782919,1,42
1242,08043,without_tempo,0.9962725873105908,1,42
1242,08043,without_rubato,0.9855765335061989,1,42
1242,08043,without_dynamics,0.9922210517786242,1,42
1242,08043,without_articulation,0.9925451746211814,1,42
1242,08043,without_pedaling,0.995300218782919,1,42
1244,08159,all,1.0,1,19
1244,08159,without_tempo,1.0,1,19
1244,08159,without_rubato,1.0,1,19
1244,08159,without_dynamics,1.0,1,19
1244,08159,without_articulation,1.0,1,19
1244,08159,without_pedaling,1.0,1,19
1244,08160,all,1.0,1,19
1244,08160,without_tempo,1.0,1,19
1244,08160,without_rubato,0.9964912280701754,1,19
1244,08160,without_dynamics,1.0,1,19
1244,08160,without_articulation,0.9982456140350877,1,19
1244,08160,without_pedaling,1.0,1,19
1244,08161,all,1.0,1,19
1244,08161,without_tempo,1.0,1,19
1244,08161,without_rubato,1.0,1,19
1244,08161,without_dynamics,1.0,1,19
1244,08161,without_articulation,1.0,1,19
1244,08161,without_pedaling,1.0,1,19
1244,08164,all,0.9859649122807018,0,19
1244,08164,without_tempo,0.9912280701754386,1,19
1244,08164,without_rubato,0.9701754385964911,1,19
1244,08164,without_dynamics,0.9824561403508772,0,19
1244,08164,without_articulation,0.9964912280701754,1,19
1244,08164,without_pedaling,0.9912280701754386,1,19
1244,08165,all,0.9596491228070174,1,19
1244,08165,without_tempo,0.9315789473684211,1,19
1244,08165,without_rubato,0.9947368421052631,1,19
1244,08165,without_dynamics,0.9385964912280702,1,19
1244,08165,without_articulation,0.987719298245614,0,19
1244,08165,without_pedaling,0.9543859649122807,1,19
1247,08196,all,1.0,1,15
1247,08196,without_tempo,1.0,1,15
1247,08196,without_rubato,1.0,1,15
1247,08196,without_dynamics,1.0,1,15
1247,08196,without_articulation,1.0,1,15
1247,08196,without_pedaling,1.0,1,15
1247,08197,all,0.9714285714285713,1,15
1247,08197,without_tempo,0.9642857142857141,1,15
1247,08197,without_rubato,0.9928571428571428,0,15
1247,08197,without_dynamics,0.9892857142857142,1,15
1247,08197,without_articulation,0.9857142857142854,1,15
1247,08197,without_pedaling,0.9749999999999999,1,15
1247,08199,all,0.9857142857142854,1,15
1247,08199,without_tempo,0.9928571428571428,1,15
1247,08199,without_rubato,1.0,1,15
1247,08199,without_dynamics,0.9928571428571428,1,15
1247,08199,without_articulation,0.9892857142857142,1,15
1247,08199,without_pedaling,0.9857142857142854,1,15
1247,08200,all,0.9964285714285712,0,15
1247,08200,without_tempo,1.0,1,15
1247,08200,without_rubato,0.982142857142857,1,15
1247,08200,without_dynamics,0.9928571428571428,1,15
1247,08200,without_articulation,0.9964285714285712,0,15
1247,08200,without_pedaling,0.9857142857142854,0,15
1247,08202,all,1.0,1,15
1247,08202,without_tempo,0.9964285714285712,1,15
1247,08202,without_rubato,0.9928571428571428,1,15
1247,08202,without_dynamics,1.0,1,15
1247,08202,without_articulation,0.9964285714285712,1,15
1247,08202,without_pedaling,0.9964285714285712,1,15
1248,08214,all,0.9970355731225298,1,23
1248,08214,without_tempo,0.9960474308300397,1,23
1248,08214,without_rubato,0.9980237154150198,1,23
1248,08214,without_dynamics,0.9901185770750988,1,23
1248,08214,without_articulation,0.9950592885375494,1,23
1248,08214,without_pedaling,0.9980237154150198,0,23
1248,08215,all,0.9693675889328063,1,23
1248,08215,without_tempo,0.9733201581027668,1,23
1248,08215,without_rubato,0.9990118577075099,1,23
1248,08215,without_dynamics,0.9871541501976285,1,23
1248,08215,without_articulation,0.9772727272727272,0,23
1248,08215,without_pedaling,0.974308300395257,1,23
1248,08216,all,0.9970355731225298,1,23
1248,08216,without_tempo,0.9980237154150198,1,23
1248,08216,without_rubato,0.9980237154150198,1,23
1248,08216,without_dynamics,0.9990118577075099,1,23
1248,08216,without_articulation,1.0,1,23
1248,08216,without_pedaling,0.9960474308300397,1,23
1248,08217,all,0.9990118577075099,1,23
1248,08217,without_tempo,0.9950592885375494,1,23
1248,08217,without_rubato,0.9960474308300397,1,23
1248,08217,without_dynamics,0.9960474308300397,1,23
1248,08217,without_articulation,0.9990118577075099,1,23
1248,08217,without_pedaling,0.9980237154150198,1,23
1248,08218,all,0.9980237154150198,1,23
1248,08218,without_tempo,0.9970355731225298,1,23
1248,08218,without_rubato,0.9980237154150198,1,23
1248,08218,without_dynamics,0.9970355731225298,1,23
1248,08218,without_articulation,1.0,1,23
1248,08218,without_pedaling,0.9990118577075099,1,23
124,00451,all,0.9999999999999999,1,5
124,00451,without_tempo,0.9999999999999999,1,5
124,00451,without_rubato,0.9999999999999999,1,5
124,00451,without_dynamics,0.9999999999999999,1,5
124,00451,without_articulation,0.9999999999999999,1,5
124,00451,without_pedaling,0.9999999999999999,1,5
124,00452,all,0.9999999999999999,1,5
124,00452,without_tempo,0.9999999999999999,1,5
124,00452,without_rubato,0.9999999999999999,1,5
124,00452,without_dynamics,0.9999999999999999,1,5
124,00452,without_articulation,0.8999999999999998,1,5
124,00452,without_pedaling,0.9999999999999999,1,5
124,00453,all,0.9999999999999999,1,5
124,00453,without_tempo,0.9999999999999999,1,5
124,00453,without_rubato,0.9999999999999999,1,5
124,00453,without_dynamics,0.9999999999999999,1,5
124,00453,without_articulation,0.8999999999999998,1,5
124,00453,without_pedaling,0.9999999999999999,1,5
124,00454,all,0.9999999999999999,1,5
124,00454,without_tempo,0.9999999999999999,1,5
124,00454,without_rubato,0.9999999999999999,1,5
124,00454,without_dynamics,0.9999999999999999,1,5
124,00454,without_articulation,0.9999999999999999,1,5
124,00454,without_pedaling,0.9999999999999999,1,5
124,00455,all,0.9999999999999999,1,5
124,00455,without_tempo,0.8999999999999998,1,5
124,00455,without_rubato,0.9999999999999999,1,5
124,00455,without_dynamics,0.9999999999999999,1,5
124,00455,without_articulation,0.9999999999999999,1,5
124,00455,without_pedaling,0.9999999999999999,1,5
1251,08291,all,1.0,1,11
1251,08291,without_tempo,1.0,1,11
1251,08291,without_rubato,0.990909090909091,1,11
1251,08291,without_dynamics,1.0,1,11
1251,08291,without_articulation,1.0,1,11
1251,08291,without_pedaling,1.0,1,11
1251,08297,all,1.0,1,11
1251,08297,without_tempo,1.0,1,11
1251,08297,without_rubato,0.9818181818181818,1,11
1251,08297,without_dynamics,1.0,1,11
1251,08297,without_articulation,1.0,1,11
1251,08297,without_pedaling,0.990909090909091,1,11
1251,08298,all,1.0,1,11
1251,08298,without_tempo,1.0,1,11
1251,08298,without_rubato,0.9818181818181818,1,11
1251,08298,without_dynamics,1.0,1,11
1251,08298,without_articulation,1.0,1,11
1251,08298,without_pedaling,0.990909090909091,1,11
1251,08301,all,1.0,1,11
1251,08301,without_tempo,0.9727272727272729,1,11
1251,08301,without_rubato,0.9636363636363637,0,11
1251,08301,without_dynamics,0.990909090909091,1,11
1251,08301,without_articulation,1.0,1,11
1251,08301,without_pedaling,1.0,1,11
1251,08302,all,0.5454545454545455,0,11
1251,08302,without_tempo,0.6454545454545455,0,11
1251,08302,without_rubato,0.9636363636363637,0,11
1251,08302,without_dynamics,0.5454545454545455,0,11
1251,08302,without_articulation,0.5363636363636364,1,11
1251,08302,without_pedaling,0.5272727272727273,1,11
1252,08324,all,0.9960474308300397,1,23
1252,08324,without_tempo,1.0,1,23
1252,08324,without_rubato,0.9940711462450593,1,23
1252,08324,without_dynamics,0.9980237154150198,1,23
1252,08324,without_articulation,0.9980237154150198,1,23
1252,08324,without_pedaling,0.9970355731225298,1,23
1252,08325,all,0.9970355731225298,1,23
1252,08325,without_tempo,1.0,1,23
1252,08325,without_rubato,1.0,1,23
1252,08325,without_dynamics,1.0,1,23
1252,08325,without_articulation,1.0,1,23
1252,08325,without_pedaling,0.9990118577075099,1,23
1252,08328,all,0.9970355731225298,1,23
1252,08328,without_tempo,1.0,1,23
1252,08328,without_rubato,1.0,1,23
1252,08328,without_dynamics,1.0,1,23
1252,08328,without_articulation,1.0,1,23
1252,08328,without_pedaling,0.9990118577075099,1,23
1252,08330,all,1.0,1,23
1252,08330,without_tempo,1.0,1,23
1252,08330,without_rubato,0.9990118577075099,1,23
1252,08330,without_dynamics,0.9990118577075099,1,23
1252,08330,without_articulation,1.0,1,23
1252,08330,without_pedaling,1.0,1,23
1252,08331,all,0.9970355731225298,1,23
1252,08331,without_tempo,0.9990118577075099,1,23
1252,08331,without_rubato,0.9752964426877472,1,23
1252,08331,without_dynamics,0.9891304347826088,0,23
1252,08331,without_articulation,0.9920948616600791,1,23
1252,08331,without_pedaling,0.9901185770750988,0,23
1253,08370,all,1.0,1,35
1253,08370,without_tempo,0.9997198879551822,1,35
1253,08370,without_rubato,0.9991596638655462,1,35
1253,08370,without_dynamics,0.9994397759103643,1,35
1253,08370,without_articulation,0.9997198879551822,1,35
1253,08370,without_pedaling,0.9997198879551822,1,35
1253,08371,all,1.0,1,35
1253,08371,without_tempo,0.9997198879551822,1,35
1253,08371,without_rubato,0.9994397759103643,1,35
1253,08371,without_dynamics,0.9991596638655462,1,35
1253,08371,without_articulation,0.9997198879551822,1,35
1253,08371,without_pedaling,0.9997198879551822,1,35
1253,08372,all,1.0,1,35
1253,08372,without_tempo,0.9997198879551822,1,35
1253,08372,without_rubato,0.9997198879551822,1,35
1253,08372,without_dynamics,1.0,1,35
1253,08372,without_articulation,0.9997198879551822,1,35
1253,08372,without_pedaling,1.0,1,35
1253,08374,all,0.9997198879551822,1,35
1253,08374,without_tempo,0.9997198879551822,1,35
1253,08374,without_rubato,0.9988795518207283,1,35
1253,08374,without_dynamics,1.0,1,35
1253,08374,without_articulation,0.9997198879551822,1,35
1253,08374,without_pedaling,1.0,1,35
1253,08375,all,1.0,1,35
1253,08375,without_tempo,0.9994397759103643,1,35
1253,08375,without_rubato,0.9985994397759103,1,35
1253,08375,without_dynamics,0.9988795518207283,1,35
1253,08375,without_articulation,0.9997198879551822,1,35
1253,08375,without_pedaling,0.9997198879551822,1,35
1254,08419,all,1.0,1,22
1254,08419,without_tempo,1.0,1,22
1254,08419,without_rubato,1.0,1,22
1254,08419,without_dynamics,1.0,1,22
1254,08419,without_articulation,1.0,1,22
1254,08419,without_pedaling,1.0,1,22
1254,08421,all,0.9988706945228685,1,22
1254,08421,without_tempo,1.0,1,22
1254,08421,without_rubato,1.0,1,22
1254,08421,without_dynamics,0.9966120835686054,1,22
1254,08421,without_articulation,1.0,1,22
1254,08421,without_pedaling,0.9988706945228685,1,22
1254,08423,all,1.0,1,22
1254,08423,without_tempo,1.0,1,22
1254,08423,without_rubato,0.9988706945228685,1,22
1254,08423,without_dynamics,0.9966120835686054,1,22
1254,08423,without_articulation,1.0,1,22
1254,08423,without_pedaling,0.9988706945228685,1,22
1254,08424,all,0.9943534726143423,1,22
1254,08424,without_tempo,1.0,1,22
1254,08424,without_rubato,0.9920948616600791,1,22
1254,08424,without_dynamics,0.9887069452286844,1,22
1254,08424,without_articulation,0.9966120835686054,1,22
1254,08424,without_pedaling,0.9932241671372107,0,22
1254,08425,all,0.9943534726143423,1,22
1254,08425,without_tempo,0.9977413890457371,1,22
1254,08425,without_rubato,0.979672501411632,0,22
1254,08425,without_dynamics,0.9887069452286844,1,22
1254,08425,without_articulation,0.9920948616600791,1,22
1254,08425,without_pedaling,0.9875776397515529,1,22
1256,08454,all,1.0,1,8
1256,08454,without_tempo,0.9523809523809524,1,8
1256,08454,without_rubato,1.0,1,8
1256,08454,without_dynamics,0.9761904761904763,1,8
1256,08454,without_articulation,0.9761904761904763,1,8
1256,08454,without_pedaling,0.9761904761904763,1,8
1256,08455,all,0.9761904761904763,1,8
1256,08455,without_tempo,0.9761904761904763,1,8
1256,08455,without_rubato,0.9761904761904763,1,8
1256,08455,without_dynamics,0.8333333333333335,1,8
1256,08455,without_articulation,0.9047619047619048,1,8
1256,08455,without_pedaling,0.9523809523809524,1,8
1256,08456,all,0.9523809523809524,0,8
1256,08456,without_tempo,1.0,1,8
1256,08456,without_rubato,0.9761904761904763,0,8
1256,08456,without_dynamics,0.9285714285714287,1,8
1256,08456,without_articulation,0.9523809523809524,1,8
1256,08456,without_pedaling,0.8571428571428572,0,8
1256,08457,all,1.0,1,8
1256,08457,without_tempo,0.9285714285714287,0,8
1256,08457,without_rubato,1.0,1,8
1256,08457,without_dynamics,1.0,1,8
1256,08457,without_articulation,1.0,1,8
1256,08457,without_pedaling,1.0,1,8
1256,08459,all,1.0,1,8
1256,08459,without_tempo,0.9523809523809524,0,8
1256,08459,without_rubato,1.0,1,8
1256,08459,without_dynamics,1.0,1,8
1256,08459,without_articulation,1.0,1,8
1256,08459,without_pedaling,1.0,1,8
1258,08473,all,1.0,1,7
1258,08473,without_tempo,1.0,1,7
1258,08473,without_rubato,1.0,1,7
1258,08473,without_dynamics,1.0,1,7
1258,08473,without_articulation,1.0,1,7
1258,08473,without_pedaling,1.0,1,7
1258,08474,all,1.0,1,7
1258,08474,without_tempo,1.0,1,7
1258,08474,without_rubato,1.0,1,7
1258,08474,without_dynamics,1.0,1,7
1258,08474,without_articulation,1.0,1,7
1258,08474,without_pedaling,1.0,1,7
1258,08475,all,1.0,1,7
1258,08475,without_tempo,1.0,1,7
1258,08475,without_rubato,1.0,1,7
1258,08475,without_dynamics,1.0,1,7
1258,08475,without_articulation,1.0,1,7
1258,08475,without_pedaling,1.0,1,7
1258,08476,all,1.0,1,7
1258,08476,without_tempo,0.9642857142857145,1,7
1258,08476,without_rubato,0.8571428571428573,1,7
1258,08476,without_dynamics,1.0,1,7
1258,08476,without_articulation,1.0,1,7
1258,08476,without_pedaling,1.0,1,7
1258,08477,all,0.9642857142857145,1,7
1258,08477,without_tempo,1.0,1,7
1258,08477,without_rubato,0.8571428571428573,1,7
1258,08477,without_dynamics,1.0,1,7
1258,08477,without_articulation,1.0,1,7
1258,08477,without_pedaling,0.9642857142857145,0,7
1259,08483,all,0.9999999999999999,1,26
1259,08483,without_tempo,0.9993162393162391,1,26
1259,08483,without_rubato,0.9999999999999999,1,26
1259,08483,without_dynamics,0.9999999999999999,1,26
1259,08483,without_articulation,0.9999999999999999,1,26
1259,08483,without_pedaling,0.9999999999999999,1,26
1259,08485,all,0.987008547008547,1,26
1259,08485,without_tempo,0.9917948717948717,1,26
1259,08485,without_rubato,0.9965811965811966,1,26
1259,08485,without_dynamics,0.9945299145299145,1,26
1259,08485,without_articulation,0.9993162393162391,1,26
1259,08485,without_pedaling,0.9931623931623932,1,26
1259,08486,all,0.9705982905982906,1,26
1259,08486,without_tempo,0.9917948717948717,1,26
1259,08486,without_rubato,0.9719658119658119,1,26
1259,08486,without_dynamics,0.9788034188034187,0,26
1259,08486,without_articulation,0.9384615384615382,1,26
1259,08486,without_pedaling,0.9555555555555554,1,26
1259,08487,all,0.749059829059829,1,26
1259,08487,without_tempo,0.625982905982906,1,26
1259,08487,without_rubato,0.9767521367521367,1,26
1259,08487,without_dynamics,0.7729914529914529,0,26
1259,08487,without_articulation,0.6834188034188033,1,26
1259,08487,without_pedaling,0.777094017094017,1,26
1259,08488,all,0.9979487179487179,1,26
1259,08488,without_tempo,0.9986324786324786,1,26
1259,08488,without_rubato,0.995213675213675,1,26
1259,08488,without_dynamics,0.9986324786324786,1,26
1259,08488,without_articulation,0.9993162393162391,1,26
1259,08488,without_pedaling,0.9958974358974357,0,26
1260,08521,all,0.9988706945228685,1,22
1260,08521,without_tempo,1.0,1,22
1260,08521,without_rubato,1.0,1,22
1260,08521,without_dynamics,1.0,1,22
1260,08521,without_articulation,0.9988706945228685,1,22
1260,08521,without_pedaling,0.9988706945228685,1,22
1260,08523,all,0.9740259740259741,1,22
1260,08523,without_tempo,0.9525691699604744,0,22
1260,08523,without_rubato,0.9954827780914738,1,22
1260,08523,without_dynamics,0.9559570863918693,1,22
1260,08523,without_articulation,0.9457933370976851,0,22
1260,08523,without_pedaling,0.9570863918690007,1,22
1260,08524,all,1.0,1,22
1260,08524,without_tempo,0.9966120835686054,1,22
1260,08524,without_rubato,0.9988706945228685,1,22
1260,08524,without_dynamics,0.9966120835686054,1,22
1260,08524,without_articulation,0.9988706945228685,1,22
1260,08524,without_pedaling,0.9977413890457371,1,22
1260,08525,all,0.9774138904573689,0,22
1260,08525,without_tempo,0.9717673630717111,1,22
1260,08525,without_rubato,0.9841897233201583,1,22
1260,08525,without_dynamics,0.9717673630717111,0,22
1260,08525,without_articulation,0.9966120835686054,1,22
1260,08525,without_pedaling,0.9683794466403164,0,22
1260,08526,all,0.9932241671372107,0,22
1260,08526,without_tempo,1.0,1,22
1260,08526,without_rubato,0.9909655561829477,1,22
1260,08526,without_dynamics,0.9988706945228685,1,22
1260,08526,without_articulation,0.9932241671372107,0,22
1260,08526,without_pedaling,0.9943534726143423,1,22
1264,08583,all,0.9749999999999999,1,15
1264,08583,without_tempo,0.9392857142857142,1,15
1264,08583,without_rubato,0.9857142857142854,0,15
1264,08583,without_dynamics,0.9678571428571429,1,15
1264,08583,without_articulation,0.9642857142857141,1,15
1264,08583,without_pedaling,0.9571428571428571,1,15
1264,08584,all,0.914285714285714,1,15
1264,08584,without_tempo,0.9214285714285713,1,15
1264,08584,without_rubato,0.9892857142857142,0,15
1264,08584,without_dynamics,0.7321428571428571,1,15
1264,08584,without_articulation,0.8857142857142855,0,15
1264,08584,without_pedaling,0.8357142857142855,1,15
1264,08587,all,0.9285714285714284,0,15
1264,08587,without_tempo,0.9249999999999998,1,15
1264,08587,without_rubato,0.9928571428571428,1,15
1264,08587,without_dynamics,0.9428571428571427,1,15
1264,08587,without_articulation,0.9678571428571429,1,15
1264,08587,without_pedaling,0.932142857142857,0,15
1264,08588,all,0.9714285714285713,1,15
1264,08588,without_tempo,0.9642857142857141,1,15
1264,08588,without_rubato,0.9249999999999998,1,15
1264,08588,without_dynamics,0.8142857142857142,1,15
1264,08588,without_articulation,0.9785714285714284,1,15
1264,08588,without_pedaling,0.9428571428571427,1,15
1264,08590,all,0.95,1,15
1264,08590,without_tempo,0.95,0,15
1264,08590,without_rubato,0.9964285714285712,0,15
1264,08590,without_dynamics,0.9392857142857142,1,15
1264,08590,without_articulation,0.8964285714285712,1,15
1264,08590,without_pedaling,0.9285714285714284,1,15
127,00460,all,1.0,1,3
127,00460,without_tempo,1.0,1,3
127,00460,without_rubato,1.0,1,3
127,00460,without_dynamics,1.0,1,3
127,00460,without_articulation,1.0,1,3
127,00460,without_pedaling,1.0,1,3
127,00461,all,1.0,1,3
127,00461,without_tempo,1.0,1,3
127,00461,without_rubato,1.0,1,3
127,00461,without_dynamics,1.0,1,3
127,00461,without_articulation,1.0,1,3
127,00461,without_pedaling,1.0,1,3
127,00463,all,1.0,1,3
127,00463,without_tempo,1.0,1,3
127,00463,without_rubato,1.0,1,3
127,00463,without_dynamics,1.0,1,3
127,00463,without_articulation,1.0,1,3
127,00463,without_pedaling,1.0,1,3
1300,08795,all,1.0,1,13
1300,08795,without_tempo,1.0,1,13
1300,08795,without_rubato,1.0,1,13
1300,08795,without_dynamics,1.0,1,13
1300,08795,without_articulation,1.0,1,13
1300,08795,without_pedaling,1.0,1,13
1300,08796,all,1.0,1,13
1300,08796,without_tempo,1.0,1,13
1300,08796,without_rubato,1.0,1,13
1300,08796,without_dynamics,1.0,1,13
1300,08796,without_articulation,1.0,1,13
1300,08796,without_pedaling,1.0,1,13
1300,08797,all,1.0,1,13
1300,08797,without_tempo,0.9230769230769231,0,13
1300,08797,without_rubato,1.0,1,13
1300,08797,without_dynamics,0.9780219780219779,1,13
1300,08797,without_articulation,0.9945054945054945,1,13
1300,08797,without_pedaling,0.9780219780219779,1,13
1300,08798,all,0.9945054945054945,1,13
1300,08798,without_tempo,0.9945054945054945,1,13
1300,08798,without_rubato,1.0,1,13
1300,08798,without_dynamics,1.0,1,13
1300,08798,without_articulation,1.0,1,13
1300,08798,without_pedaling,0.9945054945054945,1,13
1300,08799,all,0.989010989010989,1,13
1300,08799,without_tempo,0.9835164835164836,1,13
1300,08799,without_rubato,0.9945054945054945,1,13
1300,08799,without_dynamics,0.9945054945054945,1,13
1300,08799,without_articulation,0.989010989010989,1,13
1300,08799,without_pedaling,0.989010989010989,1,13
1301,08815,all,1.0,1,15
1301,08815,without_tempo,1.0,1,15
1301,08815,without_rubato,1.0,1,15
1301,08815,without_dynamics,1.0,1,15
1301,08815,without_articulation,1.0,1,15
1301,08815,without_pedaling,1.0,1,15
1301,08816,all,0.9964285714285712,1,15
1301,08816,without_tempo,1.0,1,15
1301,08816,without_rubato,1.0,1,15
1301,08816,without_dynamics,1.0,1,15
1301,08816,without_articulation,1.0,1,15
1301,08816,without_pedaling,0.9964285714285712,1,15
1301,08818,all,0.9857142857142854,1,15
1301,08818,without_tempo,0.982142857142857,0,15
1301,08818,without_rubato,1.0,1,15
1301,08818,without_dynamics,0.982142857142857,1,15
1301,08818,without_articulation,0.9749999999999999,1,15
1301,08818,without_pedaling,0.9678571428571429,1,15
1301,08820,all,0.9642857142857141,0,15
1301,08820,without_tempo,0.95,1,15
1301,08820,without_rubato,0.9928571428571428,1,15
1301,08820,without_dynamics,0.9964285714285712,1,15
1301,08820,without_articulation,0.9964285714285712,1,15
1301,08820,without_pedaling,0.9857142857142854,1,15
1301,08821,all,0.9749999999999999,1,15
1301,08821,without_tempo,0.982142857142857,1,15
1301,08821,without_rubato,1.0,1,15
1301,08821,without_dynamics,0.9964285714285712,1,15
1301,08821,without_articulation,0.9928571428571428,1,15
1301,08821,without_pedaling,0.9857142857142854,1,15
1302,08838,all,1.0,1,13
1302,08838,without_tempo,1.0,1,13
1302,08838,without_rubato,0.9945054945054945,0,13
1302,08838,without_dynamics,1.0,1,13
1302,08838,without_articulation,0.9945054945054945,1,13
1302,08838,without_pedaling,1.0,1,13
1302,08839,all,1.0,1,13
1302,08839,without_tempo,1.0,1,13
1302,08839,without_rubato,0.9945054945054945,1,13
1302,08839,without_dynamics,1.0,1,13
1302,08839,without_articulation,1.0,1,13
1302,08839,without_pedaling,1.0,1,13
1302,08840,all,0.5824175824175823,0,13
1302,08840,without_tempo,0.521978021978022,0,13
1302,08840,without_rubato,0.9725274725274725,1,13
1302,08840,without_dynamics,0.5054945054945055,0,13
1302,08840,without_articulation,0.35714285714285715,0,13
1302,08840,without_pedaling,0.08241758241758242,0,13
1302,08841,all,0.9835164835164836,1,13
1302,08841,without_tempo,0.9945054945054945,1,13
1302,08841,without_rubato,0.9835164835164836,1,13
1302,08841,without_dynamics,0.9945054945054945,1,13
1302,08841,without_articulation,1.0,1,13
1302,08841,without_pedaling,0.9945054945054945,1,13
1302,08843,all,0.9945054945054945,0,13
1302,08843,without_tempo,0.9175824175824175,1,13
1302,08843,without_rubato,0.9780219780219779,0,13
1302,08843,without_dynamics,0.989010989010989,0,13
1302,08843,without_articulation,1.0,1,13
1302,08843,without_pedaling,0.9725274725274725,1,13
1303,08859,all,1.0,1,13
1303,08859,without_tempo,1.0,1,13
1303,08859,without_rubato,1.0,1,13
1303,08859,without_dynamics,1.0,1,13
1303,08859,without_articulation,1.0,1,13
1303,08859,without_pedaling,1.0,1,13
1303,08860,all,1.0,1,13
1303,08860,without_tempo,1.0,1,13
1303,08860,without_rubato,1.0,1,13
1303,08860,without_dynamics,1.0,1,13
1303,08860,without_articulation,1.0,1,13
1303,08860,without_pedaling,1.0,1,13
1303,08861,all,1.0,1,13
1303,08861,without_tempo,1.0,1,13
1303,08861,without_rubato,1.0,1,13
1303,08861,without_dynamics,1.0,1,13
1303,08861,without_articulation,1.0,1,13
1303,08861,without_pedaling,1.0,1,13
1303,08862,all,0.9945054945054945,1,13
1303,08862,without_tempo,1.0,1,13
1303,08862,without_rubato,1.0,1,13
1303,08862,without_dynamics,0.9780219780219779,1,13
1303,08862,without_articulation,0.9945054945054945,1,13
1303,08862,without_pedaling,0.9780219780219779,1,13
1303,08864,all,1.0,1,13
1303,08864,without_tempo,1.0,1,13
1303,08864,without_rubato,0.9780219780219779,1,13
1303,08864,without_dynamics,0.989010989010989,0,13
1303,08864,without_articulation,1.0,1,13
1303,08864,without_pedaling,1.0,1,13
1304,08886,all,0.9928571428571428,1,15
1304,08886,without_tempo,1.0,1,15
1304,08886,without_rubato,0.9964285714285712,1,15
1304,08886,without_dynamics,0.9964285714285712,1,15
1304,08886,without_articulation,1.0,1,15
1304,08886,without_pedaling,1.0,1,15
1304,08887,all,0.8499999999999999,0,15
1304,08887,without_tempo,0.8964285714285712,1,15
1304,08887,without_rubato,0.9785714285714284,1,15
1304,08887,without_dynamics,0.8107142857142855,1,15
1304,08887,without_articulation,0.9357142857142854,0,15
1304,08887,without_pedaling,0.8321428571428571,0,15
1304,08889,all,0.9857142857142854,1,15
1304,08889,without_tempo,0.9892857142857142,1,15
1304,08889,without_rubato,0.9964285714285712,1,15
1304,08889,without_dynamics,0.95,1,15
1304,08889,without_articulation,0.9892857142857142,1,15
1304,08889,without_pedaling,0.9964285714285712,1,15
1304,08898,all,0.9785714285714284,1,15
1304,08898,without_tempo,0.9749999999999999,0,15
1304,08898,without_rubato,1.0,1,15
1304,08898,without_dynamics,0.982142857142857,0,15
1304,08898,without_articulation,0.9857142857142854,1,15
1304,08898,without_pedaling,0.9892857142857142,1,15
1304,08903,all,0.9928571428571428,1,15
1304,08903,without_tempo,0.9928571428571428,1,15
1304,08903,without_rubato,0.9964285714285712,1,15
1304,08903,without_dynamics,0.9785714285714284,1,15
1304,08903,without_articulation,0.9892857142857142,1,15
1304,08903,without_pedaling,0.9964285714285712,1,15
1305,08927,all,0.9941838649155723,1,40
1305,08927,without_tempo,0.9962476547842404,0,40
1305,08927,without_rubato,0.9900562851782365,1,40
1305,08927,without_dynamics,0.9938086303939965,1,40
1305,08927,without_articulation,0.9939962476547843,1,40
1305,08927,without_pedaling,0.9930581613508443,0,40
1305,08928,all,0.9969981238273923,1,40
1305,08928,without_tempo,0.9977485928705443,1,40
1305,08928,without_rubato,0.9923076923076924,1,40
1305,08928,without_dynamics,0.9981238273921202,1,40
1305,08928,without_articulation,0.9992495309568482,1,40
1305,08928,without_pedaling,0.9979362101313323,0,40
1305,08929,all,0.9938086303939965,0,40
1305,08929,without_tempo,0.9951219512195124,1,40
1305,08929,without_rubato,0.9981238273921202,1,40
1305,08929,without_dynamics,0.9915572232645404,0,40
1305,08929,without_articulation,0.9941838649155723,0,40
1305,08929,without_pedaling,0.9947467166979365,0,40
1305,08930,all,0.9986866791744841,1,40
1305,08930,without_tempo,0.9962476547842404,1,40
1305,08930,without_rubato,0.9727954971857412,0,40
1305,08930,without_dynamics,0.9966228893058163,0,40
1305,08930,without_articulation,0.9990619136960602,1,40
1305,08930,without_pedaling,0.9971857410881801,1,40
1305,08932,all,0.9986866791744841,1,40
1305,08932,without_tempo,0.9894934333958726,1,40
1305,08932,without_rubato,0.9786116322701691,0,40
1305,08932,without_dynamics,0.9964352720450284,0,40
1305,08932,without_articulation,0.9994371482176362,1,40
1305,08932,without_pedaling,0.9969981238273923,1,40
1307,09029,all,0.9987903225806452,1,31
1307,09029,without_tempo,0.9975806451612905,1,31
1307,09029,without_rubato,0.9987903225806452,1,31
1307,09029,without_dynamics,0.9987903225806452,1,31
1307,09029,without_articulation,0.9995967741935484,1,31
1307,09029,without_pedaling,0.9987903225806452,1,31
1307,09032,all,0.9995967741935484,1,31
1307,09032,without_tempo,0.9991935483870967,1,31
1307,09032,without_rubato,0.9967741935483874,1,31
1307,09032,without_dynamics,0.9955645161290323,1,31
1307,09032,without_articulation,0.9991935483870967,1,31
1307,09032,without_pedaling,0.997177419354839,1,31
1307,09034,all,0.9987903225806452,1,31
1307,09034,without_tempo,0.9983870967741936,1,31
1307,09034,without_rubato,0.9983870967741936,1,31
1307,09034,without_dynamics,0.994758064516129,1,31
1307,09034,without_articulation,0.9995967741935484,1,31
1307,09034,without_pedaling,0.9991935483870967,1,31
1307,09039,all,0.9935483870967743,1,31
1307,09039,without_tempo,0.9915322580645162,1,31
1307,09039,without_rubato,0.9387096774193548,1,31
1307,09039,without_dynamics,0.9915322580645162,1,31
1307,09039,without_articulation,0.997177419354839,1,31
1307,09039,without_pedaling,0.9935483870967743,1,31
1307,09040,all,0.9995967741935484,1,31
1307,09040,without_tempo,1.0,1,31
1307,09040,without_rubato,0.997983870967742,1,31
1307,09040,without_dynamics,1.0,1,31
1307,09040,without_articulation,1.0,1,31
1307,09040,without_pedaling,1.0,1,31
1308,09079,all,0.9999999999999999,1,37
1308,09079,without_tempo,0.9999999999999999,1,37
1308,09079,without_rubato,0.9999999999999999,1,37
1308,09079,without_dynamics,0.9999999999999999,1,37
1308,09079,without_articulation,0.9997629208155523,1,37
1308,09079,without_pedaling,0.9999999999999999,1,37
1308,09083,all,0.9905168326220956,1,37
1308,09083,without_tempo,0.991465149359886,1,37
1308,09083,without_rubato,0.9919393077287812,1,37
1308,09083,without_dynamics,0.9907539118065434,1,37
1308,09083,without_articulation,0.9888572783309624,0,37
1308,09083,without_pedaling,0.9895685158843054,1,37
1308,09085,all,0.9950213371266002,1,37
1308,09085,without_tempo,0.9988146040777618,1,37
1308,09085,without_rubato,0.9838786154575628,1,37
1308,09085,without_dynamics,0.992650545282124,1,37
1308,09085,without_articulation,0.9900426742532006,0,37
1308,09085,without_pedaling,0.9952584163110477,1,37
1308,09089,all,0.9964438122332858,1,37
1308,09089,without_tempo,0.996917970602181,0,37
1308,09089,without_rubato,0.9414414414414414,1,37
1308,09089,without_dynamics,0.9976292081555238,1,37
1308,09089,without_articulation,0.9957325746799429,1,37
1308,09089,without_pedaling,0.9976292081555238,0,37
1308,09091,all,0.9947842579421526,1,37
1308,09091,without_tempo,0.9935988620199145,0,37
1308,09091,without_rubato,0.9163110478899952,1,37
1308,09091,without_dynamics,0.9921763869132288,1,37
1308,09091,without_articulation,0.9988146040777618,1,37
1308,09091,without_pedaling,0.9945471787577049,0,37
1309,09136,all,1.0,1,9
1309,09136,without_tempo,0.9833333333333333,1,9
1309,09136,without_rubato,1.0,1,9
1309,09136,without_dynamics,1.0,1,9
1309,09136,without_articulation,1.0,1,9
1309,09136,without_pedaling,1.0,1,9
1309,09140,all,1.0,1,9
1309,09140,without_tempo,1.0,1,9
1309,09140,without_rubato,1.0,1,9
1309,09140,without_dynamics,1.0,1,9
1309,09140,without_articulation,1.0,1,9
1309,09140,without_pedaling,1.0,1,9
1309,09142,all,0.9833333333333333,0,9
1309,09142,without_tempo,0.9833333333333333,1,9
1309,09142,without_rubato,0.9833333333333333,0,9
1309,09142,without_dynamics,0.9833333333333333,0,9
1309,09142,without_articulation,0.9833333333333333,0,9
1309,09142,without_pedaling,0.9833333333333333,0,9
1309,09144,all,0.9833333333333333,1,9
1309,09144,without_tempo,0.9833333333333333,1,9
1309,09144,without_rubato,0.9500000000000001,1,9
1309,09144,without_dynamics,0.9500000000000001,1,9
1309,09144,without_articulation,1.0,1,9
1309,09144,without_pedaling,1.0,1,9
1309,09145,all,0.8333333333333333,0,9
1309,09145,without_tempo,0.9833333333333333,1,9
1309,09145,without_rubato,0.9333333333333332,1,9
1309,09145,without_dynamics,0.9166666666666666,1,9
1309,09145,without_articulation,0.7833333333333333,0,9
1309,09145,without_pedaling,0.7833333333333333,0,9
1310,09158,all,0.9543859649122807,1,19
1310,09158,without_tempo,0.9842105263157893,1,19
1310,09158,without_rubato,0.9982456140350877,1,19
1310,09158,without_dynamics,0.9789473684210527,1,19
1310,09158,without_articulation,0.980701754385965,1,19
1310,09158,without_pedaling,0.9368421052631579,1,19
1310,09159,all,0.9842105263157893,1,19
1310,09159,without_tempo,0.9771929824561404,1,19
1310,09159,without_rubato,0.8912280701754386,1,19
1310,09159,without_dynamics,0.987719298245614,1,19
1310,09159,without_articulation,0.9789473684210527,1,19
1310,09159,without_pedaling,0.9929824561403509,0,19
1310,09161,all,0.9824561403508772,1,19
1310,09161,without_tempo,0.9929824561403509,1,19
1310,09161,without_rubato,0.9912280701754386,1,19
1310,09161,without_dynamics,0.9964912280701754,1,19
1310,09161,without_articulation,0.9982456140350877,1,19
1310,09161,without_pedaling,0.9964912280701754,1,19
1310,09162,all,0.9789473684210527,1,19
1310,09162,without_tempo,0.9929824561403509,1,19
1310,09162,without_rubato,0.9771929824561404,0,19
1310,09162,without_dynamics,0.987719298245614,1,19
1310,09162,without_articulation,0.9964912280701754,1,19
1310,09162,without_pedaling,0.9894736842105263,1,19
1310,09163,all,0.975438596491228,1,19
1310,09163,without_tempo,0.9912280701754386,1,19
1310,09163,without_rubato,0.9771929824561404,0,19
1310,09163,without_dynamics,0.9894736842105263,1,19
1310,09163,without_articulation,0.9894736842105263,1,19
1310,09163,without_pedaling,0.987719298245614,1,19
1315,09225,all,0.9779220779220777,1,21
1315,09225,without_tempo,0.9935064935064933,1,21
1315,09225,without_rubato,0.9584415584415583,1,21
1315,09225,without_dynamics,0.9805194805194805,1,21
1315,09225,without_articulation,0.9805194805194805,1,21
1315,09225,without_pedaling,0.9584415584415583,1,21
1315,09226,all,0.9636363636363635,1,21
1315,09226,without_tempo,0.9922077922077923,1,21
1315,09226,without_rubato,0.9285714285714285,1,21
1315,09226,without_dynamics,0.9545454545454546,1,21
1315,09226,without_articulation,0.9688311688311689,1,21
1315,09226,without_pedaling,0.92987012987013,1,21
1315,09227,all,0.9805194805194805,1,21
1315,09227,without_tempo,1.0,1,21
1315,09227,without_rubato,0.9883116883116884,1,21
1315,09227,without_dynamics,0.996103896103896,1,21
1315,09227,without_articulation,0.996103896103896,1,21
1315,09227,without_pedaling,0.9857142857142858,1,21
1315,09228,all,1.0,1,21
1315,09228,without_tempo,0.9987012987012988,1,21
1315,09228,without_rubato,0.9870129870129869,1,21
1315,09228,without_dynamics,0.9987012987012988,1,21
1315,09228,without_articulation,0.9974025974025975,1,21
1315,09228,without_pedaling,1.0,1,21
1315,09233,all,1.0,1,21
1315,09233,without_tempo,0.9987012987012988,1,21
1315,09233,without_rubato,0.9896103896103896,1,21
1315,09233,without_dynamics,0.9974025974025975,1,21
1315,09233,without_articulation,1.0,1,21
1315,09233,without_pedaling,0.9987012987012988,1,21
1316,09255,all,0.9701754385964911,1,19
1316,09255,without_tempo,0.8859649122807017,1,19
1316,09255,without_rubato,0.9842105263157893,1,19
1316,09255,without_dynamics,0.9368421052631579,1,19
1316,09255,without_articulation,0.9578947368421052,1,19
1316,09255,without_pedaling,0.9666666666666668,1,19
1316,09257,all,0.9526315789473684,1,19
1316,09257,without_tempo,0.843859649122807,1,19
1316,09257,without_rubato,0.980701754385965,1,19
1316,09257,without_dynamics,0.9210526315789472,1,19
1316,09257,without_articulation,0.9403508771929823,1,19
1316,09257,without_pedaling,0.9614035087719298,1,19
1316,09258,all,0.9947368421052631,1,19
1316,09258,without_tempo,0.9929824561403509,1,19
1316,09258,without_rubato,0.9947368421052631,1,19
1316,09258,without_dynamics,0.987719298245614,0,19
1316,09258,without_articulation,0.9842105263157893,0,19
1316,09258,without_pedaling,0.9894736842105263,0,19
1316,09259,all,0.9982456140350877,1,19
1316,09259,without_tempo,0.9859649122807018,1,19
1316,09259,without_rubato,0.9982456140350877,1,19
1316,09259,without_dynamics,0.9894736842105263,1,19
1316,09259,without_articulation,0.9824561403508772,1,19
1316,09259,without_pedaling,0.9947368421052631,1,19
1316,09263,all,0.9982456140350877,1,19
1316,09263,without_tempo,0.9982456140350877,1,19
1316,09263,without_rubato,0.9894736842105263,1,19
1316,09263,without_dynamics,0.9789473684210527,1,19
1316,09263,without_articulation,1.0,1,19
1316,09263,without_pedaling,0.9982456140350877,1,19
1317,09295,all,0.9999999999999999,1,5
1317,09295,without_tempo,0.9999999999999999,1,5
1317,09295,without_rubato,0.9999999999999999,1,5
1317,09295,without_dynamics,0.9999999999999999,1,5
1317,09295,without_articulation,0.9999999999999999,1,5
1317,09295,without_pedaling,0.9999999999999999,1,5
1317,09300,all,0.9999999999999999,1,5
1317,09300,without_tempo,0.9999999999999999,1,5
1317,09300,without_rubato,0.9999999999999999,1,5
1317,09300,without_dynamics,0.8999999999999998,1,5
1317,09300,without_articulation,0.9999999999999999,1,5
1317,09300,without_pedaling,0.8999999999999998,0,5
1317,09303,all,0.9999999999999999,1,5
1317,09303,without_tempo,0.9999999999999999,1,5
1317,09303,without_rubato,0.9999999999999999,1,5
1317,09303,without_dynamics,0.9999999999999999,1,5
1317,09303,without_articulation,0.9999999999999999,1,5
1317,09303,without_pedaling,0.9999999999999999,1,5
1317,09311,all,0.9999999999999999,1,5
1317,09311,without_tempo,0.9999999999999999,1,5
1317,09311,without_rubato,0.9999999999999999,1,5
1317,09311,without_dynamics,0.9999999999999999,1,5
1317,09311,without_articulation,0.9999999999999999,1,5
1317,09311,without_pedaling,0.9999999999999999,1,5
1317,09313,all,0.9999999999999999,1,5
1317,09313,without_tempo,0.9999999999999999,1,5
1317,09313,without_rubato,0.9999999999999999,1,5
1317,09313,without_dynamics,0.9999999999999999,1,5
1317,09313,without_articulation,0.9999999999999999,1,5
1317,09313,without_pedaling,0.9999999999999999,1,5
1495,10426,all,0.9833333333333333,1,9
1495,10426,without_tempo,1.0,1,9
1495,10426,without_rubato,0.8833333333333333,1,9
1495,10426,without_dynamics,1.0,1,9
1495,10426,without_articulation,0.9833333333333333,1,9
1495,10426,without_pedaling,1.0,1,9
1495,10428,all,0.9833333333333333,1,9
1495,10428,without_tempo,1.0,1,9
1495,10428,without_rubato,1.0,1,9
1495,10428,without_dynamics,0.9833333333333333,1,9
1495,10428,without_articulation,1.0,1,9
1495,10428,without_pedaling,1.0,1,9
1495,10429,all,0.8666666666666667,1,9
1495,10429,without_tempo,0.9833333333333333,1,9
1495,10429,without_rubato,1.0,1,9
1495,10429,without_dynamics,0.9666666666666667,0,9
1495,10429,without_articulation,0.9833333333333333,1,9
1495,10429,without_pedaling,0.8499999999999999,1,9
1495,10431,all,1.0,1,9
1495,10431,without_tempo,1.0,1,9
1495,10431,without_rubato,1.0,1,9
1495,10431,without_dynamics,1.0,1,9
1495,10431,without_articulation,1.0,1,9
1495,10431,without_pedaling,1.0,1,9
1503,10462,all,0.9860139860139862,1,12
1503,10462,without_tempo,0.9930069930069931,1,12
1503,10462,without_rubato,0.9790209790209792,1,12
1503,10462,without_dynamics,1.0,1,12
1503,10462,without_articulation,0.9510489510489512,1,12
1503,10462,without_pedaling,0.9720279720279721,1,12
1503,10463,all,0.9930069930069931,1,12
1503,10463,without_tempo,0.9860139860139862,1,12
1503,10463,without_rubato,0.9930069930069931,1,12
1503,10463,without_dynamics,1.0,1,12
1503,10463,without_articulation,0.9930069930069931,1,12
1503,10463,without_pedaling,1.0,1,12
1503,10464,all,1.0,1,12
1503,10464,without_tempo,1.0,1,12
1503,10464,without_rubato,1.0,1,12
1503,10464,without_dynamics,1.0,1,12
1503,10464,without_articulation,0.9860139860139862,1,12
1503,10464,without_pedaling,0.9930069930069931,1,12
1503,10465,all,0.9930069930069931,1,12
1503,10465,without_tempo,1.0,1,12
1503,10465,without_rubato,1.0,1,12
1503,10465,without_dynamics,0.9930069930069931,1,12
1503,10465,without_articulation,1.0,1,12
1503,10465,without_pedaling,0.9930069930069931,1,12
1503,10467,all,0.9860139860139862,1,12
1503,10467,without_tempo,0.9860139860139862,1,12
1503,10467,without_rubato,0.9720279720279721,1,12
1503,10467,without_dynamics,0.9720279720279721,1,12
1503,10467,without_articulation,1.0,1,12
1503,10467,without_pedaling,0.9930069930069931,0,12
1517,10537,all,1.0,1,9
1517,10537,without_tempo,0.9333333333333332,1,9
1517,10537,without_rubato,1.0,1,9
1517,10537,without_dynamics,0.9833333333333333,1,9
1517,10537,without_articulation,1.0,1,9
1517,10537,without_pedaling,0.9833333333333333,1,9
1517,10538,all,1.0,1,9
1517,10538,without_tempo,0.9333333333333332,1,9
1517,10538,without_rubato,1.0,1,9
1517,10538,without_dynamics,1.0,1,9
1517,10538,without_articulation,1.0,1,9
1517,10538,without_pedaling,1.0,1,9
1517,10539,all,1.0,1,9
1517,10539,without_tempo,0.9500000000000001,1,9
1517,10539,without_rubato,1.0,1,9
1517,10539,without_dynamics,1.0,1,9
1517,10539,without_articulation,1.0,1,9
1517,10539,without_pedaling,0.9833333333333333,1,9
1517,10540,all,1.0,1,9
1517,10540,without_tempo,0.9666666666666667,0,9
1517,10540,without_rubato,1.0,1,9
1517,10540,without_dynamics,1.0,1,9
1517,10540,without_articulation,1.0,1,9
1517,10540,without_pedaling,1.0,1,9
1517,10541,all,1.0,1,9
1517,10541,without_tempo,0.9833333333333333,1,9
1517,10541,without_rubato,1.0,1,9
1517,10541,without_dynamics,1.0,1,9
1517,10541,without_articulation,1.0,1,9
1517,10541,without_pedaling,1.0,1,9
1520,10571,all,1.0,1,7
1520,10571,without_tempo,1.0,1,7
1520,10571,without_rubato,1.0,1,7
1520,10571,without_dynamics,1.0,1,7
1520,10571,without_articulation,1.0,1,7
1520,10571,without_pedaling,1.0,1,7
1520,10572,all,1.0,1,7
1520,10572,without_tempo,0.9642857142857145,0,7
1520,10572,without_rubato,1.0,1,7
1520,10572,without_dynamics,0.7142857142857144,0,7
1520,10572,without_articulation,1.0,1,7
1520,10572,without_pedaling,1.0,1,7
1520,10573,all,1.0,1,7
1520,10573,without_tempo,1.0,1,7
1520,10573,without_rubato,1.0,1,7
1520,10573,without_dynamics,0.8571428571428573,0,7
1520,10573,without_articulation,1.0,1,7
1520,10573,without_pedaling,1.0,1,7
1520,10576,all,1.0,1,7
1520,10576,without_tempo,1.0,1,7
1520,10576,without_rubato,1.0,1,7
1520,10576,without_dynamics,1.0,1,7
1520,10576,without_articulation,0.9642857142857145,1,7
1520,10576,without_pedaling,1.0,1,7
1520,10577,all,0.9642857142857145,1,7
1520,10577,without_tempo,1.0,1,7
1520,10577,without_rubato,1.0,1,7
1520,10577,without_dynamics,0.7857142857142859,1,7
1520,10577,without_articulation,0.9642857142857145,1,7
1520,10577,without_pedaling,0.9642857142857145,1,7
1543,10677,all,0.8333333333333335,1,8
1543,10677,without_tempo,0.9761904761904763,1,8
1543,10677,without_rubato,0.9761904761904763,1,8
1543,10677,without_dynamics,1.0,1,8
1543,10677,without_articulation,0.9047619047619048,1,8
1543,10677,without_pedaling,1.0,1,8
1543,10680,all,0.8095238095238096,1,8
1543,10680,without_tempo,0.9761904761904763,1,8
1543,10680,without_rubato,0.9047619047619048,1,8
1543,10680,without_dynamics,0.9285714285714287,1,8
1543,10680,without_articulation,1.0,1,8
1543,10680,without_pedaling,0.9285714285714287,1,8
1543,10681,all,1.0,1,8
1543,10681,without_tempo,0.9761904761904763,1,8
1543,10681,without_rubato,0.880952380952381,1,8
1543,10681,without_dynamics,0.9761904761904763,1,8
1543,10681,without_articulation,1.0,1,8
1543,10681,without_pedaling,0.9761904761904763,1,8
1543,10682,all,1.0,1,8
1543,10682,without_tempo,0.9523809523809524,1,8
1543,10682,without_rubato,1.0,1,8
1543,10682,without_dynamics,1.0,1,8
1543,10682,without_articulation,1.0,1,8
1543,10682,without_pedaling,0.9761904761904763,0,8
1543,10684,all,0.9761904761904763,1,8
1543,10684,without_tempo,1.0,1,8
1543,10684,without_rubato,1.0,1,8
1543,10684,without_dynamics,1.0,1,8
1543,10684,without_articulation,0.9523809523809524,1,8
1543,10684,without_pedaling,0.9285714285714287,0,8
1560,10781,all,0.9928571428571428,1,15
1560,10781,without_tempo,1.0,1,15
1560,10781,without_rubato,0.9928571428571428,1,15
1560,10781,without_dynamics,1.0,1,15
1560,10781,without_articulation,0.9964285714285712,1,15
1560,10781,without_pedaling,1.0,1,15
1560,10783,all,0.9928571428571428,1,15
1560,10783,without_tempo,0.9892857142857142,1,15
1560,10783,without_rubato,0.9857142857142854,1,15
1560,10783,without_dynamics,0.9964285714285712,1,15
1560,10783,without_articulation,1.0,1,15
1560,10783,without_pedaling,0.9964285714285712,1,15
1560,10784,all,0.9892857142857142,1,15
1560,10784,without_tempo,0.9892857142857142,1,15
1560,10784,without_rubato,0.9964285714285712,1,15
1560,10784,without_dynamics,0.982142857142857,1,15
1560,10784,without_articulation,0.9749999999999999,1,15
1560,10784,without_pedaling,0.9678571428571429,1,15
1560,10786,all,0.9964285714285712,1,15
1560,10786,without_tempo,0.9928571428571428,1,15
1560,10786,without_rubato,0.9964285714285712,1,15
1560,10786,without_dynamics,0.9892857142857142,1,15
1560,10786,without_articulation,0.9928571428571428,1,15
1560,10786,without_pedaling,0.9964285714285712,1,15
1560,10787,all,0.9678571428571429,1,15
1560,10787,without_tempo,0.8464285714285712,0,15
1560,10787,without_rubato,0.9964285714285712,1,15
1560,10787,without_dynamics,0.9857142857142854,1,15
1560,10787,without_articulation,0.9607142857142855,1,15
1560,10787,without_pedaling,0.9857142857142854,1,15
1565,10809,all,0.9692307692307693,1,14
1565,10809,without_tempo,0.9868131868131869,0,14
1565,10809,without_rubato,0.9824175824175824,0,14
1565,10809,without_dynamics,0.9340659340659341,1,14
1565,10809,without_articulation,0.9736263736263736,1,14
1565,10809,without_pedaling,0.9736263736263736,1,14
1565,10815,all,0.9956043956043955,1,14
1565,10815,without_tempo,0.9736263736263736,1,14
1565,10815,without_rubato,1.0,1,14
1565,10815,without_dynamics,0.9956043956043955,1,14
1565,10815,without_articulation,1.0,1,14
1565,10815,without_pedaling,1.0,1,14
1565,10816,all,1.0,1,14
1565,10816,without_tempo,0.956043956043956,0,14
1565,10816,without_rubato,1.0,1,14
1565,10816,without_dynamics,1.0,1,14
1565,10816,without_articulation,1.0,1,14
1565,10816,without_pedaling,0.9868131868131869,1,14
1565,10817,all,1.0,1,14
1565,10817,without_tempo,1.0,1,14
1565,10817,without_rubato,0.9956043956043955,1,14
1565,10817,without_dynamics,1.0,1,14
1565,10817,without_articulation,0.9956043956043955,1,14
1565,10817,without_pedaling,1.0,1,14
1565,10818,all,0.9956043956043955,1,14
1565,10818,without_tempo,0.9912087912087912,1,14
1565,10818,without_rubato,1.0,1,14
1565,10818,without_dynamics,0.9912087912087912,1,14
1565,10818,without_articulation,0.9912087912087912,1,14
1565,10818,without_pedaling,0.9956043956043955,1,14
1585,10860,all,1.0,1,3
1585,10860,without_tempo,1.0,1,3
1585,10860,without_rubato,0.5,0,3
1585,10860,without_dynamics,1.0,1,3
1585,10860,without_articulation,1.0,1,3
1585,10860,without_pedaling,1.0,1,3
1585,10861,all,1.0,1,3
1585,10861,without_tempo,1.0,1,3
1585,10861,without_rubato,0.5,0,3
1585,10861,without_dynamics,1.0,1,3
1585,10861,without_articulation,1.0,1,3
1585,10861,without_pedaling,1.0,1,3
1585,10862,all,1.0,1,3
1585,10862,without_tempo,1.0,1,3
1585,10862,without_rubato,1.0,1,3
1585,10862,without_dynamics,1.0,1,3
1585,10862,without_articulation,1.0,1,3
1585,10862,without_pedaling,1.0,1,3
214,00957,all,1.0,1,22
214,00957,without_tempo,1.0,1,22
214,00957,without_rubato,0.9909655561829477,1,22
214,00957,without_dynamics,1.0,1,22
214,00957,without_articulation,0.9966120835686054,1,22
214,00957,without_pedaling,1.0,1,22
214,00960,all,1.0,1,22
214,00960,without_tempo,0.9977413890457371,1,22
214,00960,without_rubato,0.9977413890457371,1,22
214,00960,without_dynamics,0.9977413890457371,1,22
214,00960,without_articulation,0.9988706945228685,1,22
214,00960,without_pedaling,0.9988706945228685,1,22
214,00962,all,0.9977413890457371,1,22
214,00962,without_tempo,0.9887069452286844,1,22
214,00962,without_rubato,0.9819311123658953,1,22
214,00962,without_dynamics,0.9954827780914738,1,22
214,00962,without_articulation,0.9966120835686054,1,22
214,00962,without_pedaling,0.9977413890457371,1,22
214,00963,all,0.9988706945228685,1,22
214,00963,without_tempo,0.9920948616600791,1,22
214,00963,without_rubato,0.9909655561829477,1,22
214,00963,without_dynamics,0.9977413890457371,1,22
214,00963,without_articulation,0.9988706945228685,1,22
214,00963,without_pedaling,0.9988706945228685,1,22
214,00964,all,0.9977413890457371,1,22
214,00964,without_tempo,0.9932241671372107,1,22
214,00964,without_rubato,0.9943534726143423,0,22
214,00964,without_dynamics,0.9943534726143423,1,22
214,00964,without_articulation,0.9988706945228685,1,22
214,00964,without_pedaling,0.9954827780914738,1,22
215,00991,all,1.0,1,7
215,00991,without_tempo,1.0,1,7
215,00991,without_rubato,0.9642857142857145,0,7
215,00991,without_dynamics,1.0,1,7
215,00991,without_articulation,1.0,1,7
215,00991,without_pedaling,1.0,1,7
215,00994,all,0.9642857142857145,1,7
215,00994,without_tempo,1.0,1,7
215,00994,without_rubato,0.7857142857142859,1,7
215,00994,without_dynamics,0.9285714285714288,1,7
215,00994,without_articulation,1.0,1,7
215,00994,without_pedaling,0.9642857142857145,1,7
215,00995,all,1.0,1,7
215,00995,without_tempo,0.9642857142857145,1,7
215,00995,without_rubato,1.0,1,7
215,00995,without_dynamics,1.0,1,7
215,00995,without_articulation,1.0,1,7
215,00995,without_pedaling,1.0,1,7
215,00996,all,1.0,1,7
215,00996,without_tempo,0.9642857142857145,1,7
215,00996,without_rubato,0.9642857142857145,1,7
215,00996,without_dynamics,1.0,1,7
215,00996,without_articulation,1.0,1,7
215,00996,without_pedaling,1.0,1,7
215,00998,all,1.0,1,7
215,00998,without_tempo,1.0,1,7
215,00998,without_rubato,1.0,1,7
215,00998,without_dynamics,1.0,1,7
215,00998,without_articulation,1.0,1,7
215,00998,without_pedaling,1.0,1,7
217,01036,all,0.9636363636363635,1,10
217,01036,without_tempo,0.9757575757575757,1,10
217,01036,without_rubato,0.9999999999999999,1,10
217,01036,without_dynamics,0.9515151515151514,1,10
217,01036,without_articulation,0.9999999999999999,1,10
217,01036,without_pedaling,0.9515151515151514,1,10
217,01045,all,0.9999999999999999,1,10
217,01045,without_tempo,0.9999999999999999,1,10
217,01045,without_rubato,0.9999999999999999,1,10
217,01045,without_dynamics,0.9999999999999999,1,10
217,01045,without_articulation,0.9878787878787878,1,10
217,01045,without_pedaling,0.9999999999999999,1,10
217,01046,all,0.9999999999999999,1,10
217,01046,without_tempo,0.9999999999999999,1,10
217,01046,without_rubato,0.9878787878787878,1,10
217,01046,without_dynamics,0.9999999999999999,1,10
217,01046,without_articulation,0.9999999999999999,1,10
217,01046,without_pedaling,0.9999999999999999,1,10
217,01050,all,0.9999999999999999,1,10
217,01050,without_tempo,0.9999999999999999,1,10
217,01050,without_rubato,0.9999999999999999,1,10
217,01050,without_dynamics,0.9999999999999999,1,10
217,01050,without_articulation,0.9999999999999999,1,10
217,01050,without_pedaling,0.9999999999999999,1,10
217,01051,all,0.9999999999999999,1,10
217,01051,without_tempo,0.9999999999999999,1,10
217,01051,without_rubato,0.9999999999999999,1,10
217,01051,without_dynamics,0.9999999999999999,1,10
217,01051,without_articulation,0.9999999999999999,1,10
217,01051,without_pedaling,0.9878787878787878,1,10
220,01117,all,0.9930069930069931,1,12
220,01117,without_tempo,0.9930069930069931,1,12
220,01117,without_rubato,0.9720279720279721,1,12
220,01117,without_dynamics,0.9930069930069931,0,12
220,01117,without_articulation,0.9790209790209792,1,12
220,01117,without_pedaling,1.0,1,12
220,01118,all,0.9720279720279721,1,12
220,01118,without_tempo,0.9930069930069931,1,12
220,01118,without_rubato,0.9860139860139862,1,12
220,01118,without_dynamics,0.9790209790209792,1,12
220,01118,without_articulation,1.0,1,12
220,01118,without_pedaling,0.9860139860139862,1,12
220,01120,all,0.9860139860139862,0,12
220,01120,without_tempo,0.9790209790209792,1,12
220,01120,without_rubato,0.9790209790209792,1,12
220,01120,without_dynamics,0.9720279720279721,1,12
220,01120,without_articulation,1.0,1,12
220,01120,without_pedaling,0.9440559440559443,0,12
220,01124,all,0.9790209790209792,1,12
220,01124,without_tempo,0.7552447552447553,1,12
220,01124,without_rubato,1.0,1,12
220,01124,without_dynamics,0.9860139860139862,1,12
220,01124,without_articulation,1.0,1,12
220,01124,without_pedaling,0.9860139860139862,1,12
220,01125,all,0.9090909090909092,1,12
220,01125,without_tempo,0.9160839160839163,1,12
220,01125,without_rubato,0.8181818181818183,1,12
220,01125,without_dynamics,0.8951048951048951,1,12
220,01125,without_articulation,0.8951048951048951,1,12
220,01125,without_pedaling,0.9090909090909092,1,12
339,01765,all,1.0,1,7
339,01765,without_tempo,1.0,1,7
339,01765,without_rubato,1.0,1,7
339,01765,without_dynamics,1.0,1,7
339,01765,without_articulation,1.0,1,7
339,01765,without_pedaling,1.0,1,7
339,01766,all,1.0,1,7
339,01766,without_tempo,1.0,1,7
339,01766,without_rubato,1.0,1,7
339,01766,without_dynamics,1.0,1,7
339,01766,without_articulation,1.0,1,7
339,01766,without_pedaling,0.9642857142857145,1,7
339,01767,all,1.0,1,7
339,01767,without_tempo,1.0,1,7
339,01767,without_rubato,1.0,1,7
339,01767,without_dynamics,1.0,1,7
339,01767,without_articulation,1.0,1,7
339,01767,without_pedaling,1.0,1,7
339,01768,all,1.0,1,7
339,01768,without_tempo,0.9642857142857145,0,7
339,01768,without_rubato,1.0,1,7
339,01768,without_dynamics,1.0,1,7
339,01768,without_articulation,1.0,1,7
339,01768,without_pedaling,1.0,1,7
339,01769,all,1.0,1,7
339,01769,without_tempo,0.8928571428571429,1,7
339,01769,without_rubato,0.9642857142857145,1,7
339,01769,without_dynamics,0.9642857142857145,1,7
339,01769,without_articulation,1.0,1,7
339,01769,without_pedaling,1.0,1,7
363,01923,all,1.0,1,4
363,01923,without_tempo,1.0,1,4
363,01923,without_rubato,1.0,1,4
363,01923,without_dynamics,1.0,1,4
363,01923,without_articulation,1.0,1,4
363,01923,without_pedaling,1.0,1,4
363,01930,all,1.0,1,4
363,01930,without_tempo,1.0,1,4
363,01930,without_rubato,1.0,1,4
363,01930,without_dynamics,1.0,1,4
363,01930,without_articulation,1.0,1,4
363,01930,without_pedaling,1.0,1,4
363,01932,all,1.0,1,4
363,01932,without_tempo,1.0,1,4
363,01932,without_rubato,1.0,1,4
363,01932,without_dynamics,1.0,1,4
363,01932,without_articulation,1.0,1,4
363,01932,without_pedaling,1.0,1,4
363,01933,all,1.0,1,4
363,01933,without_tempo,1.0,1,4
363,01933,without_rubato,0.7999999999999999,1,4
363,01933,without_dynamics,1.0,1,4
363,01933,without_articulation,1.0,1,4
363,01933,without_pedaling,1.0,1,4
450,02195,all,1.0,1,7
450,02195,without_tempo,1.0,1,7
450,02195,without_rubato,1.0,1,7
450,02195,without_dynamics,1.0,1,7
450,02195,without_articulation,1.0,1,7
450,02195,without_pedaling,1.0,1,7
450,02196,all,0.9642857142857145,1,7
450,02196,without_tempo,0.9642857142857145,0,7
450,02196,without_rubato,0.9642857142857145,1,7
450,02196,without_dynamics,0.9642857142857145,1,7
450,02196,without_articulation,1.0,1,7
450,02196,without_pedaling,1.0,1,7
450,02197,all,0.8571428571428573,0,7
450,02197,without_tempo,0.9642857142857145,1,7
450,02197,without_rubato,1.0,1,7
450,02197,without_dynamics,0.8928571428571429,1,7
450,02197,without_articulation,0.9285714285714288,0,7
450,02197,without_pedaling,0.8571428571428573,1,7
450,02198,all,1.0,1,7
450,02198,without_tempo,1.0,1,7
450,02198,without_rubato,1.0,1,7
450,02198,without_dynamics,1.0,1,7
450,02198,without_articulation,1.0,1,7
450,02198,without_pedaling,0.9642857142857145,1,7
450,02199,all,0.8571428571428573,1,7
450,02199,without_tempo,0.8571428571428573,1,7
450,02199,without_rubato,1.0,1,7
450,02199,without_dynamics,0.8571428571428573,1,7
450,02199,without_articulation,0.9642857142857145,1,7
450,02199,without_pedaling,0.8571428571428573,1,7
494,02402,all,1.0,1,11
494,02402,without_tempo,1.0,1,11
494,02402,without_rubato,1.0,1,11
494,02402,without_dynamics,1.0,1,11
494,02402,without_articulation,1.0,1,11
494,02402,without_pedaling,1.0,1,11
494,02403,all,1.0,1,11
494,02403,without_tempo,1.0,1,11
494,02403,without_rubato,1.0,1,11
494,02403,without_dynamics,0.990909090909091,1,11
494,02403,without_articulation,1.0,1,11
494,02403,without_pedaling,1.0,1,11
494,02404,all,1.0,1,11
494,02404,without_tempo,1.0,1,11
494,02404,without_rubato,0.990909090909091,1,11
494,02404,without_dynamics,1.0,1,11
494,02404,without_articulation,1.0,1,11
494,02404,without_pedaling,1.0,1,11
494,02405,all,1.0,1,11
494,02405,without_tempo,1.0,1,11
494,02405,without_rubato,0.990909090909091,1,11
494,02405,without_dynamics,1.0,1,11
494,02405,without_articulation,1.0,1,11
494,02405,without_pedaling,1.0,1,11
494,02406,all,1.0,1,11
494,02406,without_tempo,1.0,1,11
494,02406,without_rubato,1.0,1,11
494,02406,without_dynamics,0.990909090909091,1,11
494,02406,without_articulation,1.0,1,11
494,02406,without_pedaling,1.0,1,11
515,02517,all,1.0,1,3
515,02517,without_tempo,0.5,1,3
515,02517,without_rubato,1.0,1,3
515,02517,without_dynamics,1.0,1,3
515,02517,without_articulation,1.0,1,3
515,02517,without_pedaling,1.0,1,3
515,02518,all,1.0,1,3
515,02518,without_tempo,1.0,1,3
515,02518,without_rubato,1.0,1,3
515,02518,without_dynamics,1.0,1,3
515,02518,without_articulation,1.0,1,3
515,02518,without_pedaling,1.0,1,3
515,02519,all,1.0,1,3
515,02519,without_tempo,1.0,1,3
515,02519,without_rubato,1.0,1,3
515,02519,without_dynamics,1.0,1,3
515,02519,without_articulation,1.0,1,3
515,02519,without_pedaling,1.0,1,3
517,02526,all,1.0,1,3
517,02526,without_tempo,0.5,1,3
517,02526,without_rubato,1.0,1,3
517,02526,without_dynamics,1.0,1,3
517,02526,without_articulation,1.0,1,3
517,02526,without_pedaling,1.0,1,3
517,02527,all,1.0,1,3
517,02527,without_tempo,1.0,1,3
517,02527,without_rubato,1.0,1,3
517,02527,without_dynamics,1.0,1,3
517,02527,without_articulation,1.0,1,3
517,02527,without_pedaling,1.0,1,3
517,02528,all,1.0,1,3
517,02528,without_tempo,1.0,1,3
517,02528,without_rubato,1.0,1,3
517,02528,without_dynamics,1.0,1,3
517,02528,without_articulation,1.0,1,3
517,02528,without_pedaling,0.5,0,3
518,02530,all,1.0,1,3
518,02530,without_tempo,1.0,1,3
518,02530,without_rubato,1.0,1,3
518,02530,without_dynamics,1.0,1,3
518,02530,without_articulation,1.0,1,3
518,02530,without_pedaling,1.0,1,3
518,02531,all,1.0,1,3
518,02531,without_tempo,1.0,1,3
518,02531,without_rubato,1.0,1,3
518,02531,without_dynamics,1.0,1,3
518,02531,without_articulation,1.0,1,3
518,02531,without_pedaling,1.0,1,3
518,02532,all,1.0,1,3
518,02532,without_tempo,1.0,1,3
518,02532,without_rubato,1.0,1,3
518,02532,without_dynamics,1.0,1,3
518,02532,without_articulation,1.0,1,3
518,02532,without_pedaling,1.0,1,3
521,02540,all,1.0,1,3
521,02540,without_tempo,1.0,1,3
521,02540,without_rubato,1.0,1,3
521,02540,without_dynamics,1.0,1,3
521,02540,without_articulation,1.0,1,3
521,02540,without_pedaling,1.0,1,3
521,02542,all,1.0,1,3
521,02542,without_tempo,1.0,1,3
521,02542,without_rubato,1.0,1,3
521,02542,without_dynamics,1.0,1,3
521,02542,without_articulation,1.0,1,3
521,02542,without_pedaling,1.0,1,3
521,02543,all,1.0,1,3
521,02543,without_tempo,1.0,1,3
521,02543,without_rubato,1.0,1,3
521,02543,without_dynamics,1.0,1,3
521,02543,without_articulation,1.0,1,3
521,02543,without_pedaling,1.0,1,3
522,02545,all,1.0,1,3
522,02545,without_tempo,1.0,1,3
522,02545,without_rubato,1.0,1,3
522,02545,without_dynamics,1.0,1,3
522,02545,without_articulation,1.0,1,3
522,02545,without_pedaling,1.0,1,3
522,02546,all,1.0,1,3
522,02546,without_tempo,1.0,1,3
522,02546,without_rubato,0.5,1,3
522,02546,without_dynamics,1.0,1,3
522,02546,without_articulation,1.0,1,3
522,02546,without_pedaling,1.0,1,3
522,02547,all,1.0,1,3
522,02547,without_tempo,1.0,1,3
522,02547,without_rubato,1.0,1,3
522,02547,without_dynamics,1.0,1,3
522,02547,without_articulation,1.0,1,3
522,02547,without_pedaling,1.0,1,3
525,02556,all,1.0,1,4
525,02556,without_tempo,1.0,1,4
525,02556,without_rubato,1.0,1,4
525,02556,without_dynamics,1.0,1,4
525,02556,without_articulation,0.7999999999999999,1,4
525,02556,without_pedaling,1.0,1,4
525,02557,all,1.0,1,4
525,02557,without_tempo,0.7999999999999999,1,4
525,02557,without_rubato,1.0,1,4
525,02557,without_dynamics,0.7999999999999999,1,4
525,02557,without_articulation,0.39999999999999997,0,4
525,02557,without_pedaling,0.7999999999999999,1,4
525,02558,all,1.0,1,4
525,02558,without_tempo,1.0,1,4
525,02558,without_rubato,1.0,1,4
525,02558,without_dynamics,1.0,1,4
525,02558,without_articulation,1.0,1,4
525,02558,without_pedaling,1.0,1,4
525,02559,all,1.0,1,4
525,02559,without_tempo,1.0,1,4
525,02559,without_rubato,1.0,1,4
525,02559,without_dynamics,1.0,1,4
525,02559,without_articulation,1.0,1,4
525,02559,without_pedaling,1.0,1,4
526,02560,all,1.0,1,4
526,02560,without_tempo,1.0,1,4
526,02560,without_rubato,1.0,1,4
526,02560,without_dynamics,1.0,1,4
526,02560,without_articulation,1.0,1,4
526,02560,without_pedaling,1.0,1,4
526,02561,all,1.0,1,4
526,02561,without_tempo,0.7999999999999999,0,4
526,02561,without_rubato,1.0,1,4
526,02561,without_dynamics,0.7999999999999999,0,4
526,02561,without_articulation,0.7999999999999999,1,4
526,02561,without_pedaling,0.7999999999999999,0,4
526,02562,all,1.0,1,4
526,02562,without_tempo,1.0,1,4
526,02562,without_rubato,0.7999999999999999,1,4
526,02562,without_dynamics,1.0,1,4
526,02562,without_articulation,1.0,1,4
526,02562,without_pedaling,1.0,1,4
526,02563,all,1.0,1,4
526,02563,without_tempo,1.0,1,4
526,02563,without_rubato,1.0,1,4
526,02563,without_dynamics,1.0,1,4
526,02563,without_articulation,1.0,1,4
526,02563,without_pedaling,1.0,1,4
527,02565,all,1.0,1,4
527,02565,without_tempo,1.0,1,4
527,02565,without_rubato,1.0,1,4
527,02565,without_dynamics,1.0,1,4
527,02565,without_articulation,1.0,1,4
527,02565,without_pedaling,1.0,1,4
527,02566,all,1.0,1,4
527,02566,without_tempo,1.0,1,4
527,02566,without_rubato,1.0,1,4
527,02566,without_dynamics,1.0,1,4
527,02566,without_articulation,1.0,1,4
527,02566,without_pedaling,1.0,1,4
527,02567,all,1.0,1,4
527,02567,without_tempo,1.0,1,4
527,02567,without_rubato,1.0,1,4
527,02567,without_dynamics,1.0,1,4
527,02567,without_articulation,1.0,1,4
527,02567,without_pedaling,1.0,1,4
527,02568,all,1.0,1,4
527,02568,without_tempo,1.0,1,4
527,02568,without_rubato,1.0,1,4
527,02568,without_dynamics,1.0,1,4
527,02568,without_articulation,1.0,1,4
527,02568,without_pedaling,1.0,1,4
52,00126,all,0.9999999999999999,1,5
52,00126,without_tempo,0.8999999999999998,1,5
52,00126,without_rubato,0.7999999999999999,1,5
52,00126,without_dynamics,0.9999999999999999,1,5
52,00126,without_articulation,0.9999999999999999,1,5
52,00126,without_pedaling,0.9999999999999999,1,5
52,00127,all,0.8999999999999998,1,5
52,00127,without_tempo,0.9999999999999999,1,5
52,00127,without_rubato,0.8999999999999998,1,5
52,00127,without_dynamics,0.9999999999999999,1,5
52,00127,without_articulation,0.9999999999999999,1,5
52,00127,without_pedaling,0.8999999999999998,1,5
52,00129,all,0.8999999999999998,1,5
52,00129,without_tempo,0.9999999999999999,1,5
52,00129,without_rubato,0.9999999999999999,1,5
52,00129,without_dynamics,0.49999999999999994,0,5
52,00129,without_articulation,0.8999999999999998,1,5
52,00129,without_pedaling,0.8999999999999998,1,5
52,00130,all,0.9999999999999999,1,5
52,00130,without_tempo,0.8999999999999998,1,5
52,00130,without_rubato,0.9999999999999999,1,5
52,00130,without_dynamics,0.7,0,5
52,00130,without_articulation,0.9999999999999999,1,5
52,00130,without_pedaling,0.9999999999999999,1,5
531,02583,all,1.0,1,4
531,02583,without_tempo,1.0,1,4
531,02583,without_rubato,1.0,1,4
531,02583,without_dynamics,1.0,1,4
531,02583,without_articulation,1.0,1,4
531,02583,without_pedaling,1.0,1,4
531,02584,all,1.0,1,4
531,02584,without_tempo,1.0,1,4
531,02584,without_rubato,1.0,1,4
531,02584,without_dynamics,1.0,1,4
531,02584,without_articulation,1.0,1,4
531,02584,without_pedaling,1.0,1,4
531,02585,all,1.0,1,4
531,02585,without_tempo,1.0,1,4
531,02585,without_rubato,1.0,1,4
531,02585,without_dynamics,1.0,1,4
531,02585,without_articulation,1.0,1,4
531,02585,without_pedaling,1.0,1,4
531,02586,all,1.0,1,4
531,02586,without_tempo,1.0,1,4
531,02586,without_rubato,0.7999999999999999,0,4
531,02586,without_dynamics,1.0,1,4
531,02586,without_articulation,1.0,1,4
531,02586,without_pedaling,1.0,1,4
534,02597,all,1.0,1,3
534,02597,without_tempo,1.0,1,3
534,02597,without_rubato,1.0,1,3
534,02597,without_dynamics,1.0,1,3
534,02597,without_articulation,0.5,1,3
534,02597,without_pedaling,1.0,1,3
534,02598,all,1.0,1,3
534,02598,without_tempo,1.0,1,3
534,02598,without_rubato,1.0,1,3
534,02598,without_dynamics,0.5,0,3
534,02598,without_articulation,1.0,1,3
534,02598,without_pedaling,1.0,1,3
534,02599,all,0.5,0,3
534,02599,without_tempo,0.5,0,3
534,02599,without_rubato,1.0,1,3
534,02599,without_dynamics,1.0,1,3
534,02599,without_articulation,1.0,1,3
534,02599,without_pedaling,0.5,0,3
535,02601,all,0.7999999999999999,0,4
535,02601,without_tempo,1.0,1,4
535,02601,without_rubato,1.0,1,4
535,02601,without_dynamics,1.0,1,4
535,02601,without_articulation,1.0,1,4
535,02601,without_pedaling,1.0,1,4
535,02602,all,1.0,1,4
535,02602,without_tempo,1.0,1,4
535,02602,without_rubato,1.0,1,4
535,02602,without_dynamics,0.7999999999999999,0,4
535,02602,without_articulation,1.0,1,4
535,02602,without_pedaling,1.0,1,4
535,02603,all,1.0,1,4
535,02603,without_tempo,1.0,1,4
535,02603,without_rubato,0.7999999999999999,1,4
535,02603,without_dynamics,1.0,1,4
535,02603,without_articulation,1.0,1,4
535,02603,without_pedaling,1.0,1,4
535,02604,all,1.0,1,4
535,02604,without_tempo,1.0,1,4
535,02604,without_rubato,1.0,1,4
535,02604,without_dynamics,1.0,1,4
535,02604,without_articulation,1.0,1,4
535,02604,without_pedaling,1.0,1,4
538,02615,all,1.0,1,4
538,02615,without_tempo,1.0,1,4
538,02615,without_rubato,0.7999999999999999,1,4
538,02615,without_dynamics,1.0,1,4
538,02615,without_articulation,1.0,1,4
538,02615,without_pedaling,1.0,1,4
538,02616,all,0.7999999999999999,1,4
538,02616,without_tempo,0.7999999999999999,0,4
538,02616,without_rubato,1.0,1,4
538,02616,without_dynamics,1.0,1,4
538,02616,without_articulation,1.0,1,4
538,02616,without_pedaling,0.7999999999999999,1,4
538,02617,all,1.0,1,4
538,02617,without_tempo,1.0,1,4
538,02617,without_rubato,0.7999999999999999,1,4
538,02617,without_dynamics,1.0,1,4
538,02617,without_articulation,0.7999999999999999,0,4
538,02617,without_pedaling,1.0,1,4
538,02618,all,1.0,1,4
538,02618,without_tempo,1.0,1,4
538,02618,without_rubato,0.7999999999999999,0,4
538,02618,without_dynamics,1.0,1,4
538,02618,without_articulation,1.0,1,4
538,02618,without_pedaling,1.0,1,4
540,02624,all,0.9999999999999999,1,5
540,02624,without_tempo,0.9999999999999999,1,5
540,02624,without_rubato,0.9999999999999999,1,5
540,02624,without_dynamics,0.9999999999999999,1,5
540,02624,without_articulation,0.8999999999999998,1,5
540,02624,without_pedaling,0.9999999999999999,1,5
540,02625,all,0.9999999999999999,1,5
540,02625,without_tempo,0.9999999999999999,1,5
540,02625,without_rubato,0.9999999999999999,1,5
540,02625,without_dynamics,0.9999999999999999,1,5
540,02625,without_articulation,0.9999999999999999,1,5
540,02625,without_pedaling,0.9999999999999999,1,5
540,02626,all,0.8999999999999998,0,5
540,02626,without_tempo,0.9999999999999999,1,5
540,02626,without_rubato,0.7999999999999999,1,5
540,02626,without_dynamics,0.8999999999999998,1,5
540,02626,without_articulation,0.8999999999999998,1,5
540,02626,without_pedaling,0.9999999999999999,1,5
540,02627,all,0.8999999999999998,1,5
540,02627,without_tempo,0.9999999999999999,1,5
540,02627,without_rubato,0.9999999999999999,1,5
540,02627,without_dynamics,0.8999999999999998,1,5
540,02627,without_articulation,0.9999999999999999,1,5
540,02627,without_pedaling,0.9999999999999999,1,5
540,02628,all,0.9999999999999999,1,5
540,02628,without_tempo,0.9999999999999999,1,5
540,02628,without_rubato,0.9999999999999999,1,5
540,02628,without_dynamics,0.8999999999999998,1,5
540,02628,without_articulation,0.8999999999999998,0,5
540,02628,without_pedaling,0.8999999999999998,0,5
541,02630,all,1.0,1,4
541,02630,without_tempo,1.0,1,4
541,02630,without_rubato,1.0,1,4
541,02630,without_dynamics,1.0,1,4
541,02630,without_articulation,1.0,1,4
541,02630,without_pedaling,1.0,1,4
541,02631,all,1.0,1,4
541,02631,without_tempo,1.0,1,4
541,02631,without_rubato,1.0,1,4
541,02631,without_dynamics,1.0,1,4
541,02631,without_articulation,1.0,1,4
541,02631,without_pedaling,1.0,1,4
541,02632,all,1.0,1,4
541,02632,without_tempo,1.0,1,4
541,02632,without_rubato,1.0,1,4
541,02632,without_dynamics,1.0,1,4
541,02632,without_articulation,1.0,1,4
541,02632,without_pedaling,1.0,1,4
541,02633,all,1.0,1,4
541,02633,without_tempo,1.0,1,4
541,02633,without_rubato,0.7999999999999999,0,4
541,02633,without_dynamics,1.0,1,4
541,02633,without_articulation,1.0,1,4
541,02633,without_pedaling,1.0,1,4
542,02634,all,0.9999999999999999,1,5
542,02634,without_tempo,0.9999999999999999,1,5
542,02634,without_rubato,0.9999999999999999,1,5
542,02634,without_dynamics,0.9999999999999999,1,5
542,02634,without_articulation,0.9999999999999999,1,5
542,02634,without_pedaling,0.9999999999999999,1,5
542,02635,all,0.9999999999999999,1,5
542,02635,without_tempo,0.9999999999999999,1,5
542,02635,without_rubato,0.9999999999999999,1,5
542,02635,without_dynamics,0.9999999999999999,1,5
542,02635,without_articulation,0.9999999999999999,1,5
542,02635,without_pedaling,0.9999999999999999,1,5
542,02636,all,0.9999999999999999,1,5
542,02636,without_tempo,0.9999999999999999,1,5
542,02636,without_rubato,0.9999999999999999,1,5
542,02636,without_dynamics,0.9999999999999999,1,5
542,02636,without_articulation,0.9999999999999999,1,5
542,02636,without_pedaling,0.9999999999999999,1,5
542,02637,all,0.9999999999999999,1,5
542,02637,without_tempo,0.9999999999999999,1,5
542,02637,without_rubato,0.9999999999999999,1,5
542,02637,without_dynamics,0.9999999999999999,1,5
542,02637,without_articulation,0.9999999999999999,1,5
542,02637,without_pedaling,0.9999999999999999,1,5
542,02638,all,0.9999999999999999,1,5
542,02638,without_tempo,0.9999999999999999,1,5
542,02638,without_rubato,0.9999999999999999,1,5
542,02638,without_dynamics,0.9999999999999999,1,5
542,02638,without_articulation,0.9999999999999999,1,5
542,02638,without_pedaling,0.9999999999999999,1,5
544,02642,all,1.0,1,4
544,02642,without_tempo,1.0,1,4
544,02642,without_rubato,1.0,1,4
544,02642,without_dynamics,1.0,1,4
544,02642,without_articulation,1.0,1,4
544,02642,without_pedaling,1.0,1,4
544,02643,all,1.0,1,4
544,02643,without_tempo,1.0,1,4
544,02643,without_rubato,1.0,1,4
544,02643,without_dynamics,1.0,1,4
544,02643,without_articulation,1.0,1,4
544,02643,without_pedaling,1.0,1,4
544,02644,all,1.0,1,4
544,02644,without_tempo,1.0,1,4
544,02644,without_rubato,1.0,1,4
544,02644,without_dynamics,1.0,1,4
544,02644,without_articulation,1.0,1,4
544,02644,without_pedaling,1.0,1,4
544,02645,all,0.7999999999999999,0,4
544,02645,without_tempo,0.7999999999999999,0,4
544,02645,without_rubato,1.0,1,4
544,02645,without_dynamics,0.7999999999999999,0,4
544,02645,without_articulation,1.0,1,4
544,02645,without_pedaling,0.7999999999999999,0,4
546,02648,all,1.0,1,3
546,02648,without_tempo,1.0,1,3
546,02648,without_rubato,1.0,1,3
546,02648,without_dynamics,1.0,1,3
546,02648,without_articulation,1.0,1,3
546,02648,without_pedaling,1.0,1,3
546,02649,all,1.0,1,3
546,02649,without_tempo,1.0,1,3
546,02649,without_rubato,1.0,1,3
546,02649,without_dynamics,1.0,1,3
546,02649,without_articulation,1.0,1,3
546,02649,without_pedaling,1.0,1,3
546,02650,all,1.0,1,3
546,02650,without_tempo,1.0,1,3
546,02650,without_rubato,1.0,1,3
546,02650,without_dynamics,1.0,1,3
546,02650,without_articulation,1.0,1,3
546,02650,without_pedaling,1.0,1,3
547,02652,all,0.8999999999999998,0,5
547,02652,without_tempo,0.9999999999999999,1,5
547,02652,without_rubato,0.8999999999999998,1,5
547,02652,without_dynamics,0.8999999999999998,0,5
547,02652,without_articulation,0.8999999999999998,0,5
547,02652,without_pedaling,0.8999999999999998,0,5
547,02653,all,0.9999999999999999,1,5
547,02653,without_tempo,0.9999999999999999,1,5
547,02653,without_rubato,0.9999999999999999,1,5
547,02653,without_dynamics,0.9999999999999999,1,5
547,02653,without_articulation,0.9999999999999999,1,5
547,02653,without_pedaling,0.9999999999999999,1,5
547,02654,all,0.9999999999999999,1,5
547,02654,without_tempo,0.9999999999999999,1,5
547,02654,without_rubato,0.9999999999999999,1,5
547,02654,without_dynamics,0.9999999999999999,1,5
547,02654,without_articulation,0.9999999999999999,1,5
547,02654,without_pedaling,0.8999999999999998,1,5
547,02655,all,0.9999999999999999,1,5
547,02655,without_tempo,0.9999999999999999,1,5
547,02655,without_rubato,0.9999999999999999,1,5
547,02655,without_dynamics,0.9999999999999999,1,5
547,02655,without_articulation,0.8999999999999998,1,5
547,02655,without_pedaling,0.9999999999999999,1,5
547,02656,all,0.9999999999999999,1,5
547,02656,without_tempo,0.9999999999999999,1,5
547,02656,without_rubato,0.8999999999999998,1,5
547,02656,without_dynamics,0.9999999999999999,1,5
547,02656,without_articulation,0.9999999999999999,1,5
547,02656,without_pedaling,0.9999999999999999,1,5
550,02667,all,0.5,0,3
550,02667,without_tempo,1.0,1,3
550,02667,without_rubato,1.0,1,3
550,02667,without_dynamics,1.0,1,3
550,02667,without_articulation,-1.0,0,3
550,02667,without_pedaling,0.5,0,3
550,02668,all,1.0,1,3
550,02668,without_tempo,1.0,1,3
550,02668,without_rubato,1.0,1,3
550,02668,without_dynamics,1.0,1,3
550,02668,without_articulation,1.0,1,3
550,02668,without_pedaling,1.0,1,3
550,02669,all,1.0,1,3
550,02669,without_tempo,1.0,1,3
550,02669,without_rubato,1.0,1,3
550,02669,without_dynamics,1.0,1,3
550,02669,without_articulation,1.0,1,3
550,02669,without_pedaling,1.0,1,3
555,02686,all,1.0,1,4
555,02686,without_tempo,1.0,1,4
555,02686,without_rubato,1.0,1,4
555,02686,without_dynamics,1.0,1,4
555,02686,without_articulation,1.0,1,4
555,02686,without_pedaling,1.0,1,4
555,02687,all,1.0,1,4
555,02687,without_tempo,1.0,1,4
555,02687,without_rubato,1.0,1,4
555,02687,without_dynamics,1.0,1,4
555,02687,without_articulation,1.0,1,4
555,02687,without_pedaling,1.0,1,4
555,02688,all,1.0,1,4
555,02688,without_tempo,1.0,1,4
555,02688,without_rubato,1.0,1,4
555,02688,without_dynamics,1.0,1,4
555,02688,without_articulation,1.0,1,4
555,02688,without_pedaling,1.0,1,4
555,02689,all,1.0,1,4
555,02689,without_tempo,1.0,1,4
555,02689,without_rubato,1.0,1,4
555,02689,without_dynamics,1.0,1,4
555,02689,without_articulation,1.0,1,4
555,02689,without_pedaling,1.0,1,4
560,02706,all,1.0,1,3
560,02706,without_tempo,1.0,1,3
560,02706,without_rubato,1.0,1,3
560,02706,without_dynamics,1.0,1,3
560,02706,without_articulation,1.0,1,3
560,02706,without_pedaling,1.0,1,3
560,02707,all,1.0,1,3
560,02707,without_tempo,1.0,1,3
560,02707,without_rubato,1.0,1,3
560,02707,without_dynamics,1.0,1,3
560,02707,without_articulation,1.0,1,3
560,02707,without_pedaling,1.0,1,3
560,02708,all,1.0,1,3
560,02708,without_tempo,1.0,1,3
560,02708,without_rubato,1.0,1,3
560,02708,without_dynamics,1.0,1,3
560,02708,without_articulation,1.0,1,3
560,02708,without_pedaling,1.0,1,3
571,02756,all,0.990909090909091,1,11
571,02756,without_tempo,1.0,1,11
571,02756,without_rubato,0.9727272727272729,1,11
571,02756,without_dynamics,0.990909090909091,1,11
571,02756,without_articulation,1.0,1,11
571,02756,without_pedaling,0.9727272727272729,1,11
571,02757,all,0.990909090909091,1,11
571,02757,without_tempo,1.0,1,11
571,02757,without_rubato,0.9727272727272729,1,11
571,02757,without_dynamics,0.990909090909091,1,11
571,02757,without_articulation,1.0,1,11
571,02757,without_pedaling,0.990909090909091,1,11
571,02758,all,0.9818181818181818,0,11
571,02758,without_tempo,0.9818181818181818,0,11
571,02758,without_rubato,0.990909090909091,1,11
571,02758,without_dynamics,0.9818181818181818,0,11
571,02758,without_articulation,0.9727272727272729,0,11
571,02758,without_pedaling,0.990909090909091,1,11
571,02759,all,0.990909090909091,1,11
571,02759,without_tempo,1.0,1,11
571,02759,without_rubato,0.990909090909091,1,11
571,02759,without_dynamics,1.0,1,11
571,02759,without_articulation,1.0,1,11
571,02759,without_pedaling,0.9727272727272729,1,11
571,02760,all,1.0,1,11
571,02760,without_tempo,1.0,1,11
571,02760,without_rubato,0.990909090909091,1,11
571,02760,without_dynamics,1.0,1,11
571,02760,without_articulation,0.990909090909091,0,11
571,02760,without_pedaling,1.0,1,11
57,00159,all,0.9999999999999999,1,5
57,00159,without_tempo,0.9999999999999999,1,5
57,00159,without_rubato,0.8999999999999998,1,5
57,00159,without_dynamics,0.8999999999999998,0,5
57,00159,without_articulation,0.9999999999999999,1,5
57,00159,without_pedaling,0.9999999999999999,1,5
57,00161,all,0.9999999999999999,1,5
57,00161,without_tempo,0.9999999999999999,1,5
57,00161,without_rubato,0.9999999999999999,1,5
57,00161,without_dynamics,0.9999999999999999,1,5
57,00161,without_articulation,0.9999999999999999,1,5
57,00161,without_pedaling,0.9999999999999999,1,5
57,00162,all,0.9999999999999999,1,5
57,00162,without_tempo,0.9999999999999999,1,5
57,00162,without_rubato,0.9999999999999999,1,5
57,00162,without_dynamics,0.9999999999999999,1,5
57,00162,without_articulation,0.9999999999999999,1,5
57,00162,without_pedaling,0.9999999999999999,1,5
57,00163,all,0.9999999999999999,1,5
57,00163,without_tempo,0.9999999999999999,1,5
57,00163,without_rubato,0.9999999999999999,1,5
57,00163,without_dynamics,0.9999999999999999,1,5
57,00163,without_articulation,0.9999999999999999,1,5
57,00163,without_pedaling,0.9999999999999999,1,5
602,02882,all,1.0,1,3
602,02882,without_tempo,1.0,1,3
602,02882,without_rubato,1.0,1,3
602,02882,without_dynamics,0.5,0,3
602,02882,without_articulation,1.0,1,3
602,02882,without_pedaling,1.0,1,3
602,02883,all,1.0,1,3
602,02883,without_tempo,1.0,1,3
602,02883,without_rubato,1.0,1,3
602,02883,without_dynamics,1.0,1,3
602,02883,without_articulation,1.0,1,3
602,02883,without_pedaling,1.0,1,3
602,02884,all,1.0,1,3
602,02884,without_tempo,1.0,1,3
602,02884,without_rubato,1.0,1,3
602,02884,without_dynamics,1.0,1,3
602,02884,without_articulation,1.0,1,3
602,02884,without_pedaling,1.0,1,3
630,02940,all,1.0,1,4
630,02940,without_tempo,1.0,1,4
630,02940,without_rubato,0.7999999999999999,0,4
630,02940,without_dynamics,1.0,1,4
630,02940,without_articulation,1.0,1,4
630,02940,without_pedaling,1.0,1,4
630,02941,all,1.0,1,4
630,02941,without_tempo,1.0,1,4
630,02941,without_rubato,1.0,1,4
630,02941,without_dynamics,1.0,1,4
630,02941,without_articulation,1.0,1,4
630,02941,without_pedaling,1.0,1,4
630,02942,all,1.0,1,4
630,02942,without_tempo,1.0,1,4
630,02942,without_rubato,0.7999999999999999,1,4
630,02942,without_dynamics,1.0,1,4
630,02942,without_articulation,1.0,1,4
630,02942,without_pedaling,1.0,1,4
630,02943,all,1.0,1,4
630,02943,without_tempo,1.0,1,4
630,02943,without_rubato,0.7999999999999999,1,4
630,02943,without_dynamics,1.0,1,4
630,02943,without_articulation,1.0,1,4
630,02943,without_pedaling,1.0,1,4
647,03004,all,1.0,1,3
647,03004,without_tempo,1.0,1,3
647,03004,without_rubato,1.0,1,3
647,03004,without_dynamics,1.0,1,3
647,03004,without_articulation,1.0,1,3
647,03004,without_pedaling,1.0,1,3
647,03005,all,1.0,1,3
647,03005,without_tempo,1.0,1,3
647,03005,without_rubato,0.5,0,3
647,03005,without_dynamics,0.5,0,3
647,03005,without_articulation,0.5,0,3
647,03005,without_pedaling,0.5,0,3
647,03008,all,1.0,1,3
647,03008,without_tempo,1.0,1,3
647,03008,without_rubato,1.0,1,3
647,03008,without_dynamics,1.0,1,3
647,03008,without_articulation,1.0,1,3
647,03008,without_pedaling,1.0,1,3
648,03015,all,0.9454545454545454,1,11
648,03015,without_tempo,0.9818181818181818,1,11
648,03015,without_rubato,0.9727272727272729,0,11
648,03015,without_dynamics,0.8909090909090911,1,11
648,03015,without_articulation,0.9636363636363637,1,11
648,03015,without_pedaling,0.9636363636363637,1,11
648,03017,all,0.990909090909091,1,11
648,03017,without_tempo,1.0,1,11
648,03017,without_rubato,1.0,1,11
648,03017,without_dynamics,0.990909090909091,0,11
648,03017,without_articulation,1.0,1,11
648,03017,without_pedaling,1.0,1,11
648,03018,all,1.0,1,11
648,03018,without_tempo,1.0,1,11
648,03018,without_rubato,0.9818181818181818,0,11
648,03018,without_dynamics,0.990909090909091,1,11
648,03018,without_articulation,0.9818181818181818,1,11
648,03018,without_pedaling,0.990909090909091,1,11
648,03019,all,0.9818181818181818,0,11
648,03019,without_tempo,1.0,1,11
648,03019,without_rubato,0.990909090909091,1,11
648,03019,without_dynamics,0.9636363636363637,1,11
648,03019,without_articulation,0.990909090909091,1,11
648,03019,without_pedaling,0.9818181818181818,1,11
648,03020,all,0.990909090909091,1,11
648,03020,without_tempo,0.9454545454545454,1,11
648,03020,without_rubato,0.990909090909091,1,11
648,03020,without_dynamics,0.9727272727272729,1,11
648,03020,without_articulation,1.0,1,11
648,03020,without_pedaling,0.990909090909091,1,11
651,03056,all,1.0,1,7
651,03056,without_tempo,1.0,1,7
651,03056,without_rubato,1.0,1,7
651,03056,without_dynamics,1.0,1,7
651,03056,without_articulation,1.0,1,7
651,03056,without_pedaling,1.0,1,7
651,03058,all,1.0,1,7
651,03058,without_tempo,0.9642857142857145,1,7
651,03058,without_rubato,0.9642857142857145,1,7
651,03058,without_dynamics,1.0,1,7
651,03058,without_articulation,1.0,1,7
651,03058,without_pedaling,0.9642857142857145,1,7
651,03060,all,1.0,1,7
651,03060,without_tempo,0.9642857142857145,1,7
651,03060,without_rubato,1.0,1,7
651,03060,without_dynamics,1.0,1,7
651,03060,without_articulation,0.9642857142857145,1,7
651,03060,without_pedaling,1.0,1,7
651,03061,all,1.0,1,7
651,03061,without_tempo,1.0,1,7
651,03061,without_rubato,0.9285714285714288,1,7
651,03061,without_dynamics,1.0,1,7
651,03061,without_articulation,1.0,1,7
651,03061,without_pedaling,1.0,1,7
651,03062,all,1.0,1,7
651,03062,without_tempo,0.8214285714285715,0,7
651,03062,without_rubato,1.0,1,7
651,03062,without_dynamics,1.0,1,7
651,03062,without_articulation,1.0,1,7
651,03062,without_pedaling,1.0,1,7
652,03068,all,0.9999999999999999,1,10
652,03068,without_tempo,0.9878787878787878,1,10
652,03068,without_rubato,0.9878787878787878,0,10
652,03068,without_dynamics,0.9878787878787878,1,10
652,03068,without_articulation,0.9999999999999999,1,10
652,03068,without_pedaling,0.9878787878787878,1,10
652,03069,all,0.9636363636363635,0,10
652,03069,without_tempo,0.9999999999999999,1,10
652,03069,without_rubato,0.9999999999999999,1,10
652,03069,without_dynamics,0.9878787878787878,1,10
652,03069,without_articulation,0.9636363636363635,0,10
652,03069,without_pedaling,0.9999999999999999,1,10
652,03070,all,0.8060606060606059,0,10
652,03070,without_tempo,0.22424242424242422,0,10
652,03070,without_rubato,0.9999999999999999,1,10
652,03070,without_dynamics,0.8545454545454544,0,10
652,03070,without_articulation,0.8666666666666665,0,10
652,03070,without_pedaling,0.7696969696969697,0,10
652,03071,all,0.9393939393939393,0,10
652,03071,without_tempo,0.9393939393939393,1,10
652,03071,without_rubato,0.9757575757575757,1,10
652,03071,without_dynamics,0.9515151515151514,0,10
652,03071,without_articulation,0.9151515151515152,1,10
652,03071,without_pedaling,0.9515151515151514,0,10
652,03072,all,0.9999999999999999,1,10
652,03072,without_tempo,0.9878787878787878,1,10
652,03072,without_rubato,0.9999999999999999,1,10
652,03072,without_dynamics,0.9878787878787878,1,10
652,03072,without_articulation,0.9878787878787878,1,10
652,03072,without_pedaling,0.9999999999999999,1,10
653,03080,all,0.9999999999999999,1,10
653,03080,without_tempo,0.9999999999999999,1,10
653,03080,without_rubato,0.9999999999999999,1,10
653,03080,without_dynamics,0.9878787878787878,0,10
653,03080,without_articulation,0.9999999999999999,1,10
653,03080,without_pedaling,0.9999999999999999,1,10
653,03081,all,0.9999999999999999,1,10
653,03081,without_tempo,0.9999999999999999,1,10
653,03081,without_rubato,0.9999999999999999,1,10
653,03081,without_dynamics,0.9999999999999999,1,10
653,03081,without_articulation,0.9878787878787878,1,10
653,03081,without_pedaling,0.9999999999999999,1,10
653,03082,all,0.9515151515151514,1,10
653,03082,without_tempo,0.9757575757575757,1,10
653,03082,without_rubato,0.9999999999999999,1,10
653,03082,without_dynamics,0.9757575757575757,1,10
653,03082,without_articulation,0.9878787878787878,1,10
653,03082,without_pedaling,0.9878787878787878,1,10
653,03083,all,0.9878787878787878,1,10
653,03083,without_tempo,0.9878787878787878,1,10
653,03083,without_rubato,0.9393939393939393,1,10
653,03083,without_dynamics,0.9999999999999999,1,10
653,03083,without_articulation,0.9878787878787878,1,10
653,03083,without_pedaling,0.9757575757575757,1,10
653,03084,all,0.9878787878787878,1,10
653,03084,without_tempo,0.9151515151515152,1,10
653,03084,without_rubato,0.9515151515151514,1,10
653,03084,without_dynamics,0.9878787878787878,1,10
653,03084,without_articulation,0.9999999999999999,1,10
653,03084,without_pedaling,0.9878787878787878,1,10
654,03092,all,1.0,1,9
654,03092,without_tempo,1.0,1,9
654,03092,without_rubato,1.0,1,9
654,03092,without_dynamics,1.0,1,9
654,03092,without_articulation,1.0,1,9
654,03092,without_pedaling,1.0,1,9
654,03093,all,1.0,1,9
654,03093,without_tempo,1.0,1,9
654,03093,without_rubato,1.0,1,9
654,03093,without_dynamics,1.0,1,9
654,03093,without_articulation,1.0,1,9
654,03093,without_pedaling,1.0,1,9
654,03094,all,1.0,1,9
654,03094,without_tempo,1.0,1,9
654,03094,without_rubato,1.0,1,9
654,03094,without_dynamics,1.0,1,9
654,03094,without_articulation,1.0,1,9
654,03094,without_pedaling,1.0,1,9
654,03096,all,0.9666666666666667,1,9
654,03096,without_tempo,1.0,1,9
654,03096,without_rubato,1.0,1,9
654,03096,without_dynamics,0.9833333333333333,1,9
654,03096,without_articulation,1.0,1,9
654,03096,without_pedaling,0.9666666666666667,1,9
654,03097,all,0.9666666666666667,1,9
654,03097,without_tempo,1.0,1,9
654,03097,without_rubato,1.0,1,9
654,03097,without_dynamics,0.9666666666666667,1,9
654,03097,without_articulation,1.0,1,9
654,03097,without_pedaling,0.9500000000000001,0,9
655,03104,all,0.9835164835164836,1,13
655,03104,without_tempo,0.9780219780219779,1,13
655,03104,without_rubato,0.9230769230769231,1,13
655,03104,without_dynamics,0.9615384615384615,0,13
655,03104,without_articulation,0.989010989010989,1,13
655,03104,without_pedaling,0.9780219780219779,1,13
655,03106,all,1.0,1,13
655,03106,without_tempo,0.9945054945054945,1,13
655,03106,without_rubato,1.0,1,13
655,03106,without_dynamics,0.9945054945054945,0,13
655,03106,without_articulation,1.0,1,13
655,03106,without_pedaling,1.0,1,13
655,03107,all,1.0,1,13
655,03107,without_tempo,1.0,1,13
655,03107,without_rubato,0.9945054945054945,1,13
655,03107,without_dynamics,0.9945054945054945,0,13
655,03107,without_articulation,1.0,1,13
655,03107,without_pedaling,1.0,1,13
655,03108,all,1.0,1,13
655,03108,without_tempo,1.0,1,13
655,03108,without_rubato,0.967032967032967,1,13
655,03108,without_dynamics,0.9835164835164836,1,13
655,03108,without_articulation,0.9945054945054945,1,13
655,03108,without_pedaling,0.9945054945054945,1,13
655,03109,all,0.9780219780219779,1,13
655,03109,without_tempo,0.967032967032967,1,13
655,03109,without_rubato,1.0,1,13
655,03109,without_dynamics,0.9945054945054945,1,13
655,03109,without_articulation,0.9945054945054945,1,13
655,03109,without_pedaling,1.0,1,13
664,03155,all,1.0,1,7
664,03155,without_tempo,1.0,1,7
664,03155,without_rubato,1.0,1,7
664,03155,without_dynamics,0.9642857142857145,1,7
664,03155,without_articulation,1.0,1,7
664,03155,without_pedaling,1.0,1,7
664,03156,all,1.0,1,7
664,03156,without_tempo,1.0,1,7
664,03156,without_rubato,1.0,1,7
664,03156,without_dynamics,1.0,1,7
664,03156,without_articulation,1.0,1,7
664,03156,without_pedaling,1.0,1,7
664,03157,all,1.0,1,7
664,03157,without_tempo,0.8928571428571429,1,7
664,03157,without_rubato,1.0,1,7
664,03157,without_dynamics,0.9642857142857145,1,7
664,03157,without_articulation,1.0,1,7
664,03157,without_pedaling,1.0,1,7
664,03158,all,0.9642857142857145,1,7
664,03158,without_tempo,0.9642857142857145,1,7
664,03158,without_rubato,1.0,1,7
664,03158,without_dynamics,0.9642857142857145,1,7
664,03158,without_articulation,1.0,1,7
664,03158,without_pedaling,1.0,1,7
664,03159,all,0.7500000000000002,1,7
664,03159,without_tempo,0.8928571428571429,0,7
664,03159,without_rubato,1.0,1,7
664,03159,without_dynamics,0.9285714285714288,0,7
664,03159,without_articulation,0.8571428571428573,1,7
664,03159,without_pedaling,0.7857142857142859,1,7
667,03187,all,1.0,1,4
667,03187,without_tempo,1.0,1,4
667,03187,without_rubato,1.0,1,4
667,03187,without_dynamics,1.0,1,4
667,03187,without_articulation,1.0,1,4
667,03187,without_pedaling,1.0,1,4
667,03188,all,1.0,1,4
667,03188,without_tempo,1.0,1,4
667,03188,without_rubato,1.0,1,4
667,03188,without_dynamics,1.0,1,4
667,03188,without_articulation,1.0,1,4
667,03188,without_pedaling,1.0,1,4
667,03190,all,1.0,1,4
667,03190,without_tempo,1.0,1,4
667,03190,without_rubato,1.0,1,4
667,03190,without_dynamics,1.0,1,4
667,03190,without_articulation,1.0,1,4
667,03190,without_pedaling,1.0,1,4
667,03192,all,1.0,1,4
667,03192,without_tempo,1.0,1,4
667,03192,without_rubato,1.0,1,4
667,03192,without_dynamics,1.0,1,4
667,03192,without_articulation,1.0,1,4
667,03192,without_pedaling,1.0,1,4
670,03210,all,0.9999999999999999,1,10
670,03210,without_tempo,0.9999999999999999,1,10
670,03210,without_rubato,0.9878787878787878,1,10
670,03210,without_dynamics,0.9999999999999999,1,10
670,03210,without_articulation,0.9999999999999999,1,10
670,03210,without_pedaling,0.9999999999999999,1,10
670,03213,all,0.9999999999999999,1,10
670,03213,without_tempo,0.9878787878787878,1,10
670,03213,without_rubato,0.9757575757575757,1,10
670,03213,without_dynamics,0.9030303030303028,0,10
670,03213,without_articulation,0.9878787878787878,0,10
670,03213,without_pedaling,0.9515151515151514,1,10
670,03214,all,0.9999999999999999,1,10
670,03214,without_tempo,0.9757575757575757,1,10
670,03214,without_rubato,0.9878787878787878,1,10
670,03214,without_dynamics,0.9999999999999999,1,10
670,03214,without_articulation,0.9999999999999999,1,10
670,03214,without_pedaling,0.9999999999999999,1,10
670,03215,all,0.9999999999999999,1,10
670,03215,without_tempo,0.9878787878787878,1,10
670,03215,without_rubato,0.9878787878787878,1,10
670,03215,without_dynamics,0.9999999999999999,1,10
670,03215,without_articulation,0.9999999999999999,1,10
670,03215,without_pedaling,0.9999999999999999,1,10
670,03216,all,0.9757575757575757,0,10
670,03216,without_tempo,0.9272727272727272,0,10
670,03216,without_rubato,0.9272727272727272,1,10
670,03216,without_dynamics,0.9878787878787878,1,10
670,03216,without_articulation,0.9757575757575757,1,10
670,03216,without_pedaling,0.9151515151515152,0,10
672,03233,all,1.0,1,3
672,03233,without_tempo,1.0,1,3
672,03233,without_rubato,1.0,1,3
672,03233,without_dynamics,1.0,1,3
672,03233,without_articulation,1.0,1,3
672,03233,without_pedaling,1.0,1,3
672,03234,all,1.0,1,3
672,03234,without_tempo,1.0,1,3
672,03234,without_rubato,1.0,1,3
672,03234,without_dynamics,1.0,1,3
672,03234,without_articulation,1.0,1,3
672,03234,without_pedaling,1.0,1,3
672,03235,all,1.0,1,3
672,03235,without_tempo,1.0,1,3
672,03235,without_rubato,1.0,1,3
672,03235,without_dynamics,1.0,1,3
672,03235,without_articulation,1.0,1,3
672,03235,without_pedaling,1.0,1,3
673,03237,all,0.9761904761904763,1,8
673,03237,without_tempo,0.9761904761904763,0,8
673,03237,without_rubato,1.0,1,8
673,03237,without_dynamics,0.7380952380952381,0,8
673,03237,without_articulation,0.9761904761904763,1,8
673,03237,without_pedaling,0.9047619047619048,0,8
673,03238,all,1.0,1,8
673,03238,without_tempo,1.0,1,8
673,03238,without_rubato,1.0,1,8
673,03238,without_dynamics,1.0,1,8
673,03238,without_articulation,1.0,1,8
673,03238,without_pedaling,1.0,1,8
673,03239,all,1.0,1,8
673,03239,without_tempo,0.9761904761904763,1,8
673,03239,without_rubato,1.0,1,8
673,03239,without_dynamics,1.0,1,8
673,03239,without_articulation,1.0,1,8
673,03239,without_pedaling,1.0,1,8
673,03240,all,1.0,1,8
673,03240,without_tempo,1.0,1,8
673,03240,without_rubato,0.9761904761904763,1,8
673,03240,without_dynamics,0.9761904761904763,1,8
673,03240,without_articulation,0.9761904761904763,1,8
673,03240,without_pedaling,1.0,1,8
673,03241,all,1.0,1,8
673,03241,without_tempo,1.0,1,8
673,03241,without_rubato,0.9761904761904763,1,8
673,03241,without_dynamics,0.9761904761904763,1,8
673,03241,without_articulation,1.0,1,8
673,03241,without_pedaling,0.9761904761904763,1,8
674,03247,all,0.7833333333333333,1,9
674,03247,without_tempo,0.7999999999999999,1,9
674,03247,without_rubato,0.9833333333333333,1,9
674,03247,without_dynamics,0.8333333333333333,1,9
674,03247,without_articulation,0.5666666666666667,1,9
674,03247,without_pedaling,0.6666666666666667,0,9
674,03248,all,0.9833333333333333,1,9
674,03248,without_tempo,0.9833333333333333,1,9
674,03248,without_rubato,0.9833333333333333,1,9
674,03248,without_dynamics,0.9833333333333333,1,9
674,03248,without_articulation,1.0,1,9
674,03248,without_pedaling,0.9833333333333333,1,9
674,03249,all,1.0,1,9
674,03249,without_tempo,1.0,1,9
674,03249,without_rubato,1.0,1,9
674,03249,without_dynamics,1.0,1,9
674,03249,without_articulation,1.0,1,9
674,03249,without_pedaling,1.0,1,9
674,03250,all,1.0,1,9
674,03250,without_tempo,1.0,1,9
674,03250,without_rubato,1.0,1,9
674,03250,without_dynamics,1.0,1,9
674,03250,without_articulation,1.0,1,9
674,03250,without_pedaling,1.0,1,9
674,03251,all,1.0,1,9
674,03251,without_tempo,0.9833333333333333,1,9
674,03251,without_rubato,0.9666666666666667,1,9
674,03251,without_dynamics,0.9833333333333333,0,9
674,03251,without_articulation,0.9833333333333333,1,9
674,03251,without_pedaling,0.9500000000000001,0,9
675,03259,all,0.8214285714285715,1,7
675,03259,without_tempo,0.9642857142857145,1,7
675,03259,without_rubato,1.0,1,7
675,03259,without_dynamics,1.0,1,7
675,03259,without_articulation,1.0,1,7
675,03259,without_pedaling,0.9642857142857145,1,7
675,03260,all,0.9642857142857145,1,7
675,03260,without_tempo,0.9642857142857145,1,7
675,03260,without_rubato,1.0,1,7
675,03260,without_dynamics,1.0,1,7
675,03260,without_articulation,0.9642857142857145,1,7
675,03260,without_pedaling,1.0,1,7
675,03261,all,1.0,1,7
675,03261,without_tempo,1.0,1,7
675,03261,without_rubato,0.9642857142857145,1,7
675,03261,without_dynamics,1.0,1,7
675,03261,without_articulation,1.0,1,7
675,03261,without_pedaling,1.0,1,7
675,03262,all,0.9285714285714288,1,7
675,03262,without_tempo,1.0,1,7
675,03262,without_rubato,1.0,1,7
675,03262,without_dynamics,1.0,1,7
675,03262,without_articulation,1.0,1,7
675,03262,without_pedaling,0.9642857142857145,1,7
675,03263,all,1.0,1,7
675,03263,without_tempo,1.0,1,7
675,03263,without_rubato,0.8928571428571429,1,7
675,03263,without_dynamics,1.0,1,7
675,03263,without_articulation,1.0,1,7
675,03263,without_pedaling,1.0,1,7
716,03442,all,0.9833333333333333,1,9
716,03442,without_tempo,1.0,1,9
716,03442,without_rubato,1.0,1,9
716,03442,without_dynamics,1.0,1,9
716,03442,without_articulation,1.0,1,9
716,03442,without_pedaling,0.9833333333333333,1,9
716,03447,all,0.9833333333333333,1,9
716,03447,without_tempo,1.0,1,9
716,03447,without_rubato,1.0,1,9
716,03447,without_dynamics,1.0,1,9
716,03447,without_articulation,0.9833333333333333,1,9
716,03447,without_pedaling,1.0,1,9
716,03448,all,1.0,1,9
716,03448,without_tempo,1.0,1,9
716,03448,without_rubato,0.9833333333333333,1,9
716,03448,without_dynamics,1.0,1,9
716,03448,without_articulation,0.9833333333333333,1,9
716,03448,without_pedaling,1.0,1,9
716,03450,all,1.0,1,9
716,03450,without_tempo,1.0,1,9
716,03450,without_rubato,0.9333333333333332,1,9
716,03450,without_dynamics,1.0,1,9
716,03450,without_articulation,0.9833333333333333,1,9
716,03450,without_pedaling,1.0,1,9
716,03451,all,0.9333333333333332,1,9
716,03451,without_tempo,0.9833333333333333,1,9
716,03451,without_rubato,1.0,1,9
716,03451,without_dynamics,0.8833333333333333,0,9
716,03451,without_articulation,0.8499999999999999,1,9
716,03451,without_pedaling,0.9500000000000001,1,9
723,03560,all,0.9999999999999999,1,5
723,03560,without_tempo,0.9999999999999999,1,5
723,03560,without_rubato,0.9999999999999999,1,5
723,03560,without_dynamics,0.9999999999999999,1,5
723,03560,without_articulation,0.9999999999999999,1,5
723,03560,without_pedaling,0.9999999999999999,1,5
723,03561,all,0.9999999999999999,1,5
723,03561,without_tempo,0.8999999999999998,1,5
723,03561,without_rubato,0.9999999999999999,1,5
723,03561,without_dynamics,0.9999999999999999,1,5
723,03561,without_articulation,0.9999999999999999,1,5
723,03561,without_pedaling,0.9999999999999999,1,5
723,03562,all,0.9999999999999999,1,5
723,03562,without_tempo,0.8999999999999998,1,5
723,03562,without_rubato,0.9999999999999999,1,5
723,03562,without_dynamics,0.9999999999999999,1,5
723,03562,without_articulation,0.9999999999999999,1,5
723,03562,without_pedaling,0.9999999999999999,1,5
723,03563,all,0.9999999999999999,1,5
723,03563,without_tempo,0.9999999999999999,1,5
723,03563,without_rubato,0.9999999999999999,1,5
723,03563,without_dynamics,0.9999999999999999,1,5
723,03563,without_articulation,0.9999999999999999,1,5
723,03563,without_pedaling,0.9999999999999999,1,5
723,03569,all,0.9999999999999999,1,5
723,03569,without_tempo,0.9999999999999999,1,5
723,03569,without_rubato,0.9999999999999999,1,5
723,03569,without_dynamics,0.9999999999999999,1,5
723,03569,without_articulation,0.9999999999999999,1,5
723,03569,without_pedaling,0.9999999999999999,1,5
728,03605,all,1.0,1,8
728,03605,without_tempo,0.9285714285714287,0,8
728,03605,without_rubato,1.0,1,8
728,03605,without_dynamics,1.0,1,8
728,03605,without_articulation,1.0,1,8
728,03605,without_pedaling,1.0,1,8
728,03606,all,1.0,1,8
728,03606,without_tempo,0.8571428571428572,0,8
728,03606,without_rubato,1.0,1,8
728,03606,without_dynamics,1.0,1,8
728,03606,without_articulation,0.9761904761904763,1,8
728,03606,without_pedaling,1.0,1,8
728,03607,all,0.9285714285714287,1,8
728,03607,without_tempo,0.9761904761904763,1,8
728,03607,without_rubato,1.0,1,8
728,03607,without_dynamics,0.9761904761904763,1,8
728,03607,without_articulation,0.9761904761904763,1,8
728,03607,without_pedaling,0.9761904761904763,1,8
728,03608,all,1.0,1,8
728,03608,without_tempo,1.0,1,8
728,03608,without_rubato,0.9761904761904763,1,8
728,03608,without_dynamics,1.0,1,8
728,03608,without_articulation,0.9761904761904763,1,8
728,03608,without_pedaling,1.0,1,8
728,03609,all,0.9761904761904763,0,8
728,03609,without_tempo,0.9761904761904763,0,8
728,03609,without_rubato,0.8333333333333335,0,8
728,03609,without_dynamics,0.9761904761904763,1,8
728,03609,without_articulation,1.0,1,8
728,03609,without_pedaling,0.9285714285714287,1,8
75,00217,all,1.0,1,3
75,00217,without_tempo,1.0,1,3
75,00217,without_rubato,1.0,1,3
75,00217,without_dynamics,1.0,1,3
75,00217,without_articulation,1.0,1,3
75,00217,without_pedaling,1.0,1,3
75,00218,all,1.0,1,3
75,00218,without_tempo,1.0,1,3
75,00218,without_rubato,1.0,1,3
75,00218,without_dynamics,1.0,1,3
75,00218,without_articulation,1.0,1,3
75,00218,without_pedaling,1.0,1,3
75,00219,all,1.0,1,3
75,00219,without_tempo,1.0,1,3
75,00219,without_rubato,1.0,1,3
75,00219,without_dynamics,1.0,1,3
75,00219,without_articulation,1.0,1,3
75,00219,without_pedaling,1.0,1,3
7,00025,all,1.0,1,11
7,00025,without_tempo,1.0,1,11
7,00025,without_rubato,1.0,1,11
7,00025,without_dynamics,1.0,1,11
7,00025,without_articulation,1.0,1,11
7,00025,without_pedaling,1.0,1,11
7,00026,all,1.0,1,11
7,00026,without_tempo,1.0,1,11
7,00026,without_rubato,1.0,1,11
7,00026,without_dynamics,1.0,1,11
7,00026,without_articulation,1.0,1,11
7,00026,without_pedaling,1.0,1,11
7,00028,all,0.9454545454545454,1,11
7,00028,without_tempo,0.9727272727272729,1,11
7,00028,without_rubato,0.990909090909091,1,11
7,00028,without_dynamics,1.0,1,11
7,00028,without_articulation,0.990909090909091,1,11
7,00028,without_pedaling,0.990909090909091,1,11
7,00030,all,1.0,1,11
7,00030,without_tempo,0.9727272727272729,1,11
7,00030,without_rubato,0.9818181818181818,1,11
7,00030,without_dynamics,1.0,1,11
7,00030,without_articulation,1.0,1,11
7,00030,without_pedaling,0.990909090909091,1,11
7,00031,all,1.0,1,11
7,00031,without_tempo,0.9818181818181818,1,11
7,00031,without_rubato,0.9818181818181818,1,11
7,00031,without_dynamics,1.0,1,11
7,00031,without_articulation,1.0,1,11
7,00031,without_pedaling,0.990909090909091,1,11
80,00239,all,1.0,1,4
80,00239,without_tempo,1.0,1,4
80,00239,without_rubato,1.0,1,4
80,00239,without_dynamics,1.0,1,4
80,00239,without_articulation,1.0,1,4
80,00239,without_pedaling,1.0,1,4
80,00240,all,0.7999999999999999,0,4
80,00240,without_tempo,1.0,1,4
80,00240,without_rubato,1.0,1,4
80,00240,without_dynamics,1.0,1,4
80,00240,without_articulation,1.0,1,4
80,00240,without_pedaling,1.0,1,4
80,00241,all,1.0,1,4
80,00241,without_tempo,0.7999999999999999,0,4
80,00241,without_rubato,1.0,1,4
80,00241,without_dynamics,1.0,1,4
80,00241,without_articulation,1.0,1,4
80,00241,without_pedaling,1.0,1,4
80,00242,all,1.0,1,4
80,00242,without_tempo,1.0,1,4
80,00242,without_rubato,0.0,0,4
80,00242,without_dynamics,1.0,1,4
80,00242,without_articulation,1.0,1,4
80,00242,without_pedaling,1.0,1,4
861,03919,all,0.9999999999999999,1,10
861,03919,without_tempo,0.9999999999999999,1,10
861,03919,without_rubato,0.9878787878787878,1,10
861,03919,without_dynamics,0.9999999999999999,1,10
861,03919,without_articulation,0.9999999999999999,1,10
861,03919,without_pedaling,0.9999999999999999,1,10
861,03920,all,0.9999999999999999,1,10
861,03920,without_tempo,0.9999999999999999,1,10
861,03920,without_rubato,0.9878787878787878,1,10
861,03920,without_dynamics,0.9878787878787878,1,10
861,03920,without_articulation,0.9999999999999999,1,10
861,03920,without_pedaling,0.9999999999999999,1,10
861,03922,all,0.9878787878787878,1,10
861,03922,without_tempo,0.9878787878787878,1,10
861,03922,without_rubato,0.9757575757575757,1,10
861,03922,without_dynamics,0.9515151515151514,1,10
861,03922,without_articulation,0.9999999999999999,1,10
861,03922,without_pedaling,0.9878787878787878,1,10
861,03923,all,0.9878787878787878,1,10
861,03923,without_tempo,0.9999999999999999,1,10
861,03923,without_rubato,0.9999999999999999,1,10
861,03923,without_dynamics,0.9757575757575757,1,10
861,03923,without_articulation,0.9999999999999999,1,10
861,03923,without_pedaling,0.9878787878787878,1,10
861,03925,all,0.8666666666666665,1,10
861,03925,without_tempo,0.8424242424242423,0,10
861,03925,without_rubato,0.9757575757575757,1,10
861,03925,without_dynamics,0.9030303030303028,0,10
861,03925,without_articulation,0.8666666666666665,0,10
861,03925,without_pedaling,0.8787878787878788,0,10
862,03934,all,1.0,1,7
862,03934,without_tempo,1.0,1,7
862,03934,without_rubato,1.0,1,7
862,03934,without_dynamics,1.0,1,7
862,03934,without_articulation,1.0,1,7
862,03934,without_pedaling,1.0,1,7
862,03935,all,1.0,1,7
862,03935,without_tempo,1.0,1,7
862,03935,without_rubato,1.0,1,7
862,03935,without_dynamics,1.0,1,7
862,03935,without_articulation,1.0,1,7
862,03935,without_pedaling,0.9642857142857145,1,7
862,03937,all,0.9642857142857145,1,7
862,03937,without_tempo,0.5,0,7
862,03937,without_rubato,0.9642857142857145,1,7
862,03937,without_dynamics,0.9642857142857145,1,7
862,03937,without_articulation,0.8571428571428573,1,7
862,03937,without_pedaling,0.9642857142857145,1,7
862,03938,all,0.9285714285714288,1,7
862,03938,without_tempo,0.9642857142857145,1,7
862,03938,without_rubato,0.9642857142857145,1,7
862,03938,without_dynamics,0.9285714285714288,1,7
862,03938,without_articulation,1.0,1,7
862,03938,without_pedaling,0.9285714285714288,1,7
862,03939,all,0.9285714285714288,0,7
862,03939,without_tempo,0.8214285714285715,1,7
862,03939,without_rubato,0.9642857142857145,0,7
862,03939,without_dynamics,0.9285714285714288,1,7
862,03939,without_articulation,0.9642857142857145,1,7
862,03939,without_pedaling,0.9642857142857145,1,7
871,03986,all,1.0,1,7
871,03986,without_tempo,1.0,1,7
871,03986,without_rubato,1.0,1,7
871,03986,without_dynamics,1.0,1,7
871,03986,without_articulation,1.0,1,7
871,03986,without_pedaling,1.0,1,7
871,03989,all,0.8928571428571429,1,7
871,03989,without_tempo,0.9285714285714288,1,7
871,03989,without_rubato,1.0,1,7
871,03989,without_dynamics,0.9285714285714288,1,7
871,03989,without_articulation,0.8928571428571429,1,7
871,03989,without_pedaling,0.8571428571428573,1,7
871,03990,all,1.0,1,7
871,03990,without_tempo,1.0,1,7
871,03990,without_rubato,1.0,1,7
871,03990,without_dynamics,1.0,1,7
871,03990,without_articulation,1.0,1,7
871,03990,without_pedaling,0.9642857142857145,1,7
871,03992,all,1.0,1,7
871,03992,without_tempo,1.0,1,7
871,03992,without_rubato,0.9642857142857145,1,7
871,03992,without_dynamics,1.0,1,7
871,03992,without_articulation,1.0,1,7
871,03992,without_pedaling,1.0,1,7
871,03994,all,1.0,1,7
871,03994,without_tempo,1.0,1,7
871,03994,without_rubato,0.9642857142857145,1,7
871,03994,without_dynamics,1.0,1,7
871,03994,without_articulation,1.0,1,7
871,03994,without_pedaling,0.9642857142857145,1,7
872,03999,all,0.989010989010989,1,13
872,03999,without_tempo,0.989010989010989,1,13
872,03999,without_rubato,0.9945054945054945,1,13
872,03999,without_dynamics,1.0,1,13
872,03999,without_articulation,0.9945054945054945,1,13
872,03999,without_pedaling,0.9945054945054945,1,13
872,04000,all,1.0,1,13
872,04000,without_tempo,0.9945054945054945,1,13
872,04000,without_rubato,1.0,1,13
872,04000,without_dynamics,1.0,1,13
872,04000,without_articulation,0.9835164835164836,1,13
872,04000,without_pedaling,1.0,1,13
872,04001,all,0.9505494505494506,1,13
872,04001,without_tempo,0.9285714285714285,1,13
872,04001,without_rubato,0.901098901098901,1,13
872,04001,without_dynamics,0.9615384615384615,0,13
872,04001,without_articulation,0.9780219780219779,1,13
872,04001,without_pedaling,0.967032967032967,1,13
872,04002,all,0.9835164835164836,1,13
872,04002,without_tempo,0.9285714285714285,1,13
872,04002,without_rubato,0.9615384615384615,1,13
872,04002,without_dynamics,0.9780219780219779,0,13
872,04002,without_articulation,0.9835164835164836,1,13
872,04002,without_pedaling,0.9725274725274725,1,13
872,04003,all,0.9945054945054945,1,13
872,04003,without_tempo,0.9780219780219779,1,13
872,04003,without_rubato,1.0,1,13
872,04003,without_dynamics,0.9945054945054945,1,13
872,04003,without_articulation,1.0,1,13
872,04003,without_pedaling,0.9945054945054945,0,13
882,04152,all,1.0,1,3
882,04152,without_tempo,1.0,1,3
882,04152,without_rubato,1.0,1,3
882,04152,without_dynamics,1.0,1,3
882,04152,without_articulation,1.0,1,3
882,04152,without_pedaling,1.0,1,3
882,04156,all,1.0,1,3
882,04156,without_tempo,1.0,1,3
882,04156,without_rubato,1.0,1,3
882,04156,without_dynamics,1.0,1,3
882,04156,without_articulation,1.0,1,3
882,04156,without_pedaling,1.0,1,3
882,04162,all,1.0,1,3
882,04162,without_tempo,1.0,1,3
882,04162,without_rubato,1.0,1,3
882,04162,without_dynamics,1.0,1,3
882,04162,without_articulation,1.0,1,3
882,04162,without_pedaling,1.0,1,3
885,04189,all,1.0,1,3
885,04189,without_tempo,1.0,1,3
885,04189,without_rubato,1.0,1,3
885,04189,without_dynamics,1.0,1,3
885,04189,without_articulation,1.0,1,3
885,04189,without_pedaling,1.0,1,3
885,04190,all,1.0,1,3
885,04190,without_tempo,1.0,1,3
885,04190,without_rubato,1.0,1,3
885,04190,without_dynamics,1.0,1,3
885,04190,without_articulation,1.0,1,3
885,04190,without_pedaling,1.0,1,3
885,04195,all,1.0,1,3
885,04195,without_tempo,1.0,1,3
885,04195,without_rubato,1.0,1,3
885,04195,without_dynamics,1.0,1,3
885,04195,without_articulation,1.0,1,3
885,04195,without_pedaling,1.0,1,3
887,04211,all,1.0,1,3
887,04211,without_tempo,1.0,1,3
887,04211,without_rubato,1.0,1,3
887,04211,without_dynamics,1.0,1,3
887,04211,without_articulation,1.0,1,3
887,04211,without_pedaling,1.0,1,3
887,04212,all,1.0,1,3
887,04212,without_tempo,1.0,1,3
887,04212,without_rubato,1.0,1,3
887,04212,without_dynamics,1.0,1,3
887,04212,without_articulation,1.0,1,3
887,04212,without_pedaling,1.0,1,3
887,04213,all,1.0,1,3
887,04213,without_tempo,1.0,1,3
887,04213,without_rubato,1.0,1,3
887,04213,without_dynamics,1.0,1,3
887,04213,without_articulation,1.0,1,3
887,04213,without_pedaling,1.0,1,3
907,03829,all,0.9999999999999999,1,5
907,03829,without_tempo,0.9999999999999999,1,5
907,03829,without_rubato,0.9999999999999999,1,5
907,03829,without_dynamics,0.9999999999999999,1,5
907,03829,without_articulation,0.9999999999999999,1,5
907,03829,without_pedaling,0.9999999999999999,1,5
907,03830,all,0.9999999999999999,1,5
907,03830,without_tempo,0.8999999999999998,1,5
907,03830,without_rubato,0.9999999999999999,1,5
907,03830,without_dynamics,0.9999999999999999,1,5
907,03830,without_articulation,0.9999999999999999,1,5
907,03830,without_pedaling,0.9999999999999999,1,5
907,03832,all,0.9999999999999999,1,5
907,03832,without_tempo,0.9999999999999999,1,5
907,03832,without_rubato,0.9999999999999999,1,5
907,03832,without_dynamics,0.9999999999999999,1,5
907,03832,without_articulation,0.8999999999999998,1,5
907,03832,without_pedaling,0.9999999999999999,1,5
907,04312,all,0.9999999999999999,1,5
907,04312,without_tempo,0.9999999999999999,1,5
907,04312,without_rubato,0.9999999999999999,1,5
907,04312,without_dynamics,0.9999999999999999,1,5
907,04312,without_articulation,0.9999999999999999,1,5
907,04312,without_pedaling,0.9999999999999999,1,5
907,04313,all,0.8999999999999998,1,5
907,04313,without_tempo,0.9999999999999999,1,5
907,04313,without_rubato,0.9999999999999999,1,5
907,04313,without_dynamics,0.9999999999999999,1,5
907,04313,without_articulation,0.9999999999999999,1,5
907,04313,without_pedaling,0.8999999999999998,0,5
910,04322,all,0.9956043956043955,1,14
910,04322,without_tempo,1.0,1,14
910,04322,without_rubato,0.9912087912087912,1,14
910,04322,without_dynamics,0.9912087912087912,1,14
910,04322,without_articulation,0.9912087912087912,1,14
910,04322,without_pedaling,1.0,1,14
910,04323,all,0.9604395604395607,1,14
910,04323,without_tempo,0.9516483516483516,0,14
910,04323,without_rubato,0.9912087912087912,0,14
910,04323,without_dynamics,0.9648351648351648,1,14
910,04323,without_articulation,0.9384615384615385,0,14
910,04323,without_pedaling,0.9692307692307693,1,14
910,04324,all,0.9516483516483516,1,14
910,04324,without_tempo,0.9472527472527472,1,14
910,04324,without_rubato,0.9956043956043955,1,14
910,04324,without_dynamics,0.956043956043956,1,14
910,04324,without_articulation,0.8637362637362638,1,14
910,04324,without_pedaling,0.9208791208791209,1,14
910,04325,all,0.9824175824175824,0,14
910,04325,without_tempo,0.6835164835164835,1,14
910,04325,without_rubato,0.9956043956043955,1,14
910,04325,without_dynamics,0.9824175824175824,1,14
910,04325,without_articulation,0.9428571428571428,0,14
910,04325,without_pedaling,0.9736263736263736,0,14
910,04326,all,0.9912087912087912,1,14
910,04326,without_tempo,0.6923076923076923,0,14
910,04326,without_rubato,1.0,1,14
910,04326,without_dynamics,0.9956043956043955,1,14
910,04326,without_articulation,0.9956043956043955,1,14
910,04326,without_pedaling,0.9956043956043955,1,14
912,04338,all,0.9878787878787878,1,10
912,04338,without_tempo,0.9999999999999999,1,10
912,04338,without_rubato,0.9999999999999999,1,10
912,04338,without_dynamics,0.9999999999999999,1,10
912,04338,without_articulation,0.9878787878787878,1,10
912,04338,without_pedaling,0.9636363636363635,1,10
912,04339,all,0.9393939393939393,1,10
912,04339,without_tempo,0.9878787878787878,1,10
912,04339,without_rubato,0.9515151515151514,1,10
912,04339,without_dynamics,0.9878787878787878,1,10
912,04339,without_articulation,0.9757575757575757,1,10
912,04339,without_pedaling,0.9030303030303028,0,10
912,04340,all,0.8787878787878788,0,10
912,04340,without_tempo,0.9999999999999999,1,10
912,04340,without_rubato,0.7818181818181817,0,10
912,04340,without_dynamics,0.9878787878787878,1,10
912,04340,without_articulation,0.9151515151515152,0,10
912,04340,without_pedaling,0.8545454545454544,0,10
912,04341,all,0.9636363636363635,1,10
912,04341,without_tempo,0.9999999999999999,1,10
912,04341,without_rubato,0.9878787878787878,1,10
912,04341,without_dynamics,0.9878787878787878,1,10
912,04341,without_articulation,0.9999999999999999,1,10
912,04341,without_pedaling,0.9878787878787878,1,10
912,04342,all,0.9878787878787878,1,10
912,04342,without_tempo,0.9878787878787878,1,10
912,04342,without_rubato,0.9636363636363635,1,10
912,04342,without_dynamics,0.9999999999999999,1,10
912,04342,without_articulation,0.9999999999999999,1,10
912,04342,without_pedaling,0.9878787878787878,1,10
918,04393,all,0.9615384615384615,0,13
918,04393,without_tempo,0.9945054945054945,1,13
918,04393,without_rubato,0.989010989010989,0,13
918,04393,without_dynamics,0.9560439560439561,0,13
918,04393,without_articulation,0.967032967032967,0,13
918,04393,without_pedaling,0.9780219780219779,1,13
918,04394,all,0.9945054945054945,1,13
918,04394,without_tempo,1.0,1,13
918,04394,without_rubato,0.989010989010989,1,13
918,04394,without_dynamics,0.9945054945054945,1,13
918,04394,without_articulation,0.9945054945054945,1,13
918,04394,without_pedaling,0.9945054945054945,1,13
918,04395,all,1.0,1,13
918,04395,without_tempo,0.989010989010989,1,13
918,04395,without_rubato,1.0,1,13
918,04395,without_dynamics,0.9945054945054945,1,13
918,04395,without_articulation,0.9945054945054945,1,13
918,04395,without_pedaling,0.9945054945054945,1,13
918,04396,all,0.9835164835164836,1,13
918,04396,without_tempo,0.7472527472527472,1,13
918,04396,without_rubato,0.9780219780219779,1,13
918,04396,without_dynamics,0.9835164835164836,0,13
918,04396,without_articulation,0.967032967032967,1,13
918,04396,without_pedaling,0.9835164835164836,1,13
918,04398,all,0.9560439560439561,1,13
918,04398,without_tempo,0.5824175824175823,1,13
918,04398,without_rubato,0.9560439560439561,0,13
918,04398,without_dynamics,0.989010989010989,0,13
918,04398,without_articulation,0.9340659340659341,1,13
918,04398,without_pedaling,0.9835164835164836,1,13
94,00300,all,1.0,1,3
94,00300,without_tempo,1.0,1,3
94,00300,without_rubato,1.0,1,3
94,00300,without_dynamics,1.0,1,3
94,00300,without_articulation,1.0,1,3
94,00300,without_pedaling,1.0,1,3
94,00301,all,1.0,1,3
94,00301,without_tempo,1.0,1,3
94,00301,without_rubato,1.0,1,3
94,00301,without_dynamics,1.0,1,3
94,00301,without_articulation,1.0,1,3
94,00301,without_pedaling,1.0,1,3
94,00302,all,1.0,1,3
94,00302,without_tempo,1.0,1,3
94,00302,without_rubato,1.0,1,3
94,00302,without_dynamics,1.0,1,3
94,00302,without_articulation,1.0,1,3
94,00302,without_pedaling,1.0,1,3
96,00309,all,0.942857142857143,0,6
96,00309,without_tempo,1.0,1,6
96,00309,without_rubato,1.0,1,6
96,00309,without_dynamics,1.0,1,6
96,00309,without_articulation,1.0,1,6
96,00309,without_pedaling,0.942857142857143,0,6
96,00310,all,0.942857142857143,1,6
96,00310,without_tempo,0.8285714285714287,1,6
96,00310,without_rubato,0.942857142857143,1,6
96,00310,without_dynamics,1.0,1,6
96,00310,without_articulation,0.942857142857143,1,6
96,00310,without_pedaling,0.942857142857143,1,6
96,00312,all,0.942857142857143,1,6
96,00312,without_tempo,0.942857142857143,1,6
96,00312,without_rubato,0.942857142857143,1,6
96,00312,without_dynamics,1.0,1,6
96,00312,without_articulation,1.0,1,6
96,00312,without_pedaling,1.0,1,6
96,00313,all,1.0,1,6
96,00313,without_tempo,0.942857142857143,1,6
96,00313,without_rubato,1.0,1,6
96,00313,without_dynamics,1.0,1,6
96,00313,without_articulation,1.0,1,6
96,00313,without_pedaling,1.0,1,6
96,00314,all,1.0,1,6
96,00314,without_tempo,1.0,1,6
96,00314,without_rubato,0.942857142857143,0,6
96,00314,without_dynamics,1.0,1,6
96,00314,without_articulation,1.0,1,6
96,00314,without_pedaling,1.0,1,6
98,00322,all,1.0,1,3
98,00322,without_tempo,1.0,1,3
98,00322,without_rubato,1.0,1,3
98,00322,without_dynamics,1.0,1,3
98,00322,without_articulation,1.0,1,3
98,00322,without_pedaling,1.0,1,3
98,00323,all,1.0,1,3
98,00323,without_tempo,1.0,1,3
98,00323,without_rubato,1.0,1,3
98,00323,without_dynamics,1.0,1,3
98,00323,without_articulation,1.0,1,3
98,00323,without_pedaling,1.0,1,3
98,00324,all,1.0,1,3
98,00324,without_tempo,1.0,1,3
98,00324,without_rubato,1.0,1,3
98,00324,without_dynamics,1.0,1,3
98,00324,without_articulation,1.0,1,3
98,00324,without_pedaling,1.0,1,3
99,00329,all,1.0,1,4
99,00329,without_tempo,1.0,1,4
99,00329,without_rubato,1.0,1,4
99,00329,without_dynamics,1.0,1,4
99,00329,without_articulation,1.0,1,4
99,00329,without_pedaling,1.0,1,4
99,00330,all,1.0,1,4
99,00330,without_tempo,1.0,1,4
99,00330,without_rubato,1.0,1,4
99,00330,without_dynamics,1.0,1,4
99,00330,without_articulation,1.0,1,4
99,00330,without_pedaling,1.0,1,4
99,00331,all,1.0,1,4
99,00331,without_tempo,0.7999999999999999,0,4
99,00331,without_rubato,1.0,1,4
99,00331,without_dynamics,1.0,1,4
99,00331,without_articulation,1.0,1,4
99,00331,without_pedaling,1.0,1,4
99,00332,all,1.0,1,4
99,00332,without_tempo,0.7999999999999999,0,4
99,00332,without_rubato,1.0,1,4
99,00332,without_dynamics,1.0,1,4
99,00332,without_articulation,1.0,1,4
99,00332,without_pedaling,1.0,1,4
