composition_id,perf_id,feature_score_range,metadata_score_range,feature_distinct_scores,candidates
1067,04932,8.603291422057346,0.0,5,5
1067,04933,6.79495165015881,0.0,5,5
1067,04934,6.109648530902028,0.0,5,5
1067,04935,8.388553746045329,0.0,5,5
1067,04936,8.008650320644382,0.0,5,5
1068,04937,1.0068547049011336,0.0,6,6
1068,04940,1.2607315014795009,0.0,6,6
1068,04941,1.1001301966275632,0.0,6,6
1068,04942,1.2513103949728666,0.0,6,6
1068,04943,1.3228037759596418,0.0,6,6
1068,04944,1.3852621302256003,0.0,6,6
1072,04950,1.2284132864230937,0.0,3,3
1072,04951,0.7051624105074674,0.0,3,3
1072,04952,1.3189903793956983,0.0,3,3
1082,04993,1.2536350109927927,0.0,3,3
1082,04994,0.44292733475385115,0.0,3,3
1082,04995,0.7491464477178127,0.0,3,3
1113,05166,1.3951105307304834,0.0,15,15
1113,05168,1.340417225020149,0.0,15,15
1113,05169,1.7340609356888246,0.0,15,15
1113,05171,1.7211304291924203,0.0,15,15
1113,05175,0.9411674216336241,0.0,15,15
1113,05180,1.3399795912498975,0.0,15,15
1113,05182,1.416422855149194,0.0,15,15
1113,05183,0.9587514343349821,0.0,15,15
1113,05184,1.4163369866234783,0.0,15,15
1113,05185,1.5981241324485689,0.0,15,15
1113,05186,1.6094495421667327,0.0,15,15
1113,05188,1.0450504271525574,0.0,15,15
1113,05189,1.3431044160285912,0.0,15,15
1113,05191,1.6155893202181182,0.0,15,15
1113,05193,1.553889306819195,0.0,15,15
1115,05165,0.8461654607453284,0.0,15,15
1115,05167,0.8383248366503818,0.0,15,15
1115,05170,0.9931742341245248,0.0,15,15
1115,05179,1.0363235208436075,0.0,15,15
1115,05181,0.9773379385883598,0.0,15,15
1115,05187,0.6923518675796103,0.0,15,15
1115,05190,0.6774277171691472,0.0,15,15
1115,05192,0.7295024786727067,0.0,15,15
1115,05221,0.9753724264243933,0.0,15,15
1115,05225,0.5744812027030473,0.0,15,15
1115,05226,0.5918797389125364,0.0,15,15
1115,05229,0.9797516403304256,0.0,15,15
1115,05230,0.8676852309296366,0.0,15,15
1115,05231,0.8580247280524331,0.0,15,15
1115,05232,1.1428088378727586,0.0,15,15
1116,05233,0.9250206904171934,0.0,9,9
1116,05234,0.922925737656102,0.0,9,9
1116,05235,1.2764706566583164,0.0,9,9
1116,05236,1.0646548549248656,0.0,9,9
1116,05237,0.9387862188735638,0.0,9,9
1116,05240,0.7319774695138049,0.0,9,9
1116,05241,1.3383036472911656,0.0,9,9
1116,05274,0.9800033444355791,0.0,9,9
1116,05276,1.04043070434973,0.0,9,9
1117,05243,1.381586528471031,0.0,14,14
1117,05244,1.5321197403344389,0.0,14,14
1117,05248,1.639387011301038,0.0,14,14
1117,05249,1.8444421178285553,0.0,14,14
1117,05250,1.6022738714686842,0.0,14,14
1117,05251,2.1912070169626827,0.0,14,14
1117,05252,2.013599954556626,0.0,14,14
1117,05253,2.646731511349758,0.0,14,14
1117,05254,2.6841810443397485,0.0,14,14
1117,05256,1.4240854203270676,0.0,14,14
1117,05257,1.7385920417741692,0.0,14,14
1117,05261,1.5364377623776744,0.0,14,14
1117,05262,1.8088490402632404,0.0,14,14
1117,05263,3.2086637260761903,0.0,14,14
1118,05266,1.9854954725345817,0.0,10,10
1118,05267,1.889717108261316,0.0,10,10
1118,05268,2.2260958396926216,0.0,10,10
1118,05269,2.201535340289596,0.0,10,10
1118,05270,2.5013330115153916,0.0,10,10
1118,05271,2.3809632685252766,0.0,10,10
1118,05273,1.9733971957658718,0.0,10,10
1118,05275,2.068006270676166,0.0,10,10
1118,05277,2.146999750120818,0.0,10,10
1118,05278,2.2319621890770334,0.0,10,10
1122,05294,1.2419788223815065,0.0,8,8
1122,05295,0.8697708780605082,0.0,8,8
1122,05296,0.8363445837762473,0.0,8,8
1122,05297,0.7632009143672829,0.0,8,8
1122,05298,1.1668293300887496,0.0,8,8
1122,05299,1.0571283344956903,0.0,8,8
1122,05300,0.5478862034845825,0.0,8,8
1122,05302,0.5562277049355755,0.0,8,8
1125,05315,111.14024935176101,0.0,4,4
1125,05316,112.20150381195572,0.0,4,4
1125,05317,112.34472422953878,0.0,4,4
1125,05322,103.35244558219095,0.0,4,4
1127,05330,2.1409569556521295,0.0,5,5
1127,05334,3.340025207249216,0.0,5,5
1127,05336,3.2713232709093303,0.0,5,5
1127,05339,1.3324787262371642,0.0,5,5
1127,05341,1.839876752285205,0.0,5,5
1129,05353,1.0843207085882538,0.0,13,13
1129,05354,0.8272490873045153,0.0,13,13
1129,05355,0.5741198308538209,0.0,13,13
1129,05356,0.8462055169374769,0.0,13,13
1129,05357,1.0052113237206441,0.0,13,13
1129,05358,0.9187035358036131,0.0,13,13
1129,05359,1.150054432358297,0.0,13,13
1129,05360,1.1518096583876236,0.0,13,13
1129,05361,1.0422237065144786,0.0,13,13
1129,05362,1.1318123877074817,0.0,13,13
1129,05363,1.105373983842341,0.0,13,13
1129,05364,0.882845075180323,0.0,13,13
1129,05365,0.9180373743259246,0.0,13,13
1130,05366,6.974489446262168,0.0,11,11
1130,05367,7.616904847967974,0.0,11,11
1130,05370,7.502589543856587,0.0,11,11
1130,05371,7.907715763154444,0.0,11,11
1130,05372,7.885345536741393,0.0,11,11
1130,05374,8.415935956916341,0.0,11,11
1130,05375,7.436998578223477,0.0,11,11
1130,05376,7.554800675377802,0.0,11,11
1130,05377,7.756859876332056,0.0,11,11
1130,05381,7.387437741015182,0.0,11,11
1130,05382,7.279189503138542,0.0,11,11
1131,05385,0.8946993406815721,0.0,12,12
1131,05390,1.1241655308390148,0.0,12,12
1131,05391,0.5400605659959576,0.0,12,12
1131,05394,0.7358217758035633,0.0,12,12
1131,05395,0.7975042968468569,0.0,12,12
1131,05396,0.9522749175090139,0.0,12,12
1131,05397,1.0569513378453357,0.0,12,12
1131,05398,1.1009610246470174,0.0,12,12
1131,05399,0.9108104277957453,0.0,12,12
1131,05401,1.0754942777484637,0.0,12,12
1131,05402,1.2205563049729333,0.0,12,12
1131,05403,1.2616712654064275,0.0,12,12
1132,05407,0.8817424594597777,0.0,8,8
1132,05410,1.0251982742306986,0.0,8,8
1132,05411,0.9942537501352,0.0,8,8
1132,05412,0.7698667733846326,0.0,8,8
1132,05414,0.9460535296854364,0.0,8,8
1132,05415,0.9162038008175658,0.0,8,8
1132,05417,0.9303789568989963,0.0,8,8
1132,05418,0.9713382016696754,0.0,8,8
1133,05428,1.2337779627455632,0.0,16,16
1133,05429,1.51748571674293,0.0,16,16
1133,05430,1.8313749193680944,0.0,16,16
1133,05433,1.8586256306662585,0.0,16,16
1133,05435,1.5703404553500429,0.0,16,16
1133,05436,1.6475356662078444,0.0,16,16
1133,05437,1.8648500208519498,0.0,16,16
1133,05438,0.8663885478208402,0.0,16,16
1133,05439,1.4094366982469813,0.0,16,16
1133,05440,1.4830930595242544,0.0,16,16
1133,05441,1.6699918145661383,0.0,16,16
1133,05443,1.624300421670404,0.0,16,16
1133,05444,1.0177553773061767,0.0,16,16
1133,05445,2.037128330411912,0.0,16,16
1133,05446,1.75090807092512,0.0,16,16
1133,05447,1.7106962108967099,0.0,16,16
1137,05502,0.9384412594967715,0.0,3,3
1137,05504,1.713006346864542,0.0,3,3
1137,05506,1.2958402984442468,0.0,3,3
1139,05501,0.5912896840837639,0.0,3,3
1139,05503,0.09168966005520351,0.0,3,3
1139,05505,0.6333334360457986,0.0,3,3
1141,05524,1.3425767716018515,0.0,3,3
1141,05525,1.5271774413294068,0.0,3,3
1141,05527,1.274021024205294,0.0,3,3
1142,05531,1.0844993717681704,0.0,6,6
1142,05533,1.038496324774802,0.0,6,6
1142,05535,0.5556064729435488,0.0,6,6
1142,05536,0.983793554984376,0.0,6,6
1142,05537,0.5595638542428193,0.0,6,6
1142,05540,0.8191132752524077,0.0,6,6
1143,05542,0.7571805514225538,0.0,7,7
1143,05543,2.365028370057699,0.0,7,7
1143,05544,2.363021784445185,0.0,7,7
1143,05545,2.3874311603996317,0.0,7,7
1143,05546,1.6826632270096815,0.0,7,7
1143,05547,1.7038760533591555,0.0,7,7
1143,05548,1.7764908031438609,0.0,7,7
1145,05559,1.0606485147640496,0.0,8,8
1145,05560,0.9935969480792589,0.0,8,8
1145,05561,1.007645976874016,0.0,8,8
1145,05562,1.3491495910950322,0.0,8,8
1145,05563,0.8387394966392622,0.0,8,8
1145,05564,0.7655851215385825,0.0,8,8
1145,05566,1.0531203766370107,0.0,8,8
1145,05567,1.0963757628996038,0.0,8,8
1147,05583,1.8184357716680375,0.0,6,6
1147,05584,2.003957521255969,0.0,6,6
1147,05587,1.0191374903832329,0.0,6,6
1147,05588,1.8286910420993254,0.0,6,6
1147,05589,1.7703275906068157,0.0,6,6
1147,05590,1.4778563204804303,0.0,6,6
1148,05594,0.8391652229447267,0.0,9,9
1148,05595,1.2281182537243684,0.0,9,9
1148,05596,0.8302954180899201,0.0,9,9
1148,05599,1.2917547461468246,0.0,9,9
1148,05602,1.0161566277748224,0.0,9,9
1148,05603,0.9751485606316495,0.0,9,9
1148,05606,1.2291789675270444,0.0,9,9
1148,05607,1.466427089467977,0.0,9,9
1148,05609,1.0526007208110064,0.0,9,9
1151,05650,1.8114690120346775,0.0,16,16
1151,05652,1.0123406890601085,0.0,16,16
1151,05655,1.7414428371242818,0.0,16,16
1151,05656,1.6467205430763787,0.0,16,16
1151,05657,1.616115927057986,0.0,16,16
1151,05658,1.0797077885827058,0.0,16,16
1151,05659,1.125177236129973,0.0,16,16
1151,05660,1.734188076395537,0.0,16,16
1151,05661,1.8044957518898768,0.0,16,16
1151,05662,1.5314191311240455,0.0,16,16
1151,05663,1.7218018683885226,0.0,16,16
1151,05665,1.6661011479565313,0.0,16,16
1151,05667,1.0593215405620815,0.0,16,16
1151,05668,1.7099328056431677,0.0,16,16
1151,05669,1.603366922297373,0.0,16,16
1151,05670,1.487666422903206,0.0,16,16
1152,05674,1.0884076589150942,0.0,23,23
1152,05675,1.2514911945894418,0.0,23,23
1152,05676,1.383533074794641,0.0,23,23
1152,05679,1.3495197726709058,0.0,23,23
1152,05681,1.7943530613364942,0.0,23,23
1152,05682,1.2194987651955764,0.0,23,23
1152,05683,1.533909889638243,0.0,23,23
1152,05684,1.708163482250915,0.0,23,23
1152,05685,1.5819985658135731,0.0,23,23
1152,05686,1.4543066448287227,0.0,23,23
1152,05687,1.421320076560168,0.0,23,23
1152,05688,1.3994706819288063,0.0,23,23
1152,05689,1.6699325293485046,0.0,23,23
1152,05690,1.6877286920870247,0.0,23,23
1152,05691,0.7976695014621894,0.0,23,23
1152,05693,1.3208007218823712,0.0,23,23
1152,05694,1.5824668999079616,0.0,23,23
1152,05695,1.5189650473309493,0.0,23,23
1152,05696,1.4572301657197437,0.0,23,23
1152,05700,1.58831268258242,0.0,23,23
1152,05701,1.3580179294904229,0.0,23,23
1152,05702,1.2361987357730795,0.0,23,23
1152,05703,1.270845984649209,0.0,23,23
1153,05708,1.2105071015719555,0.0,14,14
1153,05709,1.2998322798097317,0.0,14,14
1153,05711,2.0000223853934846,0.0,14,14
1153,05713,1.8380232376397665,0.0,14,14
1153,05714,1.8688392899593786,0.0,14,14
1153,05715,1.6379203503386186,0.0,14,14
1153,05718,1.6688089287709524,0.0,14,14
1153,05719,1.6665022182106242,0.0,14,14
1153,05720,1.4118467667772547,0.0,14,14
1153,05723,2.1250413772038512,0.0,14,14
1153,05724,1.467450096218403,0.0,14,14
1153,05726,1.696198547079974,0.0,14,14
1153,05727,1.8101721557615538,0.0,14,14
1153,05734,1.7329390160304396,0.0,14,14
1157,05764,60.70604907227238,0.0,3,3
1157,05765,67.93739477765838,0.0,3,3
1157,05766,67.56495806887112,0.0,3,3
1160,05779,0.43288371907322565,0.0,5,5
1160,05780,1.8080523069272076,0.0,5,5
1160,05781,1.0971483964942874,0.0,5,5
1160,05782,1.653131663058772,0.0,5,5
1160,05785,1.0402869875821374,0.0,5,5
1161,05196,5.838139627278277,0.0,17,17
1161,05197,6.396075270966611,0.0,17,17
1161,05198,6.472446523961582,0.0,17,17
1161,05199,6.479394681104857,0.0,17,17
1161,05203,6.619488986903237,0.0,17,17
1161,05206,6.112033756025015,0.0,17,17
1161,05207,6.380723948062312,0.0,17,17
1161,05208,6.272338756982788,0.0,17,17
1161,05210,6.347074868291271,0.0,17,17
1161,05211,6.2089561225678835,0.0,17,17
1161,05212,6.235563479390441,0.0,17,17
1161,05213,6.037593864089223,0.0,17,17
1161,05214,6.376809339081037,0.0,17,17
1161,05215,6.582131616678181,0.0,17,17
1161,05216,5.946975744491315,0.0,17,17
1161,05217,6.601954870913217,0.0,17,17
1161,05220,6.681452434451882,0.0,17,17
1162,05787,0.4873076182565742,0.0,7,7
1162,05788,0.6055717249989755,0.0,7,7
1162,05790,1.0446561894070585,0.0,7,7
1162,05791,1.061757995538712,0.0,7,7
1162,05792,0.511964757861604,0.0,7,7
1162,05793,0.7204919448709504,0.0,7,7
1162,05795,0.625787086924712,0.0,7,7
1163,05798,1.2593968857966238,0.0,5,5
1163,05799,1.8540247370818914,0.0,5,5
1163,05800,1.918791110392354,0.0,5,5
1163,05801,1.6688843248528307,0.0,5,5
1163,05802,1.44449136974484,0.0,5,5
1164,05807,1.8609403610746842,0.0,4,4
1164,05808,2.052074938421465,0.0,4,4
1164,05809,1.4069058488992838,0.0,4,4
1164,05810,2.137128833588574,0.0,4,4
1166,05847,1.1665541746463595,0.0,29,29
1166,05848,1.0009888486787732,0.0,29,29
1166,05851,1.1948436757886631,0.0,29,29
1166,05852,1.7340880401494254,0.0,29,29
1166,05854,1.2567662998977998,0.0,29,29
1166,05856,1.59843915115263,0.0,29,29
1166,05857,1.2309672829397897,0.0,29,29
1166,05858,1.2561171810416492,0.0,29,29
1166,05860,1.4334223953412144,0.0,29,29
1166,05861,1.532207207614054,0.0,29,29
1166,05863,1.0621906597683664,0.0,29,29
1166,05865,1.0810189975914035,0.0,29,29
1166,05866,1.2421663882934562,0.0,29,29
1166,05867,1.7857095840169657,0.0,29,29
1166,05868,1.8873018235769055,0.0,29,29
1166,05869,1.9097778856029817,0.0,29,29
1166,05870,1.9030238508176907,0.0,29,29
1166,05871,1.1304457948035553,0.0,29,29
1166,05872,1.5846082746481593,0.0,29,29
1166,05873,0.8978220555706834,0.0,29,29
1166,05874,1.579848805396596,0.0,29,29
1166,05876,1.7320913649903178,0.0,29,29
1166,05878,1.2406591164773404,0.0,29,29
1166,05879,1.1168912078795197,0.0,29,29
1166,05882,1.0769892810263677,0.0,29,29
1166,05883,1.802563054197182,0.0,29,29
1166,05885,1.242535721814154,0.0,29,29
1166,05887,1.5442384319292726,0.0,29,29
1166,05890,1.2556967771330225,0.0,29,29
1167,05894,1.2966477126327374,0.0,32,32
1167,05895,1.5508663436547079,0.0,32,32
1167,05896,1.4073596751503572,0.0,32,32
1167,05900,1.5583960530179302,0.0,32,32
1167,05901,1.9420843770433531,0.0,32,32
1167,05903,1.7019900933572776,0.0,32,32
1167,05904,1.3678143942292211,0.0,32,32
1167,05905,1.410915425963007,0.0,32,32
1167,05906,1.3592868972267653,0.0,32,32
1167,05908,0.9076275491639536,0.0,32,32
1167,05910,1.13840602125615,0.0,32,32
1167,05912,1.2347553358802046,0.0,32,32
1167,05913,1.3776425656427036,0.0,32,32
1167,05914,1.464219624339215,0.0,32,32
1167,05915,1.7350851358714017,0.0,32,32
1167,05916,1.7078324232145448,0.0,32,32
1167,05917,1.7012103174243078,0.0,32,32
1167,05918,1.371281890416459,0.0,32,32
1167,05919,1.7011298017204453,0.0,32,32
1167,05920,1.7128720765520613,0.0,32,32
1167,05921,1.7459886815444006,0.0,32,32
1167,05923,1.2630555552821734,0.0,32,32
1167,05925,1.4012596056871516,0.0,32,32
1167,05926,1.461739062804937,0.0,32,32
1167,05927,1.0167059019342166,0.0,32,32
1167,05928,1.02299929065391,0.0,32,32
1167,05930,1.29992295430843,0.0,32,32
1167,05931,1.7147252974464582,0.0,32,32
1167,05933,1.6271338636275003,0.0,32,32
1167,05934,1.1944767426330416,0.0,32,32
1167,05938,1.309717846158458,0.0,32,32
1167,05939,1.6716266157239132,0.0,32,32
1168,05943,0.7674744459814338,0.0,29,29
1168,05944,0.8675243293834367,0.0,29,29
1168,05945,0.9362686078121193,0.0,29,29
1168,05949,0.9544471789722095,0.0,29,29
1168,05950,0.8057771952099821,0.0,29,29
1168,05952,1.1916174546527345,0.0,29,29
1168,05953,0.8759219177947377,0.0,29,29
1168,05954,1.2611478325624144,0.0,29,29
1168,05955,0.9667317138605371,0.0,29,29
1168,05957,1.071829744039488,0.0,29,29
1168,05958,0.9589584691701207,0.0,29,29
1168,05959,1.1672471400918691,0.0,29,29
1168,05961,1.1695914527705327,0.0,29,29
1168,05962,0.768707728086577,0.0,29,29
1168,05963,1.3804796779626534,0.0,29,29
1168,05964,1.0094978013347453,0.0,29,29
1168,05965,1.0725302075113006,0.0,29,29
1168,05966,1.12501439133044,0.0,29,29
1168,05967,1.268447672878958,0.0,29,29
1168,05968,0.9244253794765793,0.0,29,29
1168,05969,0.7548045099834217,0.0,29,29
1168,05970,1.2019982345719904,0.0,29,29
1168,05972,0.9200878924001478,0.0,29,29
1168,05973,0.9775955634107294,0.0,29,29
1168,05974,0.9315283174747531,0.0,29,29
1168,05975,0.9910683634286326,0.0,29,29
1168,05977,0.9098056419246529,0.0,29,29
1168,05978,1.5110293097097134,0.0,29,29
1168,05980,0.7693918072243691,0.0,29,29
116,00396,0.8558053180301866,0.0,5,5
116,00397,0.9332139864121086,0.0,5,5
116,00398,0.9843447596062084,0.0,5,5
116,00399,0.7641135971231995,0.0,5,5
116,00400,0.8135287460081206,0.0,5,5
1175,06029,1.4987549888451395,0.0,24,24
1175,06030,1.5523391501032333,0.0,24,24
1175,06031,1.2967753837785163,0.0,24,24
1175,06032,1.3196230821973194,0.0,24,24
1175,06033,1.345318509119594,0.0,24,24
1175,06034,1.4998435038738487,0.0,24,24
1175,06035,1.6606875572367488,0.0,24,24
1175,06037,1.4411831584177293,0.0,24,24
1175,06038,1.1279602969356926,0.0,24,24
1175,06039,1.0359282675425228,0.0,24,24
1175,06040,1.3286906553597535,0.0,24,24
1175,06041,1.2704369486289728,0.0,24,24
1175,06042,1.168289584539173,0.0,24,24
1175,06043,1.9041212500092157,0.0,24,24
1175,06047,1.3190449189900362,0.0,24,24
1175,06048,1.468889555598491,0.0,24,24
1175,06049,1.3709206434062446,0.0,24,24
1175,06050,0.8027090753484613,0.0,24,24
1175,06052,1.8806545199687656,0.0,24,24
1175,06053,2.0048205312958296,0.0,24,24
1175,06055,2.0780883377761867,0.0,24,24
1175,06056,1.0186788845387071,0.0,24,24
1175,06057,1.2739054298364847,0.0,24,24
1175,06059,1.5111288988935523,0.0,24,24
1176,06061,0.7788487643218482,0.0,18,18
1176,06062,1.047143069491136,0.0,18,18
1176,06063,1.0561309228821283,0.0,18,18
1176,06064,0.862653184567314,0.0,18,18
1176,06067,0.9528652384014595,0.0,18,18
1176,06068,1.0323552491349441,0.0,18,18
1176,06069,0.7992091505433994,0.0,18,18
1176,06070,0.8933620186130157,0.0,18,18
1176,06071,1.0784721041031677,0.0,18,18
1176,06072,1.0856223994493204,0.0,18,18
1176,06073,0.8550483300507219,0.0,18,18
1176,06077,0.8305933688797484,0.0,18,18
1176,06078,0.9426958228607426,0.0,18,18
1176,06079,0.9160580839737551,0.0,18,18
1176,06082,0.9490943447666899,0.0,18,18
1176,06083,1.2069214490134632,0.0,18,18
1176,06085,0.7166254017038646,0.0,18,18
1176,06086,1.0705069607253774,0.0,18,18
1177,06093,0.9789345985837528,0.0,21,21
1177,06099,0.7774446461024871,0.0,21,21
1177,06100,0.8656326932910926,0.0,21,21
1177,06101,0.9197555105618672,0.0,21,21
1177,06102,0.9424364478317406,0.0,21,21
1177,06103,0.9630024299165315,0.0,21,21
1177,06104,0.8243505868116658,0.0,21,21
1177,06105,0.7891466938275209,0.0,21,21
1177,06113,1.1903074045855069,0.0,21,21
1177,06114,1.181147860460429,0.0,21,21
1177,06115,1.1391586155012188,0.0,21,21
1177,06117,0.813244663201015,0.0,21,21
1177,06120,0.7582772513737775,0.0,21,21
1177,06122,0.6357722645888224,0.0,21,21
1177,06123,0.6241757548927755,0.0,21,21
1177,06124,0.6793305519895081,0.0,21,21
1177,06127,0.9802763643580326,0.0,21,21
1177,06128,0.9371838840183312,0.0,21,21
1177,06130,0.7494337157756504,0.0,21,21
1177,06133,0.7110481784477518,0.0,21,21
1177,06134,0.5388924162427964,0.0,21,21
1178,06138,0.7527872104145232,0.0,20,20
1178,06142,0.7770823877941795,0.0,20,20
1178,06143,1.0102162164684851,0.0,20,20
1178,06144,0.9568660928617667,0.0,20,20
1178,06145,0.724536747266592,0.0,20,20
1178,06146,1.0757055522064052,0.0,20,20
1178,06147,0.7790642015097506,0.0,20,20
1178,06148,1.073748177688718,0.0,20,20
1178,06151,0.7894974341356622,0.0,20,20
1178,06152,1.1365069513828336,0.0,20,20
1178,06153,0.9661036604203501,0.0,20,20
1178,06156,0.9402530369568936,0.0,20,20
1178,06157,1.051255508148519,0.0,20,20
1178,06158,1.0708365774593487,0.0,20,20
1178,06159,0.9971056103604387,0.0,20,20
1178,06160,1.2097633492729023,0.0,20,20
1178,06161,0.6795453616154499,0.0,20,20
1178,06162,1.0428137395218338,0.0,20,20
1178,06165,0.7293941134971345,0.0,20,20
1178,06166,1.0547525945082654,0.0,20,20
1179,06172,1.1409978414411244,0.0,21,21
1179,06178,1.0638521368442027,0.0,21,21
1179,06179,1.2584692798303672,0.0,21,21
1179,06180,1.2547245761195664,0.0,21,21
1179,06182,1.1287739028223531,0.0,21,21
1179,06183,1.1523471074484868,0.0,21,21
1179,06184,1.105858098577587,0.0,21,21
1179,06185,1.0176892340985553,0.0,21,21
1179,06190,1.1294052159174415,0.0,21,21
1179,06191,1.5150403649059216,0.0,21,21
1179,06192,1.5615219290924198,0.0,21,21
1179,06194,1.3456715771627987,0.0,21,21
1179,06195,1.2876569924180326,0.0,21,21
1179,06197,1.3714009108903873,0.0,21,21
1179,06198,1.2950460624860238,0.0,21,21
1179,06199,1.4473172424829217,0.0,21,21
1179,06202,1.220445512829488,0.0,21,21
1179,06203,1.3357500641106987,0.0,21,21
1179,06205,1.121741940033582,0.0,21,21
1179,06208,1.0534778394948077,0.0,21,21
1179,06209,1.0463483092797456,0.0,21,21
117,00401,1.9765146736386487,0.0,7,7
117,00404,1.2101898775802387,0.0,7,7
117,00405,2.8036837354506083,0.0,7,7
117,00406,2.875020503158154,0.0,7,7
117,00407,2.997694313017852,0.0,7,7
117,00408,1.8707693936300287,0.0,7,7
117,00409,1.5804011606416133,0.0,7,7
1180,06214,1.083585269237115,0.0,27,27
1180,06220,0.9071330397625047,0.0,27,27
1180,06221,0.8159811064313214,0.0,27,27
1180,06222,0.8928136250647185,0.0,27,27
1180,06223,1.4006373522965299,0.0,27,27
1180,06225,0.8576918807538414,0.0,27,27
1180,06226,1.221763915050369,0.0,27,27
1180,06227,0.8127303391923266,0.0,27,27
1180,06228,0.9173451007366238,0.0,27,27
1180,06233,0.971882028379887,0.0,27,27
1180,06234,1.024567336671051,0.0,27,27
1180,06235,1.451481456132319,0.0,27,27
1180,06236,1.3239989520858253,0.0,27,27
1180,06237,1.4470221706820834,0.0,27,27
1180,06239,0.9649123864215645,0.0,27,27
1180,06240,1.1915218788852247,0.0,27,27
1180,06241,1.0739244764332383,0.0,27,27
1180,06242,1.1051993612661604,0.0,27,27
1180,06244,1.2067693717370127,0.0,27,27
1180,06245,1.231653536157783,0.0,27,27
1180,06246,1.082061743004345,0.0,27,27
1180,06249,1.3949789978301987,0.0,27,27
1180,06250,1.2131227640209163,0.0,27,27
1180,06252,0.8443687219232651,0.0,27,27
1180,06254,1.0201213847614359,0.0,27,27
1180,06255,0.7677493593993721,0.0,27,27
1180,06256,1.0506605006876941,0.0,27,27
1182,06276,0.9509848875778847,0.0,7,7
1182,06277,0.9124936533445579,0.0,7,7
1182,06278,0.8189027822393591,0.0,7,7
1182,06284,1.4446941746125983,0.0,7,7
1182,06285,0.9784135685809104,0.0,7,7
1182,06286,1.4217293079002657,0.0,7,7
1182,06287,1.2671230433160834,0.0,7,7
1183,06304,1.606919440015701,0.0,5,5
1183,06309,0.9870864762174327,0.0,5,5
1183,06310,1.2048757382098931,0.0,5,5
1183,06313,0.46055219606736797,0.0,5,5
1183,06315,0.8443046881751134,0.0,5,5
1186,06354,0.8415781156787993,0.0,18,18
1186,06364,1.0736235712339883,0.0,18,18
1186,06374,0.7415508866822393,0.0,18,18
1186,06377,0.8095497392512914,0.0,18,18
1186,06379,1.0697872476142827,0.0,18,18
1186,06381,0.9909217183837887,0.0,18,18
1186,06383,0.9830785220366618,0.0,18,18
1186,06384,1.0795875854557015,0.0,18,18
1186,06385,1.0212359483928741,0.0,18,18
1186,06386,0.9997445382147627,0.0,18,18
1186,06387,1.0212819584362443,0.0,18,18
1186,06388,1.0072499663330399,0.0,18,18
1186,06389,0.9920942716569121,0.0,18,18
1186,06390,0.8775801858406419,0.0,18,18
1186,06391,0.8478398981579343,0.0,18,18
1186,06392,1.29920904500891,0.0,18,18
1186,06393,1.360157983094618,0.0,18,18
1186,06394,0.9132983060867886,0.0,18,18
1187,06398,0.8534137927931099,0.0,22,22
1187,06402,0.7958249613251872,0.0,22,22
1187,06404,1.3246676333097938,0.0,22,22
1187,06405,0.696199902056258,0.0,22,22
1187,06408,1.3355735443742691,0.0,22,22
1187,06409,1.1014054298614386,0.0,22,22
1187,06410,1.2178536502660589,0.0,22,22
1187,06411,1.1899710800963041,0.0,22,22
1187,06412,0.7388672379521581,0.0,22,22
1187,06413,0.7906976815253253,0.0,22,22
1187,06414,1.0781670259250489,0.0,22,22
1187,06415,0.8818536429063636,0.0,22,22
1187,06416,1.008055101549219,0.0,22,22
1187,06417,0.8864329460584321,0.0,22,22
1187,06418,1.0180120747265653,0.0,22,22
1187,06419,0.9806759732105026,0.0,22,22
1187,06420,1.1511333116676306,0.0,22,22
1187,06421,0.8159164485185875,0.0,22,22
1187,06422,0.7934479241422311,0.0,22,22
1187,06425,0.9794003730214642,0.0,22,22
1187,06427,1.1213018119807707,0.0,22,22
1187,06429,1.0965556174123503,0.0,22,22
1188,06431,1.456270159894855,0.0,18,18
1188,06433,1.5924944071751506,0.0,18,18
1188,06435,1.1413583120984871,0.0,18,18
1188,06436,1.1798898346804674,0.0,18,18
1188,06437,0.8862037105095116,0.0,18,18
1188,06439,1.4065398076064373,0.0,18,18
1188,06440,1.0665811274303263,0.0,18,18
1188,06441,1.0210166858543017,0.0,18,18
1188,06442,1.12209999376887,0.0,18,18
1188,06443,0.9473312444693853,0.0,18,18
1188,06444,1.7048718027381111,0.0,18,18
1188,06446,1.832083777631366,0.0,18,18
1188,06447,1.0889580291247303,0.0,18,18
1188,06448,1.0898108174180745,0.0,18,18
1188,06449,1.0371426801362769,0.0,18,18
1188,06452,0.7824459056406388,0.0,18,18
1188,06453,1.5106446638045405,0.0,18,18
1188,06456,0.5803794430912783,0.0,18,18
1189,06458,0.7848889379534882,0.0,22,22
1189,06459,0.7622069300832874,0.0,22,22
1189,06460,0.8722758656808275,0.0,22,22
1189,06461,0.9086383470479789,0.0,22,22
1189,06462,1.0564524220248925,0.0,22,22
1189,06463,1.066472223637439,0.0,22,22
1189,06464,0.9140725919806868,0.0,22,22
1189,06466,0.5944950175063402,0.0,22,22
1189,06467,0.8552386144003884,0.0,22,22
1189,06468,0.9844748848024567,0.0,22,22
1189,06469,0.7531408941940262,0.0,22,22
1189,06470,0.7575467572552468,0.0,22,22
1189,06471,0.7470279609000839,0.0,22,22
1189,06472,0.9501256520629527,0.0,22,22
1189,06475,0.5007802518815361,0.0,22,22
1189,06476,0.7732353357306827,0.0,22,22
1189,06477,1.2199271817980666,0.0,22,22
1189,06478,1.0092924337472458,0.0,22,22
1189,06481,0.8833338137488829,0.0,22,22
1189,06482,1.0270657705922699,0.0,22,22
1189,06484,0.8413504594213159,0.0,22,22
1189,06486,0.8736725708827222,0.0,22,22
118,00410,1.3313817031014643,0.0,7,7
118,00411,0.8079610494398732,0.0,7,7
118,00412,1.4989413630310096,0.0,7,7
118,00413,1.2236088319299738,0.0,7,7
118,00414,1.0361168877521876,0.0,7,7
118,00415,1.7903753619023175,0.0,7,7
118,00416,1.483488187035544,0.0,7,7
1190,06491,1.2056952412479718,0.0,24,24
1190,06493,1.0809743555750797,0.0,24,24
1190,06494,1.7578485966518644,0.0,24,24
1190,06495,1.1498520144675182,0.0,24,24
1190,06499,1.1153504740643956,0.0,24,24
1190,06500,0.9403207976480266,0.0,24,24
1190,06501,1.1060647406397872,0.0,24,24
1190,06503,1.4789443988573256,0.0,24,24
1190,06505,1.4457940334992625,0.0,24,24
1190,06506,1.5713711575288705,0.0,24,24
1190,06510,1.383981652659426,0.0,24,24
1190,06511,1.5230839683761417,0.0,24,24
1190,06518,1.0871982015723776,0.0,24,24
1190,06519,0.749889727857682,0.0,24,24
1190,06520,1.5599507684178997,0.0,24,24
1190,06523,0.9575720439400658,0.0,24,24
1190,06524,1.1844828135019518,0.0,24,24
1190,06525,1.350592222827825,0.0,24,24
1190,06526,1.0316947070556155,0.0,24,24
1190,06528,1.0809072554872179,0.0,24,24
1190,06529,1.3411232903918837,0.0,24,24
1190,06537,1.4800653532933803,0.0,24,24
1190,06538,1.5744659087990915,0.0,24,24
1190,06539,1.1441758224588292,0.0,24,24
1194,06565,0.8656750870711519,0.0,19,19
1194,06589,1.0030027023946397,0.0,19,19
1194,06590,0.9628038338797058,0.0,19,19
1194,06591,1.0315102812972154,0.0,19,19
1194,06592,0.7660621446684842,0.0,19,19
1194,06596,1.069979473452023,0.0,19,19
1194,06597,1.1629890053167988,0.0,19,19
1194,06599,1.1700080670575246,0.0,19,19
1194,06604,1.090422224199442,0.0,19,19
1194,06605,0.9120085248832888,0.0,19,19
1194,06611,1.371682842624401,0.0,19,19
1194,06612,0.9602369986024031,0.0,19,19
1194,06613,1.3811102085785745,0.0,19,19
1194,06616,0.7066593638704268,0.0,19,19
1194,06617,1.0058073552960507,0.0,19,19
1194,06618,0.9729145034594402,0.0,19,19
1194,06619,0.728275548360899,0.0,19,19
1194,06626,1.2673755525134094,0.0,19,19
1194,06627,1.0686810921021053,0.0,19,19
1196,06648,1.1342060830411242,0.0,10,10
1196,06649,1.4820306622076094,0.0,10,10
1196,06650,1.2246514963044115,0.0,10,10
1196,06651,0.8275776198912458,0.0,10,10
1196,06653,1.6847046811688329,0.0,10,10
1196,06654,1.5902258852006668,0.0,10,10
1196,06655,1.7038903750262602,0.0,10,10
1196,06656,1.6538641216918957,0.0,10,10
1196,06657,1.6405050377633734,0.0,10,10
1196,06658,1.773472794915023,0.0,10,10
1198,06674,3.452045162172337,0.0,6,6
1198,06675,3.837924630325441,0.0,6,6
1198,06676,1.5572892865110153,0.0,6,6
1198,06679,1.9469338470645476,0.0,6,6
1198,06681,2.1707845228540807,0.0,6,6
1198,06682,1.8824826305793527,0.0,6,6
119,00417,0.9428365415127857,0.0,4,4
119,00418,1.3845963456645416,0.0,4,4
119,00419,1.9904954616521542,0.0,4,4
119,00420,1.549463929716281,0.0,4,4
1200,06694,1.0611466526517872,0.0,11,11
1200,06696,0.9090358620624086,0.0,11,11
1200,06697,0.9971023296906938,0.0,11,11
1200,06698,0.8585324688381823,0.0,11,11
1200,06699,0.5910753320015594,0.0,11,11
1200,06703,0.6170084037018659,0.0,11,11
1200,06704,0.7669485885937699,0.0,11,11
1200,06706,0.739203136656537,0.0,11,11
1200,06710,0.652048619584616,0.0,11,11
1200,06713,0.4758152666596301,0.0,11,11
1200,06716,0.7114531099860268,0.0,11,11
1202,06738,0.7079111751776446,0.0,8,8
1202,06739,1.1467169667925474,0.0,8,8
1202,06740,1.1025505117845529,0.0,8,8
1202,06741,0.6959083147990677,0.0,8,8
1202,06742,1.010810614053664,0.0,8,8
1202,06743,1.111312441583435,0.0,8,8
1202,06748,0.7304834773983557,0.0,8,8
1202,06749,1.0419704405699037,0.0,8,8
1203,06752,1.669903195780863,0.0,10,10
1203,06753,1.2001251129261141,0.0,10,10
1203,06755,1.1721413682053852,0.0,10,10
1203,06756,1.4793132536348794,0.0,10,10
1203,06757,2.0368874180615046,0.0,10,10
1203,06758,1.880881183223545,0.0,10,10
1203,06759,1.539959837684052,0.0,10,10
1203,06763,2.049316203551021,0.0,10,10
1203,06766,1.6459277894179993,0.0,10,10
1203,06767,1.1808510314083887,0.0,10,10
1207,06806,1.2226010296643388,0.0,29,29
1207,06807,0.9974741407457952,0.0,29,29
1207,06808,1.0358549834950395,0.0,29,29
1207,06809,1.1883353466252655,0.0,29,29
1207,06810,1.2846366400478837,0.0,29,29
1207,06811,0.5390936189335249,0.0,29,29
1207,06813,1.1456346694407946,0.0,29,29
1207,06817,1.015517686990226,0.0,29,29
1207,06818,1.2060567785806346,0.0,29,29
1207,06819,0.8291141306099297,0.0,29,29
1207,06820,1.315805468988865,0.0,29,29
1207,06821,1.019204966632786,0.0,29,29
1207,06822,1.1892035575590794,0.0,29,29
1207,06825,1.184826937404269,0.0,29,29
1207,06826,1.1658579520037295,0.0,29,29
1207,06827,1.2630223415936723,0.0,29,29
1207,06828,1.350283297756458,0.0,29,29
1207,06829,1.1168674030662353,0.0,29,29
1207,06831,1.2229130273096944,0.0,29,29
1207,06837,1.2513671861796294,0.0,29,29
1207,06838,1.3068086293806151,0.0,29,29
1207,06839,1.0203240084104945,0.0,29,29
1207,06840,0.8533825020934773,0.0,29,29
1207,06841,0.9514459873303561,0.0,29,29
1207,06843,0.897274806517556,0.0,29,29
1207,06844,0.714005495697704,0.0,29,29
1207,06846,1.1162706313974473,0.0,29,29
1207,06849,1.2639944687264149,0.0,29,29
1207,06850,0.8893446791063006,0.0,29,29
1208,06851,1.1389049903458122,0.0,28,28
1208,06855,0.8993798572047584,0.0,28,28
1208,06856,1.7982806213674505,0.0,28,28
1208,06857,1.7439974250267256,0.0,28,28
1208,06858,1.8070654910289234,0.0,28,28
1208,06859,1.209177742692386,0.0,28,28
1208,06861,1.1111385154861466,0.0,28,28
1208,06865,1.0654649890614496,0.0,28,28
1208,06866,1.0815443724983953,0.0,28,28
1208,06867,1.3345133372111924,0.0,28,28
1208,06868,1.289629433535795,0.0,28,28
1208,06869,1.160726449462713,0.0,28,28
1208,06870,1.5119920530987334,0.0,28,28
1208,06872,1.5453252761057912,0.0,28,28
1208,06873,1.0797293839266067,0.0,28,28
1208,06874,1.0704806612086117,0.0,28,28
1208,06875,0.9543373260570094,0.0,28,28
1208,06876,0.9397212130462609,0.0,28,28
1208,06882,1.2732669714496776,0.0,28,28
1208,06884,1.3764725079255447,0.0,28,28
1208,06885,0.9813390691041244,0.0,28,28
1208,06886,1.2696414523895718,0.0,28,28
1208,06887,1.1697709714389934,0.0,28,28
1208,06888,0.993828657901493,0.0,28,28
1208,06889,1.0288856678818956,0.0,28,28
1208,06892,1.2750109231313633,0.0,28,28
1208,06893,1.2056367401304136,0.0,28,28
1208,06894,1.10802750464882,0.0,28,28
1209,06895,1.1063696831215497,0.0,19,19
1209,06896,1.4893454611075994,0.0,19,19
1209,06897,1.1446890417916689,0.0,19,19
1209,06898,1.4489512056202687,0.0,19,19
1209,06899,0.8328430693649465,0.0,19,19
1209,06900,1.2046768928909555,0.0,19,19
1209,06901,1.3927204175226566,0.0,19,19
1209,06902,1.1396386648264185,0.0,19,19
1209,06903,1.0910075921124298,0.0,19,19
1209,06904,1.372854059088172,0.0,19,19
1209,06905,1.3967882696574088,0.0,19,19
1209,06907,0.9838740036471559,0.0,19,19
1209,06908,0.8739995459281746,0.0,19,19
1209,06909,0.8877630289913105,0.0,19,19
1209,06910,1.4062306986429542,0.0,19,19
1209,06913,1.3579429670885586,0.0,19,19
1209,06914,1.425778493899565,0.0,19,19
1209,06916,1.1993310617196091,0.0,19,19
1209,06919,1.261508477095848,0.0,19,19
120,00422,10.695964966982602,0.0,5,5
120,00423,9.988635627258136,0.0,5,5
120,00424,12.481110297254592,0.0,5,5
120,00425,10.014780235778886,0.0,5,5
120,00426,7.648024739348262,0.0,5,5
1210,06920,1.1196861441319022,0.0,15,15
1210,06921,0.9114899038700465,0.0,15,15
1210,06922,0.8051854134230381,0.0,15,15
1210,06923,1.0746445614024889,0.0,15,15
1210,06924,1.0346951105030824,0.0,15,15
1210,06925,0.7978970075888414,0.0,15,15
1210,06926,0.9291655610576861,0.0,15,15
1210,06927,1.3918210916006508,0.0,15,15
1210,06928,1.0462213148965527,0.0,15,15
1210,06929,1.35410234095438,0.0,15,15
1210,06932,1.3173959173611354,0.0,15,15
1210,06933,1.4019519391825523,0.0,15,15
1210,06934,1.2095304365775645,0.0,15,15
1210,06936,1.0600311729969356,0.0,15,15
1210,06937,0.7914887965493344,0.0,15,15
1212,06968,1.6048669533691173,0.0,21,21
1212,06969,1.6615941778762982,0.0,21,21
1212,06970,1.6369408171619433,0.0,21,21
1212,06972,1.4216240754437457,0.0,21,21
1212,06973,1.258197717875021,0.0,21,21
1212,06974,1.7056267158983491,0.0,21,21
1212,06975,1.4380338324996753,0.0,21,21
1212,06976,1.5931237267782876,0.0,21,21
1212,06977,1.5112888551355654,0.0,21,21
1212,06978,1.4566519241114273,0.0,21,21
1212,06979,1.5058992670407716,0.0,21,21
1212,06980,1.091893253116316,0.0,21,21
1212,06981,1.1314008614492856,0.0,21,21
1212,06983,1.6494164635815909,0.0,21,21
1212,06984,1.5574990183507302,0.0,21,21
1212,06985,1.349827355165124,0.0,21,21
1212,06986,1.5059171106332043,0.0,21,21
1212,06989,1.387671416952379,0.0,21,21
1212,06990,1.5748111104628055,0.0,21,21
1212,06992,1.2928694359717539,0.0,21,21
1212,06995,1.6691137952262438,0.0,21,21
1214,07041,0.836633978578504,0.0,31,31
1214,07042,0.845253323322253,0.0,31,31
1214,07044,0.8111471104465268,0.0,31,31
1214,07045,0.8652127459089487,0.0,31,31
1214,07048,0.9772588814304285,0.0,31,31
1214,07052,1.032644184929627,0.0,31,31
1214,07053,1.1785951272643904,0.0,31,31
1214,07057,1.083802388620137,0.0,31,31
1214,07059,1.0383803436796946,0.0,31,31
1214,07060,1.1586215992042488,0.0,31,31
1214,07061,0.8924585502059933,0.0,31,31
1214,07064,0.9204801688736327,0.0,31,31
1214,07065,1.0511689187101891,0.0,31,31
1214,07066,0.8798169708603151,0.0,31,31
1214,07069,0.9057907422832738,0.0,31,31
1214,07070,1.3224416357499211,0.0,31,31
1214,07071,0.8231378549698719,0.0,31,31
1214,07072,0.8269640172073953,0.0,31,31
1214,07073,1.0442729126075156,0.0,31,31
1214,07074,0.7552501671140999,0.0,31,31
1214,07078,1.07846083189432,0.0,31,31
1214,07080,1.0301921658012014,0.0,31,31
1214,07081,1.0326738785679437,0.0,31,31
1214,07082,0.9116070469684308,0.0,31,31
1214,07083,0.921262955026105,0.0,31,31
1214,07084,1.053114191208525,0.0,31,31
1214,07087,1.1368751087533904,0.0,31,31
1214,07088,0.9054227263407643,0.0,31,31
1214,07089,1.1923143277308856,0.0,31,31
1214,07090,1.0239474069380514,0.0,31,31
1214,07094,0.6857398595566087,0.0,31,31
1215,07096,1.4042035703355156,0.0,25,25
1215,07097,1.2136045127353017,0.0,25,25
1215,07098,0.8479712960541201,0.0,25,25
1215,07099,0.7872947558721777,0.0,25,25
1215,07101,0.6845237301971623,0.0,25,25
1215,07104,1.0610565311121503,0.0,25,25
1215,07105,0.8505495958153915,0.0,25,25
1215,07106,0.7565317237065315,0.0,25,25
1215,07110,0.9987299272522835,0.0,25,25
1215,07112,1.0416334031927987,0.0,25,25
1215,07113,0.7859281981987395,0.0,25,25
1215,07114,0.8852362278063507,0.0,25,25
1215,07116,0.841098305565172,0.0,25,25
1215,07117,0.9325658058579147,0.0,25,25
1215,07120,0.7493732913868165,0.0,25,25
1215,07121,0.6342425618484079,0.0,25,25
1215,07122,1.2494684879901703,0.0,25,25
1215,07123,1.3890982946854127,0.0,25,25
1215,07128,0.9113337525665992,0.0,25,25
1215,07129,1.0805550492505973,0.0,25,25
1215,07130,1.0868629761477682,0.0,25,25
1215,07131,1.0046421825208314,0.0,25,25
1215,07132,1.3656087036017595,0.0,25,25
1215,07133,1.1147771488579212,0.0,25,25
1215,07134,1.187320026701392,0.0,25,25
1217,07159,0.7896704962920444,0.0,20,20
1217,07160,0.9651044708878301,0.0,20,20
1217,07161,1.060254507293822,0.0,20,20
1217,07162,0.7150885985968101,0.0,20,20
1217,07163,0.9937279630743802,0.0,20,20
1217,07164,1.0769022838521667,0.0,20,20
1217,07165,0.9457815950460451,0.0,20,20
1217,07166,1.0703416872832658,0.0,20,20
1217,07167,0.8089715914750264,0.0,20,20
1217,07168,1.3691963210095948,0.0,20,20
1217,07169,0.9722778452809755,0.0,20,20
1217,07170,1.071169373526832,0.0,20,20
1217,07171,1.0290355714582433,0.0,20,20
1217,07172,0.7212046020519649,0.0,20,20
1217,07173,0.8357663683855888,0.0,20,20
1217,07177,0.9807531940585998,0.0,20,20
1217,07179,0.765435581924048,0.0,20,20
1217,07180,1.1820377057195137,0.0,20,20
1217,07182,0.43835123765369977,0.0,20,20
1217,07183,0.5514002907100292,0.0,20,20
121,00428,0.6576022049890182,0.0,8,8
121,00429,1.3377329185001885,0.0,8,8
121,00430,1.4590010633894,0.0,8,8
121,00431,1.4336723369460636,0.0,8,8
121,00432,0.568363174538415,0.0,8,8
121,00433,0.7940570126600696,0.0,8,8
121,00434,1.1213061566961884,0.0,8,8
121,00435,0.746987559857892,0.0,8,8
1221,07232,0.9266941595750708,0.0,37,37
1221,07234,0.9554439513446793,0.0,37,37
1221,07236,0.9644059131766459,0.0,37,37
1221,07238,0.9307213827634906,0.0,37,37
1221,07239,1.0497874686879327,0.0,37,37
1221,07241,1.1763670752684097,0.0,37,37
1221,07242,1.260733721518256,0.0,37,37
1221,07243,1.3377664375896823,0.0,37,37
1221,07244,1.0559016132850756,0.0,37,37
1221,07245,0.9263656672222356,0.0,37,37
1221,07246,0.8837872502917334,0.0,37,37
1221,07247,1.2594771314551187,0.0,37,37
1221,07248,1.119039459794557,0.0,37,37
1221,07254,1.7503715304195155,0.0,37,37
1221,07256,1.75347329247586,0.0,37,37
1221,07258,0.8076588190884065,0.0,37,37
1221,07259,0.64800047888423,0.0,37,37
1221,07262,0.7968760788313228,0.0,37,37
1221,07263,0.6337374753388929,0.0,37,37
1221,07264,1.4083809044419873,0.0,37,37
1221,07267,1.4518204927033995,0.0,37,37
1221,07269,1.5179714236413069,0.0,37,37
1221,07270,1.7404701928534376,0.0,37,37
1221,07271,1.5350661071872715,0.0,37,37
1221,07272,1.507972440757744,0.0,37,37
1221,07278,1.1479317364553427,0.0,37,37
1221,07279,1.4028377288423641,0.0,37,37
1221,07282,1.4330915064608152,0.0,37,37
1221,07283,1.4976624041428162,0.0,37,37
1221,07285,1.3991308022825375,0.0,37,37
1221,07288,1.5081608458156657,0.0,37,37
1221,07289,1.1940148658824052,0.0,37,37
1221,07290,1.1557393199585095,0.0,37,37
1221,07295,1.2558852064383115,0.0,37,37
1221,07296,1.4216141485423128,0.0,37,37
1221,07297,1.2207990773415807,0.0,37,37
1221,07299,1.0859175966003374,0.0,37,37
1222,07302,2.884638666236784,0.0,63,63
1222,07304,3.351164792540803,0.0,63,63
1222,07306,3.2078535140119024,0.0,63,63
1222,07308,3.368515236303393,0.0,63,63
1222,07309,3.328809697565749,0.0,63,63
1222,07310,3.343815075563209,0.0,63,63
1222,07314,3.115096985341718,0.0,63,63
1222,07315,3.0118907466622895,0.0,63,63
1222,07316,3.056518977977228,0.0,63,63
1222,07317,3.0679431445509753,0.0,63,63
1222,07318,2.992637779995077,0.0,63,63
1222,07319,2.8899897632766667,0.0,63,63
1222,07320,2.9803707632081253,0.0,63,63
1222,07321,3.0517757861094537,0.0,63,63
1222,07323,3.3255421332333888,0.0,63,63
1222,07324,3.2301941801930325,0.0,63,63
1222,07325,3.155749499057002,0.0,63,63
1222,07326,3.17068804553443,0.0,63,63
1222,07327,3.1350623637125654,0.0,63,63
1222,07332,3.22884899777399,0.0,63,63
1222,07333,2.9003495891196898,0.0,63,63
1222,07334,2.925748653357641,0.0,63,63
1222,07336,2.981203908193529,0.0,63,63
1222,07337,2.9244140719653466,0.0,63,63
1222,07338,3.024729488577854,0.0,63,63
1222,07339,2.9395267389938997,0.0,63,63
1222,07340,3.142941293067169,0.0,63,63
1222,07341,2.953943839679048,0.0,63,63
1222,07342,3.185964063307066,0.0,63,63
1222,07343,3.149545096368426,0.0,63,63
1222,07345,3.179320353319934,0.0,63,63
1222,07347,3.089593741825066,0.0,63,63
1222,07349,2.8880159359560453,0.0,63,63
1222,07350,3.1756313060403643,0.0,63,63
1222,07351,3.168014462900131,0.0,63,63
1222,07352,3.4035300119303087,0.0,63,63
1222,07353,3.0178674585650533,0.0,63,63
1222,07354,2.9556341694956463,0.0,63,63
1222,07356,1.929133036926498,0.0,63,63
1222,07357,2.7768291869844766,0.0,63,63
1222,07358,2.854374172971979,0.0,63,63
1222,07359,3.205270234429326,0.0,63,63
1222,07360,2.9541344915006786,0.0,63,63
1222,07361,2.9048791646534577,0.0,63,63
1222,07363,3.0682762515981574,0.0,63,63
1222,07364,2.162674203274937,0.0,63,63
1222,07366,3.204983258817589,0.0,63,63
1222,07370,2.642786882168079,0.0,63,63
1222,07372,2.977838591783711,0.0,63,63
1222,07373,3.0937238544363743,0.0,63,63
1222,07374,3.0076743499107037,0.0,63,63
1222,07375,2.7729093944776433,0.0,63,63
1222,07377,3.1882578304292255,0.0,63,63
1222,07378,2.8963669545051043,0.0,63,63
1222,07379,2.4647854951944983,0.0,63,63
1222,07381,2.8199616512018775,0.0,63,63
1222,07382,2.814683417736221,0.0,63,63
1222,07383,2.8625146137939166,0.0,63,63
1222,07387,2.953680290496223,0.0,63,63
1222,07388,2.759681165673097,0.0,63,63
1222,07389,2.8100572481821033,0.0,63,63
1222,07390,2.787882125972893,0.0,63,63
1222,07392,2.5778760766380335,0.0,63,63
1223,07395,1.4821385480952716,0.0,66,66
1223,07397,1.5619006896709335,0.0,66,66
1223,07399,1.5479906941854833,0.0,66,66
1223,07401,1.5737982859047523,0.0,66,66
1223,07402,1.6217835308956685,0.0,66,66
1223,07403,1.5640401216476234,0.0,66,66
1223,07407,1.1544632687527605,0.0,66,66
1223,07408,1.5207987650833168,0.0,66,66
1223,07409,1.5160023471469872,0.0,66,66
1223,07410,1.5450219964847298,0.0,66,66
1223,07411,1.3588256330883353,0.0,66,66
1223,07412,1.3470903728356882,0.0,66,66
1223,07413,1.418074804425402,0.0,66,66
1223,07414,1.8516260486733775,0.0,66,66
1223,07415,1.4954521213569594,0.0,66,66
1223,07416,1.6215889209052299,0.0,66,66
1223,07417,1.442069245431349,0.0,66,66
1223,07418,1.6100174853620102,0.0,66,66
1223,07419,1.6539599659496456,0.0,66,66
1223,07420,1.5932376084759423,0.0,66,66
1223,07424,1.7377915643829465,0.0,66,66
1223,07425,1.4622935798302379,0.0,66,66
1223,07426,1.2989640425278604,0.0,66,66
1223,07428,1.4946506807205047,0.0,66,66
1223,07429,1.5464705602612476,0.0,66,66
1223,07430,1.5075201628283446,0.0,66,66
1223,07431,1.2309670183537604,0.0,66,66
1223,07432,1.0946025983520264,0.0,66,66
1223,07433,1.1287350374059324,0.0,66,66
1223,07434,1.4560862006399298,0.0,66,66
1223,07436,1.6056263664359818,0.0,66,66
1223,07437,1.413339558841738,0.0,66,66
1223,07438,1.4498372025278408,0.0,66,66
1223,07439,1.667980117900906,0.0,66,66
1223,07440,1.6458938763094886,0.0,66,66
1223,07441,2.030986512551502,0.0,66,66
1223,07442,1.96342802951877,0.0,66,66
1223,07444,1.8497839505673939,0.0,66,66
1223,07445,1.881542450525585,0.0,66,66
1223,07446,1.8687190503234972,0.0,66,66
1223,07448,1.6805457761426355,0.0,66,66
1223,07449,1.9229349309518662,0.0,66,66
1223,07450,1.7009948832878536,0.0,66,66
1223,07452,1.9818832051286328,0.0,66,66
1223,07453,1.8380517402835486,0.0,66,66
1223,07454,1.5643854666551054,0.0,66,66
1223,07455,1.8486201895966516,0.0,66,66
1223,07456,1.7505499704380294,0.0,66,66
1223,07459,1.8071414976773579,0.0,66,66
1223,07464,1.1003336410425009,0.0,66,66
1223,07466,1.5801509555916486,0.0,66,66
1223,07467,1.377569341067324,0.0,66,66
1223,07468,1.560128001386872,0.0,66,66
1223,07469,1.6449056592276028,0.0,66,66
1223,07470,1.8820385086904925,0.0,66,66
1223,07471,1.7688218165543839,0.0,66,66
1223,07472,1.7541600423741632,0.0,66,66
1223,07473,1.6376858527918154,0.0,66,66
1223,07474,1.7990296367846699,0.0,66,66
1223,07476,1.440424478921349,0.0,66,66
1223,07477,1.4096429518550202,0.0,66,66
1223,07481,1.8143303744902615,0.0,66,66
1223,07482,1.2406709514522594,0.0,66,66
1223,07483,1.5534397702359244,0.0,66,66
1223,07484,1.5079162845060665,0.0,66,66
1223,07486,1.5508664635927258,0.0,66,66
1224,07488,1.1655458590465297,0.0,22,22
1224,07490,0.8242300451357192,0.0,22,22
1224,07492,0.7617386421995291,0.0,22,22
1224,07493,0.9288492280512184,0.0,22,22
1224,07494,0.8023400617774096,0.0,22,22
1224,07496,1.115340872240341,0.0,22,22
1224,07497,1.137997168367686,0.0,22,22
1224,07498,1.1155668799192755,0.0,22,22
1224,07499,0.849185333748993,0.0,22,22
1224,07500,1.0695321053450866,0.0,22,22
1224,07501,1.192913209997164,0.0,22,22
1224,07502,1.127994537812163,0.0,22,22
1224,07503,1.2315721285150136,0.0,22,22
1224,07504,0.9073749254421716,0.0,22,22
1224,07505,0.8842949617602192,0.0,22,22
1224,07506,0.6238493354872484,0.0,22,22
1224,07507,0.8584938493795546,0.0,22,22
1224,07508,1.1957368585203454,0.0,22,22
1224,07511,0.8578337656170256,0.0,22,22
1224,07512,1.012723814634553,0.0,22,22
1224,07514,1.337823920285869,0.0,22,22
1224,07515,0.6939705658618578,0.0,22,22
1225,07519,1.2544756197781464,0.0,16,16
1225,07521,1.300475502022716,0.0,16,16
1225,07522,1.2994723716519865,0.0,16,16
1225,07524,1.3935307009271012,0.0,16,16
1225,07525,1.2983052566153517,0.0,16,16
1225,07526,0.8049938108400447,0.0,16,16
1225,07527,1.1331031997655239,0.0,16,16
1225,07528,1.1723595722849318,0.0,16,16
1225,07529,0.9967786399553221,0.0,16,16
1225,07530,1.2342583583653848,0.0,16,16
1225,07531,0.9666834331565527,0.0,16,16
1225,07534,0.7813878036325739,0.0,16,16
1225,07535,1.3311859403098834,0.0,16,16
1225,07536,1.290213874582505,0.0,16,16
1225,07540,0.8791699516444965,0.0,16,16
1225,07545,1.2512524618778649,0.0,16,16
1227,07575,0.7990839783141795,0.0,13,13
1227,07576,0.757489993446389,0.0,13,13
1227,07577,1.0171731032191382,0.0,13,13
1227,07578,0.7816550833819614,0.0,13,13
1227,07579,0.6032565956773187,0.0,13,13
1227,07580,1.0458021927391936,0.0,13,13
1227,07581,0.3908485788695203,0.0,13,13
1227,07582,0.4853989093310864,0.0,13,13
1227,07583,0.8377569774739779,0.0,13,13
1227,07584,0.8966647696171204,0.0,13,13
1227,07588,0.49102789619332593,0.0,13,13
1227,07589,0.5394876320441672,0.0,13,13
1227,07591,0.6343669755789529,0.0,13,13
1228,07594,0.8051501239566474,0.0,16,16
1228,07595,1.2900666225449025,0.0,16,16
1228,07597,0.9749807307900356,0.0,16,16
1228,07598,0.884299300969305,0.0,16,16
1228,07599,0.6865762147648673,0.0,16,16
1228,07600,0.8073519104461901,0.0,16,16
1228,07601,1.2883968250554436,0.0,16,16
1228,07604,1.0444528239366675,0.0,16,16
1228,07605,1.1786816805280989,0.0,16,16
1228,07606,1.1151844844982466,0.0,16,16
1228,07607,1.0214947730109216,0.0,16,16
1228,07608,0.7540456263473571,0.0,16,16
1228,07610,0.7206749871837543,0.0,16,16
1228,07612,1.055884408491819,0.0,16,16
1228,07613,1.137047573708849,0.0,16,16
1228,07615,1.1821541864259586,0.0,16,16
122,00436,2.7470813609138274,0.0,6,6
122,00437,4.106306752977721,0.0,6,6
122,00438,4.042157060427612,0.0,6,6
122,00439,4.005626725808194,0.0,6,6
122,00440,4.035339717348708,0.0,6,6
122,00441,3.8993396339053876,0.0,6,6
1230,07639,0.8169054687588639,0.0,10,10
1230,07640,0.9586394217430865,0.0,10,10
1230,07642,1.3486716630706308,0.0,10,10
1230,07643,1.0087970646002133,0.0,10,10
1230,07644,0.5308800114396438,0.0,10,10
1230,07645,1.0013588208528637,0.0,10,10
1230,07652,1.2501965688151444,0.0,10,10
1230,07653,0.8958142606248771,0.0,10,10
1230,07655,0.959658663339302,0.0,10,10
1230,07656,0.9602666857763513,0.0,10,10
1231,07659,1.0960109208552407,0.0,3,3
1231,07661,1.7994381167427087,0.0,3,3
1231,07662,1.3321491937935,0.0,3,3
1233,07741,0.7621749639580553,0.0,21,21
1233,07742,1.3686275735378102,0.0,21,21
1233,07745,0.9137308423536302,0.0,21,21
1233,07746,0.8895058500625186,0.0,21,21
1233,07747,0.8160615100375102,0.0,21,21
1233,07748,1.1408284397918176,0.0,21,21
1233,07749,1.3761829565813704,0.0,21,21
1233,07750,1.0283946975212295,0.0,21,21
1233,07751,1.0453033119397193,0.0,21,21
1233,07752,1.0912733885974328,0.0,21,21
1233,07753,0.9258711030644555,0.0,21,21
1233,07754,1.2276835513508835,0.0,21,21
1233,07756,0.7742096818561643,0.0,21,21
1233,07759,0.7428940134749845,0.0,21,21
1233,07760,1.0387498039707586,0.0,21,21
1233,07763,0.9705691006222337,0.0,21,21
1233,07765,0.6988052500526963,0.0,21,21
1233,07766,1.1947220176237217,0.0,21,21
1233,07767,1.0079765167821348,0.0,21,21
1233,07768,1.178400234497988,0.0,21,21
1233,07769,1.22787329040688,0.0,21,21
1234,07677,0.7566487307478001,0.0,19,19
1234,07689,0.6258803228489336,0.0,19,19
1234,07691,0.8824844277551209,0.0,19,19
1234,07692,0.8158851835722725,0.0,19,19
1234,07696,0.772481352333392,0.0,19,19
1234,07698,1.1638252519913403,0.0,19,19
1234,07700,0.9405360166535788,0.0,19,19
1234,07702,1.0424040992770336,0.0,19,19
1234,07703,1.094054130539034,0.0,19,19
1234,07704,1.0786684293070479,0.0,19,19
1234,07715,0.7576680786434143,0.0,19,19
1234,07717,0.8498874719757449,0.0,19,19
1234,07723,0.9644029738323856,0.0,19,19
1234,07727,1.1916515979324713,0.0,19,19
1234,07729,0.893946105709789,0.0,19,19
1234,07732,0.8032530119368172,0.0,19,19
1234,07734,0.8805987614746257,0.0,19,19
1234,07736,0.8666077170850808,0.0,19,19
1234,07772,0.8083882235652979,0.0,19,19
1235,07779,1.2152267653944118,0.0,23,23
1235,07783,1.5434528743847689,0.0,23,23
1235,07784,1.409526941012585,0.0,23,23
1235,07785,1.505306156995676,0.0,23,23
1235,07786,1.2437581013610817,0.0,23,23
1235,07787,0.7462124629205609,0.0,23,23
1235,07788,1.422880685973249,0.0,23,23
1235,07789,1.6147288077457431,0.0,23,23
1235,07790,1.7139252941356893,0.0,23,23
1235,07791,1.4944166192680466,0.0,23,23
1235,07792,1.741187085205641,0.0,23,23
1235,07793,0.903185825387099,0.0,23,23
1235,07794,1.1547505054354341,0.0,23,23
1235,07795,1.7054986992774777,0.0,23,23
1235,07796,1.7741071691918044,0.0,23,23
1235,07800,1.0112853629000875,0.0,23,23
1235,07802,0.9347636758454185,0.0,23,23
1235,07803,1.7568032637179793,0.0,23,23
1235,07804,1.2233879351466852,0.0,23,23
1235,07805,1.4318704335498342,0.0,23,23
1235,07807,1.4900696015143886,0.0,23,23
1235,07808,1.6465046014442137,0.0,23,23
1235,07809,1.5421369522768922,0.0,23,23
1238,07868,1.3658644567479217,0.0,7,7
1238,07872,1.0572071613834653,0.0,7,7
1238,07873,1.6646381564622998,0.0,7,7
1238,07874,1.8636398448590457,0.0,7,7
1238,07876,1.5188727245750198,0.0,7,7
1238,07878,1.4413481953522114,0.0,7,7
1238,07880,1.044372735604973,0.0,7,7
123,00442,1.8844934030041651,0.0,7,7
123,00445,2.5894746285145454,0.0,7,7
123,00446,2.6205628704678374,0.0,7,7
123,00447,2.5852428767416544,0.0,7,7
123,00448,1.5740698668603348,0.0,7,7
123,00449,0.6762891035697153,0.0,7,7
123,00450,2.393954494152526,0.0,7,7
1240,07923,1.2741992854566546,0.0,34,34
1240,07924,1.0759365639586664,0.0,34,34
1240,07925,1.0698781385892084,0.0,34,34
1240,07926,0.845073676035314,0.0,34,34
1240,07927,0.8446241340832708,0.0,34,34
1240,07928,0.9184531937126039,0.0,34,34
1240,07929,0.8651037432059836,0.0,34,34
1240,07930,0.9498899610020147,0.0,34,34
1240,07931,0.9358398926150624,0.0,34,34
1240,07932,1.2712317701618001,0.0,34,34
1240,07936,1.2648445773623016,0.0,34,34
1240,07937,1.1144565968247266,0.0,34,34
1240,07938,1.017757779497388,0.0,34,34
1240,07939,1.2027692271514365,0.0,34,34
1240,07942,1.1423505581974613,0.0,34,34
1240,07943,1.225595523082054,0.0,34,34
1240,07944,1.130944499762382,0.0,34,34
1240,07945,1.1612941571468025,0.0,34,34
1240,07946,0.9814879695571241,0.0,34,34
1240,07947,0.9415025909919572,0.0,34,34
1240,07948,1.1644962794587752,0.0,34,34
1240,07949,1.2470908518284944,0.0,34,34
1240,07950,1.263759271906999,0.0,34,34
1240,07951,1.1693307870194398,0.0,34,34
1240,07952,1.1993161658703606,0.0,34,34
1240,07955,1.0350913965296136,0.0,34,34
1240,07956,1.185544343659426,0.0,34,34
1240,07958,1.0006214835471234,0.0,34,34
1240,07959,1.160799677957924,0.0,34,34
1240,07960,1.2347547727862032,0.0,34,34
1240,07961,0.8006038077482112,0.0,34,34
1240,07962,0.8621453385768622,0.0,34,34
1240,07964,0.759723025770001,0.0,34,34
1240,07965,1.1040148571666653,0.0,34,34
1241,07968,0.9706307335713272,0.0,42,42
1241,07971,1.1258701265352193,0.0,42,42
1241,07972,1.635025001054559,0.0,42,42
1241,07973,1.6172836154592694,0.0,42,42
1241,07974,1.2559286955156552,0.0,42,42
1241,07975,1.1139753466450855,0.0,42,42
1241,07976,1.2964722236763542,0.0,42,42
1241,07977,1.3963480055956026,0.0,42,42
1241,07978,1.651474747180544,0.0,42,42
1241,07979,1.001174907895138,0.0,42,42
1241,07980,1.033954918169914,0.0,42,42
1241,07981,1.0454776695163146,0.0,42,42
1241,07982,1.7432446522599552,0.0,42,42
1241,07983,1.6400349618883707,0.0,42,42
1241,07984,1.7049846869201388,0.0,42,42
1241,07985,1.4323446487102787,0.0,42,42
1241,07988,1.5330570827007841,0.0,42,42
1241,07989,1.108589458044543,0.0,42,42
1241,07992,1.7226049243893984,0.0,42,42
1241,07993,1.6919785851946032,0.0,42,42
1241,07994,1.644628878336482,0.0,42,42
1241,07995,1.5686558841997964,0.0,42,42
1241,07997,1.2847148080085082,0.0,42,42
1241,07998,1.287902947024095,0.0,42,42
1241,08002,1.1829387060577639,0.0,42,42
1241,08003,1.1763447550254482,0.0,42,42
1241,08004,1.4404351421000647,0.0,42,42
1241,08005,0.873138790799814,0.0,42,42
1241,08006,1.1209879657810573,0.0,42,42
1241,08007,1.4793483701562564,0.0,42,42
1241,08008,1.2081702915700556,0.0,42,42
1241,08009,1.3103409926237575,0.0,42,42
1241,08013,1.710543652800815,0.0,42,42
1241,08014,1.8668303398050037,0.0,42,42
1241,08016,1.2696762017295045,0.0,42,42
1241,08017,1.7131181746525812,0.0,42,42
1241,08018,1.3617900191243029,0.0,42,42
1241,08019,1.301881158862216,0.0,42,42
1241,08029,1.1469721807588704,0.0,42,42
1241,08030,0.9668710696159568,0.0,42,42
1241,08033,1.398883746118637,0.0,42,42
1241,08034,1.3285966211937852,0.0,42,42
1242,08037,0.8655492092354096,0.0,42,42
1242,08040,1.1217079572344482,0.0,42,42
1242,08041,0.9958980092188734,0.0,42,42
1242,08042,0.9736186134244258,0.0,42,42
1242,08043,0.8678423077688118,0.0,42,42
1242,08044,1.00682922439196,0.0,42,42
1242,08045,0.9325356331585486,0.0,42,42
1242,08046,0.7454862358569267,0.0,42,42
1242,08047,0.9363655394827596,0.0,42,42
1242,08048,1.3034237515071903,0.0,42,42
1242,08049,1.0237745471811759,0.0,42,42
1242,08050,1.135340685752974,0.0,42,42
1242,08051,1.0996481284446646,0.0,42,42
1242,08052,1.0622303096534949,0.0,42,42
1242,08055,0.9040349338297996,0.0,42,42
1242,08056,0.7864847205508223,0.0,42,42
1242,08057,0.6299524937647314,0.0,42,42
1242,08058,0.6502021712673254,0.0,42,42
1242,08060,0.7404397848798999,0.0,42,42
1242,08061,0.7819473614781839,0.0,42,42
1242,08062,0.8671781228858417,0.0,42,42
1242,08063,1.0385003034721993,0.0,42,42
1242,08065,1.0178906961117815,0.0,42,42
1242,08066,1.0393632762818585,0.0,42,42
1242,08067,0.9100458616409957,0.0,42,42
1242,08068,1.3239489797556772,0.0,42,42
1242,08069,1.1004504159181177,0.0,42,42
1242,08070,1.0968920594216776,0.0,42,42
1242,08071,0.9663263572498388,0.0,42,42
1242,08073,1.0206536732065272,0.0,42,42
1242,08076,0.5571581411057553,0.0,42,42
1242,08077,1.1263364785752812,0.0,42,42
1242,08079,1.074043717562452,0.0,42,42
1242,08080,1.1723743373113942,0.0,42,42
1242,08081,0.6589716086255726,0.0,42,42
1242,08082,1.113002855857479,0.0,42,42
1242,08085,0.9606019195857439,0.0,42,42
1242,08086,0.7480767499026517,0.0,42,42
1242,08087,1.0701670573130941,0.0,42,42
1242,08088,0.7031283597531488,0.0,42,42
1242,08094,1.17947953406942,0.0,42,42
1242,08095,0.8137332508930069,0.0,42,42
1244,08159,0.9842613421114692,0.0,19,19
1244,08160,1.093501757153625,0.0,19,19
1244,08161,1.4760665092606327,0.0,19,19
1244,08164,0.8057345490097824,0.0,19,19
1244,08165,1.3503185936125226,0.0,19,19
1244,08166,1.420112697324414,0.0,19,19
1244,08168,1.0613717286577689,0.0,19,19
1244,08169,1.548628832389657,0.0,19,19
1244,08170,1.7550415209530121,0.0,19,19
1244,08171,1.7530841732676457,0.0,19,19
1244,08172,1.6189611365533454,0.0,19,19
1244,08173,1.9269680731569492,0.0,19,19
1244,08174,1.9524520741539664,0.0,19,19
1244,08175,1.5019664319195207,0.0,19,19
1244,08176,1.5634742000314048,0.0,19,19
1244,08177,1.7769726148828848,0.0,19,19
1244,08178,0.8737457096379297,0.0,19,19
1244,08181,1.84384936538177,0.0,19,19
1244,08182,1.7805524010845133,0.0,19,19
1245,08186,0.6171906859902125,0.0,8,8
1245,08187,0.945426418263144,0.0,8,8
1245,08188,0.40547995038670115,0.0,8,8
1245,08189,0.6126017632649408,0.0,8,8
1245,08190,0.6847931393556204,0.0,8,8
1245,08191,0.6729730906596626,0.0,8,8
1245,08192,0.5244163257662183,0.0,8,8
1245,08194,0.751686236446657,0.0,8,8
1247,08196,1.8615515448040378,0.0,15,15
1247,08197,2.1159412017619195,0.0,15,15
1247,08199,2.128799488658618,0.0,15,15
1247,08200,1.8956895419388853,0.0,15,15
1247,08202,2.067167351526251,0.0,15,15
1247,08203,1.8501474371547544,0.0,15,15
1247,08204,2.3711166830397934,0.0,15,15
1247,08205,2.4857765360005053,0.0,15,15
1247,08206,2.4354190803489937,0.0,15,15
1247,08207,2.323095047104952,0.0,15,15
1247,08208,2.4618921444664026,0.0,15,15
1247,08209,2.4045045564036283,0.0,15,15
1247,08210,2.5231782316939317,0.0,15,15
1247,08211,2.270896658643175,0.0,15,15
1247,08212,1.7418669396970574,0.0,15,15
1248,08214,0.8778963131535309,0.0,23,23
1248,08215,0.8471757765067841,0.0,23,23
1248,08216,0.7771931213328068,0.0,23,23
1248,08217,0.8731846974898027,0.0,23,23
1248,08218,0.9423244730023292,0.0,23,23
1248,08221,0.8253542977873363,0.0,23,23
1248,08222,0.9765327798165965,0.0,23,23
1248,08223,0.9015991347265269,0.0,23,23
1248,08224,1.0261810111235257,0.0,23,23
1248,08226,0.5882721415951131,0.0,23,23
1248,08227,0.6977128979797098,0.0,23,23
1248,08228,0.7294657257705819,0.0,23,23
1248,08229,0.7496271997222874,0.0,23,23
1248,08230,1.0562221426397067,0.0,23,23
1248,08231,1.2566024237453268,0.0,23,23
1248,08232,0.8236583448223727,0.0,23,23
1248,08233,0.7750764082950361,0.0,23,23
1248,08234,0.8517392170766163,0.0,23,23
1248,08237,0.913988997726629,0.0,23,23
1248,08239,1.2201382835747425,0.0,23,23
1248,08240,0.8948262806146221,0.0,23,23
1248,08241,0.6663661521209447,0.0,23,23
1248,08244,0.8261129678167896,0.0,23,23
124,00451,1.45804524390029,0.0,5,5
124,00452,1.8702946848310464,0.0,5,5
124,00453,1.7676108492301401,0.0,5,5
124,00454,0.7994316431957909,0.0,5,5
124,00455,1.5254073497855778,0.0,5,5
1250,08280,1.4698699257872447,0.0,10,10
1250,08281,1.3520148780679548,0.0,10,10
1250,08282,1.1564210512450914,0.0,10,10
1250,08283,1.327825631232364,0.0,10,10
1250,08284,1.2404863597057185,0.0,10,10
1250,08285,1.168974852929808,0.0,10,10
1250,08286,0.8620404348106363,0.0,10,10
1250,08287,0.9690781714403123,0.0,10,10
1250,08288,0.9316303594522183,0.0,10,10
1250,08289,1.6596175855342117,0.0,10,10
1251,08291,1.0920974161832606,0.0,23,23
1251,08293,0.9087387685496557,0.0,23,23
1251,08294,1.0639034778348937,0.0,23,23
1251,08295,0.6494568923119941,0.0,23,23
1251,08296,0.6629716908555148,0.0,23,23
1251,08297,1.066264190983702,0.0,23,23
1251,08298,0.7956734921358393,0.0,23,23
1251,08299,0.777113686849815,0.0,23,23
1251,08300,0.5170535820714472,0.0,23,23
1251,08301,0.9756830891876451,0.0,23,23
1251,08302,0.949707626711437,0.0,23,23
1251,08303,0.6875447520114606,0.0,23,23
1251,08304,0.821171485248734,0.0,23,23
1251,08305,0.9155905234682651,0.0,23,23
1251,08306,0.8947851786956592,0.0,23,23
1251,08307,0.7796035751136278,0.0,23,23
1251,08309,0.8291669502009231,0.0,23,23
1251,08310,0.7018917166839245,0.0,23,23
1251,08311,0.588456483450212,0.0,23,23
1251,08313,0.7248791962666377,0.0,23,23
1251,08316,1.0423817780731652,0.0,23,23
1251,08317,1.0415248260147583,0.0,23,23
1251,08320,1.0186989020600064,0.0,23,23
1252,08324,1.3095141266702666,0.0,33,33
1252,08325,1.0244973884462245,0.0,33,33
1252,08326,1.163230999587617,0.0,33,33
1252,08328,1.3304350431047975,0.0,33,33
1252,08330,1.355185132081198,0.0,33,33
1252,08331,1.3019196266945223,0.0,33,33
1252,08332,1.18752155095381,0.0,33,33
1252,08333,1.237245541829299,0.0,33,33
1252,08334,1.5181233874915747,0.0,33,33
1252,08335,1.273344056596331,0.0,33,33
1252,08336,1.4803298077470262,0.0,33,33
1252,08337,1.4288042065739759,0.0,33,33
1252,08340,1.0073234910457327,0.0,33,33
1252,08341,0.9200270901378595,0.0,33,33
1252,08342,1.0038502702232857,0.0,33,33
1252,08343,1.419686094729621,0.0,33,33
1252,08344,1.3033379993927359,0.0,33,33
1252,08345,1.2234232008864412,0.0,33,33
1252,08346,1.3734245010920003,0.0,33,33
1252,08347,1.276384591582342,0.0,33,33
1252,08348,1.3952378482996586,0.0,33,33
1252,08349,1.3814884969838035,0.0,33,33
1252,08350,0.8502273088295598,0.0,33,33
1252,08352,1.4319429019490713,0.0,33,33
1252,08354,1.156979975856577,0.0,33,33
1252,08355,1.28416034869854,0.0,33,33
1252,08357,1.2524916726334823,0.0,33,33
1252,08358,1.3600464913310164,0.0,33,33
1252,08359,1.1566960868178462,0.0,33,33
1252,08362,1.3319076218094343,0.0,33,33
1252,08363,1.324084057089383,0.0,33,33
1252,08365,1.181165974895183,0.0,33,33
1252,08366,0.8289718400725509,0.0,33,33
1253,08370,0.9491727806328928,0.0,35,35
1253,08371,0.9502596380479287,0.0,35,35
1253,08372,1.1304036469904228,0.0,35,35
1253,08374,1.0856000047029735,0.0,35,35
1253,08375,1.0618545067082217,0.0,35,35
1253,08376,0.6982554305900697,0.0,35,35
1253,08377,0.7481672798444419,0.0,35,35
1253,08378,0.9945729610919211,0.0,35,35
1253,08379,1.0127788453789042,0.0,35,35
1253,08380,0.938263188564683,0.0,35,35
1253,08381,0.8044782384256064,0.0,35,35
1253,08383,0.9269525370245739,0.0,35,35
1253,08384,1.0348329597892096,0.0,35,35
1253,08385,0.8925669024488071,0.0,35,35
1253,08386,0.9027491286465821,0.0,35,35
1253,08387,0.9108236138443185,0.0,35,35
1253,08388,1.0297888379800302,0.0,35,35
1253,08389,1.3023391136415408,0.0,35,35
1253,08390,0.6925294735885041,0.0,35,35
1253,08393,0.805034683399333,0.0,35,35
1253,08394,1.0037492184304135,0.0,35,35
1253,08395,1.1087223243461952,0.0,35,35
1253,08396,0.9841466101385552,0.0,35,35
1253,08397,0.8705365012624415,0.0,35,35
1253,08398,1.0581142549607148,0.0,35,35
1253,08399,0.8832862255453593,0.0,35,35
1253,08400,0.934229976875442,0.0,35,35
1253,08402,1.2164366248115108,0.0,35,35
1253,08403,0.8641950640704825,0.0,35,35
1253,08405,1.3925140377237966,0.0,35,35
1253,08406,0.8213374622727888,0.0,35,35
1253,08407,0.8459948012007055,0.0,35,35
1253,08408,0.858228709838312,0.0,35,35
1253,08412,0.9011956030304789,0.0,35,35
1253,08415,0.9473996718632964,0.0,35,35
1254,08419,1.045362813369633,0.0,22,22
1254,08421,0.8276313974743795,0.0,22,22
1254,08423,1.019542239612823,0.0,22,22
1254,08424,0.8244097562414252,0.0,22,22
1254,08425,0.8044994860146606,0.0,22,22
1254,08426,0.6997239553648588,0.0,22,22
1254,08427,0.8602810926880129,0.0,22,22
1254,08428,0.8836772333358676,0.0,22,22
1254,08429,0.6984808756270589,0.0,22,22
1254,08430,0.9537190364340264,0.0,22,22
1254,08431,0.7419602021167272,0.0,22,22
1254,08432,0.9627496452346604,0.0,22,22
1254,08433,0.9159337596468197,0.0,22,22
1254,08434,0.8897614922686109,0.0,22,22
1254,08435,1.1094817148595064,0.0,22,22
1254,08436,0.8711409535593426,0.0,22,22
1254,08437,0.7528589209307,0.0,22,22
1254,08438,0.8483582509574625,0.0,22,22
1254,08439,0.7652411730057115,0.0,22,22
1254,08440,0.620547068744731,0.0,22,22
1254,08442,0.8336258125541207,0.0,22,22
1254,08443,1.073181751386831,0.0,22,22
1256,08456,1.3576634105631011,0.0,4,4
1256,08460,0.5475747691707519,0.0,4,4
1256,08461,0.8973869250599411,0.0,4,4
1256,08462,0.9654759894625055,0.0,4,4
1258,08472,0.7936425474347862,0.0,8,8
1258,08473,0.7654530981482506,0.0,8,8
1258,08474,0.8375548384550063,0.0,8,8
1258,08475,1.0263900000541883,0.0,8,8
1258,08476,0.6934357590320746,0.0,8,8
1258,08477,0.6331076638578901,0.0,8,8
1258,08478,0.7706739462618581,0.0,8,8
1258,08479,1.0142648158575907,0.0,8,8
1259,08483,0.8417626230131767,0.0,26,26
1259,08485,1.2663580017286211,0.0,26,26
1259,08486,1.123791451225817,0.0,26,26
1259,08487,1.2808582691877293,0.0,26,26
1259,08488,0.7862436441789908,0.0,26,26
1259,08489,1.0739112951356395,0.0,26,26
1259,08493,1.0497205069266546,0.0,26,26
1259,08494,1.0715150288984243,0.0,26,26
1259,08495,0.9960346951403607,0.0,26,26
1259,08496,0.9348766308920213,0.0,26,26
1259,08497,1.1565791162263181,0.0,26,26
1259,08498,1.1105353475195927,0.0,26,26
1259,08499,1.4159904224388615,0.0,26,26
1259,08500,1.4791399201711695,0.0,26,26
1259,08501,1.0712908126976097,0.0,26,26
1259,08502,1.1071038537562905,0.0,26,26
1259,08503,1.2917408296911994,0.0,26,26
1259,08504,1.044774155296569,0.0,26,26
1259,08509,1.2559121360265462,0.0,26,26
1259,08511,1.0742978818360716,0.0,26,26
1259,08512,1.1917584394902534,0.0,26,26
1259,08513,1.3422528195223076,0.0,26,26
1259,08514,1.0577115709744733,0.0,26,26
1259,08515,1.341849515383506,0.0,26,26
1259,08516,1.2275839665993755,0.0,26,26
1259,08517,1.3580238038964392,0.0,26,26
1260,08521,1.2132803723277832,0.0,22,22
1260,08523,1.3867040437810334,0.0,22,22
1260,08524,1.3867847468016532,0.0,22,22
1260,08525,1.3131750450474071,0.0,22,22
1260,08526,0.9561853260138472,0.0,22,22
1260,08530,1.0666207248806485,0.0,22,22
1260,08531,1.0349957781843915,0.0,22,22
1260,08532,0.887372698337282,0.0,22,22
1260,08533,0.9316105498845266,0.0,22,22
1260,08534,1.2607781024711127,0.0,22,22
1260,08535,1.0582337781402442,0.0,22,22
1260,08536,1.8277377553350627,0.0,22,22
1260,08537,1.6737882131348378,0.0,22,22
1260,08538,1.614878030895997,0.0,22,22
1260,08539,1.209572288904413,0.0,22,22
1260,08540,1.357512939371813,0.0,22,22
1260,08541,1.3822940890452469,0.0,22,22
1260,08545,1.1718975819613853,0.0,22,22
1260,08547,1.236971119922497,0.0,22,22
1260,08548,1.0092173788802041,0.0,22,22
1260,08549,1.5349422156768378,0.0,22,22
1260,08550,1.039905655399651,0.0,22,22
1264,08583,3.2708446905574786,0.0,15,15
1264,08584,3.322768420122812,0.0,15,15
1264,08587,2.2556005799750074,0.0,15,15
1264,08588,2.855405393886416,0.0,15,15
1264,08590,2.9168063434575013,0.0,15,15
1264,08591,2.9405898276096334,0.0,15,15
1264,08592,3.046837341222701,0.0,15,15
1264,08593,3.0569850438989135,0.0,15,15
1264,08595,3.275889783587104,0.0,15,15
1264,08596,2.699317195248772,0.0,15,15
1264,08599,3.2862036758225166,0.0,15,15
1264,08601,3.06284114708672,0.0,15,15
1264,08602,2.8577509051304264,0.0,15,15
1264,08604,2.8135398214736482,0.0,15,15
1264,08606,3.320037137568983,0.0,15,15
127,00460,0.7357109487327558,0.0,3,3
127,00461,1.226022272165744,0.0,3,3
127,00463,0.5331015526880795,0.0,3,3
1300,08795,1.6832250617237967,0.0,11,11
1300,08796,1.5404641301149862,0.0,11,11
1300,08797,1.2063947493566718,0.0,11,11
1300,08798,1.0379520256227919,0.0,11,11
1300,08800,1.5941830395944763,0.0,11,11
1300,08801,1.4603122841428777,0.0,11,11
1300,08804,1.8202267737992412,0.0,11,11
1300,08805,1.6624834014409196,0.0,11,11
1300,08808,1.1812750670839223,0.0,11,11
1300,08810,1.6871081271925832,0.0,11,11
1300,08811,1.0929483956404942,0.0,11,11
1301,08815,1.4165221400667967,0.0,15,15
1301,08816,1.5696080532126622,0.0,15,15
1301,08818,1.269774351700802,0.0,15,15
1301,08820,1.7387081293071072,0.0,15,15
1301,08821,1.326074906295959,0.0,15,15
1301,08822,1.4948478559334308,0.0,15,15
1301,08823,1.5973589676676854,0.0,15,15
1301,08825,1.3321675929908763,0.0,15,15
1301,08826,1.1366042982618803,0.0,15,15
1301,08828,1.3973701590857548,0.0,15,15
1301,08829,1.1306964034198295,0.0,15,15
1301,08831,1.2788055184879925,0.0,15,15
1301,08832,1.193681524958611,0.0,15,15
1301,08833,1.4755308705416934,0.0,15,15
1301,08835,1.5741201688907087,0.0,15,15
1302,08838,1.3000414510348675,0.0,13,13
1302,08839,1.2985430848977704,0.0,13,13
1302,08840,0.7896508296879279,0.0,13,13
1302,08841,1.0350936677755325,0.0,13,13
1302,08843,0.7683849310107147,0.0,13,13
1302,08844,0.9505379961280026,0.0,13,13
1302,08845,0.8952672507191732,0.0,13,13
1302,08846,1.3031183271521705,0.0,13,13
1302,08848,0.7405232821475688,0.0,13,13
1302,08849,0.773974776064241,0.0,13,13
1302,08851,1.2424153319303208,0.0,13,13
1302,08854,0.9630007223100598,0.0,13,13
1302,08856,0.7737166350597027,0.0,13,13
1303,08859,0.8745005257423019,0.0,13,13
1303,08860,0.9750288405123888,0.0,13,13
1303,08861,1.1442159970288963,0.0,13,13
1303,08862,0.9873617464363098,0.0,13,13
1303,08864,1.1881125430122994,0.0,13,13
1303,08865,0.6799007459856242,0.0,13,13
1303,08866,0.8277274766333647,0.0,13,13
1303,08867,0.8844910895061178,0.0,13,13
1303,08869,0.78733661760816,0.0,13,13
1303,08870,0.9057529076476651,0.0,13,13
1303,08872,1.0984852442672497,0.0,13,13
1303,08875,1.1094725146277247,0.0,13,13
1303,08876,0.804620770810919,0.0,13,13
1304,08878,0.9337635441440494,0.0,38,38
1304,08879,1.2481034474285904,0.0,38,38
1304,08881,1.8676599702709387,0.0,38,38
1304,08883,1.3464160136853667,0.0,38,38
1304,08884,1.3771282783580399,0.0,38,38
1304,08885,1.903226686176466,0.0,38,38
1304,08886,1.8590640235858968,0.0,38,38
1304,08887,1.4513788250754969,0.0,38,38
1304,08888,1.1340821256752722,0.0,38,38
1304,08889,1.3745182579530504,0.0,38,38
1304,08890,1.415449522928543,0.0,38,38
1304,08892,1.300076300621584,0.0,38,38
1304,08893,1.1977740688743612,0.0,38,38
1304,08894,1.2974707289484317,0.0,38,38
1304,08895,1.2329884940991709,0.0,38,38
1304,08897,1.7493192605220886,0.0,38,38
1304,08898,1.7672124097320834,0.0,38,38
1304,08899,1.491053429797521,0.0,38,38
1304,08900,1.4699037104877362,0.0,38,38
1304,08901,1.477281201451854,0.0,38,38
1304,08902,1.1675667793134286,0.0,38,38
1304,08903,1.4665466087182417,0.0,38,38
1304,08905,1.6784303649504466,0.0,38,38
1304,08908,1.7242575680830639,0.0,38,38
1304,08909,1.2434109640827595,0.0,38,38
1304,08912,1.4963243828469983,0.0,38,38
1304,08913,0.8330846232580176,0.0,38,38
1304,08914,1.1510865300308908,0.0,38,38
1304,08915,0.7864105636741342,0.0,38,38
1304,08916,1.214678456345135,0.0,38,38
1304,08917,1.0293433947017354,0.0,38,38
1304,08918,1.5493994935528765,0.0,38,38
1304,08919,1.214264813260428,0.0,38,38
1304,08920,1.1947664863919263,0.0,38,38
1304,08923,1.1652578615379419,0.0,38,38
1304,08924,1.2152826834569759,0.0,38,38
1304,08925,1.2839454333712108,0.0,38,38
1304,08926,1.1452499298428114,0.0,38,38
1305,08927,1.1197958753833461,0.0,40,40
1305,08928,1.0106248127112722,0.0,40,40
1305,08929,1.1585309305637868,0.0,40,40
1305,08930,1.0344730710296943,0.0,40,40
1305,08932,1.1363886397585794,0.0,40,40
1305,08933,1.3249400569430636,0.0,40,40
1305,08934,1.5582981051486031,0.0,40,40
1305,08935,1.556323082295618,0.0,40,40
1305,08936,1.5120361916644434,0.0,40,40
1305,08937,1.5864800636286822,0.0,40,40
1305,08938,0.9193606602131956,0.0,40,40
1305,08939,1.107605251674586,0.0,40,40
1305,08941,1.2740386685708098,0.0,40,40
1305,08942,1.25731108675506,0.0,40,40
1305,08943,1.4302007417909763,0.0,40,40
1305,08945,1.230435512352626,0.0,40,40
1305,08946,1.2885449269028875,0.0,40,40
1305,08947,0.9455617526717868,0.0,40,40
1305,08948,1.2451780172913902,0.0,40,40
1305,08949,1.2113765992271506,0.0,40,40
1305,08951,1.2770573005827461,0.0,40,40
1305,08952,1.2648238301799943,0.0,40,40
1305,08953,1.0133981310410305,0.0,40,40
1305,08954,1.1850568440401827,0.0,40,40
1305,08955,0.8756732118737584,0.0,40,40
1305,08956,1.6294642197596594,0.0,40,40
1305,08957,1.3514971550160277,0.0,40,40
1305,08961,1.5091089288390278,0.0,40,40
1305,08962,1.0621871275361212,0.0,40,40
1305,08963,1.3540243614643144,0.0,40,40
1305,08966,1.4332495665135663,0.0,40,40
1305,08967,1.5615755542975371,0.0,40,40
1305,08968,1.0501094732560035,0.0,40,40
1305,08969,1.0687699559320363,0.0,40,40
1305,08970,1.1606500163000293,0.0,40,40
1305,08971,0.8822161614382764,0.0,40,40
1305,08974,1.2659251387190924,0.0,40,40
1305,08975,1.5398504363335324,0.0,40,40
1305,08976,1.2340909599809486,0.0,40,40
1305,08977,1.393615143395292,0.0,40,40
1307,09029,1.1694936115639987,0.0,31,31
1307,09032,1.7890821488817144,0.0,31,31
1307,09034,1.139461143200468,0.0,31,31
1307,09039,1.2438135973975537,0.0,31,31
1307,09040,1.0356411509576944,0.0,31,31
1307,09042,1.4239101509353875,0.0,31,31
1307,09043,1.2328779972684778,0.0,31,31
1307,09045,1.0737815005390148,0.0,31,31
1307,09047,1.374477228444578,0.0,31,31
1307,09048,1.2041467837120037,0.0,31,31
1307,09049,1.4479578656116192,0.0,31,31
1307,09050,1.2599109212236403,0.0,31,31
1307,09051,1.5371528298886563,0.0,31,31
1307,09053,1.740976877599816,0.0,31,31
1307,09054,1.3162338522056023,0.0,31,31
1307,09055,1.5789739363685942,0.0,31,31
1307,09056,1.667010476209882,0.0,31,31
1307,09057,1.6874093001408033,0.0,31,31
1307,09058,1.0708024790450164,0.0,31,31
1307,09062,1.05333642077607,0.0,31,31
1307,09064,1.728672518995676,0.0,31,31
1307,09065,1.4703181425495089,0.0,31,31
1307,09066,1.5964271648685735,0.0,31,31
1307,09067,1.1137573523945947,0.0,31,31
1307,09068,1.1999585172360812,0.0,31,31
1307,09070,1.15414512430877,0.0,31,31
1307,09071,0.9285968399796951,0.0,31,31
1307,09072,1.051428776132336,0.0,31,31
1307,09076,1.141045335783458,0.0,31,31
1307,09077,1.0651694798486642,0.0,31,31
1307,09078,1.261091094375214,0.0,31,31
1308,09079,1.1071336375724334,0.0,37,37
1308,09083,1.8918019703939455,0.0,37,37
1308,09085,1.358502570627853,0.0,37,37
1308,09089,1.7302528811830766,0.0,37,37
1308,09091,1.1866451109234002,0.0,37,37
1308,09092,1.211846483630776,0.0,37,37
1308,09093,1.2873727534121961,0.0,37,37
1308,09094,1.5787657676348807,0.0,37,37
1308,09096,1.5755020280378622,0.0,37,37
1308,09098,1.549584692789356,0.0,37,37
1308,09099,1.2355384462850747,0.0,37,37
1308,09100,1.2178708008475103,0.0,37,37
1308,09101,1.2468932969465534,0.0,37,37
1308,09102,1.1910666455245411,0.0,37,37
1308,09103,2.2762127087924484,0.0,37,37
1308,09105,2.2308299924970365,0.0,37,37
1308,09106,2.1584913946307394,0.0,37,37
1308,09107,2.2429248778454607,0.0,37,37
1308,09108,1.5345821925241667,0.0,37,37
1308,09109,1.9251445299742211,0.0,37,37
1308,09110,1.8204097954281808,0.0,37,37
1308,09111,1.838757026330406,0.0,37,37
1308,09112,1.5430796702463778,0.0,37,37
1308,09117,1.2336980729161757,0.0,37,37
1308,09120,1.940058854562084,0.0,37,37
1308,09121,1.741256338866513,0.0,37,37
1308,09122,1.9727097947814531,0.0,37,37
1308,09123,1.078549831072408,0.0,37,37
1308,09124,1.4227546871637333,0.0,37,37
1308,09125,1.3747933620182353,0.0,37,37
1308,09128,1.4039413750147687,0.0,37,37
1308,09129,1.437617078310474,0.0,37,37
1308,09131,1.4972999773477396,0.0,37,37
1308,09132,1.3931442554962383,0.0,37,37
1308,09133,1.5057645682637268,0.0,37,37
1308,09134,1.3249892090418762,0.0,37,37
1308,09135,1.1358642578342775,0.0,37,37
1309,09136,1.1545351557064634,0.0,19,19
1309,09137,0.7617971750543544,0.0,19,19
1309,09138,0.8444465336770278,0.0,19,19
1309,09139,1.0446662867454148,0.0,19,19
1309,09140,0.7665364384094215,0.0,19,19
1309,09141,0.6454718070827201,0.0,19,19
1309,09142,0.4823247682586517,0.0,19,19
1309,09143,0.9193030754891537,0.0,19,19
1309,09144,1.0098114518814478,0.0,19,19
1309,09145,0.8218251370974787,0.0,19,19
1309,09146,0.9334751046344073,0.0,19,19
1309,09147,0.6737725556117181,0.0,19,19
1309,09148,0.6612188209096266,0.0,19,19
1309,09149,1.0907944682601582,0.0,19,19
1309,09152,1.1031487194253566,0.0,19,19
1309,09153,1.0156671335059562,0.0,19,19
1309,09154,0.7376463269960922,0.0,19,19
1309,09155,0.9233275297421053,0.0,19,19
1309,09157,0.9552442341102134,0.0,19,19
1310,09158,1.461630413428829,0.0,19,19
1310,09159,1.2395973746850308,0.0,19,19
1310,09161,1.2824212609643648,0.0,19,19
1310,09162,1.1264550393584112,0.0,19,19
1310,09163,1.0505808919543524,0.0,19,19
1310,09164,1.4941898908926152,0.0,19,19
1310,09165,1.1043675945832643,0.0,19,19
1310,09166,0.9656939929383542,0.0,19,19
1310,09167,1.0803203737070148,0.0,19,19
1310,09169,1.0740943988490557,0.0,19,19
1310,09170,1.4730541550942229,0.0,19,19
1310,09171,1.4833811552353608,0.0,19,19
1310,09172,1.330163140687578,0.0,19,19
1310,09173,1.4804695877863425,0.0,19,19
1310,09174,1.1130652340870923,0.0,19,19
1310,09177,1.4130933865329625,0.0,19,19
1310,09179,1.0539933585905412,0.0,19,19
1310,09180,1.1702359087554606,0.0,19,19
1310,09182,0.8531352787763036,0.0,19,19
1315,09225,1.0645454565053267,0.0,20,20
1315,09226,0.7147655714280046,0.0,20,20
1315,09227,1.0747012709235628,0.0,20,20
1315,09228,0.9106859771361338,0.0,20,20
1315,09233,0.7420642746284407,0.0,20,20
1315,09234,0.758649635896454,0.0,20,20
1315,09235,0.9434637196855409,0.0,20,20
1315,09237,1.0145827264949585,0.0,20,20
1315,09238,0.7191186705807197,0.0,20,20
1315,09239,1.0278056949372765,0.0,20,20
1315,09241,1.1035089563224751,0.0,20,20
1315,09242,1.0435441819095823,0.0,20,20
1315,09243,1.055544466484984,0.0,20,20
1315,09244,1.1269733668352133,0.0,20,20
1315,09245,1.264288571478402,0.0,20,20
1315,09247,1.226897945921312,0.0,20,20
1315,09249,0.7655842794928722,0.0,20,20
1315,09251,0.9946733844141198,0.0,20,20
1315,09252,0.7555617638529258,0.0,20,20
1315,09253,0.6621894893934194,0.0,20,20
1316,09257,0.968087006683216,0.0,21,21
1316,09258,1.0576474866365186,0.0,21,21
1316,09259,0.8512033337509359,0.0,21,21
1316,09263,1.2407359729751284,0.0,21,21
1316,09264,1.1124631326618135,0.0,21,21
1316,09265,1.260549942676396,0.0,21,21
1316,09266,1.0857883494700218,0.0,21,21
1316,09267,0.9940634635276007,0.0,21,21
1316,09268,1.0568875344067903,0.0,21,21
1316,09269,1.0449092209901272,0.0,21,21
1316,09270,0.9587279273728283,0.0,21,21
1316,09271,0.784375169172068,0.0,21,21
1316,09272,1.1219408041151484,0.0,21,21
1316,09273,0.6506535178191546,0.0,21,21
1316,09274,0.7781636964141314,0.0,21,21
1316,09275,1.214541032545473,0.0,21,21
1316,09277,1.2889834013325236,0.0,21,21
1316,09278,1.3286058488695884,0.0,21,21
1316,09279,1.0957912681152118,0.0,21,21
1316,09281,0.8126790131832686,0.0,21,21
1316,09282,0.9494116913884268,0.0,21,21
1317,09284,1.092208425311427,0.0,23,23
1317,09286,1.5717400269154984,0.0,23,23
1317,09287,1.462892337859945,0.0,23,23
1317,09288,1.0044325176158497,0.0,23,23
1317,09289,1.358903597131536,0.0,23,23
1317,09293,1.6722411230414485,0.0,23,23
1317,09294,1.1512701945354418,0.0,23,23
1317,09295,1.3859733120435174,0.0,23,23
1317,09296,1.3443993336448128,0.0,23,23
1317,09297,1.1910239717735118,0.0,23,23
1317,09298,1.2293142606638277,0.0,23,23
1317,09299,1.2054186460011762,0.0,23,23
1317,09300,1.5034173567265925,0.0,23,23
1317,09301,1.4790092489107216,0.0,23,23
1317,09302,1.515352309340439,0.0,23,23
1317,09303,1.4618704280101302,0.0,23,23
1317,09304,1.070491397461423,0.0,23,23
1317,09305,1.5446107368168098,0.0,23,23
1317,09307,1.4357028548718564,0.0,23,23
1317,09308,0.9629739293224733,0.0,23,23
1317,09309,1.2913853089433303,0.0,23,23
1317,09311,1.2204254322773225,0.0,23,23
1317,09313,1.1960647978653975,0.0,23,23
1495,10424,0.7389918564355173,0.0,10,10
1495,10426,0.6312757377223832,0.0,10,10
1495,10427,1.1303783603623876,0.0,10,10
1495,10428,0.34413334311586863,0.0,10,10
1495,10429,0.8540475977709114,0.0,10,10
1495,10431,0.769342033534594,0.0,10,10
1495,10432,1.067334319292243,0.0,10,10
1495,10433,0.6754027595317609,0.0,10,10
1495,10434,1.0387622803041938,0.0,10,10
1495,10435,0.5787240978655128,0.0,10,10
1503,10457,1.0191674682113374,0.0,17,17
1503,10458,1.0267138334094537,0.0,17,17
1503,10459,0.824447452246641,0.0,17,17
1503,10460,1.1123017645518876,0.0,17,17
1503,10461,1.292892624279598,0.0,17,17
1503,10462,0.9348988005575182,0.0,17,17
1503,10463,1.0150757465715523,0.0,17,17
1503,10464,0.9715962706357392,0.0,17,17
1503,10465,0.8465953831065537,0.0,17,17
1503,10467,1.1455908933328587,0.0,17,17
1503,10468,1.1860561971515624,0.0,17,17
1503,10469,0.7041012384883917,0.0,17,17
1503,10470,0.7245049656990034,0.0,17,17
1503,10472,0.5489949121798092,0.0,17,17
1503,10473,1.436195595061552,0.0,17,17
1503,10474,0.6799423971252676,0.0,17,17
1503,10475,0.7842572428139367,0.0,17,17
1512,10505,5.657506796594399,0.0,3,3
1512,10507,5.154885733904171,0.0,3,3
1512,10508,5.521144432982301,0.0,3,3
1517,10537,0.8867781453962567,0.0,9,9
1517,10538,0.7872159951285731,0.0,9,9
1517,10539,0.6583226196360807,0.0,9,9
1517,10540,0.9856380898886801,0.0,9,9
1517,10541,0.9488127850058475,0.0,9,9
1517,10542,0.8791089509837899,0.0,9,9
1517,10543,1.0870671066212318,0.0,9,9
1517,10544,0.579007515309896,0.0,9,9
1517,10545,0.6699370014562764,0.0,9,9
1518,10549,6.5110668106577325,0.0,11,11
1518,10552,8.052220458856384,0.0,11,11
1518,10553,9.173718747814892,0.0,11,11
1518,10555,7.859093365173018,0.0,11,11
1518,10556,8.098948331768542,0.0,11,11
1518,10557,8.046989336221369,0.0,11,11
1518,10558,8.935960941768244,0.0,11,11
1518,10559,8.594127802952546,0.0,11,11
1518,10560,8.199483634704952,0.0,11,11
1518,10561,8.321759217407815,0.0,11,11
1518,10562,8.627750559469833,0.0,11,11
1520,10571,1.1962467803833778,0.0,7,7
1520,10572,1.1175743635116222,0.0,7,7
1520,10573,0.852779699585517,0.0,7,7
1520,10576,1.1029585854112203,0.0,7,7
1520,10577,1.0481602780371666,0.0,7,7
1520,10579,1.7178898818965092,0.0,7,7
1520,10580,1.1073188376486112,0.0,7,7
1539,10643,1.2096281241658078,0.0,14,14
1539,10645,1.1764583178741974,0.0,14,14
1539,10646,1.1906250006006736,0.0,14,14
1539,10647,1.3177558933708242,0.0,14,14
1539,10648,1.1752658512789944,0.0,14,14
1539,10649,0.7721944468727191,0.0,14,14
1539,10650,0.9524340062645438,0.0,14,14
1539,10651,0.9193695487902847,0.0,14,14
1539,10652,0.9701343664085273,0.0,14,14
1539,10653,0.6238038753134288,0.0,14,14
1539,10655,0.8491450112320806,0.0,14,14
1539,10656,1.4446015509928796,0.0,14,14
1539,10657,1.4443242705176607,0.0,14,14
1539,10658,1.0556958498996911,0.0,14,14
1541,10664,1.6421719189985073,0.0,5,5
1541,10666,1.6931908348459528,0.0,5,5
1541,10668,2.6946724537041,0.0,5,5
1541,10669,2.6091168425327105,0.0,5,5
1541,10671,2.080821675970289,0.0,5,5
1543,10677,0.9713554557359083,0.0,8,8
1543,10680,0.8426346536019105,0.0,8,8
1543,10681,0.5489905645061677,0.0,8,8
1543,10682,0.6955649283040867,0.0,8,8
1543,10684,0.6504419736948928,0.0,8,8
1543,10685,0.6460541990397421,0.0,8,8
1543,10686,0.4504458595979626,0.0,8,8
1543,10687,0.6776507693957083,0.0,8,8
1544,10694,1.7292325414990695,0.0,13,13
1544,10695,1.6997674374616552,0.0,13,13
1544,10696,1.536063573872418,0.0,13,13
1544,10697,1.5682318536368267,0.0,13,13
1544,10698,1.7200597077959805,0.0,13,13
1544,10699,1.5564943453098583,0.0,13,13
1544,10702,1.5490896329617632,0.0,13,13
1544,10705,1.334519029974107,0.0,13,13
1544,10707,1.2018094201890048,0.0,13,13
1544,10708,1.2818613360231308,0.0,13,13
1544,10709,1.511399715559508,0.0,13,13
1544,10710,1.2234439533256136,0.0,13,13
1544,10711,1.0281899687681055,0.0,13,13
1560,10781,1.3246147889878856,0.0,14,14
1560,10783,1.1102579694913526,0.0,14,14
1560,10784,1.183070112433221,0.0,14,14
1560,10786,1.459841705035344,0.0,14,14
1560,10787,1.4988548852190275,0.0,14,14
1560,10788,1.4862203845181434,0.0,14,14
1560,10789,1.2593783460039678,0.0,14,14
1560,10790,1.1206074111165591,0.0,14,14
1560,10791,1.2547071103437681,0.0,14,14
1560,10792,1.2643839743167642,0.0,14,14
1560,10795,1.2130846174202439,0.0,14,14
1560,10796,0.9656236601179198,0.0,14,14
1560,10797,0.6462412177260635,0.0,14,14
1560,10798,0.8605027237781095,0.0,14,14
1565,10809,1.8763395290847307,0.0,14,14
1565,10815,2.1997235041057945,0.0,14,14
1565,10816,2.0949161327778305,0.0,14,14
1565,10817,2.8843900220489,0.0,14,14
1565,10818,2.666525921720931,0.0,14,14
1565,10819,2.1289868758300092,0.0,14,14
1565,10820,2.1385035841784372,0.0,14,14
1565,10821,2.426776539205146,0.0,14,14
1565,10822,2.329602647206308,0.0,14,14
1565,10826,1.8994041110754214,0.0,14,14
1565,10827,1.9767521373144337,0.0,14,14
1565,10829,2.3052658250394926,0.0,14,14
1565,10830,2.3157305370040278,0.0,14,14
1565,10831,2.772023627979994,0.0,14,14
214,00957,0.7118995556660774,0.0,22,22
214,00960,0.6785379012557826,0.0,22,22
214,00962,0.7003898128627004,0.0,22,22
214,00963,0.8560620429492619,0.0,22,22
214,00964,0.7119992057600908,0.0,22,22
214,00965,0.7108462669389035,0.0,22,22
214,00966,1.0069184438115768,0.0,22,22
214,00967,0.7617104524580749,0.0,22,22
214,00968,0.5806126223849954,0.0,22,22
214,00969,0.5516235197828252,0.0,22,22
214,00970,0.6180593021821096,0.0,22,22
214,00971,0.6481386017705403,0.0,22,22
214,00972,0.4377410465867288,0.0,22,22
214,00973,0.7714860767601601,0.0,22,22
214,00974,0.585927237644378,0.0,22,22
214,00975,0.7174997821627945,0.0,22,22
214,00976,0.7020307101247631,0.0,22,22
214,00977,0.7018819505140109,0.0,22,22
214,00978,0.6768063087064182,0.0,22,22
214,00979,0.6335865987325401,0.0,22,22
214,00980,0.5451951371305624,0.0,22,22
214,00983,0.7418322745872188,0.0,22,22
215,00991,0.43918644516558447,0.0,10,10
215,00994,0.5057823810043576,0.0,10,10
215,00995,0.4090874825222407,0.0,10,10
215,00996,0.4841760031984441,0.0,10,10
215,01002,0.35501885946117695,0.0,10,10
215,01003,0.399639160505726,0.0,10,10
215,01005,0.9063711447228191,0.0,10,10
215,01006,0.6320378947484521,0.0,10,10
215,01008,0.6659260473686199,0.0,10,10
215,01009,0.6649749748086178,0.0,10,10
217,00981,1.4924917965115934,0.0,16,16
217,01040,0.9645692765090574,0.0,16,16
217,01042,0.6415784320831988,0.0,16,16
217,01043,0.8333619065307865,0.0,16,16
217,01044,0.9075823577465336,0.0,16,16
217,01045,1.305395974119464,0.0,16,16
217,01046,0.8548123262350165,0.0,16,16
217,01049,1.7940053678472565,0.0,16,16
217,01050,1.836515987194332,0.0,16,16
217,01051,0.8482629916954605,0.0,16,16
217,01052,0.8067400650422414,0.0,16,16
217,01054,1.3298123690333914,0.0,16,16
217,01055,1.513428330244069,0.0,16,16
217,01056,1.3887973013650026,0.0,16,16
217,01058,1.1368115543016342,0.0,16,16
217,01059,0.8732444206061553,0.0,16,16
339,01765,3.054956490606508,0.0,7,7
339,01766,3.456042012098924,0.0,7,7
339,01767,3.5393654752996424,0.0,7,7
339,01768,2.2376147171075322,0.0,7,7
339,01769,2.9110459575533767,0.0,7,7
339,01770,3.619516753202823,0.0,7,7
339,01771,3.4636888164038178,0.0,7,7
450,02195,1.9512286161483519,0.0,7,7
450,02196,1.8720505270437755,0.0,7,7
450,02197,1.7820500242632518,0.0,7,7
450,02198,1.1569125470293002,0.0,7,7
450,02199,0.9576353462804712,0.0,7,7
450,02200,0.8391181850238881,0.0,7,7
450,02201,0.9347599173257122,0.0,7,7
494,02402,0.9011079060903401,0.0,11,11
494,02403,1.1033690238846192,0.0,11,11
494,02404,0.853548084200435,0.0,11,11
494,02405,0.7780900222134184,0.0,11,11
494,02406,1.0274715571161537,0.0,11,11
494,02407,1.056469356888443,0.0,11,11
494,02408,0.9943071152107674,0.0,11,11
494,02409,1.098178542485063,0.0,11,11
494,02410,0.8546258394140329,0.0,11,11
494,02411,0.8053739292819722,0.0,11,11
494,02412,0.957272283309337,0.0,11,11
515,02517,0.0974527873758475,0.0,3,3
515,02518,0.9011925503803515,0.0,3,3
515,02519,0.6983374203889459,0.0,3,3
517,02525,2.526541120655361,0.0,4,4
517,02526,2.0828059751565466,0.0,4,4
517,02527,2.3299693866513316,0.0,4,4
517,02528,1.5777564005116624,0.0,4,4
518,02530,1.8853913924287844,0.0,3,3
518,02531,1.621127271261616,0.0,3,3
518,02532,1.256143774475877,0.0,3,3
521,02540,0.8808082963282938,0.0,4,4
521,02541,0.8351830215430177,0.0,4,4
521,02542,1.2337904629726952,0.0,4,4
521,02543,0.6189754632881077,0.0,4,4
522,02545,1.145058578180545,0.0,3,3
522,02546,0.9190936090286485,0.0,3,3
522,02547,0.8368849911807901,0.0,3,3
525,02556,0.9011574006357479,0.0,4,4
525,02557,1.096666213787508,0.0,4,4
525,02558,0.7003177897133483,0.0,4,4
525,02559,1.0071254634803208,0.0,4,4
526,02560,2.0315610100338604,0.0,4,4
526,02561,2.12897035382152,0.0,4,4
526,02562,2.2913191805115187,0.0,4,4
526,02563,1.9821329992302328,0.0,4,4
527,02565,1.3750262915119293,0.0,4,4
527,02566,1.2253288317656619,0.0,4,4
527,02567,0.7463326496529359,0.0,4,4
527,02568,0.5561164019355039,0.0,4,4
52,00120,0.3697633685727949,0.0,11,11
52,00121,0.8170778955625015,0.0,11,11
52,00122,1.0754626799129763,0.0,11,11
52,00123,0.7628899213828753,0.0,11,11
52,00124,0.8394873678792811,0.0,11,11
52,00125,0.5320416477369243,0.0,11,11
52,00126,1.0458790404756046,0.0,11,11
52,00127,1.030254156276603,0.0,11,11
52,00128,0.8252513221127273,0.0,11,11
52,00129,1.0341482034555398,0.0,11,11
52,00130,0.9622786691492304,0.0,11,11
531,02583,1.5033111756089679,0.0,4,4
531,02584,1.9037255425396946,0.0,4,4
531,02585,1.5531403085997362,0.0,4,4
531,02586,1.828306761148091,0.0,4,4
534,02597,2.219097673679939,0.0,3,3
534,02598,1.2061876344030895,0.0,3,3
534,02599,1.3943252594719655,0.0,3,3
535,02601,1.0785629193223478,0.0,4,4
535,02602,1.5336480352526056,0.0,4,4
535,02603,1.6859159614702937,0.0,4,4
535,02604,1.8813152980827559,0.0,4,4
538,02615,1.4937775553883328,0.0,4,4
538,02616,0.7011196544994265,0.0,4,4
538,02617,1.2375456595743481,0.0,4,4
538,02618,1.3306873398571082,0.0,4,4
540,02624,0.6542017197297021,0.0,5,5
540,02625,1.4572552362007714,0.0,5,5
540,02626,1.2334105007387417,0.0,5,5
540,02627,1.1519739679595924,0.0,5,5
540,02628,1.2978064618141545,0.0,5,5
541,02630,0.815084673845776,0.0,4,4
541,02631,0.9685765986942125,0.0,4,4
541,02632,0.7886879540709264,0.0,4,4
541,02633,1.1433113241410915,0.0,4,4
542,02634,1.5356435059981077,0.0,5,5
542,02635,0.9405788081149788,0.0,5,5
542,02636,1.5050105347190255,0.0,5,5
542,02637,0.5903018885789442,0.0,5,5
542,02638,1.7230904656391275,0.0,5,5
544,02642,1.0981051573343403,0.0,4,4
544,02643,0.5295112017843961,0.0,4,4
544,02644,0.7746336503361768,0.0,4,4
544,02645,1.0045921349881777,0.0,4,4
546,02648,1.1059661180023697,0.0,3,3
546,02649,0.5052953113063667,0.0,3,3
546,02650,1.4806757529356993,0.0,3,3
547,02652,1.8719096069118613,0.0,5,5
547,02653,2.606330628991116,0.0,5,5
547,02654,2.937268781515101,0.0,5,5
547,02655,3.786978001212272,0.0,5,5
547,02656,2.766305661790999,0.0,5,5
550,02666,4.112104369450892,0.0,4,4
550,02667,3.6652895511850914,0.0,4,4
550,02668,3.717975787574618,0.0,4,4
550,02669,3.647943593311969,0.0,4,4
551,02670,1.1587193688068218,0.0,3,3
551,02671,1.0860942587891562,0.0,3,3
551,02672,2.527947336412545,0.0,3,3
555,02686,1.3983056692906424,0.0,4,4
555,02687,0.8788067790133808,0.0,4,4
555,02688,0.8912319521958851,0.0,4,4
555,02689,1.1580459835687762,0.0,4,4
560,02706,1.498003962730041,0.0,3,3
560,02707,2.1652124069139713,0.0,3,3
560,02708,1.6278470135410894,0.0,3,3
571,02756,1.4664937168634729,0.0,11,11
571,02757,1.3380478381179541,0.0,11,11
571,02758,1.3069481629310125,0.0,11,11
571,02759,1.9351170601224534,0.0,11,11
571,02760,1.9098480801170439,0.0,11,11
571,02761,1.5445301856715987,0.0,11,11
571,02762,1.3889373598351953,0.0,11,11
571,02763,2.0403687940302033,0.0,11,11
571,02764,2.0522630845355883,0.0,11,11
571,02765,1.1621181332194057,0.0,11,11
571,02766,1.7991614632393154,0.0,11,11
57,00159,1.9480820258220697,0.0,6,6
57,00160,1.3743262074986249,0.0,6,6
57,00161,0.37050258274483094,0.0,6,6
57,00162,1.1145272186830497,0.0,6,6
57,00163,1.2151669597434407,0.0,6,6
57,00164,0.9248352205059007,0.0,6,6
602,02882,2.6125433122953785,0.0,3,3
602,02883,1.6940867071942294,0.0,3,3
602,02884,2.0893697071143027,0.0,3,3
630,02940,1.7044472065836984,0.0,4,4
630,02941,0.9817508680592364,0.0,4,4
630,02942,1.6551103233203697,0.0,4,4
630,02943,1.6714477431309476,0.0,4,4
646,02979,1.3090946341117817,0.0,13,13
646,02982,1.121949606983197,0.0,13,13
646,02983,1.3576325070236877,0.0,13,13
646,02984,1.368900931530347,0.0,13,13
646,02985,1.2616907215041178,0.0,13,13
646,02986,0.872334257725843,0.0,13,13
646,02987,0.789945621428118,0.0,13,13
646,02988,0.8851575865353452,0.0,13,13
646,02989,1.0662289162177794,0.0,13,13
646,02991,1.006961718081996,0.0,13,13
646,02993,0.8349491579563191,0.0,13,13
646,02994,0.9052838462111765,0.0,13,13
646,02995,0.6620449642453152,0.0,13,13
648,03010,1.4593190539022827,0.0,13,13
648,03015,0.9779996710228389,0.0,13,13
648,03016,1.196650955644814,0.0,13,13
648,03017,1.0110317916456277,0.0,13,13
648,03018,1.1101132379297507,0.0,13,13
648,03019,1.0204286588508191,0.0,13,13
648,03020,1.3568271656540336,0.0,13,13
648,03021,1.3719013632256352,0.0,13,13
648,03022,1.2429235625921753,0.0,13,13
648,03023,1.2986755800722194,0.0,13,13
648,03024,0.8831970433347868,0.0,13,13
648,03025,1.0815065348770811,0.0,13,13
648,03026,0.8874020698398741,0.0,13,13
650,03040,0.703962726311504,0.0,10,10
650,03044,0.9389746802489884,0.0,10,10
650,03046,0.8619866771985829,0.0,10,10
650,03047,1.2121826751706082,0.0,10,10
650,03048,0.6759841180425694,0.0,10,10
650,03049,1.160377611505408,0.0,10,10
650,03050,0.6982338857587111,0.0,10,10
650,03051,1.2195049678758147,0.0,10,10
650,03052,0.7603918727076284,0.0,10,10
650,03053,0.9122365230552266,0.0,10,10
651,03056,1.7881161285506149,0.0,7,7
651,03057,2.0905141995999474,0.0,7,7
651,03058,0.915701058716024,0.0,7,7
651,03060,1.7205396552235674,0.0,7,7
651,03061,1.0407144597381774,0.0,7,7
651,03063,1.933527148426235,0.0,7,7
651,03064,1.4860076216472293,0.0,7,7
652,03068,1.0461572435301396,0.0,10,10
652,03069,1.4560907299951515,0.0,10,10
652,03070,1.328882693247588,0.0,10,10
652,03071,0.9888467948197055,0.0,10,10
652,03072,1.2287919674413559,0.0,10,10
652,03073,1.0419065801820302,0.0,10,10
652,03074,0.8578356649275964,0.0,10,10
652,03075,0.7628982660289869,0.0,10,10
652,03076,0.7297629354774557,0.0,10,10
652,03077,0.6681628253170585,0.0,10,10
653,03080,1.1879227499653786,0.0,7,7
653,03081,0.9789808299733544,0.0,7,7
653,03082,1.5452279536307554,0.0,7,7
653,03083,1.1460241331827614,0.0,7,7
653,03086,0.7839728050312793,0.0,7,7
653,03088,1.2726009952282227,0.0,7,7
653,03089,0.9303536942172969,0.0,7,7
654,03092,0.7347600496809338,0.0,10,10
654,03093,0.8586486857737399,0.0,10,10
654,03094,0.6029692053596319,0.0,10,10
654,03095,0.7759432608239116,0.0,10,10
654,03096,0.8159600553544784,0.0,10,10
654,03097,0.8386578445685569,0.0,10,10
654,03098,0.7461038201828326,0.0,10,10
654,03099,0.7262248089590223,0.0,10,10
654,03100,0.9012852528933413,0.0,10,10
654,03101,1.0136235169645582,0.0,10,10
655,03104,0.9625258949746783,0.0,13,13
655,03106,0.8453572703202763,0.0,13,13
655,03107,0.8266620771405109,0.0,13,13
655,03108,0.6842650023686758,0.0,13,13
655,03109,1.3403081106239827,0.0,13,13
655,03110,0.9461837567471459,0.0,13,13
655,03111,0.9296332146272068,0.0,13,13
655,03112,1.088515973360079,0.0,13,13
655,03113,0.5860059566829855,0.0,13,13
655,03114,0.37864651503979385,0.0,13,13
655,03115,0.8712195546917189,0.0,13,13
655,03116,1.1586724061673985,0.0,13,13
655,03117,0.8985736610485446,0.0,13,13
664,03155,2.2632115169140135,0.0,7,7
664,03156,3.387126184644091,0.0,7,7
664,03157,2.5542695243813527,0.0,7,7
664,03158,3.399282922753534,0.0,7,7
664,03159,2.2668959397910724,0.0,7,7
664,03160,1.9674220534727171,0.0,7,7
664,03161,3.787524086300871,0.0,7,7
665,03164,0.6416104097489216,0.0,11,11
665,03165,0.551841410859583,0.0,11,11
665,03166,0.6376866277229516,0.0,11,11
665,03167,0.9899551413857091,0.0,11,11
665,03168,0.6343691782376317,0.0,11,11
665,03169,0.5781428762051339,0.0,11,11
665,03170,0.5621600172889107,0.0,11,11
665,03171,0.9380210308095711,0.0,11,11
665,03172,1.0755992709851003,0.0,11,11
665,03173,0.7929565708465112,0.0,11,11
665,03174,0.812598461500228,0.0,11,11
667,03187,2.248783321173725,0.0,3,3
667,03188,0.9574010067436391,0.0,3,3
667,03190,2.116603501653218,0.0,3,3
669,03198,0.643981744271729,0.0,10,10
669,03200,0.8521384142676723,0.0,10,10
669,03201,1.042974606969421,0.0,10,10
669,03202,1.100713418701896,0.0,10,10
669,03203,0.5851718158158414,0.0,10,10
669,03204,0.844163646175733,0.0,10,10
669,03205,0.9470053387489916,0.0,10,10
669,03207,0.6755802310291129,0.0,10,10
669,03208,0.5749987576786587,0.0,10,10
669,03209,0.4856398791637926,0.0,10,10
670,03210,0.9345026014566333,0.0,11,11
670,03211,1.0142950011972827,0.0,11,11
670,03213,0.41146490242321065,0.0,11,11
670,03214,0.9561804915298107,0.0,11,11
670,03215,0.8239177701681544,0.0,11,11
670,03216,0.9541608079645307,0.0,11,11
670,03217,0.8062114944324107,0.0,11,11
670,03218,0.8700895814815379,0.0,11,11
670,03219,0.6702510585939865,0.0,11,11
670,03220,0.8783226684187002,0.0,11,11
670,03221,0.872348870531105,0.0,11,11
672,03233,1.8656189807525614,0.0,3,3
672,03234,1.5209531925574917,0.0,3,3
672,03235,2.0993693791216033,0.0,3,3
673,03237,0.6553078541209867,0.0,8,8
673,03238,0.9441638386710702,0.0,8,8
673,03239,0.946178902434173,0.0,8,8
673,03240,1.4451449322710908,0.0,8,8
673,03241,1.5479619185071143,0.0,8,8
673,03242,1.2217395473927162,0.0,8,8
673,03243,0.9945359431135974,0.0,8,8
673,03244,0.8708232085818826,0.0,8,8
674,03246,0.8429226361280053,0.0,12,12
674,03247,0.57439105847472,0.0,12,12
674,03248,1.022692377007026,0.0,12,12
674,03249,0.9629309674918112,0.0,12,12
674,03250,0.6713437204817736,0.0,12,12
674,03251,1.2926530400096299,0.0,12,12
674,03252,1.3110012696294597,0.0,12,12
674,03253,1.2878935596571184,0.0,12,12
674,03254,1.3610030454998165,0.0,12,12
674,03255,0.6390944165586361,0.0,12,12
674,03256,1.014230249976047,0.0,12,12
674,03257,1.0109899334059484,0.0,12,12
675,03259,0.8307242231891452,0.0,7,7
675,03260,0.6583688732110177,0.0,7,7
675,03261,1.1443718117671797,0.0,7,7
675,03262,0.9840158786683172,0.0,7,7
675,03263,0.9456299102490869,0.0,7,7
675,03264,0.86763675365293,0.0,7,7
675,03265,0.6336159587990288,0.0,7,7
713,03422,0.3868824745831265,0.0,8,8
713,03424,0.9287675105276987,0.0,8,8
713,03425,1.1071776309773413,0.0,8,8
713,03426,1.0473180731929705,0.0,8,8
713,03427,0.6660111479810085,0.0,8,8
713,03428,1.162402561374254,0.0,8,8
713,03429,1.3080178292927838,0.0,8,8
713,03430,0.8276783257878355,0.0,8,8
716,03442,1.2017235595800506,0.0,9,9
716,03447,0.5392757453270713,0.0,9,9
716,03448,1.0267331007972054,0.0,9,9
716,03450,0.5720559074439618,0.0,9,9
716,03451,1.138938274474095,0.0,9,9
716,03453,0.8055999705267589,0.0,9,9
716,03454,0.5674907357002306,0.0,9,9
716,03455,0.5748273960912021,0.0,9,9
716,03456,0.8985404528520244,0.0,9,9
721,03500,0.8282476205852956,0.0,21,21
721,03501,0.7304161664656053,0.0,21,21
721,03502,0.7586308227416778,0.0,21,21
721,03503,0.7494329808182983,0.0,21,21
721,03504,0.9590306666453665,0.0,21,21
721,03508,0.7396495376462963,0.0,21,21
721,03511,0.902038096982705,0.0,21,21
721,03512,1.2361931713506367,0.0,21,21
721,03513,0.7499093558369637,0.0,21,21
721,03514,0.9692740660609529,0.0,21,21
721,03515,1.1181331305398816,0.0,21,21
721,03516,0.9367452330016817,0.0,21,21
721,03517,0.8620173177826993,0.0,21,21
721,03518,1.5604830731183132,0.0,21,21
721,03519,1.1940090560668253,0.0,21,21
721,03520,1.4753331029910541,0.0,21,21
721,03521,1.16388714054125,0.0,21,21
721,03522,1.1277989807874733,0.0,21,21
721,03523,1.1412613763629558,0.0,21,21
721,03524,0.9727254338407227,0.0,21,21
721,03525,0.9959729602101604,0.0,21,21
722,03527,2.2910482849796105,0.0,18,18
722,03528,2.3303250138265423,0.0,18,18
722,03529,1.5011192134286033,0.0,18,18
722,03530,2.6433297004555896,0.0,18,18
722,03531,2.0074415821099905,0.0,18,18
722,03532,2.646345721806374,0.0,18,18
722,03533,1.7501355684443065,0.0,18,18
722,03534,2.158478230620243,0.0,18,18
722,03536,2.183339449133017,0.0,18,18
722,03539,1.4892288865598298,0.0,18,18
722,03540,2.943937407167051,0.0,18,18
722,03541,2.8958006626923227,0.0,18,18
722,03542,1.319551845183066,0.0,18,18
722,03543,2.473993462104845,0.0,18,18
722,03544,1.4397679640750494,0.0,18,18
722,03545,2.2997990791674994,0.0,18,18
722,03546,1.489553883957208,0.0,18,18
722,03547,2.2971012809986235,0.0,18,18
723,03548,1.1721346087237436,0.0,21,21
723,03550,1.0747854779112482,0.0,21,21
723,03552,1.1402158116776242,0.0,21,21
723,03554,1.089818733577927,0.0,21,21
723,03557,1.578562150825305,0.0,21,21
723,03560,0.8197955988588552,0.0,21,21
723,03561,1.4341148434743902,0.0,21,21
723,03562,1.6544191285229153,0.0,21,21
723,03563,1.419732846104912,0.0,21,21
723,03564,0.8557162748839615,0.0,21,21
723,03565,0.6565466665457076,0.0,21,21
723,03566,1.3025225528322428,0.0,21,21
723,03567,1.2764038615270952,0.0,21,21
723,03568,1.15399730250089,0.0,21,21
723,03569,1.482375315261143,0.0,21,21
723,03570,1.2986586920830137,0.0,21,21
723,03571,1.3024889102840524,0.0,21,21
723,03572,1.2103601596331102,0.0,21,21
723,03573,0.7437679258681116,0.0,21,21
723,03574,1.0042468375713387,0.0,21,21
723,03576,0.8019961173394073,0.0,21,21
728,03605,0.8909374926121247,0.0,8,8
728,03606,0.727664618121339,0.0,8,8
728,03607,0.6575330831924465,0.0,8,8
728,03608,1.177781173751576,0.0,8,8
728,03609,1.2540769660598032,0.0,8,8
728,03610,1.3146815534999232,0.0,8,8
728,03611,0.9162813636998839,0.0,8,8
728,03612,0.6943583062521305,0.0,8,8
75,00217,3.0353984052851204,0.0,3,3
75,00218,2.0156625856699173,0.0,3,3
75,00219,3.237225139247367,0.0,3,3
7,00025,0.9665525726617024,0.0,12,12
7,00026,0.865019826266568,0.0,12,12
7,00028,0.7863513043619462,0.0,12,12
7,00029,1.1257242494548563,0.0,12,12
7,00030,0.434880999531158,0.0,12,12
7,00031,1.000485868653842,0.0,12,12
7,00032,0.7955272883861428,0.0,12,12
7,00033,0.5896037279149936,0.0,12,12
7,00034,0.9006196150547642,0.0,12,12
7,00035,0.6757209307132737,0.0,12,12
7,00037,0.6494300525710985,0.0,12,12
7,00038,0.7163489750954819,0.0,12,12
80,00239,1.8510671942109462,0.0,4,4
80,00240,1.8359341830888454,0.0,4,4
80,00241,1.8612779234129628,0.0,4,4
80,00242,1.1708468922960231,0.0,4,4
861,03919,0.5017514585048662,0.0,10,10
861,03920,1.1062886081919274,0.0,10,10
861,03922,1.404314476693835,0.0,10,10
861,03923,1.3700421494119024,0.0,10,10
861,03925,1.095159087113666,0.0,10,10
861,03926,0.7044904726762642,0.0,10,10
861,03928,0.9738503854237593,0.0,10,10
861,03929,0.9966589881735768,0.0,10,10
861,03930,0.4679953082358639,0.0,10,10
861,03931,1.1873990213784307,0.0,10,10
862,03934,1.4188147520859165,0.0,7,7
862,03935,1.4452944303126367,0.0,7,7
862,03937,1.2966516120095473,0.0,7,7
862,03938,1.33193567120666,0.0,7,7
862,03939,1.3979542936132474,0.0,7,7
862,03940,0.5422327442310664,0.0,7,7
862,03941,1.0547959167997247,0.0,7,7
871,03986,1.4410675795646057,0.0,9,9
871,03987,0.9840222851110614,0.0,9,9
871,03988,0.7997117042062734,0.0,9,9
871,03989,1.763918893098847,0.0,9,9
871,03990,1.7600751753356734,0.0,9,9
871,03992,0.8266064700986018,0.0,9,9
871,03994,1.2923514862482834,0.0,9,9
871,03995,1.4798153853098106,0.0,9,9
871,03997,1.0211738207981347,0.0,9,9
872,03999,0.8366357620915627,0.0,13,13
872,04000,0.8025296390302841,0.0,13,13
872,04001,1.131654407486002,0.0,13,13
872,04002,0.9608524176737623,0.0,13,13
872,04003,0.4683435011024567,0.0,13,13
872,04004,0.6576823914501875,0.0,13,13
872,04005,0.7562010264307892,0.0,13,13
872,04006,0.9446120129496043,0.0,13,13
872,04007,1.0048902718246255,0.0,13,13
872,04008,0.9360324178368893,0.0,13,13
872,04009,0.7998426827781417,0.0,13,13
872,04010,0.7117543317729291,0.0,13,13
872,04011,0.7269540687456295,0.0,13,13
885,04189,1.0399742356108104,0.0,6,6
885,04190,1.2940608089631833,0.0,6,6
885,04191,1.2959574269479555,0.0,6,6
885,04192,1.2961351883444912,0.0,6,6
885,04193,1.755403786157947,0.0,6,6
885,04195,1.1361809077659188,0.0,6,6
887,04208,0.7280205708541682,0.0,7,7
887,04209,0.9528025420473978,0.0,7,7
887,04210,1.6662652729461795,0.0,7,7
887,04211,1.8018230911654802,0.0,7,7
887,04212,1.7893291449107176,0.0,7,7
887,04213,1.1130174760890836,0.0,7,7
887,04214,1.0415833121773643,0.0,7,7
910,04322,1.858378355047733,0.0,14,14
910,04323,1.6680336913303773,0.0,14,14
910,04324,1.9803101850578244,0.0,14,14
910,04325,1.8103053401575417,0.0,14,14
910,04326,1.7972500141380505,0.0,14,14
910,04327,1.2072658100028604,0.0,14,14
910,04328,2.2235949442860115,0.0,14,14
910,04329,1.8895319471442389,0.0,14,14
910,04330,1.6904589930932405,0.0,14,14
910,04331,2.2612634183828892,0.0,14,14
910,04332,1.6670687146543184,0.0,14,14
910,04334,1.3587562098297827,0.0,14,14
910,04335,1.0443146802335566,0.0,14,14
910,04336,1.2020960573658475,0.0,14,14
912,04338,0.9311221002404788,0.0,11,11
912,04339,0.9075456057193094,0.0,11,11
912,04340,1.6816439827916314,0.0,11,11
912,04341,1.73834810988361,0.0,11,11
912,04342,1.4762962454587298,0.0,11,11
912,04343,1.6347913835066112,0.0,11,11
912,04344,1.6633392271230194,0.0,11,11
912,04345,1.7432101863302765,0.0,11,11
912,04346,1.559117115118043,0.0,11,11
912,04347,1.9450521034024957,0.0,11,11
912,04348,1.8928070086417408,0.0,11,11
918,04393,1.094166811928541,0.0,13,13
918,04394,1.1643036273183596,0.0,13,13
918,04395,1.1098540641157268,0.0,13,13
918,04396,1.3266334699655558,0.0,13,13
918,04398,1.3294014160651737,0.0,13,13
918,04400,0.8973344486856467,0.0,13,13
918,04401,0.8214254725105492,0.0,13,13
918,04402,1.134927775025858,0.0,13,13
918,04403,0.9558984236351491,0.0,13,13
918,04404,1.1502957977984354,0.0,13,13
918,04407,0.8817869416481784,0.0,13,13
918,04408,0.7149223144420003,0.0,13,13
918,04409,0.8559585938896406,0.0,13,13
94,00300,1.9118674720517004,0.0,3,3
94,00301,2.127954032273384,0.0,3,3
94,00302,1.801861224723377,0.0,3,3
96,00307,0.7936546982250838,0.0,8,8
96,00308,0.6811028572438667,0.0,8,8
96,00309,1.2019691615363854,0.0,8,8
96,00310,1.0878118673282686,0.0,8,8
96,00312,0.862064291559241,0.0,8,8
96,00313,1.4032605207425,0.0,8,8
96,00314,1.0333339621492563,0.0,8,8
96,00315,1.1972318673836801,0.0,8,8
99,00329,1.214977710175043,0.0,4,4
99,00330,1.4791477887513145,0.0,4,4
99,00331,1.5100606037044937,0.0,4,4
99,00332,1.5364200113775852,0.0,4,4
9,00048,0.9827433660174792,0.0,7,7
9,00049,0.9136379698916712,0.0,7,7
9,00050,0.9879987345145738,0.0,7,7
9,00051,0.8198158975480612,0.0,7,7
9,00052,0.9075307842698993,0.0,7,7
9,00053,1.145715597621093,0.0,7,7
9,00054,1.661366420342083,0.0,7,7
