composition_id,group,perf_a,perf_b,max_pair_residual_error,valid_pairs
1067,"1067::C:\Users\정세린\Desktop\capstone_classicfy\ATEPP_dataset\ATEPP-1.2\Franz_Joseph_Haydn\Piano_Sonata_in_C_Major,_Hob.XVI_48\48__1._Andante_con_espressione\musicxml_cleaned.musicxml.midi",04932,04933,4.440892098500626e-16,3230
1067,"1067::C:\Users\정세린\Desktop\capstone_classicfy\ATEPP_dataset\ATEPP-1.2\Franz_Joseph_Haydn\Piano_Sonata_in_C_Major,_Hob.XVI_48\48__1._Andante_con_espressione\musicxml_cleaned.musicxml.midi",04932,04934,4.440892098500626e-16,3226
1067,"1067::C:\Users\정세린\Desktop\capstone_classicfy\ATEPP_dataset\ATEPP-1.2\Franz_Joseph_Haydn\Piano_Sonata_in_C_Major,_Hob.XVI_48\48__1._Andante_con_espressione\musicxml_cleaned.musicxml.midi",04932,04935,4.440892098500626e-16,3230
1067,"1067::C:\Users\정세린\Desktop\capstone_classicfy\ATEPP_dataset\ATEPP-1.2\Franz_Joseph_Haydn\Piano_Sonata_in_C_Major,_Hob.XVI_48\48__1._Andante_con_espressione\musicxml_cleaned.musicxml.midi",04932,04936,4.440892098500626e-16,3230
1068,"1068::C:\Users\정세린\Desktop\capstone_classicfy\ATEPP_dataset\ATEPP-1.2\Franz_Joseph_Haydn\Piano_Sonata_in_C_Major,_Hob.XVI_48\48__2._Rondo_(Presto)\musicxml_cleaned.musicxml.midi",04937,04940,2.220446049250313e-16,4075
1068,"1068::C:\Users\정세린\Desktop\capstone_classicfy\ATEPP_dataset\ATEPP-1.2\Franz_Joseph_Haydn\Piano_Sonata_in_C_Major,_Hob.XVI_48\48__2._Rondo_(Presto)\musicxml_cleaned.musicxml.midi",04937,04941,4.440892098500626e-16,4075
1068,"1068::C:\Users\정세린\Desktop\capstone_classicfy\ATEPP_dataset\ATEPP-1.2\Franz_Joseph_Haydn\Piano_Sonata_in_C_Major,_Hob.XVI_48\48__2._Rondo_(Presto)\musicxml_cleaned.musicxml.midi",04937,04942,2.220446049250313e-16,4075
1068,"1068::C:\Users\정세린\Desktop\capstone_classicfy\ATEPP_dataset\ATEPP-1.2\Franz_Joseph_Haydn\Piano_Sonata_in_C_Major,_Hob.XVI_48\48__2._Rondo_(Presto)\musicxml_cleaned.musicxml.midi",04937,04943,2.220446049250313e-16,4075
1068,"1068::C:\Users\정세린\Desktop\capstone_classicfy\ATEPP_dataset\ATEPP-1.2\Franz_Joseph_Haydn\Piano_Sonata_in_C_Major,_Hob.XVI_48\48__2._Rondo_(Presto)\musicxml_cleaned.musicxml.midi",04937,04944,8.881784197001252e-16,4075
1072,"1072::C:\Users\정세린\Desktop\capstone_classicfy\ATEPP_dataset\ATEPP-1.2\Franz_Joseph_Haydn\Piano_Sonata_in_C_Major,_Hob.XVI_50\I._Allegro\musicxml_cleaned.musicxml.midi",04950,04951,8.881784197001252e-16,5652
1072,"1072::C:\Users\정세린\Desktop\capstone_classicfy\ATEPP_dataset\ATEPP-1.2\Franz_Joseph_Haydn\Piano_Sonata_in_C_Major,_Hob.XVI_50\I._Allegro\musicxml_cleaned.musicxml.midi",04950,04952,4.440892098500626e-16,5650
1076,"1076::C:\Users\정세린\Desktop\capstone_classicfy\ATEPP_dataset\ATEPP-1.2\Franz_Joseph_Haydn\Piano_Sonata_in_B_Minor,_Hob.XVI_32\32__1._Allegro_moderato\musicxml_cleaned.musicxml.midi",04967,04969,8.881784197001252e-16,2722
1082,"1082::C:\Users\정세린\Desktop\capstone_classicfy\ATEPP_dataset\ATEPP-1.2\Johannes_Brahms\6_Piano_Pieces,_Op._118\No._6,_Intermezzo_in_E-Flat_Minor\Brahms_Intermezzo_in_E-flat_minor.mxl.midi",04993,04994,1.1102230246251565e-16,889
1082,"1082::C:\Users\정세린\Desktop\capstone_classicfy\ATEPP_dataset\ATEPP-1.2\Johannes_Brahms\6_Piano_Pieces,_Op._118\No._6,_Intermezzo_in_E-Flat_Minor\Brahms_Intermezzo_in_E-flat_minor.mxl.midi",04993,04995,1.1102230246251565e-16,889
1113,"1113::C:\Users\정세린\Desktop\capstone_classicfy\ATEPP_dataset\ATEPP-1.2\Wolfgang_Amadeus_Mozart\Piano_Sonata_No.18_in_D,_K.576\3._Allegretto\Sonata_No._18_The_Hunt_3rd_Movement_K._576.mxl.midi",05166,05168,4.440892098500626e-16,2626
1113,"1113::C:\Users\정세린\Desktop\capstone_classicfy\ATEPP_dataset\ATEPP-1.2\Wolfgang_Amadeus_Mozart\Piano_Sonata_No.18_in_D,_K.576\3._Allegretto\Sonata_No._18_The_Hunt_3rd_Movement_K._576.mxl.midi",05166,05169,4.440892098500626e-16,2626
1113,"1113::C:\Users\정세린\Desktop\capstone_classicfy\ATEPP_dataset\ATEPP-1.2\Wolfgang_Amadeus_Mozart\Piano_Sonata_No.18_in_D,_K.576\3._Allegretto\Sonata_No._18_The_Hunt_3rd_Movement_K._576.mxl.midi",05166,05171,1.1102230246251565e-16,2626
1113,"1113::C:\Users\정세린\Desktop\capstone_classicfy\ATEPP_dataset\ATEPP-1.2\Wolfgang_Amadeus_Mozart\Piano_Sonata_No.18_in_D,_K.576\3._Allegretto\Sonata_No._18_The_Hunt_3rd_Movement_K._576.mxl.midi",05166,05175,4.440892098500626e-16,2626
1113,"1113::C:\Users\정세린\Desktop\capstone_classicfy\ATEPP_dataset\ATEPP-1.2\Wolfgang_Amadeus_Mozart\Piano_Sonata_No.18_in_D,_K.576\3._Allegretto\Sonata_No._18_The_Hunt_3rd_Movement_K._576.mxl.midi",05166,05180,2.220446049250313e-16,2626
1113,"1113::C:\Users\정세린\Desktop\capstone_classicfy\ATEPP_dataset\ATEPP-1.2\Wolfgang_Amadeus_Mozart\Piano_Sonata_No.18_in_D,_K.576\3._Allegretto\Sonata_No._18_The_Hunt_3rd_Movement_K._576.mxl.midi",05166,05182,1.1102230246251565e-16,2626
1113,"1113::C:\Users\정세린\Desktop\capstone_classicfy\ATEPP_dataset\ATEPP-1.2\Wolfgang_Amadeus_Mozart\Piano_Sonata_No.18_in_D,_K.576\3._Allegretto\Sonata_No._18_The_Hunt_3rd_Movement_K._576.mxl.midi",05166,05183,2.220446049250313e-16,2626
1113,"1113::C:\Users\정세린\Desktop\capstone_classicfy\ATEPP_dataset\ATEPP-1.2\Wolfgang_Amadeus_Mozart\Piano_Sonata_No.18_in_D,_K.576\3._Allegretto\Sonata_No._18_The_Hunt_3rd_Movement_K._576.mxl.midi",05166,05184,4.440892098500626e-16,2626
1113,"1113::C:\Users\정세린\Desktop\capstone_classicfy\ATEPP_dataset\ATEPP-1.2\Wolfgang_Amadeus_Mozart\Piano_Sonata_No.18_in_D,_K.576\3._Allegretto\Sonata_No._18_The_Hunt_3rd_Movement_K._576.mxl.midi",05166,05185,2.220446049250313e-16,2626
1113,"1113::C:\Users\정세린\Desktop\capstone_classicfy\ATEPP_dataset\ATEPP-1.2\Wolfgang_Amadeus_Mozart\Piano_Sonata_No.18_in_D,_K.576\3._Allegretto\Sonata_No._18_The_Hunt_3rd_Movement_K._576.mxl.midi",05166,05186,2.220446049250313e-16,2626
1113,"1113::C:\Users\정세린\Desktop\capstone_classicfy\ATEPP_dataset\ATEPP-1.2\Wolfgang_Amadeus_Mozart\Piano_Sonata_No.18_in_D,_K.576\3._Allegretto\Sonata_No._18_The_Hunt_3rd_Movement_K._576.mxl.midi",05166,05188,4.440892098500626e-16,2626
1113,"1113::C:\Users\정세린\Desktop\capstone_classicfy\ATEPP_dataset\ATEPP-1.2\Wolfgang_Amadeus_Mozart\Piano_Sonata_No.18_in_D,_K.576\3._Allegretto\Sonata_No._18_The_Hunt_3rd_Movement_K._576.mxl.midi",05166,05189,2.220446049250313e-16,2626
1113,"1113::C:\Users\정세린\Desktop\capstone_classicfy\ATEPP_dataset\ATEPP-1.2\Wolfgang_Amadeus_Mozart\Piano_Sonata_No.18_in_D,_K.576\3._Allegretto\Sonata_No._18_The_Hunt_3rd_Movement_K._576.mxl.midi",05166,05191,1.3877787807814457e-16,2626
1113,"1113::C:\Users\정세린\Desktop\capstone_classicfy\ATEPP_dataset\ATEPP-1.2\Wolfgang_Amadeus_Mozart\Piano_Sonata_No.18_in_D,_K.576\3._Allegretto\Sonata_No._18_The_Hunt_3rd_Movement_K._576.mxl.midi",05166,05193,2.220446049250313e-16,2626
1115,"1115::C:\Users\정세린\Desktop\capstone_classicfy\ATEPP_dataset\ATEPP-1.2\Wolfgang_Amadeus_Mozart\Piano_Sonata_No.18_in_D,_K.576\1._Allegro\Sonata_No._18_Mvt_1_Mozart.mxl.midi",05165,05167,4.440892098500626e-16,4524
1115,"1115::C:\Users\정세린\Desktop\capstone_classicfy\ATEPP_dataset\ATEPP-1.2\Wolfgang_Amadeus_Mozart\Piano_Sonata_No.18_in_D,_K.576\1._Allegro\Sonata_No._18_Mvt_1_Mozart.mxl.midi",05165,05170,4.440892098500626e-16,4525
1115,"1115::C:\Users\정세린\Desktop\capstone_classicfy\ATEPP_dataset\ATEPP-1.2\Wolfgang_Amadeus_Mozart\Piano_Sonata_No.18_in_D,_K.576\1._Allegro\Sonata_No._18_Mvt_1_Mozart.mxl.midi",05165,05179,4.440892098500626e-16,4527
1115,"1115::C:\Users\정세린\Desktop\capstone_classicfy\ATEPP_dataset\ATEPP-1.2\Wolfgang_Amadeus_Mozart\Piano_Sonata_No.18_in_D,_K.576\1._Allegro\Sonata_No._18_Mvt_1_Mozart.mxl.midi",05165,05181,4.440892098500626e-16,4525
1115,"1115::C:\Users\정세린\Desktop\capstone_classicfy\ATEPP_dataset\ATEPP-1.2\Wolfgang_Amadeus_Mozart\Piano_Sonata_No.18_in_D,_K.576\1._Allegro\Sonata_No._18_Mvt_1_Mozart.mxl.midi",05165,05187,4.440892098500626e-16,4522
1115,"1115::C:\Users\정세린\Desktop\capstone_classicfy\ATEPP_dataset\ATEPP-1.2\Wolfgang_Amadeus_Mozart\Piano_Sonata_No.18_in_D,_K.576\1._Allegro\Sonata_No._18_Mvt_1_Mozart.mxl.midi",05165,05190,4.440892098500626e-16,4525
1115,"1115::C:\Users\정세린\Desktop\capstone_classicfy\ATEPP_dataset\ATEPP-1.2\Wolfgang_Amadeus_Mozart\Piano_Sonata_No.18_in_D,_K.576\1._Allegro\Sonata_No._18_Mvt_1_Mozart.mxl.midi",05165,05192,4.440892098500626e-16,4525
1115,"1115::C:\Users\정세린\Desktop\capstone_classicfy\ATEPP_dataset\ATEPP-1.2\Wolfgang_Amadeus_Mozart\Piano_Sonata_No.18_in_D,_K.576\1._Allegro\Sonata_No._18_Mvt_1_Mozart.mxl.midi",05165,05221,2.220446049250313e-16,4525
1115,"1115::C:\Users\정세린\Desktop\capstone_classicfy\ATEPP_dataset\ATEPP-1.2\Wolfgang_Amadeus_Mozart\Piano_Sonata_No.18_in_D,_K.576\1._Allegro\Sonata_No._18_Mvt_1_Mozart.mxl.midi",05165,05225,4.440892098500626e-16,4521
1115,"1115::C:\Users\정세린\Desktop\capstone_classicfy\ATEPP_dataset\ATEPP-1.2\Wolfgang_Amadeus_Mozart\Piano_Sonata_No.18_in_D,_K.576\1._Allegro\Sonata_No._18_Mvt_1_Mozart.mxl.midi",05165,05226,4.440892098500626e-16,4527
1115,"1115::C:\Users\정세린\Desktop\capstone_classicfy\ATEPP_dataset\ATEPP-1.2\Wolfgang_Amadeus_Mozart\Piano_Sonata_No.18_in_D,_K.576\1._Allegro\Sonata_No._18_Mvt_1_Mozart.mxl.midi",05165,05229,4.440892098500626e-16,4527
1115,"1115::C:\Users\정세린\Desktop\capstone_classicfy\ATEPP_dataset\ATEPP-1.2\Wolfgang_Amadeus_Mozart\Piano_Sonata_No.18_in_D,_K.576\1._Allegro\Sonata_No._18_Mvt_1_Mozart.mxl.midi",05165,05230,4.440892098500626e-16,4525
1115,"1115::C:\Users\정세린\Desktop\capstone_classicfy\ATEPP_dataset\ATEPP-1.2\Wolfgang_Amadeus_Mozart\Piano_Sonata_No.18_in_D,_K.576\1._Allegro\Sonata_No._18_Mvt_1_Mozart.mxl.midi",05165,05231,2.220446049250313e-16,4527
1115,"1115::C:\Users\정세린\Desktop\capstone_classicfy\ATEPP_dataset\ATEPP-1.2\Wolfgang_Amadeus_Mozart\Piano_Sonata_No.18_in_D,_K.576\1._Allegro\Sonata_No._18_Mvt_1_Mozart.mxl.midi",05165,05232,4.440892098500626e-16,4525
1116,"1116::C:\Users\정세린\Desktop\capstone_classicfy\ATEPP_dataset\ATEPP-1.2\Wolfgang_Amadeus_Mozart\Piano_Sonata_No.12_in_F,_K.332\3._Allegro_assai\musicxml_cleaned.musicxml.midi",05233,05234,2.220446049250313e-16,5114
1116,"1116::C:\Users\정세린\Desktop\capstone_classicfy\ATEPP_dataset\ATEPP-1.2\Wolfgang_Amadeus_Mozart\Piano_Sonata_No.12_in_F,_K.332\3._Allegro_assai\musicxml_cleaned.musicxml.midi",05233,05235,4.440892098500626e-16,5112
1116,"1116::C:\Users\정세린\Desktop\capstone_classicfy\ATEPP_dataset\ATEPP-1.2\Wolfgang_Amadeus_Mozart\Piano_Sonata_No.12_in_F,_K.332\3._Allegro_assai\musicxml_cleaned.musicxml.midi",05233,05236,2.220446049250313e-16,5110
1116,"1116::C:\Users\정세린\Desktop\capstone_classicfy\ATEPP_dataset\ATEPP-1.2\Wolfgang_Amadeus_Mozart\Piano_Sonata_No.12_in_F,_K.332\3._Allegro_assai\musicxml_cleaned.musicxml.midi",05233,05237,4.440892098500626e-16,5109
1116,"1116::C:\Users\정세린\Desktop\capstone_classicfy\ATEPP_dataset\ATEPP-1.2\Wolfgang_Amadeus_Mozart\Piano_Sonata_No.12_in_F,_K.332\3._Allegro_assai\musicxml_cleaned.musicxml.midi",05233,05240,2.220446049250313e-16,5109
1116,"1116::C:\Users\정세린\Desktop\capstone_classicfy\ATEPP_dataset\ATEPP-1.2\Wolfgang_Amadeus_Mozart\Piano_Sonata_No.12_in_F,_K.332\3._Allegro_assai\musicxml_cleaned.musicxml.midi",05233,05241,4.440892098500626e-16,5112
1116,"1116::C:\Users\정세린\Desktop\capstone_classicfy\ATEPP_dataset\ATEPP-1.2\Wolfgang_Amadeus_Mozart\Piano_Sonata_No.12_in_F,_K.332\3._Allegro_assai\musicxml_cleaned.musicxml.midi",05233,05274,4.440892098500626e-16,5108
1116,"1116::C:\Users\정세린\Desktop\capstone_classicfy\ATEPP_dataset\ATEPP-1.2\Wolfgang_Amadeus_Mozart\Piano_Sonata_No.12_in_F,_K.332\3._Allegro_assai\musicxml_cleaned.musicxml.midi",05233,05276,4.440892098500626e-16,5111
1117,"1117::C:\Users\정세린\Desktop\capstone_classicfy\ATEPP_dataset\ATEPP-1.2\Wolfgang_Amadeus_Mozart\Piano_Sonata_No.12_in_F,_K.332\2._Adagio\musicxml_cleaned.musicxml.midi",05243,05244,2.220446049250313e-16,1106
1117,"1117::C:\Users\정세린\Desktop\capstone_classicfy\ATEPP_dataset\ATEPP-1.2\Wolfgang_Amadeus_Mozart\Piano_Sonata_No.12_in_F,_K.332\2._Adagio\musicxml_cleaned.musicxml.midi",05243,05248,2.220446049250313e-16,1106
1117,"1117::C:\Users\정세린\Desktop\capstone_classicfy\ATEPP_dataset\ATEPP-1.2\Wolfgang_Amadeus_Mozart\Piano_Sonata_No.12_in_F,_K.332\2._Adagio\musicxml_cleaned.musicxml.midi",05243,05249,8.881784197001252e-16,1106
1117,"1117::C:\Users\정세린\Desktop\capstone_classicfy\ATEPP_dataset\ATEPP-1.2\Wolfgang_Amadeus_Mozart\Piano_Sonata_No.12_in_F,_K.332\2._Adagio\musicxml_cleaned.musicxml.midi",05243,05250,4.440892098500626e-16,1106
1117,"1117::C:\Users\정세린\Desktop\capstone_classicfy\ATEPP_dataset\ATEPP-1.2\Wolfgang_Amadeus_Mozart\Piano_Sonata_No.12_in_F,_K.332\2._Adagio\musicxml_cleaned.musicxml.midi",05243,05251,4.440892098500626e-16,1106
1117,"1117::C:\Users\정세린\Desktop\capstone_classicfy\ATEPP_dataset\ATEPP-1.2\Wolfgang_Amadeus_Mozart\Piano_Sonata_No.12_in_F,_K.332\2._Adagio\musicxml_cleaned.musicxml.midi",05243,05252,4.440892098500626e-16,1106
1117,"1117::C:\Users\정세린\Desktop\capstone_classicfy\ATEPP_dataset\ATEPP-1.2\Wolfgang_Amadeus_Mozart\Piano_Sonata_No.12_in_F,_K.332\2._Adagio\musicxml_cleaned.musicxml.midi",05243,05253,8.881784197001252e-16,1106
1117,"1117::C:\Users\정세린\Desktop\capstone_classicfy\ATEPP_dataset\ATEPP-1.2\Wolfgang_Amadeus_Mozart\Piano_Sonata_No.12_in_F,_K.332\2._Adagio\musicxml_cleaned.musicxml.midi",05243,05254,2.220446049250313e-16,1106
1117,"1117::C:\Users\정세린\Desktop\capstone_classicfy\ATEPP_dataset\ATEPP-1.2\Wolfgang_Amadeus_Mozart\Piano_Sonata_No.12_in_F,_K.332\2._Adagio\musicxml_cleaned.musicxml.midi",05243,05256,4.440892098500626e-16,1106
1117,"1117::C:\Users\정세린\Desktop\capstone_classicfy\ATEPP_dataset\ATEPP-1.2\Wolfgang_Amadeus_Mozart\Piano_Sonata_No.12_in_F,_K.332\2._Adagio\musicxml_cleaned.musicxml.midi",05243,05257,8.881784197001252e-16,1106
1117,"1117::C:\Users\정세린\Desktop\capstone_classicfy\ATEPP_dataset\ATEPP-1.2\Wolfgang_Amadeus_Mozart\Piano_Sonata_No.12_in_F,_K.332\2._Adagio\musicxml_cleaned.musicxml.midi",05243,05261,4.440892098500626e-16,1106
1117,"1117::C:\Users\정세린\Desktop\capstone_classicfy\ATEPP_dataset\ATEPP-1.2\Wolfgang_Amadeus_Mozart\Piano_Sonata_No.12_in_F,_K.332\2._Adagio\musicxml_cleaned.musicxml.midi",05243,05262,8.881784197001252e-16,1106
1117,"1117::C:\Users\정세린\Desktop\capstone_classicfy\ATEPP_dataset\ATEPP-1.2\Wolfgang_Amadeus_Mozart\Piano_Sonata_No.12_in_F,_K.332\2._Adagio\musicxml_cleaned.musicxml.midi",05243,05263,4.440892098500626e-16,1106
1118,"1118::C:\Users\정세린\Desktop\capstone_classicfy\ATEPP_dataset\ATEPP-1.2\Wolfgang_Amadeus_Mozart\Piano_Sonata_No.12_in_F,_K.332\1._Allegro\musicxml_cleaned.musicxml.midi",05266,05267,8.881784197001252e-16,4783
1118,"1118::C:\Users\정세린\Desktop\capstone_classicfy\ATEPP_dataset\ATEPP-1.2\Wolfgang_Amadeus_Mozart\Piano_Sonata_No.12_in_F,_K.332\1._Allegro\musicxml_cleaned.musicxml.midi",05266,05268,4.440892098500626e-16,4782
1118,"1118::C:\Users\정세린\Desktop\capstone_classicfy\ATEPP_dataset\ATEPP-1.2\Wolfgang_Amadeus_Mozart\Piano_Sonata_No.12_in_F,_K.332\1._Allegro\musicxml_cleaned.musicxml.midi",05266,05269,8.881784197001252e-16,4782
1118,"1118::C:\Users\정세린\Desktop\capstone_classicfy\ATEPP_dataset\ATEPP-1.2\Wolfgang_Amadeus_Mozart\Piano_Sonata_No.12_in_F,_K.332\1._Allegro\musicxml_cleaned.musicxml.midi",05266,05270,4.440892098500626e-16,4778
1118,"1118::C:\Users\정세린\Desktop\capstone_classicfy\ATEPP_dataset\ATEPP-1.2\Wolfgang_Amadeus_Mozart\Piano_Sonata_No.12_in_F,_K.332\1._Allegro\musicxml_cleaned.musicxml.midi",05266,05271,8.881784197001252e-16,4774
1118,"1118::C:\Users\정세린\Desktop\capstone_classicfy\ATEPP_dataset\ATEPP-1.2\Wolfgang_Amadeus_Mozart\Piano_Sonata_No.12_in_F,_K.332\1._Allegro\musicxml_cleaned.musicxml.midi",05266,05273,4.440892098500626e-16,4781
1118,"1118::C:\Users\정세린\Desktop\capstone_classicfy\ATEPP_dataset\ATEPP-1.2\Wolfgang_Amadeus_Mozart\Piano_Sonata_No.12_in_F,_K.332\1._Allegro\musicxml_cleaned.musicxml.midi",05266,05275,8.881784197001252e-16,4781
1118,"1118::C:\Users\정세린\Desktop\capstone_classicfy\ATEPP_dataset\ATEPP-1.2\Wolfgang_Amadeus_Mozart\Piano_Sonata_No.12_in_F,_K.332\1._Allegro\musicxml_cleaned.musicxml.midi",05266,05277,4.440892098500626e-16,4779
1118,"1118::C:\Users\정세린\Desktop\capstone_classicfy\ATEPP_dataset\ATEPP-1.2\Wolfgang_Amadeus_Mozart\Piano_Sonata_No.12_in_F,_K.332\1._Allegro\musicxml_cleaned.musicxml.midi",05266,05278,4.440892098500626e-16,4777
1122,"1122::C:\Users\정세린\Desktop\capstone_classicfy\ATEPP_dataset\ATEPP-1.2\Wolfgang_Amadeus_Mozart\Piano_Sonata_No.13_in_B_flat,_K.333\3._Allegretto_grazioso\Sonata_No._13_3rd_Movement_K._333.mxl.midi",05294,05295,8.881784197001252e-16,6444
1122,"1122::C:\Users\정세린\Desktop\capstone_classicfy\ATEPP_dataset\ATEPP-1.2\Wolfgang_Amadeus_Mozart\Piano_Sonata_No.13_in_B_flat,_K.333\3._Allegretto_grazioso\Sonata_No._13_3rd_Movement_K._333.mxl.midi",05294,05296,8.881784197001252e-16,6442
1122,"1122::C:\Users\정세린\Desktop\capstone_classicfy\ATEPP_dataset\ATEPP-1.2\Wolfgang_Amadeus_Mozart\Piano_Sonata_No.13_in_B_flat,_K.333\3._Allegretto_grazioso\Sonata_No._13_3rd_Movement_K._333.mxl.midi",05294,05297,4.440892098500626e-16,6444
1122,"1122::C:\Users\정세린\Desktop\capstone_classicfy\ATEPP_dataset\ATEPP-1.2\Wolfgang_Amadeus_Mozart\Piano_Sonata_No.13_in_B_flat,_K.333\3._Allegretto_grazioso\Sonata_No._13_3rd_Movement_K._333.mxl.midi",05294,05298,8.881784197001252e-16,6444
1122,"1122::C:\Users\정세린\Desktop\capstone_classicfy\ATEPP_dataset\ATEPP-1.2\Wolfgang_Amadeus_Mozart\Piano_Sonata_No.13_in_B_flat,_K.333\3._Allegretto_grazioso\Sonata_No._13_3rd_Movement_K._333.mxl.midi",05294,05299,8.881784197001252e-16,6444
1122,"1122::C:\Users\정세린\Desktop\capstone_classicfy\ATEPP_dataset\ATEPP-1.2\Wolfgang_Amadeus_Mozart\Piano_Sonata_No.13_in_B_flat,_K.333\3._Allegretto_grazioso\Sonata_No._13_3rd_Movement_K._333.mxl.midi",05294,05300,8.881784197001252e-16,6443
1122,"1122::C:\Users\정세린\Desktop\capstone_classicfy\ATEPP_dataset\ATEPP-1.2\Wolfgang_Amadeus_Mozart\Piano_Sonata_No.13_in_B_flat,_K.333\3._Allegretto_grazioso\Sonata_No._13_3rd_Movement_K._333.mxl.midi",05294,05302,8.881784197001252e-16,6442
1125,"1125::C:\Users\정세린\Desktop\capstone_classicfy\ATEPP_dataset\ATEPP-1.2\Wolfgang_Amadeus_Mozart\Piano_Sonata_No._5_in_G_Major,_K._283\I._Allegro\Sonata_No._5_1st_Movement_K._283.mxl.midi",05315,05316,2.220446049250313e-16,5011
1125,"1125::C:\Users\정세린\Desktop\capstone_classicfy\ATEPP_dataset\ATEPP-1.2\Wolfgang_Amadeus_Mozart\Piano_Sonata_No._5_in_G_Major,_K._283\I._Allegro\Sonata_No._5_1st_Movement_K._283.mxl.midi",05315,05317,1.1102230246251565e-16,5011
1125,"1125::C:\Users\정세린\Desktop\capstone_classicfy\ATEPP_dataset\ATEPP-1.2\Wolfgang_Amadeus_Mozart\Piano_Sonata_No._5_in_G_Major,_K._283\I._Allegro\Sonata_No._5_1st_Movement_K._283.mxl.midi",05315,05322,4.440892098500626e-16,5009
1127,"1127::C:\Users\정세린\Desktop\capstone_classicfy\ATEPP_dataset\ATEPP-1.2\Wolfgang_Amadeus_Mozart\Piano_Sonata_No._5_in_G_Major,_K._283\II._Andante\Sonata_No._5_2nd_Movement_K._283.mxl.midi",05330,05334,2.220446049250313e-16,2171
1127,"1127::C:\Users\정세린\Desktop\capstone_classicfy\ATEPP_dataset\ATEPP-1.2\Wolfgang_Amadeus_Mozart\Piano_Sonata_No._5_in_G_Major,_K._283\II._Andante\Sonata_No._5_2nd_Movement_K._283.mxl.midi",05330,05336,4.440892098500626e-16,2169
1127,"1127::C:\Users\정세린\Desktop\capstone_classicfy\ATEPP_dataset\ATEPP-1.2\Wolfgang_Amadeus_Mozart\Piano_Sonata_No._5_in_G_Major,_K._283\II._Andante\Sonata_No._5_2nd_Movement_K._283.mxl.midi",05330,05339,2.220446049250313e-16,2171
1127,"1127::C:\Users\정세린\Desktop\capstone_classicfy\ATEPP_dataset\ATEPP-1.2\Wolfgang_Amadeus_Mozart\Piano_Sonata_No._5_in_G_Major,_K._283\II._Andante\Sonata_No._5_2nd_Movement_K._283.mxl.midi",05330,05341,4.440892098500626e-16,2169
1129,"1129::C:\Users\정세린\Desktop\capstone_classicfy\ATEPP_dataset\ATEPP-1.2\Wolfgang_Amadeus_Mozart\Piano_Sonata_No.9_in_D,_K.311\3._Rondeau_(Allegro)\Sonata_No._9_3rd_Movement_K._311.mxl.midi",05353,05354,4.440892098500626e-16,5744
1129,"1129::C:\Users\정세린\Desktop\capstone_classicfy\ATEPP_dataset\ATEPP-1.2\Wolfgang_Amadeus_Mozart\Piano_Sonata_No.9_in_D,_K.311\3._Rondeau_(Allegro)\Sonata_No._9_3rd_Movement_K._311.mxl.midi",05353,05355,4.440892098500626e-16,5746
1129,"1129::C:\Users\정세린\Desktop\capstone_classicfy\ATEPP_dataset\ATEPP-1.2\Wolfgang_Amadeus_Mozart\Piano_Sonata_No.9_in_D,_K.311\3._Rondeau_(Allegro)\Sonata_No._9_3rd_Movement_K._311.mxl.midi",05353,05356,4.440892098500626e-16,5746
1129,"1129::C:\Users\정세린\Desktop\capstone_classicfy\ATEPP_dataset\ATEPP-1.2\Wolfgang_Amadeus_Mozart\Piano_Sonata_No.9_in_D,_K.311\3._Rondeau_(Allegro)\Sonata_No._9_3rd_Movement_K._311.mxl.midi",05353,05357,8.881784197001252e-16,5744
1129,"1129::C:\Users\정세린\Desktop\capstone_classicfy\ATEPP_dataset\ATEPP-1.2\Wolfgang_Amadeus_Mozart\Piano_Sonata_No.9_in_D,_K.311\3._Rondeau_(Allegro)\Sonata_No._9_3rd_Movement_K._311.mxl.midi",05353,05358,8.881784197001252e-16,5744
1129,"1129::C:\Users\정세린\Desktop\capstone_classicfy\ATEPP_dataset\ATEPP-1.2\Wolfgang_Amadeus_Mozart\Piano_Sonata_No.9_in_D,_K.311\3._Rondeau_(Allegro)\Sonata_No._9_3rd_Movement_K._311.mxl.midi",05353,05359,8.881784197001252e-16,5748
1129,"1129::C:\Users\정세린\Desktop\capstone_classicfy\ATEPP_dataset\ATEPP-1.2\Wolfgang_Amadeus_Mozart\Piano_Sonata_No.9_in_D,_K.311\3._Rondeau_(Allegro)\Sonata_No._9_3rd_Movement_K._311.mxl.midi",05353,05360,4.440892098500626e-16,5746
1129,"1129::C:\Users\정세린\Desktop\capstone_classicfy\ATEPP_dataset\ATEPP-1.2\Wolfgang_Amadeus_Mozart\Piano_Sonata_No.9_in_D,_K.311\3._Rondeau_(Allegro)\Sonata_No._9_3rd_Movement_K._311.mxl.midi",05353,05361,8.881784197001252e-16,5746
1129,"1129::C:\Users\정세린\Desktop\capstone_classicfy\ATEPP_dataset\ATEPP-1.2\Wolfgang_Amadeus_Mozart\Piano_Sonata_No.9_in_D,_K.311\3._Rondeau_(Allegro)\Sonata_No._9_3rd_Movement_K._311.mxl.midi",05353,05362,8.881784197001252e-16,5748
1129,"1129::C:\Users\정세린\Desktop\capstone_classicfy\ATEPP_dataset\ATEPP-1.2\Wolfgang_Amadeus_Mozart\Piano_Sonata_No.9_in_D,_K.311\3._Rondeau_(Allegro)\Sonata_No._9_3rd_Movement_K._311.mxl.midi",05353,05363,4.440892098500626e-16,5748
1129,"1129::C:\Users\정세린\Desktop\capstone_classicfy\ATEPP_dataset\ATEPP-1.2\Wolfgang_Amadeus_Mozart\Piano_Sonata_No.9_in_D,_K.311\3._Rondeau_(Allegro)\Sonata_No._9_3rd_Movement_K._311.mxl.midi",05353,05364,4.440892098500626e-16,5743
1129,"1129::C:\Users\정세린\Desktop\capstone_classicfy\ATEPP_dataset\ATEPP-1.2\Wolfgang_Amadeus_Mozart\Piano_Sonata_No.9_in_D,_K.311\3._Rondeau_(Allegro)\Sonata_No._9_3rd_Movement_K._311.mxl.midi",05353,05365,8.881784197001252e-16,5747
1130,"1130::C:\Users\정세린\Desktop\capstone_classicfy\ATEPP_dataset\ATEPP-1.2\Wolfgang_Amadeus_Mozart\Piano_Sonata_No.9_in_D,_K.311\2._Andantino_con_espressione\Sonata_No._9_2nd_Movement_K._311.mxl.midi",05366,05367,4.440892098500626e-16,1442
1130,"1130::C:\Users\정세린\Desktop\capstone_classicfy\ATEPP_dataset\ATEPP-1.2\Wolfgang_Amadeus_Mozart\Piano_Sonata_No.9_in_D,_K.311\2._Andantino_con_espressione\Sonata_No._9_2nd_Movement_K._311.mxl.midi",05366,05370,2.220446049250313e-16,1442
1130,"1130::C:\Users\정세린\Desktop\capstone_classicfy\ATEPP_dataset\ATEPP-1.2\Wolfgang_Amadeus_Mozart\Piano_Sonata_No.9_in_D,_K.311\2._Andantino_con_espressione\Sonata_No._9_2nd_Movement_K._311.mxl.midi",05366,05371,4.440892098500626e-16,1442
1130,"1130::C:\Users\정세린\Desktop\capstone_classicfy\ATEPP_dataset\ATEPP-1.2\Wolfgang_Amadeus_Mozart\Piano_Sonata_No.9_in_D,_K.311\2._Andantino_con_espressione\Sonata_No._9_2nd_Movement_K._311.mxl.midi",05366,05372,2.220446049250313e-16,1442
1130,"1130::C:\Users\정세린\Desktop\capstone_classicfy\ATEPP_dataset\ATEPP-1.2\Wolfgang_Amadeus_Mozart\Piano_Sonata_No.9_in_D,_K.311\2._Andantino_con_espressione\Sonata_No._9_2nd_Movement_K._311.mxl.midi",05366,05374,8.881784197001252e-16,1420
1130,"1130::C:\Users\정세린\Desktop\capstone_classicfy\ATEPP_dataset\ATEPP-1.2\Wolfgang_Amadeus_Mozart\Piano_Sonata_No.9_in_D,_K.311\2._Andantino_con_espressione\Sonata_No._9_2nd_Movement_K._311.mxl.midi",05366,05375,4.440892098500626e-16,1442
1130,"1130::C:\Users\정세린\Desktop\capstone_classicfy\ATEPP_dataset\ATEPP-1.2\Wolfgang_Amadeus_Mozart\Piano_Sonata_No.9_in_D,_K.311\2._Andantino_con_espressione\Sonata_No._9_2nd_Movement_K._311.mxl.midi",05366,05376,4.440892098500626e-16,1442
1130,"1130::C:\Users\정세린\Desktop\capstone_classicfy\ATEPP_dataset\ATEPP-1.2\Wolfgang_Amadeus_Mozart\Piano_Sonata_No.9_in_D,_K.311\2._Andantino_con_espressione\Sonata_No._9_2nd_Movement_K._311.mxl.midi",05366,05377,2.220446049250313e-16,1442
1130,"1130::C:\Users\정세린\Desktop\capstone_classicfy\ATEPP_dataset\ATEPP-1.2\Wolfgang_Amadeus_Mozart\Piano_Sonata_No.9_in_D,_K.311\2._Andantino_con_espressione\Sonata_No._9_2nd_Movement_K._311.mxl.midi",05366,05381,4.440892098500626e-16,1442
1130,"1130::C:\Users\정세린\Desktop\capstone_classicfy\ATEPP_dataset\ATEPP-1.2\Wolfgang_Amadeus_Mozart\Piano_Sonata_No.9_in_D,_K.311\2._Andantino_con_espressione\Sonata_No._9_2nd_Movement_K._311.mxl.midi",05366,05382,4.440892098500626e-16,1442
1131,"1131::C:\Users\정세린\Desktop\capstone_classicfy\ATEPP_dataset\ATEPP-1.2\Wolfgang_Amadeus_Mozart\Piano_Sonata_No._14_in_C_Minor,_K._457\III._Allegro_assai\Sonata_No._14_3rd_Movement_K._457.mxl.midi",05385,05390,8.881784197001252e-16,6501
1131,"1131::C:\Users\정세린\Desktop\capstone_classicfy\ATEPP_dataset\ATEPP-1.2\Wolfgang_Amadeus_Mozart\Piano_Sonata_No._14_in_C_Minor,_K._457\III._Allegro_assai\Sonata_No._14_3rd_Movement_K._457.mxl.midi",05385,05391,8.881784197001252e-16,6460
1131,"1131::C:\Users\정세린\Desktop\capstone_classicfy\ATEPP_dataset\ATEPP-1.2\Wolfgang_Amadeus_Mozart\Piano_Sonata_No._14_in_C_Minor,_K._457\III._Allegro_assai\Sonata_No._14_3rd_Movement_K._457.mxl.midi",05385,05394,4.440892098500626e-16,6471
1131,"1131::C:\Users\정세린\Desktop\capstone_classicfy\ATEPP_dataset\ATEPP-1.2\Wolfgang_Amadeus_Mozart\Piano_Sonata_No._14_in_C_Minor,_K._457\III._Allegro_assai\Sonata_No._14_3rd_Movement_K._457.mxl.midi",05385,05395,8.881784197001252e-16,6473
1131,"1131::C:\Users\정세린\Desktop\capstone_classicfy\ATEPP_dataset\ATEPP-1.2\Wolfgang_Amadeus_Mozart\Piano_Sonata_No._14_in_C_Minor,_K._457\III._Allegro_assai\Sonata_No._14_3rd_Movement_K._457.mxl.midi",05385,05396,8.881784197001252e-16,6499
1131,"1131::C:\Users\정세린\Desktop\capstone_classicfy\ATEPP_dataset\ATEPP-1.2\Wolfgang_Amadeus_Mozart\Piano_Sonata_No._14_in_C_Minor,_K._457\III._Allegro_assai\Sonata_No._14_3rd_Movement_K._457.mxl.midi",05385,05397,8.881784197001252e-16,6468
1131,"1131::C:\Users\정세린\Desktop\capstone_classicfy\ATEPP_dataset\ATEPP-1.2\Wolfgang_Amadeus_Mozart\Piano_Sonata_No._14_in_C_Minor,_K._457\III._Allegro_assai\Sonata_No._14_3rd_Movement_K._457.mxl.midi",05385,05398,8.881784197001252e-16,6473
1131,"1131::C:\Users\정세린\Desktop\capstone_classicfy\ATEPP_dataset\ATEPP-1.2\Wolfgang_Amadeus_Mozart\Piano_Sonata_No._14_in_C_Minor,_K._457\III._Allegro_assai\Sonata_No._14_3rd_Movement_K._457.mxl.midi",05385,05399,8.881784197001252e-16,6480
1131,"1131::C:\Users\정세린\Desktop\capstone_classicfy\ATEPP_dataset\ATEPP-1.2\Wolfgang_Amadeus_Mozart\Piano_Sonata_No._14_in_C_Minor,_K._457\III._Allegro_assai\Sonata_No._14_3rd_Movement_K._457.mxl.midi",05385,05401,4.440892098500626e-16,6475
1131,"1131::C:\Users\정세린\Desktop\capstone_classicfy\ATEPP_dataset\ATEPP-1.2\Wolfgang_Amadeus_Mozart\Piano_Sonata_No._14_in_C_Minor,_K._457\III._Allegro_assai\Sonata_No._14_3rd_Movement_K._457.mxl.midi",05385,05402,4.440892098500626e-16,6470
1131,"1131::C:\Users\정세린\Desktop\capstone_classicfy\ATEPP_dataset\ATEPP-1.2\Wolfgang_Amadeus_Mozart\Piano_Sonata_No._14_in_C_Minor,_K._457\III._Allegro_assai\Sonata_No._14_3rd_Movement_K._457.mxl.midi",05385,05403,8.881784197001252e-16,6482
1132,"1132::C:\Users\정세린\Desktop\capstone_classicfy\ATEPP_dataset\ATEPP-1.2\Wolfgang_Amadeus_Mozart\Piano_Sonata_No._14_in_C_Minor,_K._457\I._Molto_allegro\Mozart_-_Piano_Sonata_in_C_minor_K_457_No._14_1st_movement.mxl.midi",05407,05410,4.440892098500626e-16,9760
1132,"1132::C:\Users\정세린\Desktop\capstone_classicfy\ATEPP_dataset\ATEPP-1.2\Wolfgang_Amadeus_Mozart\Piano_Sonata_No._14_in_C_Minor,_K._457\I._Molto_allegro\Mozart_-_Piano_Sonata_in_C_minor_K_457_No._14_1st_movement.mxl.midi",05407,05411,8.881784197001252e-16,9759
1132,"1132::C:\Users\정세린\Desktop\capstone_classicfy\ATEPP_dataset\ATEPP-1.2\Wolfgang_Amadeus_Mozart\Piano_Sonata_No._14_in_C_Minor,_K._457\I._Molto_allegro\Mozart_-_Piano_Sonata_in_C_minor_K_457_No._14_1st_movement.mxl.midi",05407,05412,4.440892098500626e-16,9763
1132,"1132::C:\Users\정세린\Desktop\capstone_classicfy\ATEPP_dataset\ATEPP-1.2\Wolfgang_Amadeus_Mozart\Piano_Sonata_No._14_in_C_Minor,_K._457\I._Molto_allegro\Mozart_-_Piano_Sonata_in_C_minor_K_457_No._14_1st_movement.mxl.midi",05407,05414,4.440892098500626e-16,9765
1132,"1132::C:\Users\정세린\Desktop\capstone_classicfy\ATEPP_dataset\ATEPP-1.2\Wolfgang_Amadeus_Mozart\Piano_Sonata_No._14_in_C_Minor,_K._457\I._Molto_allegro\Mozart_-_Piano_Sonata_in_C_minor_K_457_No._14_1st_movement.mxl.midi",05407,05415,4.440892098500626e-16,9762
1132,"1132::C:\Users\정세린\Desktop\capstone_classicfy\ATEPP_dataset\ATEPP-1.2\Wolfgang_Amadeus_Mozart\Piano_Sonata_No._14_in_C_Minor,_K._457\I._Molto_allegro\Mozart_-_Piano_Sonata_in_C_minor_K_457_No._14_1st_movement.mxl.midi",05407,05417,4.440892098500626e-16,9766
1132,"1132::C:\Users\정세린\Desktop\capstone_classicfy\ATEPP_dataset\ATEPP-1.2\Wolfgang_Amadeus_Mozart\Piano_Sonata_No._14_in_C_Minor,_K._457\I._Molto_allegro\Mozart_-_Piano_Sonata_in_C_minor_K_457_No._14_1st_movement.mxl.midi",05407,05418,8.881784197001252e-16,9753
1133,"1133::C:\Users\정세린\Desktop\capstone_classicfy\ATEPP_dataset\ATEPP-1.2\Wolfgang_Amadeus_Mozart\Piano_Sonata_No._14_in_C_Minor,_K._457\II._Adagio\Sonata_No._14_2nd_Movement_K._457.mxl.midi",05428,05429,2.220446049250313e-16,1595
1133,"1133::C:\Users\정세린\Desktop\capstone_classicfy\ATEPP_dataset\ATEPP-1.2\Wolfgang_Amadeus_Mozart\Piano_Sonata_No._14_in_C_Minor,_K._457\II._Adagio\Sonata_No._14_2nd_Movement_K._457.mxl.midi",05428,05430,2.220446049250313e-16,1595
1133,"1133::C:\Users\정세린\Desktop\capstone_classicfy\ATEPP_dataset\ATEPP-1.2\Wolfgang_Amadeus_Mozart\Piano_Sonata_No._14_in_C_Minor,_K._457\II._Adagio\Sonata_No._14_2nd_Movement_K._457.mxl.midi",05428,05433,2.220446049250313e-16,1595
1133,"1133::C:\Users\정세린\Desktop\capstone_classicfy\ATEPP_dataset\ATEPP-1.2\Wolfgang_Amadeus_Mozart\Piano_Sonata_No._14_in_C_Minor,_K._457\II._Adagio\Sonata_No._14_2nd_Movement_K._457.mxl.midi",05428,05435,2.220446049250313e-16,1595
1133,"1133::C:\Users\정세린\Desktop\capstone_classicfy\ATEPP_dataset\ATEPP-1.2\Wolfgang_Amadeus_Mozart\Piano_Sonata_No._14_in_C_Minor,_K._457\II._Adagio\Sonata_No._14_2nd_Movement_K._457.mxl.midi",05428,05436,2.220446049250313e-16,1595
1133,"1133::C:\Users\정세린\Desktop\capstone_classicfy\ATEPP_dataset\ATEPP-1.2\Wolfgang_Amadeus_Mozart\Piano_Sonata_No._14_in_C_Minor,_K._457\II._Adagio\Sonata_No._14_2nd_Movement_K._457.mxl.midi",05428,05437,2.220446049250313e-16,1595
1133,"1133::C:\Users\정세린\Desktop\capstone_classicfy\ATEPP_dataset\ATEPP-1.2\Wolfgang_Amadeus_Mozart\Piano_Sonata_No._14_in_C_Minor,_K._457\II._Adagio\Sonata_No._14_2nd_Movement_K._457.mxl.midi",05428,05438,2.220446049250313e-16,1595
1133,"1133::C:\Users\정세린\Desktop\capstone_classicfy\ATEPP_dataset\ATEPP-1.2\Wolfgang_Amadeus_Mozart\Piano_Sonata_No._14_in_C_Minor,_K._457\II._Adagio\Sonata_No._14_2nd_Movement_K._457.mxl.midi",05428,05439,4.440892098500626e-16,1595
1133,"1133::C:\Users\정세린\Desktop\capstone_classicfy\ATEPP_dataset\ATEPP-1.2\Wolfgang_Amadeus_Mozart\Piano_Sonata_No._14_in_C_Minor,_K._457\II._Adagio\Sonata_No._14_2nd_Movement_K._457.mxl.midi",05428,05440,2.220446049250313e-16,1595
1133,"1133::C:\Users\정세린\Desktop\capstone_classicfy\ATEPP_dataset\ATEPP-1.2\Wolfgang_Amadeus_Mozart\Piano_Sonata_No._14_in_C_Minor,_K._457\II._Adagio\Sonata_No._14_2nd_Movement_K._457.mxl.midi",05428,05441,1.1102230246251565e-16,1595
1133,"1133::C:\Users\정세린\Desktop\capstone_classicfy\ATEPP_dataset\ATEPP-1.2\Wolfgang_Amadeus_Mozart\Piano_Sonata_No._14_in_C_Minor,_K._457\II._Adagio\Sonata_No._14_2nd_Movement_K._457.mxl.midi",05428,05443,2.220446049250313e-16,1595
1133,"1133::C:\Users\정세린\Desktop\capstone_classicfy\ATEPP_dataset\ATEPP-1.2\Wolfgang_Amadeus_Mozart\Piano_Sonata_No._14_in_C_Minor,_K._457\II._Adagio\Sonata_No._14_2nd_Movement_K._457.mxl.midi",05428,05444,2.220446049250313e-16,1595
1133,"1133::C:\Users\정세린\Desktop\capstone_classicfy\ATEPP_dataset\ATEPP-1.2\Wolfgang_Amadeus_Mozart\Piano_Sonata_No._14_in_C_Minor,_K._457\II._Adagio\Sonata_No._14_2nd_Movement_K._457.mxl.midi",05428,05445,2.220446049250313e-16,1595
1133,"1133::C:\Users\정세린\Desktop\capstone_classicfy\ATEPP_dataset\ATEPP-1.2\Wolfgang_Amadeus_Mozart\Piano_Sonata_No._14_in_C_Minor,_K._457\II._Adagio\Sonata_No._14_2nd_Movement_K._457.mxl.midi",05428,05446,2.220446049250313e-16,1595
1133,"1133::C:\Users\정세린\Desktop\capstone_classicfy\ATEPP_dataset\ATEPP-1.2\Wolfgang_Amadeus_Mozart\Piano_Sonata_No._14_in_C_Minor,_K._457\II._Adagio\Sonata_No._14_2nd_Movement_K._457.mxl.midi",05428,05447,2.220446049250313e-16,1595
1137,"1137::C:\Users\정세린\Desktop\capstone_classicfy\ATEPP_dataset\ATEPP-1.2\Wolfgang_Amadeus_Mozart\Piano_Sonata_No._1_in_C,_K.279\3._Allegro\Sonata_No._1_3rd_Movement_K._279.mxl.midi",05502,05504,4.440892098500626e-16,4384
1137,"1137::C:\Users\정세린\Desktop\capstone_classicfy\ATEPP_dataset\ATEPP-1.2\Wolfgang_Amadeus_Mozart\Piano_Sonata_No._1_in_C,_K.279\3._Allegro\Sonata_No._1_3rd_Movement_K._279.mxl.midi",05502,05506,1.1102230246251565e-16,4384
1139,"1139::C:\Users\정세린\Desktop\capstone_classicfy\ATEPP_dataset\ATEPP-1.2\Wolfgang_Amadeus_Mozart\Piano_Sonata_No._1_in_C,_K.279\1._Allegro\Sonata_No._1_1st_Movement_K._279.mxl.midi",05501,05503,2.220446049250313e-16,5586
1139,"1139::C:\Users\정세린\Desktop\capstone_classicfy\ATEPP_dataset\ATEPP-1.2\Wolfgang_Amadeus_Mozart\Piano_Sonata_No._1_in_C,_K.279\1._Allegro\Sonata_No._1_1st_Movement_K._279.mxl.midi",05501,05505,5.551115123125783e-17,5586
1141,"1141::C:\Users\정세린\Desktop\capstone_classicfy\ATEPP_dataset\ATEPP-1.2\Wolfgang_Amadeus_Mozart\Piano_Sonata_No._17_in_B-Flat_Major,_K._570\II._Adagio\Sonata_No._17_2nd_Movement_K._570.mxl.midi",05524,05525,1.1102230246251565e-16,2445
1141,"1141::C:\Users\정세린\Desktop\capstone_classicfy\ATEPP_dataset\ATEPP-1.2\Wolfgang_Amadeus_Mozart\Piano_Sonata_No._17_in_B-Flat_Major,_K._570\II._Adagio\Sonata_No._17_2nd_Movement_K._570.mxl.midi",05524,05527,4.440892098500626e-16,2443
1142,"1142::C:\Users\정세린\Desktop\capstone_classicfy\ATEPP_dataset\ATEPP-1.2\Wolfgang_Amadeus_Mozart\Piano_Sonata_No._17_in_B-Flat_Major,_K._570\III._Allegretto\Sonata_No._17_3rd_Movement_K._570.mxl.midi",05531,05533,8.881784197001252e-16,2461
1142,"1142::C:\Users\정세린\Desktop\capstone_classicfy\ATEPP_dataset\ATEPP-1.2\Wolfgang_Amadeus_Mozart\Piano_Sonata_No._17_in_B-Flat_Major,_K._570\III._Allegretto\Sonata_No._17_3rd_Movement_K._570.mxl.midi",05531,05535,4.440892098500626e-16,2463
1142,"1142::C:\Users\정세린\Desktop\capstone_classicfy\ATEPP_dataset\ATEPP-1.2\Wolfgang_Amadeus_Mozart\Piano_Sonata_No._17_in_B-Flat_Major,_K._570\III._Allegretto\Sonata_No._17_3rd_Movement_K._570.mxl.midi",05531,05536,8.881784197001252e-16,2464
1142,"1142::C:\Users\정세린\Desktop\capstone_classicfy\ATEPP_dataset\ATEPP-1.2\Wolfgang_Amadeus_Mozart\Piano_Sonata_No._17_in_B-Flat_Major,_K._570\III._Allegretto\Sonata_No._17_3rd_Movement_K._570.mxl.midi",05531,05537,8.881784197001252e-16,2465
1142,"1142::C:\Users\정세린\Desktop\capstone_classicfy\ATEPP_dataset\ATEPP-1.2\Wolfgang_Amadeus_Mozart\Piano_Sonata_No._17_in_B-Flat_Major,_K._570\III._Allegretto\Sonata_No._17_3rd_Movement_K._570.mxl.midi",05531,05540,2.220446049250313e-16,2463
1143,"1143::C:\Users\정세린\Desktop\capstone_classicfy\ATEPP_dataset\ATEPP-1.2\Wolfgang_Amadeus_Mozart\Piano_Sonata_No.4_in_E_flat,_K.282\3._Allegro\Sonata_No._4_3rd_Movement_K._282.mxl.midi",05542,05543,1.7763568394002505e-15,1958
1143,"1143::C:\Users\정세린\Desktop\capstone_classicfy\ATEPP_dataset\ATEPP-1.2\Wolfgang_Amadeus_Mozart\Piano_Sonata_No.4_in_E_flat,_K.282\3._Allegro\Sonata_No._4_3rd_Movement_K._282.mxl.midi",05542,05544,1.7763568394002505e-15,1958
1143,"1143::C:\Users\정세린\Desktop\capstone_classicfy\ATEPP_dataset\ATEPP-1.2\Wolfgang_Amadeus_Mozart\Piano_Sonata_No.4_in_E_flat,_K.282\3._Allegro\Sonata_No._4_3rd_Movement_K._282.mxl.midi",05542,05545,8.881784197001252e-16,1958
1143,"1143::C:\Users\정세린\Desktop\capstone_classicfy\ATEPP_dataset\ATEPP-1.2\Wolfgang_Amadeus_Mozart\Piano_Sonata_No.4_in_E_flat,_K.282\3._Allegro\Sonata_No._4_3rd_Movement_K._282.mxl.midi",05542,05546,8.881784197001252e-16,1948
1143,"1143::C:\Users\정세린\Desktop\capstone_classicfy\ATEPP_dataset\ATEPP-1.2\Wolfgang_Amadeus_Mozart\Piano_Sonata_No.4_in_E_flat,_K.282\3._Allegro\Sonata_No._4_3rd_Movement_K._282.mxl.midi",05542,05547,8.881784197001252e-16,1950
1143,"1143::C:\Users\정세린\Desktop\capstone_classicfy\ATEPP_dataset\ATEPP-1.2\Wolfgang_Amadeus_Mozart\Piano_Sonata_No.4_in_E_flat,_K.282\3._Allegro\Sonata_No._4_3rd_Movement_K._282.mxl.midi",05542,05548,8.881784197001252e-16,1958
1144,"1144::C:\Users\정세린\Desktop\capstone_classicfy\ATEPP_dataset\ATEPP-1.2\Wolfgang_Amadeus_Mozart\Piano_Sonata_No.4_in_E_flat,_K.282\1._Adagio\Sonata_No._4_1st_Movement_K._282.mxl.midi",05551,05553,4.440892098500626e-16,1925
1145,"1145::C:\Users\정세린\Desktop\capstone_classicfy\ATEPP_dataset\ATEPP-1.2\Wolfgang_Amadeus_Mozart\Piano_Sonata_No.4_in_E_flat,_K.282\2._Menuetto_I-II\Sonata_No._4_2nd_Movement_K._282.mxl.midi",05559,05560,4.440892098500626e-16,2989
1145,"1145::C:\Users\정세린\Desktop\capstone_classicfy\ATEPP_dataset\ATEPP-1.2\Wolfgang_Amadeus_Mozart\Piano_Sonata_No.4_in_E_flat,_K.282\2._Menuetto_I-II\Sonata_No._4_2nd_Movement_K._282.mxl.midi",05559,05561,4.440892098500626e-16,2989
1145,"1145::C:\Users\정세린\Desktop\capstone_classicfy\ATEPP_dataset\ATEPP-1.2\Wolfgang_Amadeus_Mozart\Piano_Sonata_No.4_in_E_flat,_K.282\2._Menuetto_I-II\Sonata_No._4_2nd_Movement_K._282.mxl.midi",05559,05562,4.440892098500626e-16,2989
1145,"1145::C:\Users\정세린\Desktop\capstone_classicfy\ATEPP_dataset\ATEPP-1.2\Wolfgang_Amadeus_Mozart\Piano_Sonata_No.4_in_E_flat,_K.282\2._Menuetto_I-II\Sonata_No._4_2nd_Movement_K._282.mxl.midi",05559,05563,4.440892098500626e-16,2987
1145,"1145::C:\Users\정세린\Desktop\capstone_classicfy\ATEPP_dataset\ATEPP-1.2\Wolfgang_Amadeus_Mozart\Piano_Sonata_No.4_in_E_flat,_K.282\2._Menuetto_I-II\Sonata_No._4_2nd_Movement_K._282.mxl.midi",05559,05564,4.440892098500626e-16,2985
1145,"1145::C:\Users\정세린\Desktop\capstone_classicfy\ATEPP_dataset\ATEPP-1.2\Wolfgang_Amadeus_Mozart\Piano_Sonata_No.4_in_E_flat,_K.282\2._Menuetto_I-II\Sonata_No._4_2nd_Movement_K._282.mxl.midi",05559,05566,4.440892098500626e-16,2987
1145,"1145::C:\Users\정세린\Desktop\capstone_classicfy\ATEPP_dataset\ATEPP-1.2\Wolfgang_Amadeus_Mozart\Piano_Sonata_No.4_in_E_flat,_K.282\2._Menuetto_I-II\Sonata_No._4_2nd_Movement_K._282.mxl.midi",05559,05567,8.881784197001252e-16,2972
1147,"1147::C:\Users\정세린\Desktop\capstone_classicfy\ATEPP_dataset\ATEPP-1.2\Wolfgang_Amadeus_Mozart\Piano_Sonata_No._11_in_A_Major,_K._331\1._Tema_(Andante_grazioso)_con_variazioni\Sonata_No._11_1st_Movement_K._331.mxl.midi",05583,05584,4.440892098500626e-16,5761
1147,"1147::C:\Users\정세린\Desktop\capstone_classicfy\ATEPP_dataset\ATEPP-1.2\Wolfgang_Amadeus_Mozart\Piano_Sonata_No._11_in_A_Major,_K._331\1._Tema_(Andante_grazioso)_con_variazioni\Sonata_No._11_1st_Movement_K._331.mxl.midi",05583,05587,8.881784197001252e-16,5755
1147,"1147::C:\Users\정세린\Desktop\capstone_classicfy\ATEPP_dataset\ATEPP-1.2\Wolfgang_Amadeus_Mozart\Piano_Sonata_No._11_in_A_Major,_K._331\1._Tema_(Andante_grazioso)_con_variazioni\Sonata_No._11_1st_Movement_K._331.mxl.midi",05583,05588,4.440892098500626e-16,5760
1147,"1147::C:\Users\정세린\Desktop\capstone_classicfy\ATEPP_dataset\ATEPP-1.2\Wolfgang_Amadeus_Mozart\Piano_Sonata_No._11_in_A_Major,_K._331\1._Tema_(Andante_grazioso)_con_variazioni\Sonata_No._11_1st_Movement_K._331.mxl.midi",05583,05589,8.881784197001252e-16,5757
1147,"1147::C:\Users\정세린\Desktop\capstone_classicfy\ATEPP_dataset\ATEPP-1.2\Wolfgang_Amadeus_Mozart\Piano_Sonata_No._11_in_A_Major,_K._331\1._Tema_(Andante_grazioso)_con_variazioni\Sonata_No._11_1st_Movement_K._331.mxl.midi",05583,05590,8.881784197001252e-16,5753
1148,"1148::C:\Users\정세린\Desktop\capstone_classicfy\ATEPP_dataset\ATEPP-1.2\Wolfgang_Amadeus_Mozart\Piano_Sonata_No._11_in_A_Major,_K._331\3._Alla_Turca._Allegretto\musicxml_cleaned.musicxml.midi",05594,05595,2.220446049250313e-16,3109
1148,"1148::C:\Users\정세린\Desktop\capstone_classicfy\ATEPP_dataset\ATEPP-1.2\Wolfgang_Amadeus_Mozart\Piano_Sonata_No._11_in_A_Major,_K._331\3._Alla_Turca._Allegretto\musicxml_cleaned.musicxml.midi",05594,05596,4.440892098500626e-16,3108
1148,"1148::C:\Users\정세린\Desktop\capstone_classicfy\ATEPP_dataset\ATEPP-1.2\Wolfgang_Amadeus_Mozart\Piano_Sonata_No._11_in_A_Major,_K._331\3._Alla_Turca._Allegretto\musicxml_cleaned.musicxml.midi",05594,05599,2.220446049250313e-16,3099
1148,"1148::C:\Users\정세린\Desktop\capstone_classicfy\ATEPP_dataset\ATEPP-1.2\Wolfgang_Amadeus_Mozart\Piano_Sonata_No._11_in_A_Major,_K._331\3._Alla_Turca._Allegretto\musicxml_cleaned.musicxml.midi",05594,05602,4.440892098500626e-16,3101
1148,"1148::C:\Users\정세린\Desktop\capstone_classicfy\ATEPP_dataset\ATEPP-1.2\Wolfgang_Amadeus_Mozart\Piano_Sonata_No._11_in_A_Major,_K._331\3._Alla_Turca._Allegretto\musicxml_cleaned.musicxml.midi",05594,05603,4.440892098500626e-16,3093
1148,"1148::C:\Users\정세린\Desktop\capstone_classicfy\ATEPP_dataset\ATEPP-1.2\Wolfgang_Amadeus_Mozart\Piano_Sonata_No._11_in_A_Major,_K._331\3._Alla_Turca._Allegretto\musicxml_cleaned.musicxml.midi",05594,05606,8.881784197001252e-16,3107
1148,"1148::C:\Users\정세린\Desktop\capstone_classicfy\ATEPP_dataset\ATEPP-1.2\Wolfgang_Amadeus_Mozart\Piano_Sonata_No._11_in_A_Major,_K._331\3._Alla_Turca._Allegretto\musicxml_cleaned.musicxml.midi",05594,05607,4.440892098500626e-16,3109
1148,"1148::C:\Users\정세린\Desktop\capstone_classicfy\ATEPP_dataset\ATEPP-1.2\Wolfgang_Amadeus_Mozart\Piano_Sonata_No._11_in_A_Major,_K._331\3._Alla_Turca._Allegretto\musicxml_cleaned.musicxml.midi",05594,05609,4.440892098500626e-16,3101
1151,"1151::C:\Users\정세린\Desktop\capstone_classicfy\ATEPP_dataset\ATEPP-1.2\Wolfgang_Amadeus_Mozart\Piano_Sonata_No._10_In_C_Major,_K.330\2._Andante_cantabile\Sonata_No._10_2nd_Movement_K._330.mxl.midi",05650,05652,2.220446049250313e-16,2073
1151,"1151::C:\Users\정세린\Desktop\capstone_classicfy\ATEPP_dataset\ATEPP-1.2\Wolfgang_Amadeus_Mozart\Piano_Sonata_No._10_In_C_Major,_K.330\2._Andante_cantabile\Sonata_No._10_2nd_Movement_K._330.mxl.midi",05650,05655,2.220446049250313e-16,2073
1151,"1151::C:\Users\정세린\Desktop\capstone_classicfy\ATEPP_dataset\ATEPP-1.2\Wolfgang_Amadeus_Mozart\Piano_Sonata_No._10_In_C_Major,_K.330\2._Andante_cantabile\Sonata_No._10_2nd_Movement_K._330.mxl.midi",05650,05656,2.220446049250313e-16,2073
1151,"1151::C:\Users\정세린\Desktop\capstone_classicfy\ATEPP_dataset\ATEPP-1.2\Wolfgang_Amadeus_Mozart\Piano_Sonata_No._10_In_C_Major,_K.330\2._Andante_cantabile\Sonata_No._10_2nd_Movement_K._330.mxl.midi",05650,05657,4.440892098500626e-16,2073
1151,"1151::C:\Users\정세린\Desktop\capstone_classicfy\ATEPP_dataset\ATEPP-1.2\Wolfgang_Amadeus_Mozart\Piano_Sonata_No._10_In_C_Major,_K.330\2._Andante_cantabile\Sonata_No._10_2nd_Movement_K._330.mxl.midi",05650,05658,2.220446049250313e-16,2073
1151,"1151::C:\Users\정세린\Desktop\capstone_classicfy\ATEPP_dataset\ATEPP-1.2\Wolfgang_Amadeus_Mozart\Piano_Sonata_No._10_In_C_Major,_K.330\2._Andante_cantabile\Sonata_No._10_2nd_Movement_K._330.mxl.midi",05650,05659,2.220446049250313e-16,2073
1151,"1151::C:\Users\정세린\Desktop\capstone_classicfy\ATEPP_dataset\ATEPP-1.2\Wolfgang_Amadeus_Mozart\Piano_Sonata_No._10_In_C_Major,_K.330\2._Andante_cantabile\Sonata_No._10_2nd_Movement_K._330.mxl.midi",05650,05660,2.220446049250313e-16,2072
1151,"1151::C:\Users\정세린\Desktop\capstone_classicfy\ATEPP_dataset\ATEPP-1.2\Wolfgang_Amadeus_Mozart\Piano_Sonata_No._10_In_C_Major,_K.330\2._Andante_cantabile\Sonata_No._10_2nd_Movement_K._330.mxl.midi",05650,05661,4.440892098500626e-16,2072
1151,"1151::C:\Users\정세린\Desktop\capstone_classicfy\ATEPP_dataset\ATEPP-1.2\Wolfgang_Amadeus_Mozart\Piano_Sonata_No._10_In_C_Major,_K.330\2._Andante_cantabile\Sonata_No._10_2nd_Movement_K._330.mxl.midi",05650,05662,4.440892098500626e-16,2071
1151,"1151::C:\Users\정세린\Desktop\capstone_classicfy\ATEPP_dataset\ATEPP-1.2\Wolfgang_Amadeus_Mozart\Piano_Sonata_No._10_In_C_Major,_K.330\2._Andante_cantabile\Sonata_No._10_2nd_Movement_K._330.mxl.midi",05650,05663,4.440892098500626e-16,2073
1151,"1151::C:\Users\정세린\Desktop\capstone_classicfy\ATEPP_dataset\ATEPP-1.2\Wolfgang_Amadeus_Mozart\Piano_Sonata_No._10_In_C_Major,_K.330\2._Andante_cantabile\Sonata_No._10_2nd_Movement_K._330.mxl.midi",05650,05665,2.220446049250313e-16,2073
1151,"1151::C:\Users\정세린\Desktop\capstone_classicfy\ATEPP_dataset\ATEPP-1.2\Wolfgang_Amadeus_Mozart\Piano_Sonata_No._10_In_C_Major,_K.330\2._Andante_cantabile\Sonata_No._10_2nd_Movement_K._330.mxl.midi",05650,05667,4.440892098500626e-16,2073
1151,"1151::C:\Users\정세린\Desktop\capstone_classicfy\ATEPP_dataset\ATEPP-1.2\Wolfgang_Amadeus_Mozart\Piano_Sonata_No._10_In_C_Major,_K.330\2._Andante_cantabile\Sonata_No._10_2nd_Movement_K._330.mxl.midi",05650,05668,2.220446049250313e-16,2073
1151,"1151::C:\Users\정세린\Desktop\capstone_classicfy\ATEPP_dataset\ATEPP-1.2\Wolfgang_Amadeus_Mozart\Piano_Sonata_No._10_In_C_Major,_K.330\2._Andante_cantabile\Sonata_No._10_2nd_Movement_K._330.mxl.midi",05650,05669,4.440892098500626e-16,2073
1151,"1151::C:\Users\정세린\Desktop\capstone_classicfy\ATEPP_dataset\ATEPP-1.2\Wolfgang_Amadeus_Mozart\Piano_Sonata_No._10_In_C_Major,_K.330\2._Andante_cantabile\Sonata_No._10_2nd_Movement_K._330.mxl.midi",05650,05670,8.881784197001252e-16,2073
1152,"1152::C:\Users\정세린\Desktop\capstone_classicfy\ATEPP_dataset\ATEPP-1.2\Wolfgang_Amadeus_Mozart\Piano_Sonata_No.8_in_A_minor,_K.310\3._Presto\Sonata_No._8_3rd_Movement_K._310.mxl.midi",05674,05675,2.220446049250313e-16,3974
1152,"1152::C:\Users\정세린\Desktop\capstone_classicfy\ATEPP_dataset\ATEPP-1.2\Wolfgang_Amadeus_Mozart\Piano_Sonata_No.8_in_A_minor,_K.310\3._Presto\Sonata_No._8_3rd_Movement_K._310.mxl.midi",05674,05676,4.440892098500626e-16,3974
1152,"1152::C:\Users\정세린\Desktop\capstone_classicfy\ATEPP_dataset\ATEPP-1.2\Wolfgang_Amadeus_Mozart\Piano_Sonata_No.8_in_A_minor,_K.310\3._Presto\Sonata_No._8_3rd_Movement_K._310.mxl.midi",05674,05679,4.440892098500626e-16,3974
1152,"1152::C:\Users\정세린\Desktop\capstone_classicfy\ATEPP_dataset\ATEPP-1.2\Wolfgang_Amadeus_Mozart\Piano_Sonata_No.8_in_A_minor,_K.310\3._Presto\Sonata_No._8_3rd_Movement_K._310.mxl.midi",05674,05681,4.440892098500626e-16,3972
1152,"1152::C:\Users\정세린\Desktop\capstone_classicfy\ATEPP_dataset\ATEPP-1.2\Wolfgang_Amadeus_Mozart\Piano_Sonata_No.8_in_A_minor,_K.310\3._Presto\Sonata_No._8_3rd_Movement_K._310.mxl.midi",05674,05682,8.881784197001252e-16,3972
1152,"1152::C:\Users\정세린\Desktop\capstone_classicfy\ATEPP_dataset\ATEPP-1.2\Wolfgang_Amadeus_Mozart\Piano_Sonata_No.8_in_A_minor,_K.310\3._Presto\Sonata_No._8_3rd_Movement_K._310.mxl.midi",05674,05683,4.440892098500626e-16,3974
1152,"1152::C:\Users\정세린\Desktop\capstone_classicfy\ATEPP_dataset\ATEPP-1.2\Wolfgang_Amadeus_Mozart\Piano_Sonata_No.8_in_A_minor,_K.310\3._Presto\Sonata_No._8_3rd_Movement_K._310.mxl.midi",05674,05684,4.440892098500626e-16,3972
1152,"1152::C:\Users\정세린\Desktop\capstone_classicfy\ATEPP_dataset\ATEPP-1.2\Wolfgang_Amadeus_Mozart\Piano_Sonata_No.8_in_A_minor,_K.310\3._Presto\Sonata_No._8_3rd_Movement_K._310.mxl.midi",05674,05685,4.440892098500626e-16,3974
1152,"1152::C:\Users\정세린\Desktop\capstone_classicfy\ATEPP_dataset\ATEPP-1.2\Wolfgang_Amadeus_Mozart\Piano_Sonata_No.8_in_A_minor,_K.310\3._Presto\Sonata_No._8_3rd_Movement_K._310.mxl.midi",05674,05686,4.440892098500626e-16,3974
1152,"1152::C:\Users\정세린\Desktop\capstone_classicfy\ATEPP_dataset\ATEPP-1.2\Wolfgang_Amadeus_Mozart\Piano_Sonata_No.8_in_A_minor,_K.310\3._Presto\Sonata_No._8_3rd_Movement_K._310.mxl.midi",05674,05687,4.440892098500626e-16,3974
1152,"1152::C:\Users\정세린\Desktop\capstone_classicfy\ATEPP_dataset\ATEPP-1.2\Wolfgang_Amadeus_Mozart\Piano_Sonata_No.8_in_A_minor,_K.310\3._Presto\Sonata_No._8_3rd_Movement_K._310.mxl.midi",05674,05688,4.440892098500626e-16,3973
1152,"1152::C:\Users\정세린\Desktop\capstone_classicfy\ATEPP_dataset\ATEPP-1.2\Wolfgang_Amadeus_Mozart\Piano_Sonata_No.8_in_A_minor,_K.310\3._Presto\Sonata_No._8_3rd_Movement_K._310.mxl.midi",05674,05689,4.440892098500626e-16,3970
1152,"1152::C:\Users\정세린\Desktop\capstone_classicfy\ATEPP_dataset\ATEPP-1.2\Wolfgang_Amadeus_Mozart\Piano_Sonata_No.8_in_A_minor,_K.310\3._Presto\Sonata_No._8_3rd_Movement_K._310.mxl.midi",05674,05690,4.440892098500626e-16,3974
1152,"1152::C:\Users\정세린\Desktop\capstone_classicfy\ATEPP_dataset\ATEPP-1.2\Wolfgang_Amadeus_Mozart\Piano_Sonata_No.8_in_A_minor,_K.310\3._Presto\Sonata_No._8_3rd_Movement_K._310.mxl.midi",05674,05691,4.440892098500626e-16,3974
1152,"1152::C:\Users\정세린\Desktop\capstone_classicfy\ATEPP_dataset\ATEPP-1.2\Wolfgang_Amadeus_Mozart\Piano_Sonata_No.8_in_A_minor,_K.310\3._Presto\Sonata_No._8_3rd_Movement_K._310.mxl.midi",05674,05693,4.440892098500626e-16,3972
1152,"1152::C:\Users\정세린\Desktop\capstone_classicfy\ATEPP_dataset\ATEPP-1.2\Wolfgang_Amadeus_Mozart\Piano_Sonata_No.8_in_A_minor,_K.310\3._Presto\Sonata_No._8_3rd_Movement_K._310.mxl.midi",05674,05694,4.440892098500626e-16,3974
1152,"1152::C:\Users\정세린\Desktop\capstone_classicfy\ATEPP_dataset\ATEPP-1.2\Wolfgang_Amadeus_Mozart\Piano_Sonata_No.8_in_A_minor,_K.310\3._Presto\Sonata_No._8_3rd_Movement_K._310.mxl.midi",05674,05695,4.440892098500626e-16,3974
1152,"1152::C:\Users\정세린\Desktop\capstone_classicfy\ATEPP_dataset\ATEPP-1.2\Wolfgang_Amadeus_Mozart\Piano_Sonata_No.8_in_A_minor,_K.310\3._Presto\Sonata_No._8_3rd_Movement_K._310.mxl.midi",05674,05696,4.440892098500626e-16,3974
1152,"1152::C:\Users\정세린\Desktop\capstone_classicfy\ATEPP_dataset\ATEPP-1.2\Wolfgang_Amadeus_Mozart\Piano_Sonata_No.8_in_A_minor,_K.310\3._Presto\Sonata_No._8_3rd_Movement_K._310.mxl.midi",05674,05700,4.440892098500626e-16,3974
1152,"1152::C:\Users\정세린\Desktop\capstone_classicfy\ATEPP_dataset\ATEPP-1.2\Wolfgang_Amadeus_Mozart\Piano_Sonata_No.8_in_A_minor,_K.310\3._Presto\Sonata_No._8_3rd_Movement_K._310.mxl.midi",05674,05701,4.440892098500626e-16,3972
1152,"1152::C:\Users\정세린\Desktop\capstone_classicfy\ATEPP_dataset\ATEPP-1.2\Wolfgang_Amadeus_Mozart\Piano_Sonata_No.8_in_A_minor,_K.310\3._Presto\Sonata_No._8_3rd_Movement_K._310.mxl.midi",05674,05702,4.440892098500626e-16,3974
1152,"1152::C:\Users\정세린\Desktop\capstone_classicfy\ATEPP_dataset\ATEPP-1.2\Wolfgang_Amadeus_Mozart\Piano_Sonata_No.8_in_A_minor,_K.310\3._Presto\Sonata_No._8_3rd_Movement_K._310.mxl.midi",05674,05703,2.220446049250313e-16,3970
1153,"1153::C:\Users\정세린\Desktop\capstone_classicfy\ATEPP_dataset\ATEPP-1.2\Wolfgang_Amadeus_Mozart\Piano_Sonata_No.8_in_A_minor,_K.310\2._Andante_cantabile_con_espressione\Sonata_No._8_2nd_Movement_K._310.mxl.midi",05708,05709,2.7755575615628914e-16,2451
1153,"1153::C:\Users\정세린\Desktop\capstone_classicfy\ATEPP_dataset\ATEPP-1.2\Wolfgang_Amadeus_Mozart\Piano_Sonata_No.8_in_A_minor,_K.310\2._Andante_cantabile_con_espressione\Sonata_No._8_2nd_Movement_K._310.mxl.midi",05708,05711,4.440892098500626e-16,2449
1153,"1153::C:\Users\정세린\Desktop\capstone_classicfy\ATEPP_dataset\ATEPP-1.2\Wolfgang_Amadeus_Mozart\Piano_Sonata_No.8_in_A_minor,_K.310\2._Andante_cantabile_con_espressione\Sonata_No._8_2nd_Movement_K._310.mxl.midi",05708,05713,2.220446049250313e-16,2451
1153,"1153::C:\Users\정세린\Desktop\capstone_classicfy\ATEPP_dataset\ATEPP-1.2\Wolfgang_Amadeus_Mozart\Piano_Sonata_No.8_in_A_minor,_K.310\2._Andante_cantabile_con_espressione\Sonata_No._8_2nd_Movement_K._310.mxl.midi",05708,05714,4.440892098500626e-16,2451
1153,"1153::C:\Users\정세린\Desktop\capstone_classicfy\ATEPP_dataset\ATEPP-1.2\Wolfgang_Amadeus_Mozart\Piano_Sonata_No.8_in_A_minor,_K.310\2._Andante_cantabile_con_espressione\Sonata_No._8_2nd_Movement_K._310.mxl.midi",05708,05715,8.881784197001252e-16,2450
1153,"1153::C:\Users\정세린\Desktop\capstone_classicfy\ATEPP_dataset\ATEPP-1.2\Wolfgang_Amadeus_Mozart\Piano_Sonata_No.8_in_A_minor,_K.310\2._Andante_cantabile_con_espressione\Sonata_No._8_2nd_Movement_K._310.mxl.midi",05708,05718,4.440892098500626e-16,2451
1153,"1153::C:\Users\정세린\Desktop\capstone_classicfy\ATEPP_dataset\ATEPP-1.2\Wolfgang_Amadeus_Mozart\Piano_Sonata_No.8_in_A_minor,_K.310\2._Andante_cantabile_con_espressione\Sonata_No._8_2nd_Movement_K._310.mxl.midi",05708,05719,4.440892098500626e-16,2451
1153,"1153::C:\Users\정세린\Desktop\capstone_classicfy\ATEPP_dataset\ATEPP-1.2\Wolfgang_Amadeus_Mozart\Piano_Sonata_No.8_in_A_minor,_K.310\2._Andante_cantabile_con_espressione\Sonata_No._8_2nd_Movement_K._310.mxl.midi",05708,05720,4.440892098500626e-16,2449
1153,"1153::C:\Users\정세린\Desktop\capstone_classicfy\ATEPP_dataset\ATEPP-1.2\Wolfgang_Amadeus_Mozart\Piano_Sonata_No.8_in_A_minor,_K.310\2._Andante_cantabile_con_espressione\Sonata_No._8_2nd_Movement_K._310.mxl.midi",05708,05723,4.440892098500626e-16,2451
1153,"1153::C:\Users\정세린\Desktop\capstone_classicfy\ATEPP_dataset\ATEPP-1.2\Wolfgang_Amadeus_Mozart\Piano_Sonata_No.8_in_A_minor,_K.310\2._Andante_cantabile_con_espressione\Sonata_No._8_2nd_Movement_K._310.mxl.midi",05708,05724,4.440892098500626e-16,2450
1153,"1153::C:\Users\정세린\Desktop\capstone_classicfy\ATEPP_dataset\ATEPP-1.2\Wolfgang_Amadeus_Mozart\Piano_Sonata_No.8_in_A_minor,_K.310\2._Andante_cantabile_con_espressione\Sonata_No._8_2nd_Movement_K._310.mxl.midi",05708,05726,4.440892098500626e-16,2448
1153,"1153::C:\Users\정세린\Desktop\capstone_classicfy\ATEPP_dataset\ATEPP-1.2\Wolfgang_Amadeus_Mozart\Piano_Sonata_No.8_in_A_minor,_K.310\2._Andante_cantabile_con_espressione\Sonata_No._8_2nd_Movement_K._310.mxl.midi",05708,05727,2.220446049250313e-16,2444
1153,"1153::C:\Users\정세린\Desktop\capstone_classicfy\ATEPP_dataset\ATEPP-1.2\Wolfgang_Amadeus_Mozart\Piano_Sonata_No.8_in_A_minor,_K.310\2._Andante_cantabile_con_espressione\Sonata_No._8_2nd_Movement_K._310.mxl.midi",05708,05734,8.881784197001252e-16,2451
1157,"1157::C:\Users\정세린\Desktop\capstone_classicfy\ATEPP_dataset\ATEPP-1.2\Wolfgang_Amadeus_Mozart\Piano_Sonata_No._2_in_F_Major,_K._280\I._Allegro_assai\Sonata_No._2_1st_Movement_K._280.mxl.midi",05764,05765,1.7763568394002505e-15,5947
1157,"1157::C:\Users\정세린\Desktop\capstone_classicfy\ATEPP_dataset\ATEPP-1.2\Wolfgang_Amadeus_Mozart\Piano_Sonata_No._2_in_F_Major,_K._280\I._Allegro_assai\Sonata_No._2_1st_Movement_K._280.mxl.midi",05764,05766,1.7763568394002505e-15,5949
1160,"1160::C:\Users\정세린\Desktop\capstone_classicfy\ATEPP_dataset\ATEPP-1.2\Wolfgang_Amadeus_Mozart\Piano_Sonata_No._6_in_D,_K.284__Du╠êrnitz_\2._Rondeau_en_Polonaise_(Andante)\Sonata_No._6Rondeau_en_Polonaise_2nd_Movement_K._284.mxl.midi",05779,05780,2.220446049250313e-16,1921
1160,"1160::C:\Users\정세린\Desktop\capstone_classicfy\ATEPP_dataset\ATEPP-1.2\Wolfgang_Amadeus_Mozart\Piano_Sonata_No._6_in_D,_K.284__Du╠êrnitz_\2._Rondeau_en_Polonaise_(Andante)\Sonata_No._6Rondeau_en_Polonaise_2nd_Movement_K._284.mxl.midi",05779,05781,2.220446049250313e-16,1919
1160,"1160::C:\Users\정세린\Desktop\capstone_classicfy\ATEPP_dataset\ATEPP-1.2\Wolfgang_Amadeus_Mozart\Piano_Sonata_No._6_in_D,_K.284__Du╠êrnitz_\2._Rondeau_en_Polonaise_(Andante)\Sonata_No._6Rondeau_en_Polonaise_2nd_Movement_K._284.mxl.midi",05779,05782,4.440892098500626e-16,1921
1160,"1160::C:\Users\정세린\Desktop\capstone_classicfy\ATEPP_dataset\ATEPP-1.2\Wolfgang_Amadeus_Mozart\Piano_Sonata_No._6_in_D,_K.284__Du╠êrnitz_\2._Rondeau_en_Polonaise_(Andante)\Sonata_No._6Rondeau_en_Polonaise_2nd_Movement_K._284.mxl.midi",05779,05785,4.440892098500626e-16,1921
1161,"1161::C:\Users\정세린\Desktop\capstone_classicfy\ATEPP_dataset\ATEPP-1.2\Wolfgang_Amadeus_Mozart\Piano_Sonata_No._18_in_D,_K.576\2._Adagio\Sonata_No._18_Mvt_2_Mozart.mxl.midi",05196,05197,2.220446049250313e-16,1393
1161,"1161::C:\Users\정세린\Desktop\capstone_classicfy\ATEPP_dataset\ATEPP-1.2\Wolfgang_Amadeus_Mozart\Piano_Sonata_No._18_in_D,_K.576\2._Adagio\Sonata_No._18_Mvt_2_Mozart.mxl.midi",05196,05198,2.220446049250313e-16,1393
1161,"1161::C:\Users\정세린\Desktop\capstone_classicfy\ATEPP_dataset\ATEPP-1.2\Wolfgang_Amadeus_Mozart\Piano_Sonata_No._18_in_D,_K.576\2._Adagio\Sonata_No._18_Mvt_2_Mozart.mxl.midi",05196,05199,2.220446049250313e-16,1393
1161,"1161::C:\Users\정세린\Desktop\capstone_classicfy\ATEPP_dataset\ATEPP-1.2\Wolfgang_Amadeus_Mozart\Piano_Sonata_No._18_in_D,_K.576\2._Adagio\Sonata_No._18_Mvt_2_Mozart.mxl.midi",05196,05203,2.220446049250313e-16,1393
1161,"1161::C:\Users\정세린\Desktop\capstone_classicfy\ATEPP_dataset\ATEPP-1.2\Wolfgang_Amadeus_Mozart\Piano_Sonata_No._18_in_D,_K.576\2._Adagio\Sonata_No._18_Mvt_2_Mozart.mxl.midi",05196,05206,1.1102230246251565e-16,1393
1161,"1161::C:\Users\정세린\Desktop\capstone_classicfy\ATEPP_dataset\ATEPP-1.2\Wolfgang_Amadeus_Mozart\Piano_Sonata_No._18_in_D,_K.576\2._Adagio\Sonata_No._18_Mvt_2_Mozart.mxl.midi",05196,05207,4.440892098500626e-16,1380
1161,"1161::C:\Users\정세린\Desktop\capstone_classicfy\ATEPP_dataset\ATEPP-1.2\Wolfgang_Amadeus_Mozart\Piano_Sonata_No._18_in_D,_K.576\2._Adagio\Sonata_No._18_Mvt_2_Mozart.mxl.midi",05196,05208,1.1102230246251565e-16,1393
1161,"1161::C:\Users\정세린\Desktop\capstone_classicfy\ATEPP_dataset\ATEPP-1.2\Wolfgang_Amadeus_Mozart\Piano_Sonata_No._18_in_D,_K.576\2._Adagio\Sonata_No._18_Mvt_2_Mozart.mxl.midi",05196,05210,4.440892098500626e-16,1393
1161,"1161::C:\Users\정세린\Desktop\capstone_classicfy\ATEPP_dataset\ATEPP-1.2\Wolfgang_Amadeus_Mozart\Piano_Sonata_No._18_in_D,_K.576\2._Adagio\Sonata_No._18_Mvt_2_Mozart.mxl.midi",05196,05211,4.440892098500626e-16,1393
1161,"1161::C:\Users\정세린\Desktop\capstone_classicfy\ATEPP_dataset\ATEPP-1.2\Wolfgang_Amadeus_Mozart\Piano_Sonata_No._18_in_D,_K.576\2._Adagio\Sonata_No._18_Mvt_2_Mozart.mxl.midi",05196,05212,2.220446049250313e-16,1393
1161,"1161::C:\Users\정세린\Desktop\capstone_classicfy\ATEPP_dataset\ATEPP-1.2\Wolfgang_Amadeus_Mozart\Piano_Sonata_No._18_in_D,_K.576\2._Adagio\Sonata_No._18_Mvt_2_Mozart.mxl.midi",05196,05213,2.220446049250313e-16,1393
1161,"1161::C:\Users\정세린\Desktop\capstone_classicfy\ATEPP_dataset\ATEPP-1.2\Wolfgang_Amadeus_Mozart\Piano_Sonata_No._18_in_D,_K.576\2._Adagio\Sonata_No._18_Mvt_2_Mozart.mxl.midi",05196,05214,1.1102230246251565e-16,1393
1161,"1161::C:\Users\정세린\Desktop\capstone_classicfy\ATEPP_dataset\ATEPP-1.2\Wolfgang_Amadeus_Mozart\Piano_Sonata_No._18_in_D,_K.576\2._Adagio\Sonata_No._18_Mvt_2_Mozart.mxl.midi",05196,05215,4.440892098500626e-16,1393
1161,"1161::C:\Users\정세린\Desktop\capstone_classicfy\ATEPP_dataset\ATEPP-1.2\Wolfgang_Amadeus_Mozart\Piano_Sonata_No._18_in_D,_K.576\2._Adagio\Sonata_No._18_Mvt_2_Mozart.mxl.midi",05196,05216,2.220446049250313e-16,1393
1161,"1161::C:\Users\정세린\Desktop\capstone_classicfy\ATEPP_dataset\ATEPP-1.2\Wolfgang_Amadeus_Mozart\Piano_Sonata_No._18_in_D,_K.576\2._Adagio\Sonata_No._18_Mvt_2_Mozart.mxl.midi",05196,05217,1.1102230246251565e-16,1393
1161,"1161::C:\Users\정세린\Desktop\capstone_classicfy\ATEPP_dataset\ATEPP-1.2\Wolfgang_Amadeus_Mozart\Piano_Sonata_No._18_in_D,_K.576\2._Adagio\Sonata_No._18_Mvt_2_Mozart.mxl.midi",05196,05220,2.220446049250313e-16,1393
1162,"1162::C:\Users\정세린\Desktop\capstone_classicfy\ATEPP_dataset\ATEPP-1.2\Wolfgang_Amadeus_Mozart\Piano_Sonata_No.16_in_C,_K.545__Sonata_facile_\2._Andante\Sonata_No._16_2nd_Movement_Mozart.mxl.midi",05787,05788,1.1102230246251565e-16,2212
1162,"1162::C:\Users\정세린\Desktop\capstone_classicfy\ATEPP_dataset\ATEPP-1.2\Wolfgang_Amadeus_Mozart\Piano_Sonata_No.16_in_C,_K.545__Sonata_facile_\2._Andante\Sonata_No._16_2nd_Movement_Mozart.mxl.midi",05787,05790,2.220446049250313e-16,2212
1162,"1162::C:\Users\정세린\Desktop\capstone_classicfy\ATEPP_dataset\ATEPP-1.2\Wolfgang_Amadeus_Mozart\Piano_Sonata_No.16_in_C,_K.545__Sonata_facile_\2._Andante\Sonata_No._16_2nd_Movement_Mozart.mxl.midi",05787,05791,2.220446049250313e-16,2212
1162,"1162::C:\Users\정세린\Desktop\capstone_classicfy\ATEPP_dataset\ATEPP-1.2\Wolfgang_Amadeus_Mozart\Piano_Sonata_No.16_in_C,_K.545__Sonata_facile_\2._Andante\Sonata_No._16_2nd_Movement_Mozart.mxl.midi",05787,05792,2.220446049250313e-16,2212
1162,"1162::C:\Users\정세린\Desktop\capstone_classicfy\ATEPP_dataset\ATEPP-1.2\Wolfgang_Amadeus_Mozart\Piano_Sonata_No.16_in_C,_K.545__Sonata_facile_\2._Andante\Sonata_No._16_2nd_Movement_Mozart.mxl.midi",05787,05793,2.220446049250313e-16,2212
1162,"1162::C:\Users\정세린\Desktop\capstone_classicfy\ATEPP_dataset\ATEPP-1.2\Wolfgang_Amadeus_Mozart\Piano_Sonata_No.16_in_C,_K.545__Sonata_facile_\2._Andante\Sonata_No._16_2nd_Movement_Mozart.mxl.midi",05787,05795,2.220446049250313e-16,2212
1163,"1163::C:\Users\정세린\Desktop\capstone_classicfy\ATEPP_dataset\ATEPP-1.2\Wolfgang_Amadeus_Mozart\Piano_Sonata_No.16_in_C,_K.545__Sonata_facile_\3._Rondo_(Allegro)\Sonata_No._16_3rd_Movement_K._545.mxl.midi",05798,05799,2.220446049250313e-16,1125
1163,"1163::C:\Users\정세린\Desktop\capstone_classicfy\ATEPP_dataset\ATEPP-1.2\Wolfgang_Amadeus_Mozart\Piano_Sonata_No.16_in_C,_K.545__Sonata_facile_\3._Rondo_(Allegro)\Sonata_No._16_3rd_Movement_K._545.mxl.midi",05798,05800,2.220446049250313e-16,1125
1163,"1163::C:\Users\정세린\Desktop\capstone_classicfy\ATEPP_dataset\ATEPP-1.2\Wolfgang_Amadeus_Mozart\Piano_Sonata_No.16_in_C,_K.545__Sonata_facile_\3._Rondo_(Allegro)\Sonata_No._16_3rd_Movement_K._545.mxl.midi",05798,05801,1.1102230246251565e-16,1125
1163,"1163::C:\Users\정세린\Desktop\capstone_classicfy\ATEPP_dataset\ATEPP-1.2\Wolfgang_Amadeus_Mozart\Piano_Sonata_No.16_in_C,_K.545__Sonata_facile_\3._Rondo_(Allegro)\Sonata_No._16_3rd_Movement_K._545.mxl.midi",05798,05802,2.220446049250313e-16,1125
1164,"1164::C:\Users\정세린\Desktop\capstone_classicfy\ATEPP_dataset\ATEPP-1.2\Wolfgang_Amadeus_Mozart\Piano_Sonata_No.16_in_C,_K.545__Sonata_facile_\1._Allegro\Sonata_No._16_1st_Movement_K._545.mxl.midi",05807,05808,2.220446049250313e-16,4066
1164,"1164::C:\Users\정세린\Desktop\capstone_classicfy\ATEPP_dataset\ATEPP-1.2\Wolfgang_Amadeus_Mozart\Piano_Sonata_No.16_in_C,_K.545__Sonata_facile_\1._Allegro\Sonata_No._16_1st_Movement_K._545.mxl.midi",05807,05809,4.440892098500626e-16,4064
1164,"1164::C:\Users\정세린\Desktop\capstone_classicfy\ATEPP_dataset\ATEPP-1.2\Wolfgang_Amadeus_Mozart\Piano_Sonata_No.16_in_C,_K.545__Sonata_facile_\1._Allegro\Sonata_No._16_1st_Movement_K._545.mxl.midi",05807,05810,8.881784197001252e-16,4066
1166,"1166::C:\Users\정세린\Desktop\capstone_classicfy\ATEPP_dataset\ATEPP-1.2\Ludwig_van_Beethoven\Piano_Sonata_No._7_in_D_Major,_Op._10_No._3\IV._Rondo._Allegro\musicxml_cleaned.musicxml.midi",05847,05848,2.220446049250313e-16,3072
1166,"1166::C:\Users\정세린\Desktop\capstone_classicfy\ATEPP_dataset\ATEPP-1.2\Ludwig_van_Beethoven\Piano_Sonata_No._7_in_D_Major,_Op._10_No._3\IV._Rondo._Allegro\musicxml_cleaned.musicxml.midi",05847,05851,2.220446049250313e-16,3071
1166,"1166::C:\Users\정세린\Desktop\capstone_classicfy\ATEPP_dataset\ATEPP-1.2\Ludwig_van_Beethoven\Piano_Sonata_No._7_in_D_Major,_Op._10_No._3\IV._Rondo._Allegro\musicxml_cleaned.musicxml.midi",05847,05852,4.440892098500626e-16,3069
1166,"1166::C:\Users\정세린\Desktop\capstone_classicfy\ATEPP_dataset\ATEPP-1.2\Ludwig_van_Beethoven\Piano_Sonata_No._7_in_D_Major,_Op._10_No._3\IV._Rondo._Allegro\musicxml_cleaned.musicxml.midi",05847,05854,2.220446049250313e-16,3073
1166,"1166::C:\Users\정세린\Desktop\capstone_classicfy\ATEPP_dataset\ATEPP-1.2\Ludwig_van_Beethoven\Piano_Sonata_No._7_in_D_Major,_Op._10_No._3\IV._Rondo._Allegro\musicxml_cleaned.musicxml.midi",05847,05856,2.220446049250313e-16,3072
1166,"1166::C:\Users\정세린\Desktop\capstone_classicfy\ATEPP_dataset\ATEPP-1.2\Ludwig_van_Beethoven\Piano_Sonata_No._7_in_D_Major,_Op._10_No._3\IV._Rondo._Allegro\musicxml_cleaned.musicxml.midi",05847,05857,8.881784197001252e-16,3071
1166,"1166::C:\Users\정세린\Desktop\capstone_classicfy\ATEPP_dataset\ATEPP-1.2\Ludwig_van_Beethoven\Piano_Sonata_No._7_in_D_Major,_Op._10_No._3\IV._Rondo._Allegro\musicxml_cleaned.musicxml.midi",05847,05858,2.220446049250313e-16,3072
1166,"1166::C:\Users\정세린\Desktop\capstone_classicfy\ATEPP_dataset\ATEPP-1.2\Ludwig_van_Beethoven\Piano_Sonata_No._7_in_D_Major,_Op._10_No._3\IV._Rondo._Allegro\musicxml_cleaned.musicxml.midi",05847,05860,4.440892098500626e-16,3068
1166,"1166::C:\Users\정세린\Desktop\capstone_classicfy\ATEPP_dataset\ATEPP-1.2\Ludwig_van_Beethoven\Piano_Sonata_No._7_in_D_Major,_Op._10_No._3\IV._Rondo._Allegro\musicxml_cleaned.musicxml.midi",05847,05861,2.220446049250313e-16,3070
1166,"1166::C:\Users\정세린\Desktop\capstone_classicfy\ATEPP_dataset\ATEPP-1.2\Ludwig_van_Beethoven\Piano_Sonata_No._7_in_D_Major,_Op._10_No._3\IV._Rondo._Allegro\musicxml_cleaned.musicxml.midi",05847,05863,2.220446049250313e-16,3074
1166,"1166::C:\Users\정세린\Desktop\capstone_classicfy\ATEPP_dataset\ATEPP-1.2\Ludwig_van_Beethoven\Piano_Sonata_No._7_in_D_Major,_Op._10_No._3\IV._Rondo._Allegro\musicxml_cleaned.musicxml.midi",05847,05865,4.440892098500626e-16,3072
1166,"1166::C:\Users\정세린\Desktop\capstone_classicfy\ATEPP_dataset\ATEPP-1.2\Ludwig_van_Beethoven\Piano_Sonata_No._7_in_D_Major,_Op._10_No._3\IV._Rondo._Allegro\musicxml_cleaned.musicxml.midi",05847,05866,4.440892098500626e-16,3072
1166,"1166::C:\Users\정세린\Desktop\capstone_classicfy\ATEPP_dataset\ATEPP-1.2\Ludwig_van_Beethoven\Piano_Sonata_No._7_in_D_Major,_Op._10_No._3\IV._Rondo._Allegro\musicxml_cleaned.musicxml.midi",05847,05867,2.220446049250313e-16,3069
1166,"1166::C:\Users\정세린\Desktop\capstone_classicfy\ATEPP_dataset\ATEPP-1.2\Ludwig_van_Beethoven\Piano_Sonata_No._7_in_D_Major,_Op._10_No._3\IV._Rondo._Allegro\musicxml_cleaned.musicxml.midi",05847,05868,2.220446049250313e-16,3068
1166,"1166::C:\Users\정세린\Desktop\capstone_classicfy\ATEPP_dataset\ATEPP-1.2\Ludwig_van_Beethoven\Piano_Sonata_No._7_in_D_Major,_Op._10_No._3\IV._Rondo._Allegro\musicxml_cleaned.musicxml.midi",05847,05869,4.440892098500626e-16,3070
1166,"1166::C:\Users\정세린\Desktop\capstone_classicfy\ATEPP_dataset\ATEPP-1.2\Ludwig_van_Beethoven\Piano_Sonata_No._7_in_D_Major,_Op._10_No._3\IV._Rondo._Allegro\musicxml_cleaned.musicxml.midi",05847,05870,2.220446049250313e-16,3069
1166,"1166::C:\Users\정세린\Desktop\capstone_classicfy\ATEPP_dataset\ATEPP-1.2\Ludwig_van_Beethoven\Piano_Sonata_No._7_in_D_Major,_Op._10_No._3\IV._Rondo._Allegro\musicxml_cleaned.musicxml.midi",05847,05871,4.440892098500626e-16,3074
1166,"1166::C:\Users\정세린\Desktop\capstone_classicfy\ATEPP_dataset\ATEPP-1.2\Ludwig_van_Beethoven\Piano_Sonata_No._7_in_D_Major,_Op._10_No._3\IV._Rondo._Allegro\musicxml_cleaned.musicxml.midi",05847,05872,2.220446049250313e-16,3072
1166,"1166::C:\Users\정세린\Desktop\capstone_classicfy\ATEPP_dataset\ATEPP-1.2\Ludwig_van_Beethoven\Piano_Sonata_No._7_in_D_Major,_Op._10_No._3\IV._Rondo._Allegro\musicxml_cleaned.musicxml.midi",05847,05873,2.220446049250313e-16,3070
1166,"1166::C:\Users\정세린\Desktop\capstone_classicfy\ATEPP_dataset\ATEPP-1.2\Ludwig_van_Beethoven\Piano_Sonata_No._7_in_D_Major,_Op._10_No._3\IV._Rondo._Allegro\musicxml_cleaned.musicxml.midi",05847,05874,4.440892098500626e-16,3072
1166,"1166::C:\Users\정세린\Desktop\capstone_classicfy\ATEPP_dataset\ATEPP-1.2\Ludwig_van_Beethoven\Piano_Sonata_No._7_in_D_Major,_Op._10_No._3\IV._Rondo._Allegro\musicxml_cleaned.musicxml.midi",05847,05876,4.440892098500626e-16,3070
1166,"1166::C:\Users\정세린\Desktop\capstone_classicfy\ATEPP_dataset\ATEPP-1.2\Ludwig_van_Beethoven\Piano_Sonata_No._7_in_D_Major,_Op._10_No._3\IV._Rondo._Allegro\musicxml_cleaned.musicxml.midi",05847,05878,4.440892098500626e-16,3070
1166,"1166::C:\Users\정세린\Desktop\capstone_classicfy\ATEPP_dataset\ATEPP-1.2\Ludwig_van_Beethoven\Piano_Sonata_No._7_in_D_Major,_Op._10_No._3\IV._Rondo._Allegro\musicxml_cleaned.musicxml.midi",05847,05879,4.440892098500626e-16,3072
1166,"1166::C:\Users\정세린\Desktop\capstone_classicfy\ATEPP_dataset\ATEPP-1.2\Ludwig_van_Beethoven\Piano_Sonata_No._7_in_D_Major,_Op._10_No._3\IV._Rondo._Allegro\musicxml_cleaned.musicxml.midi",05847,05882,4.440892098500626e-16,3066
1166,"1166::C:\Users\정세린\Desktop\capstone_classicfy\ATEPP_dataset\ATEPP-1.2\Ludwig_van_Beethoven\Piano_Sonata_No._7_in_D_Major,_Op._10_No._3\IV._Rondo._Allegro\musicxml_cleaned.musicxml.midi",05847,05883,2.220446049250313e-16,3072
1166,"1166::C:\Users\정세린\Desktop\capstone_classicfy\ATEPP_dataset\ATEPP-1.2\Ludwig_van_Beethoven\Piano_Sonata_No._7_in_D_Major,_Op._10_No._3\IV._Rondo._Allegro\musicxml_cleaned.musicxml.midi",05847,05885,4.440892098500626e-16,3068
1166,"1166::C:\Users\정세린\Desktop\capstone_classicfy\ATEPP_dataset\ATEPP-1.2\Ludwig_van_Beethoven\Piano_Sonata_No._7_in_D_Major,_Op._10_No._3\IV._Rondo._Allegro\musicxml_cleaned.musicxml.midi",05847,05887,4.440892098500626e-16,3074
1166,"1166::C:\Users\정세린\Desktop\capstone_classicfy\ATEPP_dataset\ATEPP-1.2\Ludwig_van_Beethoven\Piano_Sonata_No._7_in_D_Major,_Op._10_No._3\IV._Rondo._Allegro\musicxml_cleaned.musicxml.midi",05847,05890,2.220446049250313e-16,3068
1167,"1167::C:\Users\정세린\Desktop\capstone_classicfy\ATEPP_dataset\ATEPP-1.2\Ludwig_van_Beethoven\Piano_Sonata_No._7_in_D_Major,_Op._10_No._3\II._Largo_e_mesto\musicxml_cleaned.musicxml.midi",05894,05895,4.440892098500626e-16,7830
1167,"1167::C:\Users\정세린\Desktop\capstone_classicfy\ATEPP_dataset\ATEPP-1.2\Ludwig_van_Beethoven\Piano_Sonata_No._7_in_D_Major,_Op._10_No._3\II._Largo_e_mesto\musicxml_cleaned.musicxml.midi",05894,05896,4.440892098500626e-16,7840
1167,"1167::C:\Users\정세린\Desktop\capstone_classicfy\ATEPP_dataset\ATEPP-1.2\Ludwig_van_Beethoven\Piano_Sonata_No._7_in_D_Major,_Op._10_No._3\II._Largo_e_mesto\musicxml_cleaned.musicxml.midi",05894,05900,4.440892098500626e-16,7829
1167,"1167::C:\Users\정세린\Desktop\capstone_classicfy\ATEPP_dataset\ATEPP-1.2\Ludwig_van_Beethoven\Piano_Sonata_No._7_in_D_Major,_Op._10_No._3\II._Largo_e_mesto\musicxml_cleaned.musicxml.midi",05894,05901,8.881784197001252e-16,7814
1167,"1167::C:\Users\정세린\Desktop\capstone_classicfy\ATEPP_dataset\ATEPP-1.2\Ludwig_van_Beethoven\Piano_Sonata_No._7_in_D_Major,_Op._10_No._3\II._Largo_e_mesto\musicxml_cleaned.musicxml.midi",05894,05903,2.220446049250313e-16,7827
1167,"1167::C:\Users\정세린\Desktop\capstone_classicfy\ATEPP_dataset\ATEPP-1.2\Ludwig_van_Beethoven\Piano_Sonata_No._7_in_D_Major,_Op._10_No._3\II._Largo_e_mesto\musicxml_cleaned.musicxml.midi",05894,05904,4.440892098500626e-16,7825
1167,"1167::C:\Users\정세린\Desktop\capstone_classicfy\ATEPP_dataset\ATEPP-1.2\Ludwig_van_Beethoven\Piano_Sonata_No._7_in_D_Major,_Op._10_No._3\II._Largo_e_mesto\musicxml_cleaned.musicxml.midi",05894,05905,4.440892098500626e-16,7799
1167,"1167::C:\Users\정세린\Desktop\capstone_classicfy\ATEPP_dataset\ATEPP-1.2\Ludwig_van_Beethoven\Piano_Sonata_No._7_in_D_Major,_Op._10_No._3\II._Largo_e_mesto\musicxml_cleaned.musicxml.midi",05894,05906,4.440892098500626e-16,7835
1167,"1167::C:\Users\정세린\Desktop\capstone_classicfy\ATEPP_dataset\ATEPP-1.2\Ludwig_van_Beethoven\Piano_Sonata_No._7_in_D_Major,_Op._10_No._3\II._Largo_e_mesto\musicxml_cleaned.musicxml.midi",05894,05908,4.440892098500626e-16,7829
1167,"1167::C:\Users\정세린\Desktop\capstone_classicfy\ATEPP_dataset\ATEPP-1.2\Ludwig_van_Beethoven\Piano_Sonata_No._7_in_D_Major,_Op._10_No._3\II._Largo_e_mesto\musicxml_cleaned.musicxml.midi",05894,05910,2.220446049250313e-16,7832
1167,"1167::C:\Users\정세린\Desktop\capstone_classicfy\ATEPP_dataset\ATEPP-1.2\Ludwig_van_Beethoven\Piano_Sonata_No._7_in_D_Major,_Op._10_No._3\II._Largo_e_mesto\musicxml_cleaned.musicxml.midi",05894,05912,4.440892098500626e-16,7833
1167,"1167::C:\Users\정세린\Desktop\capstone_classicfy\ATEPP_dataset\ATEPP-1.2\Ludwig_van_Beethoven\Piano_Sonata_No._7_in_D_Major,_Op._10_No._3\II._Largo_e_mesto\musicxml_cleaned.musicxml.midi",05894,05913,8.881784197001252e-16,7826
1167,"1167::C:\Users\정세린\Desktop\capstone_classicfy\ATEPP_dataset\ATEPP-1.2\Ludwig_van_Beethoven\Piano_Sonata_No._7_in_D_Major,_Op._10_No._3\II._Largo_e_mesto\musicxml_cleaned.musicxml.midi",05894,05914,2.220446049250313e-16,7827
1167,"1167::C:\Users\정세린\Desktop\capstone_classicfy\ATEPP_dataset\ATEPP-1.2\Ludwig_van_Beethoven\Piano_Sonata_No._7_in_D_Major,_Op._10_No._3\II._Largo_e_mesto\musicxml_cleaned.musicxml.midi",05894,05915,2.220446049250313e-16,7829
1167,"1167::C:\Users\정세린\Desktop\capstone_classicfy\ATEPP_dataset\ATEPP-1.2\Ludwig_van_Beethoven\Piano_Sonata_No._7_in_D_Major,_Op._10_No._3\II._Largo_e_mesto\musicxml_cleaned.musicxml.midi",05894,05916,2.220446049250313e-16,7831
1167,"1167::C:\Users\정세린\Desktop\capstone_classicfy\ATEPP_dataset\ATEPP-1.2\Ludwig_van_Beethoven\Piano_Sonata_No._7_in_D_Major,_Op._10_No._3\II._Largo_e_mesto\musicxml_cleaned.musicxml.midi",05894,05917,2.220446049250313e-16,7829
1167,"1167::C:\Users\정세린\Desktop\capstone_classicfy\ATEPP_dataset\ATEPP-1.2\Ludwig_van_Beethoven\Piano_Sonata_No._7_in_D_Major,_Op._10_No._3\II._Largo_e_mesto\musicxml_cleaned.musicxml.midi",05894,05918,4.440892098500626e-16,7832
1167,"1167::C:\Users\정세린\Desktop\capstone_classicfy\ATEPP_dataset\ATEPP-1.2\Ludwig_van_Beethoven\Piano_Sonata_No._7_in_D_Major,_Op._10_No._3\II._Largo_e_mesto\musicxml_cleaned.musicxml.midi",05894,05919,2.220446049250313e-16,7831
1167,"1167::C:\Users\정세린\Desktop\capstone_classicfy\ATEPP_dataset\ATEPP-1.2\Ludwig_van_Beethoven\Piano_Sonata_No._7_in_D_Major,_Op._10_No._3\II._Largo_e_mesto\musicxml_cleaned.musicxml.midi",05894,05920,4.440892098500626e-16,7834
1167,"1167::C:\Users\정세린\Desktop\capstone_classicfy\ATEPP_dataset\ATEPP-1.2\Ludwig_van_Beethoven\Piano_Sonata_No._7_in_D_Major,_Op._10_No._3\II._Largo_e_mesto\musicxml_cleaned.musicxml.midi",05894,05921,4.440892098500626e-16,7831
1167,"1167::C:\Users\정세린\Desktop\capstone_classicfy\ATEPP_dataset\ATEPP-1.2\Ludwig_van_Beethoven\Piano_Sonata_No._7_in_D_Major,_Op._10_No._3\II._Largo_e_mesto\musicxml_cleaned.musicxml.midi",05894,05923,4.440892098500626e-16,7829
1167,"1167::C:\Users\정세린\Desktop\capstone_classicfy\ATEPP_dataset\ATEPP-1.2\Ludwig_van_Beethoven\Piano_Sonata_No._7_in_D_Major,_Op._10_No._3\II._Largo_e_mesto\musicxml_cleaned.musicxml.midi",05894,05925,4.440892098500626e-16,7823
1167,"1167::C:\Users\정세린\Desktop\capstone_classicfy\ATEPP_dataset\ATEPP-1.2\Ludwig_van_Beethoven\Piano_Sonata_No._7_in_D_Major,_Op._10_No._3\II._Largo_e_mesto\musicxml_cleaned.musicxml.midi",05894,05926,4.440892098500626e-16,7835
1167,"1167::C:\Users\정세린\Desktop\capstone_classicfy\ATEPP_dataset\ATEPP-1.2\Ludwig_van_Beethoven\Piano_Sonata_No._7_in_D_Major,_Op._10_No._3\II._Largo_e_mesto\musicxml_cleaned.musicxml.midi",05894,05927,2.220446049250313e-16,7827
1167,"1167::C:\Users\정세린\Desktop\capstone_classicfy\ATEPP_dataset\ATEPP-1.2\Ludwig_van_Beethoven\Piano_Sonata_No._7_in_D_Major,_Op._10_No._3\II._Largo_e_mesto\musicxml_cleaned.musicxml.midi",05894,05928,2.220446049250313e-16,7833
1167,"1167::C:\Users\정세린\Desktop\capstone_classicfy\ATEPP_dataset\ATEPP-1.2\Ludwig_van_Beethoven\Piano_Sonata_No._7_in_D_Major,_Op._10_No._3\II._Largo_e_mesto\musicxml_cleaned.musicxml.midi",05894,05930,8.881784197001252e-16,7829
1167,"1167::C:\Users\정세린\Desktop\capstone_classicfy\ATEPP_dataset\ATEPP-1.2\Ludwig_van_Beethoven\Piano_Sonata_No._7_in_D_Major,_Op._10_No._3\II._Largo_e_mesto\musicxml_cleaned.musicxml.midi",05894,05931,4.440892098500626e-16,7833
1167,"1167::C:\Users\정세린\Desktop\capstone_classicfy\ATEPP_dataset\ATEPP-1.2\Ludwig_van_Beethoven\Piano_Sonata_No._7_in_D_Major,_Op._10_No._3\II._Largo_e_mesto\musicxml_cleaned.musicxml.midi",05894,05933,4.440892098500626e-16,7835
1167,"1167::C:\Users\정세린\Desktop\capstone_classicfy\ATEPP_dataset\ATEPP-1.2\Ludwig_van_Beethoven\Piano_Sonata_No._7_in_D_Major,_Op._10_No._3\II._Largo_e_mesto\musicxml_cleaned.musicxml.midi",05894,05934,4.440892098500626e-16,7828
1167,"1167::C:\Users\정세린\Desktop\capstone_classicfy\ATEPP_dataset\ATEPP-1.2\Ludwig_van_Beethoven\Piano_Sonata_No._7_in_D_Major,_Op._10_No._3\II._Largo_e_mesto\musicxml_cleaned.musicxml.midi",05894,05938,4.440892098500626e-16,7815
1167,"1167::C:\Users\정세린\Desktop\capstone_classicfy\ATEPP_dataset\ATEPP-1.2\Ludwig_van_Beethoven\Piano_Sonata_No._7_in_D_Major,_Op._10_No._3\II._Largo_e_mesto\musicxml_cleaned.musicxml.midi",05894,05939,8.881784197001252e-16,7827
1168,"1168::C:\Users\정세린\Desktop\capstone_classicfy\ATEPP_dataset\ATEPP-1.2\Ludwig_van_Beethoven\Piano_Sonata_No._7_in_D_Major,_Op._10_No._3\I._Presto\Sonate_No._7_1st_Movement.mxl.midi",05943,05944,4.440892098500626e-16,5551
1168,"1168::C:\Users\정세린\Desktop\capstone_classicfy\ATEPP_dataset\ATEPP-1.2\Ludwig_van_Beethoven\Piano_Sonata_No._7_in_D_Major,_Op._10_No._3\I._Presto\Sonate_No._7_1st_Movement.mxl.midi",05943,05945,2.220446049250313e-16,5553
1168,"1168::C:\Users\정세린\Desktop\capstone_classicfy\ATEPP_dataset\ATEPP-1.2\Ludwig_van_Beethoven\Piano_Sonata_No._7_in_D_Major,_Op._10_No._3\I._Presto\Sonate_No._7_1st_Movement.mxl.midi",05943,05949,2.220446049250313e-16,5553
1168,"1168::C:\Users\정세린\Desktop\capstone_classicfy\ATEPP_dataset\ATEPP-1.2\Ludwig_van_Beethoven\Piano_Sonata_No._7_in_D_Major,_Op._10_No._3\I._Presto\Sonate_No._7_1st_Movement.mxl.midi",05943,05950,4.440892098500626e-16,5551
1168,"1168::C:\Users\정세린\Desktop\capstone_classicfy\ATEPP_dataset\ATEPP-1.2\Ludwig_van_Beethoven\Piano_Sonata_No._7_in_D_Major,_Op._10_No._3\I._Presto\Sonate_No._7_1st_Movement.mxl.midi",05943,05952,2.220446049250313e-16,5551
1168,"1168::C:\Users\정세린\Desktop\capstone_classicfy\ATEPP_dataset\ATEPP-1.2\Ludwig_van_Beethoven\Piano_Sonata_No._7_in_D_Major,_Op._10_No._3\I._Presto\Sonate_No._7_1st_Movement.mxl.midi",05943,05953,2.220446049250313e-16,5549
1168,"1168::C:\Users\정세린\Desktop\capstone_classicfy\ATEPP_dataset\ATEPP-1.2\Ludwig_van_Beethoven\Piano_Sonata_No._7_in_D_Major,_Op._10_No._3\I._Presto\Sonate_No._7_1st_Movement.mxl.midi",05943,05954,4.440892098500626e-16,5551
1168,"1168::C:\Users\정세린\Desktop\capstone_classicfy\ATEPP_dataset\ATEPP-1.2\Ludwig_van_Beethoven\Piano_Sonata_No._7_in_D_Major,_Op._10_No._3\I._Presto\Sonate_No._7_1st_Movement.mxl.midi",05943,05955,4.440892098500626e-16,5553
1168,"1168::C:\Users\정세린\Desktop\capstone_classicfy\ATEPP_dataset\ATEPP-1.2\Ludwig_van_Beethoven\Piano_Sonata_No._7_in_D_Major,_Op._10_No._3\I._Presto\Sonate_No._7_1st_Movement.mxl.midi",05943,05957,4.440892098500626e-16,5551
1168,"1168::C:\Users\정세린\Desktop\capstone_classicfy\ATEPP_dataset\ATEPP-1.2\Ludwig_van_Beethoven\Piano_Sonata_No._7_in_D_Major,_Op._10_No._3\I._Presto\Sonate_No._7_1st_Movement.mxl.midi",05943,05958,2.220446049250313e-16,5551
1168,"1168::C:\Users\정세린\Desktop\capstone_classicfy\ATEPP_dataset\ATEPP-1.2\Ludwig_van_Beethoven\Piano_Sonata_No._7_in_D_Major,_Op._10_No._3\I._Presto\Sonate_No._7_1st_Movement.mxl.midi",05943,05959,4.440892098500626e-16,5553
1168,"1168::C:\Users\정세린\Desktop\capstone_classicfy\ATEPP_dataset\ATEPP-1.2\Ludwig_van_Beethoven\Piano_Sonata_No._7_in_D_Major,_Op._10_No._3\I._Presto\Sonate_No._7_1st_Movement.mxl.midi",05943,05961,4.440892098500626e-16,5553
1168,"1168::C:\Users\정세린\Desktop\capstone_classicfy\ATEPP_dataset\ATEPP-1.2\Ludwig_van_Beethoven\Piano_Sonata_No._7_in_D_Major,_Op._10_No._3\I._Presto\Sonate_No._7_1st_Movement.mxl.midi",05943,05962,4.440892098500626e-16,5553
1168,"1168::C:\Users\정세린\Desktop\capstone_classicfy\ATEPP_dataset\ATEPP-1.2\Ludwig_van_Beethoven\Piano_Sonata_No._7_in_D_Major,_Op._10_No._3\I._Presto\Sonate_No._7_1st_Movement.mxl.midi",05943,05963,4.440892098500626e-16,5551
1168,"1168::C:\Users\정세린\Desktop\capstone_classicfy\ATEPP_dataset\ATEPP-1.2\Ludwig_van_Beethoven\Piano_Sonata_No._7_in_D_Major,_Op._10_No._3\I._Presto\Sonate_No._7_1st_Movement.mxl.midi",05943,05964,2.220446049250313e-16,5551
1168,"1168::C:\Users\정세린\Desktop\capstone_classicfy\ATEPP_dataset\ATEPP-1.2\Ludwig_van_Beethoven\Piano_Sonata_No._7_in_D_Major,_Op._10_No._3\I._Presto\Sonate_No._7_1st_Movement.mxl.midi",05943,05965,2.220446049250313e-16,5551
1168,"1168::C:\Users\정세린\Desktop\capstone_classicfy\ATEPP_dataset\ATEPP-1.2\Ludwig_van_Beethoven\Piano_Sonata_No._7_in_D_Major,_Op._10_No._3\I._Presto\Sonate_No._7_1st_Movement.mxl.midi",05943,05966,4.440892098500626e-16,5551
1168,"1168::C:\Users\정세린\Desktop\capstone_classicfy\ATEPP_dataset\ATEPP-1.2\Ludwig_van_Beethoven\Piano_Sonata_No._7_in_D_Major,_Op._10_No._3\I._Presto\Sonate_No._7_1st_Movement.mxl.midi",05943,05967,4.440892098500626e-16,5551
1168,"1168::C:\Users\정세린\Desktop\capstone_classicfy\ATEPP_dataset\ATEPP-1.2\Ludwig_van_Beethoven\Piano_Sonata_No._7_in_D_Major,_Op._10_No._3\I._Presto\Sonate_No._7_1st_Movement.mxl.midi",05943,05968,2.220446049250313e-16,5551
1168,"1168::C:\Users\정세린\Desktop\capstone_classicfy\ATEPP_dataset\ATEPP-1.2\Ludwig_van_Beethoven\Piano_Sonata_No._7_in_D_Major,_Op._10_No._3\I._Presto\Sonate_No._7_1st_Movement.mxl.midi",05943,05969,2.220446049250313e-16,5553
1168,"1168::C:\Users\정세린\Desktop\capstone_classicfy\ATEPP_dataset\ATEPP-1.2\Ludwig_van_Beethoven\Piano_Sonata_No._7_in_D_Major,_Op._10_No._3\I._Presto\Sonate_No._7_1st_Movement.mxl.midi",05943,05970,2.220446049250313e-16,5551
1168,"1168::C:\Users\정세린\Desktop\capstone_classicfy\ATEPP_dataset\ATEPP-1.2\Ludwig_van_Beethoven\Piano_Sonata_No._7_in_D_Major,_Op._10_No._3\I._Presto\Sonate_No._7_1st_Movement.mxl.midi",05943,05972,4.440892098500626e-16,5551
1168,"1168::C:\Users\정세린\Desktop\capstone_classicfy\ATEPP_dataset\ATEPP-1.2\Ludwig_van_Beethoven\Piano_Sonata_No._7_in_D_Major,_Op._10_No._3\I._Presto\Sonate_No._7_1st_Movement.mxl.midi",05943,05973,4.440892098500626e-16,5551
1168,"1168::C:\Users\정세린\Desktop\capstone_classicfy\ATEPP_dataset\ATEPP-1.2\Ludwig_van_Beethoven\Piano_Sonata_No._7_in_D_Major,_Op._10_No._3\I._Presto\Sonate_No._7_1st_Movement.mxl.midi",05943,05974,4.440892098500626e-16,5549
1168,"1168::C:\Users\정세린\Desktop\capstone_classicfy\ATEPP_dataset\ATEPP-1.2\Ludwig_van_Beethoven\Piano_Sonata_No._7_in_D_Major,_Op._10_No._3\I._Presto\Sonate_No._7_1st_Movement.mxl.midi",05943,05975,4.440892098500626e-16,5549
1168,"1168::C:\Users\정세린\Desktop\capstone_classicfy\ATEPP_dataset\ATEPP-1.2\Ludwig_van_Beethoven\Piano_Sonata_No._7_in_D_Major,_Op._10_No._3\I._Presto\Sonate_No._7_1st_Movement.mxl.midi",05943,05977,4.440892098500626e-16,5551
1168,"1168::C:\Users\정세린\Desktop\capstone_classicfy\ATEPP_dataset\ATEPP-1.2\Ludwig_van_Beethoven\Piano_Sonata_No._7_in_D_Major,_Op._10_No._3\I._Presto\Sonate_No._7_1st_Movement.mxl.midi",05943,05978,2.220446049250313e-16,5553
1168,"1168::C:\Users\정세린\Desktop\capstone_classicfy\ATEPP_dataset\ATEPP-1.2\Ludwig_van_Beethoven\Piano_Sonata_No._7_in_D_Major,_Op._10_No._3\I._Presto\Sonate_No._7_1st_Movement.mxl.midi",05943,05980,4.440892098500626e-16,5551
116,"116::C:\Users\정세린\Desktop\capstone_classicfy\ATEPP_dataset\ATEPP-1.2\Franz_Liszt\2_Etudes_de_Concert,_S.145\No.2_Gnomenreigen\musicxml_cleaned.musicxml.midi",00396,00397,4.440892098500626e-16,3863
116,"116::C:\Users\정세린\Desktop\capstone_classicfy\ATEPP_dataset\ATEPP-1.2\Franz_Liszt\2_Etudes_de_Concert,_S.145\No.2_Gnomenreigen\musicxml_cleaned.musicxml.midi",00396,00398,4.440892098500626e-16,3860
116,"116::C:\Users\정세린\Desktop\capstone_classicfy\ATEPP_dataset\ATEPP-1.2\Franz_Liszt\2_Etudes_de_Concert,_S.145\No.2_Gnomenreigen\musicxml_cleaned.musicxml.midi",00396,00399,4.440892098500626e-16,3867
116,"116::C:\Users\정세린\Desktop\capstone_classicfy\ATEPP_dataset\ATEPP-1.2\Franz_Liszt\2_Etudes_de_Concert,_S.145\No.2_Gnomenreigen\musicxml_cleaned.musicxml.midi",00396,00400,4.440892098500626e-16,3867
1175,"1175::C:\Users\정세린\Desktop\capstone_classicfy\ATEPP_dataset\ATEPP-1.2\Ludwig_van_Beethoven\Piano_Sonata_No._20_in_G_Major,_Op._49_No._2\II._Tempo_di_menuetto\Sonate_No._20_2nd_Movement.mxl.midi",06029,06030,4.440892098500626e-16,2506
1175,"1175::C:\Users\정세린\Desktop\capstone_classicfy\ATEPP_dataset\ATEPP-1.2\Ludwig_van_Beethoven\Piano_Sonata_No._20_in_G_Major,_Op._49_No._2\II._Tempo_di_menuetto\Sonate_No._20_2nd_Movement.mxl.midi",06029,06031,4.440892098500626e-16,2506
1175,"1175::C:\Users\정세린\Desktop\capstone_classicfy\ATEPP_dataset\ATEPP-1.2\Ludwig_van_Beethoven\Piano_Sonata_No._20_in_G_Major,_Op._49_No._2\II._Tempo_di_menuetto\Sonate_No._20_2nd_Movement.mxl.midi",06029,06032,4.440892098500626e-16,2506
1175,"1175::C:\Users\정세린\Desktop\capstone_classicfy\ATEPP_dataset\ATEPP-1.2\Ludwig_van_Beethoven\Piano_Sonata_No._20_in_G_Major,_Op._49_No._2\II._Tempo_di_menuetto\Sonate_No._20_2nd_Movement.mxl.midi",06029,06033,2.220446049250313e-16,2506
1175,"1175::C:\Users\정세린\Desktop\capstone_classicfy\ATEPP_dataset\ATEPP-1.2\Ludwig_van_Beethoven\Piano_Sonata_No._20_in_G_Major,_Op._49_No._2\II._Tempo_di_menuetto\Sonate_No._20_2nd_Movement.mxl.midi",06029,06034,4.440892098500626e-16,2506
1175,"1175::C:\Users\정세린\Desktop\capstone_classicfy\ATEPP_dataset\ATEPP-1.2\Ludwig_van_Beethoven\Piano_Sonata_No._20_in_G_Major,_Op._49_No._2\II._Tempo_di_menuetto\Sonate_No._20_2nd_Movement.mxl.midi",06029,06035,4.440892098500626e-16,2506
1175,"1175::C:\Users\정세린\Desktop\capstone_classicfy\ATEPP_dataset\ATEPP-1.2\Ludwig_van_Beethoven\Piano_Sonata_No._20_in_G_Major,_Op._49_No._2\II._Tempo_di_menuetto\Sonate_No._20_2nd_Movement.mxl.midi",06029,06037,4.440892098500626e-16,2506
1175,"1175::C:\Users\정세린\Desktop\capstone_classicfy\ATEPP_dataset\ATEPP-1.2\Ludwig_van_Beethoven\Piano_Sonata_No._20_in_G_Major,_Op._49_No._2\II._Tempo_di_menuetto\Sonate_No._20_2nd_Movement.mxl.midi",06029,06038,4.440892098500626e-16,2506
1175,"1175::C:\Users\정세린\Desktop\capstone_classicfy\ATEPP_dataset\ATEPP-1.2\Ludwig_van_Beethoven\Piano_Sonata_No._20_in_G_Major,_Op._49_No._2\II._Tempo_di_menuetto\Sonate_No._20_2nd_Movement.mxl.midi",06029,06039,4.440892098500626e-16,2506
1175,"1175::C:\Users\정세린\Desktop\capstone_classicfy\ATEPP_dataset\ATEPP-1.2\Ludwig_van_Beethoven\Piano_Sonata_No._20_in_G_Major,_Op._49_No._2\II._Tempo_di_menuetto\Sonate_No._20_2nd_Movement.mxl.midi",06029,06040,4.440892098500626e-16,2506
1175,"1175::C:\Users\정세린\Desktop\capstone_classicfy\ATEPP_dataset\ATEPP-1.2\Ludwig_van_Beethoven\Piano_Sonata_No._20_in_G_Major,_Op._49_No._2\II._Tempo_di_menuetto\Sonate_No._20_2nd_Movement.mxl.midi",06029,06041,4.440892098500626e-16,2506
1175,"1175::C:\Users\정세린\Desktop\capstone_classicfy\ATEPP_dataset\ATEPP-1.2\Ludwig_van_Beethoven\Piano_Sonata_No._20_in_G_Major,_Op._49_No._2\II._Tempo_di_menuetto\Sonate_No._20_2nd_Movement.mxl.midi",06029,06042,4.440892098500626e-16,2506
1175,"1175::C:\Users\정세린\Desktop\capstone_classicfy\ATEPP_dataset\ATEPP-1.2\Ludwig_van_Beethoven\Piano_Sonata_No._20_in_G_Major,_Op._49_No._2\II._Tempo_di_menuetto\Sonate_No._20_2nd_Movement.mxl.midi",06029,06043,4.440892098500626e-16,2506
1175,"1175::C:\Users\정세린\Desktop\capstone_classicfy\ATEPP_dataset\ATEPP-1.2\Ludwig_van_Beethoven\Piano_Sonata_No._20_in_G_Major,_Op._49_No._2\II._Tempo_di_menuetto\Sonate_No._20_2nd_Movement.mxl.midi",06029,06047,8.881784197001252e-16,2506
1175,"1175::C:\Users\정세린\Desktop\capstone_classicfy\ATEPP_dataset\ATEPP-1.2\Ludwig_van_Beethoven\Piano_Sonata_No._20_in_G_Major,_Op._49_No._2\II._Tempo_di_menuetto\Sonate_No._20_2nd_Movement.mxl.midi",06029,06048,4.440892098500626e-16,2506
1175,"1175::C:\Users\정세린\Desktop\capstone_classicfy\ATEPP_dataset\ATEPP-1.2\Ludwig_van_Beethoven\Piano_Sonata_No._20_in_G_Major,_Op._49_No._2\II._Tempo_di_menuetto\Sonate_No._20_2nd_Movement.mxl.midi",06029,06049,4.440892098500626e-16,2506
1175,"1175::C:\Users\정세린\Desktop\capstone_classicfy\ATEPP_dataset\ATEPP-1.2\Ludwig_van_Beethoven\Piano_Sonata_No._20_in_G_Major,_Op._49_No._2\II._Tempo_di_menuetto\Sonate_No._20_2nd_Movement.mxl.midi",06029,06050,4.440892098500626e-16,2506
1175,"1175::C:\Users\정세린\Desktop\capstone_classicfy\ATEPP_dataset\ATEPP-1.2\Ludwig_van_Beethoven\Piano_Sonata_No._20_in_G_Major,_Op._49_No._2\II._Tempo_di_menuetto\Sonate_No._20_2nd_Movement.mxl.midi",06029,06052,4.440892098500626e-16,2506
1175,"1175::C:\Users\정세린\Desktop\capstone_classicfy\ATEPP_dataset\ATEPP-1.2\Ludwig_van_Beethoven\Piano_Sonata_No._20_in_G_Major,_Op._49_No._2\II._Tempo_di_menuetto\Sonate_No._20_2nd_Movement.mxl.midi",06029,06053,4.440892098500626e-16,2506
1175,"1175::C:\Users\정세린\Desktop\capstone_classicfy\ATEPP_dataset\ATEPP-1.2\Ludwig_van_Beethoven\Piano_Sonata_No._20_in_G_Major,_Op._49_No._2\II._Tempo_di_menuetto\Sonate_No._20_2nd_Movement.mxl.midi",06029,06055,4.440892098500626e-16,2506
1175,"1175::C:\Users\정세린\Desktop\capstone_classicfy\ATEPP_dataset\ATEPP-1.2\Ludwig_van_Beethoven\Piano_Sonata_No._20_in_G_Major,_Op._49_No._2\II._Tempo_di_menuetto\Sonate_No._20_2nd_Movement.mxl.midi",06029,06056,4.440892098500626e-16,2506
1175,"1175::C:\Users\정세린\Desktop\capstone_classicfy\ATEPP_dataset\ATEPP-1.2\Ludwig_van_Beethoven\Piano_Sonata_No._20_in_G_Major,_Op._49_No._2\II._Tempo_di_menuetto\Sonate_No._20_2nd_Movement.mxl.midi",06029,06057,4.440892098500626e-16,2506
1175,"1175::C:\Users\정세린\Desktop\capstone_classicfy\ATEPP_dataset\ATEPP-1.2\Ludwig_van_Beethoven\Piano_Sonata_No._20_in_G_Major,_Op._49_No._2\II._Tempo_di_menuetto\Sonate_No._20_2nd_Movement.mxl.midi",06029,06059,4.440892098500626e-16,2506
1176,"1176::C:\Users\정세린\Desktop\capstone_classicfy\ATEPP_dataset\ATEPP-1.2\Ludwig_van_Beethoven\Piano_Sonata_No._20_in_G_Major,_Op._49_No._2\I._Allegro_ma_non_troppo\Sonate_No._20_1st_Movement.mxl.midi",06061,06062,4.440892098500626e-16,4823
1176,"1176::C:\Users\정세린\Desktop\capstone_classicfy\ATEPP_dataset\ATEPP-1.2\Ludwig_van_Beethoven\Piano_Sonata_No._20_in_G_Major,_Op._49_No._2\I._Allegro_ma_non_troppo\Sonate_No._20_1st_Movement.mxl.midi",06061,06063,4.440892098500626e-16,4823
1176,"1176::C:\Users\정세린\Desktop\capstone_classicfy\ATEPP_dataset\ATEPP-1.2\Ludwig_van_Beethoven\Piano_Sonata_No._20_in_G_Major,_Op._49_No._2\I._Allegro_ma_non_troppo\Sonate_No._20_1st_Movement.mxl.midi",06061,06064,4.440892098500626e-16,4823
1176,"1176::C:\Users\정세린\Desktop\capstone_classicfy\ATEPP_dataset\ATEPP-1.2\Ludwig_van_Beethoven\Piano_Sonata_No._20_in_G_Major,_Op._49_No._2\I._Allegro_ma_non_troppo\Sonate_No._20_1st_Movement.mxl.midi",06061,06067,2.220446049250313e-16,4821
1176,"1176::C:\Users\정세린\Desktop\capstone_classicfy\ATEPP_dataset\ATEPP-1.2\Ludwig_van_Beethoven\Piano_Sonata_No._20_in_G_Major,_Op._49_No._2\I._Allegro_ma_non_troppo\Sonate_No._20_1st_Movement.mxl.midi",06061,06068,8.881784197001252e-16,4822
1176,"1176::C:\Users\정세린\Desktop\capstone_classicfy\ATEPP_dataset\ATEPP-1.2\Ludwig_van_Beethoven\Piano_Sonata_No._20_in_G_Major,_Op._49_No._2\I._Allegro_ma_non_troppo\Sonate_No._20_1st_Movement.mxl.midi",06061,06069,4.440892098500626e-16,4821
1176,"1176::C:\Users\정세린\Desktop\capstone_classicfy\ATEPP_dataset\ATEPP-1.2\Ludwig_van_Beethoven\Piano_Sonata_No._20_in_G_Major,_Op._49_No._2\I._Allegro_ma_non_troppo\Sonate_No._20_1st_Movement.mxl.midi",06061,06070,4.440892098500626e-16,4823
1176,"1176::C:\Users\정세린\Desktop\capstone_classicfy\ATEPP_dataset\ATEPP-1.2\Ludwig_van_Beethoven\Piano_Sonata_No._20_in_G_Major,_Op._49_No._2\I._Allegro_ma_non_troppo\Sonate_No._20_1st_Movement.mxl.midi",06061,06071,4.440892098500626e-16,4819
1176,"1176::C:\Users\정세린\Desktop\capstone_classicfy\ATEPP_dataset\ATEPP-1.2\Ludwig_van_Beethoven\Piano_Sonata_No._20_in_G_Major,_Op._49_No._2\I._Allegro_ma_non_troppo\Sonate_No._20_1st_Movement.mxl.midi",06061,06072,4.440892098500626e-16,4822
1176,"1176::C:\Users\정세린\Desktop\capstone_classicfy\ATEPP_dataset\ATEPP-1.2\Ludwig_van_Beethoven\Piano_Sonata_No._20_in_G_Major,_Op._49_No._2\I._Allegro_ma_non_troppo\Sonate_No._20_1st_Movement.mxl.midi",06061,06073,4.440892098500626e-16,4823
1176,"1176::C:\Users\정세린\Desktop\capstone_classicfy\ATEPP_dataset\ATEPP-1.2\Ludwig_van_Beethoven\Piano_Sonata_No._20_in_G_Major,_Op._49_No._2\I._Allegro_ma_non_troppo\Sonate_No._20_1st_Movement.mxl.midi",06061,06077,4.440892098500626e-16,4823
1176,"1176::C:\Users\정세린\Desktop\capstone_classicfy\ATEPP_dataset\ATEPP-1.2\Ludwig_van_Beethoven\Piano_Sonata_No._20_in_G_Major,_Op._49_No._2\I._Allegro_ma_non_troppo\Sonate_No._20_1st_Movement.mxl.midi",06061,06078,4.440892098500626e-16,4823
1176,"1176::C:\Users\정세린\Desktop\capstone_classicfy\ATEPP_dataset\ATEPP-1.2\Ludwig_van_Beethoven\Piano_Sonata_No._20_in_G_Major,_Op._49_No._2\I._Allegro_ma_non_troppo\Sonate_No._20_1st_Movement.mxl.midi",06061,06079,4.440892098500626e-16,4821
1176,"1176::C:\Users\정세린\Desktop\capstone_classicfy\ATEPP_dataset\ATEPP-1.2\Ludwig_van_Beethoven\Piano_Sonata_No._20_in_G_Major,_Op._49_No._2\I._Allegro_ma_non_troppo\Sonate_No._20_1st_Movement.mxl.midi",06061,06082,2.220446049250313e-16,4819
1176,"1176::C:\Users\정세린\Desktop\capstone_classicfy\ATEPP_dataset\ATEPP-1.2\Ludwig_van_Beethoven\Piano_Sonata_No._20_in_G_Major,_Op._49_No._2\I._Allegro_ma_non_troppo\Sonate_No._20_1st_Movement.mxl.midi",06061,06083,4.440892098500626e-16,4822
1176,"1176::C:\Users\정세린\Desktop\capstone_classicfy\ATEPP_dataset\ATEPP-1.2\Ludwig_van_Beethoven\Piano_Sonata_No._20_in_G_Major,_Op._49_No._2\I._Allegro_ma_non_troppo\Sonate_No._20_1st_Movement.mxl.midi",06061,06085,4.440892098500626e-16,4823
1176,"1176::C:\Users\정세린\Desktop\capstone_classicfy\ATEPP_dataset\ATEPP-1.2\Ludwig_van_Beethoven\Piano_Sonata_No._20_in_G_Major,_Op._49_No._2\I._Allegro_ma_non_troppo\Sonate_No._20_1st_Movement.mxl.midi",06061,06086,4.440892098500626e-16,4823
1177,"1177::C:\Users\정세린\Desktop\capstone_classicfy\ATEPP_dataset\ATEPP-1.2\Ludwig_van_Beethoven\Piano_Sonata_No._3_in_C_Major,_Op._2_No._3\I._Allegro_con_brio\musicxml_cleaned.musicxml.midi",06093,06099,8.881784197001252e-16,7865
1177,"1177::C:\Users\정세린\Desktop\capstone_classicfy\ATEPP_dataset\ATEPP-1.2\Ludwig_van_Beethoven\Piano_Sonata_No._3_in_C_Major,_Op._2_No._3\I._Allegro_con_brio\musicxml_cleaned.musicxml.midi",06093,06100,4.440892098500626e-16,7871
1177,"1177::C:\Users\정세린\Desktop\capstone_classicfy\ATEPP_dataset\ATEPP-1.2\Ludwig_van_Beethoven\Piano_Sonata_No._3_in_C_Major,_Op._2_No._3\I._Allegro_con_brio\musicxml_cleaned.musicxml.midi",06093,06101,8.881784197001252e-16,7869
1177,"1177::C:\Users\정세린\Desktop\capstone_classicfy\ATEPP_dataset\ATEPP-1.2\Ludwig_van_Beethoven\Piano_Sonata_No._3_in_C_Major,_Op._2_No._3\I._Allegro_con_brio\musicxml_cleaned.musicxml.midi",06093,06102,4.440892098500626e-16,7866
1177,"1177::C:\Users\정세린\Desktop\capstone_classicfy\ATEPP_dataset\ATEPP-1.2\Ludwig_van_Beethoven\Piano_Sonata_No._3_in_C_Major,_Op._2_No._3\I._Allegro_con_brio\musicxml_cleaned.musicxml.midi",06093,06103,4.440892098500626e-16,7871
1177,"1177::C:\Users\정세린\Desktop\capstone_classicfy\ATEPP_dataset\ATEPP-1.2\Ludwig_van_Beethoven\Piano_Sonata_No._3_in_C_Major,_Op._2_No._3\I._Allegro_con_brio\musicxml_cleaned.musicxml.midi",06093,06104,4.440892098500626e-16,7867
1177,"1177::C:\Users\정세린\Desktop\capstone_classicfy\ATEPP_dataset\ATEPP-1.2\Ludwig_van_Beethoven\Piano_Sonata_No._3_in_C_Major,_Op._2_No._3\I._Allegro_con_brio\musicxml_cleaned.musicxml.midi",06093,06105,4.440892098500626e-16,7871
1177,"1177::C:\Users\정세린\Desktop\capstone_classicfy\ATEPP_dataset\ATEPP-1.2\Ludwig_van_Beethoven\Piano_Sonata_No._3_in_C_Major,_Op._2_No._3\I._Allegro_con_brio\musicxml_cleaned.musicxml.midi",06093,06113,4.440892098500626e-16,7869
1177,"1177::C:\Users\정세린\Desktop\capstone_classicfy\ATEPP_dataset\ATEPP-1.2\Ludwig_van_Beethoven\Piano_Sonata_No._3_in_C_Major,_Op._2_No._3\I._Allegro_con_brio\musicxml_cleaned.musicxml.midi",06093,06114,4.440892098500626e-16,7869
1177,"1177::C:\Users\정세린\Desktop\capstone_classicfy\ATEPP_dataset\ATEPP-1.2\Ludwig_van_Beethoven\Piano_Sonata_No._3_in_C_Major,_Op._2_No._3\I._Allegro_con_brio\musicxml_cleaned.musicxml.midi",06093,06115,4.440892098500626e-16,7871
1177,"1177::C:\Users\정세린\Desktop\capstone_classicfy\ATEPP_dataset\ATEPP-1.2\Ludwig_van_Beethoven\Piano_Sonata_No._3_in_C_Major,_Op._2_No._3\I._Allegro_con_brio\musicxml_cleaned.musicxml.midi",06093,06117,4.440892098500626e-16,7869
1177,"1177::C:\Users\정세린\Desktop\capstone_classicfy\ATEPP_dataset\ATEPP-1.2\Ludwig_van_Beethoven\Piano_Sonata_No._3_in_C_Major,_Op._2_No._3\I._Allegro_con_brio\musicxml_cleaned.musicxml.midi",06093,06120,8.881784197001252e-16,7871
1177,"1177::C:\Users\정세린\Desktop\capstone_classicfy\ATEPP_dataset\ATEPP-1.2\Ludwig_van_Beethoven\Piano_Sonata_No._3_in_C_Major,_Op._2_No._3\I._Allegro_con_brio\musicxml_cleaned.musicxml.midi",06093,06122,4.440892098500626e-16,7871
1177,"1177::C:\Users\정세린\Desktop\capstone_classicfy\ATEPP_dataset\ATEPP-1.2\Ludwig_van_Beethoven\Piano_Sonata_No._3_in_C_Major,_Op._2_No._3\I._Allegro_con_brio\musicxml_cleaned.musicxml.midi",06093,06123,4.440892098500626e-16,7871
1177,"1177::C:\Users\정세린\Desktop\capstone_classicfy\ATEPP_dataset\ATEPP-1.2\Ludwig_van_Beethoven\Piano_Sonata_No._3_in_C_Major,_Op._2_No._3\I._Allegro_con_brio\musicxml_cleaned.musicxml.midi",06093,06124,8.881784197001252e-16,7871
1177,"1177::C:\Users\정세린\Desktop\capstone_classicfy\ATEPP_dataset\ATEPP-1.2\Ludwig_van_Beethoven\Piano_Sonata_No._3_in_C_Major,_Op._2_No._3\I._Allegro_con_brio\musicxml_cleaned.musicxml.midi",06093,06127,4.440892098500626e-16,7858
1177,"1177::C:\Users\정세린\Desktop\capstone_classicfy\ATEPP_dataset\ATEPP-1.2\Ludwig_van_Beethoven\Piano_Sonata_No._3_in_C_Major,_Op._2_No._3\I._Allegro_con_brio\musicxml_cleaned.musicxml.midi",06093,06128,4.440892098500626e-16,7869
1177,"1177::C:\Users\정세린\Desktop\capstone_classicfy\ATEPP_dataset\ATEPP-1.2\Ludwig_van_Beethoven\Piano_Sonata_No._3_in_C_Major,_Op._2_No._3\I._Allegro_con_brio\musicxml_cleaned.musicxml.midi",06093,06130,4.440892098500626e-16,7871
1177,"1177::C:\Users\정세린\Desktop\capstone_classicfy\ATEPP_dataset\ATEPP-1.2\Ludwig_van_Beethoven\Piano_Sonata_No._3_in_C_Major,_Op._2_No._3\I._Allegro_con_brio\musicxml_cleaned.musicxml.midi",06093,06133,4.440892098500626e-16,7871
1177,"1177::C:\Users\정세린\Desktop\capstone_classicfy\ATEPP_dataset\ATEPP-1.2\Ludwig_van_Beethoven\Piano_Sonata_No._3_in_C_Major,_Op._2_No._3\I._Allegro_con_brio\musicxml_cleaned.musicxml.midi",06093,06134,4.440892098500626e-16,7869
1178,"1178::C:\Users\정세린\Desktop\capstone_classicfy\ATEPP_dataset\ATEPP-1.2\Ludwig_van_Beethoven\Piano_Sonata_No._3_in_C_Major,_Op._2_No._3\III._Scherzo._Allegro\Sonate_No._3_3rd_Movement.mxl.midi",06138,06142,2.220446049250313e-16,3061
1178,"1178::C:\Users\정세린\Desktop\capstone_classicfy\ATEPP_dataset\ATEPP-1.2\Ludwig_van_Beethoven\Piano_Sonata_No._3_in_C_Major,_Op._2_No._3\III._Scherzo._Allegro\Sonate_No._3_3rd_Movement.mxl.midi",06138,06143,4.440892098500626e-16,3057
1178,"1178::C:\Users\정세린\Desktop\capstone_classicfy\ATEPP_dataset\ATEPP-1.2\Ludwig_van_Beethoven\Piano_Sonata_No._3_in_C_Major,_Op._2_No._3\III._Scherzo._Allegro\Sonate_No._3_3rd_Movement.mxl.midi",06138,06144,2.220446049250313e-16,3063
1178,"1178::C:\Users\정세린\Desktop\capstone_classicfy\ATEPP_dataset\ATEPP-1.2\Ludwig_van_Beethoven\Piano_Sonata_No._3_in_C_Major,_Op._2_No._3\III._Scherzo._Allegro\Sonate_No._3_3rd_Movement.mxl.midi",06138,06145,2.220446049250313e-16,3063
1178,"1178::C:\Users\정세린\Desktop\capstone_classicfy\ATEPP_dataset\ATEPP-1.2\Ludwig_van_Beethoven\Piano_Sonata_No._3_in_C_Major,_Op._2_No._3\III._Scherzo._Allegro\Sonate_No._3_3rd_Movement.mxl.midi",06138,06146,4.440892098500626e-16,3063
1178,"1178::C:\Users\정세린\Desktop\capstone_classicfy\ATEPP_dataset\ATEPP-1.2\Ludwig_van_Beethoven\Piano_Sonata_No._3_in_C_Major,_Op._2_No._3\III._Scherzo._Allegro\Sonate_No._3_3rd_Movement.mxl.midi",06138,06147,2.220446049250313e-16,3063
1178,"1178::C:\Users\정세린\Desktop\capstone_classicfy\ATEPP_dataset\ATEPP-1.2\Ludwig_van_Beethoven\Piano_Sonata_No._3_in_C_Major,_Op._2_No._3\III._Scherzo._Allegro\Sonate_No._3_3rd_Movement.mxl.midi",06138,06148,4.440892098500626e-16,3060
1178,"1178::C:\Users\정세린\Desktop\capstone_classicfy\ATEPP_dataset\ATEPP-1.2\Ludwig_van_Beethoven\Piano_Sonata_No._3_in_C_Major,_Op._2_No._3\III._Scherzo._Allegro\Sonate_No._3_3rd_Movement.mxl.midi",06138,06151,4.440892098500626e-16,3063
1178,"1178::C:\Users\정세린\Desktop\capstone_classicfy\ATEPP_dataset\ATEPP-1.2\Ludwig_van_Beethoven\Piano_Sonata_No._3_in_C_Major,_Op._2_No._3\III._Scherzo._Allegro\Sonate_No._3_3rd_Movement.mxl.midi",06138,06152,2.220446049250313e-16,3063
1178,"1178::C:\Users\정세린\Desktop\capstone_classicfy\ATEPP_dataset\ATEPP-1.2\Ludwig_van_Beethoven\Piano_Sonata_No._3_in_C_Major,_Op._2_No._3\III._Scherzo._Allegro\Sonate_No._3_3rd_Movement.mxl.midi",06138,06153,4.440892098500626e-16,3063
1178,"1178::C:\Users\정세린\Desktop\capstone_classicfy\ATEPP_dataset\ATEPP-1.2\Ludwig_van_Beethoven\Piano_Sonata_No._3_in_C_Major,_Op._2_No._3\III._Scherzo._Allegro\Sonate_No._3_3rd_Movement.mxl.midi",06138,06156,2.220446049250313e-16,3063
1178,"1178::C:\Users\정세린\Desktop\capstone_classicfy\ATEPP_dataset\ATEPP-1.2\Ludwig_van_Beethoven\Piano_Sonata_No._3_in_C_Major,_Op._2_No._3\III._Scherzo._Allegro\Sonate_No._3_3rd_Movement.mxl.midi",06138,06157,4.440892098500626e-16,3063
1178,"1178::C:\Users\정세린\Desktop\capstone_classicfy\ATEPP_dataset\ATEPP-1.2\Ludwig_van_Beethoven\Piano_Sonata_No._3_in_C_Major,_Op._2_No._3\III._Scherzo._Allegro\Sonate_No._3_3rd_Movement.mxl.midi",06138,06158,4.440892098500626e-16,3063
1178,"1178::C:\Users\정세린\Desktop\capstone_classicfy\ATEPP_dataset\ATEPP-1.2\Ludwig_van_Beethoven\Piano_Sonata_No._3_in_C_Major,_Op._2_No._3\III._Scherzo._Allegro\Sonate_No._3_3rd_Movement.mxl.midi",06138,06159,4.440892098500626e-16,3063
1178,"1178::C:\Users\정세린\Desktop\capstone_classicfy\ATEPP_dataset\ATEPP-1.2\Ludwig_van_Beethoven\Piano_Sonata_No._3_in_C_Major,_Op._2_No._3\III._Scherzo._Allegro\Sonate_No._3_3rd_Movement.mxl.midi",06138,06160,4.440892098500626e-16,3063
1178,"1178::C:\Users\정세린\Desktop\capstone_classicfy\ATEPP_dataset\ATEPP-1.2\Ludwig_van_Beethoven\Piano_Sonata_No._3_in_C_Major,_Op._2_No._3\III._Scherzo._Allegro\Sonate_No._3_3rd_Movement.mxl.midi",06138,06161,8.881784197001252e-16,3056
1178,"1178::C:\Users\정세린\Desktop\capstone_classicfy\ATEPP_dataset\ATEPP-1.2\Ludwig_van_Beethoven\Piano_Sonata_No._3_in_C_Major,_Op._2_No._3\III._Scherzo._Allegro\Sonate_No._3_3rd_Movement.mxl.midi",06138,06162,4.440892098500626e-16,3063
1178,"1178::C:\Users\정세린\Desktop\capstone_classicfy\ATEPP_dataset\ATEPP-1.2\Ludwig_van_Beethoven\Piano_Sonata_No._3_in_C_Major,_Op._2_No._3\III._Scherzo._Allegro\Sonate_No._3_3rd_Movement.mxl.midi",06138,06165,2.220446049250313e-16,3063
1178,"1178::C:\Users\정세린\Desktop\capstone_classicfy\ATEPP_dataset\ATEPP-1.2\Ludwig_van_Beethoven\Piano_Sonata_No._3_in_C_Major,_Op._2_No._3\III._Scherzo._Allegro\Sonate_No._3_3rd_Movement.mxl.midi",06138,06166,2.220446049250313e-16,3063
1179,"1179::C:\Users\정세린\Desktop\capstone_classicfy\ATEPP_dataset\ATEPP-1.2\Ludwig_van_Beethoven\Piano_Sonata_No._3_in_C_Major,_Op._2_No._3\II._Adagio\musicxml_cleaned.musicxml.midi",06172,06178,8.881784197001252e-16,6399
1179,"1179::C:\Users\정세린\Desktop\capstone_classicfy\ATEPP_dataset\ATEPP-1.2\Ludwig_van_Beethoven\Piano_Sonata_No._3_in_C_Major,_Op._2_No._3\II._Adagio\musicxml_cleaned.musicxml.midi",06172,06179,8.881784197001252e-16,6401
1179,"1179::C:\Users\정세린\Desktop\capstone_classicfy\ATEPP_dataset\ATEPP-1.2\Ludwig_van_Beethoven\Piano_Sonata_No._3_in_C_Major,_Op._2_No._3\II._Adagio\musicxml_cleaned.musicxml.midi",06172,06180,8.881784197001252e-16,6401
1179,"1179::C:\Users\정세린\Desktop\capstone_classicfy\ATEPP_dataset\ATEPP-1.2\Ludwig_van_Beethoven\Piano_Sonata_No._3_in_C_Major,_Op._2_No._3\II._Adagio\musicxml_cleaned.musicxml.midi",06172,06182,4.440892098500626e-16,6403
1179,"1179::C:\Users\정세린\Desktop\capstone_classicfy\ATEPP_dataset\ATEPP-1.2\Ludwig_van_Beethoven\Piano_Sonata_No._3_in_C_Major,_Op._2_No._3\II._Adagio\musicxml_cleaned.musicxml.midi",06172,06183,8.881784197001252e-16,6402
1179,"1179::C:\Users\정세린\Desktop\capstone_classicfy\ATEPP_dataset\ATEPP-1.2\Ludwig_van_Beethoven\Piano_Sonata_No._3_in_C_Major,_Op._2_No._3\II._Adagio\musicxml_cleaned.musicxml.midi",06172,06184,8.881784197001252e-16,6400
1179,"1179::C:\Users\정세린\Desktop\capstone_classicfy\ATEPP_dataset\ATEPP-1.2\Ludwig_van_Beethoven\Piano_Sonata_No._3_in_C_Major,_Op._2_No._3\II._Adagio\musicxml_cleaned.musicxml.midi",06172,06185,8.881784197001252e-16,6403
1179,"1179::C:\Users\정세린\Desktop\capstone_classicfy\ATEPP_dataset\ATEPP-1.2\Ludwig_van_Beethoven\Piano_Sonata_No._3_in_C_Major,_Op._2_No._3\II._Adagio\musicxml_cleaned.musicxml.midi",06172,06190,8.881784197001252e-16,6400
1179,"1179::C:\Users\정세린\Desktop\capstone_classicfy\ATEPP_dataset\ATEPP-1.2\Ludwig_van_Beethoven\Piano_Sonata_No._3_in_C_Major,_Op._2_No._3\II._Adagio\musicxml_cleaned.musicxml.midi",06172,06191,4.440892098500626e-16,6401
1179,"1179::C:\Users\정세린\Desktop\capstone_classicfy\ATEPP_dataset\ATEPP-1.2\Ludwig_van_Beethoven\Piano_Sonata_No._3_in_C_Major,_Op._2_No._3\II._Adagio\musicxml_cleaned.musicxml.midi",06172,06192,8.881784197001252e-16,6397
1179,"1179::C:\Users\정세린\Desktop\capstone_classicfy\ATEPP_dataset\ATEPP-1.2\Ludwig_van_Beethoven\Piano_Sonata_No._3_in_C_Major,_Op._2_No._3\II._Adagio\musicxml_cleaned.musicxml.midi",06172,06194,4.440892098500626e-16,6403
1179,"1179::C:\Users\정세린\Desktop\capstone_classicfy\ATEPP_dataset\ATEPP-1.2\Ludwig_van_Beethoven\Piano_Sonata_No._3_in_C_Major,_Op._2_No._3\II._Adagio\musicxml_cleaned.musicxml.midi",06172,06195,4.440892098500626e-16,6399
1179,"1179::C:\Users\정세린\Desktop\capstone_classicfy\ATEPP_dataset\ATEPP-1.2\Ludwig_van_Beethoven\Piano_Sonata_No._3_in_C_Major,_Op._2_No._3\II._Adagio\musicxml_cleaned.musicxml.midi",06172,06197,4.440892098500626e-16,6401
1179,"1179::C:\Users\정세린\Desktop\capstone_classicfy\ATEPP_dataset\ATEPP-1.2\Ludwig_van_Beethoven\Piano_Sonata_No._3_in_C_Major,_Op._2_No._3\II._Adagio\musicxml_cleaned.musicxml.midi",06172,06198,8.881784197001252e-16,6403
1179,"1179::C:\Users\정세린\Desktop\capstone_classicfy\ATEPP_dataset\ATEPP-1.2\Ludwig_van_Beethoven\Piano_Sonata_No._3_in_C_Major,_Op._2_No._3\II._Adagio\musicxml_cleaned.musicxml.midi",06172,06199,8.881784197001252e-16,6403
1179,"1179::C:\Users\정세린\Desktop\capstone_classicfy\ATEPP_dataset\ATEPP-1.2\Ludwig_van_Beethoven\Piano_Sonata_No._3_in_C_Major,_Op._2_No._3\II._Adagio\musicxml_cleaned.musicxml.midi",06172,06202,1.7763568394002505e-15,6395
1179,"1179::C:\Users\정세린\Desktop\capstone_classicfy\ATEPP_dataset\ATEPP-1.2\Ludwig_van_Beethoven\Piano_Sonata_No._3_in_C_Major,_Op._2_No._3\II._Adagio\musicxml_cleaned.musicxml.midi",06172,06203,4.440892098500626e-16,6401
1179,"1179::C:\Users\정세린\Desktop\capstone_classicfy\ATEPP_dataset\ATEPP-1.2\Ludwig_van_Beethoven\Piano_Sonata_No._3_in_C_Major,_Op._2_No._3\II._Adagio\musicxml_cleaned.musicxml.midi",06172,06205,4.440892098500626e-16,6397
1179,"1179::C:\Users\정세린\Desktop\capstone_classicfy\ATEPP_dataset\ATEPP-1.2\Ludwig_van_Beethoven\Piano_Sonata_No._3_in_C_Major,_Op._2_No._3\II._Adagio\musicxml_cleaned.musicxml.midi",06172,06208,4.440892098500626e-16,6400
1179,"1179::C:\Users\정세린\Desktop\capstone_classicfy\ATEPP_dataset\ATEPP-1.2\Ludwig_van_Beethoven\Piano_Sonata_No._3_in_C_Major,_Op._2_No._3\II._Adagio\musicxml_cleaned.musicxml.midi",06172,06209,4.440892098500626e-16,6396
117,"117::C:\Users\정세린\Desktop\capstone_classicfy\ATEPP_dataset\ATEPP-1.2\Franz_Liszt\12_Etudes_d'exe╠ücution_transcendante,_S.139\No.11_Harmonies_du_soir_(Andantino)\musicxml_cleaned.musicxml.midi",00401,00404,8.881784197001252e-16,4356
117,"117::C:\Users\정세린\Desktop\capstone_classicfy\ATEPP_dataset\ATEPP-1.2\Franz_Liszt\12_Etudes_d'exe╠ücution_transcendante,_S.139\No.11_Harmonies_du_soir_(Andantino)\musicxml_cleaned.musicxml.midi",00401,00405,8.881784197001252e-16,4356
117,"117::C:\Users\정세린\Desktop\capstone_classicfy\ATEPP_dataset\ATEPP-1.2\Franz_Liszt\12_Etudes_d'exe╠ücution_transcendante,_S.139\No.11_Harmonies_du_soir_(Andantino)\musicxml_cleaned.musicxml.midi",00401,00406,4.440892098500626e-16,4356
117,"117::C:\Users\정세린\Desktop\capstone_classicfy\ATEPP_dataset\ATEPP-1.2\Franz_Liszt\12_Etudes_d'exe╠ücution_transcendante,_S.139\No.11_Harmonies_du_soir_(Andantino)\musicxml_cleaned.musicxml.midi",00401,00407,4.440892098500626e-16,4356
117,"117::C:\Users\정세린\Desktop\capstone_classicfy\ATEPP_dataset\ATEPP-1.2\Franz_Liszt\12_Etudes_d'exe╠ücution_transcendante,_S.139\No.11_Harmonies_du_soir_(Andantino)\musicxml_cleaned.musicxml.midi",00401,00408,4.440892098500626e-16,4352
117,"117::C:\Users\정세린\Desktop\capstone_classicfy\ATEPP_dataset\ATEPP-1.2\Franz_Liszt\12_Etudes_d'exe╠ücution_transcendante,_S.139\No.11_Harmonies_du_soir_(Andantino)\musicxml_cleaned.musicxml.midi",00401,00409,8.881784197001252e-16,4356
1180,"1180::C:\Users\정세린\Desktop\capstone_classicfy\ATEPP_dataset\ATEPP-1.2\Ludwig_van_Beethoven\Piano_Sonata_No._3_in_C_Major,_Op._2_No._3\IV._Allegro_assai\Sonate_No._3_4th_Movement.mxl.midi",06214,06220,4.440892098500626e-16,4142
1180,"1180::C:\Users\정세린\Desktop\capstone_classicfy\ATEPP_dataset\ATEPP-1.2\Ludwig_van_Beethoven\Piano_Sonata_No._3_in_C_Major,_Op._2_No._3\IV._Allegro_assai\Sonate_No._3_4th_Movement.mxl.midi",06214,06221,4.440892098500626e-16,4142
1180,"1180::C:\Users\정세린\Desktop\capstone_classicfy\ATEPP_dataset\ATEPP-1.2\Ludwig_van_Beethoven\Piano_Sonata_No._3_in_C_Major,_Op._2_No._3\IV._Allegro_assai\Sonate_No._3_4th_Movement.mxl.midi",06214,06222,4.440892098500626e-16,4142
1180,"1180::C:\Users\정세린\Desktop\capstone_classicfy\ATEPP_dataset\ATEPP-1.2\Ludwig_van_Beethoven\Piano_Sonata_No._3_in_C_Major,_Op._2_No._3\IV._Allegro_assai\Sonate_No._3_4th_Movement.mxl.midi",06214,06223,4.440892098500626e-16,4142
1180,"1180::C:\Users\정세린\Desktop\capstone_classicfy\ATEPP_dataset\ATEPP-1.2\Ludwig_van_Beethoven\Piano_Sonata_No._3_in_C_Major,_Op._2_No._3\IV._Allegro_assai\Sonate_No._3_4th_Movement.mxl.midi",06214,06225,4.440892098500626e-16,4142
1180,"1180::C:\Users\정세린\Desktop\capstone_classicfy\ATEPP_dataset\ATEPP-1.2\Ludwig_van_Beethoven\Piano_Sonata_No._3_in_C_Major,_Op._2_No._3\IV._Allegro_assai\Sonate_No._3_4th_Movement.mxl.midi",06214,06226,4.440892098500626e-16,4142
1180,"1180::C:\Users\정세린\Desktop\capstone_classicfy\ATEPP_dataset\ATEPP-1.2\Ludwig_van_Beethoven\Piano_Sonata_No._3_in_C_Major,_Op._2_No._3\IV._Allegro_assai\Sonate_No._3_4th_Movement.mxl.midi",06214,06227,4.440892098500626e-16,4142
1180,"1180::C:\Users\정세린\Desktop\capstone_classicfy\ATEPP_dataset\ATEPP-1.2\Ludwig_van_Beethoven\Piano_Sonata_No._3_in_C_Major,_Op._2_No._3\IV._Allegro_assai\Sonate_No._3_4th_Movement.mxl.midi",06214,06228,4.440892098500626e-16,4142
1180,"1180::C:\Users\정세린\Desktop\capstone_classicfy\ATEPP_dataset\ATEPP-1.2\Ludwig_van_Beethoven\Piano_Sonata_No._3_in_C_Major,_Op._2_No._3\IV._Allegro_assai\Sonate_No._3_4th_Movement.mxl.midi",06214,06233,4.440892098500626e-16,4142
1180,"1180::C:\Users\정세린\Desktop\capstone_classicfy\ATEPP_dataset\ATEPP-1.2\Ludwig_van_Beethoven\Piano_Sonata_No._3_in_C_Major,_Op._2_No._3\IV._Allegro_assai\Sonate_No._3_4th_Movement.mxl.midi",06214,06234,4.440892098500626e-16,4142
1180,"1180::C:\Users\정세린\Desktop\capstone_classicfy\ATEPP_dataset\ATEPP-1.2\Ludwig_van_Beethoven\Piano_Sonata_No._3_in_C_Major,_Op._2_No._3\IV._Allegro_assai\Sonate_No._3_4th_Movement.mxl.midi",06214,06235,4.440892098500626e-16,4142
1180,"1180::C:\Users\정세린\Desktop\capstone_classicfy\ATEPP_dataset\ATEPP-1.2\Ludwig_van_Beethoven\Piano_Sonata_No._3_in_C_Major,_Op._2_No._3\IV._Allegro_assai\Sonate_No._3_4th_Movement.mxl.midi",06214,06236,4.440892098500626e-16,4142
1180,"1180::C:\Users\정세린\Desktop\capstone_classicfy\ATEPP_dataset\ATEPP-1.2\Ludwig_van_Beethoven\Piano_Sonata_No._3_in_C_Major,_Op._2_No._3\IV._Allegro_assai\Sonate_No._3_4th_Movement.mxl.midi",06214,06237,4.440892098500626e-16,4142
1180,"1180::C:\Users\정세린\Desktop\capstone_classicfy\ATEPP_dataset\ATEPP-1.2\Ludwig_van_Beethoven\Piano_Sonata_No._3_in_C_Major,_Op._2_No._3\IV._Allegro_assai\Sonate_No._3_4th_Movement.mxl.midi",06214,06239,4.440892098500626e-16,4142
1180,"1180::C:\Users\정세린\Desktop\capstone_classicfy\ATEPP_dataset\ATEPP-1.2\Ludwig_van_Beethoven\Piano_Sonata_No._3_in_C_Major,_Op._2_No._3\IV._Allegro_assai\Sonate_No._3_4th_Movement.mxl.midi",06214,06240,4.440892098500626e-16,4142
1180,"1180::C:\Users\정세린\Desktop\capstone_classicfy\ATEPP_dataset\ATEPP-1.2\Ludwig_van_Beethoven\Piano_Sonata_No._3_in_C_Major,_Op._2_No._3\IV._Allegro_assai\Sonate_No._3_4th_Movement.mxl.midi",06214,06241,4.440892098500626e-16,4142
1180,"1180::C:\Users\정세린\Desktop\capstone_classicfy\ATEPP_dataset\ATEPP-1.2\Ludwig_van_Beethoven\Piano_Sonata_No._3_in_C_Major,_Op._2_No._3\IV._Allegro_assai\Sonate_No._3_4th_Movement.mxl.midi",06214,06242,4.440892098500626e-16,4142
1180,"1180::C:\Users\정세린\Desktop\capstone_classicfy\ATEPP_dataset\ATEPP-1.2\Ludwig_van_Beethoven\Piano_Sonata_No._3_in_C_Major,_Op._2_No._3\IV._Allegro_assai\Sonate_No._3_4th_Movement.mxl.midi",06214,06244,4.440892098500626e-16,4142
1180,"1180::C:\Users\정세린\Desktop\capstone_classicfy\ATEPP_dataset\ATEPP-1.2\Ludwig_van_Beethoven\Piano_Sonata_No._3_in_C_Major,_Op._2_No._3\IV._Allegro_assai\Sonate_No._3_4th_Movement.mxl.midi",06214,06245,4.440892098500626e-16,4142
1180,"1180::C:\Users\정세린\Desktop\capstone_classicfy\ATEPP_dataset\ATEPP-1.2\Ludwig_van_Beethoven\Piano_Sonata_No._3_in_C_Major,_Op._2_No._3\IV._Allegro_assai\Sonate_No._3_4th_Movement.mxl.midi",06214,06246,4.440892098500626e-16,4142
1180,"1180::C:\Users\정세린\Desktop\capstone_classicfy\ATEPP_dataset\ATEPP-1.2\Ludwig_van_Beethoven\Piano_Sonata_No._3_in_C_Major,_Op._2_No._3\IV._Allegro_assai\Sonate_No._3_4th_Movement.mxl.midi",06214,06249,4.440892098500626e-16,4142
1180,"1180::C:\Users\정세린\Desktop\capstone_classicfy\ATEPP_dataset\ATEPP-1.2\Ludwig_van_Beethoven\Piano_Sonata_No._3_in_C_Major,_Op._2_No._3\IV._Allegro_assai\Sonate_No._3_4th_Movement.mxl.midi",06214,06250,4.440892098500626e-16,4142
1180,"1180::C:\Users\정세린\Desktop\capstone_classicfy\ATEPP_dataset\ATEPP-1.2\Ludwig_van_Beethoven\Piano_Sonata_No._3_in_C_Major,_Op._2_No._3\IV._Allegro_assai\Sonate_No._3_4th_Movement.mxl.midi",06214,06252,4.440892098500626e-16,4142
1180,"1180::C:\Users\정세린\Desktop\capstone_classicfy\ATEPP_dataset\ATEPP-1.2\Ludwig_van_Beethoven\Piano_Sonata_No._3_in_C_Major,_Op._2_No._3\IV._Allegro_assai\Sonate_No._3_4th_Movement.mxl.midi",06214,06254,4.440892098500626e-16,4142
1180,"1180::C:\Users\정세린\Desktop\capstone_classicfy\ATEPP_dataset\ATEPP-1.2\Ludwig_van_Beethoven\Piano_Sonata_No._3_in_C_Major,_Op._2_No._3\IV._Allegro_assai\Sonate_No._3_4th_Movement.mxl.midi",06214,06255,4.440892098500626e-16,4142
1180,"1180::C:\Users\정세린\Desktop\capstone_classicfy\ATEPP_dataset\ATEPP-1.2\Ludwig_van_Beethoven\Piano_Sonata_No._3_in_C_Major,_Op._2_No._3\IV._Allegro_assai\Sonate_No._3_4th_Movement.mxl.midi",06214,06256,4.440892098500626e-16,4142
1182,"1182::C:\Users\정세린\Desktop\capstone_classicfy\ATEPP_dataset\ATEPP-1.2\Ludwig_van_Beethoven\Piano_Sonata_No._1_in_F_Minor,_Op._2_No._1\IV._Prestissimo\Beethoven_-_Piano_Sonata_No._1_in_F_Minor_Op._2_4th_Movement.mxl.midi",06276,06277,2.220446049250313e-16,6732
1182,"1182::C:\Users\정세린\Desktop\capstone_classicfy\ATEPP_dataset\ATEPP-1.2\Ludwig_van_Beethoven\Piano_Sonata_No._1_in_F_Minor,_Op._2_No._1\IV._Prestissimo\Beethoven_-_Piano_Sonata_No._1_in_F_Minor_Op._2_4th_Movement.mxl.midi",06276,06278,4.440892098500626e-16,6734
1182,"1182::C:\Users\정세린\Desktop\capstone_classicfy\ATEPP_dataset\ATEPP-1.2\Ludwig_van_Beethoven\Piano_Sonata_No._1_in_F_Minor,_Op._2_No._1\IV._Prestissimo\Beethoven_-_Piano_Sonata_No._1_in_F_Minor_Op._2_4th_Movement.mxl.midi",06276,06284,4.440892098500626e-16,6734
1182,"1182::C:\Users\정세린\Desktop\capstone_classicfy\ATEPP_dataset\ATEPP-1.2\Ludwig_van_Beethoven\Piano_Sonata_No._1_in_F_Minor,_Op._2_No._1\IV._Prestissimo\Beethoven_-_Piano_Sonata_No._1_in_F_Minor_Op._2_4th_Movement.mxl.midi",06276,06285,4.440892098500626e-16,6734
1182,"1182::C:\Users\정세린\Desktop\capstone_classicfy\ATEPP_dataset\ATEPP-1.2\Ludwig_van_Beethoven\Piano_Sonata_No._1_in_F_Minor,_Op._2_No._1\IV._Prestissimo\Beethoven_-_Piano_Sonata_No._1_in_F_Minor_Op._2_4th_Movement.mxl.midi",06276,06286,4.440892098500626e-16,6734
1182,"1182::C:\Users\정세린\Desktop\capstone_classicfy\ATEPP_dataset\ATEPP-1.2\Ludwig_van_Beethoven\Piano_Sonata_No._1_in_F_Minor,_Op._2_No._1\IV._Prestissimo\Beethoven_-_Piano_Sonata_No._1_in_F_Minor_Op._2_4th_Movement.mxl.midi",06276,06287,8.881784197001252e-16,6734
1183,"1183::C:\Users\정세린\Desktop\capstone_classicfy\ATEPP_dataset\ATEPP-1.2\Ludwig_van_Beethoven\Piano_Sonata_No._1_in_F_Minor,_Op._2_No._1\I._Allegro\musicxml_cleaned.musicxml.midi",06304,06309,4.440892098500626e-16,4211
1183,"1183::C:\Users\정세린\Desktop\capstone_classicfy\ATEPP_dataset\ATEPP-1.2\Ludwig_van_Beethoven\Piano_Sonata_No._1_in_F_Minor,_Op._2_No._1\I._Allegro\musicxml_cleaned.musicxml.midi",06304,06310,4.440892098500626e-16,4201
1183,"1183::C:\Users\정세린\Desktop\capstone_classicfy\ATEPP_dataset\ATEPP-1.2\Ludwig_van_Beethoven\Piano_Sonata_No._1_in_F_Minor,_Op._2_No._1\I._Allegro\musicxml_cleaned.musicxml.midi",06304,06313,4.440892098500626e-16,4208
1183,"1183::C:\Users\정세린\Desktop\capstone_classicfy\ATEPP_dataset\ATEPP-1.2\Ludwig_van_Beethoven\Piano_Sonata_No._1_in_F_Minor,_Op._2_No._1\I._Allegro\musicxml_cleaned.musicxml.midi",06304,06315,8.881784197001252e-16,4209
1186,"1186::C:\Users\정세린\Desktop\capstone_classicfy\ATEPP_dataset\ATEPP-1.2\Ludwig_van_Beethoven\Piano_Sonata_No._9_in_E_Major,_Op._14,_No._1\I._Allegro\musicxml_cleaned.musicxml.midi",06354,06364,8.881784197001252e-16,4713
1186,"1186::C:\Users\정세린\Desktop\capstone_classicfy\ATEPP_dataset\ATEPP-1.2\Ludwig_van_Beethoven\Piano_Sonata_No._9_in_E_Major,_Op._14,_No._1\I._Allegro\musicxml_cleaned.musicxml.midi",06354,06374,4.440892098500626e-16,4710
1186,"1186::C:\Users\정세린\Desktop\capstone_classicfy\ATEPP_dataset\ATEPP-1.2\Ludwig_van_Beethoven\Piano_Sonata_No._9_in_E_Major,_Op._14,_No._1\I._Allegro\musicxml_cleaned.musicxml.midi",06354,06377,4.440892098500626e-16,4713
1186,"1186::C:\Users\정세린\Desktop\capstone_classicfy\ATEPP_dataset\ATEPP-1.2\Ludwig_van_Beethoven\Piano_Sonata_No._9_in_E_Major,_Op._14,_No._1\I._Allegro\musicxml_cleaned.musicxml.midi",06354,06379,4.440892098500626e-16,4711
1186,"1186::C:\Users\정세린\Desktop\capstone_classicfy\ATEPP_dataset\ATEPP-1.2\Ludwig_van_Beethoven\Piano_Sonata_No._9_in_E_Major,_Op._14,_No._1\I._Allegro\musicxml_cleaned.musicxml.midi",06354,06381,4.440892098500626e-16,4713
1186,"1186::C:\Users\정세린\Desktop\capstone_classicfy\ATEPP_dataset\ATEPP-1.2\Ludwig_van_Beethoven\Piano_Sonata_No._9_in_E_Major,_Op._14,_No._1\I._Allegro\musicxml_cleaned.musicxml.midi",06354,06383,4.440892098500626e-16,4713
1186,"1186::C:\Users\정세린\Desktop\capstone_classicfy\ATEPP_dataset\ATEPP-1.2\Ludwig_van_Beethoven\Piano_Sonata_No._9_in_E_Major,_Op._14,_No._1\I._Allegro\musicxml_cleaned.musicxml.midi",06354,06384,8.881784197001252e-16,4713
1186,"1186::C:\Users\정세린\Desktop\capstone_classicfy\ATEPP_dataset\ATEPP-1.2\Ludwig_van_Beethoven\Piano_Sonata_No._9_in_E_Major,_Op._14,_No._1\I._Allegro\musicxml_cleaned.musicxml.midi",06354,06385,8.881784197001252e-16,4711
1186,"1186::C:\Users\정세린\Desktop\capstone_classicfy\ATEPP_dataset\ATEPP-1.2\Ludwig_van_Beethoven\Piano_Sonata_No._9_in_E_Major,_Op._14,_No._1\I._Allegro\musicxml_cleaned.musicxml.midi",06354,06386,8.881784197001252e-16,4711
1186,"1186::C:\Users\정세린\Desktop\capstone_classicfy\ATEPP_dataset\ATEPP-1.2\Ludwig_van_Beethoven\Piano_Sonata_No._9_in_E_Major,_Op._14,_No._1\I._Allegro\musicxml_cleaned.musicxml.midi",06354,06387,4.440892098500626e-16,4713
1186,"1186::C:\Users\정세린\Desktop\capstone_classicfy\ATEPP_dataset\ATEPP-1.2\Ludwig_van_Beethoven\Piano_Sonata_No._9_in_E_Major,_Op._14,_No._1\I._Allegro\musicxml_cleaned.musicxml.midi",06354,06388,2.220446049250313e-16,4713
1186,"1186::C:\Users\정세린\Desktop\capstone_classicfy\ATEPP_dataset\ATEPP-1.2\Ludwig_van_Beethoven\Piano_Sonata_No._9_in_E_Major,_Op._14,_No._1\I._Allegro\musicxml_cleaned.musicxml.midi",06354,06389,2.220446049250313e-16,4713
1186,"1186::C:\Users\정세린\Desktop\capstone_classicfy\ATEPP_dataset\ATEPP-1.2\Ludwig_van_Beethoven\Piano_Sonata_No._9_in_E_Major,_Op._14,_No._1\I._Allegro\musicxml_cleaned.musicxml.midi",06354,06390,4.440892098500626e-16,4713
1186,"1186::C:\Users\정세린\Desktop\capstone_classicfy\ATEPP_dataset\ATEPP-1.2\Ludwig_van_Beethoven\Piano_Sonata_No._9_in_E_Major,_Op._14,_No._1\I._Allegro\musicxml_cleaned.musicxml.midi",06354,06391,4.440892098500626e-16,4711
1186,"1186::C:\Users\정세린\Desktop\capstone_classicfy\ATEPP_dataset\ATEPP-1.2\Ludwig_van_Beethoven\Piano_Sonata_No._9_in_E_Major,_Op._14,_No._1\I._Allegro\musicxml_cleaned.musicxml.midi",06354,06392,4.440892098500626e-16,4713
1186,"1186::C:\Users\정세린\Desktop\capstone_classicfy\ATEPP_dataset\ATEPP-1.2\Ludwig_van_Beethoven\Piano_Sonata_No._9_in_E_Major,_Op._14,_No._1\I._Allegro\musicxml_cleaned.musicxml.midi",06354,06393,8.881784197001252e-16,4713
1186,"1186::C:\Users\정세린\Desktop\capstone_classicfy\ATEPP_dataset\ATEPP-1.2\Ludwig_van_Beethoven\Piano_Sonata_No._9_in_E_Major,_Op._14,_No._1\I._Allegro\musicxml_cleaned.musicxml.midi",06354,06394,2.220446049250313e-16,4713
1187,"1187::C:\Users\정세린\Desktop\capstone_classicfy\ATEPP_dataset\ATEPP-1.2\Ludwig_van_Beethoven\Piano_Sonata_No._9_in_E_Major,_Op._14,_No._1\III._Rondo._Allegro_comodo\musicxml_cleaned.musicxml.midi",06398,06402,4.440892098500626e-16,3632
1187,"1187::C:\Users\정세린\Desktop\capstone_classicfy\ATEPP_dataset\ATEPP-1.2\Ludwig_van_Beethoven\Piano_Sonata_No._9_in_E_Major,_Op._14,_No._1\III._Rondo._Allegro_comodo\musicxml_cleaned.musicxml.midi",06398,06404,4.440892098500626e-16,3624
1187,"1187::C:\Users\정세린\Desktop\capstone_classicfy\ATEPP_dataset\ATEPP-1.2\Ludwig_van_Beethoven\Piano_Sonata_No._9_in_E_Major,_Op._14,_No._1\III._Rondo._Allegro_comodo\musicxml_cleaned.musicxml.midi",06398,06405,4.440892098500626e-16,3632
1187,"1187::C:\Users\정세린\Desktop\capstone_classicfy\ATEPP_dataset\ATEPP-1.2\Ludwig_van_Beethoven\Piano_Sonata_No._9_in_E_Major,_Op._14,_No._1\III._Rondo._Allegro_comodo\musicxml_cleaned.musicxml.midi",06398,06408,2.220446049250313e-16,3628
1187,"1187::C:\Users\정세린\Desktop\capstone_classicfy\ATEPP_dataset\ATEPP-1.2\Ludwig_van_Beethoven\Piano_Sonata_No._9_in_E_Major,_Op._14,_No._1\III._Rondo._Allegro_comodo\musicxml_cleaned.musicxml.midi",06398,06409,4.440892098500626e-16,3630
1187,"1187::C:\Users\정세린\Desktop\capstone_classicfy\ATEPP_dataset\ATEPP-1.2\Ludwig_van_Beethoven\Piano_Sonata_No._9_in_E_Major,_Op._14,_No._1\III._Rondo._Allegro_comodo\musicxml_cleaned.musicxml.midi",06398,06410,4.440892098500626e-16,3632
1187,"1187::C:\Users\정세린\Desktop\capstone_classicfy\ATEPP_dataset\ATEPP-1.2\Ludwig_van_Beethoven\Piano_Sonata_No._9_in_E_Major,_Op._14,_No._1\III._Rondo._Allegro_comodo\musicxml_cleaned.musicxml.midi",06398,06411,4.440892098500626e-16,3632
1187,"1187::C:\Users\정세린\Desktop\capstone_classicfy\ATEPP_dataset\ATEPP-1.2\Ludwig_van_Beethoven\Piano_Sonata_No._9_in_E_Major,_Op._14,_No._1\III._Rondo._Allegro_comodo\musicxml_cleaned.musicxml.midi",06398,06412,4.440892098500626e-16,3630
1187,"1187::C:\Users\정세린\Desktop\capstone_classicfy\ATEPP_dataset\ATEPP-1.2\Ludwig_van_Beethoven\Piano_Sonata_No._9_in_E_Major,_Op._14,_No._1\III._Rondo._Allegro_comodo\musicxml_cleaned.musicxml.midi",06398,06413,4.440892098500626e-16,3632
1187,"1187::C:\Users\정세린\Desktop\capstone_classicfy\ATEPP_dataset\ATEPP-1.2\Ludwig_van_Beethoven\Piano_Sonata_No._9_in_E_Major,_Op._14,_No._1\III._Rondo._Allegro_comodo\musicxml_cleaned.musicxml.midi",06398,06414,2.220446049250313e-16,3632
1187,"1187::C:\Users\정세린\Desktop\capstone_classicfy\ATEPP_dataset\ATEPP-1.2\Ludwig_van_Beethoven\Piano_Sonata_No._9_in_E_Major,_Op._14,_No._1\III._Rondo._Allegro_comodo\musicxml_cleaned.musicxml.midi",06398,06415,4.440892098500626e-16,3628
1187,"1187::C:\Users\정세린\Desktop\capstone_classicfy\ATEPP_dataset\ATEPP-1.2\Ludwig_van_Beethoven\Piano_Sonata_No._9_in_E_Major,_Op._14,_No._1\III._Rondo._Allegro_comodo\musicxml_cleaned.musicxml.midi",06398,06416,4.440892098500626e-16,3632
1187,"1187::C:\Users\정세린\Desktop\capstone_classicfy\ATEPP_dataset\ATEPP-1.2\Ludwig_van_Beethoven\Piano_Sonata_No._9_in_E_Major,_Op._14,_No._1\III._Rondo._Allegro_comodo\musicxml_cleaned.musicxml.midi",06398,06417,2.220446049250313e-16,3632
1187,"1187::C:\Users\정세린\Desktop\capstone_classicfy\ATEPP_dataset\ATEPP-1.2\Ludwig_van_Beethoven\Piano_Sonata_No._9_in_E_Major,_Op._14,_No._1\III._Rondo._Allegro_comodo\musicxml_cleaned.musicxml.midi",06398,06418,4.440892098500626e-16,3632
1187,"1187::C:\Users\정세린\Desktop\capstone_classicfy\ATEPP_dataset\ATEPP-1.2\Ludwig_van_Beethoven\Piano_Sonata_No._9_in_E_Major,_Op._14,_No._1\III._Rondo._Allegro_comodo\musicxml_cleaned.musicxml.midi",06398,06419,4.440892098500626e-16,3632
1187,"1187::C:\Users\정세린\Desktop\capstone_classicfy\ATEPP_dataset\ATEPP-1.2\Ludwig_van_Beethoven\Piano_Sonata_No._9_in_E_Major,_Op._14,_No._1\III._Rondo._Allegro_comodo\musicxml_cleaned.musicxml.midi",06398,06420,4.440892098500626e-16,3632
1187,"1187::C:\Users\정세린\Desktop\capstone_classicfy\ATEPP_dataset\ATEPP-1.2\Ludwig_van_Beethoven\Piano_Sonata_No._9_in_E_Major,_Op._14,_No._1\III._Rondo._Allegro_comodo\musicxml_cleaned.musicxml.midi",06398,06421,4.440892098500626e-16,3632
1187,"1187::C:\Users\정세린\Desktop\capstone_classicfy\ATEPP_dataset\ATEPP-1.2\Ludwig_van_Beethoven\Piano_Sonata_No._9_in_E_Major,_Op._14,_No._1\III._Rondo._Allegro_comodo\musicxml_cleaned.musicxml.midi",06398,06422,2.220446049250313e-16,3630
1187,"1187::C:\Users\정세린\Desktop\capstone_classicfy\ATEPP_dataset\ATEPP-1.2\Ludwig_van_Beethoven\Piano_Sonata_No._9_in_E_Major,_Op._14,_No._1\III._Rondo._Allegro_comodo\musicxml_cleaned.musicxml.midi",06398,06425,4.440892098500626e-16,3632
1187,"1187::C:\Users\정세린\Desktop\capstone_classicfy\ATEPP_dataset\ATEPP-1.2\Ludwig_van_Beethoven\Piano_Sonata_No._9_in_E_Major,_Op._14,_No._1\III._Rondo._Allegro_comodo\musicxml_cleaned.musicxml.midi",06398,06427,4.440892098500626e-16,3632
1187,"1187::C:\Users\정세린\Desktop\capstone_classicfy\ATEPP_dataset\ATEPP-1.2\Ludwig_van_Beethoven\Piano_Sonata_No._9_in_E_Major,_Op._14,_No._1\III._Rondo._Allegro_comodo\musicxml_cleaned.musicxml.midi",06398,06429,8.881784197001252e-16,3630
1188,"1188::C:\Users\정세린\Desktop\capstone_classicfy\ATEPP_dataset\ATEPP-1.2\Ludwig_van_Beethoven\Piano_Sonata_No._19_in_G_Minor,_Op._49,_No._1\I._Andante\Sonate_No._19_1st_Movement.mxl.midi",06431,06433,2.220446049250313e-16,1988
1188,"1188::C:\Users\정세린\Desktop\capstone_classicfy\ATEPP_dataset\ATEPP-1.2\Ludwig_van_Beethoven\Piano_Sonata_No._19_in_G_Minor,_Op._49,_No._1\I._Andante\Sonate_No._19_1st_Movement.mxl.midi",06431,06435,2.220446049250313e-16,1988
1188,"1188::C:\Users\정세린\Desktop\capstone_classicfy\ATEPP_dataset\ATEPP-1.2\Ludwig_van_Beethoven\Piano_Sonata_No._19_in_G_Minor,_Op._49,_No._1\I._Andante\Sonate_No._19_1st_Movement.mxl.midi",06431,06436,4.440892098500626e-16,1988
1188,"1188::C:\Users\정세린\Desktop\capstone_classicfy\ATEPP_dataset\ATEPP-1.2\Ludwig_van_Beethoven\Piano_Sonata_No._19_in_G_Minor,_Op._49,_No._1\I._Andante\Sonate_No._19_1st_Movement.mxl.midi",06431,06437,2.220446049250313e-16,1988
1188,"1188::C:\Users\정세린\Desktop\capstone_classicfy\ATEPP_dataset\ATEPP-1.2\Ludwig_van_Beethoven\Piano_Sonata_No._19_in_G_Minor,_Op._49,_No._1\I._Andante\Sonate_No._19_1st_Movement.mxl.midi",06431,06439,2.220446049250313e-16,1988
1188,"1188::C:\Users\정세린\Desktop\capstone_classicfy\ATEPP_dataset\ATEPP-1.2\Ludwig_van_Beethoven\Piano_Sonata_No._19_in_G_Minor,_Op._49,_No._1\I._Andante\Sonate_No._19_1st_Movement.mxl.midi",06431,06440,2.220446049250313e-16,1988
1188,"1188::C:\Users\정세린\Desktop\capstone_classicfy\ATEPP_dataset\ATEPP-1.2\Ludwig_van_Beethoven\Piano_Sonata_No._19_in_G_Minor,_Op._49,_No._1\I._Andante\Sonate_No._19_1st_Movement.mxl.midi",06431,06441,2.220446049250313e-16,1988
1188,"1188::C:\Users\정세린\Desktop\capstone_classicfy\ATEPP_dataset\ATEPP-1.2\Ludwig_van_Beethoven\Piano_Sonata_No._19_in_G_Minor,_Op._49,_No._1\I._Andante\Sonate_No._19_1st_Movement.mxl.midi",06431,06442,2.220446049250313e-16,1988
1188,"1188::C:\Users\정세린\Desktop\capstone_classicfy\ATEPP_dataset\ATEPP-1.2\Ludwig_van_Beethoven\Piano_Sonata_No._19_in_G_Minor,_Op._49,_No._1\I._Andante\Sonate_No._19_1st_Movement.mxl.midi",06431,06443,2.220446049250313e-16,1988
1188,"1188::C:\Users\정세린\Desktop\capstone_classicfy\ATEPP_dataset\ATEPP-1.2\Ludwig_van_Beethoven\Piano_Sonata_No._19_in_G_Minor,_Op._49,_No._1\I._Andante\Sonate_No._19_1st_Movement.mxl.midi",06431,06444,4.440892098500626e-16,1988
1188,"1188::C:\Users\정세린\Desktop\capstone_classicfy\ATEPP_dataset\ATEPP-1.2\Ludwig_van_Beethoven\Piano_Sonata_No._19_in_G_Minor,_Op._49,_No._1\I._Andante\Sonate_No._19_1st_Movement.mxl.midi",06431,06446,2.220446049250313e-16,1988
1188,"1188::C:\Users\정세린\Desktop\capstone_classicfy\ATEPP_dataset\ATEPP-1.2\Ludwig_van_Beethoven\Piano_Sonata_No._19_in_G_Minor,_Op._49,_No._1\I._Andante\Sonate_No._19_1st_Movement.mxl.midi",06431,06447,2.220446049250313e-16,1988
1188,"1188::C:\Users\정세린\Desktop\capstone_classicfy\ATEPP_dataset\ATEPP-1.2\Ludwig_van_Beethoven\Piano_Sonata_No._19_in_G_Minor,_Op._49,_No._1\I._Andante\Sonate_No._19_1st_Movement.mxl.midi",06431,06448,4.440892098500626e-16,1988
1188,"1188::C:\Users\정세린\Desktop\capstone_classicfy\ATEPP_dataset\ATEPP-1.2\Ludwig_van_Beethoven\Piano_Sonata_No._19_in_G_Minor,_Op._49,_No._1\I._Andante\Sonate_No._19_1st_Movement.mxl.midi",06431,06449,2.220446049250313e-16,1988
1188,"1188::C:\Users\정세린\Desktop\capstone_classicfy\ATEPP_dataset\ATEPP-1.2\Ludwig_van_Beethoven\Piano_Sonata_No._19_in_G_Minor,_Op._49,_No._1\I._Andante\Sonate_No._19_1st_Movement.mxl.midi",06431,06452,4.440892098500626e-16,1988
1188,"1188::C:\Users\정세린\Desktop\capstone_classicfy\ATEPP_dataset\ATEPP-1.2\Ludwig_van_Beethoven\Piano_Sonata_No._19_in_G_Minor,_Op._49,_No._1\I._Andante\Sonate_No._19_1st_Movement.mxl.midi",06431,06453,2.220446049250313e-16,1988
1188,"1188::C:\Users\정세린\Desktop\capstone_classicfy\ATEPP_dataset\ATEPP-1.2\Ludwig_van_Beethoven\Piano_Sonata_No._19_in_G_Minor,_Op._49,_No._1\I._Andante\Sonate_No._19_1st_Movement.mxl.midi",06431,06456,4.440892098500626e-16,1988
1189,"1189::C:\Users\정세린\Desktop\capstone_classicfy\ATEPP_dataset\ATEPP-1.2\Ludwig_van_Beethoven\Piano_Sonata_No._19_in_G_Minor,_Op._49,_No._1\II._Rondo._Allegro\Sonate_No._19_2nd_Movement.mxl.midi",06458,06459,4.440892098500626e-16,3433
1189,"1189::C:\Users\정세린\Desktop\capstone_classicfy\ATEPP_dataset\ATEPP-1.2\Ludwig_van_Beethoven\Piano_Sonata_No._19_in_G_Minor,_Op._49,_No._1\II._Rondo._Allegro\Sonate_No._19_2nd_Movement.mxl.midi",06458,06460,4.440892098500626e-16,3433
1189,"1189::C:\Users\정세린\Desktop\capstone_classicfy\ATEPP_dataset\ATEPP-1.2\Ludwig_van_Beethoven\Piano_Sonata_No._19_in_G_Minor,_Op._49,_No._1\II._Rondo._Allegro\Sonate_No._19_2nd_Movement.mxl.midi",06458,06461,4.440892098500626e-16,3433
1189,"1189::C:\Users\정세린\Desktop\capstone_classicfy\ATEPP_dataset\ATEPP-1.2\Ludwig_van_Beethoven\Piano_Sonata_No._19_in_G_Minor,_Op._49,_No._1\II._Rondo._Allegro\Sonate_No._19_2nd_Movement.mxl.midi",06458,06462,2.220446049250313e-16,3433
1189,"1189::C:\Users\정세린\Desktop\capstone_classicfy\ATEPP_dataset\ATEPP-1.2\Ludwig_van_Beethoven\Piano_Sonata_No._19_in_G_Minor,_Op._49,_No._1\II._Rondo._Allegro\Sonate_No._19_2nd_Movement.mxl.midi",06458,06463,4.440892098500626e-16,3433
1189,"1189::C:\Users\정세린\Desktop\capstone_classicfy\ATEPP_dataset\ATEPP-1.2\Ludwig_van_Beethoven\Piano_Sonata_No._19_in_G_Minor,_Op._49,_No._1\II._Rondo._Allegro\Sonate_No._19_2nd_Movement.mxl.midi",06458,06464,4.440892098500626e-16,3433
1189,"1189::C:\Users\정세린\Desktop\capstone_classicfy\ATEPP_dataset\ATEPP-1.2\Ludwig_van_Beethoven\Piano_Sonata_No._19_in_G_Minor,_Op._49,_No._1\II._Rondo._Allegro\Sonate_No._19_2nd_Movement.mxl.midi",06458,06466,4.440892098500626e-16,3433
1189,"1189::C:\Users\정세린\Desktop\capstone_classicfy\ATEPP_dataset\ATEPP-1.2\Ludwig_van_Beethoven\Piano_Sonata_No._19_in_G_Minor,_Op._49,_No._1\II._Rondo._Allegro\Sonate_No._19_2nd_Movement.mxl.midi",06458,06467,4.440892098500626e-16,3433
1189,"1189::C:\Users\정세린\Desktop\capstone_classicfy\ATEPP_dataset\ATEPP-1.2\Ludwig_van_Beethoven\Piano_Sonata_No._19_in_G_Minor,_Op._49,_No._1\II._Rondo._Allegro\Sonate_No._19_2nd_Movement.mxl.midi",06458,06468,4.440892098500626e-16,3433
1189,"1189::C:\Users\정세린\Desktop\capstone_classicfy\ATEPP_dataset\ATEPP-1.2\Ludwig_van_Beethoven\Piano_Sonata_No._19_in_G_Minor,_Op._49,_No._1\II._Rondo._Allegro\Sonate_No._19_2nd_Movement.mxl.midi",06458,06469,4.440892098500626e-16,3433
1189,"1189::C:\Users\정세린\Desktop\capstone_classicfy\ATEPP_dataset\ATEPP-1.2\Ludwig_van_Beethoven\Piano_Sonata_No._19_in_G_Minor,_Op._49,_No._1\II._Rondo._Allegro\Sonate_No._19_2nd_Movement.mxl.midi",06458,06470,4.440892098500626e-16,3433
1189,"1189::C:\Users\정세린\Desktop\capstone_classicfy\ATEPP_dataset\ATEPP-1.2\Ludwig_van_Beethoven\Piano_Sonata_No._19_in_G_Minor,_Op._49,_No._1\II._Rondo._Allegro\Sonate_No._19_2nd_Movement.mxl.midi",06458,06471,4.440892098500626e-16,3433
1189,"1189::C:\Users\정세린\Desktop\capstone_classicfy\ATEPP_dataset\ATEPP-1.2\Ludwig_van_Beethoven\Piano_Sonata_No._19_in_G_Minor,_Op._49,_No._1\II._Rondo._Allegro\Sonate_No._19_2nd_Movement.mxl.midi",06458,06472,4.440892098500626e-16,3433
1189,"1189::C:\Users\정세린\Desktop\capstone_classicfy\ATEPP_dataset\ATEPP-1.2\Ludwig_van_Beethoven\Piano_Sonata_No._19_in_G_Minor,_Op._49,_No._1\II._Rondo._Allegro\Sonate_No._19_2nd_Movement.mxl.midi",06458,06475,4.440892098500626e-16,3433
1189,"1189::C:\Users\정세린\Desktop\capstone_classicfy\ATEPP_dataset\ATEPP-1.2\Ludwig_van_Beethoven\Piano_Sonata_No._19_in_G_Minor,_Op._49,_No._1\II._Rondo._Allegro\Sonate_No._19_2nd_Movement.mxl.midi",06458,06476,4.440892098500626e-16,3433
1189,"1189::C:\Users\정세린\Desktop\capstone_classicfy\ATEPP_dataset\ATEPP-1.2\Ludwig_van_Beethoven\Piano_Sonata_No._19_in_G_Minor,_Op._49,_No._1\II._Rondo._Allegro\Sonate_No._19_2nd_Movement.mxl.midi",06458,06477,4.440892098500626e-16,3433
1189,"1189::C:\Users\정세린\Desktop\capstone_classicfy\ATEPP_dataset\ATEPP-1.2\Ludwig_van_Beethoven\Piano_Sonata_No._19_in_G_Minor,_Op._49,_No._1\II._Rondo._Allegro\Sonate_No._19_2nd_Movement.mxl.midi",06458,06478,8.881784197001252e-16,3431
1189,"1189::C:\Users\정세린\Desktop\capstone_classicfy\ATEPP_dataset\ATEPP-1.2\Ludwig_van_Beethoven\Piano_Sonata_No._19_in_G_Minor,_Op._49,_No._1\II._Rondo._Allegro\Sonate_No._19_2nd_Movement.mxl.midi",06458,06481,4.440892098500626e-16,3431
1189,"1189::C:\Users\정세린\Desktop\capstone_classicfy\ATEPP_dataset\ATEPP-1.2\Ludwig_van_Beethoven\Piano_Sonata_No._19_in_G_Minor,_Op._49,_No._1\II._Rondo._Allegro\Sonate_No._19_2nd_Movement.mxl.midi",06458,06482,2.220446049250313e-16,3433
1189,"1189::C:\Users\정세린\Desktop\capstone_classicfy\ATEPP_dataset\ATEPP-1.2\Ludwig_van_Beethoven\Piano_Sonata_No._19_in_G_Minor,_Op._49,_No._1\II._Rondo._Allegro\Sonate_No._19_2nd_Movement.mxl.midi",06458,06484,8.881784197001252e-16,3433
1189,"1189::C:\Users\정세린\Desktop\capstone_classicfy\ATEPP_dataset\ATEPP-1.2\Ludwig_van_Beethoven\Piano_Sonata_No._19_in_G_Minor,_Op._49,_No._1\II._Rondo._Allegro\Sonate_No._19_2nd_Movement.mxl.midi",06458,06486,4.440892098500626e-16,3433
118,"118::C:\Users\정세린\Desktop\capstone_classicfy\ATEPP_dataset\ATEPP-1.2\Franz_Liszt\12_Etudes_d'exe╠ücution_transcendante,_S.139\No.2_Molto_vivace\musicxml_cleaned.musicxml.midi",00410,00411,4.440892098500626e-16,2107
118,"118::C:\Users\정세린\Desktop\capstone_classicfy\ATEPP_dataset\ATEPP-1.2\Franz_Liszt\12_Etudes_d'exe╠ücution_transcendante,_S.139\No.2_Molto_vivace\musicxml_cleaned.musicxml.midi",00410,00412,4.440892098500626e-16,2107
118,"118::C:\Users\정세린\Desktop\capstone_classicfy\ATEPP_dataset\ATEPP-1.2\Franz_Liszt\12_Etudes_d'exe╠ücution_transcendante,_S.139\No.2_Molto_vivace\musicxml_cleaned.musicxml.midi",00410,00413,2.220446049250313e-16,2107
118,"118::C:\Users\정세린\Desktop\capstone_classicfy\ATEPP_dataset\ATEPP-1.2\Franz_Liszt\12_Etudes_d'exe╠ücution_transcendante,_S.139\No.2_Molto_vivace\musicxml_cleaned.musicxml.midi",00410,00414,2.220446049250313e-16,2105
118,"118::C:\Users\정세린\Desktop\capstone_classicfy\ATEPP_dataset\ATEPP-1.2\Franz_Liszt\12_Etudes_d'exe╠ücution_transcendante,_S.139\No.2_Molto_vivace\musicxml_cleaned.musicxml.midi",00410,00415,8.881784197001252e-16,2102
118,"118::C:\Users\정세린\Desktop\capstone_classicfy\ATEPP_dataset\ATEPP-1.2\Franz_Liszt\12_Etudes_d'exe╠ücution_transcendante,_S.139\No.2_Molto_vivace\musicxml_cleaned.musicxml.midi",00410,00416,2.220446049250313e-16,2099
1190,"1190::C:\Users\정세린\Desktop\capstone_classicfy\ATEPP_dataset\ATEPP-1.2\Ludwig_van_Beethoven\Piano_Sonata_No._31_in_A-Flat_Major,_Op._110\I._Moderato_cantabile_molto_espressivo\musicxml_cleaned.musicxml.midi",06491,06493,4.440892098500626e-16,4883
1190,"1190::C:\Users\정세린\Desktop\capstone_classicfy\ATEPP_dataset\ATEPP-1.2\Ludwig_van_Beethoven\Piano_Sonata_No._31_in_A-Flat_Major,_Op._110\I._Moderato_cantabile_molto_espressivo\musicxml_cleaned.musicxml.midi",06491,06494,4.440892098500626e-16,4883
1190,"1190::C:\Users\정세린\Desktop\capstone_classicfy\ATEPP_dataset\ATEPP-1.2\Ludwig_van_Beethoven\Piano_Sonata_No._31_in_A-Flat_Major,_Op._110\I._Moderato_cantabile_molto_espressivo\musicxml_cleaned.musicxml.midi",06491,06495,4.440892098500626e-16,4881
1190,"1190::C:\Users\정세린\Desktop\capstone_classicfy\ATEPP_dataset\ATEPP-1.2\Ludwig_van_Beethoven\Piano_Sonata_No._31_in_A-Flat_Major,_Op._110\I._Moderato_cantabile_molto_espressivo\musicxml_cleaned.musicxml.midi",06491,06499,4.440892098500626e-16,4883
1190,"1190::C:\Users\정세린\Desktop\capstone_classicfy\ATEPP_dataset\ATEPP-1.2\Ludwig_van_Beethoven\Piano_Sonata_No._31_in_A-Flat_Major,_Op._110\I._Moderato_cantabile_molto_espressivo\musicxml_cleaned.musicxml.midi",06491,06500,8.881784197001252e-16,4881
1190,"1190::C:\Users\정세린\Desktop\capstone_classicfy\ATEPP_dataset\ATEPP-1.2\Ludwig_van_Beethoven\Piano_Sonata_No._31_in_A-Flat_Major,_Op._110\I._Moderato_cantabile_molto_espressivo\musicxml_cleaned.musicxml.midi",06491,06501,4.440892098500626e-16,4881
1190,"1190::C:\Users\정세린\Desktop\capstone_classicfy\ATEPP_dataset\ATEPP-1.2\Ludwig_van_Beethoven\Piano_Sonata_No._31_in_A-Flat_Major,_Op._110\I._Moderato_cantabile_molto_espressivo\musicxml_cleaned.musicxml.midi",06491,06503,4.440892098500626e-16,4883
1190,"1190::C:\Users\정세린\Desktop\capstone_classicfy\ATEPP_dataset\ATEPP-1.2\Ludwig_van_Beethoven\Piano_Sonata_No._31_in_A-Flat_Major,_Op._110\I._Moderato_cantabile_molto_espressivo\musicxml_cleaned.musicxml.midi",06491,06505,2.220446049250313e-16,4883
1190,"1190::C:\Users\정세린\Desktop\capstone_classicfy\ATEPP_dataset\ATEPP-1.2\Ludwig_van_Beethoven\Piano_Sonata_No._31_in_A-Flat_Major,_Op._110\I._Moderato_cantabile_molto_espressivo\musicxml_cleaned.musicxml.midi",06491,06506,4.440892098500626e-16,4883
1190,"1190::C:\Users\정세린\Desktop\capstone_classicfy\ATEPP_dataset\ATEPP-1.2\Ludwig_van_Beethoven\Piano_Sonata_No._31_in_A-Flat_Major,_Op._110\I._Moderato_cantabile_molto_espressivo\musicxml_cleaned.musicxml.midi",06491,06510,4.440892098500626e-16,4883
1190,"1190::C:\Users\정세린\Desktop\capstone_classicfy\ATEPP_dataset\ATEPP-1.2\Ludwig_van_Beethoven\Piano_Sonata_No._31_in_A-Flat_Major,_Op._110\I._Moderato_cantabile_molto_espressivo\musicxml_cleaned.musicxml.midi",06491,06511,2.220446049250313e-16,4883
1190,"1190::C:\Users\정세린\Desktop\capstone_classicfy\ATEPP_dataset\ATEPP-1.2\Ludwig_van_Beethoven\Piano_Sonata_No._31_in_A-Flat_Major,_Op._110\I._Moderato_cantabile_molto_espressivo\musicxml_cleaned.musicxml.midi",06491,06518,4.440892098500626e-16,4864
1190,"1190::C:\Users\정세린\Desktop\capstone_classicfy\ATEPP_dataset\ATEPP-1.2\Ludwig_van_Beethoven\Piano_Sonata_No._31_in_A-Flat_Major,_Op._110\I._Moderato_cantabile_molto_espressivo\musicxml_cleaned.musicxml.midi",06491,06519,4.440892098500626e-16,4883
1190,"1190::C:\Users\정세린\Desktop\capstone_classicfy\ATEPP_dataset\ATEPP-1.2\Ludwig_van_Beethoven\Piano_Sonata_No._31_in_A-Flat_Major,_Op._110\I._Moderato_cantabile_molto_espressivo\musicxml_cleaned.musicxml.midi",06491,06520,4.440892098500626e-16,4881
1190,"1190::C:\Users\정세린\Desktop\capstone_classicfy\ATEPP_dataset\ATEPP-1.2\Ludwig_van_Beethoven\Piano_Sonata_No._31_in_A-Flat_Major,_Op._110\I._Moderato_cantabile_molto_espressivo\musicxml_cleaned.musicxml.midi",06491,06523,4.440892098500626e-16,4883
1190,"1190::C:\Users\정세린\Desktop\capstone_classicfy\ATEPP_dataset\ATEPP-1.2\Ludwig_van_Beethoven\Piano_Sonata_No._31_in_A-Flat_Major,_Op._110\I._Moderato_cantabile_molto_espressivo\musicxml_cleaned.musicxml.midi",06491,06524,4.440892098500626e-16,4883
1190,"1190::C:\Users\정세린\Desktop\capstone_classicfy\ATEPP_dataset\ATEPP-1.2\Ludwig_van_Beethoven\Piano_Sonata_No._31_in_A-Flat_Major,_Op._110\I._Moderato_cantabile_molto_espressivo\musicxml_cleaned.musicxml.midi",06491,06525,4.440892098500626e-16,4883
1190,"1190::C:\Users\정세린\Desktop\capstone_classicfy\ATEPP_dataset\ATEPP-1.2\Ludwig_van_Beethoven\Piano_Sonata_No._31_in_A-Flat_Major,_Op._110\I._Moderato_cantabile_molto_espressivo\musicxml_cleaned.musicxml.midi",06491,06526,4.440892098500626e-16,4881
1190,"1190::C:\Users\정세린\Desktop\capstone_classicfy\ATEPP_dataset\ATEPP-1.2\Ludwig_van_Beethoven\Piano_Sonata_No._31_in_A-Flat_Major,_Op._110\I._Moderato_cantabile_molto_espressivo\musicxml_cleaned.musicxml.midi",06491,06528,4.440892098500626e-16,4881
1190,"1190::C:\Users\정세린\Desktop\capstone_classicfy\ATEPP_dataset\ATEPP-1.2\Ludwig_van_Beethoven\Piano_Sonata_No._31_in_A-Flat_Major,_Op._110\I._Moderato_cantabile_molto_espressivo\musicxml_cleaned.musicxml.midi",06491,06529,2.220446049250313e-16,4883
1190,"1190::C:\Users\정세린\Desktop\capstone_classicfy\ATEPP_dataset\ATEPP-1.2\Ludwig_van_Beethoven\Piano_Sonata_No._31_in_A-Flat_Major,_Op._110\I._Moderato_cantabile_molto_espressivo\musicxml_cleaned.musicxml.midi",06491,06537,4.440892098500626e-16,4883
1190,"1190::C:\Users\정세린\Desktop\capstone_classicfy\ATEPP_dataset\ATEPP-1.2\Ludwig_van_Beethoven\Piano_Sonata_No._31_in_A-Flat_Major,_Op._110\I._Moderato_cantabile_molto_espressivo\musicxml_cleaned.musicxml.midi",06491,06538,4.440892098500626e-16,4883
1190,"1190::C:\Users\정세린\Desktop\capstone_classicfy\ATEPP_dataset\ATEPP-1.2\Ludwig_van_Beethoven\Piano_Sonata_No._31_in_A-Flat_Major,_Op._110\I._Moderato_cantabile_molto_espressivo\musicxml_cleaned.musicxml.midi",06491,06539,2.220446049250313e-16,4883
1194,"1194::C:\Users\정세린\Desktop\capstone_classicfy\ATEPP_dataset\ATEPP-1.2\Ludwig_van_Beethoven\Piano_Sonata_No._31_in_A-Flat_Major,_Op._110\II._Allegro_molto\musicxml_cleaned.musicxml.midi",06565,06589,4.440892098500626e-16,1571
1194,"1194::C:\Users\정세린\Desktop\capstone_classicfy\ATEPP_dataset\ATEPP-1.2\Ludwig_van_Beethoven\Piano_Sonata_No._31_in_A-Flat_Major,_Op._110\II._Allegro_molto\musicxml_cleaned.musicxml.midi",06565,06590,4.440892098500626e-16,1571
1194,"1194::C:\Users\정세린\Desktop\capstone_classicfy\ATEPP_dataset\ATEPP-1.2\Ludwig_van_Beethoven\Piano_Sonata_No._31_in_A-Flat_Major,_Op._110\II._Allegro_molto\musicxml_cleaned.musicxml.midi",06565,06591,2.220446049250313e-16,1571
1194,"1194::C:\Users\정세린\Desktop\capstone_classicfy\ATEPP_dataset\ATEPP-1.2\Ludwig_van_Beethoven\Piano_Sonata_No._31_in_A-Flat_Major,_Op._110\II._Allegro_molto\musicxml_cleaned.musicxml.midi",06565,06592,1.1102230246251565e-16,1571
1194,"1194::C:\Users\정세린\Desktop\capstone_classicfy\ATEPP_dataset\ATEPP-1.2\Ludwig_van_Beethoven\Piano_Sonata_No._31_in_A-Flat_Major,_Op._110\II._Allegro_molto\musicxml_cleaned.musicxml.midi",06565,06596,2.220446049250313e-16,1571
1194,"1194::C:\Users\정세린\Desktop\capstone_classicfy\ATEPP_dataset\ATEPP-1.2\Ludwig_van_Beethoven\Piano_Sonata_No._31_in_A-Flat_Major,_Op._110\II._Allegro_molto\musicxml_cleaned.musicxml.midi",06565,06597,4.440892098500626e-16,1571
1194,"1194::C:\Users\정세린\Desktop\capstone_classicfy\ATEPP_dataset\ATEPP-1.2\Ludwig_van_Beethoven\Piano_Sonata_No._31_in_A-Flat_Major,_Op._110\II._Allegro_molto\musicxml_cleaned.musicxml.midi",06565,06599,1.1102230246251565e-16,1571
1194,"1194::C:\Users\정세린\Desktop\capstone_classicfy\ATEPP_dataset\ATEPP-1.2\Ludwig_van_Beethoven\Piano_Sonata_No._31_in_A-Flat_Major,_Op._110\II._Allegro_molto\musicxml_cleaned.musicxml.midi",06565,06604,4.440892098500626e-16,1571
1194,"1194::C:\Users\정세린\Desktop\capstone_classicfy\ATEPP_dataset\ATEPP-1.2\Ludwig_van_Beethoven\Piano_Sonata_No._31_in_A-Flat_Major,_Op._110\II._Allegro_molto\musicxml_cleaned.musicxml.midi",06565,06605,4.440892098500626e-16,1571
1194,"1194::C:\Users\정세린\Desktop\capstone_classicfy\ATEPP_dataset\ATEPP-1.2\Ludwig_van_Beethoven\Piano_Sonata_No._31_in_A-Flat_Major,_Op._110\II._Allegro_molto\musicxml_cleaned.musicxml.midi",06565,06611,4.440892098500626e-16,1571
1194,"1194::C:\Users\정세린\Desktop\capstone_classicfy\ATEPP_dataset\ATEPP-1.2\Ludwig_van_Beethoven\Piano_Sonata_No._31_in_A-Flat_Major,_Op._110\II._Allegro_molto\musicxml_cleaned.musicxml.midi",06565,06612,2.220446049250313e-16,1571
1194,"1194::C:\Users\정세린\Desktop\capstone_classicfy\ATEPP_dataset\ATEPP-1.2\Ludwig_van_Beethoven\Piano_Sonata_No._31_in_A-Flat_Major,_Op._110\II._Allegro_molto\musicxml_cleaned.musicxml.midi",06565,06613,1.1102230246251565e-16,1571
1194,"1194::C:\Users\정세린\Desktop\capstone_classicfy\ATEPP_dataset\ATEPP-1.2\Ludwig_van_Beethoven\Piano_Sonata_No._31_in_A-Flat_Major,_Op._110\II._Allegro_molto\musicxml_cleaned.musicxml.midi",06565,06616,2.220446049250313e-16,1571
1194,"1194::C:\Users\정세린\Desktop\capstone_classicfy\ATEPP_dataset\ATEPP-1.2\Ludwig_van_Beethoven\Piano_Sonata_No._31_in_A-Flat_Major,_Op._110\II._Allegro_molto\musicxml_cleaned.musicxml.midi",06565,06617,2.220446049250313e-16,1571
1194,"1194::C:\Users\정세린\Desktop\capstone_classicfy\ATEPP_dataset\ATEPP-1.2\Ludwig_van_Beethoven\Piano_Sonata_No._31_in_A-Flat_Major,_Op._110\II._Allegro_molto\musicxml_cleaned.musicxml.midi",06565,06618,4.440892098500626e-16,1571
1194,"1194::C:\Users\정세린\Desktop\capstone_classicfy\ATEPP_dataset\ATEPP-1.2\Ludwig_van_Beethoven\Piano_Sonata_No._31_in_A-Flat_Major,_Op._110\II._Allegro_molto\musicxml_cleaned.musicxml.midi",06565,06619,2.220446049250313e-16,1571
1194,"1194::C:\Users\정세린\Desktop\capstone_classicfy\ATEPP_dataset\ATEPP-1.2\Ludwig_van_Beethoven\Piano_Sonata_No._31_in_A-Flat_Major,_Op._110\II._Allegro_molto\musicxml_cleaned.musicxml.midi",06565,06626,4.440892098500626e-16,1571
1194,"1194::C:\Users\정세린\Desktop\capstone_classicfy\ATEPP_dataset\ATEPP-1.2\Ludwig_van_Beethoven\Piano_Sonata_No._31_in_A-Flat_Major,_Op._110\II._Allegro_molto\musicxml_cleaned.musicxml.midi",06565,06627,2.220446049250313e-16,1571
1196,"1196::C:\Users\정세린\Desktop\capstone_classicfy\ATEPP_dataset\ATEPP-1.2\Ludwig_van_Beethoven\Piano_Sonata_No.26_in_E_flat,_Op.81a_-_Les_adieux_\2._Abwesendheit_(Andante_espressivo)\musicxml_cleaned.musicxml.midi",06648,06649,2.220446049250313e-16,581
1196,"1196::C:\Users\정세린\Desktop\capstone_classicfy\ATEPP_dataset\ATEPP-1.2\Ludwig_van_Beethoven\Piano_Sonata_No.26_in_E_flat,_Op.81a_-_Les_adieux_\2._Abwesendheit_(Andante_espressivo)\musicxml_cleaned.musicxml.midi",06648,06650,1.1102230246251565e-16,581
1196,"1196::C:\Users\정세린\Desktop\capstone_classicfy\ATEPP_dataset\ATEPP-1.2\Ludwig_van_Beethoven\Piano_Sonata_No.26_in_E_flat,_Op.81a_-_Les_adieux_\2._Abwesendheit_(Andante_espressivo)\musicxml_cleaned.musicxml.midi",06648,06651,1.1102230246251565e-16,581
1196,"1196::C:\Users\정세린\Desktop\capstone_classicfy\ATEPP_dataset\ATEPP-1.2\Ludwig_van_Beethoven\Piano_Sonata_No.26_in_E_flat,_Op.81a_-_Les_adieux_\2._Abwesendheit_(Andante_espressivo)\musicxml_cleaned.musicxml.midi",06648,06653,1.1102230246251565e-16,581
1196,"1196::C:\Users\정세린\Desktop\capstone_classicfy\ATEPP_dataset\ATEPP-1.2\Ludwig_van_Beethoven\Piano_Sonata_No.26_in_E_flat,_Op.81a_-_Les_adieux_\2._Abwesendheit_(Andante_espressivo)\musicxml_cleaned.musicxml.midi",06648,06654,1.942890293094024e-16,581
1196,"1196::C:\Users\정세린\Desktop\capstone_classicfy\ATEPP_dataset\ATEPP-1.2\Ludwig_van_Beethoven\Piano_Sonata_No.26_in_E_flat,_Op.81a_-_Les_adieux_\2._Abwesendheit_(Andante_espressivo)\musicxml_cleaned.musicxml.midi",06648,06655,1.1102230246251565e-16,581
1196,"1196::C:\Users\정세린\Desktop\capstone_classicfy\ATEPP_dataset\ATEPP-1.2\Ludwig_van_Beethoven\Piano_Sonata_No.26_in_E_flat,_Op.81a_-_Les_adieux_\2._Abwesendheit_(Andante_espressivo)\musicxml_cleaned.musicxml.midi",06648,06656,1.1102230246251565e-16,581
1196,"1196::C:\Users\정세린\Desktop\capstone_classicfy\ATEPP_dataset\ATEPP-1.2\Ludwig_van_Beethoven\Piano_Sonata_No.26_in_E_flat,_Op.81a_-_Les_adieux_\2._Abwesendheit_(Andante_espressivo)\musicxml_cleaned.musicxml.midi",06648,06657,5.551115123125783e-17,581
1196,"1196::C:\Users\정세린\Desktop\capstone_classicfy\ATEPP_dataset\ATEPP-1.2\Ludwig_van_Beethoven\Piano_Sonata_No.26_in_E_flat,_Op.81a_-_Les_adieux_\2._Abwesendheit_(Andante_espressivo)\musicxml_cleaned.musicxml.midi",06648,06658,1.1102230246251565e-16,581
1198,"1198::C:\Users\정세린\Desktop\capstone_classicfy\ATEPP_dataset\ATEPP-1.2\Ludwig_van_Beethoven\Piano_Sonata_No.26_in_E_flat,_Op.81a_-_Les_adieux_\3._Das_Wiedersehn_(Vivacissimamente)\musicxml_cleaned.musicxml.midi",06674,06675,8.881784197001252e-16,5524
1198,"1198::C:\Users\정세린\Desktop\capstone_classicfy\ATEPP_dataset\ATEPP-1.2\Ludwig_van_Beethoven\Piano_Sonata_No.26_in_E_flat,_Op.81a_-_Les_adieux_\3._Das_Wiedersehn_(Vivacissimamente)\musicxml_cleaned.musicxml.midi",06674,06676,8.881784197001252e-16,5498
1198,"1198::C:\Users\정세린\Desktop\capstone_classicfy\ATEPP_dataset\ATEPP-1.2\Ludwig_van_Beethoven\Piano_Sonata_No.26_in_E_flat,_Op.81a_-_Les_adieux_\3._Das_Wiedersehn_(Vivacissimamente)\musicxml_cleaned.musicxml.midi",06674,06679,1.7763568394002505e-15,5512
1198,"1198::C:\Users\정세린\Desktop\capstone_classicfy\ATEPP_dataset\ATEPP-1.2\Ludwig_van_Beethoven\Piano_Sonata_No.26_in_E_flat,_Op.81a_-_Les_adieux_\3._Das_Wiedersehn_(Vivacissimamente)\musicxml_cleaned.musicxml.midi",06674,06681,8.881784197001252e-16,5517
1198,"1198::C:\Users\정세린\Desktop\capstone_classicfy\ATEPP_dataset\ATEPP-1.2\Ludwig_van_Beethoven\Piano_Sonata_No.26_in_E_flat,_Op.81a_-_Les_adieux_\3._Das_Wiedersehn_(Vivacissimamente)\musicxml_cleaned.musicxml.midi",06674,06682,8.881784197001252e-16,5510
119,"119::C:\Users\정세린\Desktop\capstone_classicfy\ATEPP_dataset\ATEPP-1.2\Franz_Liszt\12_Etudes_d'exe╠ücution_transcendante,_S.139\No.1_Pre╠ülude_(Presto)\musicxml_cleaned.musicxml.midi",00417,00418,2.220446049250313e-16,630
119,"119::C:\Users\정세린\Desktop\capstone_classicfy\ATEPP_dataset\ATEPP-1.2\Franz_Liszt\12_Etudes_d'exe╠ücution_transcendante,_S.139\No.1_Pre╠ülude_(Presto)\musicxml_cleaned.musicxml.midi",00417,00419,2.220446049250313e-16,630
119,"119::C:\Users\정세린\Desktop\capstone_classicfy\ATEPP_dataset\ATEPP-1.2\Franz_Liszt\12_Etudes_d'exe╠ücution_transcendante,_S.139\No.1_Pre╠ülude_(Presto)\musicxml_cleaned.musicxml.midi",00417,00420,4.440892098500626e-16,630
1200,"1200::C:\Users\정세린\Desktop\capstone_classicfy\ATEPP_dataset\ATEPP-1.2\Ludwig_van_Beethoven\Piano_Sonata_No.6_in_F,_Op.10_No.2\1._Allegro\musicxml_cleaned.musicxml.midi",06694,06696,2.220446049250313e-16,2804
1200,"1200::C:\Users\정세린\Desktop\capstone_classicfy\ATEPP_dataset\ATEPP-1.2\Ludwig_van_Beethoven\Piano_Sonata_No.6_in_F,_Op.10_No.2\1._Allegro\musicxml_cleaned.musicxml.midi",06694,06697,4.440892098500626e-16,2804
1200,"1200::C:\Users\정세린\Desktop\capstone_classicfy\ATEPP_dataset\ATEPP-1.2\Ludwig_van_Beethoven\Piano_Sonata_No.6_in_F,_Op.10_No.2\1._Allegro\musicxml_cleaned.musicxml.midi",06694,06698,2.220446049250313e-16,2804
1200,"1200::C:\Users\정세린\Desktop\capstone_classicfy\ATEPP_dataset\ATEPP-1.2\Ludwig_van_Beethoven\Piano_Sonata_No.6_in_F,_Op.10_No.2\1._Allegro\musicxml_cleaned.musicxml.midi",06694,06699,2.220446049250313e-16,2804
1200,"1200::C:\Users\정세린\Desktop\capstone_classicfy\ATEPP_dataset\ATEPP-1.2\Ludwig_van_Beethoven\Piano_Sonata_No.6_in_F,_Op.10_No.2\1._Allegro\musicxml_cleaned.musicxml.midi",06694,06703,4.440892098500626e-16,2804
1200,"1200::C:\Users\정세린\Desktop\capstone_classicfy\ATEPP_dataset\ATEPP-1.2\Ludwig_van_Beethoven\Piano_Sonata_No.6_in_F,_Op.10_No.2\1._Allegro\musicxml_cleaned.musicxml.midi",06694,06704,4.440892098500626e-16,2804
1200,"1200::C:\Users\정세린\Desktop\capstone_classicfy\ATEPP_dataset\ATEPP-1.2\Ludwig_van_Beethoven\Piano_Sonata_No.6_in_F,_Op.10_No.2\1._Allegro\musicxml_cleaned.musicxml.midi",06694,06706,8.881784197001252e-16,2802
1200,"1200::C:\Users\정세린\Desktop\capstone_classicfy\ATEPP_dataset\ATEPP-1.2\Ludwig_van_Beethoven\Piano_Sonata_No.6_in_F,_Op.10_No.2\1._Allegro\musicxml_cleaned.musicxml.midi",06694,06710,2.220446049250313e-16,2804
1200,"1200::C:\Users\정세린\Desktop\capstone_classicfy\ATEPP_dataset\ATEPP-1.2\Ludwig_van_Beethoven\Piano_Sonata_No.6_in_F,_Op.10_No.2\1._Allegro\musicxml_cleaned.musicxml.midi",06694,06713,4.440892098500626e-16,2800
1200,"1200::C:\Users\정세린\Desktop\capstone_classicfy\ATEPP_dataset\ATEPP-1.2\Ludwig_van_Beethoven\Piano_Sonata_No.6_in_F,_Op.10_No.2\1._Allegro\musicxml_cleaned.musicxml.midi",06694,06716,4.440892098500626e-16,2804
1202,"1202::C:\Users\정세린\Desktop\capstone_classicfy\ATEPP_dataset\ATEPP-1.2\Ludwig_van_Beethoven\Piano_Sonata_No._4_in_E-Flat_Major,_Op._7__Grand_\I._Allegro_molto_e_con_brio\musicxml_cleaned.musicxml.midi",06738,06739,8.881784197001252e-16,7490
1202,"1202::C:\Users\정세린\Desktop\capstone_classicfy\ATEPP_dataset\ATEPP-1.2\Ludwig_van_Beethoven\Piano_Sonata_No._4_in_E-Flat_Major,_Op._7__Grand_\I._Allegro_molto_e_con_brio\musicxml_cleaned.musicxml.midi",06738,06740,4.440892098500626e-16,7498
1202,"1202::C:\Users\정세린\Desktop\capstone_classicfy\ATEPP_dataset\ATEPP-1.2\Ludwig_van_Beethoven\Piano_Sonata_No._4_in_E-Flat_Major,_Op._7__Grand_\I._Allegro_molto_e_con_brio\musicxml_cleaned.musicxml.midi",06738,06741,8.881784197001252e-16,7498
1202,"1202::C:\Users\정세린\Desktop\capstone_classicfy\ATEPP_dataset\ATEPP-1.2\Ludwig_van_Beethoven\Piano_Sonata_No._4_in_E-Flat_Major,_Op._7__Grand_\I._Allegro_molto_e_con_brio\musicxml_cleaned.musicxml.midi",06738,06742,1.7763568394002505e-15,7487
1202,"1202::C:\Users\정세린\Desktop\capstone_classicfy\ATEPP_dataset\ATEPP-1.2\Ludwig_van_Beethoven\Piano_Sonata_No._4_in_E-Flat_Major,_Op._7__Grand_\I._Allegro_molto_e_con_brio\musicxml_cleaned.musicxml.midi",06738,06743,4.440892098500626e-16,7482
1202,"1202::C:\Users\정세린\Desktop\capstone_classicfy\ATEPP_dataset\ATEPP-1.2\Ludwig_van_Beethoven\Piano_Sonata_No._4_in_E-Flat_Major,_Op._7__Grand_\I._Allegro_molto_e_con_brio\musicxml_cleaned.musicxml.midi",06738,06748,1.7763568394002505e-15,7474
1202,"1202::C:\Users\정세린\Desktop\capstone_classicfy\ATEPP_dataset\ATEPP-1.2\Ludwig_van_Beethoven\Piano_Sonata_No._4_in_E-Flat_Major,_Op._7__Grand_\I._Allegro_molto_e_con_brio\musicxml_cleaned.musicxml.midi",06738,06749,4.440892098500626e-16,7490
1203,"1203::C:\Users\정세린\Desktop\capstone_classicfy\ATEPP_dataset\ATEPP-1.2\Ludwig_van_Beethoven\Piano_Sonata_No._4_in_E-Flat_Major,_Op._7__Grand_\II._Largo,_con_gran_espressione\Sonate_No._4_2nd_Movement.mxl.midi",06752,06753,4.440892098500626e-16,1866
1203,"1203::C:\Users\정세린\Desktop\capstone_classicfy\ATEPP_dataset\ATEPP-1.2\Ludwig_van_Beethoven\Piano_Sonata_No._4_in_E-Flat_Major,_Op._7__Grand_\II._Largo,_con_gran_espressione\Sonate_No._4_2nd_Movement.mxl.midi",06752,06755,4.440892098500626e-16,1866
1203,"1203::C:\Users\정세린\Desktop\capstone_classicfy\ATEPP_dataset\ATEPP-1.2\Ludwig_van_Beethoven\Piano_Sonata_No._4_in_E-Flat_Major,_Op._7__Grand_\II._Largo,_con_gran_espressione\Sonate_No._4_2nd_Movement.mxl.midi",06752,06756,8.881784197001252e-16,1866
1203,"1203::C:\Users\정세린\Desktop\capstone_classicfy\ATEPP_dataset\ATEPP-1.2\Ludwig_van_Beethoven\Piano_Sonata_No._4_in_E-Flat_Major,_Op._7__Grand_\II._Largo,_con_gran_espressione\Sonate_No._4_2nd_Movement.mxl.midi",06752,06757,2.220446049250313e-16,1866
1203,"1203::C:\Users\정세린\Desktop\capstone_classicfy\ATEPP_dataset\ATEPP-1.2\Ludwig_van_Beethoven\Piano_Sonata_No._4_in_E-Flat_Major,_Op._7__Grand_\II._Largo,_con_gran_espressione\Sonate_No._4_2nd_Movement.mxl.midi",06752,06758,4.440892098500626e-16,1866
1203,"1203::C:\Users\정세린\Desktop\capstone_classicfy\ATEPP_dataset\ATEPP-1.2\Ludwig_van_Beethoven\Piano_Sonata_No._4_in_E-Flat_Major,_Op._7__Grand_\II._Largo,_con_gran_espressione\Sonate_No._4_2nd_Movement.mxl.midi",06752,06759,4.440892098500626e-16,1866
1203,"1203::C:\Users\정세린\Desktop\capstone_classicfy\ATEPP_dataset\ATEPP-1.2\Ludwig_van_Beethoven\Piano_Sonata_No._4_in_E-Flat_Major,_Op._7__Grand_\II._Largo,_con_gran_espressione\Sonate_No._4_2nd_Movement.mxl.midi",06752,06763,8.881784197001252e-16,1862
1203,"1203::C:\Users\정세린\Desktop\capstone_classicfy\ATEPP_dataset\ATEPP-1.2\Ludwig_van_Beethoven\Piano_Sonata_No._4_in_E-Flat_Major,_Op._7__Grand_\II._Largo,_con_gran_espressione\Sonate_No._4_2nd_Movement.mxl.midi",06752,06766,4.440892098500626e-16,1864
1203,"1203::C:\Users\정세린\Desktop\capstone_classicfy\ATEPP_dataset\ATEPP-1.2\Ludwig_van_Beethoven\Piano_Sonata_No._4_in_E-Flat_Major,_Op._7__Grand_\II._Largo,_con_gran_espressione\Sonate_No._4_2nd_Movement.mxl.midi",06752,06767,4.440892098500626e-16,1866
1207,"1207::C:\Users\정세린\Desktop\capstone_classicfy\ATEPP_dataset\ATEPP-1.2\Ludwig_van_Beethoven\Piano_Sonata_No._30_in_E_Major,_Op._109\II._Prestissimo\Sonate_No._30_2nd_Movement.mxl.midi",06806,06807,4.440892098500626e-16,3649
1207,"1207::C:\Users\정세린\Desktop\capstone_classicfy\ATEPP_dataset\ATEPP-1.2\Ludwig_van_Beethoven\Piano_Sonata_No._30_in_E_Major,_Op._109\II._Prestissimo\Sonate_No._30_2nd_Movement.mxl.midi",06806,06808,4.440892098500626e-16,3651
1207,"1207::C:\Users\정세린\Desktop\capstone_classicfy\ATEPP_dataset\ATEPP-1.2\Ludwig_van_Beethoven\Piano_Sonata_No._30_in_E_Major,_Op._109\II._Prestissimo\Sonate_No._30_2nd_Movement.mxl.midi",06806,06809,4.440892098500626e-16,3649
1207,"1207::C:\Users\정세린\Desktop\capstone_classicfy\ATEPP_dataset\ATEPP-1.2\Ludwig_van_Beethoven\Piano_Sonata_No._30_in_E_Major,_Op._109\II._Prestissimo\Sonate_No._30_2nd_Movement.mxl.midi",06806,06810,2.220446049250313e-16,3653
1207,"1207::C:\Users\정세린\Desktop\capstone_classicfy\ATEPP_dataset\ATEPP-1.2\Ludwig_van_Beethoven\Piano_Sonata_No._30_in_E_Major,_Op._109\II._Prestissimo\Sonate_No._30_2nd_Movement.mxl.midi",06806,06811,4.440892098500626e-16,3641
1207,"1207::C:\Users\정세린\Desktop\capstone_classicfy\ATEPP_dataset\ATEPP-1.2\Ludwig_van_Beethoven\Piano_Sonata_No._30_in_E_Major,_Op._109\II._Prestissimo\Sonate_No._30_2nd_Movement.mxl.midi",06806,06813,4.440892098500626e-16,3641
1207,"1207::C:\Users\정세린\Desktop\capstone_classicfy\ATEPP_dataset\ATEPP-1.2\Ludwig_van_Beethoven\Piano_Sonata_No._30_in_E_Major,_Op._109\II._Prestissimo\Sonate_No._30_2nd_Movement.mxl.midi",06806,06817,2.220446049250313e-16,3649
1207,"1207::C:\Users\정세린\Desktop\capstone_classicfy\ATEPP_dataset\ATEPP-1.2\Ludwig_van_Beethoven\Piano_Sonata_No._30_in_E_Major,_Op._109\II._Prestissimo\Sonate_No._30_2nd_Movement.mxl.midi",06806,06818,4.440892098500626e-16,3649
1207,"1207::C:\Users\정세린\Desktop\capstone_classicfy\ATEPP_dataset\ATEPP-1.2\Ludwig_van_Beethoven\Piano_Sonata_No._30_in_E_Major,_Op._109\II._Prestissimo\Sonate_No._30_2nd_Movement.mxl.midi",06806,06819,8.881784197001252e-16,3652
1207,"1207::C:\Users\정세린\Desktop\capstone_classicfy\ATEPP_dataset\ATEPP-1.2\Ludwig_van_Beethoven\Piano_Sonata_No._30_in_E_Major,_Op._109\II._Prestissimo\Sonate_No._30_2nd_Movement.mxl.midi",06806,06820,2.220446049250313e-16,3647
1207,"1207::C:\Users\정세린\Desktop\capstone_classicfy\ATEPP_dataset\ATEPP-1.2\Ludwig_van_Beethoven\Piano_Sonata_No._30_in_E_Major,_Op._109\II._Prestissimo\Sonate_No._30_2nd_Movement.mxl.midi",06806,06821,8.881784197001252e-16,3651
1207,"1207::C:\Users\정세린\Desktop\capstone_classicfy\ATEPP_dataset\ATEPP-1.2\Ludwig_van_Beethoven\Piano_Sonata_No._30_in_E_Major,_Op._109\II._Prestissimo\Sonate_No._30_2nd_Movement.mxl.midi",06806,06822,2.220446049250313e-16,3647
1207,"1207::C:\Users\정세린\Desktop\capstone_classicfy\ATEPP_dataset\ATEPP-1.2\Ludwig_van_Beethoven\Piano_Sonata_No._30_in_E_Major,_Op._109\II._Prestissimo\Sonate_No._30_2nd_Movement.mxl.midi",06806,06825,4.440892098500626e-16,3647
1207,"1207::C:\Users\정세린\Desktop\capstone_classicfy\ATEPP_dataset\ATEPP-1.2\Ludwig_van_Beethoven\Piano_Sonata_No._30_in_E_Major,_Op._109\II._Prestissimo\Sonate_No._30_2nd_Movement.mxl.midi",06806,06826,4.440892098500626e-16,3641
1207,"1207::C:\Users\정세린\Desktop\capstone_classicfy\ATEPP_dataset\ATEPP-1.2\Ludwig_van_Beethoven\Piano_Sonata_No._30_in_E_Major,_Op._109\II._Prestissimo\Sonate_No._30_2nd_Movement.mxl.midi",06806,06827,4.440892098500626e-16,3651
1207,"1207::C:\Users\정세린\Desktop\capstone_classicfy\ATEPP_dataset\ATEPP-1.2\Ludwig_van_Beethoven\Piano_Sonata_No._30_in_E_Major,_Op._109\II._Prestissimo\Sonate_No._30_2nd_Movement.mxl.midi",06806,06828,4.440892098500626e-16,3653
1207,"1207::C:\Users\정세린\Desktop\capstone_classicfy\ATEPP_dataset\ATEPP-1.2\Ludwig_van_Beethoven\Piano_Sonata_No._30_in_E_Major,_Op._109\II._Prestissimo\Sonate_No._30_2nd_Movement.mxl.midi",06806,06829,8.881784197001252e-16,3648
1207,"1207::C:\Users\정세린\Desktop\capstone_classicfy\ATEPP_dataset\ATEPP-1.2\Ludwig_van_Beethoven\Piano_Sonata_No._30_in_E_Major,_Op._109\II._Prestissimo\Sonate_No._30_2nd_Movement.mxl.midi",06806,06831,4.440892098500626e-16,3649
1207,"1207::C:\Users\정세린\Desktop\capstone_classicfy\ATEPP_dataset\ATEPP-1.2\Ludwig_van_Beethoven\Piano_Sonata_No._30_in_E_Major,_Op._109\II._Prestissimo\Sonate_No._30_2nd_Movement.mxl.midi",06806,06837,4.440892098500626e-16,3651
1207,"1207::C:\Users\정세린\Desktop\capstone_classicfy\ATEPP_dataset\ATEPP-1.2\Ludwig_van_Beethoven\Piano_Sonata_No._30_in_E_Major,_Op._109\II._Prestissimo\Sonate_No._30_2nd_Movement.mxl.midi",06806,06838,2.220446049250313e-16,3648
1207,"1207::C:\Users\정세린\Desktop\capstone_classicfy\ATEPP_dataset\ATEPP-1.2\Ludwig_van_Beethoven\Piano_Sonata_No._30_in_E_Major,_Op._109\II._Prestissimo\Sonate_No._30_2nd_Movement.mxl.midi",06806,06839,2.220446049250313e-16,3643
1207,"1207::C:\Users\정세린\Desktop\capstone_classicfy\ATEPP_dataset\ATEPP-1.2\Ludwig_van_Beethoven\Piano_Sonata_No._30_in_E_Major,_Op._109\II._Prestissimo\Sonate_No._30_2nd_Movement.mxl.midi",06806,06840,8.881784197001252e-16,3648
1207,"1207::C:\Users\정세린\Desktop\capstone_classicfy\ATEPP_dataset\ATEPP-1.2\Ludwig_van_Beethoven\Piano_Sonata_No._30_in_E_Major,_Op._109\II._Prestissimo\Sonate_No._30_2nd_Movement.mxl.midi",06806,06841,4.440892098500626e-16,3647
1207,"1207::C:\Users\정세린\Desktop\capstone_classicfy\ATEPP_dataset\ATEPP-1.2\Ludwig_van_Beethoven\Piano_Sonata_No._30_in_E_Major,_Op._109\II._Prestissimo\Sonate_No._30_2nd_Movement.mxl.midi",06806,06843,4.440892098500626e-16,3653
1207,"1207::C:\Users\정세린\Desktop\capstone_classicfy\ATEPP_dataset\ATEPP-1.2\Ludwig_van_Beethoven\Piano_Sonata_No._30_in_E_Major,_Op._109\II._Prestissimo\Sonate_No._30_2nd_Movement.mxl.midi",06806,06844,1.7763568394002505e-15,3649
1207,"1207::C:\Users\정세린\Desktop\capstone_classicfy\ATEPP_dataset\ATEPP-1.2\Ludwig_van_Beethoven\Piano_Sonata_No._30_in_E_Major,_Op._109\II._Prestissimo\Sonate_No._30_2nd_Movement.mxl.midi",06806,06846,8.881784197001252e-16,3647
1207,"1207::C:\Users\정세린\Desktop\capstone_classicfy\ATEPP_dataset\ATEPP-1.2\Ludwig_van_Beethoven\Piano_Sonata_No._30_in_E_Major,_Op._109\II._Prestissimo\Sonate_No._30_2nd_Movement.mxl.midi",06806,06849,4.440892098500626e-16,3651
1207,"1207::C:\Users\정세린\Desktop\capstone_classicfy\ATEPP_dataset\ATEPP-1.2\Ludwig_van_Beethoven\Piano_Sonata_No._30_in_E_Major,_Op._109\II._Prestissimo\Sonate_No._30_2nd_Movement.mxl.midi",06806,06850,2.220446049250313e-16,3651
1208,"1208::C:\Users\정세린\Desktop\capstone_classicfy\ATEPP_dataset\ATEPP-1.2\Ludwig_van_Beethoven\Piano_Sonata_No._30_in_E_Major,_Op._109\III._Andante_molto_cantabile_ed_espressivo\Sonate_No._30_3rd_Movement.mxl.midi",06851,06855,8.881784197001252e-16,8716
1208,"1208::C:\Users\정세린\Desktop\capstone_classicfy\ATEPP_dataset\ATEPP-1.2\Ludwig_van_Beethoven\Piano_Sonata_No._30_in_E_Major,_Op._109\III._Andante_molto_cantabile_ed_espressivo\Sonate_No._30_3rd_Movement.mxl.midi",06851,06856,4.440892098500626e-16,8722
1208,"1208::C:\Users\정세린\Desktop\capstone_classicfy\ATEPP_dataset\ATEPP-1.2\Ludwig_van_Beethoven\Piano_Sonata_No._30_in_E_Major,_Op._109\III._Andante_molto_cantabile_ed_espressivo\Sonate_No._30_3rd_Movement.mxl.midi",06851,06857,4.440892098500626e-16,8718
1208,"1208::C:\Users\정세린\Desktop\capstone_classicfy\ATEPP_dataset\ATEPP-1.2\Ludwig_van_Beethoven\Piano_Sonata_No._30_in_E_Major,_Op._109\III._Andante_molto_cantabile_ed_espressivo\Sonate_No._30_3rd_Movement.mxl.midi",06851,06858,4.440892098500626e-16,8722
1208,"1208::C:\Users\정세린\Desktop\capstone_classicfy\ATEPP_dataset\ATEPP-1.2\Ludwig_van_Beethoven\Piano_Sonata_No._30_in_E_Major,_Op._109\III._Andante_molto_cantabile_ed_espressivo\Sonate_No._30_3rd_Movement.mxl.midi",06851,06859,1.7763568394002505e-15,8724
1208,"1208::C:\Users\정세린\Desktop\capstone_classicfy\ATEPP_dataset\ATEPP-1.2\Ludwig_van_Beethoven\Piano_Sonata_No._30_in_E_Major,_Op._109\III._Andante_molto_cantabile_ed_espressivo\Sonate_No._30_3rd_Movement.mxl.midi",06851,06861,4.440892098500626e-16,8704
1208,"1208::C:\Users\정세린\Desktop\capstone_classicfy\ATEPP_dataset\ATEPP-1.2\Ludwig_van_Beethoven\Piano_Sonata_No._30_in_E_Major,_Op._109\III._Andante_molto_cantabile_ed_espressivo\Sonate_No._30_3rd_Movement.mxl.midi",06851,06865,4.440892098500626e-16,8724
1208,"1208::C:\Users\정세린\Desktop\capstone_classicfy\ATEPP_dataset\ATEPP-1.2\Ludwig_van_Beethoven\Piano_Sonata_No._30_in_E_Major,_Op._109\III._Andante_molto_cantabile_ed_espressivo\Sonate_No._30_3rd_Movement.mxl.midi",06851,06866,4.440892098500626e-16,8716
1208,"1208::C:\Users\정세린\Desktop\capstone_classicfy\ATEPP_dataset\ATEPP-1.2\Ludwig_van_Beethoven\Piano_Sonata_No._30_in_E_Major,_Op._109\III._Andante_molto_cantabile_ed_espressivo\Sonate_No._30_3rd_Movement.mxl.midi",06851,06867,2.220446049250313e-16,8720
1208,"1208::C:\Users\정세린\Desktop\capstone_classicfy\ATEPP_dataset\ATEPP-1.2\Ludwig_van_Beethoven\Piano_Sonata_No._30_in_E_Major,_Op._109\III._Andante_molto_cantabile_ed_espressivo\Sonate_No._30_3rd_Movement.mxl.midi",06851,06868,4.440892098500626e-16,8726
1208,"1208::C:\Users\정세린\Desktop\capstone_classicfy\ATEPP_dataset\ATEPP-1.2\Ludwig_van_Beethoven\Piano_Sonata_No._30_in_E_Major,_Op._109\III._Andante_molto_cantabile_ed_espressivo\Sonate_No._30_3rd_Movement.mxl.midi",06851,06869,4.440892098500626e-16,8722
1208,"1208::C:\Users\정세린\Desktop\capstone_classicfy\ATEPP_dataset\ATEPP-1.2\Ludwig_van_Beethoven\Piano_Sonata_No._30_in_E_Major,_Op._109\III._Andante_molto_cantabile_ed_espressivo\Sonate_No._30_3rd_Movement.mxl.midi",06851,06870,4.440892098500626e-16,8722
1208,"1208::C:\Users\정세린\Desktop\capstone_classicfy\ATEPP_dataset\ATEPP-1.2\Ludwig_van_Beethoven\Piano_Sonata_No._30_in_E_Major,_Op._109\III._Andante_molto_cantabile_ed_espressivo\Sonate_No._30_3rd_Movement.mxl.midi",06851,06872,4.440892098500626e-16,8707
1208,"1208::C:\Users\정세린\Desktop\capstone_classicfy\ATEPP_dataset\ATEPP-1.2\Ludwig_van_Beethoven\Piano_Sonata_No._30_in_E_Major,_Op._109\III._Andante_molto_cantabile_ed_espressivo\Sonate_No._30_3rd_Movement.mxl.midi",06851,06873,4.440892098500626e-16,8722
1208,"1208::C:\Users\정세린\Desktop\capstone_classicfy\ATEPP_dataset\ATEPP-1.2\Ludwig_van_Beethoven\Piano_Sonata_No._30_in_E_Major,_Op._109\III._Andante_molto_cantabile_ed_espressivo\Sonate_No._30_3rd_Movement.mxl.midi",06851,06874,2.220446049250313e-16,8724
1208,"1208::C:\Users\정세린\Desktop\capstone_classicfy\ATEPP_dataset\ATEPP-1.2\Ludwig_van_Beethoven\Piano_Sonata_No._30_in_E_Major,_Op._109\III._Andante_molto_cantabile_ed_espressivo\Sonate_No._30_3rd_Movement.mxl.midi",06851,06875,4.440892098500626e-16,8726
1208,"1208::C:\Users\정세린\Desktop\capstone_classicfy\ATEPP_dataset\ATEPP-1.2\Ludwig_van_Beethoven\Piano_Sonata_No._30_in_E_Major,_Op._109\III._Andante_molto_cantabile_ed_espressivo\Sonate_No._30_3rd_Movement.mxl.midi",06851,06876,4.440892098500626e-16,8710
1208,"1208::C:\Users\정세린\Desktop\capstone_classicfy\ATEPP_dataset\ATEPP-1.2\Ludwig_van_Beethoven\Piano_Sonata_No._30_in_E_Major,_Op._109\III._Andante_molto_cantabile_ed_espressivo\Sonate_No._30_3rd_Movement.mxl.midi",06851,06882,4.440892098500626e-16,8712
1208,"1208::C:\Users\정세린\Desktop\capstone_classicfy\ATEPP_dataset\ATEPP-1.2\Ludwig_van_Beethoven\Piano_Sonata_No._30_in_E_Major,_Op._109\III._Andante_molto_cantabile_ed_espressivo\Sonate_No._30_3rd_Movement.mxl.midi",06851,06884,8.881784197001252e-16,8714
1208,"1208::C:\Users\정세린\Desktop\capstone_classicfy\ATEPP_dataset\ATEPP-1.2\Ludwig_van_Beethoven\Piano_Sonata_No._30_in_E_Major,_Op._109\III._Andante_molto_cantabile_ed_espressivo\Sonate_No._30_3rd_Movement.mxl.midi",06851,06885,8.881784197001252e-16,8714
1208,"1208::C:\Users\정세린\Desktop\capstone_classicfy\ATEPP_dataset\ATEPP-1.2\Ludwig_van_Beethoven\Piano_Sonata_No._30_in_E_Major,_Op._109\III._Andante_molto_cantabile_ed_espressivo\Sonate_No._30_3rd_Movement.mxl.midi",06851,06886,4.440892098500626e-16,8714
1208,"1208::C:\Users\정세린\Desktop\capstone_classicfy\ATEPP_dataset\ATEPP-1.2\Ludwig_van_Beethoven\Piano_Sonata_No._30_in_E_Major,_Op._109\III._Andante_molto_cantabile_ed_espressivo\Sonate_No._30_3rd_Movement.mxl.midi",06851,06887,4.440892098500626e-16,8712
1208,"1208::C:\Users\정세린\Desktop\capstone_classicfy\ATEPP_dataset\ATEPP-1.2\Ludwig_van_Beethoven\Piano_Sonata_No._30_in_E_Major,_Op._109\III._Andante_molto_cantabile_ed_espressivo\Sonate_No._30_3rd_Movement.mxl.midi",06851,06888,4.440892098500626e-16,8710
1208,"1208::C:\Users\정세린\Desktop\capstone_classicfy\ATEPP_dataset\ATEPP-1.2\Ludwig_van_Beethoven\Piano_Sonata_No._30_in_E_Major,_Op._109\III._Andante_molto_cantabile_ed_espressivo\Sonate_No._30_3rd_Movement.mxl.midi",06851,06889,4.440892098500626e-16,8714
1208,"1208::C:\Users\정세린\Desktop\capstone_classicfy\ATEPP_dataset\ATEPP-1.2\Ludwig_van_Beethoven\Piano_Sonata_No._30_in_E_Major,_Op._109\III._Andante_molto_cantabile_ed_espressivo\Sonate_No._30_3rd_Movement.mxl.midi",06851,06892,4.440892098500626e-16,8720
1208,"1208::C:\Users\정세린\Desktop\capstone_classicfy\ATEPP_dataset\ATEPP-1.2\Ludwig_van_Beethoven\Piano_Sonata_No._30_in_E_Major,_Op._109\III._Andante_molto_cantabile_ed_espressivo\Sonate_No._30_3rd_Movement.mxl.midi",06851,06893,4.440892098500626e-16,8726
1208,"1208::C:\Users\정세린\Desktop\capstone_classicfy\ATEPP_dataset\ATEPP-1.2\Ludwig_van_Beethoven\Piano_Sonata_No._30_in_E_Major,_Op._109\III._Andante_molto_cantabile_ed_espressivo\Sonate_No._30_3rd_Movement.mxl.midi",06851,06894,4.440892098500626e-16,8722
1209,"1209::C:\Users\정세린\Desktop\capstone_classicfy\ATEPP_dataset\ATEPP-1.2\Ludwig_van_Beethoven\Piano_Sonata_No.2_in_A,_Op.2_No.2\1._Allegro_vivace\musicxml_cleaned.musicxml.midi",06895,06896,8.881784197001252e-16,4566
1209,"1209::C:\Users\정세린\Desktop\capstone_classicfy\ATEPP_dataset\ATEPP-1.2\Ludwig_van_Beethoven\Piano_Sonata_No.2_in_A,_Op.2_No.2\1._Allegro_vivace\musicxml_cleaned.musicxml.midi",06895,06897,4.440892098500626e-16,4583
1209,"1209::C:\Users\정세린\Desktop\capstone_classicfy\ATEPP_dataset\ATEPP-1.2\Ludwig_van_Beethoven\Piano_Sonata_No.2_in_A,_Op.2_No.2\1._Allegro_vivace\musicxml_cleaned.musicxml.midi",06895,06898,4.440892098500626e-16,4581
1209,"1209::C:\Users\정세린\Desktop\capstone_classicfy\ATEPP_dataset\ATEPP-1.2\Ludwig_van_Beethoven\Piano_Sonata_No.2_in_A,_Op.2_No.2\1._Allegro_vivace\musicxml_cleaned.musicxml.midi",06895,06899,4.440892098500626e-16,4585
1209,"1209::C:\Users\정세린\Desktop\capstone_classicfy\ATEPP_dataset\ATEPP-1.2\Ludwig_van_Beethoven\Piano_Sonata_No.2_in_A,_Op.2_No.2\1._Allegro_vivace\musicxml_cleaned.musicxml.midi",06895,06900,8.881784197001252e-16,4579
1209,"1209::C:\Users\정세린\Desktop\capstone_classicfy\ATEPP_dataset\ATEPP-1.2\Ludwig_van_Beethoven\Piano_Sonata_No.2_in_A,_Op.2_No.2\1._Allegro_vivace\musicxml_cleaned.musicxml.midi",06895,06901,2.220446049250313e-16,4583
1209,"1209::C:\Users\정세린\Desktop\capstone_classicfy\ATEPP_dataset\ATEPP-1.2\Ludwig_van_Beethoven\Piano_Sonata_No.2_in_A,_Op.2_No.2\1._Allegro_vivace\musicxml_cleaned.musicxml.midi",06895,06902,4.440892098500626e-16,4581
1209,"1209::C:\Users\정세린\Desktop\capstone_classicfy\ATEPP_dataset\ATEPP-1.2\Ludwig_van_Beethoven\Piano_Sonata_No.2_in_A,_Op.2_No.2\1._Allegro_vivace\musicxml_cleaned.musicxml.midi",06895,06903,4.440892098500626e-16,4578
1209,"1209::C:\Users\정세린\Desktop\capstone_classicfy\ATEPP_dataset\ATEPP-1.2\Ludwig_van_Beethoven\Piano_Sonata_No.2_in_A,_Op.2_No.2\1._Allegro_vivace\musicxml_cleaned.musicxml.midi",06895,06904,4.440892098500626e-16,4578
1209,"1209::C:\Users\정세린\Desktop\capstone_classicfy\ATEPP_dataset\ATEPP-1.2\Ludwig_van_Beethoven\Piano_Sonata_No.2_in_A,_Op.2_No.2\1._Allegro_vivace\musicxml_cleaned.musicxml.midi",06895,06905,4.440892098500626e-16,4580
1209,"1209::C:\Users\정세린\Desktop\capstone_classicfy\ATEPP_dataset\ATEPP-1.2\Ludwig_van_Beethoven\Piano_Sonata_No.2_in_A,_Op.2_No.2\1._Allegro_vivace\musicxml_cleaned.musicxml.midi",06895,06907,4.440892098500626e-16,4576
1209,"1209::C:\Users\정세린\Desktop\capstone_classicfy\ATEPP_dataset\ATEPP-1.2\Ludwig_van_Beethoven\Piano_Sonata_No.2_in_A,_Op.2_No.2\1._Allegro_vivace\musicxml_cleaned.musicxml.midi",06895,06908,4.440892098500626e-16,4576
1209,"1209::C:\Users\정세린\Desktop\capstone_classicfy\ATEPP_dataset\ATEPP-1.2\Ludwig_van_Beethoven\Piano_Sonata_No.2_in_A,_Op.2_No.2\1._Allegro_vivace\musicxml_cleaned.musicxml.midi",06895,06909,4.440892098500626e-16,4585
1209,"1209::C:\Users\정세린\Desktop\capstone_classicfy\ATEPP_dataset\ATEPP-1.2\Ludwig_van_Beethoven\Piano_Sonata_No.2_in_A,_Op.2_No.2\1._Allegro_vivace\musicxml_cleaned.musicxml.midi",06895,06910,4.440892098500626e-16,4577
1209,"1209::C:\Users\정세린\Desktop\capstone_classicfy\ATEPP_dataset\ATEPP-1.2\Ludwig_van_Beethoven\Piano_Sonata_No.2_in_A,_Op.2_No.2\1._Allegro_vivace\musicxml_cleaned.musicxml.midi",06895,06913,2.220446049250313e-16,4570
1209,"1209::C:\Users\정세린\Desktop\capstone_classicfy\ATEPP_dataset\ATEPP-1.2\Ludwig_van_Beethoven\Piano_Sonata_No.2_in_A,_Op.2_No.2\1._Allegro_vivace\musicxml_cleaned.musicxml.midi",06895,06914,8.881784197001252e-16,4567
1209,"1209::C:\Users\정세린\Desktop\capstone_classicfy\ATEPP_dataset\ATEPP-1.2\Ludwig_van_Beethoven\Piano_Sonata_No.2_in_A,_Op.2_No.2\1._Allegro_vivace\musicxml_cleaned.musicxml.midi",06895,06916,4.440892098500626e-16,4569
1209,"1209::C:\Users\정세린\Desktop\capstone_classicfy\ATEPP_dataset\ATEPP-1.2\Ludwig_van_Beethoven\Piano_Sonata_No.2_in_A,_Op.2_No.2\1._Allegro_vivace\musicxml_cleaned.musicxml.midi",06895,06919,4.440892098500626e-16,4570
120,"120::C:\Users\정세린\Desktop\capstone_classicfy\ATEPP_dataset\ATEPP-1.2\Franz_Liszt\12_Etudes_d'exe╠ücution_transcendante,_S.139\No.8_Wilde_Jagd_(Presto_furioso)\musicxml_cleaned.musicxml.midi",00422,00423,8.881784197001252e-16,4476
120,"120::C:\Users\정세린\Desktop\capstone_classicfy\ATEPP_dataset\ATEPP-1.2\Franz_Liszt\12_Etudes_d'exe╠ücution_transcendante,_S.139\No.8_Wilde_Jagd_(Presto_furioso)\musicxml_cleaned.musicxml.midi",00422,00424,4.440892098500626e-16,4476
120,"120::C:\Users\정세린\Desktop\capstone_classicfy\ATEPP_dataset\ATEPP-1.2\Franz_Liszt\12_Etudes_d'exe╠ücution_transcendante,_S.139\No.8_Wilde_Jagd_(Presto_furioso)\musicxml_cleaned.musicxml.midi",00422,00425,4.440892098500626e-16,4482
120,"120::C:\Users\정세린\Desktop\capstone_classicfy\ATEPP_dataset\ATEPP-1.2\Franz_Liszt\12_Etudes_d'exe╠ücution_transcendante,_S.139\No.8_Wilde_Jagd_(Presto_furioso)\musicxml_cleaned.musicxml.midi",00422,00426,4.440892098500626e-16,4479
1210,"1210::C:\Users\정세린\Desktop\capstone_classicfy\ATEPP_dataset\ATEPP-1.2\Ludwig_van_Beethoven\Piano_Sonata_No.2_in_A,_Op.2_No.2\3._Scherzo_(Allegretto)\Sonate_No._2_3rd_Movement.mxl.midi",06920,06921,4.440892098500626e-16,2818
1210,"1210::C:\Users\정세린\Desktop\capstone_classicfy\ATEPP_dataset\ATEPP-1.2\Ludwig_van_Beethoven\Piano_Sonata_No.2_in_A,_Op.2_No.2\3._Scherzo_(Allegretto)\Sonate_No._2_3rd_Movement.mxl.midi",06920,06922,8.881784197001252e-16,2810
1210,"1210::C:\Users\정세린\Desktop\capstone_classicfy\ATEPP_dataset\ATEPP-1.2\Ludwig_van_Beethoven\Piano_Sonata_No.2_in_A,_Op.2_No.2\3._Scherzo_(Allegretto)\Sonate_No._2_3rd_Movement.mxl.midi",06920,06923,4.440892098500626e-16,2816
1210,"1210::C:\Users\정세린\Desktop\capstone_classicfy\ATEPP_dataset\ATEPP-1.2\Ludwig_van_Beethoven\Piano_Sonata_No.2_in_A,_Op.2_No.2\3._Scherzo_(Allegretto)\Sonate_No._2_3rd_Movement.mxl.midi",06920,06924,8.881784197001252e-16,2813
1210,"1210::C:\Users\정세린\Desktop\capstone_classicfy\ATEPP_dataset\ATEPP-1.2\Ludwig_van_Beethoven\Piano_Sonata_No.2_in_A,_Op.2_No.2\3._Scherzo_(Allegretto)\Sonate_No._2_3rd_Movement.mxl.midi",06920,06925,8.881784197001252e-16,2815
1210,"1210::C:\Users\정세린\Desktop\capstone_classicfy\ATEPP_dataset\ATEPP-1.2\Ludwig_van_Beethoven\Piano_Sonata_No.2_in_A,_Op.2_No.2\3._Scherzo_(Allegretto)\Sonate_No._2_3rd_Movement.mxl.midi",06920,06926,8.881784197001252e-16,2818
1210,"1210::C:\Users\정세린\Desktop\capstone_classicfy\ATEPP_dataset\ATEPP-1.2\Ludwig_van_Beethoven\Piano_Sonata_No.2_in_A,_Op.2_No.2\3._Scherzo_(Allegretto)\Sonate_No._2_3rd_Movement.mxl.midi",06920,06927,6.661338147750939e-16,2818
1210,"1210::C:\Users\정세린\Desktop\capstone_classicfy\ATEPP_dataset\ATEPP-1.2\Ludwig_van_Beethoven\Piano_Sonata_No.2_in_A,_Op.2_No.2\3._Scherzo_(Allegretto)\Sonate_No._2_3rd_Movement.mxl.midi",06920,06928,8.881784197001252e-16,2816
1210,"1210::C:\Users\정세린\Desktop\capstone_classicfy\ATEPP_dataset\ATEPP-1.2\Ludwig_van_Beethoven\Piano_Sonata_No.2_in_A,_Op.2_No.2\3._Scherzo_(Allegretto)\Sonate_No._2_3rd_Movement.mxl.midi",06920,06929,8.881784197001252e-16,2818
1210,"1210::C:\Users\정세린\Desktop\capstone_classicfy\ATEPP_dataset\ATEPP-1.2\Ludwig_van_Beethoven\Piano_Sonata_No.2_in_A,_Op.2_No.2\3._Scherzo_(Allegretto)\Sonate_No._2_3rd_Movement.mxl.midi",06920,06932,4.440892098500626e-16,2805
1210,"1210::C:\Users\정세린\Desktop\capstone_classicfy\ATEPP_dataset\ATEPP-1.2\Ludwig_van_Beethoven\Piano_Sonata_No.2_in_A,_Op.2_No.2\3._Scherzo_(Allegretto)\Sonate_No._2_3rd_Movement.mxl.midi",06920,06933,8.881784197001252e-16,2814
1210,"1210::C:\Users\정세린\Desktop\capstone_classicfy\ATEPP_dataset\ATEPP-1.2\Ludwig_van_Beethoven\Piano_Sonata_No.2_in_A,_Op.2_No.2\3._Scherzo_(Allegretto)\Sonate_No._2_3rd_Movement.mxl.midi",06920,06934,4.440892098500626e-16,2814
1210,"1210::C:\Users\정세린\Desktop\capstone_classicfy\ATEPP_dataset\ATEPP-1.2\Ludwig_van_Beethoven\Piano_Sonata_No.2_in_A,_Op.2_No.2\3._Scherzo_(Allegretto)\Sonate_No._2_3rd_Movement.mxl.midi",06920,06936,4.440892098500626e-16,2801
1210,"1210::C:\Users\정세린\Desktop\capstone_classicfy\ATEPP_dataset\ATEPP-1.2\Ludwig_van_Beethoven\Piano_Sonata_No.2_in_A,_Op.2_No.2\3._Scherzo_(Allegretto)\Sonate_No._2_3rd_Movement.mxl.midi",06920,06937,4.440892098500626e-16,2810
1212,"1212::C:\Users\정세린\Desktop\capstone_classicfy\ATEPP_dataset\ATEPP-1.2\Ludwig_van_Beethoven\Piano_Sonata_No.2_in_A,_Op.2_No.2\2._Largo_appassionato\Sonate_No._2_2nd_Movement.mxl.midi",06968,06969,4.440892098500626e-16,1659
1212,"1212::C:\Users\정세린\Desktop\capstone_classicfy\ATEPP_dataset\ATEPP-1.2\Ludwig_van_Beethoven\Piano_Sonata_No.2_in_A,_Op.2_No.2\2._Largo_appassionato\Sonate_No._2_2nd_Movement.mxl.midi",06968,06970,4.440892098500626e-16,1659
1212,"1212::C:\Users\정세린\Desktop\capstone_classicfy\ATEPP_dataset\ATEPP-1.2\Ludwig_van_Beethoven\Piano_Sonata_No.2_in_A,_Op.2_No.2\2._Largo_appassionato\Sonate_No._2_2nd_Movement.mxl.midi",06968,06972,8.881784197001252e-16,1657
1212,"1212::C:\Users\정세린\Desktop\capstone_classicfy\ATEPP_dataset\ATEPP-1.2\Ludwig_van_Beethoven\Piano_Sonata_No.2_in_A,_Op.2_No.2\2._Largo_appassionato\Sonate_No._2_2nd_Movement.mxl.midi",06968,06973,4.440892098500626e-16,1659
1212,"1212::C:\Users\정세린\Desktop\capstone_classicfy\ATEPP_dataset\ATEPP-1.2\Ludwig_van_Beethoven\Piano_Sonata_No.2_in_A,_Op.2_No.2\2._Largo_appassionato\Sonate_No._2_2nd_Movement.mxl.midi",06968,06974,4.440892098500626e-16,1659
1212,"1212::C:\Users\정세린\Desktop\capstone_classicfy\ATEPP_dataset\ATEPP-1.2\Ludwig_van_Beethoven\Piano_Sonata_No.2_in_A,_Op.2_No.2\2._Largo_appassionato\Sonate_No._2_2nd_Movement.mxl.midi",06968,06975,4.440892098500626e-16,1659
1212,"1212::C:\Users\정세린\Desktop\capstone_classicfy\ATEPP_dataset\ATEPP-1.2\Ludwig_van_Beethoven\Piano_Sonata_No.2_in_A,_Op.2_No.2\2._Largo_appassionato\Sonate_No._2_2nd_Movement.mxl.midi",06968,06976,4.440892098500626e-16,1659
1212,"1212::C:\Users\정세린\Desktop\capstone_classicfy\ATEPP_dataset\ATEPP-1.2\Ludwig_van_Beethoven\Piano_Sonata_No.2_in_A,_Op.2_No.2\2._Largo_appassionato\Sonate_No._2_2nd_Movement.mxl.midi",06968,06977,4.440892098500626e-16,1659
1212,"1212::C:\Users\정세린\Desktop\capstone_classicfy\ATEPP_dataset\ATEPP-1.2\Ludwig_van_Beethoven\Piano_Sonata_No.2_in_A,_Op.2_No.2\2._Largo_appassionato\Sonate_No._2_2nd_Movement.mxl.midi",06968,06978,4.440892098500626e-16,1659
1212,"1212::C:\Users\정세린\Desktop\capstone_classicfy\ATEPP_dataset\ATEPP-1.2\Ludwig_van_Beethoven\Piano_Sonata_No.2_in_A,_Op.2_No.2\2._Largo_appassionato\Sonate_No._2_2nd_Movement.mxl.midi",06968,06979,4.440892098500626e-16,1659
1212,"1212::C:\Users\정세린\Desktop\capstone_classicfy\ATEPP_dataset\ATEPP-1.2\Ludwig_van_Beethoven\Piano_Sonata_No.2_in_A,_Op.2_No.2\2._Largo_appassionato\Sonate_No._2_2nd_Movement.mxl.midi",06968,06980,4.440892098500626e-16,1659
1212,"1212::C:\Users\정세린\Desktop\capstone_classicfy\ATEPP_dataset\ATEPP-1.2\Ludwig_van_Beethoven\Piano_Sonata_No.2_in_A,_Op.2_No.2\2._Largo_appassionato\Sonate_No._2_2nd_Movement.mxl.midi",06968,06981,4.440892098500626e-16,1659
1212,"1212::C:\Users\정세린\Desktop\capstone_classicfy\ATEPP_dataset\ATEPP-1.2\Ludwig_van_Beethoven\Piano_Sonata_No.2_in_A,_Op.2_No.2\2._Largo_appassionato\Sonate_No._2_2nd_Movement.mxl.midi",06968,06983,4.440892098500626e-16,1659
1212,"1212::C:\Users\정세린\Desktop\capstone_classicfy\ATEPP_dataset\ATEPP-1.2\Ludwig_van_Beethoven\Piano_Sonata_No.2_in_A,_Op.2_No.2\2._Largo_appassionato\Sonate_No._2_2nd_Movement.mxl.midi",06968,06984,4.440892098500626e-16,1659
1212,"1212::C:\Users\정세린\Desktop\capstone_classicfy\ATEPP_dataset\ATEPP-1.2\Ludwig_van_Beethoven\Piano_Sonata_No.2_in_A,_Op.2_No.2\2._Largo_appassionato\Sonate_No._2_2nd_Movement.mxl.midi",06968,06985,8.881784197001252e-16,1657
1212,"1212::C:\Users\정세린\Desktop\capstone_classicfy\ATEPP_dataset\ATEPP-1.2\Ludwig_van_Beethoven\Piano_Sonata_No.2_in_A,_Op.2_No.2\2._Largo_appassionato\Sonate_No._2_2nd_Movement.mxl.midi",06968,06986,4.440892098500626e-16,1659
1212,"1212::C:\Users\정세린\Desktop\capstone_classicfy\ATEPP_dataset\ATEPP-1.2\Ludwig_van_Beethoven\Piano_Sonata_No.2_in_A,_Op.2_No.2\2._Largo_appassionato\Sonate_No._2_2nd_Movement.mxl.midi",06968,06989,4.440892098500626e-16,1659
1212,"1212::C:\Users\정세린\Desktop\capstone_classicfy\ATEPP_dataset\ATEPP-1.2\Ludwig_van_Beethoven\Piano_Sonata_No.2_in_A,_Op.2_No.2\2._Largo_appassionato\Sonate_No._2_2nd_Movement.mxl.midi",06968,06990,4.440892098500626e-16,1659
1212,"1212::C:\Users\정세린\Desktop\capstone_classicfy\ATEPP_dataset\ATEPP-1.2\Ludwig_van_Beethoven\Piano_Sonata_No.2_in_A,_Op.2_No.2\2._Largo_appassionato\Sonate_No._2_2nd_Movement.mxl.midi",06968,06992,4.440892098500626e-16,1659
1212,"1212::C:\Users\정세린\Desktop\capstone_classicfy\ATEPP_dataset\ATEPP-1.2\Ludwig_van_Beethoven\Piano_Sonata_No.2_in_A,_Op.2_No.2\2._Largo_appassionato\Sonate_No._2_2nd_Movement.mxl.midi",06968,06995,4.440892098500626e-16,1659
1214,"1214::C:\Users\정세린\Desktop\capstone_classicfy\ATEPP_dataset\ATEPP-1.2\Ludwig_van_Beethoven\Piano_Sonata_No._21_in_C_major,_Op._53,__Waldstein_\III._Rondo__Allegretto_moderato\musicxml_cleaned.musicxml.midi",07041,07042,8.881784197001252e-16,9470
1214,"1214::C:\Users\정세린\Desktop\capstone_classicfy\ATEPP_dataset\ATEPP-1.2\Ludwig_van_Beethoven\Piano_Sonata_No._21_in_C_major,_Op._53,__Waldstein_\III._Rondo__Allegretto_moderato\musicxml_cleaned.musicxml.midi",07041,07044,4.440892098500626e-16,9471
1214,"1214::C:\Users\정세린\Desktop\capstone_classicfy\ATEPP_dataset\ATEPP-1.2\Ludwig_van_Beethoven\Piano_Sonata_No._21_in_C_major,_Op._53,__Waldstein_\III._Rondo__Allegretto_moderato\musicxml_cleaned.musicxml.midi",07041,07045,1.7763568394002505e-15,9470
1214,"1214::C:\Users\정세린\Desktop\capstone_classicfy\ATEPP_dataset\ATEPP-1.2\Ludwig_van_Beethoven\Piano_Sonata_No._21_in_C_major,_Op._53,__Waldstein_\III._Rondo__Allegretto_moderato\musicxml_cleaned.musicxml.midi",07041,07048,4.440892098500626e-16,9483
1214,"1214::C:\Users\정세린\Desktop\capstone_classicfy\ATEPP_dataset\ATEPP-1.2\Ludwig_van_Beethoven\Piano_Sonata_No._21_in_C_major,_Op._53,__Waldstein_\III._Rondo__Allegretto_moderato\musicxml_cleaned.musicxml.midi",07041,07052,1.7763568394002505e-15,9467
1214,"1214::C:\Users\정세린\Desktop\capstone_classicfy\ATEPP_dataset\ATEPP-1.2\Ludwig_van_Beethoven\Piano_Sonata_No._21_in_C_major,_Op._53,__Waldstein_\III._Rondo__Allegretto_moderato\musicxml_cleaned.musicxml.midi",07041,07053,4.440892098500626e-16,9477
1214,"1214::C:\Users\정세린\Desktop\capstone_classicfy\ATEPP_dataset\ATEPP-1.2\Ludwig_van_Beethoven\Piano_Sonata_No._21_in_C_major,_Op._53,__Waldstein_\III._Rondo__Allegretto_moderato\musicxml_cleaned.musicxml.midi",07041,07057,4.440892098500626e-16,9478
1214,"1214::C:\Users\정세린\Desktop\capstone_classicfy\ATEPP_dataset\ATEPP-1.2\Ludwig_van_Beethoven\Piano_Sonata_No._21_in_C_major,_Op._53,__Waldstein_\III._Rondo__Allegretto_moderato\musicxml_cleaned.musicxml.midi",07041,07059,4.440892098500626e-16,9468
1214,"1214::C:\Users\정세린\Desktop\capstone_classicfy\ATEPP_dataset\ATEPP-1.2\Ludwig_van_Beethoven\Piano_Sonata_No._21_in_C_major,_Op._53,__Waldstein_\III._Rondo__Allegretto_moderato\musicxml_cleaned.musicxml.midi",07041,07060,4.440892098500626e-16,9461
1214,"1214::C:\Users\정세린\Desktop\capstone_classicfy\ATEPP_dataset\ATEPP-1.2\Ludwig_van_Beethoven\Piano_Sonata_No._21_in_C_major,_Op._53,__Waldstein_\III._Rondo__Allegretto_moderato\musicxml_cleaned.musicxml.midi",07041,07061,4.440892098500626e-16,9483
1214,"1214::C:\Users\정세린\Desktop\capstone_classicfy\ATEPP_dataset\ATEPP-1.2\Ludwig_van_Beethoven\Piano_Sonata_No._21_in_C_major,_Op._53,__Waldstein_\III._Rondo__Allegretto_moderato\musicxml_cleaned.musicxml.midi",07041,07064,4.440892098500626e-16,9478
1214,"1214::C:\Users\정세린\Desktop\capstone_classicfy\ATEPP_dataset\ATEPP-1.2\Ludwig_van_Beethoven\Piano_Sonata_No._21_in_C_major,_Op._53,__Waldstein_\III._Rondo__Allegretto_moderato\musicxml_cleaned.musicxml.midi",07041,07065,4.440892098500626e-16,9478
1214,"1214::C:\Users\정세린\Desktop\capstone_classicfy\ATEPP_dataset\ATEPP-1.2\Ludwig_van_Beethoven\Piano_Sonata_No._21_in_C_major,_Op._53,__Waldstein_\III._Rondo__Allegretto_moderato\musicxml_cleaned.musicxml.midi",07041,07066,4.440892098500626e-16,9485
1214,"1214::C:\Users\정세린\Desktop\capstone_classicfy\ATEPP_dataset\ATEPP-1.2\Ludwig_van_Beethoven\Piano_Sonata_No._21_in_C_major,_Op._53,__Waldstein_\III._Rondo__Allegretto_moderato\musicxml_cleaned.musicxml.midi",07041,07069,4.440892098500626e-16,9458
1214,"1214::C:\Users\정세린\Desktop\capstone_classicfy\ATEPP_dataset\ATEPP-1.2\Ludwig_van_Beethoven\Piano_Sonata_No._21_in_C_major,_Op._53,__Waldstein_\III._Rondo__Allegretto_moderato\musicxml_cleaned.musicxml.midi",07041,07070,1.7763568394002505e-15,9460
1214,"1214::C:\Users\정세린\Desktop\capstone_classicfy\ATEPP_dataset\ATEPP-1.2\Ludwig_van_Beethoven\Piano_Sonata_No._21_in_C_major,_Op._53,__Waldstein_\III._Rondo__Allegretto_moderato\musicxml_cleaned.musicxml.midi",07041,07071,4.440892098500626e-16,9473
1214,"1214::C:\Users\정세린\Desktop\capstone_classicfy\ATEPP_dataset\ATEPP-1.2\Ludwig_van_Beethoven\Piano_Sonata_No._21_in_C_major,_Op._53,__Waldstein_\III._Rondo__Allegretto_moderato\musicxml_cleaned.musicxml.midi",07041,07072,4.440892098500626e-16,9474
1214,"1214::C:\Users\정세린\Desktop\capstone_classicfy\ATEPP_dataset\ATEPP-1.2\Ludwig_van_Beethoven\Piano_Sonata_No._21_in_C_major,_Op._53,__Waldstein_\III._Rondo__Allegretto_moderato\musicxml_cleaned.musicxml.midi",07041,07073,1.7763568394002505e-15,9470
1214,"1214::C:\Users\정세린\Desktop\capstone_classicfy\ATEPP_dataset\ATEPP-1.2\Ludwig_van_Beethoven\Piano_Sonata_No._21_in_C_major,_Op._53,__Waldstein_\III._Rondo__Allegretto_moderato\musicxml_cleaned.musicxml.midi",07041,07074,4.440892098500626e-16,9435
1214,"1214::C:\Users\정세린\Desktop\capstone_classicfy\ATEPP_dataset\ATEPP-1.2\Ludwig_van_Beethoven\Piano_Sonata_No._21_in_C_major,_Op._53,__Waldstein_\III._Rondo__Allegretto_moderato\musicxml_cleaned.musicxml.midi",07041,07078,8.881784197001252e-16,9444
1214,"1214::C:\Users\정세린\Desktop\capstone_classicfy\ATEPP_dataset\ATEPP-1.2\Ludwig_van_Beethoven\Piano_Sonata_No._21_in_C_major,_Op._53,__Waldstein_\III._Rondo__Allegretto_moderato\musicxml_cleaned.musicxml.midi",07041,07080,8.881784197001252e-16,9475
1214,"1214::C:\Users\정세린\Desktop\capstone_classicfy\ATEPP_dataset\ATEPP-1.2\Ludwig_van_Beethoven\Piano_Sonata_No._21_in_C_major,_Op._53,__Waldstein_\III._Rondo__Allegretto_moderato\musicxml_cleaned.musicxml.midi",07041,07081,1.7763568394002505e-15,9459
1214,"1214::C:\Users\정세린\Desktop\capstone_classicfy\ATEPP_dataset\ATEPP-1.2\Ludwig_van_Beethoven\Piano_Sonata_No._21_in_C_major,_Op._53,__Waldstein_\III._Rondo__Allegretto_moderato\musicxml_cleaned.musicxml.midi",07041,07082,4.440892098500626e-16,9475
1214,"1214::C:\Users\정세린\Desktop\capstone_classicfy\ATEPP_dataset\ATEPP-1.2\Ludwig_van_Beethoven\Piano_Sonata_No._21_in_C_major,_Op._53,__Waldstein_\III._Rondo__Allegretto_moderato\musicxml_cleaned.musicxml.midi",07041,07083,8.881784197001252e-16,9475
1214,"1214::C:\Users\정세린\Desktop\capstone_classicfy\ATEPP_dataset\ATEPP-1.2\Ludwig_van_Beethoven\Piano_Sonata_No._21_in_C_major,_Op._53,__Waldstein_\III._Rondo__Allegretto_moderato\musicxml_cleaned.musicxml.midi",07041,07084,8.881784197001252e-16,9477
1214,"1214::C:\Users\정세린\Desktop\capstone_classicfy\ATEPP_dataset\ATEPP-1.2\Ludwig_van_Beethoven\Piano_Sonata_No._21_in_C_major,_Op._53,__Waldstein_\III._Rondo__Allegretto_moderato\musicxml_cleaned.musicxml.midi",07041,07087,4.440892098500626e-16,9479
1214,"1214::C:\Users\정세린\Desktop\capstone_classicfy\ATEPP_dataset\ATEPP-1.2\Ludwig_van_Beethoven\Piano_Sonata_No._21_in_C_major,_Op._53,__Waldstein_\III._Rondo__Allegretto_moderato\musicxml_cleaned.musicxml.midi",07041,07088,4.440892098500626e-16,9473
1214,"1214::C:\Users\정세린\Desktop\capstone_classicfy\ATEPP_dataset\ATEPP-1.2\Ludwig_van_Beethoven\Piano_Sonata_No._21_in_C_major,_Op._53,__Waldstein_\III._Rondo__Allegretto_moderato\musicxml_cleaned.musicxml.midi",07041,07089,8.881784197001252e-16,9480
1214,"1214::C:\Users\정세린\Desktop\capstone_classicfy\ATEPP_dataset\ATEPP-1.2\Ludwig_van_Beethoven\Piano_Sonata_No._21_in_C_major,_Op._53,__Waldstein_\III._Rondo__Allegretto_moderato\musicxml_cleaned.musicxml.midi",07041,07090,4.440892098500626e-16,9479
1214,"1214::C:\Users\정세린\Desktop\capstone_classicfy\ATEPP_dataset\ATEPP-1.2\Ludwig_van_Beethoven\Piano_Sonata_No._21_in_C_major,_Op._53,__Waldstein_\III._Rondo__Allegretto_moderato\musicxml_cleaned.musicxml.midi",07041,07094,8.881784197001252e-16,9471
1215,"1215::C:\Users\정세린\Desktop\capstone_classicfy\ATEPP_dataset\ATEPP-1.2\Ludwig_van_Beethoven\Piano_Sonata_No._21_in_C_major,_Op._53,__Waldstein_\II._Introduzione__Adagio_molto\musicxml_cleaned.musicxml.midi",07096,07097,1.1102230246251565e-16,579
1215,"1215::C:\Users\정세린\Desktop\capstone_classicfy\ATEPP_dataset\ATEPP-1.2\Ludwig_van_Beethoven\Piano_Sonata_No._21_in_C_major,_Op._53,__Waldstein_\II._Introduzione__Adagio_molto\musicxml_cleaned.musicxml.midi",07096,07098,2.220446049250313e-16,579
1215,"1215::C:\Users\정세린\Desktop\capstone_classicfy\ATEPP_dataset\ATEPP-1.2\Ludwig_van_Beethoven\Piano_Sonata_No._21_in_C_major,_Op._53,__Waldstein_\II._Introduzione__Adagio_molto\musicxml_cleaned.musicxml.midi",07096,07099,2.220446049250313e-16,579
1215,"1215::C:\Users\정세린\Desktop\capstone_classicfy\ATEPP_dataset\ATEPP-1.2\Ludwig_van_Beethoven\Piano_Sonata_No._21_in_C_major,_Op._53,__Waldstein_\II._Introduzione__Adagio_molto\musicxml_cleaned.musicxml.midi",07096,07101,2.220446049250313e-16,577
1215,"1215::C:\Users\정세린\Desktop\capstone_classicfy\ATEPP_dataset\ATEPP-1.2\Ludwig_van_Beethoven\Piano_Sonata_No._21_in_C_major,_Op._53,__Waldstein_\II._Introduzione__Adagio_molto\musicxml_cleaned.musicxml.midi",07096,07104,2.220446049250313e-16,579
1215,"1215::C:\Users\정세린\Desktop\capstone_classicfy\ATEPP_dataset\ATEPP-1.2\Ludwig_van_Beethoven\Piano_Sonata_No._21_in_C_major,_Op._53,__Waldstein_\II._Introduzione__Adagio_molto\musicxml_cleaned.musicxml.midi",07096,07105,2.220446049250313e-16,577
1215,"1215::C:\Users\정세린\Desktop\capstone_classicfy\ATEPP_dataset\ATEPP-1.2\Ludwig_van_Beethoven\Piano_Sonata_No._21_in_C_major,_Op._53,__Waldstein_\II._Introduzione__Adagio_molto\musicxml_cleaned.musicxml.midi",07096,07106,2.220446049250313e-16,577
1215,"1215::C:\Users\정세린\Desktop\capstone_classicfy\ATEPP_dataset\ATEPP-1.2\Ludwig_van_Beethoven\Piano_Sonata_No._21_in_C_major,_Op._53,__Waldstein_\II._Introduzione__Adagio_molto\musicxml_cleaned.musicxml.midi",07096,07110,2.220446049250313e-16,579
1215,"1215::C:\Users\정세린\Desktop\capstone_classicfy\ATEPP_dataset\ATEPP-1.2\Ludwig_van_Beethoven\Piano_Sonata_No._21_in_C_major,_Op._53,__Waldstein_\II._Introduzione__Adagio_molto\musicxml_cleaned.musicxml.midi",07096,07112,2.220446049250313e-16,579
1215,"1215::C:\Users\정세린\Desktop\capstone_classicfy\ATEPP_dataset\ATEPP-1.2\Ludwig_van_Beethoven\Piano_Sonata_No._21_in_C_major,_Op._53,__Waldstein_\II._Introduzione__Adagio_molto\musicxml_cleaned.musicxml.midi",07096,07113,2.220446049250313e-16,579
1215,"1215::C:\Users\정세린\Desktop\capstone_classicfy\ATEPP_dataset\ATEPP-1.2\Ludwig_van_Beethoven\Piano_Sonata_No._21_in_C_major,_Op._53,__Waldstein_\II._Introduzione__Adagio_molto\musicxml_cleaned.musicxml.midi",07096,07114,2.220446049250313e-16,579
1215,"1215::C:\Users\정세린\Desktop\capstone_classicfy\ATEPP_dataset\ATEPP-1.2\Ludwig_van_Beethoven\Piano_Sonata_No._21_in_C_major,_Op._53,__Waldstein_\II._Introduzione__Adagio_molto\musicxml_cleaned.musicxml.midi",07096,07116,2.220446049250313e-16,579
1215,"1215::C:\Users\정세린\Desktop\capstone_classicfy\ATEPP_dataset\ATEPP-1.2\Ludwig_van_Beethoven\Piano_Sonata_No._21_in_C_major,_Op._53,__Waldstein_\II._Introduzione__Adagio_molto\musicxml_cleaned.musicxml.midi",07096,07117,2.220446049250313e-16,579
1215,"1215::C:\Users\정세린\Desktop\capstone_classicfy\ATEPP_dataset\ATEPP-1.2\Ludwig_van_Beethoven\Piano_Sonata_No._21_in_C_major,_Op._53,__Waldstein_\II._Introduzione__Adagio_molto\musicxml_cleaned.musicxml.midi",07096,07120,2.220446049250313e-16,577
1215,"1215::C:\Users\정세린\Desktop\capstone_classicfy\ATEPP_dataset\ATEPP-1.2\Ludwig_van_Beethoven\Piano_Sonata_No._21_in_C_major,_Op._53,__Waldstein_\II._Introduzione__Adagio_molto\musicxml_cleaned.musicxml.midi",07096,07121,2.220446049250313e-16,579
1215,"1215::C:\Users\정세린\Desktop\capstone_classicfy\ATEPP_dataset\ATEPP-1.2\Ludwig_van_Beethoven\Piano_Sonata_No._21_in_C_major,_Op._53,__Waldstein_\II._Introduzione__Adagio_molto\musicxml_cleaned.musicxml.midi",07096,07122,2.220446049250313e-16,579
1215,"1215::C:\Users\정세린\Desktop\capstone_classicfy\ATEPP_dataset\ATEPP-1.2\Ludwig_van_Beethoven\Piano_Sonata_No._21_in_C_major,_Op._53,__Waldstein_\II._Introduzione__Adagio_molto\musicxml_cleaned.musicxml.midi",07096,07123,1.1102230246251565e-16,575
1215,"1215::C:\Users\정세린\Desktop\capstone_classicfy\ATEPP_dataset\ATEPP-1.2\Ludwig_van_Beethoven\Piano_Sonata_No._21_in_C_major,_Op._53,__Waldstein_\II._Introduzione__Adagio_molto\musicxml_cleaned.musicxml.midi",07096,07128,2.220446049250313e-16,579
1215,"1215::C:\Users\정세린\Desktop\capstone_classicfy\ATEPP_dataset\ATEPP-1.2\Ludwig_van_Beethoven\Piano_Sonata_No._21_in_C_major,_Op._53,__Waldstein_\II._Introduzione__Adagio_molto\musicxml_cleaned.musicxml.midi",07096,07129,2.220446049250313e-16,577
1215,"1215::C:\Users\정세린\Desktop\capstone_classicfy\ATEPP_dataset\ATEPP-1.2\Ludwig_van_Beethoven\Piano_Sonata_No._21_in_C_major,_Op._53,__Waldstein_\II._Introduzione__Adagio_molto\musicxml_cleaned.musicxml.midi",07096,07130,2.220446049250313e-16,577
1215,"1215::C:\Users\정세린\Desktop\capstone_classicfy\ATEPP_dataset\ATEPP-1.2\Ludwig_van_Beethoven\Piano_Sonata_No._21_in_C_major,_Op._53,__Waldstein_\II._Introduzione__Adagio_molto\musicxml_cleaned.musicxml.midi",07096,07131,2.220446049250313e-16,579
1215,"1215::C:\Users\정세린\Desktop\capstone_classicfy\ATEPP_dataset\ATEPP-1.2\Ludwig_van_Beethoven\Piano_Sonata_No._21_in_C_major,_Op._53,__Waldstein_\II._Introduzione__Adagio_molto\musicxml_cleaned.musicxml.midi",07096,07132,2.220446049250313e-16,579
1215,"1215::C:\Users\정세린\Desktop\capstone_classicfy\ATEPP_dataset\ATEPP-1.2\Ludwig_van_Beethoven\Piano_Sonata_No._21_in_C_major,_Op._53,__Waldstein_\II._Introduzione__Adagio_molto\musicxml_cleaned.musicxml.midi",07096,07133,2.220446049250313e-16,575
1215,"1215::C:\Users\정세린\Desktop\capstone_classicfy\ATEPP_dataset\ATEPP-1.2\Ludwig_van_Beethoven\Piano_Sonata_No._21_in_C_major,_Op._53,__Waldstein_\II._Introduzione__Adagio_molto\musicxml_cleaned.musicxml.midi",07096,07134,2.220446049250313e-16,579
1217,"1217::C:\Users\정세린\Desktop\capstone_classicfy\ATEPP_dataset\ATEPP-1.2\Ludwig_van_Beethoven\Piano_Sonata_No.25_in_G,_Op.79\2._Andante\Sonate_No._25_2nd_Movement.mxl.midi",07159,07160,2.220446049250313e-16,1049
1217,"1217::C:\Users\정세린\Desktop\capstone_classicfy\ATEPP_dataset\ATEPP-1.2\Ludwig_van_Beethoven\Piano_Sonata_No.25_in_G,_Op.79\2._Andante\Sonate_No._25_2nd_Movement.mxl.midi",07159,07161,4.440892098500626e-16,1049
1217,"1217::C:\Users\정세린\Desktop\capstone_classicfy\ATEPP_dataset\ATEPP-1.2\Ludwig_van_Beethoven\Piano_Sonata_No.25_in_G,_Op.79\2._Andante\Sonate_No._25_2nd_Movement.mxl.midi",07159,07162,2.220446049250313e-16,1049
1217,"1217::C:\Users\정세린\Desktop\capstone_classicfy\ATEPP_dataset\ATEPP-1.2\Ludwig_van_Beethoven\Piano_Sonata_No.25_in_G,_Op.79\2._Andante\Sonate_No._25_2nd_Movement.mxl.midi",07159,07163,1.1102230246251565e-16,1049
1217,"1217::C:\Users\정세린\Desktop\capstone_classicfy\ATEPP_dataset\ATEPP-1.2\Ludwig_van_Beethoven\Piano_Sonata_No.25_in_G,_Op.79\2._Andante\Sonate_No._25_2nd_Movement.mxl.midi",07159,07164,1.1102230246251565e-16,1049
1217,"1217::C:\Users\정세린\Desktop\capstone_classicfy\ATEPP_dataset\ATEPP-1.2\Ludwig_van_Beethoven\Piano_Sonata_No.25_in_G,_Op.79\2._Andante\Sonate_No._25_2nd_Movement.mxl.midi",07159,07165,2.220446049250313e-16,1049
1217,"1217::C:\Users\정세린\Desktop\capstone_classicfy\ATEPP_dataset\ATEPP-1.2\Ludwig_van_Beethoven\Piano_Sonata_No.25_in_G,_Op.79\2._Andante\Sonate_No._25_2nd_Movement.mxl.midi",07159,07166,2.220446049250313e-16,1049
1217,"1217::C:\Users\정세린\Desktop\capstone_classicfy\ATEPP_dataset\ATEPP-1.2\Ludwig_van_Beethoven\Piano_Sonata_No.25_in_G,_Op.79\2._Andante\Sonate_No._25_2nd_Movement.mxl.midi",07159,07167,2.220446049250313e-16,1049
1217,"1217::C:\Users\정세린\Desktop\capstone_classicfy\ATEPP_dataset\ATEPP-1.2\Ludwig_van_Beethoven\Piano_Sonata_No.25_in_G,_Op.79\2._Andante\Sonate_No._25_2nd_Movement.mxl.midi",07159,07168,4.440892098500626e-16,1049
1217,"1217::C:\Users\정세린\Desktop\capstone_classicfy\ATEPP_dataset\ATEPP-1.2\Ludwig_van_Beethoven\Piano_Sonata_No.25_in_G,_Op.79\2._Andante\Sonate_No._25_2nd_Movement.mxl.midi",07159,07169,2.220446049250313e-16,1049
1217,"1217::C:\Users\정세린\Desktop\capstone_classicfy\ATEPP_dataset\ATEPP-1.2\Ludwig_van_Beethoven\Piano_Sonata_No.25_in_G,_Op.79\2._Andante\Sonate_No._25_2nd_Movement.mxl.midi",07159,07170,2.220446049250313e-16,1049
1217,"1217::C:\Users\정세린\Desktop\capstone_classicfy\ATEPP_dataset\ATEPP-1.2\Ludwig_van_Beethoven\Piano_Sonata_No.25_in_G,_Op.79\2._Andante\Sonate_No._25_2nd_Movement.mxl.midi",07159,07171,2.220446049250313e-16,1049
1217,"1217::C:\Users\정세린\Desktop\capstone_classicfy\ATEPP_dataset\ATEPP-1.2\Ludwig_van_Beethoven\Piano_Sonata_No.25_in_G,_Op.79\2._Andante\Sonate_No._25_2nd_Movement.mxl.midi",07159,07172,4.440892098500626e-16,1049
1217,"1217::C:\Users\정세린\Desktop\capstone_classicfy\ATEPP_dataset\ATEPP-1.2\Ludwig_van_Beethoven\Piano_Sonata_No.25_in_G,_Op.79\2._Andante\Sonate_No._25_2nd_Movement.mxl.midi",07159,07173,2.220446049250313e-16,1049
1217,"1217::C:\Users\정세린\Desktop\capstone_classicfy\ATEPP_dataset\ATEPP-1.2\Ludwig_van_Beethoven\Piano_Sonata_No.25_in_G,_Op.79\2._Andante\Sonate_No._25_2nd_Movement.mxl.midi",07159,07177,8.881784197001252e-16,1049
1217,"1217::C:\Users\정세린\Desktop\capstone_classicfy\ATEPP_dataset\ATEPP-1.2\Ludwig_van_Beethoven\Piano_Sonata_No.25_in_G,_Op.79\2._Andante\Sonate_No._25_2nd_Movement.mxl.midi",07159,07179,2.220446049250313e-16,1049
1217,"1217::C:\Users\정세린\Desktop\capstone_classicfy\ATEPP_dataset\ATEPP-1.2\Ludwig_van_Beethoven\Piano_Sonata_No.25_in_G,_Op.79\2._Andante\Sonate_No._25_2nd_Movement.mxl.midi",07159,07180,2.220446049250313e-16,1049
1217,"1217::C:\Users\정세린\Desktop\capstone_classicfy\ATEPP_dataset\ATEPP-1.2\Ludwig_van_Beethoven\Piano_Sonata_No.25_in_G,_Op.79\2._Andante\Sonate_No._25_2nd_Movement.mxl.midi",07159,07182,1.1102230246251565e-16,1049
1217,"1217::C:\Users\정세린\Desktop\capstone_classicfy\ATEPP_dataset\ATEPP-1.2\Ludwig_van_Beethoven\Piano_Sonata_No.25_in_G,_Op.79\2._Andante\Sonate_No._25_2nd_Movement.mxl.midi",07159,07183,4.440892098500626e-16,1049
121,"121::C:\Users\정세린\Desktop\capstone_classicfy\ATEPP_dataset\ATEPP-1.2\Franz_Liszt\12_Etudes_d'exe╠ücution_transcendante,_S.139\No.10_Allegro_agitato_molto\musicxml_cleaned.musicxml.midi",00428,00429,4.440892098500626e-16,2545
121,"121::C:\Users\정세린\Desktop\capstone_classicfy\ATEPP_dataset\ATEPP-1.2\Franz_Liszt\12_Etudes_d'exe╠ücution_transcendante,_S.139\No.10_Allegro_agitato_molto\musicxml_cleaned.musicxml.midi",00428,00430,2.220446049250313e-16,2545
121,"121::C:\Users\정세린\Desktop\capstone_classicfy\ATEPP_dataset\ATEPP-1.2\Franz_Liszt\12_Etudes_d'exe╠ücution_transcendante,_S.139\No.10_Allegro_agitato_molto\musicxml_cleaned.musicxml.midi",00428,00431,2.220446049250313e-16,2545
121,"121::C:\Users\정세린\Desktop\capstone_classicfy\ATEPP_dataset\ATEPP-1.2\Franz_Liszt\12_Etudes_d'exe╠ücution_transcendante,_S.139\No.10_Allegro_agitato_molto\musicxml_cleaned.musicxml.midi",00428,00432,4.440892098500626e-16,2545
121,"121::C:\Users\정세린\Desktop\capstone_classicfy\ATEPP_dataset\ATEPP-1.2\Franz_Liszt\12_Etudes_d'exe╠ücution_transcendante,_S.139\No.10_Allegro_agitato_molto\musicxml_cleaned.musicxml.midi",00428,00433,4.440892098500626e-16,2545
121,"121::C:\Users\정세린\Desktop\capstone_classicfy\ATEPP_dataset\ATEPP-1.2\Franz_Liszt\12_Etudes_d'exe╠ücution_transcendante,_S.139\No.10_Allegro_agitato_molto\musicxml_cleaned.musicxml.midi",00428,00434,4.440892098500626e-16,2545
121,"121::C:\Users\정세린\Desktop\capstone_classicfy\ATEPP_dataset\ATEPP-1.2\Franz_Liszt\12_Etudes_d'exe╠ücution_transcendante,_S.139\No.10_Allegro_agitato_molto\musicxml_cleaned.musicxml.midi",00428,00435,2.220446049250313e-16,2545
1221,"1221::C:\Users\정세린\Desktop\capstone_classicfy\ATEPP_dataset\ATEPP-1.2\Ludwig_van_Beethoven\Piano_Sonata_No._23_in_F_Minor,_Op._57__Appassionata_\III._Allegro_ma_non_troppo_-_Presto\Sonate_No._23_Appassionata_3rd_Movement.mxl.midi",07232,07234,4.440892098500626e-16,7244
1221,"1221::C:\Users\정세린\Desktop\capstone_classicfy\ATEPP_dataset\ATEPP-1.2\Ludwig_van_Beethoven\Piano_Sonata_No._23_in_F_Minor,_Op._57__Appassionata_\III._Allegro_ma_non_troppo_-_Presto\Sonate_No._23_Appassionata_3rd_Movement.mxl.midi",07232,07236,2.220446049250313e-16,7244
1221,"1221::C:\Users\정세린\Desktop\capstone_classicfy\ATEPP_dataset\ATEPP-1.2\Ludwig_van_Beethoven\Piano_Sonata_No._23_in_F_Minor,_Op._57__Appassionata_\III._Allegro_ma_non_troppo_-_Presto\Sonate_No._23_Appassionata_3rd_Movement.mxl.midi",07232,07238,4.440892098500626e-16,7242
1221,"1221::C:\Users\정세린\Desktop\capstone_classicfy\ATEPP_dataset\ATEPP-1.2\Ludwig_van_Beethoven\Piano_Sonata_No._23_in_F_Minor,_Op._57__Appassionata_\III._Allegro_ma_non_troppo_-_Presto\Sonate_No._23_Appassionata_3rd_Movement.mxl.midi",07232,07239,2.220446049250313e-16,7244
1221,"1221::C:\Users\정세린\Desktop\capstone_classicfy\ATEPP_dataset\ATEPP-1.2\Ludwig_van_Beethoven\Piano_Sonata_No._23_in_F_Minor,_Op._57__Appassionata_\III._Allegro_ma_non_troppo_-_Presto\Sonate_No._23_Appassionata_3rd_Movement.mxl.midi",07232,07241,4.440892098500626e-16,7244
1221,"1221::C:\Users\정세린\Desktop\capstone_classicfy\ATEPP_dataset\ATEPP-1.2\Ludwig_van_Beethoven\Piano_Sonata_No._23_in_F_Minor,_Op._57__Appassionata_\III._Allegro_ma_non_troppo_-_Presto\Sonate_No._23_Appassionata_3rd_Movement.mxl.midi",07232,07242,4.440892098500626e-16,7244
1221,"1221::C:\Users\정세린\Desktop\capstone_classicfy\ATEPP_dataset\ATEPP-1.2\Ludwig_van_Beethoven\Piano_Sonata_No._23_in_F_Minor,_Op._57__Appassionata_\III._Allegro_ma_non_troppo_-_Presto\Sonate_No._23_Appassionata_3rd_Movement.mxl.midi",07232,07243,2.220446049250313e-16,7242
1221,"1221::C:\Users\정세린\Desktop\capstone_classicfy\ATEPP_dataset\ATEPP-1.2\Ludwig_van_Beethoven\Piano_Sonata_No._23_in_F_Minor,_Op._57__Appassionata_\III._Allegro_ma_non_troppo_-_Presto\Sonate_No._23_Appassionata_3rd_Movement.mxl.midi",07232,07244,4.440892098500626e-16,7244
1221,"1221::C:\Users\정세린\Desktop\capstone_classicfy\ATEPP_dataset\ATEPP-1.2\Ludwig_van_Beethoven\Piano_Sonata_No._23_in_F_Minor,_Op._57__Appassionata_\III._Allegro_ma_non_troppo_-_Presto\Sonate_No._23_Appassionata_3rd_Movement.mxl.midi",07232,07245,2.220446049250313e-16,7244
1221,"1221::C:\Users\정세린\Desktop\capstone_classicfy\ATEPP_dataset\ATEPP-1.2\Ludwig_van_Beethoven\Piano_Sonata_No._23_in_F_Minor,_Op._57__Appassionata_\III._Allegro_ma_non_troppo_-_Presto\Sonate_No._23_Appassionata_3rd_Movement.mxl.midi",07232,07246,4.440892098500626e-16,7244
1221,"1221::C:\Users\정세린\Desktop\capstone_classicfy\ATEPP_dataset\ATEPP-1.2\Ludwig_van_Beethoven\Piano_Sonata_No._23_in_F_Minor,_Op._57__Appassionata_\III._Allegro_ma_non_troppo_-_Presto\Sonate_No._23_Appassionata_3rd_Movement.mxl.midi",07232,07247,2.220446049250313e-16,7244
1221,"1221::C:\Users\정세린\Desktop\capstone_classicfy\ATEPP_dataset\ATEPP-1.2\Ludwig_van_Beethoven\Piano_Sonata_No._23_in_F_Minor,_Op._57__Appassionata_\III._Allegro_ma_non_troppo_-_Presto\Sonate_No._23_Appassionata_3rd_Movement.mxl.midi",07232,07248,4.440892098500626e-16,7244
1221,"1221::C:\Users\정세린\Desktop\capstone_classicfy\ATEPP_dataset\ATEPP-1.2\Ludwig_van_Beethoven\Piano_Sonata_No._23_in_F_Minor,_Op._57__Appassionata_\III._Allegro_ma_non_troppo_-_Presto\Sonate_No._23_Appassionata_3rd_Movement.mxl.midi",07232,07254,4.440892098500626e-16,7240
1221,"1221::C:\Users\정세린\Desktop\capstone_classicfy\ATEPP_dataset\ATEPP-1.2\Ludwig_van_Beethoven\Piano_Sonata_No._23_in_F_Minor,_Op._57__Appassionata_\III._Allegro_ma_non_troppo_-_Presto\Sonate_No._23_Appassionata_3rd_Movement.mxl.midi",07232,07256,4.440892098500626e-16,7240
1221,"1221::C:\Users\정세린\Desktop\capstone_classicfy\ATEPP_dataset\ATEPP-1.2\Ludwig_van_Beethoven\Piano_Sonata_No._23_in_F_Minor,_Op._57__Appassionata_\III._Allegro_ma_non_troppo_-_Presto\Sonate_No._23_Appassionata_3rd_Movement.mxl.midi",07232,07258,4.440892098500626e-16,7244
1221,"1221::C:\Users\정세린\Desktop\capstone_classicfy\ATEPP_dataset\ATEPP-1.2\Ludwig_van_Beethoven\Piano_Sonata_No._23_in_F_Minor,_Op._57__Appassionata_\III._Allegro_ma_non_troppo_-_Presto\Sonate_No._23_Appassionata_3rd_Movement.mxl.midi",07232,07259,4.440892098500626e-16,7244
1221,"1221::C:\Users\정세린\Desktop\capstone_classicfy\ATEPP_dataset\ATEPP-1.2\Ludwig_van_Beethoven\Piano_Sonata_No._23_in_F_Minor,_Op._57__Appassionata_\III._Allegro_ma_non_troppo_-_Presto\Sonate_No._23_Appassionata_3rd_Movement.mxl.midi",07232,07262,4.440892098500626e-16,7242
1221,"1221::C:\Users\정세린\Desktop\capstone_classicfy\ATEPP_dataset\ATEPP-1.2\Ludwig_van_Beethoven\Piano_Sonata_No._23_in_F_Minor,_Op._57__Appassionata_\III._Allegro_ma_non_troppo_-_Presto\Sonate_No._23_Appassionata_3rd_Movement.mxl.midi",07232,07263,4.440892098500626e-16,7244
1221,"1221::C:\Users\정세린\Desktop\capstone_classicfy\ATEPP_dataset\ATEPP-1.2\Ludwig_van_Beethoven\Piano_Sonata_No._23_in_F_Minor,_Op._57__Appassionata_\III._Allegro_ma_non_troppo_-_Presto\Sonate_No._23_Appassionata_3rd_Movement.mxl.midi",07232,07264,4.440892098500626e-16,7244
1221,"1221::C:\Users\정세린\Desktop\capstone_classicfy\ATEPP_dataset\ATEPP-1.2\Ludwig_van_Beethoven\Piano_Sonata_No._23_in_F_Minor,_Op._57__Appassionata_\III._Allegro_ma_non_troppo_-_Presto\Sonate_No._23_Appassionata_3rd_Movement.mxl.midi",07232,07267,4.440892098500626e-16,7244
1221,"1221::C:\Users\정세린\Desktop\capstone_classicfy\ATEPP_dataset\ATEPP-1.2\Ludwig_van_Beethoven\Piano_Sonata_No._23_in_F_Minor,_Op._57__Appassionata_\III._Allegro_ma_non_troppo_-_Presto\Sonate_No._23_Appassionata_3rd_Movement.mxl.midi",07232,07269,4.440892098500626e-16,7244
1221,"1221::C:\Users\정세린\Desktop\capstone_classicfy\ATEPP_dataset\ATEPP-1.2\Ludwig_van_Beethoven\Piano_Sonata_No._23_in_F_Minor,_Op._57__Appassionata_\III._Allegro_ma_non_troppo_-_Presto\Sonate_No._23_Appassionata_3rd_Movement.mxl.midi",07232,07270,4.440892098500626e-16,7244
1221,"1221::C:\Users\정세린\Desktop\capstone_classicfy\ATEPP_dataset\ATEPP-1.2\Ludwig_van_Beethoven\Piano_Sonata_No._23_in_F_Minor,_Op._57__Appassionata_\III._Allegro_ma_non_troppo_-_Presto\Sonate_No._23_Appassionata_3rd_Movement.mxl.midi",07232,07271,2.220446049250313e-16,7242
1221,"1221::C:\Users\정세린\Desktop\capstone_classicfy\ATEPP_dataset\ATEPP-1.2\Ludwig_van_Beethoven\Piano_Sonata_No._23_in_F_Minor,_Op._57__Appassionata_\III._Allegro_ma_non_troppo_-_Presto\Sonate_No._23_Appassionata_3rd_Movement.mxl.midi",07232,07272,4.440892098500626e-16,7238
1221,"1221::C:\Users\정세린\Desktop\capstone_classicfy\ATEPP_dataset\ATEPP-1.2\Ludwig_van_Beethoven\Piano_Sonata_No._23_in_F_Minor,_Op._57__Appassionata_\III._Allegro_ma_non_troppo_-_Presto\Sonate_No._23_Appassionata_3rd_Movement.mxl.midi",07232,07278,4.440892098500626e-16,7233
1221,"1221::C:\Users\정세린\Desktop\capstone_classicfy\ATEPP_dataset\ATEPP-1.2\Ludwig_van_Beethoven\Piano_Sonata_No._23_in_F_Minor,_Op._57__Appassionata_\III._Allegro_ma_non_troppo_-_Presto\Sonate_No._23_Appassionata_3rd_Movement.mxl.midi",07232,07279,4.440892098500626e-16,7244
1221,"1221::C:\Users\정세린\Desktop\capstone_classicfy\ATEPP_dataset\ATEPP-1.2\Ludwig_van_Beethoven\Piano_Sonata_No._23_in_F_Minor,_Op._57__Appassionata_\III._Allegro_ma_non_troppo_-_Presto\Sonate_No._23_Appassionata_3rd_Movement.mxl.midi",07232,07282,4.440892098500626e-16,7244
1221,"1221::C:\Users\정세린\Desktop\capstone_classicfy\ATEPP_dataset\ATEPP-1.2\Ludwig_van_Beethoven\Piano_Sonata_No._23_in_F_Minor,_Op._57__Appassionata_\III._Allegro_ma_non_troppo_-_Presto\Sonate_No._23_Appassionata_3rd_Movement.mxl.midi",07232,07283,4.440892098500626e-16,7244
1221,"1221::C:\Users\정세린\Desktop\capstone_classicfy\ATEPP_dataset\ATEPP-1.2\Ludwig_van_Beethoven\Piano_Sonata_No._23_in_F_Minor,_Op._57__Appassionata_\III._Allegro_ma_non_troppo_-_Presto\Sonate_No._23_Appassionata_3rd_Movement.mxl.midi",07232,07285,2.220446049250313e-16,7242
1221,"1221::C:\Users\정세린\Desktop\capstone_classicfy\ATEPP_dataset\ATEPP-1.2\Ludwig_van_Beethoven\Piano_Sonata_No._23_in_F_Minor,_Op._57__Appassionata_\III._Allegro_ma_non_troppo_-_Presto\Sonate_No._23_Appassionata_3rd_Movement.mxl.midi",07232,07288,2.220446049250313e-16,7244
1221,"1221::C:\Users\정세린\Desktop\capstone_classicfy\ATEPP_dataset\ATEPP-1.2\Ludwig_van_Beethoven\Piano_Sonata_No._23_in_F_Minor,_Op._57__Appassionata_\III._Allegro_ma_non_troppo_-_Presto\Sonate_No._23_Appassionata_3rd_Movement.mxl.midi",07232,07289,2.220446049250313e-16,7244
1221,"1221::C:\Users\정세린\Desktop\capstone_classicfy\ATEPP_dataset\ATEPP-1.2\Ludwig_van_Beethoven\Piano_Sonata_No._23_in_F_Minor,_Op._57__Appassionata_\III._Allegro_ma_non_troppo_-_Presto\Sonate_No._23_Appassionata_3rd_Movement.mxl.midi",07232,07290,4.440892098500626e-16,7244
1221,"1221::C:\Users\정세린\Desktop\capstone_classicfy\ATEPP_dataset\ATEPP-1.2\Ludwig_van_Beethoven\Piano_Sonata_No._23_in_F_Minor,_Op._57__Appassionata_\III._Allegro_ma_non_troppo_-_Presto\Sonate_No._23_Appassionata_3rd_Movement.mxl.midi",07232,07295,4.440892098500626e-16,7242
1221,"1221::C:\Users\정세린\Desktop\capstone_classicfy\ATEPP_dataset\ATEPP-1.2\Ludwig_van_Beethoven\Piano_Sonata_No._23_in_F_Minor,_Op._57__Appassionata_\III._Allegro_ma_non_troppo_-_Presto\Sonate_No._23_Appassionata_3rd_Movement.mxl.midi",07232,07296,4.440892098500626e-16,7244
1221,"1221::C:\Users\정세린\Desktop\capstone_classicfy\ATEPP_dataset\ATEPP-1.2\Ludwig_van_Beethoven\Piano_Sonata_No._23_in_F_Minor,_Op._57__Appassionata_\III._Allegro_ma_non_troppo_-_Presto\Sonate_No._23_Appassionata_3rd_Movement.mxl.midi",07232,07297,4.440892098500626e-16,7242
1221,"1221::C:\Users\정세린\Desktop\capstone_classicfy\ATEPP_dataset\ATEPP-1.2\Ludwig_van_Beethoven\Piano_Sonata_No._23_in_F_Minor,_Op._57__Appassionata_\III._Allegro_ma_non_troppo_-_Presto\Sonate_No._23_Appassionata_3rd_Movement.mxl.midi",07232,07299,4.440892098500626e-16,7244
1222,"1222::C:\Users\정세린\Desktop\capstone_classicfy\ATEPP_dataset\ATEPP-1.2\Ludwig_van_Beethoven\Piano_Sonata_No._23_in_F_Minor,_Op._57__Appassionata_\II._Andante_con_moto\Sonate_No._23_Appassionata_2nd_Movement.mxl.midi",07302,07304,8.881784197001252e-16,4998
1222,"1222::C:\Users\정세린\Desktop\capstone_classicfy\ATEPP_dataset\ATEPP-1.2\Ludwig_van_Beethoven\Piano_Sonata_No._23_in_F_Minor,_Op._57__Appassionata_\II._Andante_con_moto\Sonate_No._23_Appassionata_2nd_Movement.mxl.midi",07302,07306,2.220446049250313e-16,5009
1222,"1222::C:\Users\정세린\Desktop\capstone_classicfy\ATEPP_dataset\ATEPP-1.2\Ludwig_van_Beethoven\Piano_Sonata_No._23_in_F_Minor,_Op._57__Appassionata_\II._Andante_con_moto\Sonate_No._23_Appassionata_2nd_Movement.mxl.midi",07302,07308,4.440892098500626e-16,5009
1222,"1222::C:\Users\정세린\Desktop\capstone_classicfy\ATEPP_dataset\ATEPP-1.2\Ludwig_van_Beethoven\Piano_Sonata_No._23_in_F_Minor,_Op._57__Appassionata_\II._Andante_con_moto\Sonate_No._23_Appassionata_2nd_Movement.mxl.midi",07302,07309,2.220446049250313e-16,5011
1222,"1222::C:\Users\정세린\Desktop\capstone_classicfy\ATEPP_dataset\ATEPP-1.2\Ludwig_van_Beethoven\Piano_Sonata_No._23_in_F_Minor,_Op._57__Appassionata_\II._Andante_con_moto\Sonate_No._23_Appassionata_2nd_Movement.mxl.midi",07302,07310,2.220446049250313e-16,5009
1222,"1222::C:\Users\정세린\Desktop\capstone_classicfy\ATEPP_dataset\ATEPP-1.2\Ludwig_van_Beethoven\Piano_Sonata_No._23_in_F_Minor,_Op._57__Appassionata_\II._Andante_con_moto\Sonate_No._23_Appassionata_2nd_Movement.mxl.midi",07302,07314,4.440892098500626e-16,5006
1222,"1222::C:\Users\정세린\Desktop\capstone_classicfy\ATEPP_dataset\ATEPP-1.2\Ludwig_van_Beethoven\Piano_Sonata_No._23_in_F_Minor,_Op._57__Appassionata_\II._Andante_con_moto\Sonate_No._23_Appassionata_2nd_Movement.mxl.midi",07302,07315,4.440892098500626e-16,5005
1222,"1222::C:\Users\정세린\Desktop\capstone_classicfy\ATEPP_dataset\ATEPP-1.2\Ludwig_van_Beethoven\Piano_Sonata_No._23_in_F_Minor,_Op._57__Appassionata_\II._Andante_con_moto\Sonate_No._23_Appassionata_2nd_Movement.mxl.midi",07302,07316,4.440892098500626e-16,5003
1222,"1222::C:\Users\정세린\Desktop\capstone_classicfy\ATEPP_dataset\ATEPP-1.2\Ludwig_van_Beethoven\Piano_Sonata_No._23_in_F_Minor,_Op._57__Appassionata_\II._Andante_con_moto\Sonate_No._23_Appassionata_2nd_Movement.mxl.midi",07302,07317,8.881784197001252e-16,5003
1222,"1222::C:\Users\정세린\Desktop\capstone_classicfy\ATEPP_dataset\ATEPP-1.2\Ludwig_van_Beethoven\Piano_Sonata_No._23_in_F_Minor,_Op._57__Appassionata_\II._Andante_con_moto\Sonate_No._23_Appassionata_2nd_Movement.mxl.midi",07302,07318,2.220446049250313e-16,5005
1222,"1222::C:\Users\정세린\Desktop\capstone_classicfy\ATEPP_dataset\ATEPP-1.2\Ludwig_van_Beethoven\Piano_Sonata_No._23_in_F_Minor,_Op._57__Appassionata_\II._Andante_con_moto\Sonate_No._23_Appassionata_2nd_Movement.mxl.midi",07302,07319,4.440892098500626e-16,5009
1222,"1222::C:\Users\정세린\Desktop\capstone_classicfy\ATEPP_dataset\ATEPP-1.2\Ludwig_van_Beethoven\Piano_Sonata_No._23_in_F_Minor,_Op._57__Appassionata_\II._Andante_con_moto\Sonate_No._23_Appassionata_2nd_Movement.mxl.midi",07302,07320,4.440892098500626e-16,5007
1222,"1222::C:\Users\정세린\Desktop\capstone_classicfy\ATEPP_dataset\ATEPP-1.2\Ludwig_van_Beethoven\Piano_Sonata_No._23_in_F_Minor,_Op._57__Appassionata_\II._Andante_con_moto\Sonate_No._23_Appassionata_2nd_Movement.mxl.midi",07302,07321,4.440892098500626e-16,5007
1222,"1222::C:\Users\정세린\Desktop\capstone_classicfy\ATEPP_dataset\ATEPP-1.2\Ludwig_van_Beethoven\Piano_Sonata_No._23_in_F_Minor,_Op._57__Appassionata_\II._Andante_con_moto\Sonate_No._23_Appassionata_2nd_Movement.mxl.midi",07302,07323,4.440892098500626e-16,5007
1222,"1222::C:\Users\정세린\Desktop\capstone_classicfy\ATEPP_dataset\ATEPP-1.2\Ludwig_van_Beethoven\Piano_Sonata_No._23_in_F_Minor,_Op._57__Appassionata_\II._Andante_con_moto\Sonate_No._23_Appassionata_2nd_Movement.mxl.midi",07302,07324,4.440892098500626e-16,5001
1222,"1222::C:\Users\정세린\Desktop\capstone_classicfy\ATEPP_dataset\ATEPP-1.2\Ludwig_van_Beethoven\Piano_Sonata_No._23_in_F_Minor,_Op._57__Appassionata_\II._Andante_con_moto\Sonate_No._23_Appassionata_2nd_Movement.mxl.midi",07302,07325,2.220446049250313e-16,5008
1222,"1222::C:\Users\정세린\Desktop\capstone_classicfy\ATEPP_dataset\ATEPP-1.2\Ludwig_van_Beethoven\Piano_Sonata_No._23_in_F_Minor,_Op._57__Appassionata_\II._Andante_con_moto\Sonate_No._23_Appassionata_2nd_Movement.mxl.midi",07302,07326,2.220446049250313e-16,5008
1222,"1222::C:\Users\정세린\Desktop\capstone_classicfy\ATEPP_dataset\ATEPP-1.2\Ludwig_van_Beethoven\Piano_Sonata_No._23_in_F_Minor,_Op._57__Appassionata_\II._Andante_con_moto\Sonate_No._23_Appassionata_2nd_Movement.mxl.midi",07302,07327,8.881784197001252e-16,5009
1222,"1222::C:\Users\정세린\Desktop\capstone_classicfy\ATEPP_dataset\ATEPP-1.2\Ludwig_van_Beethoven\Piano_Sonata_No._23_in_F_Minor,_Op._57__Appassionata_\II._Andante_con_moto\Sonate_No._23_Appassionata_2nd_Movement.mxl.midi",07302,07332,4.440892098500626e-16,5003
1222,"1222::C:\Users\정세린\Desktop\capstone_classicfy\ATEPP_dataset\ATEPP-1.2\Ludwig_van_Beethoven\Piano_Sonata_No._23_in_F_Minor,_Op._57__Appassionata_\II._Andante_con_moto\Sonate_No._23_Appassionata_2nd_Movement.mxl.midi",07302,07333,4.440892098500626e-16,5009
1222,"1222::C:\Users\정세린\Desktop\capstone_classicfy\ATEPP_dataset\ATEPP-1.2\Ludwig_van_Beethoven\Piano_Sonata_No._23_in_F_Minor,_Op._57__Appassionata_\II._Andante_con_moto\Sonate_No._23_Appassionata_2nd_Movement.mxl.midi",07302,07334,8.881784197001252e-16,4996
1222,"1222::C:\Users\정세린\Desktop\capstone_classicfy\ATEPP_dataset\ATEPP-1.2\Ludwig_van_Beethoven\Piano_Sonata_No._23_in_F_Minor,_Op._57__Appassionata_\II._Andante_con_moto\Sonate_No._23_Appassionata_2nd_Movement.mxl.midi",07302,07336,4.440892098500626e-16,5007
1222,"1222::C:\Users\정세린\Desktop\capstone_classicfy\ATEPP_dataset\ATEPP-1.2\Ludwig_van_Beethoven\Piano_Sonata_No._23_in_F_Minor,_Op._57__Appassionata_\II._Andante_con_moto\Sonate_No._23_Appassionata_2nd_Movement.mxl.midi",07302,07337,4.440892098500626e-16,5005
1222,"1222::C:\Users\정세린\Desktop\capstone_classicfy\ATEPP_dataset\ATEPP-1.2\Ludwig_van_Beethoven\Piano_Sonata_No._23_in_F_Minor,_Op._57__Appassionata_\II._Andante_con_moto\Sonate_No._23_Appassionata_2nd_Movement.mxl.midi",07302,07338,4.440892098500626e-16,5005
1222,"1222::C:\Users\정세린\Desktop\capstone_classicfy\ATEPP_dataset\ATEPP-1.2\Ludwig_van_Beethoven\Piano_Sonata_No._23_in_F_Minor,_Op._57__Appassionata_\II._Andante_con_moto\Sonate_No._23_Appassionata_2nd_Movement.mxl.midi",07302,07339,4.440892098500626e-16,4999
1222,"1222::C:\Users\정세린\Desktop\capstone_classicfy\ATEPP_dataset\ATEPP-1.2\Ludwig_van_Beethoven\Piano_Sonata_No._23_in_F_Minor,_Op._57__Appassionata_\II._Andante_con_moto\Sonate_No._23_Appassionata_2nd_Movement.mxl.midi",07302,07340,4.440892098500626e-16,5007
1222,"1222::C:\Users\정세린\Desktop\capstone_classicfy\ATEPP_dataset\ATEPP-1.2\Ludwig_van_Beethoven\Piano_Sonata_No._23_in_F_Minor,_Op._57__Appassionata_\II._Andante_con_moto\Sonate_No._23_Appassionata_2nd_Movement.mxl.midi",07302,07341,8.881784197001252e-16,4996
1222,"1222::C:\Users\정세린\Desktop\capstone_classicfy\ATEPP_dataset\ATEPP-1.2\Ludwig_van_Beethoven\Piano_Sonata_No._23_in_F_Minor,_Op._57__Appassionata_\II._Andante_con_moto\Sonate_No._23_Appassionata_2nd_Movement.mxl.midi",07302,07342,4.440892098500626e-16,5000
1222,"1222::C:\Users\정세린\Desktop\capstone_classicfy\ATEPP_dataset\ATEPP-1.2\Ludwig_van_Beethoven\Piano_Sonata_No._23_in_F_Minor,_Op._57__Appassionata_\II._Andante_con_moto\Sonate_No._23_Appassionata_2nd_Movement.mxl.midi",07302,07343,4.440892098500626e-16,4993
1222,"1222::C:\Users\정세린\Desktop\capstone_classicfy\ATEPP_dataset\ATEPP-1.2\Ludwig_van_Beethoven\Piano_Sonata_No._23_in_F_Minor,_Op._57__Appassionata_\II._Andante_con_moto\Sonate_No._23_Appassionata_2nd_Movement.mxl.midi",07302,07345,8.881784197001252e-16,5007
1222,"1222::C:\Users\정세린\Desktop\capstone_classicfy\ATEPP_dataset\ATEPP-1.2\Ludwig_van_Beethoven\Piano_Sonata_No._23_in_F_Minor,_Op._57__Appassionata_\II._Andante_con_moto\Sonate_No._23_Appassionata_2nd_Movement.mxl.midi",07302,07347,8.881784197001252e-16,4993
1222,"1222::C:\Users\정세린\Desktop\capstone_classicfy\ATEPP_dataset\ATEPP-1.2\Ludwig_van_Beethoven\Piano_Sonata_No._23_in_F_Minor,_Op._57__Appassionata_\II._Andante_con_moto\Sonate_No._23_Appassionata_2nd_Movement.mxl.midi",07302,07349,4.440892098500626e-16,5007
1222,"1222::C:\Users\정세린\Desktop\capstone_classicfy\ATEPP_dataset\ATEPP-1.2\Ludwig_van_Beethoven\Piano_Sonata_No._23_in_F_Minor,_Op._57__Appassionata_\II._Andante_con_moto\Sonate_No._23_Appassionata_2nd_Movement.mxl.midi",07302,07350,4.440892098500626e-16,5007
1222,"1222::C:\Users\정세린\Desktop\capstone_classicfy\ATEPP_dataset\ATEPP-1.2\Ludwig_van_Beethoven\Piano_Sonata_No._23_in_F_Minor,_Op._57__Appassionata_\II._Andante_con_moto\Sonate_No._23_Appassionata_2nd_Movement.mxl.midi",07302,07351,4.440892098500626e-16,5007
1222,"1222::C:\Users\정세린\Desktop\capstone_classicfy\ATEPP_dataset\ATEPP-1.2\Ludwig_van_Beethoven\Piano_Sonata_No._23_in_F_Minor,_Op._57__Appassionata_\II._Andante_con_moto\Sonate_No._23_Appassionata_2nd_Movement.mxl.midi",07302,07352,2.220446049250313e-16,5009
1222,"1222::C:\Users\정세린\Desktop\capstone_classicfy\ATEPP_dataset\ATEPP-1.2\Ludwig_van_Beethoven\Piano_Sonata_No._23_in_F_Minor,_Op._57__Appassionata_\II._Andante_con_moto\Sonate_No._23_Appassionata_2nd_Movement.mxl.midi",07302,07353,2.220446049250313e-16,5005
1222,"1222::C:\Users\정세린\Desktop\capstone_classicfy\ATEPP_dataset\ATEPP-1.2\Ludwig_van_Beethoven\Piano_Sonata_No._23_in_F_Minor,_Op._57__Appassionata_\II._Andante_con_moto\Sonate_No._23_Appassionata_2nd_Movement.mxl.midi",07302,07354,4.440892098500626e-16,5007
1222,"1222::C:\Users\정세린\Desktop\capstone_classicfy\ATEPP_dataset\ATEPP-1.2\Ludwig_van_Beethoven\Piano_Sonata_No._23_in_F_Minor,_Op._57__Appassionata_\II._Andante_con_moto\Sonate_No._23_Appassionata_2nd_Movement.mxl.midi",07302,07356,1.7763568394002505e-15,4959
1222,"1222::C:\Users\정세린\Desktop\capstone_classicfy\ATEPP_dataset\ATEPP-1.2\Ludwig_van_Beethoven\Piano_Sonata_No._23_in_F_Minor,_Op._57__Appassionata_\II._Andante_con_moto\Sonate_No._23_Appassionata_2nd_Movement.mxl.midi",07302,07357,1.7763568394002505e-15,4963
1222,"1222::C:\Users\정세린\Desktop\capstone_classicfy\ATEPP_dataset\ATEPP-1.2\Ludwig_van_Beethoven\Piano_Sonata_No._23_in_F_Minor,_Op._57__Appassionata_\II._Andante_con_moto\Sonate_No._23_Appassionata_2nd_Movement.mxl.midi",07302,07358,4.440892098500626e-16,5006
1222,"1222::C:\Users\정세린\Desktop\capstone_classicfy\ATEPP_dataset\ATEPP-1.2\Ludwig_van_Beethoven\Piano_Sonata_No._23_in_F_Minor,_Op._57__Appassionata_\II._Andante_con_moto\Sonate_No._23_Appassionata_2nd_Movement.mxl.midi",07302,07359,4.440892098500626e-16,5005
1222,"1222::C:\Users\정세린\Desktop\capstone_classicfy\ATEPP_dataset\ATEPP-1.2\Ludwig_van_Beethoven\Piano_Sonata_No._23_in_F_Minor,_Op._57__Appassionata_\II._Andante_con_moto\Sonate_No._23_Appassionata_2nd_Movement.mxl.midi",07302,07360,4.440892098500626e-16,5005
1222,"1222::C:\Users\정세린\Desktop\capstone_classicfy\ATEPP_dataset\ATEPP-1.2\Ludwig_van_Beethoven\Piano_Sonata_No._23_in_F_Minor,_Op._57__Appassionata_\II._Andante_con_moto\Sonate_No._23_Appassionata_2nd_Movement.mxl.midi",07302,07361,4.440892098500626e-16,5007
1222,"1222::C:\Users\정세린\Desktop\capstone_classicfy\ATEPP_dataset\ATEPP-1.2\Ludwig_van_Beethoven\Piano_Sonata_No._23_in_F_Minor,_Op._57__Appassionata_\II._Andante_con_moto\Sonate_No._23_Appassionata_2nd_Movement.mxl.midi",07302,07363,2.220446049250313e-16,5005
1222,"1222::C:\Users\정세린\Desktop\capstone_classicfy\ATEPP_dataset\ATEPP-1.2\Ludwig_van_Beethoven\Piano_Sonata_No._23_in_F_Minor,_Op._57__Appassionata_\II._Andante_con_moto\Sonate_No._23_Appassionata_2nd_Movement.mxl.midi",07302,07364,8.881784197001252e-16,4971
1222,"1222::C:\Users\정세린\Desktop\capstone_classicfy\ATEPP_dataset\ATEPP-1.2\Ludwig_van_Beethoven\Piano_Sonata_No._23_in_F_Minor,_Op._57__Appassionata_\II._Andante_con_moto\Sonate_No._23_Appassionata_2nd_Movement.mxl.midi",07302,07366,4.440892098500626e-16,5001
1222,"1222::C:\Users\정세린\Desktop\capstone_classicfy\ATEPP_dataset\ATEPP-1.2\Ludwig_van_Beethoven\Piano_Sonata_No._23_in_F_Minor,_Op._57__Appassionata_\II._Andante_con_moto\Sonate_No._23_Appassionata_2nd_Movement.mxl.midi",07302,07370,8.881784197001252e-16,5005
1222,"1222::C:\Users\정세린\Desktop\capstone_classicfy\ATEPP_dataset\ATEPP-1.2\Ludwig_van_Beethoven\Piano_Sonata_No._23_in_F_Minor,_Op._57__Appassionata_\II._Andante_con_moto\Sonate_No._23_Appassionata_2nd_Movement.mxl.midi",07302,07372,4.440892098500626e-16,5006
1222,"1222::C:\Users\정세린\Desktop\capstone_classicfy\ATEPP_dataset\ATEPP-1.2\Ludwig_van_Beethoven\Piano_Sonata_No._23_in_F_Minor,_Op._57__Appassionata_\II._Andante_con_moto\Sonate_No._23_Appassionata_2nd_Movement.mxl.midi",07302,07373,4.440892098500626e-16,5007
1222,"1222::C:\Users\정세린\Desktop\capstone_classicfy\ATEPP_dataset\ATEPP-1.2\Ludwig_van_Beethoven\Piano_Sonata_No._23_in_F_Minor,_Op._57__Appassionata_\II._Andante_con_moto\Sonate_No._23_Appassionata_2nd_Movement.mxl.midi",07302,07374,4.440892098500626e-16,5005
1222,"1222::C:\Users\정세린\Desktop\capstone_classicfy\ATEPP_dataset\ATEPP-1.2\Ludwig_van_Beethoven\Piano_Sonata_No._23_in_F_Minor,_Op._57__Appassionata_\II._Andante_con_moto\Sonate_No._23_Appassionata_2nd_Movement.mxl.midi",07302,07375,4.440892098500626e-16,4996
1222,"1222::C:\Users\정세린\Desktop\capstone_classicfy\ATEPP_dataset\ATEPP-1.2\Ludwig_van_Beethoven\Piano_Sonata_No._23_in_F_Minor,_Op._57__Appassionata_\II._Andante_con_moto\Sonate_No._23_Appassionata_2nd_Movement.mxl.midi",07302,07377,4.440892098500626e-16,5005
1222,"1222::C:\Users\정세린\Desktop\capstone_classicfy\ATEPP_dataset\ATEPP-1.2\Ludwig_van_Beethoven\Piano_Sonata_No._23_in_F_Minor,_Op._57__Appassionata_\II._Andante_con_moto\Sonate_No._23_Appassionata_2nd_Movement.mxl.midi",07302,07378,4.440892098500626e-16,5005
1222,"1222::C:\Users\정세린\Desktop\capstone_classicfy\ATEPP_dataset\ATEPP-1.2\Ludwig_van_Beethoven\Piano_Sonata_No._23_in_F_Minor,_Op._57__Appassionata_\II._Andante_con_moto\Sonate_No._23_Appassionata_2nd_Movement.mxl.midi",07302,07379,4.440892098500626e-16,5006
1222,"1222::C:\Users\정세린\Desktop\capstone_classicfy\ATEPP_dataset\ATEPP-1.2\Ludwig_van_Beethoven\Piano_Sonata_No._23_in_F_Minor,_Op._57__Appassionata_\II._Andante_con_moto\Sonate_No._23_Appassionata_2nd_Movement.mxl.midi",07302,07381,2.220446049250313e-16,5005
1222,"1222::C:\Users\정세린\Desktop\capstone_classicfy\ATEPP_dataset\ATEPP-1.2\Ludwig_van_Beethoven\Piano_Sonata_No._23_in_F_Minor,_Op._57__Appassionata_\II._Andante_con_moto\Sonate_No._23_Appassionata_2nd_Movement.mxl.midi",07302,07382,4.440892098500626e-16,5003
1222,"1222::C:\Users\정세린\Desktop\capstone_classicfy\ATEPP_dataset\ATEPP-1.2\Ludwig_van_Beethoven\Piano_Sonata_No._23_in_F_Minor,_Op._57__Appassionata_\II._Andante_con_moto\Sonate_No._23_Appassionata_2nd_Movement.mxl.midi",07302,07383,4.440892098500626e-16,5005
1222,"1222::C:\Users\정세린\Desktop\capstone_classicfy\ATEPP_dataset\ATEPP-1.2\Ludwig_van_Beethoven\Piano_Sonata_No._23_in_F_Minor,_Op._57__Appassionata_\II._Andante_con_moto\Sonate_No._23_Appassionata_2nd_Movement.mxl.midi",07302,07387,2.220446049250313e-16,5004
1222,"1222::C:\Users\정세린\Desktop\capstone_classicfy\ATEPP_dataset\ATEPP-1.2\Ludwig_van_Beethoven\Piano_Sonata_No._23_in_F_Minor,_Op._57__Appassionata_\II._Andante_con_moto\Sonate_No._23_Appassionata_2nd_Movement.mxl.midi",07302,07388,4.440892098500626e-16,5005
1222,"1222::C:\Users\정세린\Desktop\capstone_classicfy\ATEPP_dataset\ATEPP-1.2\Ludwig_van_Beethoven\Piano_Sonata_No._23_in_F_Minor,_Op._57__Appassionata_\II._Andante_con_moto\Sonate_No._23_Appassionata_2nd_Movement.mxl.midi",07302,07389,4.440892098500626e-16,5005
1222,"1222::C:\Users\정세린\Desktop\capstone_classicfy\ATEPP_dataset\ATEPP-1.2\Ludwig_van_Beethoven\Piano_Sonata_No._23_in_F_Minor,_Op._57__Appassionata_\II._Andante_con_moto\Sonate_No._23_Appassionata_2nd_Movement.mxl.midi",07302,07390,4.440892098500626e-16,5006
1222,"1222::C:\Users\정세린\Desktop\capstone_classicfy\ATEPP_dataset\ATEPP-1.2\Ludwig_van_Beethoven\Piano_Sonata_No._23_in_F_Minor,_Op._57__Appassionata_\II._Andante_con_moto\Sonate_No._23_Appassionata_2nd_Movement.mxl.midi",07302,07392,4.440892098500626e-16,5005
1223,"1223::C:\Users\정세린\Desktop\capstone_classicfy\ATEPP_dataset\ATEPP-1.2\Ludwig_van_Beethoven\Piano_Sonata_No._23_in_F_Minor,_Op._57__Appassionata_\I._Allegro_assai\musicxml_cleaned.musicxml.midi",07395,07397,8.881784197001252e-16,7601
1223,"1223::C:\Users\정세린\Desktop\capstone_classicfy\ATEPP_dataset\ATEPP-1.2\Ludwig_van_Beethoven\Piano_Sonata_No._23_in_F_Minor,_Op._57__Appassionata_\I._Allegro_assai\musicxml_cleaned.musicxml.midi",07395,07399,8.881784197001252e-16,7601
1223,"1223::C:\Users\정세린\Desktop\capstone_classicfy\ATEPP_dataset\ATEPP-1.2\Ludwig_van_Beethoven\Piano_Sonata_No._23_in_F_Minor,_Op._57__Appassionata_\I._Allegro_assai\musicxml_cleaned.musicxml.midi",07395,07401,8.881784197001252e-16,7601
1223,"1223::C:\Users\정세린\Desktop\capstone_classicfy\ATEPP_dataset\ATEPP-1.2\Ludwig_van_Beethoven\Piano_Sonata_No._23_in_F_Minor,_Op._57__Appassionata_\I._Allegro_assai\musicxml_cleaned.musicxml.midi",07395,07402,4.440892098500626e-16,7601
1223,"1223::C:\Users\정세린\Desktop\capstone_classicfy\ATEPP_dataset\ATEPP-1.2\Ludwig_van_Beethoven\Piano_Sonata_No._23_in_F_Minor,_Op._57__Appassionata_\I._Allegro_assai\musicxml_cleaned.musicxml.midi",07395,07403,8.881784197001252e-16,7602
1223,"1223::C:\Users\정세린\Desktop\capstone_classicfy\ATEPP_dataset\ATEPP-1.2\Ludwig_van_Beethoven\Piano_Sonata_No._23_in_F_Minor,_Op._57__Appassionata_\I._Allegro_assai\musicxml_cleaned.musicxml.midi",07395,07407,1.7763568394002505e-15,7597
1223,"1223::C:\Users\정세린\Desktop\capstone_classicfy\ATEPP_dataset\ATEPP-1.2\Ludwig_van_Beethoven\Piano_Sonata_No._23_in_F_Minor,_Op._57__Appassionata_\I._Allegro_assai\musicxml_cleaned.musicxml.midi",07395,07408,4.440892098500626e-16,7596
1223,"1223::C:\Users\정세린\Desktop\capstone_classicfy\ATEPP_dataset\ATEPP-1.2\Ludwig_van_Beethoven\Piano_Sonata_No._23_in_F_Minor,_Op._57__Appassionata_\I._Allegro_assai\musicxml_cleaned.musicxml.midi",07395,07409,4.440892098500626e-16,7599
1223,"1223::C:\Users\정세린\Desktop\capstone_classicfy\ATEPP_dataset\ATEPP-1.2\Ludwig_van_Beethoven\Piano_Sonata_No._23_in_F_Minor,_Op._57__Appassionata_\I._Allegro_assai\musicxml_cleaned.musicxml.midi",07395,07410,4.440892098500626e-16,7599
1223,"1223::C:\Users\정세린\Desktop\capstone_classicfy\ATEPP_dataset\ATEPP-1.2\Ludwig_van_Beethoven\Piano_Sonata_No._23_in_F_Minor,_Op._57__Appassionata_\I._Allegro_assai\musicxml_cleaned.musicxml.midi",07395,07411,8.881784197001252e-16,7600
1223,"1223::C:\Users\정세린\Desktop\capstone_classicfy\ATEPP_dataset\ATEPP-1.2\Ludwig_van_Beethoven\Piano_Sonata_No._23_in_F_Minor,_Op._57__Appassionata_\I._Allegro_assai\musicxml_cleaned.musicxml.midi",07395,07412,8.881784197001252e-16,7600
1223,"1223::C:\Users\정세린\Desktop\capstone_classicfy\ATEPP_dataset\ATEPP-1.2\Ludwig_van_Beethoven\Piano_Sonata_No._23_in_F_Minor,_Op._57__Appassionata_\I._Allegro_assai\musicxml_cleaned.musicxml.midi",07395,07413,4.440892098500626e-16,7600
1223,"1223::C:\Users\정세린\Desktop\capstone_classicfy\ATEPP_dataset\ATEPP-1.2\Ludwig_van_Beethoven\Piano_Sonata_No._23_in_F_Minor,_Op._57__Appassionata_\I._Allegro_assai\musicxml_cleaned.musicxml.midi",07395,07414,4.440892098500626e-16,7598
1223,"1223::C:\Users\정세린\Desktop\capstone_classicfy\ATEPP_dataset\ATEPP-1.2\Ludwig_van_Beethoven\Piano_Sonata_No._23_in_F_Minor,_Op._57__Appassionata_\I._Allegro_assai\musicxml_cleaned.musicxml.midi",07395,07415,8.881784197001252e-16,7598
1223,"1223::C:\Users\정세린\Desktop\capstone_classicfy\ATEPP_dataset\ATEPP-1.2\Ludwig_van_Beethoven\Piano_Sonata_No._23_in_F_Minor,_Op._57__Appassionata_\I._Allegro_assai\musicxml_cleaned.musicxml.midi",07395,07416,8.881784197001252e-16,7601
1223,"1223::C:\Users\정세린\Desktop\capstone_classicfy\ATEPP_dataset\ATEPP-1.2\Ludwig_van_Beethoven\Piano_Sonata_No._23_in_F_Minor,_Op._57__Appassionata_\I._Allegro_assai\musicxml_cleaned.musicxml.midi",07395,07417,4.440892098500626e-16,7596
1223,"1223::C:\Users\정세린\Desktop\capstone_classicfy\ATEPP_dataset\ATEPP-1.2\Ludwig_van_Beethoven\Piano_Sonata_No._23_in_F_Minor,_Op._57__Appassionata_\I._Allegro_assai\musicxml_cleaned.musicxml.midi",07395,07418,8.881784197001252e-16,7601
1223,"1223::C:\Users\정세린\Desktop\capstone_classicfy\ATEPP_dataset\ATEPP-1.2\Ludwig_van_Beethoven\Piano_Sonata_No._23_in_F_Minor,_Op._57__Appassionata_\I._Allegro_assai\musicxml_cleaned.musicxml.midi",07395,07419,8.881784197001252e-16,7587
1223,"1223::C:\Users\정세린\Desktop\capstone_classicfy\ATEPP_dataset\ATEPP-1.2\Ludwig_van_Beethoven\Piano_Sonata_No._23_in_F_Minor,_Op._57__Appassionata_\I._Allegro_assai\musicxml_cleaned.musicxml.midi",07395,07420,4.440892098500626e-16,7599
1223,"1223::C:\Users\정세린\Desktop\capstone_classicfy\ATEPP_dataset\ATEPP-1.2\Ludwig_van_Beethoven\Piano_Sonata_No._23_in_F_Minor,_Op._57__Appassionata_\I._Allegro_assai\musicxml_cleaned.musicxml.midi",07395,07424,4.440892098500626e-16,7601
1223,"1223::C:\Users\정세린\Desktop\capstone_classicfy\ATEPP_dataset\ATEPP-1.2\Ludwig_van_Beethoven\Piano_Sonata_No._23_in_F_Minor,_Op._57__Appassionata_\I._Allegro_assai\musicxml_cleaned.musicxml.midi",07395,07425,4.440892098500626e-16,7600
1223,"1223::C:\Users\정세린\Desktop\capstone_classicfy\ATEPP_dataset\ATEPP-1.2\Ludwig_van_Beethoven\Piano_Sonata_No._23_in_F_Minor,_Op._57__Appassionata_\I._Allegro_assai\musicxml_cleaned.musicxml.midi",07395,07426,4.440892098500626e-16,7596
1223,"1223::C:\Users\정세린\Desktop\capstone_classicfy\ATEPP_dataset\ATEPP-1.2\Ludwig_van_Beethoven\Piano_Sonata_No._23_in_F_Minor,_Op._57__Appassionata_\I._Allegro_assai\musicxml_cleaned.musicxml.midi",07395,07428,4.440892098500626e-16,7599
1223,"1223::C:\Users\정세린\Desktop\capstone_classicfy\ATEPP_dataset\ATEPP-1.2\Ludwig_van_Beethoven\Piano_Sonata_No._23_in_F_Minor,_Op._57__Appassionata_\I._Allegro_assai\musicxml_cleaned.musicxml.midi",07395,07429,4.440892098500626e-16,7601
1223,"1223::C:\Users\정세린\Desktop\capstone_classicfy\ATEPP_dataset\ATEPP-1.2\Ludwig_van_Beethoven\Piano_Sonata_No._23_in_F_Minor,_Op._57__Appassionata_\I._Allegro_assai\musicxml_cleaned.musicxml.midi",07395,07430,8.881784197001252e-16,7600
1223,"1223::C:\Users\정세린\Desktop\capstone_classicfy\ATEPP_dataset\ATEPP-1.2\Ludwig_van_Beethoven\Piano_Sonata_No._23_in_F_Minor,_Op._57__Appassionata_\I._Allegro_assai\musicxml_cleaned.musicxml.midi",07395,07431,4.440892098500626e-16,7600
1223,"1223::C:\Users\정세린\Desktop\capstone_classicfy\ATEPP_dataset\ATEPP-1.2\Ludwig_van_Beethoven\Piano_Sonata_No._23_in_F_Minor,_Op._57__Appassionata_\I._Allegro_assai\musicxml_cleaned.musicxml.midi",07395,07432,4.440892098500626e-16,7596
1223,"1223::C:\Users\정세린\Desktop\capstone_classicfy\ATEPP_dataset\ATEPP-1.2\Ludwig_van_Beethoven\Piano_Sonata_No._23_in_F_Minor,_Op._57__Appassionata_\I._Allegro_assai\musicxml_cleaned.musicxml.midi",07395,07433,8.881784197001252e-16,7596
1223,"1223::C:\Users\정세린\Desktop\capstone_classicfy\ATEPP_dataset\ATEPP-1.2\Ludwig_van_Beethoven\Piano_Sonata_No._23_in_F_Minor,_Op._57__Appassionata_\I._Allegro_assai\musicxml_cleaned.musicxml.midi",07395,07434,8.881784197001252e-16,7591
1223,"1223::C:\Users\정세린\Desktop\capstone_classicfy\ATEPP_dataset\ATEPP-1.2\Ludwig_van_Beethoven\Piano_Sonata_No._23_in_F_Minor,_Op._57__Appassionata_\I._Allegro_assai\musicxml_cleaned.musicxml.midi",07395,07436,4.440892098500626e-16,7600
1223,"1223::C:\Users\정세린\Desktop\capstone_classicfy\ATEPP_dataset\ATEPP-1.2\Ludwig_van_Beethoven\Piano_Sonata_No._23_in_F_Minor,_Op._57__Appassionata_\I._Allegro_assai\musicxml_cleaned.musicxml.midi",07395,07437,4.440892098500626e-16,7598
1223,"1223::C:\Users\정세린\Desktop\capstone_classicfy\ATEPP_dataset\ATEPP-1.2\Ludwig_van_Beethoven\Piano_Sonata_No._23_in_F_Minor,_Op._57__Appassionata_\I._Allegro_assai\musicxml_cleaned.musicxml.midi",07395,07438,4.440892098500626e-16,7596
1223,"1223::C:\Users\정세린\Desktop\capstone_classicfy\ATEPP_dataset\ATEPP-1.2\Ludwig_van_Beethoven\Piano_Sonata_No._23_in_F_Minor,_Op._57__Appassionata_\I._Allegro_assai\musicxml_cleaned.musicxml.midi",07395,07439,4.440892098500626e-16,7601
1223,"1223::C:\Users\정세린\Desktop\capstone_classicfy\ATEPP_dataset\ATEPP-1.2\Ludwig_van_Beethoven\Piano_Sonata_No._23_in_F_Minor,_Op._57__Appassionata_\I._Allegro_assai\musicxml_cleaned.musicxml.midi",07395,07440,8.881784197001252e-16,7599
1223,"1223::C:\Users\정세린\Desktop\capstone_classicfy\ATEPP_dataset\ATEPP-1.2\Ludwig_van_Beethoven\Piano_Sonata_No._23_in_F_Minor,_Op._57__Appassionata_\I._Allegro_assai\musicxml_cleaned.musicxml.midi",07395,07441,4.440892098500626e-16,7601
1223,"1223::C:\Users\정세린\Desktop\capstone_classicfy\ATEPP_dataset\ATEPP-1.2\Ludwig_van_Beethoven\Piano_Sonata_No._23_in_F_Minor,_Op._57__Appassionata_\I._Allegro_assai\musicxml_cleaned.musicxml.midi",07395,07442,4.440892098500626e-16,7601
1223,"1223::C:\Users\정세린\Desktop\capstone_classicfy\ATEPP_dataset\ATEPP-1.2\Ludwig_van_Beethoven\Piano_Sonata_No._23_in_F_Minor,_Op._57__Appassionata_\I._Allegro_assai\musicxml_cleaned.musicxml.midi",07395,07444,8.881784197001252e-16,7601
1223,"1223::C:\Users\정세린\Desktop\capstone_classicfy\ATEPP_dataset\ATEPP-1.2\Ludwig_van_Beethoven\Piano_Sonata_No._23_in_F_Minor,_Op._57__Appassionata_\I._Allegro_assai\musicxml_cleaned.musicxml.midi",07395,07445,8.881784197001252e-16,7601
1223,"1223::C:\Users\정세린\Desktop\capstone_classicfy\ATEPP_dataset\ATEPP-1.2\Ludwig_van_Beethoven\Piano_Sonata_No._23_in_F_Minor,_Op._57__Appassionata_\I._Allegro_assai\musicxml_cleaned.musicxml.midi",07395,07446,4.440892098500626e-16,7601
1223,"1223::C:\Users\정세린\Desktop\capstone_classicfy\ATEPP_dataset\ATEPP-1.2\Ludwig_van_Beethoven\Piano_Sonata_No._23_in_F_Minor,_Op._57__Appassionata_\I._Allegro_assai\musicxml_cleaned.musicxml.midi",07395,07448,8.881784197001252e-16,7601
1223,"1223::C:\Users\정세린\Desktop\capstone_classicfy\ATEPP_dataset\ATEPP-1.2\Ludwig_van_Beethoven\Piano_Sonata_No._23_in_F_Minor,_Op._57__Appassionata_\I._Allegro_assai\musicxml_cleaned.musicxml.midi",07395,07449,2.220446049250313e-16,7601
1223,"1223::C:\Users\정세린\Desktop\capstone_classicfy\ATEPP_dataset\ATEPP-1.2\Ludwig_van_Beethoven\Piano_Sonata_No._23_in_F_Minor,_Op._57__Appassionata_\I._Allegro_assai\musicxml_cleaned.musicxml.midi",07395,07450,4.440892098500626e-16,7601
1223,"1223::C:\Users\정세린\Desktop\capstone_classicfy\ATEPP_dataset\ATEPP-1.2\Ludwig_van_Beethoven\Piano_Sonata_No._23_in_F_Minor,_Op._57__Appassionata_\I._Allegro_assai\musicxml_cleaned.musicxml.midi",07395,07452,8.881784197001252e-16,7601
1223,"1223::C:\Users\정세린\Desktop\capstone_classicfy\ATEPP_dataset\ATEPP-1.2\Ludwig_van_Beethoven\Piano_Sonata_No._23_in_F_Minor,_Op._57__Appassionata_\I._Allegro_assai\musicxml_cleaned.musicxml.midi",07395,07453,8.881784197001252e-16,7599
1223,"1223::C:\Users\정세린\Desktop\capstone_classicfy\ATEPP_dataset\ATEPP-1.2\Ludwig_van_Beethoven\Piano_Sonata_No._23_in_F_Minor,_Op._57__Appassionata_\I._Allegro_assai\musicxml_cleaned.musicxml.midi",07395,07454,8.881784197001252e-16,7595
1223,"1223::C:\Users\정세린\Desktop\capstone_classicfy\ATEPP_dataset\ATEPP-1.2\Ludwig_van_Beethoven\Piano_Sonata_No._23_in_F_Minor,_Op._57__Appassionata_\I._Allegro_assai\musicxml_cleaned.musicxml.midi",07395,07455,4.440892098500626e-16,7601
1223,"1223::C:\Users\정세린\Desktop\capstone_classicfy\ATEPP_dataset\ATEPP-1.2\Ludwig_van_Beethoven\Piano_Sonata_No._23_in_F_Minor,_Op._57__Appassionata_\I._Allegro_assai\musicxml_cleaned.musicxml.midi",07395,07456,8.881784197001252e-16,7601
1223,"1223::C:\Users\정세린\Desktop\capstone_classicfy\ATEPP_dataset\ATEPP-1.2\Ludwig_van_Beethoven\Piano_Sonata_No._23_in_F_Minor,_Op._57__Appassionata_\I._Allegro_assai\musicxml_cleaned.musicxml.midi",07395,07459,8.881784197001252e-16,7599
1223,"1223::C:\Users\정세린\Desktop\capstone_classicfy\ATEPP_dataset\ATEPP-1.2\Ludwig_van_Beethoven\Piano_Sonata_No._23_in_F_Minor,_Op._57__Appassionata_\I._Allegro_assai\musicxml_cleaned.musicxml.midi",07395,07464,8.881784197001252e-16,7572
1223,"1223::C:\Users\정세린\Desktop\capstone_classicfy\ATEPP_dataset\ATEPP-1.2\Ludwig_van_Beethoven\Piano_Sonata_No._23_in_F_Minor,_Op._57__Appassionata_\I._Allegro_assai\musicxml_cleaned.musicxml.midi",07395,07466,4.440892098500626e-16,7601
1223,"1223::C:\Users\정세린\Desktop\capstone_classicfy\ATEPP_dataset\ATEPP-1.2\Ludwig_van_Beethoven\Piano_Sonata_No._23_in_F_Minor,_Op._57__Appassionata_\I._Allegro_assai\musicxml_cleaned.musicxml.midi",07395,07467,4.440892098500626e-16,7594
1223,"1223::C:\Users\정세린\Desktop\capstone_classicfy\ATEPP_dataset\ATEPP-1.2\Ludwig_van_Beethoven\Piano_Sonata_No._23_in_F_Minor,_Op._57__Appassionata_\I._Allegro_assai\musicxml_cleaned.musicxml.midi",07395,07468,8.881784197001252e-16,7599
1223,"1223::C:\Users\정세린\Desktop\capstone_classicfy\ATEPP_dataset\ATEPP-1.2\Ludwig_van_Beethoven\Piano_Sonata_No._23_in_F_Minor,_Op._57__Appassionata_\I._Allegro_assai\musicxml_cleaned.musicxml.midi",07395,07469,4.440892098500626e-16,7594
1223,"1223::C:\Users\정세린\Desktop\capstone_classicfy\ATEPP_dataset\ATEPP-1.2\Ludwig_van_Beethoven\Piano_Sonata_No._23_in_F_Minor,_Op._57__Appassionata_\I._Allegro_assai\musicxml_cleaned.musicxml.midi",07395,07470,8.881784197001252e-16,7601
1223,"1223::C:\Users\정세린\Desktop\capstone_classicfy\ATEPP_dataset\ATEPP-1.2\Ludwig_van_Beethoven\Piano_Sonata_No._23_in_F_Minor,_Op._57__Appassionata_\I._Allegro_assai\musicxml_cleaned.musicxml.midi",07395,07471,4.440892098500626e-16,7601
1223,"1223::C:\Users\정세린\Desktop\capstone_classicfy\ATEPP_dataset\ATEPP-1.2\Ludwig_van_Beethoven\Piano_Sonata_No._23_in_F_Minor,_Op._57__Appassionata_\I._Allegro_assai\musicxml_cleaned.musicxml.midi",07395,07472,8.881784197001252e-16,7599
1223,"1223::C:\Users\정세린\Desktop\capstone_classicfy\ATEPP_dataset\ATEPP-1.2\Ludwig_van_Beethoven\Piano_Sonata_No._23_in_F_Minor,_Op._57__Appassionata_\I._Allegro_assai\musicxml_cleaned.musicxml.midi",07395,07473,4.440892098500626e-16,7601
1223,"1223::C:\Users\정세린\Desktop\capstone_classicfy\ATEPP_dataset\ATEPP-1.2\Ludwig_van_Beethoven\Piano_Sonata_No._23_in_F_Minor,_Op._57__Appassionata_\I._Allegro_assai\musicxml_cleaned.musicxml.midi",07395,07474,4.440892098500626e-16,7599
1223,"1223::C:\Users\정세린\Desktop\capstone_classicfy\ATEPP_dataset\ATEPP-1.2\Ludwig_van_Beethoven\Piano_Sonata_No._23_in_F_Minor,_Op._57__Appassionata_\I._Allegro_assai\musicxml_cleaned.musicxml.midi",07395,07476,4.440892098500626e-16,7599
1223,"1223::C:\Users\정세린\Desktop\capstone_classicfy\ATEPP_dataset\ATEPP-1.2\Ludwig_van_Beethoven\Piano_Sonata_No._23_in_F_Minor,_Op._57__Appassionata_\I._Allegro_assai\musicxml_cleaned.musicxml.midi",07395,07477,4.440892098500626e-16,7601
1223,"1223::C:\Users\정세린\Desktop\capstone_classicfy\ATEPP_dataset\ATEPP-1.2\Ludwig_van_Beethoven\Piano_Sonata_No._23_in_F_Minor,_Op._57__Appassionata_\I._Allegro_assai\musicxml_cleaned.musicxml.midi",07395,07481,1.7763568394002505e-15,7601
1223,"1223::C:\Users\정세린\Desktop\capstone_classicfy\ATEPP_dataset\ATEPP-1.2\Ludwig_van_Beethoven\Piano_Sonata_No._23_in_F_Minor,_Op._57__Appassionata_\I._Allegro_assai\musicxml_cleaned.musicxml.midi",07395,07482,8.881784197001252e-16,7601
1223,"1223::C:\Users\정세린\Desktop\capstone_classicfy\ATEPP_dataset\ATEPP-1.2\Ludwig_van_Beethoven\Piano_Sonata_No._23_in_F_Minor,_Op._57__Appassionata_\I._Allegro_assai\musicxml_cleaned.musicxml.midi",07395,07483,2.220446049250313e-16,7601
1223,"1223::C:\Users\정세린\Desktop\capstone_classicfy\ATEPP_dataset\ATEPP-1.2\Ludwig_van_Beethoven\Piano_Sonata_No._23_in_F_Minor,_Op._57__Appassionata_\I._Allegro_assai\musicxml_cleaned.musicxml.midi",07395,07484,4.440892098500626e-16,7600
1223,"1223::C:\Users\정세린\Desktop\capstone_classicfy\ATEPP_dataset\ATEPP-1.2\Ludwig_van_Beethoven\Piano_Sonata_No._23_in_F_Minor,_Op._57__Appassionata_\I._Allegro_assai\musicxml_cleaned.musicxml.midi",07395,07486,4.440892098500626e-16,7599
1224,"1224::C:\Users\정세린\Desktop\capstone_classicfy\ATEPP_dataset\ATEPP-1.2\Ludwig_van_Beethoven\Piano_Sonata_No._10_in_G_Major,_Op._14_No._2\III._Scherzo._Allegro_assai\Sonate_No._10_3rd_Movement.mxl.midi",07488,07490,2.220446049250313e-16,2623
1224,"1224::C:\Users\정세린\Desktop\capstone_classicfy\ATEPP_dataset\ATEPP-1.2\Ludwig_van_Beethoven\Piano_Sonata_No._10_in_G_Major,_Op._14_No._2\III._Scherzo._Allegro_assai\Sonate_No._10_3rd_Movement.mxl.midi",07488,07492,2.220446049250313e-16,2622
1224,"1224::C:\Users\정세린\Desktop\capstone_classicfy\ATEPP_dataset\ATEPP-1.2\Ludwig_van_Beethoven\Piano_Sonata_No._10_in_G_Major,_Op._14_No._2\III._Scherzo._Allegro_assai\Sonate_No._10_3rd_Movement.mxl.midi",07488,07493,2.220446049250313e-16,2622
1224,"1224::C:\Users\정세린\Desktop\capstone_classicfy\ATEPP_dataset\ATEPP-1.2\Ludwig_van_Beethoven\Piano_Sonata_No._10_in_G_Major,_Op._14_No._2\III._Scherzo._Allegro_assai\Sonate_No._10_3rd_Movement.mxl.midi",07488,07494,4.440892098500626e-16,2622
1224,"1224::C:\Users\정세린\Desktop\capstone_classicfy\ATEPP_dataset\ATEPP-1.2\Ludwig_van_Beethoven\Piano_Sonata_No._10_in_G_Major,_Op._14_No._2\III._Scherzo._Allegro_assai\Sonate_No._10_3rd_Movement.mxl.midi",07488,07496,8.881784197001252e-16,2621
1224,"1224::C:\Users\정세린\Desktop\capstone_classicfy\ATEPP_dataset\ATEPP-1.2\Ludwig_van_Beethoven\Piano_Sonata_No._10_in_G_Major,_Op._14_No._2\III._Scherzo._Allegro_assai\Sonate_No._10_3rd_Movement.mxl.midi",07488,07497,2.220446049250313e-16,2621
1224,"1224::C:\Users\정세린\Desktop\capstone_classicfy\ATEPP_dataset\ATEPP-1.2\Ludwig_van_Beethoven\Piano_Sonata_No._10_in_G_Major,_Op._14_No._2\III._Scherzo._Allegro_assai\Sonate_No._10_3rd_Movement.mxl.midi",07488,07498,4.440892098500626e-16,2622
1224,"1224::C:\Users\정세린\Desktop\capstone_classicfy\ATEPP_dataset\ATEPP-1.2\Ludwig_van_Beethoven\Piano_Sonata_No._10_in_G_Major,_Op._14_No._2\III._Scherzo._Allegro_assai\Sonate_No._10_3rd_Movement.mxl.midi",07488,07499,4.440892098500626e-16,2620
1224,"1224::C:\Users\정세린\Desktop\capstone_classicfy\ATEPP_dataset\ATEPP-1.2\Ludwig_van_Beethoven\Piano_Sonata_No._10_in_G_Major,_Op._14_No._2\III._Scherzo._Allegro_assai\Sonate_No._10_3rd_Movement.mxl.midi",07488,07500,4.440892098500626e-16,2622
1224,"1224::C:\Users\정세린\Desktop\capstone_classicfy\ATEPP_dataset\ATEPP-1.2\Ludwig_van_Beethoven\Piano_Sonata_No._10_in_G_Major,_Op._14_No._2\III._Scherzo._Allegro_assai\Sonate_No._10_3rd_Movement.mxl.midi",07488,07501,4.440892098500626e-16,2621
1224,"1224::C:\Users\정세린\Desktop\capstone_classicfy\ATEPP_dataset\ATEPP-1.2\Ludwig_van_Beethoven\Piano_Sonata_No._10_in_G_Major,_Op._14_No._2\III._Scherzo._Allegro_assai\Sonate_No._10_3rd_Movement.mxl.midi",07488,07502,8.881784197001252e-16,2622
1224,"1224::C:\Users\정세린\Desktop\capstone_classicfy\ATEPP_dataset\ATEPP-1.2\Ludwig_van_Beethoven\Piano_Sonata_No._10_in_G_Major,_Op._14_No._2\III._Scherzo._Allegro_assai\Sonate_No._10_3rd_Movement.mxl.midi",07488,07503,2.220446049250313e-16,2622
1224,"1224::C:\Users\정세린\Desktop\capstone_classicfy\ATEPP_dataset\ATEPP-1.2\Ludwig_van_Beethoven\Piano_Sonata_No._10_in_G_Major,_Op._14_No._2\III._Scherzo._Allegro_assai\Sonate_No._10_3rd_Movement.mxl.midi",07488,07504,4.440892098500626e-16,2622
1224,"1224::C:\Users\정세린\Desktop\capstone_classicfy\ATEPP_dataset\ATEPP-1.2\Ludwig_van_Beethoven\Piano_Sonata_No._10_in_G_Major,_Op._14_No._2\III._Scherzo._Allegro_assai\Sonate_No._10_3rd_Movement.mxl.midi",07488,07505,8.881784197001252e-16,2622
1224,"1224::C:\Users\정세린\Desktop\capstone_classicfy\ATEPP_dataset\ATEPP-1.2\Ludwig_van_Beethoven\Piano_Sonata_No._10_in_G_Major,_Op._14_No._2\III._Scherzo._Allegro_assai\Sonate_No._10_3rd_Movement.mxl.midi",07488,07506,4.440892098500626e-16,2622
1224,"1224::C:\Users\정세린\Desktop\capstone_classicfy\ATEPP_dataset\ATEPP-1.2\Ludwig_van_Beethoven\Piano_Sonata_No._10_in_G_Major,_Op._14_No._2\III._Scherzo._Allegro_assai\Sonate_No._10_3rd_Movement.mxl.midi",07488,07507,4.440892098500626e-16,2622
1224,"1224::C:\Users\정세린\Desktop\capstone_classicfy\ATEPP_dataset\ATEPP-1.2\Ludwig_van_Beethoven\Piano_Sonata_No._10_in_G_Major,_Op._14_No._2\III._Scherzo._Allegro_assai\Sonate_No._10_3rd_Movement.mxl.midi",07488,07508,2.220446049250313e-16,2622
1224,"1224::C:\Users\정세린\Desktop\capstone_classicfy\ATEPP_dataset\ATEPP-1.2\Ludwig_van_Beethoven\Piano_Sonata_No._10_in_G_Major,_Op._14_No._2\III._Scherzo._Allegro_assai\Sonate_No._10_3rd_Movement.mxl.midi",07488,07511,8.881784197001252e-16,2618
1224,"1224::C:\Users\정세린\Desktop\capstone_classicfy\ATEPP_dataset\ATEPP-1.2\Ludwig_van_Beethoven\Piano_Sonata_No._10_in_G_Major,_Op._14_No._2\III._Scherzo._Allegro_assai\Sonate_No._10_3rd_Movement.mxl.midi",07488,07512,2.220446049250313e-16,2622
1224,"1224::C:\Users\정세린\Desktop\capstone_classicfy\ATEPP_dataset\ATEPP-1.2\Ludwig_van_Beethoven\Piano_Sonata_No._10_in_G_Major,_Op._14_No._2\III._Scherzo._Allegro_assai\Sonate_No._10_3rd_Movement.mxl.midi",07488,07514,8.881784197001252e-16,2622
1224,"1224::C:\Users\정세린\Desktop\capstone_classicfy\ATEPP_dataset\ATEPP-1.2\Ludwig_van_Beethoven\Piano_Sonata_No._10_in_G_Major,_Op._14_No._2\III._Scherzo._Allegro_assai\Sonate_No._10_3rd_Movement.mxl.midi",07488,07515,4.440892098500626e-16,2622
1225,"1225::C:\Users\정세린\Desktop\capstone_classicfy\ATEPP_dataset\ATEPP-1.2\Ludwig_van_Beethoven\Piano_Sonata_No._10_in_G_Major,_Op._14_No._2\I._Allegro\musicxml_cleaned.musicxml.midi",07519,07521,2.220446049250313e-16,4443
1225,"1225::C:\Users\정세린\Desktop\capstone_classicfy\ATEPP_dataset\ATEPP-1.2\Ludwig_van_Beethoven\Piano_Sonata_No._10_in_G_Major,_Op._14_No._2\I._Allegro\musicxml_cleaned.musicxml.midi",07519,07522,4.440892098500626e-16,4440
1225,"1225::C:\Users\정세린\Desktop\capstone_classicfy\ATEPP_dataset\ATEPP-1.2\Ludwig_van_Beethoven\Piano_Sonata_No._10_in_G_Major,_Op._14_No._2\I._Allegro\musicxml_cleaned.musicxml.midi",07519,07524,4.440892098500626e-16,4443
1225,"1225::C:\Users\정세린\Desktop\capstone_classicfy\ATEPP_dataset\ATEPP-1.2\Ludwig_van_Beethoven\Piano_Sonata_No._10_in_G_Major,_Op._14_No._2\I._Allegro\musicxml_cleaned.musicxml.midi",07519,07525,4.440892098500626e-16,4443
1225,"1225::C:\Users\정세린\Desktop\capstone_classicfy\ATEPP_dataset\ATEPP-1.2\Ludwig_van_Beethoven\Piano_Sonata_No._10_in_G_Major,_Op._14_No._2\I._Allegro\musicxml_cleaned.musicxml.midi",07519,07526,2.220446049250313e-16,4443
1225,"1225::C:\Users\정세린\Desktop\capstone_classicfy\ATEPP_dataset\ATEPP-1.2\Ludwig_van_Beethoven\Piano_Sonata_No._10_in_G_Major,_Op._14_No._2\I._Allegro\musicxml_cleaned.musicxml.midi",07519,07527,4.440892098500626e-16,4443
1225,"1225::C:\Users\정세린\Desktop\capstone_classicfy\ATEPP_dataset\ATEPP-1.2\Ludwig_van_Beethoven\Piano_Sonata_No._10_in_G_Major,_Op._14_No._2\I._Allegro\musicxml_cleaned.musicxml.midi",07519,07528,4.440892098500626e-16,4443
1225,"1225::C:\Users\정세린\Desktop\capstone_classicfy\ATEPP_dataset\ATEPP-1.2\Ludwig_van_Beethoven\Piano_Sonata_No._10_in_G_Major,_Op._14_No._2\I._Allegro\musicxml_cleaned.musicxml.midi",07519,07529,2.220446049250313e-16,4443
1225,"1225::C:\Users\정세린\Desktop\capstone_classicfy\ATEPP_dataset\ATEPP-1.2\Ludwig_van_Beethoven\Piano_Sonata_No._10_in_G_Major,_Op._14_No._2\I._Allegro\musicxml_cleaned.musicxml.midi",07519,07530,4.440892098500626e-16,4443
1225,"1225::C:\Users\정세린\Desktop\capstone_classicfy\ATEPP_dataset\ATEPP-1.2\Ludwig_van_Beethoven\Piano_Sonata_No._10_in_G_Major,_Op._14_No._2\I._Allegro\musicxml_cleaned.musicxml.midi",07519,07531,2.220446049250313e-16,4443
1225,"1225::C:\Users\정세린\Desktop\capstone_classicfy\ATEPP_dataset\ATEPP-1.2\Ludwig_van_Beethoven\Piano_Sonata_No._10_in_G_Major,_Op._14_No._2\I._Allegro\musicxml_cleaned.musicxml.midi",07519,07534,4.440892098500626e-16,4443
1225,"1225::C:\Users\정세린\Desktop\capstone_classicfy\ATEPP_dataset\ATEPP-1.2\Ludwig_van_Beethoven\Piano_Sonata_No._10_in_G_Major,_Op._14_No._2\I._Allegro\musicxml_cleaned.musicxml.midi",07519,07535,4.440892098500626e-16,4443
1225,"1225::C:\Users\정세린\Desktop\capstone_classicfy\ATEPP_dataset\ATEPP-1.2\Ludwig_van_Beethoven\Piano_Sonata_No._10_in_G_Major,_Op._14_No._2\I._Allegro\musicxml_cleaned.musicxml.midi",07519,07536,2.220446049250313e-16,4443
1225,"1225::C:\Users\정세린\Desktop\capstone_classicfy\ATEPP_dataset\ATEPP-1.2\Ludwig_van_Beethoven\Piano_Sonata_No._10_in_G_Major,_Op._14_No._2\I._Allegro\musicxml_cleaned.musicxml.midi",07519,07540,4.440892098500626e-16,4443
1225,"1225::C:\Users\정세린\Desktop\capstone_classicfy\ATEPP_dataset\ATEPP-1.2\Ludwig_van_Beethoven\Piano_Sonata_No._10_in_G_Major,_Op._14_No._2\I._Allegro\musicxml_cleaned.musicxml.midi",07519,07545,4.440892098500626e-16,4443
1227,"1227::C:\Users\정세린\Desktop\capstone_classicfy\ATEPP_dataset\ATEPP-1.2\Ludwig_van_Beethoven\Piano_Sonata_No._18_in_E-Flat_Major,_Op._31_No._3__The_Hunt_\I._Allegro\musicxml_cleaned.musicxml.midi",07575,07576,4.440892098500626e-16,5213
1227,"1227::C:\Users\정세린\Desktop\capstone_classicfy\ATEPP_dataset\ATEPP-1.2\Ludwig_van_Beethoven\Piano_Sonata_No._18_in_E-Flat_Major,_Op._31_No._3__The_Hunt_\I._Allegro\musicxml_cleaned.musicxml.midi",07575,07577,8.881784197001252e-16,5215
1227,"1227::C:\Users\정세린\Desktop\capstone_classicfy\ATEPP_dataset\ATEPP-1.2\Ludwig_van_Beethoven\Piano_Sonata_No._18_in_E-Flat_Major,_Op._31_No._3__The_Hunt_\I._Allegro\musicxml_cleaned.musicxml.midi",07575,07578,4.440892098500626e-16,5221
1227,"1227::C:\Users\정세린\Desktop\capstone_classicfy\ATEPP_dataset\ATEPP-1.2\Ludwig_van_Beethoven\Piano_Sonata_No._18_in_E-Flat_Major,_Op._31_No._3__The_Hunt_\I._Allegro\musicxml_cleaned.musicxml.midi",07575,07579,4.440892098500626e-16,5215
1227,"1227::C:\Users\정세린\Desktop\capstone_classicfy\ATEPP_dataset\ATEPP-1.2\Ludwig_van_Beethoven\Piano_Sonata_No._18_in_E-Flat_Major,_Op._31_No._3__The_Hunt_\I._Allegro\musicxml_cleaned.musicxml.midi",07575,07580,4.440892098500626e-16,5214
1227,"1227::C:\Users\정세린\Desktop\capstone_classicfy\ATEPP_dataset\ATEPP-1.2\Ludwig_van_Beethoven\Piano_Sonata_No._18_in_E-Flat_Major,_Op._31_No._3__The_Hunt_\I._Allegro\musicxml_cleaned.musicxml.midi",07575,07581,4.440892098500626e-16,5203
1227,"1227::C:\Users\정세린\Desktop\capstone_classicfy\ATEPP_dataset\ATEPP-1.2\Ludwig_van_Beethoven\Piano_Sonata_No._18_in_E-Flat_Major,_Op._31_No._3__The_Hunt_\I._Allegro\musicxml_cleaned.musicxml.midi",07575,07582,8.881784197001252e-16,5212
1227,"1227::C:\Users\정세린\Desktop\capstone_classicfy\ATEPP_dataset\ATEPP-1.2\Ludwig_van_Beethoven\Piano_Sonata_No._18_in_E-Flat_Major,_Op._31_No._3__The_Hunt_\I._Allegro\musicxml_cleaned.musicxml.midi",07575,07583,8.881784197001252e-16,5222
1227,"1227::C:\Users\정세린\Desktop\capstone_classicfy\ATEPP_dataset\ATEPP-1.2\Ludwig_van_Beethoven\Piano_Sonata_No._18_in_E-Flat_Major,_Op._31_No._3__The_Hunt_\I._Allegro\musicxml_cleaned.musicxml.midi",07575,07584,4.440892098500626e-16,5222
1227,"1227::C:\Users\정세린\Desktop\capstone_classicfy\ATEPP_dataset\ATEPP-1.2\Ludwig_van_Beethoven\Piano_Sonata_No._18_in_E-Flat_Major,_Op._31_No._3__The_Hunt_\I._Allegro\musicxml_cleaned.musicxml.midi",07575,07588,4.440892098500626e-16,5212
1227,"1227::C:\Users\정세린\Desktop\capstone_classicfy\ATEPP_dataset\ATEPP-1.2\Ludwig_van_Beethoven\Piano_Sonata_No._18_in_E-Flat_Major,_Op._31_No._3__The_Hunt_\I._Allegro\musicxml_cleaned.musicxml.midi",07575,07589,8.881784197001252e-16,5209
1227,"1227::C:\Users\정세린\Desktop\capstone_classicfy\ATEPP_dataset\ATEPP-1.2\Ludwig_van_Beethoven\Piano_Sonata_No._18_in_E-Flat_Major,_Op._31_No._3__The_Hunt_\I._Allegro\musicxml_cleaned.musicxml.midi",07575,07591,8.881784197001252e-16,5221
1228,"1228::C:\Users\정세린\Desktop\capstone_classicfy\ATEPP_dataset\ATEPP-1.2\Ludwig_van_Beethoven\Piano_Sonata_No._18_in_E-Flat_Major,_Op._31_No._3__The_Hunt_\IV._Presto_con_fuoco\musicxml_cleaned.musicxml.midi",07594,07595,8.881784197001252e-16,4200
1228,"1228::C:\Users\정세린\Desktop\capstone_classicfy\ATEPP_dataset\ATEPP-1.2\Ludwig_van_Beethoven\Piano_Sonata_No._18_in_E-Flat_Major,_Op._31_No._3__The_Hunt_\IV._Presto_con_fuoco\musicxml_cleaned.musicxml.midi",07594,07597,4.440892098500626e-16,4202
1228,"1228::C:\Users\정세린\Desktop\capstone_classicfy\ATEPP_dataset\ATEPP-1.2\Ludwig_van_Beethoven\Piano_Sonata_No._18_in_E-Flat_Major,_Op._31_No._3__The_Hunt_\IV._Presto_con_fuoco\musicxml_cleaned.musicxml.midi",07594,07598,8.881784197001252e-16,4202
1228,"1228::C:\Users\정세린\Desktop\capstone_classicfy\ATEPP_dataset\ATEPP-1.2\Ludwig_van_Beethoven\Piano_Sonata_No._18_in_E-Flat_Major,_Op._31_No._3__The_Hunt_\IV._Presto_con_fuoco\musicxml_cleaned.musicxml.midi",07594,07599,8.881784197001252e-16,4201
1228,"1228::C:\Users\정세린\Desktop\capstone_classicfy\ATEPP_dataset\ATEPP-1.2\Ludwig_van_Beethoven\Piano_Sonata_No._18_in_E-Flat_Major,_Op._31_No._3__The_Hunt_\IV._Presto_con_fuoco\musicxml_cleaned.musicxml.midi",07594,07600,3.3306690738754696e-16,4200
1228,"1228::C:\Users\정세린\Desktop\capstone_classicfy\ATEPP_dataset\ATEPP-1.2\Ludwig_van_Beethoven\Piano_Sonata_No._18_in_E-Flat_Major,_Op._31_No._3__The_Hunt_\IV._Presto_con_fuoco\musicxml_cleaned.musicxml.midi",07594,07601,4.440892098500626e-16,4200
1228,"1228::C:\Users\정세린\Desktop\capstone_classicfy\ATEPP_dataset\ATEPP-1.2\Ludwig_van_Beethoven\Piano_Sonata_No._18_in_E-Flat_Major,_Op._31_No._3__The_Hunt_\IV._Presto_con_fuoco\musicxml_cleaned.musicxml.midi",07594,07604,8.881784197001252e-16,4202
1228,"1228::C:\Users\정세린\Desktop\capstone_classicfy\ATEPP_dataset\ATEPP-1.2\Ludwig_van_Beethoven\Piano_Sonata_No._18_in_E-Flat_Major,_Op._31_No._3__The_Hunt_\IV._Presto_con_fuoco\musicxml_cleaned.musicxml.midi",07594,07605,8.881784197001252e-16,4200
1228,"1228::C:\Users\정세린\Desktop\capstone_classicfy\ATEPP_dataset\ATEPP-1.2\Ludwig_van_Beethoven\Piano_Sonata_No._18_in_E-Flat_Major,_Op._31_No._3__The_Hunt_\IV._Presto_con_fuoco\musicxml_cleaned.musicxml.midi",07594,07606,8.881784197001252e-16,4201
1228,"1228::C:\Users\정세린\Desktop\capstone_classicfy\ATEPP_dataset\ATEPP-1.2\Ludwig_van_Beethoven\Piano_Sonata_No._18_in_E-Flat_Major,_Op._31_No._3__The_Hunt_\IV._Presto_con_fuoco\musicxml_cleaned.musicxml.midi",07594,07607,8.881784197001252e-16,4201
1228,"1228::C:\Users\정세린\Desktop\capstone_classicfy\ATEPP_dataset\ATEPP-1.2\Ludwig_van_Beethoven\Piano_Sonata_No._18_in_E-Flat_Major,_Op._31_No._3__The_Hunt_\IV._Presto_con_fuoco\musicxml_cleaned.musicxml.midi",07594,07608,4.440892098500626e-16,4200
1228,"1228::C:\Users\정세린\Desktop\capstone_classicfy\ATEPP_dataset\ATEPP-1.2\Ludwig_van_Beethoven\Piano_Sonata_No._18_in_E-Flat_Major,_Op._31_No._3__The_Hunt_\IV._Presto_con_fuoco\musicxml_cleaned.musicxml.midi",07594,07610,4.440892098500626e-16,4195
1228,"1228::C:\Users\정세린\Desktop\capstone_classicfy\ATEPP_dataset\ATEPP-1.2\Ludwig_van_Beethoven\Piano_Sonata_No._18_in_E-Flat_Major,_Op._31_No._3__The_Hunt_\IV._Presto_con_fuoco\musicxml_cleaned.musicxml.midi",07594,07612,4.440892098500626e-16,4202
1228,"1228::C:\Users\정세린\Desktop\capstone_classicfy\ATEPP_dataset\ATEPP-1.2\Ludwig_van_Beethoven\Piano_Sonata_No._18_in_E-Flat_Major,_Op._31_No._3__The_Hunt_\IV._Presto_con_fuoco\musicxml_cleaned.musicxml.midi",07594,07613,8.881784197001252e-16,4198
1228,"1228::C:\Users\정세린\Desktop\capstone_classicfy\ATEPP_dataset\ATEPP-1.2\Ludwig_van_Beethoven\Piano_Sonata_No._18_in_E-Flat_Major,_Op._31_No._3__The_Hunt_\IV._Presto_con_fuoco\musicxml_cleaned.musicxml.midi",07594,07615,4.440892098500626e-16,4200
122,"122::C:\Users\정세린\Desktop\capstone_classicfy\ATEPP_dataset\ATEPP-1.2\Franz_Liszt\12_Etudes_d'exe╠ücution_transcendante,_S.139\No.7_Eroica_(Allegro)\musicxml_cleaned.musicxml.midi",00436,00437,8.881784197001252e-16,3237
122,"122::C:\Users\정세린\Desktop\capstone_classicfy\ATEPP_dataset\ATEPP-1.2\Franz_Liszt\12_Etudes_d'exe╠ücution_transcendante,_S.139\No.7_Eroica_(Allegro)\musicxml_cleaned.musicxml.midi",00436,00438,8.881784197001252e-16,3241
122,"122::C:\Users\정세린\Desktop\capstone_classicfy\ATEPP_dataset\ATEPP-1.2\Franz_Liszt\12_Etudes_d'exe╠ücution_transcendante,_S.139\No.7_Eroica_(Allegro)\musicxml_cleaned.musicxml.midi",00436,00439,8.881784197001252e-16,3239
122,"122::C:\Users\정세린\Desktop\capstone_classicfy\ATEPP_dataset\ATEPP-1.2\Franz_Liszt\12_Etudes_d'exe╠ücution_transcendante,_S.139\No.7_Eroica_(Allegro)\musicxml_cleaned.musicxml.midi",00436,00440,4.440892098500626e-16,3237
122,"122::C:\Users\정세린\Desktop\capstone_classicfy\ATEPP_dataset\ATEPP-1.2\Franz_Liszt\12_Etudes_d'exe╠ücution_transcendante,_S.139\No.7_Eroica_(Allegro)\musicxml_cleaned.musicxml.midi",00436,00441,4.440892098500626e-16,3237
1230,"1230::C:\Users\정세린\Desktop\capstone_classicfy\ATEPP_dataset\ATEPP-1.2\Ludwig_van_Beethoven\Piano_Sonata_No._18_in_E-Flat_Major,_Op._31_No._3__The_Hunt_\III._Menuetto._Moderato_e_grazioso\musicxml_cleaned.musicxml.midi",07639,07640,4.440892098500626e-16,3643
1230,"1230::C:\Users\정세린\Desktop\capstone_classicfy\ATEPP_dataset\ATEPP-1.2\Ludwig_van_Beethoven\Piano_Sonata_No._18_in_E-Flat_Major,_Op._31_No._3__The_Hunt_\III._Menuetto._Moderato_e_grazioso\musicxml_cleaned.musicxml.midi",07639,07642,2.220446049250313e-16,3645
1230,"1230::C:\Users\정세린\Desktop\capstone_classicfy\ATEPP_dataset\ATEPP-1.2\Ludwig_van_Beethoven\Piano_Sonata_No._18_in_E-Flat_Major,_Op._31_No._3__The_Hunt_\III._Menuetto._Moderato_e_grazioso\musicxml_cleaned.musicxml.midi",07639,07643,4.440892098500626e-16,3643
1230,"1230::C:\Users\정세린\Desktop\capstone_classicfy\ATEPP_dataset\ATEPP-1.2\Ludwig_van_Beethoven\Piano_Sonata_No._18_in_E-Flat_Major,_Op._31_No._3__The_Hunt_\III._Menuetto._Moderato_e_grazioso\musicxml_cleaned.musicxml.midi",07639,07644,2.220446049250313e-16,3639
1230,"1230::C:\Users\정세린\Desktop\capstone_classicfy\ATEPP_dataset\ATEPP-1.2\Ludwig_van_Beethoven\Piano_Sonata_No._18_in_E-Flat_Major,_Op._31_No._3__The_Hunt_\III._Menuetto._Moderato_e_grazioso\musicxml_cleaned.musicxml.midi",07639,07645,4.440892098500626e-16,3639
1230,"1230::C:\Users\정세린\Desktop\capstone_classicfy\ATEPP_dataset\ATEPP-1.2\Ludwig_van_Beethoven\Piano_Sonata_No._18_in_E-Flat_Major,_Op._31_No._3__The_Hunt_\III._Menuetto._Moderato_e_grazioso\musicxml_cleaned.musicxml.midi",07639,07652,8.881784197001252e-16,3638
1230,"1230::C:\Users\정세린\Desktop\capstone_classicfy\ATEPP_dataset\ATEPP-1.2\Ludwig_van_Beethoven\Piano_Sonata_No._18_in_E-Flat_Major,_Op._31_No._3__The_Hunt_\III._Menuetto._Moderato_e_grazioso\musicxml_cleaned.musicxml.midi",07639,07653,4.440892098500626e-16,3641
1230,"1230::C:\Users\정세린\Desktop\capstone_classicfy\ATEPP_dataset\ATEPP-1.2\Ludwig_van_Beethoven\Piano_Sonata_No._18_in_E-Flat_Major,_Op._31_No._3__The_Hunt_\III._Menuetto._Moderato_e_grazioso\musicxml_cleaned.musicxml.midi",07639,07655,8.881784197001252e-16,3643
1230,"1230::C:\Users\정세린\Desktop\capstone_classicfy\ATEPP_dataset\ATEPP-1.2\Ludwig_van_Beethoven\Piano_Sonata_No._18_in_E-Flat_Major,_Op._31_No._3__The_Hunt_\III._Menuetto._Moderato_e_grazioso\musicxml_cleaned.musicxml.midi",07639,07656,8.881784197001252e-16,3643
1231,"1231::C:\Users\정세린\Desktop\capstone_classicfy\ATEPP_dataset\ATEPP-1.2\Ludwig_van_Beethoven\Piano_Sonata_No._29_in_B-Flat_Major,_Op._106__Hammerklavier_\III._Adagio_sostenuto,_appassionato_e_con_molto_sentimento\musicxml_cleaned.musicxml.midi",07659,07661,8.881784197001252e-16,3885
1231,"1231::C:\Users\정세린\Desktop\capstone_classicfy\ATEPP_dataset\ATEPP-1.2\Ludwig_van_Beethoven\Piano_Sonata_No._29_in_B-Flat_Major,_Op._106__Hammerklavier_\III._Adagio_sostenuto,_appassionato_e_con_molto_sentimento\musicxml_cleaned.musicxml.midi",07659,07662,4.440892098500626e-16,3880
1233,"1233::C:\Users\정세린\Desktop\capstone_classicfy\ATEPP_dataset\ATEPP-1.2\Ludwig_van_Beethoven\Piano_Sonata_No._29_in_B-Flat_Major,_Op._106__Hammerklavier_\II._Scherzo._Assai_vivace\musicxml_cleaned.musicxml.midi",07741,07742,8.881784197001252e-16,3554
1233,"1233::C:\Users\정세린\Desktop\capstone_classicfy\ATEPP_dataset\ATEPP-1.2\Ludwig_van_Beethoven\Piano_Sonata_No._29_in_B-Flat_Major,_Op._106__Hammerklavier_\II._Scherzo._Assai_vivace\musicxml_cleaned.musicxml.midi",07741,07745,8.881784197001252e-16,3557
1233,"1233::C:\Users\정세린\Desktop\capstone_classicfy\ATEPP_dataset\ATEPP-1.2\Ludwig_van_Beethoven\Piano_Sonata_No._29_in_B-Flat_Major,_Op._106__Hammerklavier_\II._Scherzo._Assai_vivace\musicxml_cleaned.musicxml.midi",07741,07746,8.881784197001252e-16,3558
1233,"1233::C:\Users\정세린\Desktop\capstone_classicfy\ATEPP_dataset\ATEPP-1.2\Ludwig_van_Beethoven\Piano_Sonata_No._29_in_B-Flat_Major,_Op._106__Hammerklavier_\II._Scherzo._Assai_vivace\musicxml_cleaned.musicxml.midi",07741,07747,8.881784197001252e-16,3545
1233,"1233::C:\Users\정세린\Desktop\capstone_classicfy\ATEPP_dataset\ATEPP-1.2\Ludwig_van_Beethoven\Piano_Sonata_No._29_in_B-Flat_Major,_Op._106__Hammerklavier_\II._Scherzo._Assai_vivace\musicxml_cleaned.musicxml.midi",07741,07748,8.881784197001252e-16,3550
1233,"1233::C:\Users\정세린\Desktop\capstone_classicfy\ATEPP_dataset\ATEPP-1.2\Ludwig_van_Beethoven\Piano_Sonata_No._29_in_B-Flat_Major,_Op._106__Hammerklavier_\II._Scherzo._Assai_vivace\musicxml_cleaned.musicxml.midi",07741,07749,8.881784197001252e-16,3560
1233,"1233::C:\Users\정세린\Desktop\capstone_classicfy\ATEPP_dataset\ATEPP-1.2\Ludwig_van_Beethoven\Piano_Sonata_No._29_in_B-Flat_Major,_Op._106__Hammerklavier_\II._Scherzo._Assai_vivace\musicxml_cleaned.musicxml.midi",07741,07750,8.881784197001252e-16,3552
1233,"1233::C:\Users\정세린\Desktop\capstone_classicfy\ATEPP_dataset\ATEPP-1.2\Ludwig_van_Beethoven\Piano_Sonata_No._29_in_B-Flat_Major,_Op._106__Hammerklavier_\II._Scherzo._Assai_vivace\musicxml_cleaned.musicxml.midi",07741,07751,8.881784197001252e-16,3552
1233,"1233::C:\Users\정세린\Desktop\capstone_classicfy\ATEPP_dataset\ATEPP-1.2\Ludwig_van_Beethoven\Piano_Sonata_No._29_in_B-Flat_Major,_Op._106__Hammerklavier_\II._Scherzo._Assai_vivace\musicxml_cleaned.musicxml.midi",07741,07752,8.881784197001252e-16,3554
1233,"1233::C:\Users\정세린\Desktop\capstone_classicfy\ATEPP_dataset\ATEPP-1.2\Ludwig_van_Beethoven\Piano_Sonata_No._29_in_B-Flat_Major,_Op._106__Hammerklavier_\II._Scherzo._Assai_vivace\musicxml_cleaned.musicxml.midi",07741,07753,8.881784197001252e-16,3554
1233,"1233::C:\Users\정세린\Desktop\capstone_classicfy\ATEPP_dataset\ATEPP-1.2\Ludwig_van_Beethoven\Piano_Sonata_No._29_in_B-Flat_Major,_Op._106__Hammerklavier_\II._Scherzo._Assai_vivace\musicxml_cleaned.musicxml.midi",07741,07754,8.881784197001252e-16,3549
1233,"1233::C:\Users\정세린\Desktop\capstone_classicfy\ATEPP_dataset\ATEPP-1.2\Ludwig_van_Beethoven\Piano_Sonata_No._29_in_B-Flat_Major,_Op._106__Hammerklavier_\II._Scherzo._Assai_vivace\musicxml_cleaned.musicxml.midi",07741,07756,8.881784197001252e-16,3556
1233,"1233::C:\Users\정세린\Desktop\capstone_classicfy\ATEPP_dataset\ATEPP-1.2\Ludwig_van_Beethoven\Piano_Sonata_No._29_in_B-Flat_Major,_Op._106__Hammerklavier_\II._Scherzo._Assai_vivace\musicxml_cleaned.musicxml.midi",07741,07759,4.440892098500626e-16,3548
1233,"1233::C:\Users\정세린\Desktop\capstone_classicfy\ATEPP_dataset\ATEPP-1.2\Ludwig_van_Beethoven\Piano_Sonata_No._29_in_B-Flat_Major,_Op._106__Hammerklavier_\II._Scherzo._Assai_vivace\musicxml_cleaned.musicxml.midi",07741,07760,8.881784197001252e-16,3548
1233,"1233::C:\Users\정세린\Desktop\capstone_classicfy\ATEPP_dataset\ATEPP-1.2\Ludwig_van_Beethoven\Piano_Sonata_No._29_in_B-Flat_Major,_Op._106__Hammerklavier_\II._Scherzo._Assai_vivace\musicxml_cleaned.musicxml.midi",07741,07763,8.881784197001252e-16,3527
1233,"1233::C:\Users\정세린\Desktop\capstone_classicfy\ATEPP_dataset\ATEPP-1.2\Ludwig_van_Beethoven\Piano_Sonata_No._29_in_B-Flat_Major,_Op._106__Hammerklavier_\II._Scherzo._Assai_vivace\musicxml_cleaned.musicxml.midi",07741,07765,8.881784197001252e-16,3552
1233,"1233::C:\Users\정세린\Desktop\capstone_classicfy\ATEPP_dataset\ATEPP-1.2\Ludwig_van_Beethoven\Piano_Sonata_No._29_in_B-Flat_Major,_Op._106__Hammerklavier_\II._Scherzo._Assai_vivace\musicxml_cleaned.musicxml.midi",07741,07766,8.881784197001252e-16,3551
1233,"1233::C:\Users\정세린\Desktop\capstone_classicfy\ATEPP_dataset\ATEPP-1.2\Ludwig_van_Beethoven\Piano_Sonata_No._29_in_B-Flat_Major,_Op._106__Hammerklavier_\II._Scherzo._Assai_vivace\musicxml_cleaned.musicxml.midi",07741,07767,8.881784197001252e-16,3549
1233,"1233::C:\Users\정세린\Desktop\capstone_classicfy\ATEPP_dataset\ATEPP-1.2\Ludwig_van_Beethoven\Piano_Sonata_No._29_in_B-Flat_Major,_Op._106__Hammerklavier_\II._Scherzo._Assai_vivace\musicxml_cleaned.musicxml.midi",07741,07768,8.881784197001252e-16,3555
1233,"1233::C:\Users\정세린\Desktop\capstone_classicfy\ATEPP_dataset\ATEPP-1.2\Ludwig_van_Beethoven\Piano_Sonata_No._29_in_B-Flat_Major,_Op._106__Hammerklavier_\II._Scherzo._Assai_vivace\musicxml_cleaned.musicxml.midi",07741,07769,4.440892098500626e-16,3556
1234,"1234::C:\Users\정세린\Desktop\capstone_classicfy\ATEPP_dataset\ATEPP-1.2\Ludwig_van_Beethoven\Piano_Sonata_No._29_in_B-Flat_Major,_Op._106__Hammerklavier_\IV._Largo_-_Allegro_risoluto\musicxml_cleaned.musicxml.midi",07677,07689,4.440892098500626e-16,8603
1234,"1234::C:\Users\정세린\Desktop\capstone_classicfy\ATEPP_dataset\ATEPP-1.2\Ludwig_van_Beethoven\Piano_Sonata_No._29_in_B-Flat_Major,_Op._106__Hammerklavier_\IV._Largo_-_Allegro_risoluto\musicxml_cleaned.musicxml.midi",07677,07691,4.440892098500626e-16,8605
1234,"1234::C:\Users\정세린\Desktop\capstone_classicfy\ATEPP_dataset\ATEPP-1.2\Ludwig_van_Beethoven\Piano_Sonata_No._29_in_B-Flat_Major,_Op._106__Hammerklavier_\IV._Largo_-_Allegro_risoluto\musicxml_cleaned.musicxml.midi",07677,07692,4.440892098500626e-16,8609
1234,"1234::C:\Users\정세린\Desktop\capstone_classicfy\ATEPP_dataset\ATEPP-1.2\Ludwig_van_Beethoven\Piano_Sonata_No._29_in_B-Flat_Major,_Op._106__Hammerklavier_\IV._Largo_-_Allegro_risoluto\musicxml_cleaned.musicxml.midi",07677,07696,4.440892098500626e-16,8609
1234,"1234::C:\Users\정세린\Desktop\capstone_classicfy\ATEPP_dataset\ATEPP-1.2\Ludwig_van_Beethoven\Piano_Sonata_No._29_in_B-Flat_Major,_Op._106__Hammerklavier_\IV._Largo_-_Allegro_risoluto\musicxml_cleaned.musicxml.midi",07677,07698,4.440892098500626e-16,8609
1234,"1234::C:\Users\정세린\Desktop\capstone_classicfy\ATEPP_dataset\ATEPP-1.2\Ludwig_van_Beethoven\Piano_Sonata_No._29_in_B-Flat_Major,_Op._106__Hammerklavier_\IV._Largo_-_Allegro_risoluto\musicxml_cleaned.musicxml.midi",07677,07700,4.440892098500626e-16,8609
1234,"1234::C:\Users\정세린\Desktop\capstone_classicfy\ATEPP_dataset\ATEPP-1.2\Ludwig_van_Beethoven\Piano_Sonata_No._29_in_B-Flat_Major,_Op._106__Hammerklavier_\IV._Largo_-_Allegro_risoluto\musicxml_cleaned.musicxml.midi",07677,07702,4.440892098500626e-16,8608
1234,"1234::C:\Users\정세린\Desktop\capstone_classicfy\ATEPP_dataset\ATEPP-1.2\Ludwig_van_Beethoven\Piano_Sonata_No._29_in_B-Flat_Major,_Op._106__Hammerklavier_\IV._Largo_-_Allegro_risoluto\musicxml_cleaned.musicxml.midi",07677,07703,4.440892098500626e-16,8607
1234,"1234::C:\Users\정세린\Desktop\capstone_classicfy\ATEPP_dataset\ATEPP-1.2\Ludwig_van_Beethoven\Piano_Sonata_No._29_in_B-Flat_Major,_Op._106__Hammerklavier_\IV._Largo_-_Allegro_risoluto\musicxml_cleaned.musicxml.midi",07677,07704,4.440892098500626e-16,8609
1234,"1234::C:\Users\정세린\Desktop\capstone_classicfy\ATEPP_dataset\ATEPP-1.2\Ludwig_van_Beethoven\Piano_Sonata_No._29_in_B-Flat_Major,_Op._106__Hammerklavier_\IV._Largo_-_Allegro_risoluto\musicxml_cleaned.musicxml.midi",07677,07715,4.440892098500626e-16,8601
1234,"1234::C:\Users\정세린\Desktop\capstone_classicfy\ATEPP_dataset\ATEPP-1.2\Ludwig_van_Beethoven\Piano_Sonata_No._29_in_B-Flat_Major,_Op._106__Hammerklavier_\IV._Largo_-_Allegro_risoluto\musicxml_cleaned.musicxml.midi",07677,07717,8.881784197001252e-16,8603
1234,"1234::C:\Users\정세린\Desktop\capstone_classicfy\ATEPP_dataset\ATEPP-1.2\Ludwig_van_Beethoven\Piano_Sonata_No._29_in_B-Flat_Major,_Op._106__Hammerklavier_\IV._Largo_-_Allegro_risoluto\musicxml_cleaned.musicxml.midi",07677,07723,8.881784197001252e-16,8588
1234,"1234::C:\Users\정세린\Desktop\capstone_classicfy\ATEPP_dataset\ATEPP-1.2\Ludwig_van_Beethoven\Piano_Sonata_No._29_in_B-Flat_Major,_Op._106__Hammerklavier_\IV._Largo_-_Allegro_risoluto\musicxml_cleaned.musicxml.midi",07677,07727,4.440892098500626e-16,8609
1234,"1234::C:\Users\정세린\Desktop\capstone_classicfy\ATEPP_dataset\ATEPP-1.2\Ludwig_van_Beethoven\Piano_Sonata_No._29_in_B-Flat_Major,_Op._106__Hammerklavier_\IV._Largo_-_Allegro_risoluto\musicxml_cleaned.musicxml.midi",07677,07729,4.440892098500626e-16,8609
1234,"1234::C:\Users\정세린\Desktop\capstone_classicfy\ATEPP_dataset\ATEPP-1.2\Ludwig_van_Beethoven\Piano_Sonata_No._29_in_B-Flat_Major,_Op._106__Hammerklavier_\IV._Largo_-_Allegro_risoluto\musicxml_cleaned.musicxml.midi",07677,07732,4.440892098500626e-16,8609
1234,"1234::C:\Users\정세린\Desktop\capstone_classicfy\ATEPP_dataset\ATEPP-1.2\Ludwig_van_Beethoven\Piano_Sonata_No._29_in_B-Flat_Major,_Op._106__Hammerklavier_\IV._Largo_-_Allegro_risoluto\musicxml_cleaned.musicxml.midi",07677,07734,8.881784197001252e-16,8609
1234,"1234::C:\Users\정세린\Desktop\capstone_classicfy\ATEPP_dataset\ATEPP-1.2\Ludwig_van_Beethoven\Piano_Sonata_No._29_in_B-Flat_Major,_Op._106__Hammerklavier_\IV._Largo_-_Allegro_risoluto\musicxml_cleaned.musicxml.midi",07677,07736,4.440892098500626e-16,8609
1234,"1234::C:\Users\정세린\Desktop\capstone_classicfy\ATEPP_dataset\ATEPP-1.2\Ludwig_van_Beethoven\Piano_Sonata_No._29_in_B-Flat_Major,_Op._106__Hammerklavier_\IV._Largo_-_Allegro_risoluto\musicxml_cleaned.musicxml.midi",07677,07772,4.440892098500626e-16,8608
1235,"1235::C:\Users\정세린\Desktop\capstone_classicfy\ATEPP_dataset\ATEPP-1.2\Ludwig_van_Beethoven\Piano_Sonata_No._22_in_F_Major,_Op._54\I._In_tempo_d'un_minuetto\musicxml_cleaned.musicxml.midi",07779,07783,4.440892098500626e-16,3887
1235,"1235::C:\Users\정세린\Desktop\capstone_classicfy\ATEPP_dataset\ATEPP-1.2\Ludwig_van_Beethoven\Piano_Sonata_No._22_in_F_Major,_Op._54\I._In_tempo_d'un_minuetto\musicxml_cleaned.musicxml.midi",07779,07784,4.440892098500626e-16,3887
1235,"1235::C:\Users\정세린\Desktop\capstone_classicfy\ATEPP_dataset\ATEPP-1.2\Ludwig_van_Beethoven\Piano_Sonata_No._22_in_F_Major,_Op._54\I._In_tempo_d'un_minuetto\musicxml_cleaned.musicxml.midi",07779,07785,2.220446049250313e-16,3887
1235,"1235::C:\Users\정세린\Desktop\capstone_classicfy\ATEPP_dataset\ATEPP-1.2\Ludwig_van_Beethoven\Piano_Sonata_No._22_in_F_Major,_Op._54\I._In_tempo_d'un_minuetto\musicxml_cleaned.musicxml.midi",07779,07786,8.881784197001252e-16,3887
1235,"1235::C:\Users\정세린\Desktop\capstone_classicfy\ATEPP_dataset\ATEPP-1.2\Ludwig_van_Beethoven\Piano_Sonata_No._22_in_F_Major,_Op._54\I._In_tempo_d'un_minuetto\musicxml_cleaned.musicxml.midi",07779,07787,4.440892098500626e-16,3888
1235,"1235::C:\Users\정세린\Desktop\capstone_classicfy\ATEPP_dataset\ATEPP-1.2\Ludwig_van_Beethoven\Piano_Sonata_No._22_in_F_Major,_Op._54\I._In_tempo_d'un_minuetto\musicxml_cleaned.musicxml.midi",07779,07788,4.440892098500626e-16,3889
1235,"1235::C:\Users\정세린\Desktop\capstone_classicfy\ATEPP_dataset\ATEPP-1.2\Ludwig_van_Beethoven\Piano_Sonata_No._22_in_F_Major,_Op._54\I._In_tempo_d'un_minuetto\musicxml_cleaned.musicxml.midi",07779,07789,4.440892098500626e-16,3885
1235,"1235::C:\Users\정세린\Desktop\capstone_classicfy\ATEPP_dataset\ATEPP-1.2\Ludwig_van_Beethoven\Piano_Sonata_No._22_in_F_Major,_Op._54\I._In_tempo_d'un_minuetto\musicxml_cleaned.musicxml.midi",07779,07790,4.440892098500626e-16,3889
1235,"1235::C:\Users\정세린\Desktop\capstone_classicfy\ATEPP_dataset\ATEPP-1.2\Ludwig_van_Beethoven\Piano_Sonata_No._22_in_F_Major,_Op._54\I._In_tempo_d'un_minuetto\musicxml_cleaned.musicxml.midi",07779,07791,8.881784197001252e-16,3889
1235,"1235::C:\Users\정세린\Desktop\capstone_classicfy\ATEPP_dataset\ATEPP-1.2\Ludwig_van_Beethoven\Piano_Sonata_No._22_in_F_Major,_Op._54\I._In_tempo_d'un_minuetto\musicxml_cleaned.musicxml.midi",07779,07792,8.881784197001252e-16,3889
1235,"1235::C:\Users\정세린\Desktop\capstone_classicfy\ATEPP_dataset\ATEPP-1.2\Ludwig_van_Beethoven\Piano_Sonata_No._22_in_F_Major,_Op._54\I._In_tempo_d'un_minuetto\musicxml_cleaned.musicxml.midi",07779,07793,8.881784197001252e-16,3877
1235,"1235::C:\Users\정세린\Desktop\capstone_classicfy\ATEPP_dataset\ATEPP-1.2\Ludwig_van_Beethoven\Piano_Sonata_No._22_in_F_Major,_Op._54\I._In_tempo_d'un_minuetto\musicxml_cleaned.musicxml.midi",07779,07794,4.440892098500626e-16,3881
1235,"1235::C:\Users\정세린\Desktop\capstone_classicfy\ATEPP_dataset\ATEPP-1.2\Ludwig_van_Beethoven\Piano_Sonata_No._22_in_F_Major,_Op._54\I._In_tempo_d'un_minuetto\musicxml_cleaned.musicxml.midi",07779,07795,4.440892098500626e-16,3885
1235,"1235::C:\Users\정세린\Desktop\capstone_classicfy\ATEPP_dataset\ATEPP-1.2\Ludwig_van_Beethoven\Piano_Sonata_No._22_in_F_Major,_Op._54\I._In_tempo_d'un_minuetto\musicxml_cleaned.musicxml.midi",07779,07796,4.440892098500626e-16,3887
1235,"1235::C:\Users\정세린\Desktop\capstone_classicfy\ATEPP_dataset\ATEPP-1.2\Ludwig_van_Beethoven\Piano_Sonata_No._22_in_F_Major,_Op._54\I._In_tempo_d'un_minuetto\musicxml_cleaned.musicxml.midi",07779,07800,4.440892098500626e-16,3888
1235,"1235::C:\Users\정세린\Desktop\capstone_classicfy\ATEPP_dataset\ATEPP-1.2\Ludwig_van_Beethoven\Piano_Sonata_No._22_in_F_Major,_Op._54\I._In_tempo_d'un_minuetto\musicxml_cleaned.musicxml.midi",07779,07802,8.881784197001252e-16,3889
1235,"1235::C:\Users\정세린\Desktop\capstone_classicfy\ATEPP_dataset\ATEPP-1.2\Ludwig_van_Beethoven\Piano_Sonata_No._22_in_F_Major,_Op._54\I._In_tempo_d'un_minuetto\musicxml_cleaned.musicxml.midi",07779,07803,8.881784197001252e-16,3886
1235,"1235::C:\Users\정세린\Desktop\capstone_classicfy\ATEPP_dataset\ATEPP-1.2\Ludwig_van_Beethoven\Piano_Sonata_No._22_in_F_Major,_Op._54\I._In_tempo_d'un_minuetto\musicxml_cleaned.musicxml.midi",07779,07804,2.220446049250313e-16,3888
1235,"1235::C:\Users\정세린\Desktop\capstone_classicfy\ATEPP_dataset\ATEPP-1.2\Ludwig_van_Beethoven\Piano_Sonata_No._22_in_F_Major,_Op._54\I._In_tempo_d'un_minuetto\musicxml_cleaned.musicxml.midi",07779,07805,4.440892098500626e-16,3885
1235,"1235::C:\Users\정세린\Desktop\capstone_classicfy\ATEPP_dataset\ATEPP-1.2\Ludwig_van_Beethoven\Piano_Sonata_No._22_in_F_Major,_Op._54\I._In_tempo_d'un_minuetto\musicxml_cleaned.musicxml.midi",07779,07807,2.220446049250313e-16,3887
1235,"1235::C:\Users\정세린\Desktop\capstone_classicfy\ATEPP_dataset\ATEPP-1.2\Ludwig_van_Beethoven\Piano_Sonata_No._22_in_F_Major,_Op._54\I._In_tempo_d'un_minuetto\musicxml_cleaned.musicxml.midi",07779,07808,4.440892098500626e-16,3889
1235,"1235::C:\Users\정세린\Desktop\capstone_classicfy\ATEPP_dataset\ATEPP-1.2\Ludwig_van_Beethoven\Piano_Sonata_No._22_in_F_Major,_Op._54\I._In_tempo_d'un_minuetto\musicxml_cleaned.musicxml.midi",07779,07809,2.220446049250313e-16,3888
1238,"1238::C:\Users\정세린\Desktop\capstone_classicfy\ATEPP_dataset\ATEPP-1.2\Ludwig_van_Beethoven\Piano_Sonata_No._28_in_A_Major,_Op._101\II._Lebhaft._Marschmassig\musicxml_cleaned.musicxml.midi",07868,07872,4.440892098500626e-16,4580
1238,"1238::C:\Users\정세린\Desktop\capstone_classicfy\ATEPP_dataset\ATEPP-1.2\Ludwig_van_Beethoven\Piano_Sonata_No._28_in_A_Major,_Op._101\II._Lebhaft._Marschmassig\musicxml_cleaned.musicxml.midi",07868,07873,4.440892098500626e-16,4582
1238,"1238::C:\Users\정세린\Desktop\capstone_classicfy\ATEPP_dataset\ATEPP-1.2\Ludwig_van_Beethoven\Piano_Sonata_No._28_in_A_Major,_Op._101\II._Lebhaft._Marschmassig\musicxml_cleaned.musicxml.midi",07868,07874,4.440892098500626e-16,4582
1238,"1238::C:\Users\정세린\Desktop\capstone_classicfy\ATEPP_dataset\ATEPP-1.2\Ludwig_van_Beethoven\Piano_Sonata_No._28_in_A_Major,_Op._101\II._Lebhaft._Marschmassig\musicxml_cleaned.musicxml.midi",07868,07876,8.881784197001252e-16,4582
1238,"1238::C:\Users\정세린\Desktop\capstone_classicfy\ATEPP_dataset\ATEPP-1.2\Ludwig_van_Beethoven\Piano_Sonata_No._28_in_A_Major,_Op._101\II._Lebhaft._Marschmassig\musicxml_cleaned.musicxml.midi",07868,07878,4.440892098500626e-16,4581
1238,"1238::C:\Users\정세린\Desktop\capstone_classicfy\ATEPP_dataset\ATEPP-1.2\Ludwig_van_Beethoven\Piano_Sonata_No._28_in_A_Major,_Op._101\II._Lebhaft._Marschmassig\musicxml_cleaned.musicxml.midi",07868,07880,4.440892098500626e-16,4582
123,"123::C:\Users\정세린\Desktop\capstone_classicfy\ATEPP_dataset\ATEPP-1.2\Franz_Liszt\12_Etudes_d'exe╠ücution_transcendante,_S.139\No._5_Feux_follets_(Allegretto)\musicxml_cleaned.musicxml.midi",00442,00445,2.220446049250313e-16,1841
123,"123::C:\Users\정세린\Desktop\capstone_classicfy\ATEPP_dataset\ATEPP-1.2\Franz_Liszt\12_Etudes_d'exe╠ücution_transcendante,_S.139\No._5_Feux_follets_(Allegretto)\musicxml_cleaned.musicxml.midi",00442,00446,2.220446049250313e-16,1841
123,"123::C:\Users\정세린\Desktop\capstone_classicfy\ATEPP_dataset\ATEPP-1.2\Franz_Liszt\12_Etudes_d'exe╠ücution_transcendante,_S.139\No._5_Feux_follets_(Allegretto)\musicxml_cleaned.musicxml.midi",00442,00447,2.220446049250313e-16,1841
123,"123::C:\Users\정세린\Desktop\capstone_classicfy\ATEPP_dataset\ATEPP-1.2\Franz_Liszt\12_Etudes_d'exe╠ücution_transcendante,_S.139\No._5_Feux_follets_(Allegretto)\musicxml_cleaned.musicxml.midi",00442,00448,1.1102230246251565e-16,1841
123,"123::C:\Users\정세린\Desktop\capstone_classicfy\ATEPP_dataset\ATEPP-1.2\Franz_Liszt\12_Etudes_d'exe╠ücution_transcendante,_S.139\No._5_Feux_follets_(Allegretto)\musicxml_cleaned.musicxml.midi",00442,00449,1.1102230246251565e-16,1841
123,"123::C:\Users\정세린\Desktop\capstone_classicfy\ATEPP_dataset\ATEPP-1.2\Franz_Liszt\12_Etudes_d'exe╠ücution_transcendante,_S.139\No._5_Feux_follets_(Allegretto)\musicxml_cleaned.musicxml.midi",00442,00450,4.440892098500626e-16,1835
1240,"1240::C:\Users\정세린\Desktop\capstone_classicfy\ATEPP_dataset\ATEPP-1.2\Ludwig_van_Beethoven\Piano_Sonata_No._28_in_A_Major,_Op._101\I._Etwas_lebhaft_und_mit_der_innigsten_Empfindung\musicxml_cleaned.musicxml.midi",07923,07924,2.220446049250313e-16,2604
1240,"1240::C:\Users\정세린\Desktop\capstone_classicfy\ATEPP_dataset\ATEPP-1.2\Ludwig_van_Beethoven\Piano_Sonata_No._28_in_A_Major,_Op._101\I._Etwas_lebhaft_und_mit_der_innigsten_Empfindung\musicxml_cleaned.musicxml.midi",07923,07925,2.220446049250313e-16,2604
1240,"1240::C:\Users\정세린\Desktop\capstone_classicfy\ATEPP_dataset\ATEPP-1.2\Ludwig_van_Beethoven\Piano_Sonata_No._28_in_A_Major,_Op._101\I._Etwas_lebhaft_und_mit_der_innigsten_Empfindung\musicxml_cleaned.musicxml.midi",07923,07926,8.881784197001252e-16,2612
1240,"1240::C:\Users\정세린\Desktop\capstone_classicfy\ATEPP_dataset\ATEPP-1.2\Ludwig_van_Beethoven\Piano_Sonata_No._28_in_A_Major,_Op._101\I._Etwas_lebhaft_und_mit_der_innigsten_Empfindung\musicxml_cleaned.musicxml.midi",07923,07927,8.881784197001252e-16,2608
1240,"1240::C:\Users\정세린\Desktop\capstone_classicfy\ATEPP_dataset\ATEPP-1.2\Ludwig_van_Beethoven\Piano_Sonata_No._28_in_A_Major,_Op._101\I._Etwas_lebhaft_und_mit_der_innigsten_Empfindung\musicxml_cleaned.musicxml.midi",07923,07928,2.220446049250313e-16,2614
1240,"1240::C:\Users\정세린\Desktop\capstone_classicfy\ATEPP_dataset\ATEPP-1.2\Ludwig_van_Beethoven\Piano_Sonata_No._28_in_A_Major,_Op._101\I._Etwas_lebhaft_und_mit_der_innigsten_Empfindung\musicxml_cleaned.musicxml.midi",07923,07929,2.220446049250313e-16,2614
1240,"1240::C:\Users\정세린\Desktop\capstone_classicfy\ATEPP_dataset\ATEPP-1.2\Ludwig_van_Beethoven\Piano_Sonata_No._28_in_A_Major,_Op._101\I._Etwas_lebhaft_und_mit_der_innigsten_Empfindung\musicxml_cleaned.musicxml.midi",07923,07930,2.220446049250313e-16,2614
1240,"1240::C:\Users\정세린\Desktop\capstone_classicfy\ATEPP_dataset\ATEPP-1.2\Ludwig_van_Beethoven\Piano_Sonata_No._28_in_A_Major,_Op._101\I._Etwas_lebhaft_und_mit_der_innigsten_Empfindung\musicxml_cleaned.musicxml.midi",07923,07931,4.440892098500626e-16,2610
1240,"1240::C:\Users\정세린\Desktop\capstone_classicfy\ATEPP_dataset\ATEPP-1.2\Ludwig_van_Beethoven\Piano_Sonata_No._28_in_A_Major,_Op._101\I._Etwas_lebhaft_und_mit_der_innigsten_Empfindung\musicxml_cleaned.musicxml.midi",07923,07932,2.220446049250313e-16,2606
1240,"1240::C:\Users\정세린\Desktop\capstone_classicfy\ATEPP_dataset\ATEPP-1.2\Ludwig_van_Beethoven\Piano_Sonata_No._28_in_A_Major,_Op._101\I._Etwas_lebhaft_und_mit_der_innigsten_Empfindung\musicxml_cleaned.musicxml.midi",07923,07936,4.440892098500626e-16,2608
1240,"1240::C:\Users\정세린\Desktop\capstone_classicfy\ATEPP_dataset\ATEPP-1.2\Ludwig_van_Beethoven\Piano_Sonata_No._28_in_A_Major,_Op._101\I._Etwas_lebhaft_und_mit_der_innigsten_Empfindung\musicxml_cleaned.musicxml.midi",07923,07937,2.220446049250313e-16,2605
1240,"1240::C:\Users\정세린\Desktop\capstone_classicfy\ATEPP_dataset\ATEPP-1.2\Ludwig_van_Beethoven\Piano_Sonata_No._28_in_A_Major,_Op._101\I._Etwas_lebhaft_und_mit_der_innigsten_Empfindung\musicxml_cleaned.musicxml.midi",07923,07938,2.220446049250313e-16,2608
1240,"1240::C:\Users\정세린\Desktop\capstone_classicfy\ATEPP_dataset\ATEPP-1.2\Ludwig_van_Beethoven\Piano_Sonata_No._28_in_A_Major,_Op._101\I._Etwas_lebhaft_und_mit_der_innigsten_Empfindung\musicxml_cleaned.musicxml.midi",07923,07939,2.220446049250313e-16,2610
1240,"1240::C:\Users\정세린\Desktop\capstone_classicfy\ATEPP_dataset\ATEPP-1.2\Ludwig_van_Beethoven\Piano_Sonata_No._28_in_A_Major,_Op._101\I._Etwas_lebhaft_und_mit_der_innigsten_Empfindung\musicxml_cleaned.musicxml.midi",07923,07942,2.220446049250313e-16,2610
1240,"1240::C:\Users\정세린\Desktop\capstone_classicfy\ATEPP_dataset\ATEPP-1.2\Ludwig_van_Beethoven\Piano_Sonata_No._28_in_A_Major,_Op._101\I._Etwas_lebhaft_und_mit_der_innigsten_Empfindung\musicxml_cleaned.musicxml.midi",07923,07943,2.220446049250313e-16,2614
1240,"1240::C:\Users\정세린\Desktop\capstone_classicfy\ATEPP_dataset\ATEPP-1.2\Ludwig_van_Beethoven\Piano_Sonata_No._28_in_A_Major,_Op._101\I._Etwas_lebhaft_und_mit_der_innigsten_Empfindung\musicxml_cleaned.musicxml.midi",07923,07944,2.220446049250313e-16,2610
1240,"1240::C:\Users\정세린\Desktop\capstone_classicfy\ATEPP_dataset\ATEPP-1.2\Ludwig_van_Beethoven\Piano_Sonata_No._28_in_A_Major,_Op._101\I._Etwas_lebhaft_und_mit_der_innigsten_Empfindung\musicxml_cleaned.musicxml.midi",07923,07945,4.440892098500626e-16,2614
1240,"1240::C:\Users\정세린\Desktop\capstone_classicfy\ATEPP_dataset\ATEPP-1.2\Ludwig_van_Beethoven\Piano_Sonata_No._28_in_A_Major,_Op._101\I._Etwas_lebhaft_und_mit_der_innigsten_Empfindung\musicxml_cleaned.musicxml.midi",07923,07946,2.220446049250313e-16,2613
1240,"1240::C:\Users\정세린\Desktop\capstone_classicfy\ATEPP_dataset\ATEPP-1.2\Ludwig_van_Beethoven\Piano_Sonata_No._28_in_A_Major,_Op._101\I._Etwas_lebhaft_und_mit_der_innigsten_Empfindung\musicxml_cleaned.musicxml.midi",07923,07947,2.220446049250313e-16,2614
1240,"1240::C:\Users\정세린\Desktop\capstone_classicfy\ATEPP_dataset\ATEPP-1.2\Ludwig_van_Beethoven\Piano_Sonata_No._28_in_A_Major,_Op._101\I._Etwas_lebhaft_und_mit_der_innigsten_Empfindung\musicxml_cleaned.musicxml.midi",07923,07948,2.220446049250313e-16,2606
1240,"1240::C:\Users\정세린\Desktop\capstone_classicfy\ATEPP_dataset\ATEPP-1.2\Ludwig_van_Beethoven\Piano_Sonata_No._28_in_A_Major,_Op._101\I._Etwas_lebhaft_und_mit_der_innigsten_Empfindung\musicxml_cleaned.musicxml.midi",07923,07949,2.220446049250313e-16,2606
1240,"1240::C:\Users\정세린\Desktop\capstone_classicfy\ATEPP_dataset\ATEPP-1.2\Ludwig_van_Beethoven\Piano_Sonata_No._28_in_A_Major,_Op._101\I._Etwas_lebhaft_und_mit_der_innigsten_Empfindung\musicxml_cleaned.musicxml.midi",07923,07950,2.220446049250313e-16,2604
1240,"1240::C:\Users\정세린\Desktop\capstone_classicfy\ATEPP_dataset\ATEPP-1.2\Ludwig_van_Beethoven\Piano_Sonata_No._28_in_A_Major,_Op._101\I._Etwas_lebhaft_und_mit_der_innigsten_Empfindung\musicxml_cleaned.musicxml.midi",07923,07951,2.220446049250313e-16,2606
1240,"1240::C:\Users\정세린\Desktop\capstone_classicfy\ATEPP_dataset\ATEPP-1.2\Ludwig_van_Beethoven\Piano_Sonata_No._28_in_A_Major,_Op._101\I._Etwas_lebhaft_und_mit_der_innigsten_Empfindung\musicxml_cleaned.musicxml.midi",07923,07952,4.440892098500626e-16,2606
1240,"1240::C:\Users\정세린\Desktop\capstone_classicfy\ATEPP_dataset\ATEPP-1.2\Ludwig_van_Beethoven\Piano_Sonata_No._28_in_A_Major,_Op._101\I._Etwas_lebhaft_und_mit_der_innigsten_Empfindung\musicxml_cleaned.musicxml.midi",07923,07955,4.440892098500626e-16,2604
1240,"1240::C:\Users\정세린\Desktop\capstone_classicfy\ATEPP_dataset\ATEPP-1.2\Ludwig_van_Beethoven\Piano_Sonata_No._28_in_A_Major,_Op._101\I._Etwas_lebhaft_und_mit_der_innigsten_Empfindung\musicxml_cleaned.musicxml.midi",07923,07956,2.220446049250313e-16,2609
1240,"1240::C:\Users\정세린\Desktop\capstone_classicfy\ATEPP_dataset\ATEPP-1.2\Ludwig_van_Beethoven\Piano_Sonata_No._28_in_A_Major,_Op._101\I._Etwas_lebhaft_und_mit_der_innigsten_Empfindung\musicxml_cleaned.musicxml.midi",07923,07958,2.220446049250313e-16,2606
1240,"1240::C:\Users\정세린\Desktop\capstone_classicfy\ATEPP_dataset\ATEPP-1.2\Ludwig_van_Beethoven\Piano_Sonata_No._28_in_A_Major,_Op._101\I._Etwas_lebhaft_und_mit_der_innigsten_Empfindung\musicxml_cleaned.musicxml.midi",07923,07959,2.220446049250313e-16,2608
1240,"1240::C:\Users\정세린\Desktop\capstone_classicfy\ATEPP_dataset\ATEPP-1.2\Ludwig_van_Beethoven\Piano_Sonata_No._28_in_A_Major,_Op._101\I._Etwas_lebhaft_und_mit_der_innigsten_Empfindung\musicxml_cleaned.musicxml.midi",07923,07960,2.220446049250313e-16,2606
1240,"1240::C:\Users\정세린\Desktop\capstone_classicfy\ATEPP_dataset\ATEPP-1.2\Ludwig_van_Beethoven\Piano_Sonata_No._28_in_A_Major,_Op._101\I._Etwas_lebhaft_und_mit_der_innigsten_Empfindung\musicxml_cleaned.musicxml.midi",07923,07961,2.220446049250313e-16,2612
1240,"1240::C:\Users\정세린\Desktop\capstone_classicfy\ATEPP_dataset\ATEPP-1.2\Ludwig_van_Beethoven\Piano_Sonata_No._28_in_A_Major,_Op._101\I._Etwas_lebhaft_und_mit_der_innigsten_Empfindung\musicxml_cleaned.musicxml.midi",07923,07962,2.220446049250313e-16,2610
1240,"1240::C:\Users\정세린\Desktop\capstone_classicfy\ATEPP_dataset\ATEPP-1.2\Ludwig_van_Beethoven\Piano_Sonata_No._28_in_A_Major,_Op._101\I._Etwas_lebhaft_und_mit_der_innigsten_Empfindung\musicxml_cleaned.musicxml.midi",07923,07964,2.220446049250313e-16,2610
1240,"1240::C:\Users\정세린\Desktop\capstone_classicfy\ATEPP_dataset\ATEPP-1.2\Ludwig_van_Beethoven\Piano_Sonata_No._28_in_A_Major,_Op._101\I._Etwas_lebhaft_und_mit_der_innigsten_Empfindung\musicxml_cleaned.musicxml.midi",07923,07965,2.220446049250313e-16,2612
1241,"1241::C:\Users\정세린\Desktop\capstone_classicfy\ATEPP_dataset\ATEPP-1.2\Ludwig_van_Beethoven\Piano_Sonata_No._8_in_C_Minor,_Op._13__Pathe╠ütique_\I._Grave_-_Allegro_di_molto_e_con_brio\musicxml_cleaned.musicxml.midi",07968,07971,2.220446049250313e-16,6004
1241,"1241::C:\Users\정세린\Desktop\capstone_classicfy\ATEPP_dataset\ATEPP-1.2\Ludwig_van_Beethoven\Piano_Sonata_No._8_in_C_Minor,_Op._13__Pathe╠ütique_\I._Grave_-_Allegro_di_molto_e_con_brio\musicxml_cleaned.musicxml.midi",07968,07972,2.220446049250313e-16,5992
1241,"1241::C:\Users\정세린\Desktop\capstone_classicfy\ATEPP_dataset\ATEPP-1.2\Ludwig_van_Beethoven\Piano_Sonata_No._8_in_C_Minor,_Op._13__Pathe╠ütique_\I._Grave_-_Allegro_di_molto_e_con_brio\musicxml_cleaned.musicxml.midi",07968,07973,2.220446049250313e-16,5994
1241,"1241::C:\Users\정세린\Desktop\capstone_classicfy\ATEPP_dataset\ATEPP-1.2\Ludwig_van_Beethoven\Piano_Sonata_No._8_in_C_Minor,_Op._13__Pathe╠ütique_\I._Grave_-_Allegro_di_molto_e_con_brio\musicxml_cleaned.musicxml.midi",07968,07974,8.881784197001252e-16,5987
1241,"1241::C:\Users\정세린\Desktop\capstone_classicfy\ATEPP_dataset\ATEPP-1.2\Ludwig_van_Beethoven\Piano_Sonata_No._8_in_C_Minor,_Op._13__Pathe╠ütique_\I._Grave_-_Allegro_di_molto_e_con_brio\musicxml_cleaned.musicxml.midi",07968,07975,4.440892098500626e-16,5997
1241,"1241::C:\Users\정세린\Desktop\capstone_classicfy\ATEPP_dataset\ATEPP-1.2\Ludwig_van_Beethoven\Piano_Sonata_No._8_in_C_Minor,_Op._13__Pathe╠ütique_\I._Grave_-_Allegro_di_molto_e_con_brio\musicxml_cleaned.musicxml.midi",07968,07976,2.220446049250313e-16,5995
1241,"1241::C:\Users\정세린\Desktop\capstone_classicfy\ATEPP_dataset\ATEPP-1.2\Ludwig_van_Beethoven\Piano_Sonata_No._8_in_C_Minor,_Op._13__Pathe╠ütique_\I._Grave_-_Allegro_di_molto_e_con_brio\musicxml_cleaned.musicxml.midi",07968,07977,8.881784197001252e-16,5993
1241,"1241::C:\Users\정세린\Desktop\capstone_classicfy\ATEPP_dataset\ATEPP-1.2\Ludwig_van_Beethoven\Piano_Sonata_No._8_in_C_Minor,_Op._13__Pathe╠ütique_\I._Grave_-_Allegro_di_molto_e_con_brio\musicxml_cleaned.musicxml.midi",07968,07978,4.440892098500626e-16,5993
1241,"1241::C:\Users\정세린\Desktop\capstone_classicfy\ATEPP_dataset\ATEPP-1.2\Ludwig_van_Beethoven\Piano_Sonata_No._8_in_C_Minor,_Op._13__Pathe╠ütique_\I._Grave_-_Allegro_di_molto_e_con_brio\musicxml_cleaned.musicxml.midi",07968,07979,4.440892098500626e-16,5992
1241,"1241::C:\Users\정세린\Desktop\capstone_classicfy\ATEPP_dataset\ATEPP-1.2\Ludwig_van_Beethoven\Piano_Sonata_No._8_in_C_Minor,_Op._13__Pathe╠ütique_\I._Grave_-_Allegro_di_molto_e_con_brio\musicxml_cleaned.musicxml.midi",07968,07980,2.220446049250313e-16,5995
1241,"1241::C:\Users\정세린\Desktop\capstone_classicfy\ATEPP_dataset\ATEPP-1.2\Ludwig_van_Beethoven\Piano_Sonata_No._8_in_C_Minor,_Op._13__Pathe╠ütique_\I._Grave_-_Allegro_di_molto_e_con_brio\musicxml_cleaned.musicxml.midi",07968,07981,2.220446049250313e-16,5998
1241,"1241::C:\Users\정세린\Desktop\capstone_classicfy\ATEPP_dataset\ATEPP-1.2\Ludwig_van_Beethoven\Piano_Sonata_No._8_in_C_Minor,_Op._13__Pathe╠ütique_\I._Grave_-_Allegro_di_molto_e_con_brio\musicxml_cleaned.musicxml.midi",07968,07982,4.440892098500626e-16,5992
1241,"1241::C:\Users\정세린\Desktop\capstone_classicfy\ATEPP_dataset\ATEPP-1.2\Ludwig_van_Beethoven\Piano_Sonata_No._8_in_C_Minor,_Op._13__Pathe╠ütique_\I._Grave_-_Allegro_di_molto_e_con_brio\musicxml_cleaned.musicxml.midi",07968,07983,4.440892098500626e-16,5990
1241,"1241::C:\Users\정세린\Desktop\capstone_classicfy\ATEPP_dataset\ATEPP-1.2\Ludwig_van_Beethoven\Piano_Sonata_No._8_in_C_Minor,_Op._13__Pathe╠ütique_\I._Grave_-_Allegro_di_molto_e_con_brio\musicxml_cleaned.musicxml.midi",07968,07984,4.440892098500626e-16,5990
1241,"1241::C:\Users\정세린\Desktop\capstone_classicfy\ATEPP_dataset\ATEPP-1.2\Ludwig_van_Beethoven\Piano_Sonata_No._8_in_C_Minor,_Op._13__Pathe╠ütique_\I._Grave_-_Allegro_di_molto_e_con_brio\musicxml_cleaned.musicxml.midi",07968,07985,4.440892098500626e-16,5985
1241,"1241::C:\Users\정세린\Desktop\capstone_classicfy\ATEPP_dataset\ATEPP-1.2\Ludwig_van_Beethoven\Piano_Sonata_No._8_in_C_Minor,_Op._13__Pathe╠ütique_\I._Grave_-_Allegro_di_molto_e_con_brio\musicxml_cleaned.musicxml.midi",07968,07988,2.220446049250313e-16,5990
1241,"1241::C:\Users\정세린\Desktop\capstone_classicfy\ATEPP_dataset\ATEPP-1.2\Ludwig_van_Beethoven\Piano_Sonata_No._8_in_C_Minor,_Op._13__Pathe╠ütique_\I._Grave_-_Allegro_di_molto_e_con_brio\musicxml_cleaned.musicxml.midi",07968,07989,4.440892098500626e-16,5996
1241,"1241::C:\Users\정세린\Desktop\capstone_classicfy\ATEPP_dataset\ATEPP-1.2\Ludwig_van_Beethoven\Piano_Sonata_No._8_in_C_Minor,_Op._13__Pathe╠ütique_\I._Grave_-_Allegro_di_molto_e_con_brio\musicxml_cleaned.musicxml.midi",07968,07992,4.440892098500626e-16,5994
1241,"1241::C:\Users\정세린\Desktop\capstone_classicfy\ATEPP_dataset\ATEPP-1.2\Ludwig_van_Beethoven\Piano_Sonata_No._8_in_C_Minor,_Op._13__Pathe╠ütique_\I._Grave_-_Allegro_di_molto_e_con_brio\musicxml_cleaned.musicxml.midi",07968,07993,4.440892098500626e-16,5994
1241,"1241::C:\Users\정세린\Desktop\capstone_classicfy\ATEPP_dataset\ATEPP-1.2\Ludwig_van_Beethoven\Piano_Sonata_No._8_in_C_Minor,_Op._13__Pathe╠ütique_\I._Grave_-_Allegro_di_molto_e_con_brio\musicxml_cleaned.musicxml.midi",07968,07994,4.440892098500626e-16,5994
1241,"1241::C:\Users\정세린\Desktop\capstone_classicfy\ATEPP_dataset\ATEPP-1.2\Ludwig_van_Beethoven\Piano_Sonata_No._8_in_C_Minor,_Op._13__Pathe╠ütique_\I._Grave_-_Allegro_di_molto_e_con_brio\musicxml_cleaned.musicxml.midi",07968,07995,4.440892098500626e-16,5989
1241,"1241::C:\Users\정세린\Desktop\capstone_classicfy\ATEPP_dataset\ATEPP-1.2\Ludwig_van_Beethoven\Piano_Sonata_No._8_in_C_Minor,_Op._13__Pathe╠ütique_\I._Grave_-_Allegro_di_molto_e_con_brio\musicxml_cleaned.musicxml.midi",07968,07997,4.440892098500626e-16,5993
1241,"1241::C:\Users\정세린\Desktop\capstone_classicfy\ATEPP_dataset\ATEPP-1.2\Ludwig_van_Beethoven\Piano_Sonata_No._8_in_C_Minor,_Op._13__Pathe╠ütique_\I._Grave_-_Allegro_di_molto_e_con_brio\musicxml_cleaned.musicxml.midi",07968,07998,8.881784197001252e-16,5990
1241,"1241::C:\Users\정세린\Desktop\capstone_classicfy\ATEPP_dataset\ATEPP-1.2\Ludwig_van_Beethoven\Piano_Sonata_No._8_in_C_Minor,_Op._13__Pathe╠ütique_\I._Grave_-_Allegro_di_molto_e_con_brio\musicxml_cleaned.musicxml.midi",07968,08002,2.220446049250313e-16,5990
1241,"1241::C:\Users\정세린\Desktop\capstone_classicfy\ATEPP_dataset\ATEPP-1.2\Ludwig_van_Beethoven\Piano_Sonata_No._8_in_C_Minor,_Op._13__Pathe╠ütique_\I._Grave_-_Allegro_di_molto_e_con_brio\musicxml_cleaned.musicxml.midi",07968,08003,4.440892098500626e-16,5990
1241,"1241::C:\Users\정세린\Desktop\capstone_classicfy\ATEPP_dataset\ATEPP-1.2\Ludwig_van_Beethoven\Piano_Sonata_No._8_in_C_Minor,_Op._13__Pathe╠ütique_\I._Grave_-_Allegro_di_molto_e_con_brio\musicxml_cleaned.musicxml.midi",07968,08004,4.440892098500626e-16,5992
1241,"1241::C:\Users\정세린\Desktop\capstone_classicfy\ATEPP_dataset\ATEPP-1.2\Ludwig_van_Beethoven\Piano_Sonata_No._8_in_C_Minor,_Op._13__Pathe╠ütique_\I._Grave_-_Allegro_di_molto_e_con_brio\musicxml_cleaned.musicxml.midi",07968,08005,4.440892098500626e-16,5983
1241,"1241::C:\Users\정세린\Desktop\capstone_classicfy\ATEPP_dataset\ATEPP-1.2\Ludwig_van_Beethoven\Piano_Sonata_No._8_in_C_Minor,_Op._13__Pathe╠ütique_\I._Grave_-_Allegro_di_molto_e_con_brio\musicxml_cleaned.musicxml.midi",07968,08006,4.440892098500626e-16,5987
1241,"1241::C:\Users\정세린\Desktop\capstone_classicfy\ATEPP_dataset\ATEPP-1.2\Ludwig_van_Beethoven\Piano_Sonata_No._8_in_C_Minor,_Op._13__Pathe╠ütique_\I._Grave_-_Allegro_di_molto_e_con_brio\musicxml_cleaned.musicxml.midi",07968,08007,4.440892098500626e-16,5991
1241,"1241::C:\Users\정세린\Desktop\capstone_classicfy\ATEPP_dataset\ATEPP-1.2\Ludwig_van_Beethoven\Piano_Sonata_No._8_in_C_Minor,_Op._13__Pathe╠ütique_\I._Grave_-_Allegro_di_molto_e_con_brio\musicxml_cleaned.musicxml.midi",07968,08008,2.220446049250313e-16,5990
1241,"1241::C:\Users\정세린\Desktop\capstone_classicfy\ATEPP_dataset\ATEPP-1.2\Ludwig_van_Beethoven\Piano_Sonata_No._8_in_C_Minor,_Op._13__Pathe╠ütique_\I._Grave_-_Allegro_di_molto_e_con_brio\musicxml_cleaned.musicxml.midi",07968,08009,4.440892098500626e-16,5990
1241,"1241::C:\Users\정세린\Desktop\capstone_classicfy\ATEPP_dataset\ATEPP-1.2\Ludwig_van_Beethoven\Piano_Sonata_No._8_in_C_Minor,_Op._13__Pathe╠ütique_\I._Grave_-_Allegro_di_molto_e_con_brio\musicxml_cleaned.musicxml.midi",07968,08013,4.440892098500626e-16,5988
1241,"1241::C:\Users\정세린\Desktop\capstone_classicfy\ATEPP_dataset\ATEPP-1.2\Ludwig_van_Beethoven\Piano_Sonata_No._8_in_C_Minor,_Op._13__Pathe╠ütique_\I._Grave_-_Allegro_di_molto_e_con_brio\musicxml_cleaned.musicxml.midi",07968,08014,4.440892098500626e-16,5992
1241,"1241::C:\Users\정세린\Desktop\capstone_classicfy\ATEPP_dataset\ATEPP-1.2\Ludwig_van_Beethoven\Piano_Sonata_No._8_in_C_Minor,_Op._13__Pathe╠ütique_\I._Grave_-_Allegro_di_molto_e_con_brio\musicxml_cleaned.musicxml.midi",07968,08016,4.440892098500626e-16,5997
1241,"1241::C:\Users\정세린\Desktop\capstone_classicfy\ATEPP_dataset\ATEPP-1.2\Ludwig_van_Beethoven\Piano_Sonata_No._8_in_C_Minor,_Op._13__Pathe╠ütique_\I._Grave_-_Allegro_di_molto_e_con_brio\musicxml_cleaned.musicxml.midi",07968,08017,4.440892098500626e-16,5990
1241,"1241::C:\Users\정세린\Desktop\capstone_classicfy\ATEPP_dataset\ATEPP-1.2\Ludwig_van_Beethoven\Piano_Sonata_No._8_in_C_Minor,_Op._13__Pathe╠ütique_\I._Grave_-_Allegro_di_molto_e_con_brio\musicxml_cleaned.musicxml.midi",07968,08018,4.440892098500626e-16,5990
1241,"1241::C:\Users\정세린\Desktop\capstone_classicfy\ATEPP_dataset\ATEPP-1.2\Ludwig_van_Beethoven\Piano_Sonata_No._8_in_C_Minor,_Op._13__Pathe╠ütique_\I._Grave_-_Allegro_di_molto_e_con_brio\musicxml_cleaned.musicxml.midi",07968,08019,8.881784197001252e-16,5990
1241,"1241::C:\Users\정세린\Desktop\capstone_classicfy\ATEPP_dataset\ATEPP-1.2\Ludwig_van_Beethoven\Piano_Sonata_No._8_in_C_Minor,_Op._13__Pathe╠ütique_\I._Grave_-_Allegro_di_molto_e_con_brio\musicxml_cleaned.musicxml.midi",07968,08029,4.440892098500626e-16,5984
1241,"1241::C:\Users\정세린\Desktop\capstone_classicfy\ATEPP_dataset\ATEPP-1.2\Ludwig_van_Beethoven\Piano_Sonata_No._8_in_C_Minor,_Op._13__Pathe╠ütique_\I._Grave_-_Allegro_di_molto_e_con_brio\musicxml_cleaned.musicxml.midi",07968,08030,2.220446049250313e-16,5982
1241,"1241::C:\Users\정세린\Desktop\capstone_classicfy\ATEPP_dataset\ATEPP-1.2\Ludwig_van_Beethoven\Piano_Sonata_No._8_in_C_Minor,_Op._13__Pathe╠ütique_\I._Grave_-_Allegro_di_molto_e_con_brio\musicxml_cleaned.musicxml.midi",07968,08033,4.440892098500626e-16,5990
1241,"1241::C:\Users\정세린\Desktop\capstone_classicfy\ATEPP_dataset\ATEPP-1.2\Ludwig_van_Beethoven\Piano_Sonata_No._8_in_C_Minor,_Op._13__Pathe╠ütique_\I._Grave_-_Allegro_di_molto_e_con_brio\musicxml_cleaned.musicxml.midi",07968,08034,4.440892098500626e-16,5997
1242,"1242::C:\Users\정세린\Desktop\capstone_classicfy\ATEPP_dataset\ATEPP-1.2\Ludwig_van_Beethoven\Piano_Sonata_No._8_in_C_Minor,_Op._13__Pathe╠ütique_\II._Adagio_cantabile\musicxml_cleaned.musicxml.midi",08037,08040,4.440892098500626e-16,3883
1242,"1242::C:\Users\정세린\Desktop\capstone_classicfy\ATEPP_dataset\ATEPP-1.2\Ludwig_van_Beethoven\Piano_Sonata_No._8_in_C_Minor,_Op._13__Pathe╠ütique_\II._Adagio_cantabile\musicxml_cleaned.musicxml.midi",08037,08041,4.440892098500626e-16,3883
1242,"1242::C:\Users\정세린\Desktop\capstone_classicfy\ATEPP_dataset\ATEPP-1.2\Ludwig_van_Beethoven\Piano_Sonata_No._8_in_C_Minor,_Op._13__Pathe╠ütique_\II._Adagio_cantabile\musicxml_cleaned.musicxml.midi",08037,08042,4.440892098500626e-16,3883
1242,"1242::C:\Users\정세린\Desktop\capstone_classicfy\ATEPP_dataset\ATEPP-1.2\Ludwig_van_Beethoven\Piano_Sonata_No._8_in_C_Minor,_Op._13__Pathe╠ütique_\II._Adagio_cantabile\musicxml_cleaned.musicxml.midi",08037,08043,4.440892098500626e-16,3883
1242,"1242::C:\Users\정세린\Desktop\capstone_classicfy\ATEPP_dataset\ATEPP-1.2\Ludwig_van_Beethoven\Piano_Sonata_No._8_in_C_Minor,_Op._13__Pathe╠ütique_\II._Adagio_cantabile\musicxml_cleaned.musicxml.midi",08037,08044,4.440892098500626e-16,3883
1242,"1242::C:\Users\정세린\Desktop\capstone_classicfy\ATEPP_dataset\ATEPP-1.2\Ludwig_van_Beethoven\Piano_Sonata_No._8_in_C_Minor,_Op._13__Pathe╠ütique_\II._Adagio_cantabile\musicxml_cleaned.musicxml.midi",08037,08045,4.440892098500626e-16,3883
1242,"1242::C:\Users\정세린\Desktop\capstone_classicfy\ATEPP_dataset\ATEPP-1.2\Ludwig_van_Beethoven\Piano_Sonata_No._8_in_C_Minor,_Op._13__Pathe╠ütique_\II._Adagio_cantabile\musicxml_cleaned.musicxml.midi",08037,08046,4.440892098500626e-16,3881
1242,"1242::C:\Users\정세린\Desktop\capstone_classicfy\ATEPP_dataset\ATEPP-1.2\Ludwig_van_Beethoven\Piano_Sonata_No._8_in_C_Minor,_Op._13__Pathe╠ütique_\II._Adagio_cantabile\musicxml_cleaned.musicxml.midi",08037,08047,2.220446049250313e-16,3883
1242,"1242::C:\Users\정세린\Desktop\capstone_classicfy\ATEPP_dataset\ATEPP-1.2\Ludwig_van_Beethoven\Piano_Sonata_No._8_in_C_Minor,_Op._13__Pathe╠ütique_\II._Adagio_cantabile\musicxml_cleaned.musicxml.midi",08037,08048,4.440892098500626e-16,3883
1242,"1242::C:\Users\정세린\Desktop\capstone_classicfy\ATEPP_dataset\ATEPP-1.2\Ludwig_van_Beethoven\Piano_Sonata_No._8_in_C_Minor,_Op._13__Pathe╠ütique_\II._Adagio_cantabile\musicxml_cleaned.musicxml.midi",08037,08049,4.440892098500626e-16,3883
1242,"1242::C:\Users\정세린\Desktop\capstone_classicfy\ATEPP_dataset\ATEPP-1.2\Ludwig_van_Beethoven\Piano_Sonata_No._8_in_C_Minor,_Op._13__Pathe╠ütique_\II._Adagio_cantabile\musicxml_cleaned.musicxml.midi",08037,08050,4.440892098500626e-16,3883
1242,"1242::C:\Users\정세린\Desktop\capstone_classicfy\ATEPP_dataset\ATEPP-1.2\Ludwig_van_Beethoven\Piano_Sonata_No._8_in_C_Minor,_Op._13__Pathe╠ütique_\II._Adagio_cantabile\musicxml_cleaned.musicxml.midi",08037,08051,4.440892098500626e-16,3883
1242,"1242::C:\Users\정세린\Desktop\capstone_classicfy\ATEPP_dataset\ATEPP-1.2\Ludwig_van_Beethoven\Piano_Sonata_No._8_in_C_Minor,_Op._13__Pathe╠ütique_\II._Adagio_cantabile\musicxml_cleaned.musicxml.midi",08037,08052,8.881784197001252e-16,3876
1242,"1242::C:\Users\정세린\Desktop\capstone_classicfy\ATEPP_dataset\ATEPP-1.2\Ludwig_van_Beethoven\Piano_Sonata_No._8_in_C_Minor,_Op._13__Pathe╠ütique_\II._Adagio_cantabile\musicxml_cleaned.musicxml.midi",08037,08055,4.440892098500626e-16,3883
1242,"1242::C:\Users\정세린\Desktop\capstone_classicfy\ATEPP_dataset\ATEPP-1.2\Ludwig_van_Beethoven\Piano_Sonata_No._8_in_C_Minor,_Op._13__Pathe╠ütique_\II._Adagio_cantabile\musicxml_cleaned.musicxml.midi",08037,08056,4.440892098500626e-16,3883
1242,"1242::C:\Users\정세린\Desktop\capstone_classicfy\ATEPP_dataset\ATEPP-1.2\Ludwig_van_Beethoven\Piano_Sonata_No._8_in_C_Minor,_Op._13__Pathe╠ütique_\II._Adagio_cantabile\musicxml_cleaned.musicxml.midi",08037,08057,4.440892098500626e-16,3883
1242,"1242::C:\Users\정세린\Desktop\capstone_classicfy\ATEPP_dataset\ATEPP-1.2\Ludwig_van_Beethoven\Piano_Sonata_No._8_in_C_Minor,_Op._13__Pathe╠ütique_\II._Adagio_cantabile\musicxml_cleaned.musicxml.midi",08037,08058,4.440892098500626e-16,3881
1242,"1242::C:\Users\정세린\Desktop\capstone_classicfy\ATEPP_dataset\ATEPP-1.2\Ludwig_van_Beethoven\Piano_Sonata_No._8_in_C_Minor,_Op._13__Pathe╠ütique_\II._Adagio_cantabile\musicxml_cleaned.musicxml.midi",08037,08060,4.440892098500626e-16,3881
1242,"1242::C:\Users\정세린\Desktop\capstone_classicfy\ATEPP_dataset\ATEPP-1.2\Ludwig_van_Beethoven\Piano_Sonata_No._8_in_C_Minor,_Op._13__Pathe╠ütique_\II._Adagio_cantabile\musicxml_cleaned.musicxml.midi",08037,08061,4.440892098500626e-16,3881
1242,"1242::C:\Users\정세린\Desktop\capstone_classicfy\ATEPP_dataset\ATEPP-1.2\Ludwig_van_Beethoven\Piano_Sonata_No._8_in_C_Minor,_Op._13__Pathe╠ütique_\II._Adagio_cantabile\musicxml_cleaned.musicxml.midi",08037,08062,4.440892098500626e-16,3883
1242,"1242::C:\Users\정세린\Desktop\capstone_classicfy\ATEPP_dataset\ATEPP-1.2\Ludwig_van_Beethoven\Piano_Sonata_No._8_in_C_Minor,_Op._13__Pathe╠ütique_\II._Adagio_cantabile\musicxml_cleaned.musicxml.midi",08037,08063,4.440892098500626e-16,3881
1242,"1242::C:\Users\정세린\Desktop\capstone_classicfy\ATEPP_dataset\ATEPP-1.2\Ludwig_van_Beethoven\Piano_Sonata_No._8_in_C_Minor,_Op._13__Pathe╠ütique_\II._Adagio_cantabile\musicxml_cleaned.musicxml.midi",08037,08065,4.440892098500626e-16,3880
1242,"1242::C:\Users\정세린\Desktop\capstone_classicfy\ATEPP_dataset\ATEPP-1.2\Ludwig_van_Beethoven\Piano_Sonata_No._8_in_C_Minor,_Op._13__Pathe╠ütique_\II._Adagio_cantabile\musicxml_cleaned.musicxml.midi",08037,08066,4.440892098500626e-16,3883
1242,"1242::C:\Users\정세린\Desktop\capstone_classicfy\ATEPP_dataset\ATEPP-1.2\Ludwig_van_Beethoven\Piano_Sonata_No._8_in_C_Minor,_Op._13__Pathe╠ütique_\II._Adagio_cantabile\musicxml_cleaned.musicxml.midi",08037,08067,8.881784197001252e-16,3881
1242,"1242::C:\Users\정세린\Desktop\capstone_classicfy\ATEPP_dataset\ATEPP-1.2\Ludwig_van_Beethoven\Piano_Sonata_No._8_in_C_Minor,_Op._13__Pathe╠ütique_\II._Adagio_cantabile\musicxml_cleaned.musicxml.midi",08037,08068,8.881784197001252e-16,3831
1242,"1242::C:\Users\정세린\Desktop\capstone_classicfy\ATEPP_dataset\ATEPP-1.2\Ludwig_van_Beethoven\Piano_Sonata_No._8_in_C_Minor,_Op._13__Pathe╠ütique_\II._Adagio_cantabile\musicxml_cleaned.musicxml.midi",08037,08069,4.440892098500626e-16,3883
1242,"1242::C:\Users\정세린\Desktop\capstone_classicfy\ATEPP_dataset\ATEPP-1.2\Ludwig_van_Beethoven\Piano_Sonata_No._8_in_C_Minor,_Op._13__Pathe╠ütique_\II._Adagio_cantabile\musicxml_cleaned.musicxml.midi",08037,08070,2.220446049250313e-16,3875
1242,"1242::C:\Users\정세린\Desktop\capstone_classicfy\ATEPP_dataset\ATEPP-1.2\Ludwig_van_Beethoven\Piano_Sonata_No._8_in_C_Minor,_Op._13__Pathe╠ütique_\II._Adagio_cantabile\musicxml_cleaned.musicxml.midi",08037,08071,4.440892098500626e-16,3881
1242,"1242::C:\Users\정세린\Desktop\capstone_classicfy\ATEPP_dataset\ATEPP-1.2\Ludwig_van_Beethoven\Piano_Sonata_No._8_in_C_Minor,_Op._13__Pathe╠ütique_\II._Adagio_cantabile\musicxml_cleaned.musicxml.midi",08037,08073,2.220446049250313e-16,3881
1242,"1242::C:\Users\정세린\Desktop\capstone_classicfy\ATEPP_dataset\ATEPP-1.2\Ludwig_van_Beethoven\Piano_Sonata_No._8_in_C_Minor,_Op._13__Pathe╠ütique_\II._Adagio_cantabile\musicxml_cleaned.musicxml.midi",08037,08076,4.440892098500626e-16,3881
1242,"1242::C:\Users\정세린\Desktop\capstone_classicfy\ATEPP_dataset\ATEPP-1.2\Ludwig_van_Beethoven\Piano_Sonata_No._8_in_C_Minor,_Op._13__Pathe╠ütique_\II._Adagio_cantabile\musicxml_cleaned.musicxml.midi",08037,08077,4.440892098500626e-16,3881
1242,"1242::C:\Users\정세린\Desktop\capstone_classicfy\ATEPP_dataset\ATEPP-1.2\Ludwig_van_Beethoven\Piano_Sonata_No._8_in_C_Minor,_Op._13__Pathe╠ütique_\II._Adagio_cantabile\musicxml_cleaned.musicxml.midi",08037,08079,4.440892098500626e-16,3874
1242,"1242::C:\Users\정세린\Desktop\capstone_classicfy\ATEPP_dataset\ATEPP-1.2\Ludwig_van_Beethoven\Piano_Sonata_No._8_in_C_Minor,_Op._13__Pathe╠ütique_\II._Adagio_cantabile\musicxml_cleaned.musicxml.midi",08037,08080,8.881784197001252e-16,3878
1242,"1242::C:\Users\정세린\Desktop\capstone_classicfy\ATEPP_dataset\ATEPP-1.2\Ludwig_van_Beethoven\Piano_Sonata_No._8_in_C_Minor,_Op._13__Pathe╠ütique_\II._Adagio_cantabile\musicxml_cleaned.musicxml.midi",08037,08081,4.440892098500626e-16,3882
1242,"1242::C:\Users\정세린\Desktop\capstone_classicfy\ATEPP_dataset\ATEPP-1.2\Ludwig_van_Beethoven\Piano_Sonata_No._8_in_C_Minor,_Op._13__Pathe╠ütique_\II._Adagio_cantabile\musicxml_cleaned.musicxml.midi",08037,08082,8.881784197001252e-16,3863
1242,"1242::C:\Users\정세린\Desktop\capstone_classicfy\ATEPP_dataset\ATEPP-1.2\Ludwig_van_Beethoven\Piano_Sonata_No._8_in_C_Minor,_Op._13__Pathe╠ütique_\II._Adagio_cantabile\musicxml_cleaned.musicxml.midi",08037,08085,4.440892098500626e-16,3881
1242,"1242::C:\Users\정세린\Desktop\capstone_classicfy\ATEPP_dataset\ATEPP-1.2\Ludwig_van_Beethoven\Piano_Sonata_No._8_in_C_Minor,_Op._13__Pathe╠ütique_\II._Adagio_cantabile\musicxml_cleaned.musicxml.midi",08037,08086,4.440892098500626e-16,3881
1242,"1242::C:\Users\정세린\Desktop\capstone_classicfy\ATEPP_dataset\ATEPP-1.2\Ludwig_van_Beethoven\Piano_Sonata_No._8_in_C_Minor,_Op._13__Pathe╠ütique_\II._Adagio_cantabile\musicxml_cleaned.musicxml.midi",08037,08087,4.440892098500626e-16,3875
1242,"1242::C:\Users\정세린\Desktop\capstone_classicfy\ATEPP_dataset\ATEPP-1.2\Ludwig_van_Beethoven\Piano_Sonata_No._8_in_C_Minor,_Op._13__Pathe╠ütique_\II._Adagio_cantabile\musicxml_cleaned.musicxml.midi",08037,08088,2.220446049250313e-16,3881
1242,"1242::C:\Users\정세린\Desktop\capstone_classicfy\ATEPP_dataset\ATEPP-1.2\Ludwig_van_Beethoven\Piano_Sonata_No._8_in_C_Minor,_Op._13__Pathe╠ütique_\II._Adagio_cantabile\musicxml_cleaned.musicxml.midi",08037,08094,2.220446049250313e-16,3875
1242,"1242::C:\Users\정세린\Desktop\capstone_classicfy\ATEPP_dataset\ATEPP-1.2\Ludwig_van_Beethoven\Piano_Sonata_No._8_in_C_Minor,_Op._13__Pathe╠ütique_\II._Adagio_cantabile\musicxml_cleaned.musicxml.midi",08037,08095,2.220446049250313e-16,3883
1244,1244::C:\Users\정세린\Desktop\capstone_classicfy\ATEPP_dataset\ATEPP-1.2\Ludwig_van_Beethoven\Sonata_No._12_In_A_Flat_Op._26\3._Marcia_funebre_sulla_morte_d'un_Eroe_-_Live\Sonate_No._12_Funeral_March_3rd_Movement.mxl.midi,08159,08160,1.7763568394002505e-15,4455
1244,1244::C:\Users\정세린\Desktop\capstone_classicfy\ATEPP_dataset\ATEPP-1.2\Ludwig_van_Beethoven\Sonata_No._12_In_A_Flat_Op._26\3._Marcia_funebre_sulla_morte_d'un_Eroe_-_Live\Sonate_No._12_Funeral_March_3rd_Movement.mxl.midi,08159,08161,6.661338147750939e-16,4453
1244,1244::C:\Users\정세린\Desktop\capstone_classicfy\ATEPP_dataset\ATEPP-1.2\Ludwig_van_Beethoven\Sonata_No._12_In_A_Flat_Op._26\3._Marcia_funebre_sulla_morte_d'un_Eroe_-_Live\Sonate_No._12_Funeral_March_3rd_Movement.mxl.midi,08159,08164,8.881784197001252e-16,4454
1244,1244::C:\Users\정세린\Desktop\capstone_classicfy\ATEPP_dataset\ATEPP-1.2\Ludwig_van_Beethoven\Sonata_No._12_In_A_Flat_Op._26\3._Marcia_funebre_sulla_morte_d'un_Eroe_-_Live\Sonate_No._12_Funeral_March_3rd_Movement.mxl.midi,08159,08165,4.440892098500626e-16,4467
1244,1244::C:\Users\정세린\Desktop\capstone_classicfy\ATEPP_dataset\ATEPP-1.2\Ludwig_van_Beethoven\Sonata_No._12_In_A_Flat_Op._26\3._Marcia_funebre_sulla_morte_d'un_Eroe_-_Live\Sonate_No._12_Funeral_March_3rd_Movement.mxl.midi,08159,08166,4.440892098500626e-16,4464
1244,1244::C:\Users\정세린\Desktop\capstone_classicfy\ATEPP_dataset\ATEPP-1.2\Ludwig_van_Beethoven\Sonata_No._12_In_A_Flat_Op._26\3._Marcia_funebre_sulla_morte_d'un_Eroe_-_Live\Sonate_No._12_Funeral_March_3rd_Movement.mxl.midi,08159,08168,4.440892098500626e-16,4463
1244,1244::C:\Users\정세린\Desktop\capstone_classicfy\ATEPP_dataset\ATEPP-1.2\Ludwig_van_Beethoven\Sonata_No._12_In_A_Flat_Op._26\3._Marcia_funebre_sulla_morte_d'un_Eroe_-_Live\Sonate_No._12_Funeral_March_3rd_Movement.mxl.midi,08159,08169,4.440892098500626e-16,4465
1244,1244::C:\Users\정세린\Desktop\capstone_classicfy\ATEPP_dataset\ATEPP-1.2\Ludwig_van_Beethoven\Sonata_No._12_In_A_Flat_Op._26\3._Marcia_funebre_sulla_morte_d'un_Eroe_-_Live\Sonate_No._12_Funeral_March_3rd_Movement.mxl.midi,08159,08170,8.881784197001252e-16,4468
1244,1244::C:\Users\정세린\Desktop\capstone_classicfy\ATEPP_dataset\ATEPP-1.2\Ludwig_van_Beethoven\Sonata_No._12_In_A_Flat_Op._26\3._Marcia_funebre_sulla_morte_d'un_Eroe_-_Live\Sonate_No._12_Funeral_March_3rd_Movement.mxl.midi,08159,08171,8.881784197001252e-16,4465
1244,1244::C:\Users\정세린\Desktop\capstone_classicfy\ATEPP_dataset\ATEPP-1.2\Ludwig_van_Beethoven\Sonata_No._12_In_A_Flat_Op._26\3._Marcia_funebre_sulla_morte_d'un_Eroe_-_Live\Sonate_No._12_Funeral_March_3rd_Movement.mxl.midi,08159,08172,4.440892098500626e-16,4467
1244,1244::C:\Users\정세린\Desktop\capstone_classicfy\ATEPP_dataset\ATEPP-1.2\Ludwig_van_Beethoven\Sonata_No._12_In_A_Flat_Op._26\3._Marcia_funebre_sulla_morte_d'un_Eroe_-_Live\Sonate_No._12_Funeral_March_3rd_Movement.mxl.midi,08159,08173,4.440892098500626e-16,4459
1244,1244::C:\Users\정세린\Desktop\capstone_classicfy\ATEPP_dataset\ATEPP-1.2\Ludwig_van_Beethoven\Sonata_No._12_In_A_Flat_Op._26\3._Marcia_funebre_sulla_morte_d'un_Eroe_-_Live\Sonate_No._12_Funeral_March_3rd_Movement.mxl.midi,08159,08174,1.7763568394002505e-15,4467
1244,1244::C:\Users\정세린\Desktop\capstone_classicfy\ATEPP_dataset\ATEPP-1.2\Ludwig_van_Beethoven\Sonata_No._12_In_A_Flat_Op._26\3._Marcia_funebre_sulla_morte_d'un_Eroe_-_Live\Sonate_No._12_Funeral_March_3rd_Movement.mxl.midi,08159,08175,4.440892098500626e-16,4464
1244,1244::C:\Users\정세린\Desktop\capstone_classicfy\ATEPP_dataset\ATEPP-1.2\Ludwig_van_Beethoven\Sonata_No._12_In_A_Flat_Op._26\3._Marcia_funebre_sulla_morte_d'un_Eroe_-_Live\Sonate_No._12_Funeral_March_3rd_Movement.mxl.midi,08159,08176,4.440892098500626e-16,4462
1244,1244::C:\Users\정세린\Desktop\capstone_classicfy\ATEPP_dataset\ATEPP-1.2\Ludwig_van_Beethoven\Sonata_No._12_In_A_Flat_Op._26\3._Marcia_funebre_sulla_morte_d'un_Eroe_-_Live\Sonate_No._12_Funeral_March_3rd_Movement.mxl.midi,08159,08177,8.881784197001252e-16,4464
1244,1244::C:\Users\정세린\Desktop\capstone_classicfy\ATEPP_dataset\ATEPP-1.2\Ludwig_van_Beethoven\Sonata_No._12_In_A_Flat_Op._26\3._Marcia_funebre_sulla_morte_d'un_Eroe_-_Live\Sonate_No._12_Funeral_March_3rd_Movement.mxl.midi,08159,08178,4.440892098500626e-16,4454
1244,1244::C:\Users\정세린\Desktop\capstone_classicfy\ATEPP_dataset\ATEPP-1.2\Ludwig_van_Beethoven\Sonata_No._12_In_A_Flat_Op._26\3._Marcia_funebre_sulla_morte_d'un_Eroe_-_Live\Sonate_No._12_Funeral_March_3rd_Movement.mxl.midi,08159,08181,1.7763568394002505e-15,4469
1244,1244::C:\Users\정세린\Desktop\capstone_classicfy\ATEPP_dataset\ATEPP-1.2\Ludwig_van_Beethoven\Sonata_No._12_In_A_Flat_Op._26\3._Marcia_funebre_sulla_morte_d'un_Eroe_-_Live\Sonate_No._12_Funeral_March_3rd_Movement.mxl.midi,08159,08182,8.881784197001252e-16,4471
1245,1245::C:\Users\정세린\Desktop\capstone_classicfy\ATEPP_dataset\ATEPP-1.2\Ludwig_van_Beethoven\Sonata_No._12_In_A_Flat_Op._26\2._Scherzo._Allegro_molto_-_Live\Sonate_No._12_Funeral_March_2nd_Movement.mxl.midi,08186,08187,8.881784197001252e-16,3475
1245,1245::C:\Users\정세린\Desktop\capstone_classicfy\ATEPP_dataset\ATEPP-1.2\Ludwig_van_Beethoven\Sonata_No._12_In_A_Flat_Op._26\2._Scherzo._Allegro_molto_-_Live\Sonate_No._12_Funeral_March_2nd_Movement.mxl.midi,08186,08188,8.881784197001252e-16,3471
1245,1245::C:\Users\정세린\Desktop\capstone_classicfy\ATEPP_dataset\ATEPP-1.2\Ludwig_van_Beethoven\Sonata_No._12_In_A_Flat_Op._26\2._Scherzo._Allegro_molto_-_Live\Sonate_No._12_Funeral_March_2nd_Movement.mxl.midi,08186,08189,4.440892098500626e-16,3478
1245,1245::C:\Users\정세린\Desktop\capstone_classicfy\ATEPP_dataset\ATEPP-1.2\Ludwig_van_Beethoven\Sonata_No._12_In_A_Flat_Op._26\2._Scherzo._Allegro_molto_-_Live\Sonate_No._12_Funeral_March_2nd_Movement.mxl.midi,08186,08190,4.440892098500626e-16,3485
1245,1245::C:\Users\정세린\Desktop\capstone_classicfy\ATEPP_dataset\ATEPP-1.2\Ludwig_van_Beethoven\Sonata_No._12_In_A_Flat_Op._26\2._Scherzo._Allegro_molto_-_Live\Sonate_No._12_Funeral_March_2nd_Movement.mxl.midi,08186,08191,4.440892098500626e-16,3471
1245,1245::C:\Users\정세린\Desktop\capstone_classicfy\ATEPP_dataset\ATEPP-1.2\Ludwig_van_Beethoven\Sonata_No._12_In_A_Flat_Op._26\2._Scherzo._Allegro_molto_-_Live\Sonate_No._12_Funeral_March_2nd_Movement.mxl.midi,08186,08192,4.440892098500626e-16,3478
1245,1245::C:\Users\정세린\Desktop\capstone_classicfy\ATEPP_dataset\ATEPP-1.2\Ludwig_van_Beethoven\Sonata_No._12_In_A_Flat_Op._26\2._Scherzo._Allegro_molto_-_Live\Sonate_No._12_Funeral_March_2nd_Movement.mxl.midi,08186,08194,4.440892098500626e-16,3484
1247,1247::C:\Users\정세린\Desktop\capstone_classicfy\ATEPP_dataset\ATEPP-1.2\Ludwig_van_Beethoven\Sonata_No._12_In_A_Flat_Op._26\1._Andante_con_variazioni_-_Live\musicxml_cleaned.musicxml.midi,08196,08197,4.440892098500626e-16,2275
1247,1247::C:\Users\정세린\Desktop\capstone_classicfy\ATEPP_dataset\ATEPP-1.2\Ludwig_van_Beethoven\Sonata_No._12_In_A_Flat_Op._26\1._Andante_con_variazioni_-_Live\musicxml_cleaned.musicxml.midi,08196,08199,2.220446049250313e-16,2275
1247,1247::C:\Users\정세린\Desktop\capstone_classicfy\ATEPP_dataset\ATEPP-1.2\Ludwig_van_Beethoven\Sonata_No._12_In_A_Flat_Op._26\1._Andante_con_variazioni_-_Live\musicxml_cleaned.musicxml.midi,08196,08200,2.220446049250313e-16,2275
1247,1247::C:\Users\정세린\Desktop\capstone_classicfy\ATEPP_dataset\ATEPP-1.2\Ludwig_van_Beethoven\Sonata_No._12_In_A_Flat_Op._26\1._Andante_con_variazioni_-_Live\musicxml_cleaned.musicxml.midi,08196,08202,4.440892098500626e-16,2275
1247,1247::C:\Users\정세린\Desktop\capstone_classicfy\ATEPP_dataset\ATEPP-1.2\Ludwig_van_Beethoven\Sonata_No._12_In_A_Flat_Op._26\1._Andante_con_variazioni_-_Live\musicxml_cleaned.musicxml.midi,08196,08203,4.440892098500626e-16,2275
1247,1247::C:\Users\정세린\Desktop\capstone_classicfy\ATEPP_dataset\ATEPP-1.2\Ludwig_van_Beethoven\Sonata_No._12_In_A_Flat_Op._26\1._Andante_con_variazioni_-_Live\musicxml_cleaned.musicxml.midi,08196,08204,4.440892098500626e-16,2275
1247,1247::C:\Users\정세린\Desktop\capstone_classicfy\ATEPP_dataset\ATEPP-1.2\Ludwig_van_Beethoven\Sonata_No._12_In_A_Flat_Op._26\1._Andante_con_variazioni_-_Live\musicxml_cleaned.musicxml.midi,08196,08205,2.220446049250313e-16,2275
1247,1247::C:\Users\정세린\Desktop\capstone_classicfy\ATEPP_dataset\ATEPP-1.2\Ludwig_van_Beethoven\Sonata_No._12_In_A_Flat_Op._26\1._Andante_con_variazioni_-_Live\musicxml_cleaned.musicxml.midi,08196,08206,4.440892098500626e-16,2275
1247,1247::C:\Users\정세린\Desktop\capstone_classicfy\ATEPP_dataset\ATEPP-1.2\Ludwig_van_Beethoven\Sonata_No._12_In_A_Flat_Op._26\1._Andante_con_variazioni_-_Live\musicxml_cleaned.musicxml.midi,08196,08207,4.440892098500626e-16,2275
1247,1247::C:\Users\정세린\Desktop\capstone_classicfy\ATEPP_dataset\ATEPP-1.2\Ludwig_van_Beethoven\Sonata_No._12_In_A_Flat_Op._26\1._Andante_con_variazioni_-_Live\musicxml_cleaned.musicxml.midi,08196,08208,4.440892098500626e-16,2275
1247,1247::C:\Users\정세린\Desktop\capstone_classicfy\ATEPP_dataset\ATEPP-1.2\Ludwig_van_Beethoven\Sonata_No._12_In_A_Flat_Op._26\1._Andante_con_variazioni_-_Live\musicxml_cleaned.musicxml.midi,08196,08209,4.440892098500626e-16,2275
1247,1247::C:\Users\정세린\Desktop\capstone_classicfy\ATEPP_dataset\ATEPP-1.2\Ludwig_van_Beethoven\Sonata_No._12_In_A_Flat_Op._26\1._Andante_con_variazioni_-_Live\musicxml_cleaned.musicxml.midi,08196,08210,4.440892098500626e-16,2275
1247,1247::C:\Users\정세린\Desktop\capstone_classicfy\ATEPP_dataset\ATEPP-1.2\Ludwig_van_Beethoven\Sonata_No._12_In_A_Flat_Op._26\1._Andante_con_variazioni_-_Live\musicxml_cleaned.musicxml.midi,08196,08211,4.440892098500626e-16,2275
1247,1247::C:\Users\정세린\Desktop\capstone_classicfy\ATEPP_dataset\ATEPP-1.2\Ludwig_van_Beethoven\Sonata_No._12_In_A_Flat_Op._26\1._Andante_con_variazioni_-_Live\musicxml_cleaned.musicxml.midi,08196,08212,4.440892098500626e-16,2275
1248,"1248::C:\Users\정세린\Desktop\capstone_classicfy\ATEPP_dataset\ATEPP-1.2\Ludwig_van_Beethoven\Piano_Sonata_No.15_in_D,_Op.28_-_Pastorale_\4._Rondo._Allegro_ma_non_troppo\musicxml_cleaned.musicxml.midi",08214,08215,4.440892098500626e-16,4333
1248,"1248::C:\Users\정세린\Desktop\capstone_classicfy\ATEPP_dataset\ATEPP-1.2\Ludwig_van_Beethoven\Piano_Sonata_No.15_in_D,_Op.28_-_Pastorale_\4._Rondo._Allegro_ma_non_troppo\musicxml_cleaned.musicxml.midi",08214,08216,4.440892098500626e-16,4333
1248,"1248::C:\Users\정세린\Desktop\capstone_classicfy\ATEPP_dataset\ATEPP-1.2\Ludwig_van_Beethoven\Piano_Sonata_No.15_in_D,_Op.28_-_Pastorale_\4._Rondo._Allegro_ma_non_troppo\musicxml_cleaned.musicxml.midi",08214,08217,4.440892098500626e-16,4331
1248,"1248::C:\Users\정세린\Desktop\capstone_classicfy\ATEPP_dataset\ATEPP-1.2\Ludwig_van_Beethoven\Piano_Sonata_No.15_in_D,_Op.28_-_Pastorale_\4._Rondo._Allegro_ma_non_troppo\musicxml_cleaned.musicxml.midi",08214,08218,4.440892098500626e-16,4333
1248,"1248::C:\Users\정세린\Desktop\capstone_classicfy\ATEPP_dataset\ATEPP-1.2\Ludwig_van_Beethoven\Piano_Sonata_No.15_in_D,_Op.28_-_Pastorale_\4._Rondo._Allegro_ma_non_troppo\musicxml_cleaned.musicxml.midi",08214,08221,4.440892098500626e-16,4333
1248,"1248::C:\Users\정세린\Desktop\capstone_classicfy\ATEPP_dataset\ATEPP-1.2\Ludwig_van_Beethoven\Piano_Sonata_No.15_in_D,_Op.28_-_Pastorale_\4._Rondo._Allegro_ma_non_troppo\musicxml_cleaned.musicxml.midi",08214,08222,4.440892098500626e-16,4333
1248,"1248::C:\Users\정세린\Desktop\capstone_classicfy\ATEPP_dataset\ATEPP-1.2\Ludwig_van_Beethoven\Piano_Sonata_No.15_in_D,_Op.28_-_Pastorale_\4._Rondo._Allegro_ma_non_troppo\musicxml_cleaned.musicxml.midi",08214,08223,4.440892098500626e-16,4331
1248,"1248::C:\Users\정세린\Desktop\capstone_classicfy\ATEPP_dataset\ATEPP-1.2\Ludwig_van_Beethoven\Piano_Sonata_No.15_in_D,_Op.28_-_Pastorale_\4._Rondo._Allegro_ma_non_troppo\musicxml_cleaned.musicxml.midi",08214,08224,4.440892098500626e-16,4331
1248,"1248::C:\Users\정세린\Desktop\capstone_classicfy\ATEPP_dataset\ATEPP-1.2\Ludwig_van_Beethoven\Piano_Sonata_No.15_in_D,_Op.28_-_Pastorale_\4._Rondo._Allegro_ma_non_troppo\musicxml_cleaned.musicxml.midi",08214,08226,4.440892098500626e-16,4333
1248,"1248::C:\Users\정세린\Desktop\capstone_classicfy\ATEPP_dataset\ATEPP-1.2\Ludwig_van_Beethoven\Piano_Sonata_No.15_in_D,_Op.28_-_Pastorale_\4._Rondo._Allegro_ma_non_troppo\musicxml_cleaned.musicxml.midi",08214,08227,4.440892098500626e-16,4333
1248,"1248::C:\Users\정세린\Desktop\capstone_classicfy\ATEPP_dataset\ATEPP-1.2\Ludwig_van_Beethoven\Piano_Sonata_No.15_in_D,_Op.28_-_Pastorale_\4._Rondo._Allegro_ma_non_troppo\musicxml_cleaned.musicxml.midi",08214,08228,4.440892098500626e-16,4333
1248,"1248::C:\Users\정세린\Desktop\capstone_classicfy\ATEPP_dataset\ATEPP-1.2\Ludwig_van_Beethoven\Piano_Sonata_No.15_in_D,_Op.28_-_Pastorale_\4._Rondo._Allegro_ma_non_troppo\musicxml_cleaned.musicxml.midi",08214,08229,4.440892098500626e-16,4333
1248,"1248::C:\Users\정세린\Desktop\capstone_classicfy\ATEPP_dataset\ATEPP-1.2\Ludwig_van_Beethoven\Piano_Sonata_No.15_in_D,_Op.28_-_Pastorale_\4._Rondo._Allegro_ma_non_troppo\musicxml_cleaned.musicxml.midi",08214,08230,4.440892098500626e-16,4331
1248,"1248::C:\Users\정세린\Desktop\capstone_classicfy\ATEPP_dataset\ATEPP-1.2\Ludwig_van_Beethoven\Piano_Sonata_No.15_in_D,_Op.28_-_Pastorale_\4._Rondo._Allegro_ma_non_troppo\musicxml_cleaned.musicxml.midi",08214,08231,2.220446049250313e-16,4333
1248,"1248::C:\Users\정세린\Desktop\capstone_classicfy\ATEPP_dataset\ATEPP-1.2\Ludwig_van_Beethoven\Piano_Sonata_No.15_in_D,_Op.28_-_Pastorale_\4._Rondo._Allegro_ma_non_troppo\musicxml_cleaned.musicxml.midi",08214,08232,4.440892098500626e-16,4333
1248,"1248::C:\Users\정세린\Desktop\capstone_classicfy\ATEPP_dataset\ATEPP-1.2\Ludwig_van_Beethoven\Piano_Sonata_No.15_in_D,_Op.28_-_Pastorale_\4._Rondo._Allegro_ma_non_troppo\musicxml_cleaned.musicxml.midi",08214,08233,4.440892098500626e-16,4333
1248,"1248::C:\Users\정세린\Desktop\capstone_classicfy\ATEPP_dataset\ATEPP-1.2\Ludwig_van_Beethoven\Piano_Sonata_No.15_in_D,_Op.28_-_Pastorale_\4._Rondo._Allegro_ma_non_troppo\musicxml_cleaned.musicxml.midi",08214,08234,4.440892098500626e-16,4333
1248,"1248::C:\Users\정세린\Desktop\capstone_classicfy\ATEPP_dataset\ATEPP-1.2\Ludwig_van_Beethoven\Piano_Sonata_No.15_in_D,_Op.28_-_Pastorale_\4._Rondo._Allegro_ma_non_troppo\musicxml_cleaned.musicxml.midi",08214,08237,4.440892098500626e-16,4333
1248,"1248::C:\Users\정세린\Desktop\capstone_classicfy\ATEPP_dataset\ATEPP-1.2\Ludwig_van_Beethoven\Piano_Sonata_No.15_in_D,_Op.28_-_Pastorale_\4._Rondo._Allegro_ma_non_troppo\musicxml_cleaned.musicxml.midi",08214,08239,4.440892098500626e-16,4333
1248,"1248::C:\Users\정세린\Desktop\capstone_classicfy\ATEPP_dataset\ATEPP-1.2\Ludwig_van_Beethoven\Piano_Sonata_No.15_in_D,_Op.28_-_Pastorale_\4._Rondo._Allegro_ma_non_troppo\musicxml_cleaned.musicxml.midi",08214,08240,4.440892098500626e-16,4333
1248,"1248::C:\Users\정세린\Desktop\capstone_classicfy\ATEPP_dataset\ATEPP-1.2\Ludwig_van_Beethoven\Piano_Sonata_No.15_in_D,_Op.28_-_Pastorale_\4._Rondo._Allegro_ma_non_troppo\musicxml_cleaned.musicxml.midi",08214,08241,2.220446049250313e-16,4331
1248,"1248::C:\Users\정세린\Desktop\capstone_classicfy\ATEPP_dataset\ATEPP-1.2\Ludwig_van_Beethoven\Piano_Sonata_No.15_in_D,_Op.28_-_Pastorale_\4._Rondo._Allegro_ma_non_troppo\musicxml_cleaned.musicxml.midi",08214,08244,4.440892098500626e-16,4331
124,"124::C:\Users\정세린\Desktop\capstone_classicfy\ATEPP_dataset\ATEPP-1.2\Franz_Liszt\12_Etudes_d'exe╠ücution_transcendante,_S.139\No.3_Paysage_(Poco_adagio)\musicxml_cleaned.musicxml.midi",00451,00452,2.220446049250313e-16,2028
124,"124::C:\Users\정세린\Desktop\capstone_classicfy\ATEPP_dataset\ATEPP-1.2\Franz_Liszt\12_Etudes_d'exe╠ücution_transcendante,_S.139\No.3_Paysage_(Poco_adagio)\musicxml_cleaned.musicxml.midi",00451,00453,4.440892098500626e-16,2028
124,"124::C:\Users\정세린\Desktop\capstone_classicfy\ATEPP_dataset\ATEPP-1.2\Franz_Liszt\12_Etudes_d'exe╠ücution_transcendante,_S.139\No.3_Paysage_(Poco_adagio)\musicxml_cleaned.musicxml.midi",00451,00454,2.220446049250313e-16,2028
124,"124::C:\Users\정세린\Desktop\capstone_classicfy\ATEPP_dataset\ATEPP-1.2\Franz_Liszt\12_Etudes_d'exe╠ücution_transcendante,_S.139\No.3_Paysage_(Poco_adagio)\musicxml_cleaned.musicxml.midi",00451,00455,2.220446049250313e-16,2028
1250,"1250::C:\Users\정세린\Desktop\capstone_classicfy\ATEPP_dataset\ATEPP-1.2\Ludwig_van_Beethoven\Piano_Sonata_No.15_in_D,_Op.28_-_Pastorale_\3._Scherzo_(Allegro_assai)\Sonate_No._15_Pastoral_3rd_Movement.mxl.midi",08280,08281,8.881784197001252e-16,2760
1250,"1250::C:\Users\정세린\Desktop\capstone_classicfy\ATEPP_dataset\ATEPP-1.2\Ludwig_van_Beethoven\Piano_Sonata_No.15_in_D,_Op.28_-_Pastorale_\3._Scherzo_(Allegro_assai)\Sonate_No._15_Pastoral_3rd_Movement.mxl.midi",08280,08282,8.881784197001252e-16,2759
1250,"1250::C:\Users\정세린\Desktop\capstone_classicfy\ATEPP_dataset\ATEPP-1.2\Ludwig_van_Beethoven\Piano_Sonata_No.15_in_D,_Op.28_-_Pastorale_\3._Scherzo_(Allegro_assai)\Sonate_No._15_Pastoral_3rd_Movement.mxl.midi",08280,08283,8.881784197001252e-16,2764
1250,"1250::C:\Users\정세린\Desktop\capstone_classicfy\ATEPP_dataset\ATEPP-1.2\Ludwig_van_Beethoven\Piano_Sonata_No.15_in_D,_Op.28_-_Pastorale_\3._Scherzo_(Allegro_assai)\Sonate_No._15_Pastoral_3rd_Movement.mxl.midi",08280,08284,1.7763568394002505e-15,2752
1250,"1250::C:\Users\정세린\Desktop\capstone_classicfy\ATEPP_dataset\ATEPP-1.2\Ludwig_van_Beethoven\Piano_Sonata_No.15_in_D,_Op.28_-_Pastorale_\3._Scherzo_(Allegro_assai)\Sonate_No._15_Pastoral_3rd_Movement.mxl.midi",08280,08285,4.440892098500626e-16,2765
1250,"1250::C:\Users\정세린\Desktop\capstone_classicfy\ATEPP_dataset\ATEPP-1.2\Ludwig_van_Beethoven\Piano_Sonata_No.15_in_D,_Op.28_-_Pastorale_\3._Scherzo_(Allegro_assai)\Sonate_No._15_Pastoral_3rd_Movement.mxl.midi",08280,08286,2.220446049250313e-16,2764
1250,"1250::C:\Users\정세린\Desktop\capstone_classicfy\ATEPP_dataset\ATEPP-1.2\Ludwig_van_Beethoven\Piano_Sonata_No.15_in_D,_Op.28_-_Pastorale_\3._Scherzo_(Allegro_assai)\Sonate_No._15_Pastoral_3rd_Movement.mxl.midi",08280,08287,8.881784197001252e-16,2758
1250,"1250::C:\Users\정세린\Desktop\capstone_classicfy\ATEPP_dataset\ATEPP-1.2\Ludwig_van_Beethoven\Piano_Sonata_No.15_in_D,_Op.28_-_Pastorale_\3._Scherzo_(Allegro_assai)\Sonate_No._15_Pastoral_3rd_Movement.mxl.midi",08280,08288,8.881784197001252e-16,2769
1250,"1250::C:\Users\정세린\Desktop\capstone_classicfy\ATEPP_dataset\ATEPP-1.2\Ludwig_van_Beethoven\Piano_Sonata_No.15_in_D,_Op.28_-_Pastorale_\3._Scherzo_(Allegro_assai)\Sonate_No._15_Pastoral_3rd_Movement.mxl.midi",08280,08289,8.881784197001252e-16,2757
1251,"1251::C:\Users\정세린\Desktop\capstone_classicfy\ATEPP_dataset\ATEPP-1.2\Ludwig_van_Beethoven\Piano_Sonata_No.15_in_D,_Op.28_-_Pastorale_\1._Allegro\musicxml_cleaned.musicxml.midi",08291,08293,8.881784197001252e-16,9438
1251,"1251::C:\Users\정세린\Desktop\capstone_classicfy\ATEPP_dataset\ATEPP-1.2\Ludwig_van_Beethoven\Piano_Sonata_No.15_in_D,_Op.28_-_Pastorale_\1._Allegro\musicxml_cleaned.musicxml.midi",08291,08294,1.7763568394002505e-15,9412
1251,"1251::C:\Users\정세린\Desktop\capstone_classicfy\ATEPP_dataset\ATEPP-1.2\Ludwig_van_Beethoven\Piano_Sonata_No.15_in_D,_Op.28_-_Pastorale_\1._Allegro\musicxml_cleaned.musicxml.midi",08291,08295,8.881784197001252e-16,9408
1251,"1251::C:\Users\정세린\Desktop\capstone_classicfy\ATEPP_dataset\ATEPP-1.2\Ludwig_van_Beethoven\Piano_Sonata_No.15_in_D,_Op.28_-_Pastorale_\1._Allegro\musicxml_cleaned.musicxml.midi",08291,08296,8.881784197001252e-16,9403
1251,"1251::C:\Users\정세린\Desktop\capstone_classicfy\ATEPP_dataset\ATEPP-1.2\Ludwig_van_Beethoven\Piano_Sonata_No.15_in_D,_Op.28_-_Pastorale_\1._Allegro\musicxml_cleaned.musicxml.midi",08291,08297,8.881784197001252e-16,9425
1251,"1251::C:\Users\정세린\Desktop\capstone_classicfy\ATEPP_dataset\ATEPP-1.2\Ludwig_van_Beethoven\Piano_Sonata_No.15_in_D,_Op.28_-_Pastorale_\1._Allegro\musicxml_cleaned.musicxml.midi",08291,08298,8.881784197001252e-16,9420
1251,"1251::C:\Users\정세린\Desktop\capstone_classicfy\ATEPP_dataset\ATEPP-1.2\Ludwig_van_Beethoven\Piano_Sonata_No.15_in_D,_Op.28_-_Pastorale_\1._Allegro\musicxml_cleaned.musicxml.midi",08291,08299,8.881784197001252e-16,9411
1251,"1251::C:\Users\정세린\Desktop\capstone_classicfy\ATEPP_dataset\ATEPP-1.2\Ludwig_van_Beethoven\Piano_Sonata_No.15_in_D,_Op.28_-_Pastorale_\1._Allegro\musicxml_cleaned.musicxml.midi",08291,08300,8.881784197001252e-16,9424
1251,"1251::C:\Users\정세린\Desktop\capstone_classicfy\ATEPP_dataset\ATEPP-1.2\Ludwig_van_Beethoven\Piano_Sonata_No.15_in_D,_Op.28_-_Pastorale_\1._Allegro\musicxml_cleaned.musicxml.midi",08291,08301,8.881784197001252e-16,9399
1251,"1251::C:\Users\정세린\Desktop\capstone_classicfy\ATEPP_dataset\ATEPP-1.2\Ludwig_van_Beethoven\Piano_Sonata_No.15_in_D,_Op.28_-_Pastorale_\1._Allegro\musicxml_cleaned.musicxml.midi",08291,08302,8.881784197001252e-16,9410
1251,"1251::C:\Users\정세린\Desktop\capstone_classicfy\ATEPP_dataset\ATEPP-1.2\Ludwig_van_Beethoven\Piano_Sonata_No.15_in_D,_Op.28_-_Pastorale_\1._Allegro\musicxml_cleaned.musicxml.midi",08291,08303,8.881784197001252e-16,9422
1251,"1251::C:\Users\정세린\Desktop\capstone_classicfy\ATEPP_dataset\ATEPP-1.2\Ludwig_van_Beethoven\Piano_Sonata_No.15_in_D,_Op.28_-_Pastorale_\1._Allegro\musicxml_cleaned.musicxml.midi",08291,08304,8.881784197001252e-16,9412
1251,"1251::C:\Users\정세린\Desktop\capstone_classicfy\ATEPP_dataset\ATEPP-1.2\Ludwig_van_Beethoven\Piano_Sonata_No.15_in_D,_Op.28_-_Pastorale_\1._Allegro\musicxml_cleaned.musicxml.midi",08291,08305,8.881784197001252e-16,9436
1251,"1251::C:\Users\정세린\Desktop\capstone_classicfy\ATEPP_dataset\ATEPP-1.2\Ludwig_van_Beethoven\Piano_Sonata_No.15_in_D,_Op.28_-_Pastorale_\1._Allegro\musicxml_cleaned.musicxml.midi",08291,08306,1.7763568394002505e-15,9424
1251,"1251::C:\Users\정세린\Desktop\capstone_classicfy\ATEPP_dataset\ATEPP-1.2\Ludwig_van_Beethoven\Piano_Sonata_No.15_in_D,_Op.28_-_Pastorale_\1._Allegro\musicxml_cleaned.musicxml.midi",08291,08307,8.881784197001252e-16,9406
1251,"1251::C:\Users\정세린\Desktop\capstone_classicfy\ATEPP_dataset\ATEPP-1.2\Ludwig_van_Beethoven\Piano_Sonata_No.15_in_D,_Op.28_-_Pastorale_\1._Allegro\musicxml_cleaned.musicxml.midi",08291,08309,8.881784197001252e-16,9413
1251,"1251::C:\Users\정세린\Desktop\capstone_classicfy\ATEPP_dataset\ATEPP-1.2\Ludwig_van_Beethoven\Piano_Sonata_No.15_in_D,_Op.28_-_Pastorale_\1._Allegro\musicxml_cleaned.musicxml.midi",08291,08310,8.881784197001252e-16,9409
1251,"1251::C:\Users\정세린\Desktop\capstone_classicfy\ATEPP_dataset\ATEPP-1.2\Ludwig_van_Beethoven\Piano_Sonata_No.15_in_D,_Op.28_-_Pastorale_\1._Allegro\musicxml_cleaned.musicxml.midi",08291,08311,4.440892098500626e-16,9423
1251,"1251::C:\Users\정세린\Desktop\capstone_classicfy\ATEPP_dataset\ATEPP-1.2\Ludwig_van_Beethoven\Piano_Sonata_No.15_in_D,_Op.28_-_Pastorale_\1._Allegro\musicxml_cleaned.musicxml.midi",08291,08313,8.881784197001252e-16,9418
1251,"1251::C:\Users\정세린\Desktop\capstone_classicfy\ATEPP_dataset\ATEPP-1.2\Ludwig_van_Beethoven\Piano_Sonata_No.15_in_D,_Op.28_-_Pastorale_\1._Allegro\musicxml_cleaned.musicxml.midi",08291,08316,8.881784197001252e-16,9414
1251,"1251::C:\Users\정세린\Desktop\capstone_classicfy\ATEPP_dataset\ATEPP-1.2\Ludwig_van_Beethoven\Piano_Sonata_No.15_in_D,_Op.28_-_Pastorale_\1._Allegro\musicxml_cleaned.musicxml.midi",08291,08317,5.551115123125783e-16,9439
1251,"1251::C:\Users\정세린\Desktop\capstone_classicfy\ATEPP_dataset\ATEPP-1.2\Ludwig_van_Beethoven\Piano_Sonata_No.15_in_D,_Op.28_-_Pastorale_\1._Allegro\musicxml_cleaned.musicxml.midi",08291,08320,8.881784197001252e-16,9383
1252,"1252::C:\Users\정세린\Desktop\capstone_classicfy\ATEPP_dataset\ATEPP-1.2\Ludwig_van_Beethoven\Piano_Sonata_No._17_in_D_Minor,_Op._31_No._2__Tempest_\II._Adagio\musicxml_cleaned.musicxml.midi",08324,08325,4.440892098500626e-16,2139
1252,"1252::C:\Users\정세린\Desktop\capstone_classicfy\ATEPP_dataset\ATEPP-1.2\Ludwig_van_Beethoven\Piano_Sonata_No._17_in_D_Minor,_Op._31_No._2__Tempest_\II._Adagio\musicxml_cleaned.musicxml.midi",08324,08326,4.440892098500626e-16,2139
1252,"1252::C:\Users\정세린\Desktop\capstone_classicfy\ATEPP_dataset\ATEPP-1.2\Ludwig_van_Beethoven\Piano_Sonata_No._17_in_D_Minor,_Op._31_No._2__Tempest_\II._Adagio\musicxml_cleaned.musicxml.midi",08324,08328,4.440892098500626e-16,2139
1252,"1252::C:\Users\정세린\Desktop\capstone_classicfy\ATEPP_dataset\ATEPP-1.2\Ludwig_van_Beethoven\Piano_Sonata_No._17_in_D_Minor,_Op._31_No._2__Tempest_\II._Adagio\musicxml_cleaned.musicxml.midi",08324,08330,4.440892098500626e-16,2139
1252,"1252::C:\Users\정세린\Desktop\capstone_classicfy\ATEPP_dataset\ATEPP-1.2\Ludwig_van_Beethoven\Piano_Sonata_No._17_in_D_Minor,_Op._31_No._2__Tempest_\II._Adagio\musicxml_cleaned.musicxml.midi",08324,08331,4.440892098500626e-16,2139
1252,"1252::C:\Users\정세린\Desktop\capstone_classicfy\ATEPP_dataset\ATEPP-1.2\Ludwig_van_Beethoven\Piano_Sonata_No._17_in_D_Minor,_Op._31_No._2__Tempest_\II._Adagio\musicxml_cleaned.musicxml.midi",08324,08332,4.440892098500626e-16,2139
1252,"1252::C:\Users\정세린\Desktop\capstone_classicfy\ATEPP_dataset\ATEPP-1.2\Ludwig_van_Beethoven\Piano_Sonata_No._17_in_D_Minor,_Op._31_No._2__Tempest_\II._Adagio\musicxml_cleaned.musicxml.midi",08324,08333,8.881784197001252e-16,2132
1252,"1252::C:\Users\정세린\Desktop\capstone_classicfy\ATEPP_dataset\ATEPP-1.2\Ludwig_van_Beethoven\Piano_Sonata_No._17_in_D_Minor,_Op._31_No._2__Tempest_\II._Adagio\musicxml_cleaned.musicxml.midi",08324,08334,8.881784197001252e-16,2139
1252,"1252::C:\Users\정세린\Desktop\capstone_classicfy\ATEPP_dataset\ATEPP-1.2\Ludwig_van_Beethoven\Piano_Sonata_No._17_in_D_Minor,_Op._31_No._2__Tempest_\II._Adagio\musicxml_cleaned.musicxml.midi",08324,08335,8.881784197001252e-16,2139
1252,"1252::C:\Users\정세린\Desktop\capstone_classicfy\ATEPP_dataset\ATEPP-1.2\Ludwig_van_Beethoven\Piano_Sonata_No._17_in_D_Minor,_Op._31_No._2__Tempest_\II._Adagio\musicxml_cleaned.musicxml.midi",08324,08336,4.440892098500626e-16,2138
1252,"1252::C:\Users\정세린\Desktop\capstone_classicfy\ATEPP_dataset\ATEPP-1.2\Ludwig_van_Beethoven\Piano_Sonata_No._17_in_D_Minor,_Op._31_No._2__Tempest_\II._Adagio\musicxml_cleaned.musicxml.midi",08324,08337,4.440892098500626e-16,2138
1252,"1252::C:\Users\정세린\Desktop\capstone_classicfy\ATEPP_dataset\ATEPP-1.2\Ludwig_van_Beethoven\Piano_Sonata_No._17_in_D_Minor,_Op._31_No._2__Tempest_\II._Adagio\musicxml_cleaned.musicxml.midi",08324,08340,8.881784197001252e-16,2138
1252,"1252::C:\Users\정세린\Desktop\capstone_classicfy\ATEPP_dataset\ATEPP-1.2\Ludwig_van_Beethoven\Piano_Sonata_No._17_in_D_Minor,_Op._31_No._2__Tempest_\II._Adagio\musicxml_cleaned.musicxml.midi",08324,08341,4.440892098500626e-16,2139
1252,"1252::C:\Users\정세린\Desktop\capstone_classicfy\ATEPP_dataset\ATEPP-1.2\Ludwig_van_Beethoven\Piano_Sonata_No._17_in_D_Minor,_Op._31_No._2__Tempest_\II._Adagio\musicxml_cleaned.musicxml.midi",08324,08342,8.881784197001252e-16,2138
1252,"1252::C:\Users\정세린\Desktop\capstone_classicfy\ATEPP_dataset\ATEPP-1.2\Ludwig_van_Beethoven\Piano_Sonata_No._17_in_D_Minor,_Op._31_No._2__Tempest_\II._Adagio\musicxml_cleaned.musicxml.midi",08324,08343,4.440892098500626e-16,2139
1252,"1252::C:\Users\정세린\Desktop\capstone_classicfy\ATEPP_dataset\ATEPP-1.2\Ludwig_van_Beethoven\Piano_Sonata_No._17_in_D_Minor,_Op._31_No._2__Tempest_\II._Adagio\musicxml_cleaned.musicxml.midi",08324,08344,4.440892098500626e-16,2139
1252,"1252::C:\Users\정세린\Desktop\capstone_classicfy\ATEPP_dataset\ATEPP-1.2\Ludwig_van_Beethoven\Piano_Sonata_No._17_in_D_Minor,_Op._31_No._2__Tempest_\II._Adagio\musicxml_cleaned.musicxml.midi",08324,08345,8.881784197001252e-16,2139
1252,"1252::C:\Users\정세린\Desktop\capstone_classicfy\ATEPP_dataset\ATEPP-1.2\Ludwig_van_Beethoven\Piano_Sonata_No._17_in_D_Minor,_Op._31_No._2__Tempest_\II._Adagio\musicxml_cleaned.musicxml.midi",08324,08346,4.440892098500626e-16,2139
1252,"1252::C:\Users\정세린\Desktop\capstone_classicfy\ATEPP_dataset\ATEPP-1.2\Ludwig_van_Beethoven\Piano_Sonata_No._17_in_D_Minor,_Op._31_No._2__Tempest_\II._Adagio\musicxml_cleaned.musicxml.midi",08324,08347,4.440892098500626e-16,2139
1252,"1252::C:\Users\정세린\Desktop\capstone_classicfy\ATEPP_dataset\ATEPP-1.2\Ludwig_van_Beethoven\Piano_Sonata_No._17_in_D_Minor,_Op._31_No._2__Tempest_\II._Adagio\musicxml_cleaned.musicxml.midi",08324,08348,4.440892098500626e-16,2139
1252,"1252::C:\Users\정세린\Desktop\capstone_classicfy\ATEPP_dataset\ATEPP-1.2\Ludwig_van_Beethoven\Piano_Sonata_No._17_in_D_Minor,_Op._31_No._2__Tempest_\II._Adagio\musicxml_cleaned.musicxml.midi",08324,08349,4.440892098500626e-16,2138
1252,"1252::C:\Users\정세린\Desktop\capstone_classicfy\ATEPP_dataset\ATEPP-1.2\Ludwig_van_Beethoven\Piano_Sonata_No._17_in_D_Minor,_Op._31_No._2__Tempest_\II._Adagio\musicxml_cleaned.musicxml.midi",08324,08350,8.881784197001252e-16,2139
1252,"1252::C:\Users\정세린\Desktop\capstone_classicfy\ATEPP_dataset\ATEPP-1.2\Ludwig_van_Beethoven\Piano_Sonata_No._17_in_D_Minor,_Op._31_No._2__Tempest_\II._Adagio\musicxml_cleaned.musicxml.midi",08324,08352,4.440892098500626e-16,2139
1252,"1252::C:\Users\정세린\Desktop\capstone_classicfy\ATEPP_dataset\ATEPP-1.2\Ludwig_van_Beethoven\Piano_Sonata_No._17_in_D_Minor,_Op._31_No._2__Tempest_\II._Adagio\musicxml_cleaned.musicxml.midi",08324,08354,4.440892098500626e-16,2138
1252,"1252::C:\Users\정세린\Desktop\capstone_classicfy\ATEPP_dataset\ATEPP-1.2\Ludwig_van_Beethoven\Piano_Sonata_No._17_in_D_Minor,_Op._31_No._2__Tempest_\II._Adagio\musicxml_cleaned.musicxml.midi",08324,08355,4.440892098500626e-16,2139
1252,"1252::C:\Users\정세린\Desktop\capstone_classicfy\ATEPP_dataset\ATEPP-1.2\Ludwig_van_Beethoven\Piano_Sonata_No._17_in_D_Minor,_Op._31_No._2__Tempest_\II._Adagio\musicxml_cleaned.musicxml.midi",08324,08357,4.440892098500626e-16,2139
1252,"1252::C:\Users\정세린\Desktop\capstone_classicfy\ATEPP_dataset\ATEPP-1.2\Ludwig_van_Beethoven\Piano_Sonata_No._17_in_D_Minor,_Op._31_No._2__Tempest_\II._Adagio\musicxml_cleaned.musicxml.midi",08324,08358,4.440892098500626e-16,2137
1252,"1252::C:\Users\정세린\Desktop\capstone_classicfy\ATEPP_dataset\ATEPP-1.2\Ludwig_van_Beethoven\Piano_Sonata_No._17_in_D_Minor,_Op._31_No._2__Tempest_\II._Adagio\musicxml_cleaned.musicxml.midi",08324,08359,8.881784197001252e-16,2139
1252,"1252::C:\Users\정세린\Desktop\capstone_classicfy\ATEPP_dataset\ATEPP-1.2\Ludwig_van_Beethoven\Piano_Sonata_No._17_in_D_Minor,_Op._31_No._2__Tempest_\II._Adagio\musicxml_cleaned.musicxml.midi",08324,08362,4.440892098500626e-16,2139
1252,"1252::C:\Users\정세린\Desktop\capstone_classicfy\ATEPP_dataset\ATEPP-1.2\Ludwig_van_Beethoven\Piano_Sonata_No._17_in_D_Minor,_Op._31_No._2__Tempest_\II._Adagio\musicxml_cleaned.musicxml.midi",08324,08363,4.440892098500626e-16,2139
1252,"1252::C:\Users\정세린\Desktop\capstone_classicfy\ATEPP_dataset\ATEPP-1.2\Ludwig_van_Beethoven\Piano_Sonata_No._17_in_D_Minor,_Op._31_No._2__Tempest_\II._Adagio\musicxml_cleaned.musicxml.midi",08324,08365,4.440892098500626e-16,2139
1252,"1252::C:\Users\정세린\Desktop\capstone_classicfy\ATEPP_dataset\ATEPP-1.2\Ludwig_van_Beethoven\Piano_Sonata_No._17_in_D_Minor,_Op._31_No._2__Tempest_\II._Adagio\musicxml_cleaned.musicxml.midi",08324,08366,4.440892098500626e-16,2139
1253,"1253::C:\Users\정세린\Desktop\capstone_classicfy\ATEPP_dataset\ATEPP-1.2\Ludwig_van_Beethoven\Piano_Sonata_No._17_in_D_Minor,_Op._31_No._2__Tempest_\I._Largo_-_Allegro\musicxml_cleaned.musicxml.midi",08370,08371,4.440892098500626e-16,5644
1253,"1253::C:\Users\정세린\Desktop\capstone_classicfy\ATEPP_dataset\ATEPP-1.2\Ludwig_van_Beethoven\Piano_Sonata_No._17_in_D_Minor,_Op._31_No._2__Tempest_\I._Largo_-_Allegro\musicxml_cleaned.musicxml.midi",08370,08372,2.220446049250313e-16,5646
1253,"1253::C:\Users\정세린\Desktop\capstone_classicfy\ATEPP_dataset\ATEPP-1.2\Ludwig_van_Beethoven\Piano_Sonata_No._17_in_D_Minor,_Op._31_No._2__Tempest_\I._Largo_-_Allegro\musicxml_cleaned.musicxml.midi",08370,08374,2.220446049250313e-16,5645
1253,"1253::C:\Users\정세린\Desktop\capstone_classicfy\ATEPP_dataset\ATEPP-1.2\Ludwig_van_Beethoven\Piano_Sonata_No._17_in_D_Minor,_Op._31_No._2__Tempest_\I._Largo_-_Allegro\musicxml_cleaned.musicxml.midi",08370,08375,2.220446049250313e-16,5646
1253,"1253::C:\Users\정세린\Desktop\capstone_classicfy\ATEPP_dataset\ATEPP-1.2\Ludwig_van_Beethoven\Piano_Sonata_No._17_in_D_Minor,_Op._31_No._2__Tempest_\I._Largo_-_Allegro\musicxml_cleaned.musicxml.midi",08370,08376,4.440892098500626e-16,5644
1253,"1253::C:\Users\정세린\Desktop\capstone_classicfy\ATEPP_dataset\ATEPP-1.2\Ludwig_van_Beethoven\Piano_Sonata_No._17_in_D_Minor,_Op._31_No._2__Tempest_\I._Largo_-_Allegro\musicxml_cleaned.musicxml.midi",08370,08377,2.220446049250313e-16,5643
1253,"1253::C:\Users\정세린\Desktop\capstone_classicfy\ATEPP_dataset\ATEPP-1.2\Ludwig_van_Beethoven\Piano_Sonata_No._17_in_D_Minor,_Op._31_No._2__Tempest_\I._Largo_-_Allegro\musicxml_cleaned.musicxml.midi",08370,08378,4.440892098500626e-16,5644
1253,"1253::C:\Users\정세린\Desktop\capstone_classicfy\ATEPP_dataset\ATEPP-1.2\Ludwig_van_Beethoven\Piano_Sonata_No._17_in_D_Minor,_Op._31_No._2__Tempest_\I._Largo_-_Allegro\musicxml_cleaned.musicxml.midi",08370,08379,2.220446049250313e-16,5644
1253,"1253::C:\Users\정세린\Desktop\capstone_classicfy\ATEPP_dataset\ATEPP-1.2\Ludwig_van_Beethoven\Piano_Sonata_No._17_in_D_Minor,_Op._31_No._2__Tempest_\I._Largo_-_Allegro\musicxml_cleaned.musicxml.midi",08370,08380,8.881784197001252e-16,5643
1253,"1253::C:\Users\정세린\Desktop\capstone_classicfy\ATEPP_dataset\ATEPP-1.2\Ludwig_van_Beethoven\Piano_Sonata_No._17_in_D_Minor,_Op._31_No._2__Tempest_\I._Largo_-_Allegro\musicxml_cleaned.musicxml.midi",08370,08381,8.881784197001252e-16,5643
1253,"1253::C:\Users\정세린\Desktop\capstone_classicfy\ATEPP_dataset\ATEPP-1.2\Ludwig_van_Beethoven\Piano_Sonata_No._17_in_D_Minor,_Op._31_No._2__Tempest_\I._Largo_-_Allegro\musicxml_cleaned.musicxml.midi",08370,08383,2.220446049250313e-16,5643
1253,"1253::C:\Users\정세린\Desktop\capstone_classicfy\ATEPP_dataset\ATEPP-1.2\Ludwig_van_Beethoven\Piano_Sonata_No._17_in_D_Minor,_Op._31_No._2__Tempest_\I._Largo_-_Allegro\musicxml_cleaned.musicxml.midi",08370,08384,2.220446049250313e-16,5644
1253,"1253::C:\Users\정세린\Desktop\capstone_classicfy\ATEPP_dataset\ATEPP-1.2\Ludwig_van_Beethoven\Piano_Sonata_No._17_in_D_Minor,_Op._31_No._2__Tempest_\I._Largo_-_Allegro\musicxml_cleaned.musicxml.midi",08370,08385,2.220446049250313e-16,5644
1253,"1253::C:\Users\정세린\Desktop\capstone_classicfy\ATEPP_dataset\ATEPP-1.2\Ludwig_van_Beethoven\Piano_Sonata_No._17_in_D_Minor,_Op._31_No._2__Tempest_\I._Largo_-_Allegro\musicxml_cleaned.musicxml.midi",08370,08386,2.220446049250313e-16,5644
1253,"1253::C:\Users\정세린\Desktop\capstone_classicfy\ATEPP_dataset\ATEPP-1.2\Ludwig_van_Beethoven\Piano_Sonata_No._17_in_D_Minor,_Op._31_No._2__Tempest_\I._Largo_-_Allegro\musicxml_cleaned.musicxml.midi",08370,08387,8.881784197001252e-16,5644
1253,"1253::C:\Users\정세린\Desktop\capstone_classicfy\ATEPP_dataset\ATEPP-1.2\Ludwig_van_Beethoven\Piano_Sonata_No._17_in_D_Minor,_Op._31_No._2__Tempest_\I._Largo_-_Allegro\musicxml_cleaned.musicxml.midi",08370,08388,8.881784197001252e-16,5644
1253,"1253::C:\Users\정세린\Desktop\capstone_classicfy\ATEPP_dataset\ATEPP-1.2\Ludwig_van_Beethoven\Piano_Sonata_No._17_in_D_Minor,_Op._31_No._2__Tempest_\I._Largo_-_Allegro\musicxml_cleaned.musicxml.midi",08370,08389,4.440892098500626e-16,5644
1253,"1253::C:\Users\정세린\Desktop\capstone_classicfy\ATEPP_dataset\ATEPP-1.2\Ludwig_van_Beethoven\Piano_Sonata_No._17_in_D_Minor,_Op._31_No._2__Tempest_\I._Largo_-_Allegro\musicxml_cleaned.musicxml.midi",08370,08390,2.220446049250313e-16,5643
1253,"1253::C:\Users\정세린\Desktop\capstone_classicfy\ATEPP_dataset\ATEPP-1.2\Ludwig_van_Beethoven\Piano_Sonata_No._17_in_D_Minor,_Op._31_No._2__Tempest_\I._Largo_-_Allegro\musicxml_cleaned.musicxml.midi",08370,08393,4.440892098500626e-16,5643
1253,"1253::C:\Users\정세린\Desktop\capstone_classicfy\ATEPP_dataset\ATEPP-1.2\Ludwig_van_Beethoven\Piano_Sonata_No._17_in_D_Minor,_Op._31_No._2__Tempest_\I._Largo_-_Allegro\musicxml_cleaned.musicxml.midi",08370,08394,4.440892098500626e-16,5644
1253,"1253::C:\Users\정세린\Desktop\capstone_classicfy\ATEPP_dataset\ATEPP-1.2\Ludwig_van_Beethoven\Piano_Sonata_No._17_in_D_Minor,_Op._31_No._2__Tempest_\I._Largo_-_Allegro\musicxml_cleaned.musicxml.midi",08370,08395,4.440892098500626e-16,5643
1253,"1253::C:\Users\정세린\Desktop\capstone_classicfy\ATEPP_dataset\ATEPP-1.2\Ludwig_van_Beethoven\Piano_Sonata_No._17_in_D_Minor,_Op._31_No._2__Tempest_\I._Largo_-_Allegro\musicxml_cleaned.musicxml.midi",08370,08396,4.440892098500626e-16,5643
1253,"1253::C:\Users\정세린\Desktop\capstone_classicfy\ATEPP_dataset\ATEPP-1.2\Ludwig_van_Beethoven\Piano_Sonata_No._17_in_D_Minor,_Op._31_No._2__Tempest_\I._Largo_-_Allegro\musicxml_cleaned.musicxml.midi",08370,08397,4.440892098500626e-16,5643
1253,"1253::C:\Users\정세린\Desktop\capstone_classicfy\ATEPP_dataset\ATEPP-1.2\Ludwig_van_Beethoven\Piano_Sonata_No._17_in_D_Minor,_Op._31_No._2__Tempest_\I._Largo_-_Allegro\musicxml_cleaned.musicxml.midi",08370,08398,4.440892098500626e-16,5643
1253,"1253::C:\Users\정세린\Desktop\capstone_classicfy\ATEPP_dataset\ATEPP-1.2\Ludwig_van_Beethoven\Piano_Sonata_No._17_in_D_Minor,_Op._31_No._2__Tempest_\I._Largo_-_Allegro\musicxml_cleaned.musicxml.midi",08370,08399,2.220446049250313e-16,5643
1253,"1253::C:\Users\정세린\Desktop\capstone_classicfy\ATEPP_dataset\ATEPP-1.2\Ludwig_van_Beethoven\Piano_Sonata_No._17_in_D_Minor,_Op._31_No._2__Tempest_\I._Largo_-_Allegro\musicxml_cleaned.musicxml.midi",08370,08400,4.440892098500626e-16,5643
1253,"1253::C:\Users\정세린\Desktop\capstone_classicfy\ATEPP_dataset\ATEPP-1.2\Ludwig_van_Beethoven\Piano_Sonata_No._17_in_D_Minor,_Op._31_No._2__Tempest_\I._Largo_-_Allegro\musicxml_cleaned.musicxml.midi",08370,08402,4.440892098500626e-16,5643
1253,"1253::C:\Users\정세린\Desktop\capstone_classicfy\ATEPP_dataset\ATEPP-1.2\Ludwig_van_Beethoven\Piano_Sonata_No._17_in_D_Minor,_Op._31_No._2__Tempest_\I._Largo_-_Allegro\musicxml_cleaned.musicxml.midi",08370,08403,4.440892098500626e-16,5644
1253,"1253::C:\Users\정세린\Desktop\capstone_classicfy\ATEPP_dataset\ATEPP-1.2\Ludwig_van_Beethoven\Piano_Sonata_No._17_in_D_Minor,_Op._31_No._2__Tempest_\I._Largo_-_Allegro\musicxml_cleaned.musicxml.midi",08370,08405,4.440892098500626e-16,5640
1253,"1253::C:\Users\정세린\Desktop\capstone_classicfy\ATEPP_dataset\ATEPP-1.2\Ludwig_van_Beethoven\Piano_Sonata_No._17_in_D_Minor,_Op._31_No._2__Tempest_\I._Largo_-_Allegro\musicxml_cleaned.musicxml.midi",08370,08406,4.440892098500626e-16,5644
1253,"1253::C:\Users\정세린\Desktop\capstone_classicfy\ATEPP_dataset\ATEPP-1.2\Ludwig_van_Beethoven\Piano_Sonata_No._17_in_D_Minor,_Op._31_No._2__Tempest_\I._Largo_-_Allegro\musicxml_cleaned.musicxml.midi",08370,08407,4.440892098500626e-16,5644
1253,"1253::C:\Users\정세린\Desktop\capstone_classicfy\ATEPP_dataset\ATEPP-1.2\Ludwig_van_Beethoven\Piano_Sonata_No._17_in_D_Minor,_Op._31_No._2__Tempest_\I._Largo_-_Allegro\musicxml_cleaned.musicxml.midi",08370,08408,2.220446049250313e-16,5644
1253,"1253::C:\Users\정세린\Desktop\capstone_classicfy\ATEPP_dataset\ATEPP-1.2\Ludwig_van_Beethoven\Piano_Sonata_No._17_in_D_Minor,_Op._31_No._2__Tempest_\I._Largo_-_Allegro\musicxml_cleaned.musicxml.midi",08370,08412,2.220446049250313e-16,5644
1253,"1253::C:\Users\정세린\Desktop\capstone_classicfy\ATEPP_dataset\ATEPP-1.2\Ludwig_van_Beethoven\Piano_Sonata_No._17_in_D_Minor,_Op._31_No._2__Tempest_\I._Largo_-_Allegro\musicxml_cleaned.musicxml.midi",08370,08415,2.220446049250313e-16,5644
1254,"1254::C:\Users\정세린\Desktop\capstone_classicfy\ATEPP_dataset\ATEPP-1.2\Ludwig_van_Beethoven\Piano_Sonata_No._17_in_D_Minor,_Op._31_No._2__Tempest_\III._Allegretto\musicxml_cleaned.musicxml.midi",08419,08421,4.440892098500626e-16,4160
1254,"1254::C:\Users\정세린\Desktop\capstone_classicfy\ATEPP_dataset\ATEPP-1.2\Ludwig_van_Beethoven\Piano_Sonata_No._17_in_D_Minor,_Op._31_No._2__Tempest_\III._Allegretto\musicxml_cleaned.musicxml.midi",08419,08423,4.440892098500626e-16,4160
1254,"1254::C:\Users\정세린\Desktop\capstone_classicfy\ATEPP_dataset\ATEPP-1.2\Ludwig_van_Beethoven\Piano_Sonata_No._17_in_D_Minor,_Op._31_No._2__Tempest_\III._Allegretto\musicxml_cleaned.musicxml.midi",08419,08424,4.440892098500626e-16,4160
1254,"1254::C:\Users\정세린\Desktop\capstone_classicfy\ATEPP_dataset\ATEPP-1.2\Ludwig_van_Beethoven\Piano_Sonata_No._17_in_D_Minor,_Op._31_No._2__Tempest_\III._Allegretto\musicxml_cleaned.musicxml.midi",08419,08425,8.881784197001252e-16,4160
1254,"1254::C:\Users\정세린\Desktop\capstone_classicfy\ATEPP_dataset\ATEPP-1.2\Ludwig_van_Beethoven\Piano_Sonata_No._17_in_D_Minor,_Op._31_No._2__Tempest_\III._Allegretto\musicxml_cleaned.musicxml.midi",08419,08426,8.881784197001252e-16,4160
1254,"1254::C:\Users\정세린\Desktop\capstone_classicfy\ATEPP_dataset\ATEPP-1.2\Ludwig_van_Beethoven\Piano_Sonata_No._17_in_D_Minor,_Op._31_No._2__Tempest_\III._Allegretto\musicxml_cleaned.musicxml.midi",08419,08427,8.881784197001252e-16,4160
1254,"1254::C:\Users\정세린\Desktop\capstone_classicfy\ATEPP_dataset\ATEPP-1.2\Ludwig_van_Beethoven\Piano_Sonata_No._17_in_D_Minor,_Op._31_No._2__Tempest_\III._Allegretto\musicxml_cleaned.musicxml.midi",08419,08428,4.440892098500626e-16,4160
1254,"1254::C:\Users\정세린\Desktop\capstone_classicfy\ATEPP_dataset\ATEPP-1.2\Ludwig_van_Beethoven\Piano_Sonata_No._17_in_D_Minor,_Op._31_No._2__Tempest_\III._Allegretto\musicxml_cleaned.musicxml.midi",08419,08429,4.440892098500626e-16,4160
1254,"1254::C:\Users\정세린\Desktop\capstone_classicfy\ATEPP_dataset\ATEPP-1.2\Ludwig_van_Beethoven\Piano_Sonata_No._17_in_D_Minor,_Op._31_No._2__Tempest_\III._Allegretto\musicxml_cleaned.musicxml.midi",08419,08430,4.440892098500626e-16,4160
1254,"1254::C:\Users\정세린\Desktop\capstone_classicfy\ATEPP_dataset\ATEPP-1.2\Ludwig_van_Beethoven\Piano_Sonata_No._17_in_D_Minor,_Op._31_No._2__Tempest_\III._Allegretto\musicxml_cleaned.musicxml.midi",08419,08431,8.881784197001252e-16,4160
1254,"1254::C:\Users\정세린\Desktop\capstone_classicfy\ATEPP_dataset\ATEPP-1.2\Ludwig_van_Beethoven\Piano_Sonata_No._17_in_D_Minor,_Op._31_No._2__Tempest_\III._Allegretto\musicxml_cleaned.musicxml.midi",08419,08432,8.881784197001252e-16,4160
1254,"1254::C:\Users\정세린\Desktop\capstone_classicfy\ATEPP_dataset\ATEPP-1.2\Ludwig_van_Beethoven\Piano_Sonata_No._17_in_D_Minor,_Op._31_No._2__Tempest_\III._Allegretto\musicxml_cleaned.musicxml.midi",08419,08433,8.881784197001252e-16,4160
1254,"1254::C:\Users\정세린\Desktop\capstone_classicfy\ATEPP_dataset\ATEPP-1.2\Ludwig_van_Beethoven\Piano_Sonata_No._17_in_D_Minor,_Op._31_No._2__Tempest_\III._Allegretto\musicxml_cleaned.musicxml.midi",08419,08434,8.881784197001252e-16,4160
1254,"1254::C:\Users\정세린\Desktop\capstone_classicfy\ATEPP_dataset\ATEPP-1.2\Ludwig_van_Beethoven\Piano_Sonata_No._17_in_D_Minor,_Op._31_No._2__Tempest_\III._Allegretto\musicxml_cleaned.musicxml.midi",08419,08435,8.881784197001252e-16,4160
1254,"1254::C:\Users\정세린\Desktop\capstone_classicfy\ATEPP_dataset\ATEPP-1.2\Ludwig_van_Beethoven\Piano_Sonata_No._17_in_D_Minor,_Op._31_No._2__Tempest_\III._Allegretto\musicxml_cleaned.musicxml.midi",08419,08436,8.881784197001252e-16,4160
1254,"1254::C:\Users\정세린\Desktop\capstone_classicfy\ATEPP_dataset\ATEPP-1.2\Ludwig_van_Beethoven\Piano_Sonata_No._17_in_D_Minor,_Op._31_No._2__Tempest_\III._Allegretto\musicxml_cleaned.musicxml.midi",08419,08437,4.440892098500626e-16,4160
1254,"1254::C:\Users\정세린\Desktop\capstone_classicfy\ATEPP_dataset\ATEPP-1.2\Ludwig_van_Beethoven\Piano_Sonata_No._17_in_D_Minor,_Op._31_No._2__Tempest_\III._Allegretto\musicxml_cleaned.musicxml.midi",08419,08438,8.881784197001252e-16,4160
1254,"1254::C:\Users\정세린\Desktop\capstone_classicfy\ATEPP_dataset\ATEPP-1.2\Ludwig_van_Beethoven\Piano_Sonata_No._17_in_D_Minor,_Op._31_No._2__Tempest_\III._Allegretto\musicxml_cleaned.musicxml.midi",08419,08439,4.440892098500626e-16,4160
1254,"1254::C:\Users\정세린\Desktop\capstone_classicfy\ATEPP_dataset\ATEPP-1.2\Ludwig_van_Beethoven\Piano_Sonata_No._17_in_D_Minor,_Op._31_No._2__Tempest_\III._Allegretto\musicxml_cleaned.musicxml.midi",08419,08440,4.440892098500626e-16,4160
1254,"1254::C:\Users\정세린\Desktop\capstone_classicfy\ATEPP_dataset\ATEPP-1.2\Ludwig_van_Beethoven\Piano_Sonata_No._17_in_D_Minor,_Op._31_No._2__Tempest_\III._Allegretto\musicxml_cleaned.musicxml.midi",08419,08442,4.440892098500626e-16,4160
1254,"1254::C:\Users\정세린\Desktop\capstone_classicfy\ATEPP_dataset\ATEPP-1.2\Ludwig_van_Beethoven\Piano_Sonata_No._17_in_D_Minor,_Op._31_No._2__Tempest_\III._Allegretto\musicxml_cleaned.musicxml.midi",08419,08443,4.440892098500626e-16,4160
1256,"1256::C:\Users\정세린\Desktop\capstone_classicfy\ATEPP_dataset\ATEPP-1.2\Ludwig_van_Beethoven\Piano_Sonata_No.13_in_E_flat,_Op.27_No.1\3._Adagio_con_espressione\Sonate_No._13_3rd_Movement.mxl.midi",08456,08460,5.551115123125783e-17,539
1256,"1256::C:\Users\정세린\Desktop\capstone_classicfy\ATEPP_dataset\ATEPP-1.2\Ludwig_van_Beethoven\Piano_Sonata_No.13_in_E_flat,_Op.27_No.1\3._Adagio_con_espressione\Sonate_No._13_3rd_Movement.mxl.midi",08456,08461,5.551115123125783e-17,539
1256,"1256::C:\Users\정세린\Desktop\capstone_classicfy\ATEPP_dataset\ATEPP-1.2\Ludwig_van_Beethoven\Piano_Sonata_No.13_in_E_flat,_Op.27_No.1\3._Adagio_con_espressione\Sonate_No._13_3rd_Movement.mxl.midi",08456,08462,1.3877787807814457e-17,539
1258,"1258::C:\Users\정세린\Desktop\capstone_classicfy\ATEPP_dataset\ATEPP-1.2\Ludwig_van_Beethoven\Piano_Sonata_No.13_in_E_flat,_Op.27_No.1\4._Allegro_vivace_-_Tempo_I_-_Presto\Sonate_No._13_4th_Movement.mxl.midi",08472,08473,2.220446049250313e-16,4036
1258,"1258::C:\Users\정세린\Desktop\capstone_classicfy\ATEPP_dataset\ATEPP-1.2\Ludwig_van_Beethoven\Piano_Sonata_No.13_in_E_flat,_Op.27_No.1\4._Allegro_vivace_-_Tempo_I_-_Presto\Sonate_No._13_4th_Movement.mxl.midi",08472,08474,2.220446049250313e-16,4036
1258,"1258::C:\Users\정세린\Desktop\capstone_classicfy\ATEPP_dataset\ATEPP-1.2\Ludwig_van_Beethoven\Piano_Sonata_No.13_in_E_flat,_Op.27_No.1\4._Allegro_vivace_-_Tempo_I_-_Presto\Sonate_No._13_4th_Movement.mxl.midi",08472,08475,2.220446049250313e-16,4036
1258,"1258::C:\Users\정세린\Desktop\capstone_classicfy\ATEPP_dataset\ATEPP-1.2\Ludwig_van_Beethoven\Piano_Sonata_No.13_in_E_flat,_Op.27_No.1\4._Allegro_vivace_-_Tempo_I_-_Presto\Sonate_No._13_4th_Movement.mxl.midi",08472,08476,2.220446049250313e-16,4036
1258,"1258::C:\Users\정세린\Desktop\capstone_classicfy\ATEPP_dataset\ATEPP-1.2\Ludwig_van_Beethoven\Piano_Sonata_No.13_in_E_flat,_Op.27_No.1\4._Allegro_vivace_-_Tempo_I_-_Presto\Sonate_No._13_4th_Movement.mxl.midi",08472,08477,2.220446049250313e-16,4036
1258,"1258::C:\Users\정세린\Desktop\capstone_classicfy\ATEPP_dataset\ATEPP-1.2\Ludwig_van_Beethoven\Piano_Sonata_No.13_in_E_flat,_Op.27_No.1\4._Allegro_vivace_-_Tempo_I_-_Presto\Sonate_No._13_4th_Movement.mxl.midi",08472,08478,4.440892098500626e-16,4036
1258,"1258::C:\Users\정세린\Desktop\capstone_classicfy\ATEPP_dataset\ATEPP-1.2\Ludwig_van_Beethoven\Piano_Sonata_No.13_in_E_flat,_Op.27_No.1\4._Allegro_vivace_-_Tempo_I_-_Presto\Sonate_No._13_4th_Movement.mxl.midi",08472,08479,2.220446049250313e-16,4036
1259,"1259::C:\Users\정세린\Desktop\capstone_classicfy\ATEPP_dataset\ATEPP-1.2\Ludwig_van_Beethoven\Piano_Sonata_No._27_in_E_Minor,_Op._90\II._Nicht_zu_geschwind_und_sehr_singbar_vorgetragen\musicxml_cleaned.musicxml.midi",08483,08485,8.881784197001252e-16,4051
1259,"1259::C:\Users\정세린\Desktop\capstone_classicfy\ATEPP_dataset\ATEPP-1.2\Ludwig_van_Beethoven\Piano_Sonata_No._27_in_E_Minor,_Op._90\II._Nicht_zu_geschwind_und_sehr_singbar_vorgetragen\musicxml_cleaned.musicxml.midi",08483,08486,2.220446049250313e-16,4051
1259,"1259::C:\Users\정세린\Desktop\capstone_classicfy\ATEPP_dataset\ATEPP-1.2\Ludwig_van_Beethoven\Piano_Sonata_No._27_in_E_Minor,_Op._90\II._Nicht_zu_geschwind_und_sehr_singbar_vorgetragen\musicxml_cleaned.musicxml.midi",08483,08487,4.440892098500626e-16,4051
1259,"1259::C:\Users\정세린\Desktop\capstone_classicfy\ATEPP_dataset\ATEPP-1.2\Ludwig_van_Beethoven\Piano_Sonata_No._27_in_E_Minor,_Op._90\II._Nicht_zu_geschwind_und_sehr_singbar_vorgetragen\musicxml_cleaned.musicxml.midi",08483,08488,2.220446049250313e-16,4051
1259,"1259::C:\Users\정세린\Desktop\capstone_classicfy\ATEPP_dataset\ATEPP-1.2\Ludwig_van_Beethoven\Piano_Sonata_No._27_in_E_Minor,_Op._90\II._Nicht_zu_geschwind_und_sehr_singbar_vorgetragen\musicxml_cleaned.musicxml.midi",08483,08489,8.881784197001252e-16,4051
1259,"1259::C:\Users\정세린\Desktop\capstone_classicfy\ATEPP_dataset\ATEPP-1.2\Ludwig_van_Beethoven\Piano_Sonata_No._27_in_E_Minor,_Op._90\II._Nicht_zu_geschwind_und_sehr_singbar_vorgetragen\musicxml_cleaned.musicxml.midi",08483,08493,4.440892098500626e-16,4051
1259,"1259::C:\Users\정세린\Desktop\capstone_classicfy\ATEPP_dataset\ATEPP-1.2\Ludwig_van_Beethoven\Piano_Sonata_No._27_in_E_Minor,_Op._90\II._Nicht_zu_geschwind_und_sehr_singbar_vorgetragen\musicxml_cleaned.musicxml.midi",08483,08494,4.440892098500626e-16,4051
1259,"1259::C:\Users\정세린\Desktop\capstone_classicfy\ATEPP_dataset\ATEPP-1.2\Ludwig_van_Beethoven\Piano_Sonata_No._27_in_E_Minor,_Op._90\II._Nicht_zu_geschwind_und_sehr_singbar_vorgetragen\musicxml_cleaned.musicxml.midi",08483,08495,4.440892098500626e-16,4049
1259,"1259::C:\Users\정세린\Desktop\capstone_classicfy\ATEPP_dataset\ATEPP-1.2\Ludwig_van_Beethoven\Piano_Sonata_No._27_in_E_Minor,_Op._90\II._Nicht_zu_geschwind_und_sehr_singbar_vorgetragen\musicxml_cleaned.musicxml.midi",08483,08496,4.440892098500626e-16,4051
1259,"1259::C:\Users\정세린\Desktop\capstone_classicfy\ATEPP_dataset\ATEPP-1.2\Ludwig_van_Beethoven\Piano_Sonata_No._27_in_E_Minor,_Op._90\II._Nicht_zu_geschwind_und_sehr_singbar_vorgetragen\musicxml_cleaned.musicxml.midi",08483,08497,4.440892098500626e-16,4051
1259,"1259::C:\Users\정세린\Desktop\capstone_classicfy\ATEPP_dataset\ATEPP-1.2\Ludwig_van_Beethoven\Piano_Sonata_No._27_in_E_Minor,_Op._90\II._Nicht_zu_geschwind_und_sehr_singbar_vorgetragen\musicxml_cleaned.musicxml.midi",08483,08498,1.7763568394002505e-15,4051
1259,"1259::C:\Users\정세린\Desktop\capstone_classicfy\ATEPP_dataset\ATEPP-1.2\Ludwig_van_Beethoven\Piano_Sonata_No._27_in_E_Minor,_Op._90\II._Nicht_zu_geschwind_und_sehr_singbar_vorgetragen\musicxml_cleaned.musicxml.midi",08483,08499,8.881784197001252e-16,4051
1259,"1259::C:\Users\정세린\Desktop\capstone_classicfy\ATEPP_dataset\ATEPP-1.2\Ludwig_van_Beethoven\Piano_Sonata_No._27_in_E_Minor,_Op._90\II._Nicht_zu_geschwind_und_sehr_singbar_vorgetragen\musicxml_cleaned.musicxml.midi",08483,08500,2.220446049250313e-16,4051
1259,"1259::C:\Users\정세린\Desktop\capstone_classicfy\ATEPP_dataset\ATEPP-1.2\Ludwig_van_Beethoven\Piano_Sonata_No._27_in_E_Minor,_Op._90\II._Nicht_zu_geschwind_und_sehr_singbar_vorgetragen\musicxml_cleaned.musicxml.midi",08483,08501,4.440892098500626e-16,4051
1259,"1259::C:\Users\정세린\Desktop\capstone_classicfy\ATEPP_dataset\ATEPP-1.2\Ludwig_van_Beethoven\Piano_Sonata_No._27_in_E_Minor,_Op._90\II._Nicht_zu_geschwind_und_sehr_singbar_vorgetragen\musicxml_cleaned.musicxml.midi",08483,08502,4.440892098500626e-16,4051
1259,"1259::C:\Users\정세린\Desktop\capstone_classicfy\ATEPP_dataset\ATEPP-1.2\Ludwig_van_Beethoven\Piano_Sonata_No._27_in_E_Minor,_Op._90\II._Nicht_zu_geschwind_und_sehr_singbar_vorgetragen\musicxml_cleaned.musicxml.midi",08483,08503,4.440892098500626e-16,4051
1259,"1259::C:\Users\정세린\Desktop\capstone_classicfy\ATEPP_dataset\ATEPP-1.2\Ludwig_van_Beethoven\Piano_Sonata_No._27_in_E_Minor,_Op._90\II._Nicht_zu_geschwind_und_sehr_singbar_vorgetragen\musicxml_cleaned.musicxml.midi",08483,08504,4.440892098500626e-16,4051
1259,"1259::C:\Users\정세린\Desktop\capstone_classicfy\ATEPP_dataset\ATEPP-1.2\Ludwig_van_Beethoven\Piano_Sonata_No._27_in_E_Minor,_Op._90\II._Nicht_zu_geschwind_und_sehr_singbar_vorgetragen\musicxml_cleaned.musicxml.midi",08483,08509,4.440892098500626e-16,4051
1259,"1259::C:\Users\정세린\Desktop\capstone_classicfy\ATEPP_dataset\ATEPP-1.2\Ludwig_van_Beethoven\Piano_Sonata_No._27_in_E_Minor,_Op._90\II._Nicht_zu_geschwind_und_sehr_singbar_vorgetragen\musicxml_cleaned.musicxml.midi",08483,08511,4.440892098500626e-16,4051
1259,"1259::C:\Users\정세린\Desktop\capstone_classicfy\ATEPP_dataset\ATEPP-1.2\Ludwig_van_Beethoven\Piano_Sonata_No._27_in_E_Minor,_Op._90\II._Nicht_zu_geschwind_und_sehr_singbar_vorgetragen\musicxml_cleaned.musicxml.midi",08483,08512,2.220446049250313e-16,4051
1259,"1259::C:\Users\정세린\Desktop\capstone_classicfy\ATEPP_dataset\ATEPP-1.2\Ludwig_van_Beethoven\Piano_Sonata_No._27_in_E_Minor,_Op._90\II._Nicht_zu_geschwind_und_sehr_singbar_vorgetragen\musicxml_cleaned.musicxml.midi",08483,08513,4.440892098500626e-16,4051
1259,"1259::C:\Users\정세린\Desktop\capstone_classicfy\ATEPP_dataset\ATEPP-1.2\Ludwig_van_Beethoven\Piano_Sonata_No._27_in_E_Minor,_Op._90\II._Nicht_zu_geschwind_und_sehr_singbar_vorgetragen\musicxml_cleaned.musicxml.midi",08483,08514,4.440892098500626e-16,4051
1259,"1259::C:\Users\정세린\Desktop\capstone_classicfy\ATEPP_dataset\ATEPP-1.2\Ludwig_van_Beethoven\Piano_Sonata_No._27_in_E_Minor,_Op._90\II._Nicht_zu_geschwind_und_sehr_singbar_vorgetragen\musicxml_cleaned.musicxml.midi",08483,08515,4.440892098500626e-16,4051
1259,"1259::C:\Users\정세린\Desktop\capstone_classicfy\ATEPP_dataset\ATEPP-1.2\Ludwig_van_Beethoven\Piano_Sonata_No._27_in_E_Minor,_Op._90\II._Nicht_zu_geschwind_und_sehr_singbar_vorgetragen\musicxml_cleaned.musicxml.midi",08483,08516,2.220446049250313e-16,4051
1259,"1259::C:\Users\정세린\Desktop\capstone_classicfy\ATEPP_dataset\ATEPP-1.2\Ludwig_van_Beethoven\Piano_Sonata_No._27_in_E_Minor,_Op._90\II._Nicht_zu_geschwind_und_sehr_singbar_vorgetragen\musicxml_cleaned.musicxml.midi",08483,08517,2.220446049250313e-16,4051
1260,"1260::C:\Users\정세린\Desktop\capstone_classicfy\ATEPP_dataset\ATEPP-1.2\Ludwig_van_Beethoven\Piano_Sonata_No._27_in_E_Minor,_Op._90\I._Mit_Lebhaftigkeit_und_durchaus_mit_Empfindung_und_Ausdruck\musicxml_cleaned.musicxml.midi",08521,08523,4.440892098500626e-16,4017
1260,"1260::C:\Users\정세린\Desktop\capstone_classicfy\ATEPP_dataset\ATEPP-1.2\Ludwig_van_Beethoven\Piano_Sonata_No._27_in_E_Minor,_Op._90\I._Mit_Lebhaftigkeit_und_durchaus_mit_Empfindung_und_Ausdruck\musicxml_cleaned.musicxml.midi",08521,08524,4.440892098500626e-16,4019
1260,"1260::C:\Users\정세린\Desktop\capstone_classicfy\ATEPP_dataset\ATEPP-1.2\Ludwig_van_Beethoven\Piano_Sonata_No._27_in_E_Minor,_Op._90\I._Mit_Lebhaftigkeit_und_durchaus_mit_Empfindung_und_Ausdruck\musicxml_cleaned.musicxml.midi",08521,08525,4.440892098500626e-16,4018
1260,"1260::C:\Users\정세린\Desktop\capstone_classicfy\ATEPP_dataset\ATEPP-1.2\Ludwig_van_Beethoven\Piano_Sonata_No._27_in_E_Minor,_Op._90\I._Mit_Lebhaftigkeit_und_durchaus_mit_Empfindung_und_Ausdruck\musicxml_cleaned.musicxml.midi",08521,08526,2.220446049250313e-16,4019
1260,"1260::C:\Users\정세린\Desktop\capstone_classicfy\ATEPP_dataset\ATEPP-1.2\Ludwig_van_Beethoven\Piano_Sonata_No._27_in_E_Minor,_Op._90\I._Mit_Lebhaftigkeit_und_durchaus_mit_Empfindung_und_Ausdruck\musicxml_cleaned.musicxml.midi",08521,08530,4.440892098500626e-16,4019
1260,"1260::C:\Users\정세린\Desktop\capstone_classicfy\ATEPP_dataset\ATEPP-1.2\Ludwig_van_Beethoven\Piano_Sonata_No._27_in_E_Minor,_Op._90\I._Mit_Lebhaftigkeit_und_durchaus_mit_Empfindung_und_Ausdruck\musicxml_cleaned.musicxml.midi",08521,08531,4.440892098500626e-16,4019
1260,"1260::C:\Users\정세린\Desktop\capstone_classicfy\ATEPP_dataset\ATEPP-1.2\Ludwig_van_Beethoven\Piano_Sonata_No._27_in_E_Minor,_Op._90\I._Mit_Lebhaftigkeit_und_durchaus_mit_Empfindung_und_Ausdruck\musicxml_cleaned.musicxml.midi",08521,08532,2.220446049250313e-16,4021
1260,"1260::C:\Users\정세린\Desktop\capstone_classicfy\ATEPP_dataset\ATEPP-1.2\Ludwig_van_Beethoven\Piano_Sonata_No._27_in_E_Minor,_Op._90\I._Mit_Lebhaftigkeit_und_durchaus_mit_Empfindung_und_Ausdruck\musicxml_cleaned.musicxml.midi",08521,08533,4.440892098500626e-16,4015
1260,"1260::C:\Users\정세린\Desktop\capstone_classicfy\ATEPP_dataset\ATEPP-1.2\Ludwig_van_Beethoven\Piano_Sonata_No._27_in_E_Minor,_Op._90\I._Mit_Lebhaftigkeit_und_durchaus_mit_Empfindung_und_Ausdruck\musicxml_cleaned.musicxml.midi",08521,08534,4.440892098500626e-16,4021
1260,"1260::C:\Users\정세린\Desktop\capstone_classicfy\ATEPP_dataset\ATEPP-1.2\Ludwig_van_Beethoven\Piano_Sonata_No._27_in_E_Minor,_Op._90\I._Mit_Lebhaftigkeit_und_durchaus_mit_Empfindung_und_Ausdruck\musicxml_cleaned.musicxml.midi",08521,08535,4.440892098500626e-16,4021
1260,"1260::C:\Users\정세린\Desktop\capstone_classicfy\ATEPP_dataset\ATEPP-1.2\Ludwig_van_Beethoven\Piano_Sonata_No._27_in_E_Minor,_Op._90\I._Mit_Lebhaftigkeit_und_durchaus_mit_Empfindung_und_Ausdruck\musicxml_cleaned.musicxml.midi",08521,08536,4.440892098500626e-16,4020
1260,"1260::C:\Users\정세린\Desktop\capstone_classicfy\ATEPP_dataset\ATEPP-1.2\Ludwig_van_Beethoven\Piano_Sonata_No._27_in_E_Minor,_Op._90\I._Mit_Lebhaftigkeit_und_durchaus_mit_Empfindung_und_Ausdruck\musicxml_cleaned.musicxml.midi",08521,08537,4.440892098500626e-16,4017
1260,"1260::C:\Users\정세린\Desktop\capstone_classicfy\ATEPP_dataset\ATEPP-1.2\Ludwig_van_Beethoven\Piano_Sonata_No._27_in_E_Minor,_Op._90\I._Mit_Lebhaftigkeit_und_durchaus_mit_Empfindung_und_Ausdruck\musicxml_cleaned.musicxml.midi",08521,08538,8.881784197001252e-16,4021
1260,"1260::C:\Users\정세린\Desktop\capstone_classicfy\ATEPP_dataset\ATEPP-1.2\Ludwig_van_Beethoven\Piano_Sonata_No._27_in_E_Minor,_Op._90\I._Mit_Lebhaftigkeit_und_durchaus_mit_Empfindung_und_Ausdruck\musicxml_cleaned.musicxml.midi",08521,08539,4.440892098500626e-16,4017
1260,"1260::C:\Users\정세린\Desktop\capstone_classicfy\ATEPP_dataset\ATEPP-1.2\Ludwig_van_Beethoven\Piano_Sonata_No._27_in_E_Minor,_Op._90\I._Mit_Lebhaftigkeit_und_durchaus_mit_Empfindung_und_Ausdruck\musicxml_cleaned.musicxml.midi",08521,08540,2.220446049250313e-16,4021
1260,"1260::C:\Users\정세린\Desktop\capstone_classicfy\ATEPP_dataset\ATEPP-1.2\Ludwig_van_Beethoven\Piano_Sonata_No._27_in_E_Minor,_Op._90\I._Mit_Lebhaftigkeit_und_durchaus_mit_Empfindung_und_Ausdruck\musicxml_cleaned.musicxml.midi",08521,08541,4.440892098500626e-16,4015
1260,"1260::C:\Users\정세린\Desktop\capstone_classicfy\ATEPP_dataset\ATEPP-1.2\Ludwig_van_Beethoven\Piano_Sonata_No._27_in_E_Minor,_Op._90\I._Mit_Lebhaftigkeit_und_durchaus_mit_Empfindung_und_Ausdruck\musicxml_cleaned.musicxml.midi",08521,08545,2.220446049250313e-16,4021
1260,"1260::C:\Users\정세린\Desktop\capstone_classicfy\ATEPP_dataset\ATEPP-1.2\Ludwig_van_Beethoven\Piano_Sonata_No._27_in_E_Minor,_Op._90\I._Mit_Lebhaftigkeit_und_durchaus_mit_Empfindung_und_Ausdruck\musicxml_cleaned.musicxml.midi",08521,08547,2.220446049250313e-16,4021
1260,"1260::C:\Users\정세린\Desktop\capstone_classicfy\ATEPP_dataset\ATEPP-1.2\Ludwig_van_Beethoven\Piano_Sonata_No._27_in_E_Minor,_Op._90\I._Mit_Lebhaftigkeit_und_durchaus_mit_Empfindung_und_Ausdruck\musicxml_cleaned.musicxml.midi",08521,08548,4.440892098500626e-16,4023
1260,"1260::C:\Users\정세린\Desktop\capstone_classicfy\ATEPP_dataset\ATEPP-1.2\Ludwig_van_Beethoven\Piano_Sonata_No._27_in_E_Minor,_Op._90\I._Mit_Lebhaftigkeit_und_durchaus_mit_Empfindung_und_Ausdruck\musicxml_cleaned.musicxml.midi",08521,08549,4.440892098500626e-16,4020
1260,"1260::C:\Users\정세린\Desktop\capstone_classicfy\ATEPP_dataset\ATEPP-1.2\Ludwig_van_Beethoven\Piano_Sonata_No._27_in_E_Minor,_Op._90\I._Mit_Lebhaftigkeit_und_durchaus_mit_Empfindung_und_Ausdruck\musicxml_cleaned.musicxml.midi",08521,08550,4.440892098500626e-16,4023
1264,"1264::C:\Users\정세린\Desktop\capstone_classicfy\ATEPP_dataset\ATEPP-1.2\Ludwig_van_Beethoven\Piano_Sonata_No._24_in_F-Sharp_Major,_Op._78__For_Therese_\2._Allegro_vivace\musicxml_cleaned.musicxml.midi",08583,08584,2.220446049250313e-16,2574
1264,"1264::C:\Users\정세린\Desktop\capstone_classicfy\ATEPP_dataset\ATEPP-1.2\Ludwig_van_Beethoven\Piano_Sonata_No._24_in_F-Sharp_Major,_Op._78__For_Therese_\2._Allegro_vivace\musicxml_cleaned.musicxml.midi",08583,08587,4.440892098500626e-16,2574
1264,"1264::C:\Users\정세린\Desktop\capstone_classicfy\ATEPP_dataset\ATEPP-1.2\Ludwig_van_Beethoven\Piano_Sonata_No._24_in_F-Sharp_Major,_Op._78__For_Therese_\2._Allegro_vivace\musicxml_cleaned.musicxml.midi",08583,08588,4.440892098500626e-16,2574
1264,"1264::C:\Users\정세린\Desktop\capstone_classicfy\ATEPP_dataset\ATEPP-1.2\Ludwig_van_Beethoven\Piano_Sonata_No._24_in_F-Sharp_Major,_Op._78__For_Therese_\2._Allegro_vivace\musicxml_cleaned.musicxml.midi",08583,08590,4.440892098500626e-16,2574
1264,"1264::C:\Users\정세린\Desktop\capstone_classicfy\ATEPP_dataset\ATEPP-1.2\Ludwig_van_Beethoven\Piano_Sonata_No._24_in_F-Sharp_Major,_Op._78__For_Therese_\2._Allegro_vivace\musicxml_cleaned.musicxml.midi",08583,08591,4.440892098500626e-16,2574
1264,"1264::C:\Users\정세린\Desktop\capstone_classicfy\ATEPP_dataset\ATEPP-1.2\Ludwig_van_Beethoven\Piano_Sonata_No._24_in_F-Sharp_Major,_Op._78__For_Therese_\2._Allegro_vivace\musicxml_cleaned.musicxml.midi",08583,08592,4.440892098500626e-16,2574
1264,"1264::C:\Users\정세린\Desktop\capstone_classicfy\ATEPP_dataset\ATEPP-1.2\Ludwig_van_Beethoven\Piano_Sonata_No._24_in_F-Sharp_Major,_Op._78__For_Therese_\2._Allegro_vivace\musicxml_cleaned.musicxml.midi",08583,08593,4.440892098500626e-16,2574
1264,"1264::C:\Users\정세린\Desktop\capstone_classicfy\ATEPP_dataset\ATEPP-1.2\Ludwig_van_Beethoven\Piano_Sonata_No._24_in_F-Sharp_Major,_Op._78__For_Therese_\2._Allegro_vivace\musicxml_cleaned.musicxml.midi",08583,08595,4.440892098500626e-16,2572
1264,"1264::C:\Users\정세린\Desktop\capstone_classicfy\ATEPP_dataset\ATEPP-1.2\Ludwig_van_Beethoven\Piano_Sonata_No._24_in_F-Sharp_Major,_Op._78__For_Therese_\2._Allegro_vivace\musicxml_cleaned.musicxml.midi",08583,08596,4.440892098500626e-16,2572
1264,"1264::C:\Users\정세린\Desktop\capstone_classicfy\ATEPP_dataset\ATEPP-1.2\Ludwig_van_Beethoven\Piano_Sonata_No._24_in_F-Sharp_Major,_Op._78__For_Therese_\2._Allegro_vivace\musicxml_cleaned.musicxml.midi",08583,08599,4.440892098500626e-16,2574
1264,"1264::C:\Users\정세린\Desktop\capstone_classicfy\ATEPP_dataset\ATEPP-1.2\Ludwig_van_Beethoven\Piano_Sonata_No._24_in_F-Sharp_Major,_Op._78__For_Therese_\2._Allegro_vivace\musicxml_cleaned.musicxml.midi",08583,08601,4.440892098500626e-16,2574
1264,"1264::C:\Users\정세린\Desktop\capstone_classicfy\ATEPP_dataset\ATEPP-1.2\Ludwig_van_Beethoven\Piano_Sonata_No._24_in_F-Sharp_Major,_Op._78__For_Therese_\2._Allegro_vivace\musicxml_cleaned.musicxml.midi",08583,08602,4.440892098500626e-16,2574
1264,"1264::C:\Users\정세린\Desktop\capstone_classicfy\ATEPP_dataset\ATEPP-1.2\Ludwig_van_Beethoven\Piano_Sonata_No._24_in_F-Sharp_Major,_Op._78__For_Therese_\2._Allegro_vivace\musicxml_cleaned.musicxml.midi",08583,08604,4.440892098500626e-16,2570
1264,"1264::C:\Users\정세린\Desktop\capstone_classicfy\ATEPP_dataset\ATEPP-1.2\Ludwig_van_Beethoven\Piano_Sonata_No._24_in_F-Sharp_Major,_Op._78__For_Therese_\2._Allegro_vivace\musicxml_cleaned.musicxml.midi",08583,08606,4.440892098500626e-16,2574
127,"127::C:\Users\정세린\Desktop\capstone_classicfy\ATEPP_dataset\ATEPP-1.2\Alexander_Scriabin\12_Etudes,_Op._8\No._11_in_B-Flat_Minor\musicxml_cleaned.musicxml.midi",00460,00461,0.0,1102
127,"127::C:\Users\정세린\Desktop\capstone_classicfy\ATEPP_dataset\ATEPP-1.2\Alexander_Scriabin\12_Etudes,_Op._8\No._11_in_B-Flat_Minor\musicxml_cleaned.musicxml.midi",00460,00463,1.1102230246251565e-16,1100
1300,"1300::C:\Users\정세린\Desktop\capstone_classicfy\ATEPP_dataset\ATEPP-1.2\Ludwig_van_Beethoven\Piano_Sonata_No._11_in_B-Flat_Major,_Op._22\I._Allegro_con_brio\musicxml_cleaned.musicxml.midi",08795,08796,8.881784197001252e-16,5522
1300,"1300::C:\Users\정세린\Desktop\capstone_classicfy\ATEPP_dataset\ATEPP-1.2\Ludwig_van_Beethoven\Piano_Sonata_No._11_in_B-Flat_Major,_Op._22\I._Allegro_con_brio\musicxml_cleaned.musicxml.midi",08795,08797,4.440892098500626e-16,5514
1300,"1300::C:\Users\정세린\Desktop\capstone_classicfy\ATEPP_dataset\ATEPP-1.2\Ludwig_van_Beethoven\Piano_Sonata_No._11_in_B-Flat_Major,_Op._22\I._Allegro_con_brio\musicxml_cleaned.musicxml.midi",08795,08798,8.881784197001252e-16,5522
1300,"1300::C:\Users\정세린\Desktop\capstone_classicfy\ATEPP_dataset\ATEPP-1.2\Ludwig_van_Beethoven\Piano_Sonata_No._11_in_B-Flat_Major,_Op._22\I._Allegro_con_brio\musicxml_cleaned.musicxml.midi",08795,08800,4.440892098500626e-16,5520
1300,"1300::C:\Users\정세린\Desktop\capstone_classicfy\ATEPP_dataset\ATEPP-1.2\Ludwig_van_Beethoven\Piano_Sonata_No._11_in_B-Flat_Major,_Op._22\I._Allegro_con_brio\musicxml_cleaned.musicxml.midi",08795,08801,8.881784197001252e-16,5526
1300,"1300::C:\Users\정세린\Desktop\capstone_classicfy\ATEPP_dataset\ATEPP-1.2\Ludwig_van_Beethoven\Piano_Sonata_No._11_in_B-Flat_Major,_Op._22\I._Allegro_con_brio\musicxml_cleaned.musicxml.midi",08795,08804,8.881784197001252e-16,5515
1300,"1300::C:\Users\정세린\Desktop\capstone_classicfy\ATEPP_dataset\ATEPP-1.2\Ludwig_van_Beethoven\Piano_Sonata_No._11_in_B-Flat_Major,_Op._22\I._Allegro_con_brio\musicxml_cleaned.musicxml.midi",08795,08805,8.881784197001252e-16,5523
1300,"1300::C:\Users\정세린\Desktop\capstone_classicfy\ATEPP_dataset\ATEPP-1.2\Ludwig_van_Beethoven\Piano_Sonata_No._11_in_B-Flat_Major,_Op._22\I._Allegro_con_brio\musicxml_cleaned.musicxml.midi",08795,08808,8.881784197001252e-16,5500
1300,"1300::C:\Users\정세린\Desktop\capstone_classicfy\ATEPP_dataset\ATEPP-1.2\Ludwig_van_Beethoven\Piano_Sonata_No._11_in_B-Flat_Major,_Op._22\I._Allegro_con_brio\musicxml_cleaned.musicxml.midi",08795,08810,4.440892098500626e-16,5519
1300,"1300::C:\Users\정세린\Desktop\capstone_classicfy\ATEPP_dataset\ATEPP-1.2\Ludwig_van_Beethoven\Piano_Sonata_No._11_in_B-Flat_Major,_Op._22\I._Allegro_con_brio\musicxml_cleaned.musicxml.midi",08795,08811,8.881784197001252e-16,5495
1301,"1301::C:\Users\정세린\Desktop\capstone_classicfy\ATEPP_dataset\ATEPP-1.2\Ludwig_van_Beethoven\Piano_Sonata_No._11_in_B-Flat_Major,_Op._22\II._Adagio_con_molto_espressione\musicxml_cleaned.musicxml.midi",08815,08816,2.220446049250313e-16,2392
1301,"1301::C:\Users\정세린\Desktop\capstone_classicfy\ATEPP_dataset\ATEPP-1.2\Ludwig_van_Beethoven\Piano_Sonata_No._11_in_B-Flat_Major,_Op._22\II._Adagio_con_molto_espressione\musicxml_cleaned.musicxml.midi",08815,08818,8.881784197001252e-16,2390
1301,"1301::C:\Users\정세린\Desktop\capstone_classicfy\ATEPP_dataset\ATEPP-1.2\Ludwig_van_Beethoven\Piano_Sonata_No._11_in_B-Flat_Major,_Op._22\II._Adagio_con_molto_espressione\musicxml_cleaned.musicxml.midi",08815,08820,4.440892098500626e-16,2392
1301,"1301::C:\Users\정세린\Desktop\capstone_classicfy\ATEPP_dataset\ATEPP-1.2\Ludwig_van_Beethoven\Piano_Sonata_No._11_in_B-Flat_Major,_Op._22\II._Adagio_con_molto_espressione\musicxml_cleaned.musicxml.midi",08815,08821,2.220446049250313e-16,2390
1301,"1301::C:\Users\정세린\Desktop\capstone_classicfy\ATEPP_dataset\ATEPP-1.2\Ludwig_van_Beethoven\Piano_Sonata_No._11_in_B-Flat_Major,_Op._22\II._Adagio_con_molto_espressione\musicxml_cleaned.musicxml.midi",08815,08822,2.220446049250313e-16,2392
1301,"1301::C:\Users\정세린\Desktop\capstone_classicfy\ATEPP_dataset\ATEPP-1.2\Ludwig_van_Beethoven\Piano_Sonata_No._11_in_B-Flat_Major,_Op._22\II._Adagio_con_molto_espressione\musicxml_cleaned.musicxml.midi",08815,08823,4.440892098500626e-16,2388
1301,"1301::C:\Users\정세린\Desktop\capstone_classicfy\ATEPP_dataset\ATEPP-1.2\Ludwig_van_Beethoven\Piano_Sonata_No._11_in_B-Flat_Major,_Op._22\II._Adagio_con_molto_espressione\musicxml_cleaned.musicxml.midi",08815,08825,2.220446049250313e-16,2392
1301,"1301::C:\Users\정세린\Desktop\capstone_classicfy\ATEPP_dataset\ATEPP-1.2\Ludwig_van_Beethoven\Piano_Sonata_No._11_in_B-Flat_Major,_Op._22\II._Adagio_con_molto_espressione\musicxml_cleaned.musicxml.midi",08815,08826,2.220446049250313e-16,2392
1301,"1301::C:\Users\정세린\Desktop\capstone_classicfy\ATEPP_dataset\ATEPP-1.2\Ludwig_van_Beethoven\Piano_Sonata_No._11_in_B-Flat_Major,_Op._22\II._Adagio_con_molto_espressione\musicxml_cleaned.musicxml.midi",08815,08828,8.881784197001252e-16,2390
1301,"1301::C:\Users\정세린\Desktop\capstone_classicfy\ATEPP_dataset\ATEPP-1.2\Ludwig_van_Beethoven\Piano_Sonata_No._11_in_B-Flat_Major,_Op._22\II._Adagio_con_molto_espressione\musicxml_cleaned.musicxml.midi",08815,08829,4.440892098500626e-16,2390
1301,"1301::C:\Users\정세린\Desktop\capstone_classicfy\ATEPP_dataset\ATEPP-1.2\Ludwig_van_Beethoven\Piano_Sonata_No._11_in_B-Flat_Major,_Op._22\II._Adagio_con_molto_espressione\musicxml_cleaned.musicxml.midi",08815,08831,2.220446049250313e-16,2392
1301,"1301::C:\Users\정세린\Desktop\capstone_classicfy\ATEPP_dataset\ATEPP-1.2\Ludwig_van_Beethoven\Piano_Sonata_No._11_in_B-Flat_Major,_Op._22\II._Adagio_con_molto_espressione\musicxml_cleaned.musicxml.midi",08815,08832,2.220446049250313e-16,2386
1301,"1301::C:\Users\정세린\Desktop\capstone_classicfy\ATEPP_dataset\ATEPP-1.2\Ludwig_van_Beethoven\Piano_Sonata_No._11_in_B-Flat_Major,_Op._22\II._Adagio_con_molto_espressione\musicxml_cleaned.musicxml.midi",08815,08833,2.220446049250313e-16,2390
1301,"1301::C:\Users\정세린\Desktop\capstone_classicfy\ATEPP_dataset\ATEPP-1.2\Ludwig_van_Beethoven\Piano_Sonata_No._11_in_B-Flat_Major,_Op._22\II._Adagio_con_molto_espressione\musicxml_cleaned.musicxml.midi",08815,08835,2.220446049250313e-16,2390
1302,"1302::C:\Users\정세린\Desktop\capstone_classicfy\ATEPP_dataset\ATEPP-1.2\Ludwig_van_Beethoven\Piano_Sonata_No._11_in_B-Flat_Major,_Op._22\IV._Rondo._Allegretto\musicxml_cleaned.musicxml.midi",08838,08839,1.1102230246251565e-16,2772
1302,"1302::C:\Users\정세린\Desktop\capstone_classicfy\ATEPP_dataset\ATEPP-1.2\Ludwig_van_Beethoven\Piano_Sonata_No._11_in_B-Flat_Major,_Op._22\IV._Rondo._Allegretto\musicxml_cleaned.musicxml.midi",08838,08840,2.220446049250313e-16,2772
1302,"1302::C:\Users\정세린\Desktop\capstone_classicfy\ATEPP_dataset\ATEPP-1.2\Ludwig_van_Beethoven\Piano_Sonata_No._11_in_B-Flat_Major,_Op._22\IV._Rondo._Allegretto\musicxml_cleaned.musicxml.midi",08838,08841,2.220446049250313e-16,2772
1302,"1302::C:\Users\정세린\Desktop\capstone_classicfy\ATEPP_dataset\ATEPP-1.2\Ludwig_van_Beethoven\Piano_Sonata_No._11_in_B-Flat_Major,_Op._22\IV._Rondo._Allegretto\musicxml_cleaned.musicxml.midi",08838,08843,2.220446049250313e-16,2772
1302,"1302::C:\Users\정세린\Desktop\capstone_classicfy\ATEPP_dataset\ATEPP-1.2\Ludwig_van_Beethoven\Piano_Sonata_No._11_in_B-Flat_Major,_Op._22\IV._Rondo._Allegretto\musicxml_cleaned.musicxml.midi",08838,08844,4.440892098500626e-16,2772
1302,"1302::C:\Users\정세린\Desktop\capstone_classicfy\ATEPP_dataset\ATEPP-1.2\Ludwig_van_Beethoven\Piano_Sonata_No._11_in_B-Flat_Major,_Op._22\IV._Rondo._Allegretto\musicxml_cleaned.musicxml.midi",08838,08845,4.440892098500626e-16,2772
1302,"1302::C:\Users\정세린\Desktop\capstone_classicfy\ATEPP_dataset\ATEPP-1.2\Ludwig_van_Beethoven\Piano_Sonata_No._11_in_B-Flat_Major,_Op._22\IV._Rondo._Allegretto\musicxml_cleaned.musicxml.midi",08838,08846,4.440892098500626e-16,2772
1302,"1302::C:\Users\정세린\Desktop\capstone_classicfy\ATEPP_dataset\ATEPP-1.2\Ludwig_van_Beethoven\Piano_Sonata_No._11_in_B-Flat_Major,_Op._22\IV._Rondo._Allegretto\musicxml_cleaned.musicxml.midi",08838,08848,2.220446049250313e-16,2772
1302,"1302::C:\Users\정세린\Desktop\capstone_classicfy\ATEPP_dataset\ATEPP-1.2\Ludwig_van_Beethoven\Piano_Sonata_No._11_in_B-Flat_Major,_Op._22\IV._Rondo._Allegretto\musicxml_cleaned.musicxml.midi",08838,08849,2.220446049250313e-16,2772
1302,"1302::C:\Users\정세린\Desktop\capstone_classicfy\ATEPP_dataset\ATEPP-1.2\Ludwig_van_Beethoven\Piano_Sonata_No._11_in_B-Flat_Major,_Op._22\IV._Rondo._Allegretto\musicxml_cleaned.musicxml.midi",08838,08851,2.220446049250313e-16,2772
1302,"1302::C:\Users\정세린\Desktop\capstone_classicfy\ATEPP_dataset\ATEPP-1.2\Ludwig_van_Beethoven\Piano_Sonata_No._11_in_B-Flat_Major,_Op._22\IV._Rondo._Allegretto\musicxml_cleaned.musicxml.midi",08838,08854,4.440892098500626e-16,2772
1302,"1302::C:\Users\정세린\Desktop\capstone_classicfy\ATEPP_dataset\ATEPP-1.2\Ludwig_van_Beethoven\Piano_Sonata_No._11_in_B-Flat_Major,_Op._22\IV._Rondo._Allegretto\musicxml_cleaned.musicxml.midi",08838,08856,4.440892098500626e-16,2772
1303,"1303::C:\Users\정세린\Desktop\capstone_classicfy\ATEPP_dataset\ATEPP-1.2\Ludwig_van_Beethoven\Piano_Sonata_No._11_in_B-Flat_Major,_Op._22\III._Menuetto\musicxml_cleaned.musicxml.midi",08859,08860,2.220446049250313e-16,1876
1303,"1303::C:\Users\정세린\Desktop\capstone_classicfy\ATEPP_dataset\ATEPP-1.2\Ludwig_van_Beethoven\Piano_Sonata_No._11_in_B-Flat_Major,_Op._22\III._Menuetto\musicxml_cleaned.musicxml.midi",08859,08861,4.440892098500626e-16,1876
1303,"1303::C:\Users\정세린\Desktop\capstone_classicfy\ATEPP_dataset\ATEPP-1.2\Ludwig_van_Beethoven\Piano_Sonata_No._11_in_B-Flat_Major,_Op._22\III._Menuetto\musicxml_cleaned.musicxml.midi",08859,08862,2.220446049250313e-16,1876
1303,"1303::C:\Users\정세린\Desktop\capstone_classicfy\ATEPP_dataset\ATEPP-1.2\Ludwig_van_Beethoven\Piano_Sonata_No._11_in_B-Flat_Major,_Op._22\III._Menuetto\musicxml_cleaned.musicxml.midi",08859,08864,4.440892098500626e-16,1876
1303,"1303::C:\Users\정세린\Desktop\capstone_classicfy\ATEPP_dataset\ATEPP-1.2\Ludwig_van_Beethoven\Piano_Sonata_No._11_in_B-Flat_Major,_Op._22\III._Menuetto\musicxml_cleaned.musicxml.midi",08859,08865,4.440892098500626e-16,1876
1303,"1303::C:\Users\정세린\Desktop\capstone_classicfy\ATEPP_dataset\ATEPP-1.2\Ludwig_van_Beethoven\Piano_Sonata_No._11_in_B-Flat_Major,_Op._22\III._Menuetto\musicxml_cleaned.musicxml.midi",08859,08866,2.220446049250313e-16,1876
1303,"1303::C:\Users\정세린\Desktop\capstone_classicfy\ATEPP_dataset\ATEPP-1.2\Ludwig_van_Beethoven\Piano_Sonata_No._11_in_B-Flat_Major,_Op._22\III._Menuetto\musicxml_cleaned.musicxml.midi",08859,08867,4.440892098500626e-16,1876
1303,"1303::C:\Users\정세린\Desktop\capstone_classicfy\ATEPP_dataset\ATEPP-1.2\Ludwig_van_Beethoven\Piano_Sonata_No._11_in_B-Flat_Major,_Op._22\III._Menuetto\musicxml_cleaned.musicxml.midi",08859,08869,4.440892098500626e-16,1876
1303,"1303::C:\Users\정세린\Desktop\capstone_classicfy\ATEPP_dataset\ATEPP-1.2\Ludwig_van_Beethoven\Piano_Sonata_No._11_in_B-Flat_Major,_Op._22\III._Menuetto\musicxml_cleaned.musicxml.midi",08859,08870,4.440892098500626e-16,1876
1303,"1303::C:\Users\정세린\Desktop\capstone_classicfy\ATEPP_dataset\ATEPP-1.2\Ludwig_van_Beethoven\Piano_Sonata_No._11_in_B-Flat_Major,_Op._22\III._Menuetto\musicxml_cleaned.musicxml.midi",08859,08872,4.440892098500626e-16,1876
1303,"1303::C:\Users\정세린\Desktop\capstone_classicfy\ATEPP_dataset\ATEPP-1.2\Ludwig_van_Beethoven\Piano_Sonata_No._11_in_B-Flat_Major,_Op._22\III._Menuetto\musicxml_cleaned.musicxml.midi",08859,08875,4.440892098500626e-16,1876
1303,"1303::C:\Users\정세린\Desktop\capstone_classicfy\ATEPP_dataset\ATEPP-1.2\Ludwig_van_Beethoven\Piano_Sonata_No._11_in_B-Flat_Major,_Op._22\III._Menuetto\musicxml_cleaned.musicxml.midi",08859,08876,2.220446049250313e-16,1876
1304,"1304::C:\Users\정세린\Desktop\capstone_classicfy\ATEPP_dataset\ATEPP-1.2\Ludwig_van_Beethoven\Piano_Sonata_No._14_in_C-Sharp_Minor,_Op._27_No._2__Moonlight_\3._Presto_agitato\musicxml_cleaned.musicxml.midi",08878,08879,4.440892098500626e-16,5582
1304,"1304::C:\Users\정세린\Desktop\capstone_classicfy\ATEPP_dataset\ATEPP-1.2\Ludwig_van_Beethoven\Piano_Sonata_No._14_in_C-Sharp_Minor,_Op._27_No._2__Moonlight_\3._Presto_agitato\musicxml_cleaned.musicxml.midi",08878,08881,4.440892098500626e-16,5584
1304,"1304::C:\Users\정세린\Desktop\capstone_classicfy\ATEPP_dataset\ATEPP-1.2\Ludwig_van_Beethoven\Piano_Sonata_No._14_in_C-Sharp_Minor,_Op._27_No._2__Moonlight_\3._Presto_agitato\musicxml_cleaned.musicxml.midi",08878,08883,8.881784197001252e-16,5591
1304,"1304::C:\Users\정세린\Desktop\capstone_classicfy\ATEPP_dataset\ATEPP-1.2\Ludwig_van_Beethoven\Piano_Sonata_No._14_in_C-Sharp_Minor,_Op._27_No._2__Moonlight_\3._Presto_agitato\musicxml_cleaned.musicxml.midi",08878,08884,8.881784197001252e-16,5591
1304,"1304::C:\Users\정세린\Desktop\capstone_classicfy\ATEPP_dataset\ATEPP-1.2\Ludwig_van_Beethoven\Piano_Sonata_No._14_in_C-Sharp_Minor,_Op._27_No._2__Moonlight_\3._Presto_agitato\musicxml_cleaned.musicxml.midi",08878,08885,8.881784197001252e-16,5594
1304,"1304::C:\Users\정세린\Desktop\capstone_classicfy\ATEPP_dataset\ATEPP-1.2\Ludwig_van_Beethoven\Piano_Sonata_No._14_in_C-Sharp_Minor,_Op._27_No._2__Moonlight_\3._Presto_agitato\musicxml_cleaned.musicxml.midi",08878,08886,8.881784197001252e-16,5594
1304,"1304::C:\Users\정세린\Desktop\capstone_classicfy\ATEPP_dataset\ATEPP-1.2\Ludwig_van_Beethoven\Piano_Sonata_No._14_in_C-Sharp_Minor,_Op._27_No._2__Moonlight_\3._Presto_agitato\musicxml_cleaned.musicxml.midi",08878,08887,8.881784197001252e-16,5587
1304,"1304::C:\Users\정세린\Desktop\capstone_classicfy\ATEPP_dataset\ATEPP-1.2\Ludwig_van_Beethoven\Piano_Sonata_No._14_in_C-Sharp_Minor,_Op._27_No._2__Moonlight_\3._Presto_agitato\musicxml_cleaned.musicxml.midi",08878,08888,8.881784197001252e-16,5587
1304,"1304::C:\Users\정세린\Desktop\capstone_classicfy\ATEPP_dataset\ATEPP-1.2\Ludwig_van_Beethoven\Piano_Sonata_No._14_in_C-Sharp_Minor,_Op._27_No._2__Moonlight_\3._Presto_agitato\musicxml_cleaned.musicxml.midi",08878,08889,8.881784197001252e-16,5588
1304,"1304::C:\Users\정세린\Desktop\capstone_classicfy\ATEPP_dataset\ATEPP-1.2\Ludwig_van_Beethoven\Piano_Sonata_No._14_in_C-Sharp_Minor,_Op._27_No._2__Moonlight_\3._Presto_agitato\musicxml_cleaned.musicxml.midi",08878,08890,8.881784197001252e-16,5581
1304,"1304::C:\Users\정세린\Desktop\capstone_classicfy\ATEPP_dataset\ATEPP-1.2\Ludwig_van_Beethoven\Piano_Sonata_No._14_in_C-Sharp_Minor,_Op._27_No._2__Moonlight_\3._Presto_agitato\musicxml_cleaned.musicxml.midi",08878,08892,8.881784197001252e-16,5586
1304,"1304::C:\Users\정세린\Desktop\capstone_classicfy\ATEPP_dataset\ATEPP-1.2\Ludwig_van_Beethoven\Piano_Sonata_No._14_in_C-Sharp_Minor,_Op._27_No._2__Moonlight_\3._Presto_agitato\musicxml_cleaned.musicxml.midi",08878,08893,8.881784197001252e-16,5586
1304,"1304::C:\Users\정세린\Desktop\capstone_classicfy\ATEPP_dataset\ATEPP-1.2\Ludwig_van_Beethoven\Piano_Sonata_No._14_in_C-Sharp_Minor,_Op._27_No._2__Moonlight_\3._Presto_agitato\musicxml_cleaned.musicxml.midi",08878,08894,8.881784197001252e-16,5577
1304,"1304::C:\Users\정세린\Desktop\capstone_classicfy\ATEPP_dataset\ATEPP-1.2\Ludwig_van_Beethoven\Piano_Sonata_No._14_in_C-Sharp_Minor,_Op._27_No._2__Moonlight_\3._Presto_agitato\musicxml_cleaned.musicxml.midi",08878,08895,8.881784197001252e-16,5585
1304,"1304::C:\Users\정세린\Desktop\capstone_classicfy\ATEPP_dataset\ATEPP-1.2\Ludwig_van_Beethoven\Piano_Sonata_No._14_in_C-Sharp_Minor,_Op._27_No._2__Moonlight_\3._Presto_agitato\musicxml_cleaned.musicxml.midi",08878,08897,8.881784197001252e-16,5588
1304,"1304::C:\Users\정세린\Desktop\capstone_classicfy\ATEPP_dataset\ATEPP-1.2\Ludwig_van_Beethoven\Piano_Sonata_No._14_in_C-Sharp_Minor,_Op._27_No._2__Moonlight_\3._Presto_agitato\musicxml_cleaned.musicxml.midi",08878,08898,8.881784197001252e-16,5584
1304,"1304::C:\Users\정세린\Desktop\capstone_classicfy\ATEPP_dataset\ATEPP-1.2\Ludwig_van_Beethoven\Piano_Sonata_No._14_in_C-Sharp_Minor,_Op._27_No._2__Moonlight_\3._Presto_agitato\musicxml_cleaned.musicxml.midi",08878,08899,8.881784197001252e-16,5578
1304,"1304::C:\Users\정세린\Desktop\capstone_classicfy\ATEPP_dataset\ATEPP-1.2\Ludwig_van_Beethoven\Piano_Sonata_No._14_in_C-Sharp_Minor,_Op._27_No._2__Moonlight_\3._Presto_agitato\musicxml_cleaned.musicxml.midi",08878,08900,8.881784197001252e-16,5582
1304,"1304::C:\Users\정세린\Desktop\capstone_classicfy\ATEPP_dataset\ATEPP-1.2\Ludwig_van_Beethoven\Piano_Sonata_No._14_in_C-Sharp_Minor,_Op._27_No._2__Moonlight_\3._Presto_agitato\musicxml_cleaned.musicxml.midi",08878,08901,8.881784197001252e-16,5583
1304,"1304::C:\Users\정세린\Desktop\capstone_classicfy\ATEPP_dataset\ATEPP-1.2\Ludwig_van_Beethoven\Piano_Sonata_No._14_in_C-Sharp_Minor,_Op._27_No._2__Moonlight_\3._Presto_agitato\musicxml_cleaned.musicxml.midi",08878,08902,4.440892098500626e-16,5594
1304,"1304::C:\Users\정세린\Desktop\capstone_classicfy\ATEPP_dataset\ATEPP-1.2\Ludwig_van_Beethoven\Piano_Sonata_No._14_in_C-Sharp_Minor,_Op._27_No._2__Moonlight_\3._Presto_agitato\musicxml_cleaned.musicxml.midi",08878,08903,8.881784197001252e-16,5592
1304,"1304::C:\Users\정세린\Desktop\capstone_classicfy\ATEPP_dataset\ATEPP-1.2\Ludwig_van_Beethoven\Piano_Sonata_No._14_in_C-Sharp_Minor,_Op._27_No._2__Moonlight_\3._Presto_agitato\musicxml_cleaned.musicxml.midi",08878,08905,8.881784197001252e-16,5592
1304,"1304::C:\Users\정세린\Desktop\capstone_classicfy\ATEPP_dataset\ATEPP-1.2\Ludwig_van_Beethoven\Piano_Sonata_No._14_in_C-Sharp_Minor,_Op._27_No._2__Moonlight_\3._Presto_agitato\musicxml_cleaned.musicxml.midi",08878,08908,8.881784197001252e-16,5590
1304,"1304::C:\Users\정세린\Desktop\capstone_classicfy\ATEPP_dataset\ATEPP-1.2\Ludwig_van_Beethoven\Piano_Sonata_No._14_in_C-Sharp_Minor,_Op._27_No._2__Moonlight_\3._Presto_agitato\musicxml_cleaned.musicxml.midi",08878,08909,8.881784197001252e-16,5594
1304,"1304::C:\Users\정세린\Desktop\capstone_classicfy\ATEPP_dataset\ATEPP-1.2\Ludwig_van_Beethoven\Piano_Sonata_No._14_in_C-Sharp_Minor,_Op._27_No._2__Moonlight_\3._Presto_agitato\musicxml_cleaned.musicxml.midi",08878,08912,8.881784197001252e-16,5588
1304,"1304::C:\Users\정세린\Desktop\capstone_classicfy\ATEPP_dataset\ATEPP-1.2\Ludwig_van_Beethoven\Piano_Sonata_No._14_in_C-Sharp_Minor,_Op._27_No._2__Moonlight_\3._Presto_agitato\musicxml_cleaned.musicxml.midi",08878,08913,8.881784197001252e-16,5593
1304,"1304::C:\Users\정세린\Desktop\capstone_classicfy\ATEPP_dataset\ATEPP-1.2\Ludwig_van_Beethoven\Piano_Sonata_No._14_in_C-Sharp_Minor,_Op._27_No._2__Moonlight_\3._Presto_agitato\musicxml_cleaned.musicxml.midi",08878,08914,8.881784197001252e-16,5576
1304,"1304::C:\Users\정세린\Desktop\capstone_classicfy\ATEPP_dataset\ATEPP-1.2\Ludwig_van_Beethoven\Piano_Sonata_No._14_in_C-Sharp_Minor,_Op._27_No._2__Moonlight_\3._Presto_agitato\musicxml_cleaned.musicxml.midi",08878,08915,8.881784197001252e-16,5576
1304,"1304::C:\Users\정세린\Desktop\capstone_classicfy\ATEPP_dataset\ATEPP-1.2\Ludwig_van_Beethoven\Piano_Sonata_No._14_in_C-Sharp_Minor,_Op._27_No._2__Moonlight_\3._Presto_agitato\musicxml_cleaned.musicxml.midi",08878,08916,8.881784197001252e-16,5592
1304,"1304::C:\Users\정세린\Desktop\capstone_classicfy\ATEPP_dataset\ATEPP-1.2\Ludwig_van_Beethoven\Piano_Sonata_No._14_in_C-Sharp_Minor,_Op._27_No._2__Moonlight_\3._Presto_agitato\musicxml_cleaned.musicxml.midi",08878,08917,8.881784197001252e-16,5589
1304,"1304::C:\Users\정세린\Desktop\capstone_classicfy\ATEPP_dataset\ATEPP-1.2\Ludwig_van_Beethoven\Piano_Sonata_No._14_in_C-Sharp_Minor,_Op._27_No._2__Moonlight_\3._Presto_agitato\musicxml_cleaned.musicxml.midi",08878,08918,8.881784197001252e-16,5591
1304,"1304::C:\Users\정세린\Desktop\capstone_classicfy\ATEPP_dataset\ATEPP-1.2\Ludwig_van_Beethoven\Piano_Sonata_No._14_in_C-Sharp_Minor,_Op._27_No._2__Moonlight_\3._Presto_agitato\musicxml_cleaned.musicxml.midi",08878,08919,8.881784197001252e-16,5585
1304,"1304::C:\Users\정세린\Desktop\capstone_classicfy\ATEPP_dataset\ATEPP-1.2\Ludwig_van_Beethoven\Piano_Sonata_No._14_in_C-Sharp_Minor,_Op._27_No._2__Moonlight_\3._Presto_agitato\musicxml_cleaned.musicxml.midi",08878,08920,8.881784197001252e-16,5591
1304,"1304::C:\Users\정세린\Desktop\capstone_classicfy\ATEPP_dataset\ATEPP-1.2\Ludwig_van_Beethoven\Piano_Sonata_No._14_in_C-Sharp_Minor,_Op._27_No._2__Moonlight_\3._Presto_agitato\musicxml_cleaned.musicxml.midi",08878,08923,8.881784197001252e-16,5584
1304,"1304::C:\Users\정세린\Desktop\capstone_classicfy\ATEPP_dataset\ATEPP-1.2\Ludwig_van_Beethoven\Piano_Sonata_No._14_in_C-Sharp_Minor,_Op._27_No._2__Moonlight_\3._Presto_agitato\musicxml_cleaned.musicxml.midi",08878,08924,8.881784197001252e-16,5586
1304,"1304::C:\Users\정세린\Desktop\capstone_classicfy\ATEPP_dataset\ATEPP-1.2\Ludwig_van_Beethoven\Piano_Sonata_No._14_in_C-Sharp_Minor,_Op._27_No._2__Moonlight_\3._Presto_agitato\musicxml_cleaned.musicxml.midi",08878,08925,8.881784197001252e-16,5588
1304,"1304::C:\Users\정세린\Desktop\capstone_classicfy\ATEPP_dataset\ATEPP-1.2\Ludwig_van_Beethoven\Piano_Sonata_No._14_in_C-Sharp_Minor,_Op._27_No._2__Moonlight_\3._Presto_agitato\musicxml_cleaned.musicxml.midi",08878,08926,4.440892098500626e-16,5594
1305,"1305::C:\Users\정세린\Desktop\capstone_classicfy\ATEPP_dataset\ATEPP-1.2\Ludwig_van_Beethoven\Piano_Sonata_No._14_in_C-Sharp_Minor,_Op._27_No._2__Moonlight_\1._Adagio_sostenuto\Sonate_No._14_Moonlight_1st_Movement.mxl.midi",08927,08928,2.220446049250313e-16,1903
1305,"1305::C:\Users\정세린\Desktop\capstone_classicfy\ATEPP_dataset\ATEPP-1.2\Ludwig_van_Beethoven\Piano_Sonata_No._14_in_C-Sharp_Minor,_Op._27_No._2__Moonlight_\1._Adagio_sostenuto\Sonate_No._14_Moonlight_1st_Movement.mxl.midi",08927,08929,2.220446049250313e-16,1903
1305,"1305::C:\Users\정세린\Desktop\capstone_classicfy\ATEPP_dataset\ATEPP-1.2\Ludwig_van_Beethoven\Piano_Sonata_No._14_in_C-Sharp_Minor,_Op._27_No._2__Moonlight_\1._Adagio_sostenuto\Sonate_No._14_Moonlight_1st_Movement.mxl.midi",08927,08930,4.440892098500626e-16,1900
1305,"1305::C:\Users\정세린\Desktop\capstone_classicfy\ATEPP_dataset\ATEPP-1.2\Ludwig_van_Beethoven\Piano_Sonata_No._14_in_C-Sharp_Minor,_Op._27_No._2__Moonlight_\1._Adagio_sostenuto\Sonate_No._14_Moonlight_1st_Movement.mxl.midi",08927,08932,4.440892098500626e-16,1903
1305,"1305::C:\Users\정세린\Desktop\capstone_classicfy\ATEPP_dataset\ATEPP-1.2\Ludwig_van_Beethoven\Piano_Sonata_No._14_in_C-Sharp_Minor,_Op._27_No._2__Moonlight_\1._Adagio_sostenuto\Sonate_No._14_Moonlight_1st_Movement.mxl.midi",08927,08933,2.220446049250313e-16,1903
1305,"1305::C:\Users\정세린\Desktop\capstone_classicfy\ATEPP_dataset\ATEPP-1.2\Ludwig_van_Beethoven\Piano_Sonata_No._14_in_C-Sharp_Minor,_Op._27_No._2__Moonlight_\1._Adagio_sostenuto\Sonate_No._14_Moonlight_1st_Movement.mxl.midi",08927,08934,2.220446049250313e-16,1903
1305,"1305::C:\Users\정세린\Desktop\capstone_classicfy\ATEPP_dataset\ATEPP-1.2\Ludwig_van_Beethoven\Piano_Sonata_No._14_in_C-Sharp_Minor,_Op._27_No._2__Moonlight_\1._Adagio_sostenuto\Sonate_No._14_Moonlight_1st_Movement.mxl.midi",08927,08935,2.220446049250313e-16,1903
1305,"1305::C:\Users\정세린\Desktop\capstone_classicfy\ATEPP_dataset\ATEPP-1.2\Ludwig_van_Beethoven\Piano_Sonata_No._14_in_C-Sharp_Minor,_Op._27_No._2__Moonlight_\1._Adagio_sostenuto\Sonate_No._14_Moonlight_1st_Movement.mxl.midi",08927,08936,2.220446049250313e-16,1903
1305,"1305::C:\Users\정세린\Desktop\capstone_classicfy\ATEPP_dataset\ATEPP-1.2\Ludwig_van_Beethoven\Piano_Sonata_No._14_in_C-Sharp_Minor,_Op._27_No._2__Moonlight_\1._Adagio_sostenuto\Sonate_No._14_Moonlight_1st_Movement.mxl.midi",08927,08937,2.220446049250313e-16,1903
1305,"1305::C:\Users\정세린\Desktop\capstone_classicfy\ATEPP_dataset\ATEPP-1.2\Ludwig_van_Beethoven\Piano_Sonata_No._14_in_C-Sharp_Minor,_Op._27_No._2__Moonlight_\1._Adagio_sostenuto\Sonate_No._14_Moonlight_1st_Movement.mxl.midi",08927,08938,2.220446049250313e-16,1903
1305,"1305::C:\Users\정세린\Desktop\capstone_classicfy\ATEPP_dataset\ATEPP-1.2\Ludwig_van_Beethoven\Piano_Sonata_No._14_in_C-Sharp_Minor,_Op._27_No._2__Moonlight_\1._Adagio_sostenuto\Sonate_No._14_Moonlight_1st_Movement.mxl.midi",08927,08939,2.220446049250313e-16,1903
1305,"1305::C:\Users\정세린\Desktop\capstone_classicfy\ATEPP_dataset\ATEPP-1.2\Ludwig_van_Beethoven\Piano_Sonata_No._14_in_C-Sharp_Minor,_Op._27_No._2__Moonlight_\1._Adagio_sostenuto\Sonate_No._14_Moonlight_1st_Movement.mxl.midi",08927,08941,2.220446049250313e-16,1903
1305,"1305::C:\Users\정세린\Desktop\capstone_classicfy\ATEPP_dataset\ATEPP-1.2\Ludwig_van_Beethoven\Piano_Sonata_No._14_in_C-Sharp_Minor,_Op._27_No._2__Moonlight_\1._Adagio_sostenuto\Sonate_No._14_Moonlight_1st_Movement.mxl.midi",08927,08942,2.220446049250313e-16,1903
1305,"1305::C:\Users\정세린\Desktop\capstone_classicfy\ATEPP_dataset\ATEPP-1.2\Ludwig_van_Beethoven\Piano_Sonata_No._14_in_C-Sharp_Minor,_Op._27_No._2__Moonlight_\1._Adagio_sostenuto\Sonate_No._14_Moonlight_1st_Movement.mxl.midi",08927,08943,2.220446049250313e-16,1903
1305,"1305::C:\Users\정세린\Desktop\capstone_classicfy\ATEPP_dataset\ATEPP-1.2\Ludwig_van_Beethoven\Piano_Sonata_No._14_in_C-Sharp_Minor,_Op._27_No._2__Moonlight_\1._Adagio_sostenuto\Sonate_No._14_Moonlight_1st_Movement.mxl.midi",08927,08945,2.220446049250313e-16,1903
1305,"1305::C:\Users\정세린\Desktop\capstone_classicfy\ATEPP_dataset\ATEPP-1.2\Ludwig_van_Beethoven\Piano_Sonata_No._14_in_C-Sharp_Minor,_Op._27_No._2__Moonlight_\1._Adagio_sostenuto\Sonate_No._14_Moonlight_1st_Movement.mxl.midi",08927,08946,2.220446049250313e-16,1903
1305,"1305::C:\Users\정세린\Desktop\capstone_classicfy\ATEPP_dataset\ATEPP-1.2\Ludwig_van_Beethoven\Piano_Sonata_No._14_in_C-Sharp_Minor,_Op._27_No._2__Moonlight_\1._Adagio_sostenuto\Sonate_No._14_Moonlight_1st_Movement.mxl.midi",08927,08947,2.220446049250313e-16,1903
1305,"1305::C:\Users\정세린\Desktop\capstone_classicfy\ATEPP_dataset\ATEPP-1.2\Ludwig_van_Beethoven\Piano_Sonata_No._14_in_C-Sharp_Minor,_Op._27_No._2__Moonlight_\1._Adagio_sostenuto\Sonate_No._14_Moonlight_1st_Movement.mxl.midi",08927,08948,2.220446049250313e-16,1903
1305,"1305::C:\Users\정세린\Desktop\capstone_classicfy\ATEPP_dataset\ATEPP-1.2\Ludwig_van_Beethoven\Piano_Sonata_No._14_in_C-Sharp_Minor,_Op._27_No._2__Moonlight_\1._Adagio_sostenuto\Sonate_No._14_Moonlight_1st_Movement.mxl.midi",08927,08949,2.220446049250313e-16,1903
1305,"1305::C:\Users\정세린\Desktop\capstone_classicfy\ATEPP_dataset\ATEPP-1.2\Ludwig_van_Beethoven\Piano_Sonata_No._14_in_C-Sharp_Minor,_Op._27_No._2__Moonlight_\1._Adagio_sostenuto\Sonate_No._14_Moonlight_1st_Movement.mxl.midi",08927,08951,2.220446049250313e-16,1903
1305,"1305::C:\Users\정세린\Desktop\capstone_classicfy\ATEPP_dataset\ATEPP-1.2\Ludwig_van_Beethoven\Piano_Sonata_No._14_in_C-Sharp_Minor,_Op._27_No._2__Moonlight_\1._Adagio_sostenuto\Sonate_No._14_Moonlight_1st_Movement.mxl.midi",08927,08952,4.440892098500626e-16,1903
1305,"1305::C:\Users\정세린\Desktop\capstone_classicfy\ATEPP_dataset\ATEPP-1.2\Ludwig_van_Beethoven\Piano_Sonata_No._14_in_C-Sharp_Minor,_Op._27_No._2__Moonlight_\1._Adagio_sostenuto\Sonate_No._14_Moonlight_1st_Movement.mxl.midi",08927,08953,8.881784197001252e-16,1903
1305,"1305::C:\Users\정세린\Desktop\capstone_classicfy\ATEPP_dataset\ATEPP-1.2\Ludwig_van_Beethoven\Piano_Sonata_No._14_in_C-Sharp_Minor,_Op._27_No._2__Moonlight_\1._Adagio_sostenuto\Sonate_No._14_Moonlight_1st_Movement.mxl.midi",08927,08954,2.220446049250313e-16,1903
1305,"1305::C:\Users\정세린\Desktop\capstone_classicfy\ATEPP_dataset\ATEPP-1.2\Ludwig_van_Beethoven\Piano_Sonata_No._14_in_C-Sharp_Minor,_Op._27_No._2__Moonlight_\1._Adagio_sostenuto\Sonate_No._14_Moonlight_1st_Movement.mxl.midi",08927,08955,2.220446049250313e-16,1901
1305,"1305::C:\Users\정세린\Desktop\capstone_classicfy\ATEPP_dataset\ATEPP-1.2\Ludwig_van_Beethoven\Piano_Sonata_No._14_in_C-Sharp_Minor,_Op._27_No._2__Moonlight_\1._Adagio_sostenuto\Sonate_No._14_Moonlight_1st_Movement.mxl.midi",08927,08956,2.220446049250313e-16,1903
1305,"1305::C:\Users\정세린\Desktop\capstone_classicfy\ATEPP_dataset\ATEPP-1.2\Ludwig_van_Beethoven\Piano_Sonata_No._14_in_C-Sharp_Minor,_Op._27_No._2__Moonlight_\1._Adagio_sostenuto\Sonate_No._14_Moonlight_1st_Movement.mxl.midi",08927,08957,2.220446049250313e-16,1903
1305,"1305::C:\Users\정세린\Desktop\capstone_classicfy\ATEPP_dataset\ATEPP-1.2\Ludwig_van_Beethoven\Piano_Sonata_No._14_in_C-Sharp_Minor,_Op._27_No._2__Moonlight_\1._Adagio_sostenuto\Sonate_No._14_Moonlight_1st_Movement.mxl.midi",08927,08961,4.440892098500626e-16,1903
1305,"1305::C:\Users\정세린\Desktop\capstone_classicfy\ATEPP_dataset\ATEPP-1.2\Ludwig_van_Beethoven\Piano_Sonata_No._14_in_C-Sharp_Minor,_Op._27_No._2__Moonlight_\1._Adagio_sostenuto\Sonate_No._14_Moonlight_1st_Movement.mxl.midi",08927,08962,2.220446049250313e-16,1901
1305,"1305::C:\Users\정세린\Desktop\capstone_classicfy\ATEPP_dataset\ATEPP-1.2\Ludwig_van_Beethoven\Piano_Sonata_No._14_in_C-Sharp_Minor,_Op._27_No._2__Moonlight_\1._Adagio_sostenuto\Sonate_No._14_Moonlight_1st_Movement.mxl.midi",08927,08963,2.220446049250313e-16,1903
1305,"1305::C:\Users\정세린\Desktop\capstone_classicfy\ATEPP_dataset\ATEPP-1.2\Ludwig_van_Beethoven\Piano_Sonata_No._14_in_C-Sharp_Minor,_Op._27_No._2__Moonlight_\1._Adagio_sostenuto\Sonate_No._14_Moonlight_1st_Movement.mxl.midi",08927,08966,4.440892098500626e-16,1903
1305,"1305::C:\Users\정세린\Desktop\capstone_classicfy\ATEPP_dataset\ATEPP-1.2\Ludwig_van_Beethoven\Piano_Sonata_No._14_in_C-Sharp_Minor,_Op._27_No._2__Moonlight_\1._Adagio_sostenuto\Sonate_No._14_Moonlight_1st_Movement.mxl.midi",08927,08967,2.220446049250313e-16,1903
1305,"1305::C:\Users\정세린\Desktop\capstone_classicfy\ATEPP_dataset\ATEPP-1.2\Ludwig_van_Beethoven\Piano_Sonata_No._14_in_C-Sharp_Minor,_Op._27_No._2__Moonlight_\1._Adagio_sostenuto\Sonate_No._14_Moonlight_1st_Movement.mxl.midi",08927,08968,2.220446049250313e-16,1903
1305,"1305::C:\Users\정세린\Desktop\capstone_classicfy\ATEPP_dataset\ATEPP-1.2\Ludwig_van_Beethoven\Piano_Sonata_No._14_in_C-Sharp_Minor,_Op._27_No._2__Moonlight_\1._Adagio_sostenuto\Sonate_No._14_Moonlight_1st_Movement.mxl.midi",08927,08969,2.220446049250313e-16,1903
1305,"1305::C:\Users\정세린\Desktop\capstone_classicfy\ATEPP_dataset\ATEPP-1.2\Ludwig_van_Beethoven\Piano_Sonata_No._14_in_C-Sharp_Minor,_Op._27_No._2__Moonlight_\1._Adagio_sostenuto\Sonate_No._14_Moonlight_1st_Movement.mxl.midi",08927,08970,2.220446049250313e-16,1903
1305,"1305::C:\Users\정세린\Desktop\capstone_classicfy\ATEPP_dataset\ATEPP-1.2\Ludwig_van_Beethoven\Piano_Sonata_No._14_in_C-Sharp_Minor,_Op._27_No._2__Moonlight_\1._Adagio_sostenuto\Sonate_No._14_Moonlight_1st_Movement.mxl.midi",08927,08971,2.220446049250313e-16,1903
1305,"1305::C:\Users\정세린\Desktop\capstone_classicfy\ATEPP_dataset\ATEPP-1.2\Ludwig_van_Beethoven\Piano_Sonata_No._14_in_C-Sharp_Minor,_Op._27_No._2__Moonlight_\1._Adagio_sostenuto\Sonate_No._14_Moonlight_1st_Movement.mxl.midi",08927,08974,2.220446049250313e-16,1903
1305,"1305::C:\Users\정세린\Desktop\capstone_classicfy\ATEPP_dataset\ATEPP-1.2\Ludwig_van_Beethoven\Piano_Sonata_No._14_in_C-Sharp_Minor,_Op._27_No._2__Moonlight_\1._Adagio_sostenuto\Sonate_No._14_Moonlight_1st_Movement.mxl.midi",08927,08975,2.220446049250313e-16,1903
1305,"1305::C:\Users\정세린\Desktop\capstone_classicfy\ATEPP_dataset\ATEPP-1.2\Ludwig_van_Beethoven\Piano_Sonata_No._14_in_C-Sharp_Minor,_Op._27_No._2__Moonlight_\1._Adagio_sostenuto\Sonate_No._14_Moonlight_1st_Movement.mxl.midi",08927,08976,2.220446049250313e-16,1903
1305,"1305::C:\Users\정세린\Desktop\capstone_classicfy\ATEPP_dataset\ATEPP-1.2\Ludwig_van_Beethoven\Piano_Sonata_No._14_in_C-Sharp_Minor,_Op._27_No._2__Moonlight_\1._Adagio_sostenuto\Sonate_No._14_Moonlight_1st_Movement.mxl.midi",08927,08977,2.220446049250313e-16,1903
1307,"1307::C:\Users\정세린\Desktop\capstone_classicfy\ATEPP_dataset\ATEPP-1.2\Ludwig_van_Beethoven\Piano_Sonata_No._32_in_C_Minor,_Op._111\II._Arietta._Adagio_molto_semplice_e_cantabile\musicxml_cleaned.musicxml.midi",09029,09032,8.881784197001252e-16,12783
1307,"1307::C:\Users\정세린\Desktop\capstone_classicfy\ATEPP_dataset\ATEPP-1.2\Ludwig_van_Beethoven\Piano_Sonata_No._32_in_C_Minor,_Op._111\II._Arietta._Adagio_molto_semplice_e_cantabile\musicxml_cleaned.musicxml.midi",09029,09034,2.220446049250313e-16,12781
1307,"1307::C:\Users\정세린\Desktop\capstone_classicfy\ATEPP_dataset\ATEPP-1.2\Ludwig_van_Beethoven\Piano_Sonata_No._32_in_C_Minor,_Op._111\II._Arietta._Adagio_molto_semplice_e_cantabile\musicxml_cleaned.musicxml.midi",09029,09039,4.440892098500626e-16,12783
1307,"1307::C:\Users\정세린\Desktop\capstone_classicfy\ATEPP_dataset\ATEPP-1.2\Ludwig_van_Beethoven\Piano_Sonata_No._32_in_C_Minor,_Op._111\II._Arietta._Adagio_molto_semplice_e_cantabile\musicxml_cleaned.musicxml.midi",09029,09040,4.440892098500626e-16,12781
1307,"1307::C:\Users\정세린\Desktop\capstone_classicfy\ATEPP_dataset\ATEPP-1.2\Ludwig_van_Beethoven\Piano_Sonata_No._32_in_C_Minor,_Op._111\II._Arietta._Adagio_molto_semplice_e_cantabile\musicxml_cleaned.musicxml.midi",09029,09042,8.881784197001252e-16,12781
1307,"1307::C:\Users\정세린\Desktop\capstone_classicfy\ATEPP_dataset\ATEPP-1.2\Ludwig_van_Beethoven\Piano_Sonata_No._32_in_C_Minor,_Op._111\II._Arietta._Adagio_molto_semplice_e_cantabile\musicxml_cleaned.musicxml.midi",09029,09043,4.440892098500626e-16,12781
1307,"1307::C:\Users\정세린\Desktop\capstone_classicfy\ATEPP_dataset\ATEPP-1.2\Ludwig_van_Beethoven\Piano_Sonata_No._32_in_C_Minor,_Op._111\II._Arietta._Adagio_molto_semplice_e_cantabile\musicxml_cleaned.musicxml.midi",09029,09045,4.440892098500626e-16,12781
1307,"1307::C:\Users\정세린\Desktop\capstone_classicfy\ATEPP_dataset\ATEPP-1.2\Ludwig_van_Beethoven\Piano_Sonata_No._32_in_C_Minor,_Op._111\II._Arietta._Adagio_molto_semplice_e_cantabile\musicxml_cleaned.musicxml.midi",09029,09047,8.881784197001252e-16,12783
1307,"1307::C:\Users\정세린\Desktop\capstone_classicfy\ATEPP_dataset\ATEPP-1.2\Ludwig_van_Beethoven\Piano_Sonata_No._32_in_C_Minor,_Op._111\II._Arietta._Adagio_molto_semplice_e_cantabile\musicxml_cleaned.musicxml.midi",09029,09048,4.440892098500626e-16,12781
1307,"1307::C:\Users\정세린\Desktop\capstone_classicfy\ATEPP_dataset\ATEPP-1.2\Ludwig_van_Beethoven\Piano_Sonata_No._32_in_C_Minor,_Op._111\II._Arietta._Adagio_molto_semplice_e_cantabile\musicxml_cleaned.musicxml.midi",09029,09049,8.881784197001252e-16,12784
1307,"1307::C:\Users\정세린\Desktop\capstone_classicfy\ATEPP_dataset\ATEPP-1.2\Ludwig_van_Beethoven\Piano_Sonata_No._32_in_C_Minor,_Op._111\II._Arietta._Adagio_molto_semplice_e_cantabile\musicxml_cleaned.musicxml.midi",09029,09050,4.440892098500626e-16,12783
1307,"1307::C:\Users\정세린\Desktop\capstone_classicfy\ATEPP_dataset\ATEPP-1.2\Ludwig_van_Beethoven\Piano_Sonata_No._32_in_C_Minor,_Op._111\II._Arietta._Adagio_molto_semplice_e_cantabile\musicxml_cleaned.musicxml.midi",09029,09051,2.220446049250313e-16,12783
1307,"1307::C:\Users\정세린\Desktop\capstone_classicfy\ATEPP_dataset\ATEPP-1.2\Ludwig_van_Beethoven\Piano_Sonata_No._32_in_C_Minor,_Op._111\II._Arietta._Adagio_molto_semplice_e_cantabile\musicxml_cleaned.musicxml.midi",09029,09053,8.881784197001252e-16,12770
1307,"1307::C:\Users\정세린\Desktop\capstone_classicfy\ATEPP_dataset\ATEPP-1.2\Ludwig_van_Beethoven\Piano_Sonata_No._32_in_C_Minor,_Op._111\II._Arietta._Adagio_molto_semplice_e_cantabile\musicxml_cleaned.musicxml.midi",09029,09054,8.881784197001252e-16,12772
1307,"1307::C:\Users\정세린\Desktop\capstone_classicfy\ATEPP_dataset\ATEPP-1.2\Ludwig_van_Beethoven\Piano_Sonata_No._32_in_C_Minor,_Op._111\II._Arietta._Adagio_molto_semplice_e_cantabile\musicxml_cleaned.musicxml.midi",09029,09055,8.881784197001252e-16,12765
1307,"1307::C:\Users\정세린\Desktop\capstone_classicfy\ATEPP_dataset\ATEPP-1.2\Ludwig_van_Beethoven\Piano_Sonata_No._32_in_C_Minor,_Op._111\II._Arietta._Adagio_molto_semplice_e_cantabile\musicxml_cleaned.musicxml.midi",09029,09056,8.881784197001252e-16,12766
1307,"1307::C:\Users\정세린\Desktop\capstone_classicfy\ATEPP_dataset\ATEPP-1.2\Ludwig_van_Beethoven\Piano_Sonata_No._32_in_C_Minor,_Op._111\II._Arietta._Adagio_molto_semplice_e_cantabile\musicxml_cleaned.musicxml.midi",09029,09057,4.440892098500626e-16,12779
1307,"1307::C:\Users\정세린\Desktop\capstone_classicfy\ATEPP_dataset\ATEPP-1.2\Ludwig_van_Beethoven\Piano_Sonata_No._32_in_C_Minor,_Op._111\II._Arietta._Adagio_molto_semplice_e_cantabile\musicxml_cleaned.musicxml.midi",09029,09058,2.220446049250313e-16,12783
1307,"1307::C:\Users\정세린\Desktop\capstone_classicfy\ATEPP_dataset\ATEPP-1.2\Ludwig_van_Beethoven\Piano_Sonata_No._32_in_C_Minor,_Op._111\II._Arietta._Adagio_molto_semplice_e_cantabile\musicxml_cleaned.musicxml.midi",09029,09062,8.881784197001252e-16,12779
1307,"1307::C:\Users\정세린\Desktop\capstone_classicfy\ATEPP_dataset\ATEPP-1.2\Ludwig_van_Beethoven\Piano_Sonata_No._32_in_C_Minor,_Op._111\II._Arietta._Adagio_molto_semplice_e_cantabile\musicxml_cleaned.musicxml.midi",09029,09064,4.440892098500626e-16,12779
1307,"1307::C:\Users\정세린\Desktop\capstone_classicfy\ATEPP_dataset\ATEPP-1.2\Ludwig_van_Beethoven\Piano_Sonata_No._32_in_C_Minor,_Op._111\II._Arietta._Adagio_molto_semplice_e_cantabile\musicxml_cleaned.musicxml.midi",09029,09065,8.881784197001252e-16,12782
1307,"1307::C:\Users\정세린\Desktop\capstone_classicfy\ATEPP_dataset\ATEPP-1.2\Ludwig_van_Beethoven\Piano_Sonata_No._32_in_C_Minor,_Op._111\II._Arietta._Adagio_molto_semplice_e_cantabile\musicxml_cleaned.musicxml.midi",09029,09066,8.881784197001252e-16,12781
1307,"1307::C:\Users\정세린\Desktop\capstone_classicfy\ATEPP_dataset\ATEPP-1.2\Ludwig_van_Beethoven\Piano_Sonata_No._32_in_C_Minor,_Op._111\II._Arietta._Adagio_molto_semplice_e_cantabile\musicxml_cleaned.musicxml.midi",09029,09067,4.440892098500626e-16,12779
1307,"1307::C:\Users\정세린\Desktop\capstone_classicfy\ATEPP_dataset\ATEPP-1.2\Ludwig_van_Beethoven\Piano_Sonata_No._32_in_C_Minor,_Op._111\II._Arietta._Adagio_molto_semplice_e_cantabile\musicxml_cleaned.musicxml.midi",09029,09068,4.440892098500626e-16,12780
1307,"1307::C:\Users\정세린\Desktop\capstone_classicfy\ATEPP_dataset\ATEPP-1.2\Ludwig_van_Beethoven\Piano_Sonata_No._32_in_C_Minor,_Op._111\II._Arietta._Adagio_molto_semplice_e_cantabile\musicxml_cleaned.musicxml.midi",09029,09070,4.440892098500626e-16,12773
1307,"1307::C:\Users\정세린\Desktop\capstone_classicfy\ATEPP_dataset\ATEPP-1.2\Ludwig_van_Beethoven\Piano_Sonata_No._32_in_C_Minor,_Op._111\II._Arietta._Adagio_molto_semplice_e_cantabile\musicxml_cleaned.musicxml.midi",09029,09071,4.440892098500626e-16,12781
1307,"1307::C:\Users\정세린\Desktop\capstone_classicfy\ATEPP_dataset\ATEPP-1.2\Ludwig_van_Beethoven\Piano_Sonata_No._32_in_C_Minor,_Op._111\II._Arietta._Adagio_molto_semplice_e_cantabile\musicxml_cleaned.musicxml.midi",09029,09072,8.881784197001252e-16,12779
1307,"1307::C:\Users\정세린\Desktop\capstone_classicfy\ATEPP_dataset\ATEPP-1.2\Ludwig_van_Beethoven\Piano_Sonata_No._32_in_C_Minor,_Op._111\II._Arietta._Adagio_molto_semplice_e_cantabile\musicxml_cleaned.musicxml.midi",09029,09076,4.440892098500626e-16,12779
1307,"1307::C:\Users\정세린\Desktop\capstone_classicfy\ATEPP_dataset\ATEPP-1.2\Ludwig_van_Beethoven\Piano_Sonata_No._32_in_C_Minor,_Op._111\II._Arietta._Adagio_molto_semplice_e_cantabile\musicxml_cleaned.musicxml.midi",09029,09077,8.881784197001252e-16,12781
1307,"1307::C:\Users\정세린\Desktop\capstone_classicfy\ATEPP_dataset\ATEPP-1.2\Ludwig_van_Beethoven\Piano_Sonata_No._32_in_C_Minor,_Op._111\II._Arietta._Adagio_molto_semplice_e_cantabile\musicxml_cleaned.musicxml.midi",09029,09078,8.881784197001252e-16,12779
1308,"1308::C:\Users\정세린\Desktop\capstone_classicfy\ATEPP_dataset\ATEPP-1.2\Ludwig_van_Beethoven\Piano_Sonata_No._32_in_C_Minor,_Op._111\I._Maestoso_-_Allegro_con_brio_ed_appassionato\musicxml_cleaned.musicxml.midi",09079,09083,4.440892098500626e-16,6277
1308,"1308::C:\Users\정세린\Desktop\capstone_classicfy\ATEPP_dataset\ATEPP-1.2\Ludwig_van_Beethoven\Piano_Sonata_No._32_in_C_Minor,_Op._111\I._Maestoso_-_Allegro_con_brio_ed_appassionato\musicxml_cleaned.musicxml.midi",09079,09085,4.440892098500626e-16,6278
1308,"1308::C:\Users\정세린\Desktop\capstone_classicfy\ATEPP_dataset\ATEPP-1.2\Ludwig_van_Beethoven\Piano_Sonata_No._32_in_C_Minor,_Op._111\I._Maestoso_-_Allegro_con_brio_ed_appassionato\musicxml_cleaned.musicxml.midi",09079,09089,4.440892098500626e-16,6280
1308,"1308::C:\Users\정세린\Desktop\capstone_classicfy\ATEPP_dataset\ATEPP-1.2\Ludwig_van_Beethoven\Piano_Sonata_No._32_in_C_Minor,_Op._111\I._Maestoso_-_Allegro_con_brio_ed_appassionato\musicxml_cleaned.musicxml.midi",09079,09091,4.440892098500626e-16,6282
1308,"1308::C:\Users\정세린\Desktop\capstone_classicfy\ATEPP_dataset\ATEPP-1.2\Ludwig_van_Beethoven\Piano_Sonata_No._32_in_C_Minor,_Op._111\I._Maestoso_-_Allegro_con_brio_ed_appassionato\musicxml_cleaned.musicxml.midi",09079,09092,4.440892098500626e-16,6280
1308,"1308::C:\Users\정세린\Desktop\capstone_classicfy\ATEPP_dataset\ATEPP-1.2\Ludwig_van_Beethoven\Piano_Sonata_No._32_in_C_Minor,_Op._111\I._Maestoso_-_Allegro_con_brio_ed_appassionato\musicxml_cleaned.musicxml.midi",09079,09093,4.440892098500626e-16,6276
1308,"1308::C:\Users\정세린\Desktop\capstone_classicfy\ATEPP_dataset\ATEPP-1.2\Ludwig_van_Beethoven\Piano_Sonata_No._32_in_C_Minor,_Op._111\I._Maestoso_-_Allegro_con_brio_ed_appassionato\musicxml_cleaned.musicxml.midi",09079,09094,4.440892098500626e-16,6276
1308,"1308::C:\Users\정세린\Desktop\capstone_classicfy\ATEPP_dataset\ATEPP-1.2\Ludwig_van_Beethoven\Piano_Sonata_No._32_in_C_Minor,_Op._111\I._Maestoso_-_Allegro_con_brio_ed_appassionato\musicxml_cleaned.musicxml.midi",09079,09096,8.881784197001252e-16,6278
1308,"1308::C:\Users\정세린\Desktop\capstone_classicfy\ATEPP_dataset\ATEPP-1.2\Ludwig_van_Beethoven\Piano_Sonata_No._32_in_C_Minor,_Op._111\I._Maestoso_-_Allegro_con_brio_ed_appassionato\musicxml_cleaned.musicxml.midi",09079,09098,8.881784197001252e-16,6275
1308,"1308::C:\Users\정세린\Desktop\capstone_classicfy\ATEPP_dataset\ATEPP-1.2\Ludwig_van_Beethoven\Piano_Sonata_No._32_in_C_Minor,_Op._111\I._Maestoso_-_Allegro_con_brio_ed_appassionato\musicxml_cleaned.musicxml.midi",09079,09099,4.440892098500626e-16,6278
1308,"1308::C:\Users\정세린\Desktop\capstone_classicfy\ATEPP_dataset\ATEPP-1.2\Ludwig_van_Beethoven\Piano_Sonata_No._32_in_C_Minor,_Op._111\I._Maestoso_-_Allegro_con_brio_ed_appassionato\musicxml_cleaned.musicxml.midi",09079,09100,4.440892098500626e-16,6275
1308,"1308::C:\Users\정세린\Desktop\capstone_classicfy\ATEPP_dataset\ATEPP-1.2\Ludwig_van_Beethoven\Piano_Sonata_No._32_in_C_Minor,_Op._111\I._Maestoso_-_Allegro_con_brio_ed_appassionato\musicxml_cleaned.musicxml.midi",09079,09101,8.881784197001252e-16,6279
1308,"1308::C:\Users\정세린\Desktop\capstone_classicfy\ATEPP_dataset\ATEPP-1.2\Ludwig_van_Beethoven\Piano_Sonata_No._32_in_C_Minor,_Op._111\I._Maestoso_-_Allegro_con_brio_ed_appassionato\musicxml_cleaned.musicxml.midi",09079,09102,4.440892098500626e-16,6268
1308,"1308::C:\Users\정세린\Desktop\capstone_classicfy\ATEPP_dataset\ATEPP-1.2\Ludwig_van_Beethoven\Piano_Sonata_No._32_in_C_Minor,_Op._111\I._Maestoso_-_Allegro_con_brio_ed_appassionato\musicxml_cleaned.musicxml.midi",09079,09103,4.440892098500626e-16,6280
1308,"1308::C:\Users\정세린\Desktop\capstone_classicfy\ATEPP_dataset\ATEPP-1.2\Ludwig_van_Beethoven\Piano_Sonata_No._32_in_C_Minor,_Op._111\I._Maestoso_-_Allegro_con_brio_ed_appassionato\musicxml_cleaned.musicxml.midi",09079,09105,8.881784197001252e-16,6278
1308,"1308::C:\Users\정세린\Desktop\capstone_classicfy\ATEPP_dataset\ATEPP-1.2\Ludwig_van_Beethoven\Piano_Sonata_No._32_in_C_Minor,_Op._111\I._Maestoso_-_Allegro_con_brio_ed_appassionato\musicxml_cleaned.musicxml.midi",09079,09106,4.440892098500626e-16,6269
1308,"1308::C:\Users\정세린\Desktop\capstone_classicfy\ATEPP_dataset\ATEPP-1.2\Ludwig_van_Beethoven\Piano_Sonata_No._32_in_C_Minor,_Op._111\I._Maestoso_-_Allegro_con_brio_ed_appassionato\musicxml_cleaned.musicxml.midi",09079,09107,4.440892098500626e-16,6270
1308,"1308::C:\Users\정세린\Desktop\capstone_classicfy\ATEPP_dataset\ATEPP-1.2\Ludwig_van_Beethoven\Piano_Sonata_No._32_in_C_Minor,_Op._111\I._Maestoso_-_Allegro_con_brio_ed_appassionato\musicxml_cleaned.musicxml.midi",09079,09108,4.440892098500626e-16,6255
1308,"1308::C:\Users\정세린\Desktop\capstone_classicfy\ATEPP_dataset\ATEPP-1.2\Ludwig_van_Beethoven\Piano_Sonata_No._32_in_C_Minor,_Op._111\I._Maestoso_-_Allegro_con_brio_ed_appassionato\musicxml_cleaned.musicxml.midi",09079,09109,8.881784197001252e-16,6262
1308,"1308::C:\Users\정세린\Desktop\capstone_classicfy\ATEPP_dataset\ATEPP-1.2\Ludwig_van_Beethoven\Piano_Sonata_No._32_in_C_Minor,_Op._111\I._Maestoso_-_Allegro_con_brio_ed_appassionato\musicxml_cleaned.musicxml.midi",09079,09110,4.440892098500626e-16,6272
1308,"1308::C:\Users\정세린\Desktop\capstone_classicfy\ATEPP_dataset\ATEPP-1.2\Ludwig_van_Beethoven\Piano_Sonata_No._32_in_C_Minor,_Op._111\I._Maestoso_-_Allegro_con_brio_ed_appassionato\musicxml_cleaned.musicxml.midi",09079,09111,4.440892098500626e-16,6278
1308,"1308::C:\Users\정세린\Desktop\capstone_classicfy\ATEPP_dataset\ATEPP-1.2\Ludwig_van_Beethoven\Piano_Sonata_No._32_in_C_Minor,_Op._111\I._Maestoso_-_Allegro_con_brio_ed_appassionato\musicxml_cleaned.musicxml.midi",09079,09112,4.440892098500626e-16,6269
1308,"1308::C:\Users\정세린\Desktop\capstone_classicfy\ATEPP_dataset\ATEPP-1.2\Ludwig_van_Beethoven\Piano_Sonata_No._32_in_C_Minor,_Op._111\I._Maestoso_-_Allegro_con_brio_ed_appassionato\musicxml_cleaned.musicxml.midi",09079,09117,4.440892098500626e-16,6268
1308,"1308::C:\Users\정세린\Desktop\capstone_classicfy\ATEPP_dataset\ATEPP-1.2\Ludwig_van_Beethoven\Piano_Sonata_No._32_in_C_Minor,_Op._111\I._Maestoso_-_Allegro_con_brio_ed_appassionato\musicxml_cleaned.musicxml.midi",09079,09120,4.440892098500626e-16,6273
1308,"1308::C:\Users\정세린\Desktop\capstone_classicfy\ATEPP_dataset\ATEPP-1.2\Ludwig_van_Beethoven\Piano_Sonata_No._32_in_C_Minor,_Op._111\I._Maestoso_-_Allegro_con_brio_ed_appassionato\musicxml_cleaned.musicxml.midi",09079,09121,2.220446049250313e-16,6280
1308,"1308::C:\Users\정세린\Desktop\capstone_classicfy\ATEPP_dataset\ATEPP-1.2\Ludwig_van_Beethoven\Piano_Sonata_No._32_in_C_Minor,_Op._111\I._Maestoso_-_Allegro_con_brio_ed_appassionato\musicxml_cleaned.musicxml.midi",09079,09122,8.881784197001252e-16,6276
1308,"1308::C:\Users\정세린\Desktop\capstone_classicfy\ATEPP_dataset\ATEPP-1.2\Ludwig_van_Beethoven\Piano_Sonata_No._32_in_C_Minor,_Op._111\I._Maestoso_-_Allegro_con_brio_ed_appassionato\musicxml_cleaned.musicxml.midi",09079,09123,2.220446049250313e-16,6271
1308,"1308::C:\Users\정세린\Desktop\capstone_classicfy\ATEPP_dataset\ATEPP-1.2\Ludwig_van_Beethoven\Piano_Sonata_No._32_in_C_Minor,_Op._111\I._Maestoso_-_Allegro_con_brio_ed_appassionato\musicxml_cleaned.musicxml.midi",09079,09124,4.440892098500626e-16,6272
1308,"1308::C:\Users\정세린\Desktop\capstone_classicfy\ATEPP_dataset\ATEPP-1.2\Ludwig_van_Beethoven\Piano_Sonata_No._32_in_C_Minor,_Op._111\I._Maestoso_-_Allegro_con_brio_ed_appassionato\musicxml_cleaned.musicxml.midi",09079,09125,4.440892098500626e-16,6279
1308,"1308::C:\Users\정세린\Desktop\capstone_classicfy\ATEPP_dataset\ATEPP-1.2\Ludwig_van_Beethoven\Piano_Sonata_No._32_in_C_Minor,_Op._111\I._Maestoso_-_Allegro_con_brio_ed_appassionato\musicxml_cleaned.musicxml.midi",09079,09128,4.440892098500626e-16,6272
1308,"1308::C:\Users\정세린\Desktop\capstone_classicfy\ATEPP_dataset\ATEPP-1.2\Ludwig_van_Beethoven\Piano_Sonata_No._32_in_C_Minor,_Op._111\I._Maestoso_-_Allegro_con_brio_ed_appassionato\musicxml_cleaned.musicxml.midi",09079,09129,8.881784197001252e-16,6270
1308,"1308::C:\Users\정세린\Desktop\capstone_classicfy\ATEPP_dataset\ATEPP-1.2\Ludwig_van_Beethoven\Piano_Sonata_No._32_in_C_Minor,_Op._111\I._Maestoso_-_Allegro_con_brio_ed_appassionato\musicxml_cleaned.musicxml.midi",09079,09131,4.440892098500626e-16,6272
1308,"1308::C:\Users\정세린\Desktop\capstone_classicfy\ATEPP_dataset\ATEPP-1.2\Ludwig_van_Beethoven\Piano_Sonata_No._32_in_C_Minor,_Op._111\I._Maestoso_-_Allegro_con_brio_ed_appassionato\musicxml_cleaned.musicxml.midi",09079,09132,4.440892098500626e-16,6270
1308,"1308::C:\Users\정세린\Desktop\capstone_classicfy\ATEPP_dataset\ATEPP-1.2\Ludwig_van_Beethoven\Piano_Sonata_No._32_in_C_Minor,_Op._111\I._Maestoso_-_Allegro_con_brio_ed_appassionato\musicxml_cleaned.musicxml.midi",09079,09133,4.440892098500626e-16,6282
1308,"1308::C:\Users\정세린\Desktop\capstone_classicfy\ATEPP_dataset\ATEPP-1.2\Ludwig_van_Beethoven\Piano_Sonata_No._32_in_C_Minor,_Op._111\I._Maestoso_-_Allegro_con_brio_ed_appassionato\musicxml_cleaned.musicxml.midi",09079,09134,4.440892098500626e-16,6275
1308,"1308::C:\Users\정세린\Desktop\capstone_classicfy\ATEPP_dataset\ATEPP-1.2\Ludwig_van_Beethoven\Piano_Sonata_No._32_in_C_Minor,_Op._111\I._Maestoso_-_Allegro_con_brio_ed_appassionato\musicxml_cleaned.musicxml.midi",09079,09135,4.440892098500626e-16,6274
1309,"1309::C:\Users\정세린\Desktop\capstone_classicfy\ATEPP_dataset\ATEPP-1.2\Ludwig_van_Beethoven\Piano_Sonata_No.5_in_C_minor,_Op.10_No.1\1._Allegro_molto_e_con_brio\musicxml_cleaned.musicxml.midi",09136,09137,8.881784197001252e-16,5830
1309,"1309::C:\Users\정세린\Desktop\capstone_classicfy\ATEPP_dataset\ATEPP-1.2\Ludwig_van_Beethoven\Piano_Sonata_No.5_in_C_minor,_Op.10_No.1\1._Allegro_molto_e_con_brio\musicxml_cleaned.musicxml.midi",09136,09138,4.440892098500626e-16,5828
1309,"1309::C:\Users\정세린\Desktop\capstone_classicfy\ATEPP_dataset\ATEPP-1.2\Ludwig_van_Beethoven\Piano_Sonata_No.5_in_C_minor,_Op.10_No.1\1._Allegro_molto_e_con_brio\musicxml_cleaned.musicxml.midi",09136,09139,4.440892098500626e-16,5822
1309,"1309::C:\Users\정세린\Desktop\capstone_classicfy\ATEPP_dataset\ATEPP-1.2\Ludwig_van_Beethoven\Piano_Sonata_No.5_in_C_minor,_Op.10_No.1\1._Allegro_molto_e_con_brio\musicxml_cleaned.musicxml.midi",09136,09140,6.106226635438361e-16,5827
1309,"1309::C:\Users\정세린\Desktop\capstone_classicfy\ATEPP_dataset\ATEPP-1.2\Ludwig_van_Beethoven\Piano_Sonata_No.5_in_C_minor,_Op.10_No.1\1._Allegro_molto_e_con_brio\musicxml_cleaned.musicxml.midi",09136,09141,4.440892098500626e-16,5819
1309,"1309::C:\Users\정세린\Desktop\capstone_classicfy\ATEPP_dataset\ATEPP-1.2\Ludwig_van_Beethoven\Piano_Sonata_No.5_in_C_minor,_Op.10_No.1\1._Allegro_molto_e_con_brio\musicxml_cleaned.musicxml.midi",09136,09142,4.440892098500626e-16,5818
1309,"1309::C:\Users\정세린\Desktop\capstone_classicfy\ATEPP_dataset\ATEPP-1.2\Ludwig_van_Beethoven\Piano_Sonata_No.5_in_C_minor,_Op.10_No.1\1._Allegro_molto_e_con_brio\musicxml_cleaned.musicxml.midi",09136,09143,4.440892098500626e-16,5819
1309,"1309::C:\Users\정세린\Desktop\capstone_classicfy\ATEPP_dataset\ATEPP-1.2\Ludwig_van_Beethoven\Piano_Sonata_No.5_in_C_minor,_Op.10_No.1\1._Allegro_molto_e_con_brio\musicxml_cleaned.musicxml.midi",09136,09144,4.440892098500626e-16,5821
1309,"1309::C:\Users\정세린\Desktop\capstone_classicfy\ATEPP_dataset\ATEPP-1.2\Ludwig_van_Beethoven\Piano_Sonata_No.5_in_C_minor,_Op.10_No.1\1._Allegro_molto_e_con_brio\musicxml_cleaned.musicxml.midi",09136,09145,4.440892098500626e-16,5828
1309,"1309::C:\Users\정세린\Desktop\capstone_classicfy\ATEPP_dataset\ATEPP-1.2\Ludwig_van_Beethoven\Piano_Sonata_No.5_in_C_minor,_Op.10_No.1\1._Allegro_molto_e_con_brio\musicxml_cleaned.musicxml.midi",09136,09146,6.661338147750939e-16,5825
1309,"1309::C:\Users\정세린\Desktop\capstone_classicfy\ATEPP_dataset\ATEPP-1.2\Ludwig_van_Beethoven\Piano_Sonata_No.5_in_C_minor,_Op.10_No.1\1._Allegro_molto_e_con_brio\musicxml_cleaned.musicxml.midi",09136,09147,4.440892098500626e-16,5820
1309,"1309::C:\Users\정세린\Desktop\capstone_classicfy\ATEPP_dataset\ATEPP-1.2\Ludwig_van_Beethoven\Piano_Sonata_No.5_in_C_minor,_Op.10_No.1\1._Allegro_molto_e_con_brio\musicxml_cleaned.musicxml.midi",09136,09148,8.881784197001252e-16,5826
1309,"1309::C:\Users\정세린\Desktop\capstone_classicfy\ATEPP_dataset\ATEPP-1.2\Ludwig_van_Beethoven\Piano_Sonata_No.5_in_C_minor,_Op.10_No.1\1._Allegro_molto_e_con_brio\musicxml_cleaned.musicxml.midi",09136,09149,4.440892098500626e-16,5824
1309,"1309::C:\Users\정세린\Desktop\capstone_classicfy\ATEPP_dataset\ATEPP-1.2\Ludwig_van_Beethoven\Piano_Sonata_No.5_in_C_minor,_Op.10_No.1\1._Allegro_molto_e_con_brio\musicxml_cleaned.musicxml.midi",09136,09152,4.440892098500626e-16,5817
1309,"1309::C:\Users\정세린\Desktop\capstone_classicfy\ATEPP_dataset\ATEPP-1.2\Ludwig_van_Beethoven\Piano_Sonata_No.5_in_C_minor,_Op.10_No.1\1._Allegro_molto_e_con_brio\musicxml_cleaned.musicxml.midi",09136,09153,8.881784197001252e-16,5826
1309,"1309::C:\Users\정세린\Desktop\capstone_classicfy\ATEPP_dataset\ATEPP-1.2\Ludwig_van_Beethoven\Piano_Sonata_No.5_in_C_minor,_Op.10_No.1\1._Allegro_molto_e_con_brio\musicxml_cleaned.musicxml.midi",09136,09154,4.440892098500626e-16,5818
1309,"1309::C:\Users\정세린\Desktop\capstone_classicfy\ATEPP_dataset\ATEPP-1.2\Ludwig_van_Beethoven\Piano_Sonata_No.5_in_C_minor,_Op.10_No.1\1._Allegro_molto_e_con_brio\musicxml_cleaned.musicxml.midi",09136,09155,8.881784197001252e-16,5824
1309,"1309::C:\Users\정세린\Desktop\capstone_classicfy\ATEPP_dataset\ATEPP-1.2\Ludwig_van_Beethoven\Piano_Sonata_No.5_in_C_minor,_Op.10_No.1\1._Allegro_molto_e_con_brio\musicxml_cleaned.musicxml.midi",09136,09157,4.440892098500626e-16,5826
1310,"1310::C:\Users\정세린\Desktop\capstone_classicfy\ATEPP_dataset\ATEPP-1.2\Ludwig_van_Beethoven\Piano_Sonata_No.5_in_C_minor,_Op.10_No.1\2._Adagio_molto\Sonate_No._5_2nd_Movement.mxl.midi",09158,09159,4.440892098500626e-16,1540
1310,"1310::C:\Users\정세린\Desktop\capstone_classicfy\ATEPP_dataset\ATEPP-1.2\Ludwig_van_Beethoven\Piano_Sonata_No.5_in_C_minor,_Op.10_No.1\2._Adagio_molto\Sonate_No._5_2nd_Movement.mxl.midi",09158,09161,4.440892098500626e-16,1540
1310,"1310::C:\Users\정세린\Desktop\capstone_classicfy\ATEPP_dataset\ATEPP-1.2\Ludwig_van_Beethoven\Piano_Sonata_No.5_in_C_minor,_Op.10_No.1\2._Adagio_molto\Sonate_No._5_2nd_Movement.mxl.midi",09158,09162,2.220446049250313e-16,1540
1310,"1310::C:\Users\정세린\Desktop\capstone_classicfy\ATEPP_dataset\ATEPP-1.2\Ludwig_van_Beethoven\Piano_Sonata_No.5_in_C_minor,_Op.10_No.1\2._Adagio_molto\Sonate_No._5_2nd_Movement.mxl.midi",09158,09163,4.440892098500626e-16,1540
1310,"1310::C:\Users\정세린\Desktop\capstone_classicfy\ATEPP_dataset\ATEPP-1.2\Ludwig_van_Beethoven\Piano_Sonata_No.5_in_C_minor,_Op.10_No.1\2._Adagio_molto\Sonate_No._5_2nd_Movement.mxl.midi",09158,09164,4.440892098500626e-16,1540
1310,"1310::C:\Users\정세린\Desktop\capstone_classicfy\ATEPP_dataset\ATEPP-1.2\Ludwig_van_Beethoven\Piano_Sonata_No.5_in_C_minor,_Op.10_No.1\2._Adagio_molto\Sonate_No._5_2nd_Movement.mxl.midi",09158,09165,2.220446049250313e-16,1540
1310,"1310::C:\Users\정세린\Desktop\capstone_classicfy\ATEPP_dataset\ATEPP-1.2\Ludwig_van_Beethoven\Piano_Sonata_No.5_in_C_minor,_Op.10_No.1\2._Adagio_molto\Sonate_No._5_2nd_Movement.mxl.midi",09158,09166,2.220446049250313e-16,1540
1310,"1310::C:\Users\정세린\Desktop\capstone_classicfy\ATEPP_dataset\ATEPP-1.2\Ludwig_van_Beethoven\Piano_Sonata_No.5_in_C_minor,_Op.10_No.1\2._Adagio_molto\Sonate_No._5_2nd_Movement.mxl.midi",09158,09167,2.220446049250313e-16,1540
1310,"1310::C:\Users\정세린\Desktop\capstone_classicfy\ATEPP_dataset\ATEPP-1.2\Ludwig_van_Beethoven\Piano_Sonata_No.5_in_C_minor,_Op.10_No.1\2._Adagio_molto\Sonate_No._5_2nd_Movement.mxl.midi",09158,09169,4.440892098500626e-16,1538
1310,"1310::C:\Users\정세린\Desktop\capstone_classicfy\ATEPP_dataset\ATEPP-1.2\Ludwig_van_Beethoven\Piano_Sonata_No.5_in_C_minor,_Op.10_No.1\2._Adagio_molto\Sonate_No._5_2nd_Movement.mxl.midi",09158,09170,4.440892098500626e-16,1540
1310,"1310::C:\Users\정세린\Desktop\capstone_classicfy\ATEPP_dataset\ATEPP-1.2\Ludwig_van_Beethoven\Piano_Sonata_No.5_in_C_minor,_Op.10_No.1\2._Adagio_molto\Sonate_No._5_2nd_Movement.mxl.midi",09158,09171,4.440892098500626e-16,1540
1310,"1310::C:\Users\정세린\Desktop\capstone_classicfy\ATEPP_dataset\ATEPP-1.2\Ludwig_van_Beethoven\Piano_Sonata_No.5_in_C_minor,_Op.10_No.1\2._Adagio_molto\Sonate_No._5_2nd_Movement.mxl.midi",09158,09172,4.440892098500626e-16,1540
1310,"1310::C:\Users\정세린\Desktop\capstone_classicfy\ATEPP_dataset\ATEPP-1.2\Ludwig_van_Beethoven\Piano_Sonata_No.5_in_C_minor,_Op.10_No.1\2._Adagio_molto\Sonate_No._5_2nd_Movement.mxl.midi",09158,09173,4.440892098500626e-16,1540
1310,"1310::C:\Users\정세린\Desktop\capstone_classicfy\ATEPP_dataset\ATEPP-1.2\Ludwig_van_Beethoven\Piano_Sonata_No.5_in_C_minor,_Op.10_No.1\2._Adagio_molto\Sonate_No._5_2nd_Movement.mxl.midi",09158,09174,4.440892098500626e-16,1540
1310,"1310::C:\Users\정세린\Desktop\capstone_classicfy\ATEPP_dataset\ATEPP-1.2\Ludwig_van_Beethoven\Piano_Sonata_No.5_in_C_minor,_Op.10_No.1\2._Adagio_molto\Sonate_No._5_2nd_Movement.mxl.midi",09158,09177,2.220446049250313e-16,1540
1310,"1310::C:\Users\정세린\Desktop\capstone_classicfy\ATEPP_dataset\ATEPP-1.2\Ludwig_van_Beethoven\Piano_Sonata_No.5_in_C_minor,_Op.10_No.1\2._Adagio_molto\Sonate_No._5_2nd_Movement.mxl.midi",09158,09179,2.220446049250313e-16,1540
1310,"1310::C:\Users\정세린\Desktop\capstone_classicfy\ATEPP_dataset\ATEPP-1.2\Ludwig_van_Beethoven\Piano_Sonata_No.5_in_C_minor,_Op.10_No.1\2._Adagio_molto\Sonate_No._5_2nd_Movement.mxl.midi",09158,09180,4.440892098500626e-16,1540
1310,"1310::C:\Users\정세린\Desktop\capstone_classicfy\ATEPP_dataset\ATEPP-1.2\Ludwig_van_Beethoven\Piano_Sonata_No.5_in_C_minor,_Op.10_No.1\2._Adagio_molto\Sonate_No._5_2nd_Movement.mxl.midi",09158,09182,2.220446049250313e-16,1540
1315,"1315::C:\Users\정세린\Desktop\capstone_classicfy\ATEPP_dataset\ATEPP-1.2\Ludwig_van_Beethoven\Piano_Sonata_No.16_in_G,_Op.31_No.1\1._Allegro_vivace\musicxml_cleaned.musicxml.midi",09225,09226,8.881784197001252e-16,4427
1315,"1315::C:\Users\정세린\Desktop\capstone_classicfy\ATEPP_dataset\ATEPP-1.2\Ludwig_van_Beethoven\Piano_Sonata_No.16_in_G,_Op.31_No.1\1._Allegro_vivace\musicxml_cleaned.musicxml.midi",09225,09227,4.440892098500626e-16,4428
1315,"1315::C:\Users\정세린\Desktop\capstone_classicfy\ATEPP_dataset\ATEPP-1.2\Ludwig_van_Beethoven\Piano_Sonata_No.16_in_G,_Op.31_No.1\1._Allegro_vivace\musicxml_cleaned.musicxml.midi",09225,09228,4.440892098500626e-16,4431
1315,"1315::C:\Users\정세린\Desktop\capstone_classicfy\ATEPP_dataset\ATEPP-1.2\Ludwig_van_Beethoven\Piano_Sonata_No.16_in_G,_Op.31_No.1\1._Allegro_vivace\musicxml_cleaned.musicxml.midi",09225,09233,8.881784197001252e-16,4431
1315,"1315::C:\Users\정세린\Desktop\capstone_classicfy\ATEPP_dataset\ATEPP-1.2\Ludwig_van_Beethoven\Piano_Sonata_No.16_in_G,_Op.31_No.1\1._Allegro_vivace\musicxml_cleaned.musicxml.midi",09225,09234,4.440892098500626e-16,4424
1315,"1315::C:\Users\정세린\Desktop\capstone_classicfy\ATEPP_dataset\ATEPP-1.2\Ludwig_van_Beethoven\Piano_Sonata_No.16_in_G,_Op.31_No.1\1._Allegro_vivace\musicxml_cleaned.musicxml.midi",09225,09235,8.881784197001252e-16,4431
1315,"1315::C:\Users\정세린\Desktop\capstone_classicfy\ATEPP_dataset\ATEPP-1.2\Ludwig_van_Beethoven\Piano_Sonata_No.16_in_G,_Op.31_No.1\1._Allegro_vivace\musicxml_cleaned.musicxml.midi",09225,09237,8.881784197001252e-16,4431
1315,"1315::C:\Users\정세린\Desktop\capstone_classicfy\ATEPP_dataset\ATEPP-1.2\Ludwig_van_Beethoven\Piano_Sonata_No.16_in_G,_Op.31_No.1\1._Allegro_vivace\musicxml_cleaned.musicxml.midi",09225,09238,4.440892098500626e-16,4431
1315,"1315::C:\Users\정세린\Desktop\capstone_classicfy\ATEPP_dataset\ATEPP-1.2\Ludwig_van_Beethoven\Piano_Sonata_No.16_in_G,_Op.31_No.1\1._Allegro_vivace\musicxml_cleaned.musicxml.midi",09225,09239,8.881784197001252e-16,4431
1315,"1315::C:\Users\정세린\Desktop\capstone_classicfy\ATEPP_dataset\ATEPP-1.2\Ludwig_van_Beethoven\Piano_Sonata_No.16_in_G,_Op.31_No.1\1._Allegro_vivace\musicxml_cleaned.musicxml.midi",09225,09241,8.881784197001252e-16,4431
1315,"1315::C:\Users\정세린\Desktop\capstone_classicfy\ATEPP_dataset\ATEPP-1.2\Ludwig_van_Beethoven\Piano_Sonata_No.16_in_G,_Op.31_No.1\1._Allegro_vivace\musicxml_cleaned.musicxml.midi",09225,09242,8.881784197001252e-16,4428
1315,"1315::C:\Users\정세린\Desktop\capstone_classicfy\ATEPP_dataset\ATEPP-1.2\Ludwig_van_Beethoven\Piano_Sonata_No.16_in_G,_Op.31_No.1\1._Allegro_vivace\musicxml_cleaned.musicxml.midi",09225,09243,4.440892098500626e-16,4420
1315,"1315::C:\Users\정세린\Desktop\capstone_classicfy\ATEPP_dataset\ATEPP-1.2\Ludwig_van_Beethoven\Piano_Sonata_No.16_in_G,_Op.31_No.1\1._Allegro_vivace\musicxml_cleaned.musicxml.midi",09225,09244,8.881784197001252e-16,4429
1315,"1315::C:\Users\정세린\Desktop\capstone_classicfy\ATEPP_dataset\ATEPP-1.2\Ludwig_van_Beethoven\Piano_Sonata_No.16_in_G,_Op.31_No.1\1._Allegro_vivace\musicxml_cleaned.musicxml.midi",09225,09245,8.881784197001252e-16,4435
1315,"1315::C:\Users\정세린\Desktop\capstone_classicfy\ATEPP_dataset\ATEPP-1.2\Ludwig_van_Beethoven\Piano_Sonata_No.16_in_G,_Op.31_No.1\1._Allegro_vivace\musicxml_cleaned.musicxml.midi",09225,09247,8.881784197001252e-16,4414
1315,"1315::C:\Users\정세린\Desktop\capstone_classicfy\ATEPP_dataset\ATEPP-1.2\Ludwig_van_Beethoven\Piano_Sonata_No.16_in_G,_Op.31_No.1\1._Allegro_vivace\musicxml_cleaned.musicxml.midi",09225,09249,8.881784197001252e-16,4426
1315,"1315::C:\Users\정세린\Desktop\capstone_classicfy\ATEPP_dataset\ATEPP-1.2\Ludwig_van_Beethoven\Piano_Sonata_No.16_in_G,_Op.31_No.1\1._Allegro_vivace\musicxml_cleaned.musicxml.midi",09225,09251,8.881784197001252e-16,4418
1315,"1315::C:\Users\정세린\Desktop\capstone_classicfy\ATEPP_dataset\ATEPP-1.2\Ludwig_van_Beethoven\Piano_Sonata_No.16_in_G,_Op.31_No.1\1._Allegro_vivace\musicxml_cleaned.musicxml.midi",09225,09252,4.440892098500626e-16,4433
1315,"1315::C:\Users\정세린\Desktop\capstone_classicfy\ATEPP_dataset\ATEPP-1.2\Ludwig_van_Beethoven\Piano_Sonata_No.16_in_G,_Op.31_No.1\1._Allegro_vivace\musicxml_cleaned.musicxml.midi",09225,09253,4.440892098500626e-16,4431
1316,"1316::C:\Users\정세린\Desktop\capstone_classicfy\ATEPP_dataset\ATEPP-1.2\Ludwig_van_Beethoven\Piano_Sonata_No.16_in_G,_Op.31_No.1\2._Adagio_grazioso\musicxml_cleaned.musicxml.midi",09257,09258,4.440892098500626e-16,3757
1316,"1316::C:\Users\정세린\Desktop\capstone_classicfy\ATEPP_dataset\ATEPP-1.2\Ludwig_van_Beethoven\Piano_Sonata_No.16_in_G,_Op.31_No.1\2._Adagio_grazioso\musicxml_cleaned.musicxml.midi",09257,09259,4.440892098500626e-16,3757
1316,"1316::C:\Users\정세린\Desktop\capstone_classicfy\ATEPP_dataset\ATEPP-1.2\Ludwig_van_Beethoven\Piano_Sonata_No.16_in_G,_Op.31_No.1\2._Adagio_grazioso\musicxml_cleaned.musicxml.midi",09257,09263,4.440892098500626e-16,3757
1316,"1316::C:\Users\정세린\Desktop\capstone_classicfy\ATEPP_dataset\ATEPP-1.2\Ludwig_van_Beethoven\Piano_Sonata_No.16_in_G,_Op.31_No.1\2._Adagio_grazioso\musicxml_cleaned.musicxml.midi",09257,09264,8.881784197001252e-16,3757
1316,"1316::C:\Users\정세린\Desktop\capstone_classicfy\ATEPP_dataset\ATEPP-1.2\Ludwig_van_Beethoven\Piano_Sonata_No.16_in_G,_Op.31_No.1\2._Adagio_grazioso\musicxml_cleaned.musicxml.midi",09257,09265,4.440892098500626e-16,3757
1316,"1316::C:\Users\정세린\Desktop\capstone_classicfy\ATEPP_dataset\ATEPP-1.2\Ludwig_van_Beethoven\Piano_Sonata_No.16_in_G,_Op.31_No.1\2._Adagio_grazioso\musicxml_cleaned.musicxml.midi",09257,09266,4.440892098500626e-16,3757
1316,"1316::C:\Users\정세린\Desktop\capstone_classicfy\ATEPP_dataset\ATEPP-1.2\Ludwig_van_Beethoven\Piano_Sonata_No.16_in_G,_Op.31_No.1\2._Adagio_grazioso\musicxml_cleaned.musicxml.midi",09257,09267,4.440892098500626e-16,3755
1316,"1316::C:\Users\정세린\Desktop\capstone_classicfy\ATEPP_dataset\ATEPP-1.2\Ludwig_van_Beethoven\Piano_Sonata_No.16_in_G,_Op.31_No.1\2._Adagio_grazioso\musicxml_cleaned.musicxml.midi",09257,09268,4.440892098500626e-16,3757
1316,"1316::C:\Users\정세린\Desktop\capstone_classicfy\ATEPP_dataset\ATEPP-1.2\Ludwig_van_Beethoven\Piano_Sonata_No.16_in_G,_Op.31_No.1\2._Adagio_grazioso\musicxml_cleaned.musicxml.midi",09257,09269,4.440892098500626e-16,3755
1316,"1316::C:\Users\정세린\Desktop\capstone_classicfy\ATEPP_dataset\ATEPP-1.2\Ludwig_van_Beethoven\Piano_Sonata_No.16_in_G,_Op.31_No.1\2._Adagio_grazioso\musicxml_cleaned.musicxml.midi",09257,09270,4.440892098500626e-16,3753
1316,"1316::C:\Users\정세린\Desktop\capstone_classicfy\ATEPP_dataset\ATEPP-1.2\Ludwig_van_Beethoven\Piano_Sonata_No.16_in_G,_Op.31_No.1\2._Adagio_grazioso\musicxml_cleaned.musicxml.midi",09257,09271,4.440892098500626e-16,3753
1316,"1316::C:\Users\정세린\Desktop\capstone_classicfy\ATEPP_dataset\ATEPP-1.2\Ludwig_van_Beethoven\Piano_Sonata_No.16_in_G,_Op.31_No.1\2._Adagio_grazioso\musicxml_cleaned.musicxml.midi",09257,09272,4.440892098500626e-16,3756
1316,"1316::C:\Users\정세린\Desktop\capstone_classicfy\ATEPP_dataset\ATEPP-1.2\Ludwig_van_Beethoven\Piano_Sonata_No.16_in_G,_Op.31_No.1\2._Adagio_grazioso\musicxml_cleaned.musicxml.midi",09257,09273,4.440892098500626e-16,3757
1316,"1316::C:\Users\정세린\Desktop\capstone_classicfy\ATEPP_dataset\ATEPP-1.2\Ludwig_van_Beethoven\Piano_Sonata_No.16_in_G,_Op.31_No.1\2._Adagio_grazioso\musicxml_cleaned.musicxml.midi",09257,09274,4.440892098500626e-16,3757
1316,"1316::C:\Users\정세린\Desktop\capstone_classicfy\ATEPP_dataset\ATEPP-1.2\Ludwig_van_Beethoven\Piano_Sonata_No.16_in_G,_Op.31_No.1\2._Adagio_grazioso\musicxml_cleaned.musicxml.midi",09257,09275,4.440892098500626e-16,3757
1316,"1316::C:\Users\정세린\Desktop\capstone_classicfy\ATEPP_dataset\ATEPP-1.2\Ludwig_van_Beethoven\Piano_Sonata_No.16_in_G,_Op.31_No.1\2._Adagio_grazioso\musicxml_cleaned.musicxml.midi",09257,09277,8.881784197001252e-16,3747
1316,"1316::C:\Users\정세린\Desktop\capstone_classicfy\ATEPP_dataset\ATEPP-1.2\Ludwig_van_Beethoven\Piano_Sonata_No.16_in_G,_Op.31_No.1\2._Adagio_grazioso\musicxml_cleaned.musicxml.midi",09257,09278,8.881784197001252e-16,3757
1316,"1316::C:\Users\정세린\Desktop\capstone_classicfy\ATEPP_dataset\ATEPP-1.2\Ludwig_van_Beethoven\Piano_Sonata_No.16_in_G,_Op.31_No.1\2._Adagio_grazioso\musicxml_cleaned.musicxml.midi",09257,09279,4.440892098500626e-16,3757
1316,"1316::C:\Users\정세린\Desktop\capstone_classicfy\ATEPP_dataset\ATEPP-1.2\Ludwig_van_Beethoven\Piano_Sonata_No.16_in_G,_Op.31_No.1\2._Adagio_grazioso\musicxml_cleaned.musicxml.midi",09257,09281,4.440892098500626e-16,3757
1316,"1316::C:\Users\정세린\Desktop\capstone_classicfy\ATEPP_dataset\ATEPP-1.2\Ludwig_van_Beethoven\Piano_Sonata_No.16_in_G,_Op.31_No.1\2._Adagio_grazioso\musicxml_cleaned.musicxml.midi",09257,09282,4.440892098500626e-16,3757
1317,"1317::C:\Users\정세린\Desktop\capstone_classicfy\ATEPP_dataset\ATEPP-1.2\Ludwig_van_Beethoven\Piano_Sonata_No.16_in_G,_Op.31_No.1\3._Rondo_(Allegretto)\Sonate_No._16_3rd_Movement.mxl.midi",09284,09286,4.440892098500626e-16,7583
1317,"1317::C:\Users\정세린\Desktop\capstone_classicfy\ATEPP_dataset\ATEPP-1.2\Ludwig_van_Beethoven\Piano_Sonata_No.16_in_G,_Op.31_No.1\3._Rondo_(Allegretto)\Sonate_No._16_3rd_Movement.mxl.midi",09284,09287,4.440892098500626e-16,7579
1317,"1317::C:\Users\정세린\Desktop\capstone_classicfy\ATEPP_dataset\ATEPP-1.2\Ludwig_van_Beethoven\Piano_Sonata_No.16_in_G,_Op.31_No.1\3._Rondo_(Allegretto)\Sonate_No._16_3rd_Movement.mxl.midi",09284,09288,4.440892098500626e-16,7583
1317,"1317::C:\Users\정세린\Desktop\capstone_classicfy\ATEPP_dataset\ATEPP-1.2\Ludwig_van_Beethoven\Piano_Sonata_No.16_in_G,_Op.31_No.1\3._Rondo_(Allegretto)\Sonate_No._16_3rd_Movement.mxl.midi",09284,09289,8.881784197001252e-16,7587
1317,"1317::C:\Users\정세린\Desktop\capstone_classicfy\ATEPP_dataset\ATEPP-1.2\Ludwig_van_Beethoven\Piano_Sonata_No.16_in_G,_Op.31_No.1\3._Rondo_(Allegretto)\Sonate_No._16_3rd_Movement.mxl.midi",09284,09293,4.440892098500626e-16,7583
1317,"1317::C:\Users\정세린\Desktop\capstone_classicfy\ATEPP_dataset\ATEPP-1.2\Ludwig_van_Beethoven\Piano_Sonata_No.16_in_G,_Op.31_No.1\3._Rondo_(Allegretto)\Sonate_No._16_3rd_Movement.mxl.midi",09284,09294,4.440892098500626e-16,7587
1317,"1317::C:\Users\정세린\Desktop\capstone_classicfy\ATEPP_dataset\ATEPP-1.2\Ludwig_van_Beethoven\Piano_Sonata_No.16_in_G,_Op.31_No.1\3._Rondo_(Allegretto)\Sonate_No._16_3rd_Movement.mxl.midi",09284,09295,8.881784197001252e-16,7583
1317,"1317::C:\Users\정세린\Desktop\capstone_classicfy\ATEPP_dataset\ATEPP-1.2\Ludwig_van_Beethoven\Piano_Sonata_No.16_in_G,_Op.31_No.1\3._Rondo_(Allegretto)\Sonate_No._16_3rd_Movement.mxl.midi",09284,09296,8.881784197001252e-16,7590
1317,"1317::C:\Users\정세린\Desktop\capstone_classicfy\ATEPP_dataset\ATEPP-1.2\Ludwig_van_Beethoven\Piano_Sonata_No.16_in_G,_Op.31_No.1\3._Rondo_(Allegretto)\Sonate_No._16_3rd_Movement.mxl.midi",09284,09297,4.440892098500626e-16,7587
1317,"1317::C:\Users\정세린\Desktop\capstone_classicfy\ATEPP_dataset\ATEPP-1.2\Ludwig_van_Beethoven\Piano_Sonata_No.16_in_G,_Op.31_No.1\3._Rondo_(Allegretto)\Sonate_No._16_3rd_Movement.mxl.midi",09284,09298,8.881784197001252e-16,7587
1317,"1317::C:\Users\정세린\Desktop\capstone_classicfy\ATEPP_dataset\ATEPP-1.2\Ludwig_van_Beethoven\Piano_Sonata_No.16_in_G,_Op.31_No.1\3._Rondo_(Allegretto)\Sonate_No._16_3rd_Movement.mxl.midi",09284,09299,8.881784197001252e-16,7587
1317,"1317::C:\Users\정세린\Desktop\capstone_classicfy\ATEPP_dataset\ATEPP-1.2\Ludwig_van_Beethoven\Piano_Sonata_No.16_in_G,_Op.31_No.1\3._Rondo_(Allegretto)\Sonate_No._16_3rd_Movement.mxl.midi",09284,09300,8.881784197001252e-16,7590
1317,"1317::C:\Users\정세린\Desktop\capstone_classicfy\ATEPP_dataset\ATEPP-1.2\Ludwig_van_Beethoven\Piano_Sonata_No.16_in_G,_Op.31_No.1\3._Rondo_(Allegretto)\Sonate_No._16_3rd_Movement.mxl.midi",09284,09301,8.881784197001252e-16,7583
1317,"1317::C:\Users\정세린\Desktop\capstone_classicfy\ATEPP_dataset\ATEPP-1.2\Ludwig_van_Beethoven\Piano_Sonata_No.16_in_G,_Op.31_No.1\3._Rondo_(Allegretto)\Sonate_No._16_3rd_Movement.mxl.midi",09284,09302,4.440892098500626e-16,7588
1317,"1317::C:\Users\정세린\Desktop\capstone_classicfy\ATEPP_dataset\ATEPP-1.2\Ludwig_van_Beethoven\Piano_Sonata_No.16_in_G,_Op.31_No.1\3._Rondo_(Allegretto)\Sonate_No._16_3rd_Movement.mxl.midi",09284,09303,4.440892098500626e-16,7589
1317,"1317::C:\Users\정세린\Desktop\capstone_classicfy\ATEPP_dataset\ATEPP-1.2\Ludwig_van_Beethoven\Piano_Sonata_No.16_in_G,_Op.31_No.1\3._Rondo_(Allegretto)\Sonate_No._16_3rd_Movement.mxl.midi",09284,09304,8.881784197001252e-16,7587
1317,"1317::C:\Users\정세린\Desktop\capstone_classicfy\ATEPP_dataset\ATEPP-1.2\Ludwig_van_Beethoven\Piano_Sonata_No.16_in_G,_Op.31_No.1\3._Rondo_(Allegretto)\Sonate_No._16_3rd_Movement.mxl.midi",09284,09305,8.881784197001252e-16,7581
1317,"1317::C:\Users\정세린\Desktop\capstone_classicfy\ATEPP_dataset\ATEPP-1.2\Ludwig_van_Beethoven\Piano_Sonata_No.16_in_G,_Op.31_No.1\3._Rondo_(Allegretto)\Sonate_No._16_3rd_Movement.mxl.midi",09284,09307,8.881784197001252e-16,7579
1317,"1317::C:\Users\정세린\Desktop\capstone_classicfy\ATEPP_dataset\ATEPP-1.2\Ludwig_van_Beethoven\Piano_Sonata_No.16_in_G,_Op.31_No.1\3._Rondo_(Allegretto)\Sonate_No._16_3rd_Movement.mxl.midi",09284,09308,8.881784197001252e-16,7543
1317,"1317::C:\Users\정세린\Desktop\capstone_classicfy\ATEPP_dataset\ATEPP-1.2\Ludwig_van_Beethoven\Piano_Sonata_No.16_in_G,_Op.31_No.1\3._Rondo_(Allegretto)\Sonate_No._16_3rd_Movement.mxl.midi",09284,09309,8.881784197001252e-16,7585
1317,"1317::C:\Users\정세린\Desktop\capstone_classicfy\ATEPP_dataset\ATEPP-1.2\Ludwig_van_Beethoven\Piano_Sonata_No.16_in_G,_Op.31_No.1\3._Rondo_(Allegretto)\Sonate_No._16_3rd_Movement.mxl.midi",09284,09311,8.881784197001252e-16,7585
1317,"1317::C:\Users\정세린\Desktop\capstone_classicfy\ATEPP_dataset\ATEPP-1.2\Ludwig_van_Beethoven\Piano_Sonata_No.16_in_G,_Op.31_No.1\3._Rondo_(Allegretto)\Sonate_No._16_3rd_Movement.mxl.midi",09284,09313,8.881784197001252e-16,7588
1495,"1495::C:\Users\정세린\Desktop\capstone_classicfy\ATEPP_dataset\ATEPP-1.2\Franz_Liszt\Piano_Sonata_in_B_Minor,_S._178\Sonata_in_B_Minor_S._178.mxl.midi",10424,10426,8.881784197001252e-16,21138
1495,"1495::C:\Users\정세린\Desktop\capstone_classicfy\ATEPP_dataset\ATEPP-1.2\Franz_Liszt\Piano_Sonata_in_B_Minor,_S._178\Sonata_in_B_Minor_S._178.mxl.midi",10424,10427,8.881784197001252e-16,21133
1495,"1495::C:\Users\정세린\Desktop\capstone_classicfy\ATEPP_dataset\ATEPP-1.2\Franz_Liszt\Piano_Sonata_in_B_Minor,_S._178\Sonata_in_B_Minor_S._178.mxl.midi",10424,10428,1.7763568394002505e-15,21131
1495,"1495::C:\Users\정세린\Desktop\capstone_classicfy\ATEPP_dataset\ATEPP-1.2\Franz_Liszt\Piano_Sonata_in_B_Minor,_S._178\Sonata_in_B_Minor_S._178.mxl.midi",10424,10429,8.881784197001252e-16,21172
1495,"1495::C:\Users\정세린\Desktop\capstone_classicfy\ATEPP_dataset\ATEPP-1.2\Franz_Liszt\Piano_Sonata_in_B_Minor,_S._178\Sonata_in_B_Minor_S._178.mxl.midi",10424,10431,8.881784197001252e-16,21156
1495,"1495::C:\Users\정세린\Desktop\capstone_classicfy\ATEPP_dataset\ATEPP-1.2\Franz_Liszt\Piano_Sonata_in_B_Minor,_S._178\Sonata_in_B_Minor_S._178.mxl.midi",10424,10432,8.881784197001252e-16,21147
1495,"1495::C:\Users\정세린\Desktop\capstone_classicfy\ATEPP_dataset\ATEPP-1.2\Franz_Liszt\Piano_Sonata_in_B_Minor,_S._178\Sonata_in_B_Minor_S._178.mxl.midi",10424,10433,8.881784197001252e-16,21174
1495,"1495::C:\Users\정세린\Desktop\capstone_classicfy\ATEPP_dataset\ATEPP-1.2\Franz_Liszt\Piano_Sonata_in_B_Minor,_S._178\Sonata_in_B_Minor_S._178.mxl.midi",10424,10434,8.881784197001252e-16,21153
1495,"1495::C:\Users\정세린\Desktop\capstone_classicfy\ATEPP_dataset\ATEPP-1.2\Franz_Liszt\Piano_Sonata_in_B_Minor,_S._178\Sonata_in_B_Minor_S._178.mxl.midi",10424,10435,8.881784197001252e-16,21150
1503,"1503::C:\Users\정세린\Desktop\capstone_classicfy\ATEPP_dataset\ATEPP-1.2\Franz_Liszt\Mephisto_Waltz_No._1,_S.514\musicxml_cleaned.musicxml.midi",10457,10458,8.881784197001252e-16,9723
1503,"1503::C:\Users\정세린\Desktop\capstone_classicfy\ATEPP_dataset\ATEPP-1.2\Franz_Liszt\Mephisto_Waltz_No._1,_S.514\musicxml_cleaned.musicxml.midi",10457,10459,8.881784197001252e-16,9737
1503,"1503::C:\Users\정세린\Desktop\capstone_classicfy\ATEPP_dataset\ATEPP-1.2\Franz_Liszt\Mephisto_Waltz_No._1,_S.514\musicxml_cleaned.musicxml.midi",10457,10460,8.881784197001252e-16,9715
1503,"1503::C:\Users\정세린\Desktop\capstone_classicfy\ATEPP_dataset\ATEPP-1.2\Franz_Liszt\Mephisto_Waltz_No._1,_S.514\musicxml_cleaned.musicxml.midi",10457,10461,8.881784197001252e-16,9724
1503,"1503::C:\Users\정세린\Desktop\capstone_classicfy\ATEPP_dataset\ATEPP-1.2\Franz_Liszt\Mephisto_Waltz_No._1,_S.514\musicxml_cleaned.musicxml.midi",10457,10462,8.881784197001252e-16,9729
1503,"1503::C:\Users\정세린\Desktop\capstone_classicfy\ATEPP_dataset\ATEPP-1.2\Franz_Liszt\Mephisto_Waltz_No._1,_S.514\musicxml_cleaned.musicxml.midi",10457,10463,8.881784197001252e-16,9741
1503,"1503::C:\Users\정세린\Desktop\capstone_classicfy\ATEPP_dataset\ATEPP-1.2\Franz_Liszt\Mephisto_Waltz_No._1,_S.514\musicxml_cleaned.musicxml.midi",10457,10464,8.881784197001252e-16,9741
1503,"1503::C:\Users\정세린\Desktop\capstone_classicfy\ATEPP_dataset\ATEPP-1.2\Franz_Liszt\Mephisto_Waltz_No._1,_S.514\musicxml_cleaned.musicxml.midi",10457,10465,8.881784197001252e-16,9741
1503,"1503::C:\Users\정세린\Desktop\capstone_classicfy\ATEPP_dataset\ATEPP-1.2\Franz_Liszt\Mephisto_Waltz_No._1,_S.514\musicxml_cleaned.musicxml.midi",10457,10467,8.881784197001252e-16,9716
1503,"1503::C:\Users\정세린\Desktop\capstone_classicfy\ATEPP_dataset\ATEPP-1.2\Franz_Liszt\Mephisto_Waltz_No._1,_S.514\musicxml_cleaned.musicxml.midi",10457,10468,8.881784197001252e-16,9729
1503,"1503::C:\Users\정세린\Desktop\capstone_classicfy\ATEPP_dataset\ATEPP-1.2\Franz_Liszt\Mephisto_Waltz_No._1,_S.514\musicxml_cleaned.musicxml.midi",10457,10469,1.7763568394002505e-15,9733
1503,"1503::C:\Users\정세린\Desktop\capstone_classicfy\ATEPP_dataset\ATEPP-1.2\Franz_Liszt\Mephisto_Waltz_No._1,_S.514\musicxml_cleaned.musicxml.midi",10457,10470,8.881784197001252e-16,9733
1503,"1503::C:\Users\정세린\Desktop\capstone_classicfy\ATEPP_dataset\ATEPP-1.2\Franz_Liszt\Mephisto_Waltz_No._1,_S.514\musicxml_cleaned.musicxml.midi",10457,10472,8.881784197001252e-16,9738
1503,"1503::C:\Users\정세린\Desktop\capstone_classicfy\ATEPP_dataset\ATEPP-1.2\Franz_Liszt\Mephisto_Waltz_No._1,_S.514\musicxml_cleaned.musicxml.midi",10457,10473,8.881784197001252e-16,9737
1503,"1503::C:\Users\정세린\Desktop\capstone_classicfy\ATEPP_dataset\ATEPP-1.2\Franz_Liszt\Mephisto_Waltz_No._1,_S.514\musicxml_cleaned.musicxml.midi",10457,10474,8.881784197001252e-16,9741
1503,"1503::C:\Users\정세린\Desktop\capstone_classicfy\ATEPP_dataset\ATEPP-1.2\Franz_Liszt\Mephisto_Waltz_No._1,_S.514\musicxml_cleaned.musicxml.midi",10457,10475,8.881784197001252e-16,9735
1512,"1512::C:\Users\정세린\Desktop\capstone_classicfy\ATEPP_dataset\ATEPP-1.2\Alexander_Scriabin\Piano_Sonata_No._5,_Op._53\musicxml_cleaned.musicxml.midi",10505,10507,8.881784197001252e-16,8772
1512,"1512::C:\Users\정세린\Desktop\capstone_classicfy\ATEPP_dataset\ATEPP-1.2\Alexander_Scriabin\Piano_Sonata_No._5,_Op._53\musicxml_cleaned.musicxml.midi",10505,10508,8.881784197001252e-16,8777
1517,"1517::C:\Users\정세린\Desktop\capstone_classicfy\ATEPP_dataset\ATEPP-1.2\Robert_Schumann\Arabeske,_Op._18\musicxml_cleaned.musicxml.midi",10537,10538,8.881784197001252e-16,3328
1517,"1517::C:\Users\정세린\Desktop\capstone_classicfy\ATEPP_dataset\ATEPP-1.2\Robert_Schumann\Arabeske,_Op._18\musicxml_cleaned.musicxml.midi",10537,10539,4.440892098500626e-16,3328
1517,"1517::C:\Users\정세린\Desktop\capstone_classicfy\ATEPP_dataset\ATEPP-1.2\Robert_Schumann\Arabeske,_Op._18\musicxml_cleaned.musicxml.midi",10537,10540,8.881784197001252e-16,3328
1517,"1517::C:\Users\정세린\Desktop\capstone_classicfy\ATEPP_dataset\ATEPP-1.2\Robert_Schumann\Arabeske,_Op._18\musicxml_cleaned.musicxml.midi",10537,10541,4.440892098500626e-16,3328
1517,"1517::C:\Users\정세린\Desktop\capstone_classicfy\ATEPP_dataset\ATEPP-1.2\Robert_Schumann\Arabeske,_Op._18\musicxml_cleaned.musicxml.midi",10537,10542,8.881784197001252e-16,3322
1517,"1517::C:\Users\정세린\Desktop\capstone_classicfy\ATEPP_dataset\ATEPP-1.2\Robert_Schumann\Arabeske,_Op._18\musicxml_cleaned.musicxml.midi",10537,10543,4.440892098500626e-16,3328
1517,"1517::C:\Users\정세린\Desktop\capstone_classicfy\ATEPP_dataset\ATEPP-1.2\Robert_Schumann\Arabeske,_Op._18\musicxml_cleaned.musicxml.midi",10537,10544,4.440892098500626e-16,3328
1517,"1517::C:\Users\정세린\Desktop\capstone_classicfy\ATEPP_dataset\ATEPP-1.2\Robert_Schumann\Arabeske,_Op._18\musicxml_cleaned.musicxml.midi",10537,10545,8.881784197001252e-16,3328
1518,"1518::C:\Users\정세린\Desktop\capstone_classicfy\ATEPP_dataset\ATEPP-1.2\Robert_Schumann\Toccata_in_C_Major,_Op._7\musicxml_cleaned.musicxml.midi",10549,10552,4.440892098500626e-16,5287
1518,"1518::C:\Users\정세린\Desktop\capstone_classicfy\ATEPP_dataset\ATEPP-1.2\Robert_Schumann\Toccata_in_C_Major,_Op._7\musicxml_cleaned.musicxml.midi",10549,10553,4.440892098500626e-16,5283
1518,"1518::C:\Users\정세린\Desktop\capstone_classicfy\ATEPP_dataset\ATEPP-1.2\Robert_Schumann\Toccata_in_C_Major,_Op._7\musicxml_cleaned.musicxml.midi",10549,10555,8.881784197001252e-16,5287
1518,"1518::C:\Users\정세린\Desktop\capstone_classicfy\ATEPP_dataset\ATEPP-1.2\Robert_Schumann\Toccata_in_C_Major,_Op._7\musicxml_cleaned.musicxml.midi",10549,10556,4.440892098500626e-16,5268
1518,"1518::C:\Users\정세린\Desktop\capstone_classicfy\ATEPP_dataset\ATEPP-1.2\Robert_Schumann\Toccata_in_C_Major,_Op._7\musicxml_cleaned.musicxml.midi",10549,10557,4.440892098500626e-16,5285
1518,"1518::C:\Users\정세린\Desktop\capstone_classicfy\ATEPP_dataset\ATEPP-1.2\Robert_Schumann\Toccata_in_C_Major,_Op._7\musicxml_cleaned.musicxml.midi",10549,10558,4.440892098500626e-16,5291
1518,"1518::C:\Users\정세린\Desktop\capstone_classicfy\ATEPP_dataset\ATEPP-1.2\Robert_Schumann\Toccata_in_C_Major,_Op._7\musicxml_cleaned.musicxml.midi",10549,10559,8.881784197001252e-16,5277
1518,"1518::C:\Users\정세린\Desktop\capstone_classicfy\ATEPP_dataset\ATEPP-1.2\Robert_Schumann\Toccata_in_C_Major,_Op._7\musicxml_cleaned.musicxml.midi",10549,10560,4.440892098500626e-16,5273
1518,"1518::C:\Users\정세린\Desktop\capstone_classicfy\ATEPP_dataset\ATEPP-1.2\Robert_Schumann\Toccata_in_C_Major,_Op._7\musicxml_cleaned.musicxml.midi",10549,10561,8.881784197001252e-16,5278
1518,"1518::C:\Users\정세린\Desktop\capstone_classicfy\ATEPP_dataset\ATEPP-1.2\Robert_Schumann\Toccata_in_C_Major,_Op._7\musicxml_cleaned.musicxml.midi",10549,10562,4.440892098500626e-16,5285
1520,"1520::C:\Users\정세린\Desktop\capstone_classicfy\ATEPP_dataset\ATEPP-1.2\Johann_Sebastian_Bach\Chromatic_Fantasia_and_Fugue_in_D_Minor,_BWV_903\Bach_-_Chromatic_Fantasia_and_Fugue_in_D_Minor._BWV_903._Professional_production_score..mxl.midi",10571,10572,8.881784197001252e-16,5544
1520,"1520::C:\Users\정세린\Desktop\capstone_classicfy\ATEPP_dataset\ATEPP-1.2\Johann_Sebastian_Bach\Chromatic_Fantasia_and_Fugue_in_D_Minor,_BWV_903\Bach_-_Chromatic_Fantasia_and_Fugue_in_D_Minor._BWV_903._Professional_production_score..mxl.midi",10571,10573,8.881784197001252e-16,5544
1520,"1520::C:\Users\정세린\Desktop\capstone_classicfy\ATEPP_dataset\ATEPP-1.2\Johann_Sebastian_Bach\Chromatic_Fantasia_and_Fugue_in_D_Minor,_BWV_903\Bach_-_Chromatic_Fantasia_and_Fugue_in_D_Minor._BWV_903._Professional_production_score..mxl.midi",10571,10576,8.881784197001252e-16,5543
1520,"1520::C:\Users\정세린\Desktop\capstone_classicfy\ATEPP_dataset\ATEPP-1.2\Johann_Sebastian_Bach\Chromatic_Fantasia_and_Fugue_in_D_Minor,_BWV_903\Bach_-_Chromatic_Fantasia_and_Fugue_in_D_Minor._BWV_903._Professional_production_score..mxl.midi",10571,10577,1.7763568394002505e-15,5547
1520,"1520::C:\Users\정세린\Desktop\capstone_classicfy\ATEPP_dataset\ATEPP-1.2\Johann_Sebastian_Bach\Chromatic_Fantasia_and_Fugue_in_D_Minor,_BWV_903\Bach_-_Chromatic_Fantasia_and_Fugue_in_D_Minor._BWV_903._Professional_production_score..mxl.midi",10571,10579,4.440892098500626e-16,5549
1520,"1520::C:\Users\정세린\Desktop\capstone_classicfy\ATEPP_dataset\ATEPP-1.2\Johann_Sebastian_Bach\Chromatic_Fantasia_and_Fugue_in_D_Minor,_BWV_903\Bach_-_Chromatic_Fantasia_and_Fugue_in_D_Minor._BWV_903._Professional_production_score..mxl.midi",10571,10580,8.881784197001252e-16,5548
1539,"1539::C:\Users\정세린\Desktop\capstone_classicfy\ATEPP_dataset\ATEPP-1.2\Claude_Debussy\L'Isle_joyeuse,_L.106\LIsle_joyeuse_.mxl.midi",10643,10645,2.220446049250313e-16,3192
1539,"1539::C:\Users\정세린\Desktop\capstone_classicfy\ATEPP_dataset\ATEPP-1.2\Claude_Debussy\L'Isle_joyeuse,_L.106\LIsle_joyeuse_.mxl.midi",10643,10646,2.220446049250313e-16,3192
1539,"1539::C:\Users\정세린\Desktop\capstone_classicfy\ATEPP_dataset\ATEPP-1.2\Claude_Debussy\L'Isle_joyeuse,_L.106\LIsle_joyeuse_.mxl.midi",10643,10647,2.220446049250313e-16,3192
1539,"1539::C:\Users\정세린\Desktop\capstone_classicfy\ATEPP_dataset\ATEPP-1.2\Claude_Debussy\L'Isle_joyeuse,_L.106\LIsle_joyeuse_.mxl.midi",10643,10648,2.220446049250313e-16,3192
1539,"1539::C:\Users\정세린\Desktop\capstone_classicfy\ATEPP_dataset\ATEPP-1.2\Claude_Debussy\L'Isle_joyeuse,_L.106\LIsle_joyeuse_.mxl.midi",10643,10649,4.440892098500626e-16,3192
1539,"1539::C:\Users\정세린\Desktop\capstone_classicfy\ATEPP_dataset\ATEPP-1.2\Claude_Debussy\L'Isle_joyeuse,_L.106\LIsle_joyeuse_.mxl.midi",10643,10650,4.440892098500626e-16,3192
1539,"1539::C:\Users\정세린\Desktop\capstone_classicfy\ATEPP_dataset\ATEPP-1.2\Claude_Debussy\L'Isle_joyeuse,_L.106\LIsle_joyeuse_.mxl.midi",10643,10651,2.220446049250313e-16,3192
1539,"1539::C:\Users\정세린\Desktop\capstone_classicfy\ATEPP_dataset\ATEPP-1.2\Claude_Debussy\L'Isle_joyeuse,_L.106\LIsle_joyeuse_.mxl.midi",10643,10652,2.220446049250313e-16,3192
1539,"1539::C:\Users\정세린\Desktop\capstone_classicfy\ATEPP_dataset\ATEPP-1.2\Claude_Debussy\L'Isle_joyeuse,_L.106\LIsle_joyeuse_.mxl.midi",10643,10653,4.440892098500626e-16,3192
1539,"1539::C:\Users\정세린\Desktop\capstone_classicfy\ATEPP_dataset\ATEPP-1.2\Claude_Debussy\L'Isle_joyeuse,_L.106\LIsle_joyeuse_.mxl.midi",10643,10655,4.440892098500626e-16,3192
1539,"1539::C:\Users\정세린\Desktop\capstone_classicfy\ATEPP_dataset\ATEPP-1.2\Claude_Debussy\L'Isle_joyeuse,_L.106\LIsle_joyeuse_.mxl.midi",10643,10656,2.220446049250313e-16,3188
1539,"1539::C:\Users\정세린\Desktop\capstone_classicfy\ATEPP_dataset\ATEPP-1.2\Claude_Debussy\L'Isle_joyeuse,_L.106\LIsle_joyeuse_.mxl.midi",10643,10657,4.440892098500626e-16,3190
1539,"1539::C:\Users\정세린\Desktop\capstone_classicfy\ATEPP_dataset\ATEPP-1.2\Claude_Debussy\L'Isle_joyeuse,_L.106\LIsle_joyeuse_.mxl.midi",10643,10658,2.220446049250313e-16,3192
1541,"1541::C:\Users\정세린\Desktop\capstone_classicfy\ATEPP_dataset\ATEPP-1.2\Maurice_Ravel\Valses_nobles_et_sentimentales,_M._61\Ravel_-_Valses_nobles_et_sentimentales.mxl.midi",10664,10666,8.881784197001252e-16,12717
1541,"1541::C:\Users\정세린\Desktop\capstone_classicfy\ATEPP_dataset\ATEPP-1.2\Maurice_Ravel\Valses_nobles_et_sentimentales,_M._61\Ravel_-_Valses_nobles_et_sentimentales.mxl.midi",10664,10668,8.881784197001252e-16,12689
1541,"1541::C:\Users\정세린\Desktop\capstone_classicfy\ATEPP_dataset\ATEPP-1.2\Maurice_Ravel\Valses_nobles_et_sentimentales,_M._61\Ravel_-_Valses_nobles_et_sentimentales.mxl.midi",10664,10669,8.881784197001252e-16,12713
1541,"1541::C:\Users\정세린\Desktop\capstone_classicfy\ATEPP_dataset\ATEPP-1.2\Maurice_Ravel\Valses_nobles_et_sentimentales,_M._61\Ravel_-_Valses_nobles_et_sentimentales.mxl.midi",10664,10671,8.881784197001252e-16,12719
1543,"1543::C:\Users\정세린\Desktop\capstone_classicfy\ATEPP_dataset\ATEPP-1.2\Maurice_Ravel\Pavane_pour_une_infante_de╠üfunte,_M._19\musicxml_cleaned.musicxml.midi",10677,10680,8.881784197001252e-16,1950
1543,"1543::C:\Users\정세린\Desktop\capstone_classicfy\ATEPP_dataset\ATEPP-1.2\Maurice_Ravel\Pavane_pour_une_infante_de╠üfunte,_M._19\musicxml_cleaned.musicxml.midi",10677,10681,2.220446049250313e-16,1950
1543,"1543::C:\Users\정세린\Desktop\capstone_classicfy\ATEPP_dataset\ATEPP-1.2\Maurice_Ravel\Pavane_pour_une_infante_de╠üfunte,_M._19\musicxml_cleaned.musicxml.midi",10677,10682,2.220446049250313e-16,1950
1543,"1543::C:\Users\정세린\Desktop\capstone_classicfy\ATEPP_dataset\ATEPP-1.2\Maurice_Ravel\Pavane_pour_une_infante_de╠üfunte,_M._19\musicxml_cleaned.musicxml.midi",10677,10684,2.220446049250313e-16,1949
1543,"1543::C:\Users\정세린\Desktop\capstone_classicfy\ATEPP_dataset\ATEPP-1.2\Maurice_Ravel\Pavane_pour_une_infante_de╠üfunte,_M._19\musicxml_cleaned.musicxml.midi",10677,10685,2.220446049250313e-16,1949
1543,"1543::C:\Users\정세린\Desktop\capstone_classicfy\ATEPP_dataset\ATEPP-1.2\Maurice_Ravel\Pavane_pour_une_infante_de╠üfunte,_M._19\musicxml_cleaned.musicxml.midi",10677,10686,2.220446049250313e-16,1949
1543,"1543::C:\Users\정세린\Desktop\capstone_classicfy\ATEPP_dataset\ATEPP-1.2\Maurice_Ravel\Pavane_pour_une_infante_de╠üfunte,_M._19\musicxml_cleaned.musicxml.midi",10677,10687,2.220446049250313e-16,1950
1544,"1544::C:\Users\정세린\Desktop\capstone_classicfy\ATEPP_dataset\ATEPP-1.2\Maurice_Ravel\Jeux_d'eau,_M._30\musicxml_cleaned.musicxml.midi",10694,10695,4.440892098500626e-16,2299
1544,"1544::C:\Users\정세린\Desktop\capstone_classicfy\ATEPP_dataset\ATEPP-1.2\Maurice_Ravel\Jeux_d'eau,_M._30\musicxml_cleaned.musicxml.midi",10694,10696,2.220446049250313e-16,2299
1544,"1544::C:\Users\정세린\Desktop\capstone_classicfy\ATEPP_dataset\ATEPP-1.2\Maurice_Ravel\Jeux_d'eau,_M._30\musicxml_cleaned.musicxml.midi",10694,10697,2.220446049250313e-16,2299
1544,"1544::C:\Users\정세린\Desktop\capstone_classicfy\ATEPP_dataset\ATEPP-1.2\Maurice_Ravel\Jeux_d'eau,_M._30\musicxml_cleaned.musicxml.midi",10694,10698,2.220446049250313e-16,2299
1544,"1544::C:\Users\정세린\Desktop\capstone_classicfy\ATEPP_dataset\ATEPP-1.2\Maurice_Ravel\Jeux_d'eau,_M._30\musicxml_cleaned.musicxml.midi",10694,10699,2.220446049250313e-16,2299
1544,"1544::C:\Users\정세린\Desktop\capstone_classicfy\ATEPP_dataset\ATEPP-1.2\Maurice_Ravel\Jeux_d'eau,_M._30\musicxml_cleaned.musicxml.midi",10694,10702,4.440892098500626e-16,2299
1544,"1544::C:\Users\정세린\Desktop\capstone_classicfy\ATEPP_dataset\ATEPP-1.2\Maurice_Ravel\Jeux_d'eau,_M._30\musicxml_cleaned.musicxml.midi",10694,10705,8.881784197001252e-16,2299
1544,"1544::C:\Users\정세린\Desktop\capstone_classicfy\ATEPP_dataset\ATEPP-1.2\Maurice_Ravel\Jeux_d'eau,_M._30\musicxml_cleaned.musicxml.midi",10694,10707,2.220446049250313e-16,2299
1544,"1544::C:\Users\정세린\Desktop\capstone_classicfy\ATEPP_dataset\ATEPP-1.2\Maurice_Ravel\Jeux_d'eau,_M._30\musicxml_cleaned.musicxml.midi",10694,10708,2.220446049250313e-16,2299
1544,"1544::C:\Users\정세린\Desktop\capstone_classicfy\ATEPP_dataset\ATEPP-1.2\Maurice_Ravel\Jeux_d'eau,_M._30\musicxml_cleaned.musicxml.midi",10694,10709,2.220446049250313e-16,2299
1544,"1544::C:\Users\정세린\Desktop\capstone_classicfy\ATEPP_dataset\ATEPP-1.2\Maurice_Ravel\Jeux_d'eau,_M._30\musicxml_cleaned.musicxml.midi",10694,10710,8.881784197001252e-16,2299
1544,"1544::C:\Users\정세린\Desktop\capstone_classicfy\ATEPP_dataset\ATEPP-1.2\Maurice_Ravel\Jeux_d'eau,_M._30\musicxml_cleaned.musicxml.midi",10694,10711,8.881784197001252e-16,2297
1560,"1560::C:\Users\정세린\Desktop\capstone_classicfy\ATEPP_dataset\ATEPP-1.2\Wolfgang_Amadeus_Mozart\Rondo_in_A_Minor,_K.511\Mozart_-_Rondo_in_A_minor_K._511_.mxl.midi",10781,10783,8.881784197001252e-16,3959
1560,"1560::C:\Users\정세린\Desktop\capstone_classicfy\ATEPP_dataset\ATEPP-1.2\Wolfgang_Amadeus_Mozart\Rondo_in_A_Minor,_K.511\Mozart_-_Rondo_in_A_minor_K._511_.mxl.midi",10781,10784,8.881784197001252e-16,3959
1560,"1560::C:\Users\정세린\Desktop\capstone_classicfy\ATEPP_dataset\ATEPP-1.2\Wolfgang_Amadeus_Mozart\Rondo_in_A_Minor,_K.511\Mozart_-_Rondo_in_A_minor_K._511_.mxl.midi",10781,10786,8.881784197001252e-16,3953
1560,"1560::C:\Users\정세린\Desktop\capstone_classicfy\ATEPP_dataset\ATEPP-1.2\Wolfgang_Amadeus_Mozart\Rondo_in_A_Minor,_K.511\Mozart_-_Rondo_in_A_minor_K._511_.mxl.midi",10781,10787,1.7763568394002505e-15,3951
1560,"1560::C:\Users\정세린\Desktop\capstone_classicfy\ATEPP_dataset\ATEPP-1.2\Wolfgang_Amadeus_Mozart\Rondo_in_A_Minor,_K.511\Mozart_-_Rondo_in_A_minor_K._511_.mxl.midi",10781,10788,8.881784197001252e-16,3956
1560,"1560::C:\Users\정세린\Desktop\capstone_classicfy\ATEPP_dataset\ATEPP-1.2\Wolfgang_Amadeus_Mozart\Rondo_in_A_Minor,_K.511\Mozart_-_Rondo_in_A_minor_K._511_.mxl.midi",10781,10789,1.7763568394002505e-15,3945
1560,"1560::C:\Users\정세린\Desktop\capstone_classicfy\ATEPP_dataset\ATEPP-1.2\Wolfgang_Amadeus_Mozart\Rondo_in_A_Minor,_K.511\Mozart_-_Rondo_in_A_minor_K._511_.mxl.midi",10781,10790,8.881784197001252e-16,3949
1560,"1560::C:\Users\정세린\Desktop\capstone_classicfy\ATEPP_dataset\ATEPP-1.2\Wolfgang_Amadeus_Mozart\Rondo_in_A_Minor,_K.511\Mozart_-_Rondo_in_A_minor_K._511_.mxl.midi",10781,10791,4.440892098500626e-16,3959
1560,"1560::C:\Users\정세린\Desktop\capstone_classicfy\ATEPP_dataset\ATEPP-1.2\Wolfgang_Amadeus_Mozart\Rondo_in_A_Minor,_K.511\Mozart_-_Rondo_in_A_minor_K._511_.mxl.midi",10781,10792,8.881784197001252e-16,3955
1560,"1560::C:\Users\정세린\Desktop\capstone_classicfy\ATEPP_dataset\ATEPP-1.2\Wolfgang_Amadeus_Mozart\Rondo_in_A_Minor,_K.511\Mozart_-_Rondo_in_A_minor_K._511_.mxl.midi",10781,10795,8.881784197001252e-16,3956
1560,"1560::C:\Users\정세린\Desktop\capstone_classicfy\ATEPP_dataset\ATEPP-1.2\Wolfgang_Amadeus_Mozart\Rondo_in_A_Minor,_K.511\Mozart_-_Rondo_in_A_minor_K._511_.mxl.midi",10781,10796,8.881784197001252e-16,3958
1560,"1560::C:\Users\정세린\Desktop\capstone_classicfy\ATEPP_dataset\ATEPP-1.2\Wolfgang_Amadeus_Mozart\Rondo_in_A_Minor,_K.511\Mozart_-_Rondo_in_A_minor_K._511_.mxl.midi",10781,10797,8.881784197001252e-16,3953
1560,"1560::C:\Users\정세린\Desktop\capstone_classicfy\ATEPP_dataset\ATEPP-1.2\Wolfgang_Amadeus_Mozart\Rondo_in_A_Minor,_K.511\Mozart_-_Rondo_in_A_minor_K._511_.mxl.midi",10781,10798,8.881784197001252e-16,3956
1565,"1565::C:\Users\정세린\Desktop\capstone_classicfy\ATEPP_dataset\ATEPP-1.2\Wolfgang_Amadeus_Mozart\Fantasia_in_C_Minor,_K._475\Fantasia_in_C_minor_K._475.mxl.midi",10809,10815,8.881784197001252e-16,10495
1565,"1565::C:\Users\정세린\Desktop\capstone_classicfy\ATEPP_dataset\ATEPP-1.2\Wolfgang_Amadeus_Mozart\Fantasia_in_C_Minor,_K._475\Fantasia_in_C_minor_K._475.mxl.midi",10809,10816,8.881784197001252e-16,10494
1565,"1565::C:\Users\정세린\Desktop\capstone_classicfy\ATEPP_dataset\ATEPP-1.2\Wolfgang_Amadeus_Mozart\Fantasia_in_C_Minor,_K._475\Fantasia_in_C_minor_K._475.mxl.midi",10809,10817,4.440892098500626e-16,10505
1565,"1565::C:\Users\정세린\Desktop\capstone_classicfy\ATEPP_dataset\ATEPP-1.2\Wolfgang_Amadeus_Mozart\Fantasia_in_C_Minor,_K._475\Fantasia_in_C_minor_K._475.mxl.midi",10809,10818,4.440892098500626e-16,10507
1565,"1565::C:\Users\정세린\Desktop\capstone_classicfy\ATEPP_dataset\ATEPP-1.2\Wolfgang_Amadeus_Mozart\Fantasia_in_C_Minor,_K._475\Fantasia_in_C_minor_K._475.mxl.midi",10809,10819,4.440892098500626e-16,10504
1565,"1565::C:\Users\정세린\Desktop\capstone_classicfy\ATEPP_dataset\ATEPP-1.2\Wolfgang_Amadeus_Mozart\Fantasia_in_C_Minor,_K._475\Fantasia_in_C_minor_K._475.mxl.midi",10809,10820,4.440892098500626e-16,10503
1565,"1565::C:\Users\정세린\Desktop\capstone_classicfy\ATEPP_dataset\ATEPP-1.2\Wolfgang_Amadeus_Mozart\Fantasia_in_C_Minor,_K._475\Fantasia_in_C_minor_K._475.mxl.midi",10809,10821,4.440892098500626e-16,10501
1565,"1565::C:\Users\정세린\Desktop\capstone_classicfy\ATEPP_dataset\ATEPP-1.2\Wolfgang_Amadeus_Mozart\Fantasia_in_C_Minor,_K._475\Fantasia_in_C_minor_K._475.mxl.midi",10809,10822,8.881784197001252e-16,10499
1565,"1565::C:\Users\정세린\Desktop\capstone_classicfy\ATEPP_dataset\ATEPP-1.2\Wolfgang_Amadeus_Mozart\Fantasia_in_C_Minor,_K._475\Fantasia_in_C_minor_K._475.mxl.midi",10809,10826,8.881784197001252e-16,10458
1565,"1565::C:\Users\정세린\Desktop\capstone_classicfy\ATEPP_dataset\ATEPP-1.2\Wolfgang_Amadeus_Mozart\Fantasia_in_C_Minor,_K._475\Fantasia_in_C_minor_K._475.mxl.midi",10809,10827,4.440892098500626e-16,10447
1565,"1565::C:\Users\정세린\Desktop\capstone_classicfy\ATEPP_dataset\ATEPP-1.2\Wolfgang_Amadeus_Mozart\Fantasia_in_C_Minor,_K._475\Fantasia_in_C_minor_K._475.mxl.midi",10809,10829,4.440892098500626e-16,10504
1565,"1565::C:\Users\정세린\Desktop\capstone_classicfy\ATEPP_dataset\ATEPP-1.2\Wolfgang_Amadeus_Mozart\Fantasia_in_C_Minor,_K._475\Fantasia_in_C_minor_K._475.mxl.midi",10809,10830,4.440892098500626e-16,10503
1565,"1565::C:\Users\정세린\Desktop\capstone_classicfy\ATEPP_dataset\ATEPP-1.2\Wolfgang_Amadeus_Mozart\Fantasia_in_C_Minor,_K._475\Fantasia_in_C_minor_K._475.mxl.midi",10809,10831,4.440892098500626e-16,10505
1585,"1585::C:\Users\정세린\Desktop\capstone_classicfy\ATEPP_dataset\ATEPP-1.2\Domenico_Scarlatti\Keyboard_Sonata_in_B_Minor,_K.27\Sonata_in_B_Minor_K.27.mxl.midi",10860,10861,4.440892098500626e-16,2858
214,"214::C:\Users\정세린\Desktop\capstone_classicfy\ATEPP_dataset\ATEPP-1.2\Robert_Schumann\Kreisleriana,_Op._16\VI._Sehr_langsam\musicxml_cleaned.musicxml.midi",00957,00960,2.220446049250313e-16,1185
214,"214::C:\Users\정세린\Desktop\capstone_classicfy\ATEPP_dataset\ATEPP-1.2\Robert_Schumann\Kreisleriana,_Op._16\VI._Sehr_langsam\musicxml_cleaned.musicxml.midi",00957,00962,2.220446049250313e-16,1181
214,"214::C:\Users\정세린\Desktop\capstone_classicfy\ATEPP_dataset\ATEPP-1.2\Robert_Schumann\Kreisleriana,_Op._16\VI._Sehr_langsam\musicxml_cleaned.musicxml.midi",00957,00963,4.440892098500626e-16,1181
214,"214::C:\Users\정세린\Desktop\capstone_classicfy\ATEPP_dataset\ATEPP-1.2\Robert_Schumann\Kreisleriana,_Op._16\VI._Sehr_langsam\musicxml_cleaned.musicxml.midi",00957,00964,2.220446049250313e-16,1181
214,"214::C:\Users\정세린\Desktop\capstone_classicfy\ATEPP_dataset\ATEPP-1.2\Robert_Schumann\Kreisleriana,_Op._16\VI._Sehr_langsam\musicxml_cleaned.musicxml.midi",00957,00965,4.440892098500626e-16,1183
214,"214::C:\Users\정세린\Desktop\capstone_classicfy\ATEPP_dataset\ATEPP-1.2\Robert_Schumann\Kreisleriana,_Op._16\VI._Sehr_langsam\musicxml_cleaned.musicxml.midi",00957,00966,2.220446049250313e-16,1181
214,"214::C:\Users\정세린\Desktop\capstone_classicfy\ATEPP_dataset\ATEPP-1.2\Robert_Schumann\Kreisleriana,_Op._16\VI._Sehr_langsam\musicxml_cleaned.musicxml.midi",00957,00967,2.220446049250313e-16,1181
214,"214::C:\Users\정세린\Desktop\capstone_classicfy\ATEPP_dataset\ATEPP-1.2\Robert_Schumann\Kreisleriana,_Op._16\VI._Sehr_langsam\musicxml_cleaned.musicxml.midi",00957,00968,2.220446049250313e-16,1181
214,"214::C:\Users\정세린\Desktop\capstone_classicfy\ATEPP_dataset\ATEPP-1.2\Robert_Schumann\Kreisleriana,_Op._16\VI._Sehr_langsam\musicxml_cleaned.musicxml.midi",00957,00969,2.220446049250313e-16,1181
214,"214::C:\Users\정세린\Desktop\capstone_classicfy\ATEPP_dataset\ATEPP-1.2\Robert_Schumann\Kreisleriana,_Op._16\VI._Sehr_langsam\musicxml_cleaned.musicxml.midi",00957,00970,2.220446049250313e-16,1181
214,"214::C:\Users\정세린\Desktop\capstone_classicfy\ATEPP_dataset\ATEPP-1.2\Robert_Schumann\Kreisleriana,_Op._16\VI._Sehr_langsam\musicxml_cleaned.musicxml.midi",00957,00971,2.220446049250313e-16,1181
214,"214::C:\Users\정세린\Desktop\capstone_classicfy\ATEPP_dataset\ATEPP-1.2\Robert_Schumann\Kreisleriana,_Op._16\VI._Sehr_langsam\musicxml_cleaned.musicxml.midi",00957,00972,4.440892098500626e-16,1181
214,"214::C:\Users\정세린\Desktop\capstone_classicfy\ATEPP_dataset\ATEPP-1.2\Robert_Schumann\Kreisleriana,_Op._16\VI._Sehr_langsam\musicxml_cleaned.musicxml.midi",00957,00973,4.440892098500626e-16,1181
214,"214::C:\Users\정세린\Desktop\capstone_classicfy\ATEPP_dataset\ATEPP-1.2\Robert_Schumann\Kreisleriana,_Op._16\VI._Sehr_langsam\musicxml_cleaned.musicxml.midi",00957,00974,2.220446049250313e-16,1181
214,"214::C:\Users\정세린\Desktop\capstone_classicfy\ATEPP_dataset\ATEPP-1.2\Robert_Schumann\Kreisleriana,_Op._16\VI._Sehr_langsam\musicxml_cleaned.musicxml.midi",00957,00975,2.220446049250313e-16,1181
214,"214::C:\Users\정세린\Desktop\capstone_classicfy\ATEPP_dataset\ATEPP-1.2\Robert_Schumann\Kreisleriana,_Op._16\VI._Sehr_langsam\musicxml_cleaned.musicxml.midi",00957,00976,4.440892098500626e-16,1181
214,"214::C:\Users\정세린\Desktop\capstone_classicfy\ATEPP_dataset\ATEPP-1.2\Robert_Schumann\Kreisleriana,_Op._16\VI._Sehr_langsam\musicxml_cleaned.musicxml.midi",00957,00977,1.1102230246251565e-16,1181
214,"214::C:\Users\정세린\Desktop\capstone_classicfy\ATEPP_dataset\ATEPP-1.2\Robert_Schumann\Kreisleriana,_Op._16\VI._Sehr_langsam\musicxml_cleaned.musicxml.midi",00957,00978,8.881784197001252e-16,1183
214,"214::C:\Users\정세린\Desktop\capstone_classicfy\ATEPP_dataset\ATEPP-1.2\Robert_Schumann\Kreisleriana,_Op._16\VI._Sehr_langsam\musicxml_cleaned.musicxml.midi",00957,00979,4.440892098500626e-16,1182
214,"214::C:\Users\정세린\Desktop\capstone_classicfy\ATEPP_dataset\ATEPP-1.2\Robert_Schumann\Kreisleriana,_Op._16\VI._Sehr_langsam\musicxml_cleaned.musicxml.midi",00957,00980,2.220446049250313e-16,1181
214,"214::C:\Users\정세린\Desktop\capstone_classicfy\ATEPP_dataset\ATEPP-1.2\Robert_Schumann\Kreisleriana,_Op._16\VI._Sehr_langsam\musicxml_cleaned.musicxml.midi",00957,00983,1.7763568394002505e-15,1181
215,"215::C:\Users\정세린\Desktop\capstone_classicfy\ATEPP_dataset\ATEPP-1.2\Robert_Schumann\Kreisleriana,_Op._16\II._Sehr_innig_und_nicht_zu_rasch\musicxml_cleaned.musicxml.midi",00991,00994,4.440892098500626e-16,3288
215,"215::C:\Users\정세린\Desktop\capstone_classicfy\ATEPP_dataset\ATEPP-1.2\Robert_Schumann\Kreisleriana,_Op._16\II._Sehr_innig_und_nicht_zu_rasch\musicxml_cleaned.musicxml.midi",00991,00995,4.440892098500626e-16,3286
215,"215::C:\Users\정세린\Desktop\capstone_classicfy\ATEPP_dataset\ATEPP-1.2\Robert_Schumann\Kreisleriana,_Op._16\II._Sehr_innig_und_nicht_zu_rasch\musicxml_cleaned.musicxml.midi",00991,00996,4.440892098500626e-16,3288
215,"215::C:\Users\정세린\Desktop\capstone_classicfy\ATEPP_dataset\ATEPP-1.2\Robert_Schumann\Kreisleriana,_Op._16\II._Sehr_innig_und_nicht_zu_rasch\musicxml_cleaned.musicxml.midi",00991,01002,4.440892098500626e-16,3286
215,"215::C:\Users\정세린\Desktop\capstone_classicfy\ATEPP_dataset\ATEPP-1.2\Robert_Schumann\Kreisleriana,_Op._16\II._Sehr_innig_und_nicht_zu_rasch\musicxml_cleaned.musicxml.midi",00991,01003,4.440892098500626e-16,3286
215,"215::C:\Users\정세린\Desktop\capstone_classicfy\ATEPP_dataset\ATEPP-1.2\Robert_Schumann\Kreisleriana,_Op._16\II._Sehr_innig_und_nicht_zu_rasch\musicxml_cleaned.musicxml.midi",00991,01005,8.881784197001252e-16,3284
215,"215::C:\Users\정세린\Desktop\capstone_classicfy\ATEPP_dataset\ATEPP-1.2\Robert_Schumann\Kreisleriana,_Op._16\II._Sehr_innig_und_nicht_zu_rasch\musicxml_cleaned.musicxml.midi",00991,01006,8.881784197001252e-16,3284
215,"215::C:\Users\정세린\Desktop\capstone_classicfy\ATEPP_dataset\ATEPP-1.2\Robert_Schumann\Kreisleriana,_Op._16\II._Sehr_innig_und_nicht_zu_rasch\musicxml_cleaned.musicxml.midi",00991,01008,8.881784197001252e-16,3283
215,"215::C:\Users\정세린\Desktop\capstone_classicfy\ATEPP_dataset\ATEPP-1.2\Robert_Schumann\Kreisleriana,_Op._16\II._Sehr_innig_und_nicht_zu_rasch\musicxml_cleaned.musicxml.midi",00991,01009,4.440892098500626e-16,3284
217,"217::C:\Users\정세린\Desktop\capstone_classicfy\ATEPP_dataset\ATEPP-1.2\Robert_Schumann\Kreisleriana,_Op._16\IV._Sehr_langsam\musicxml_cleaned.musicxml.midi",00981,01040,4.440892098500626e-16,712
217,"217::C:\Users\정세린\Desktop\capstone_classicfy\ATEPP_dataset\ATEPP-1.2\Robert_Schumann\Kreisleriana,_Op._16\IV._Sehr_langsam\musicxml_cleaned.musicxml.midi",00981,01042,2.220446049250313e-16,712
217,"217::C:\Users\정세린\Desktop\capstone_classicfy\ATEPP_dataset\ATEPP-1.2\Robert_Schumann\Kreisleriana,_Op._16\IV._Sehr_langsam\musicxml_cleaned.musicxml.midi",00981,01043,2.220446049250313e-16,710
217,"217::C:\Users\정세린\Desktop\capstone_classicfy\ATEPP_dataset\ATEPP-1.2\Robert_Schumann\Kreisleriana,_Op._16\IV._Sehr_langsam\musicxml_cleaned.musicxml.midi",00981,01044,4.440892098500626e-16,712
217,"217::C:\Users\정세린\Desktop\capstone_classicfy\ATEPP_dataset\ATEPP-1.2\Robert_Schumann\Kreisleriana,_Op._16\IV._Sehr_langsam\musicxml_cleaned.musicxml.midi",00981,01045,2.220446049250313e-16,712
217,"217::C:\Users\정세린\Desktop\capstone_classicfy\ATEPP_dataset\ATEPP-1.2\Robert_Schumann\Kreisleriana,_Op._16\IV._Sehr_langsam\musicxml_cleaned.musicxml.midi",00981,01046,1.1102230246251565e-16,712
217,"217::C:\Users\정세린\Desktop\capstone_classicfy\ATEPP_dataset\ATEPP-1.2\Robert_Schumann\Kreisleriana,_Op._16\IV._Sehr_langsam\musicxml_cleaned.musicxml.midi",00981,01049,4.440892098500626e-16,712
217,"217::C:\Users\정세린\Desktop\capstone_classicfy\ATEPP_dataset\ATEPP-1.2\Robert_Schumann\Kreisleriana,_Op._16\IV._Sehr_langsam\musicxml_cleaned.musicxml.midi",00981,01050,1.1102230246251565e-16,710
217,"217::C:\Users\정세린\Desktop\capstone_classicfy\ATEPP_dataset\ATEPP-1.2\Robert_Schumann\Kreisleriana,_Op._16\IV._Sehr_langsam\musicxml_cleaned.musicxml.midi",00981,01051,2.220446049250313e-16,712
217,"217::C:\Users\정세린\Desktop\capstone_classicfy\ATEPP_dataset\ATEPP-1.2\Robert_Schumann\Kreisleriana,_Op._16\IV._Sehr_langsam\musicxml_cleaned.musicxml.midi",00981,01052,4.440892098500626e-16,712
217,"217::C:\Users\정세린\Desktop\capstone_classicfy\ATEPP_dataset\ATEPP-1.2\Robert_Schumann\Kreisleriana,_Op._16\IV._Sehr_langsam\musicxml_cleaned.musicxml.midi",00981,01054,4.440892098500626e-16,712
217,"217::C:\Users\정세린\Desktop\capstone_classicfy\ATEPP_dataset\ATEPP-1.2\Robert_Schumann\Kreisleriana,_Op._16\IV._Sehr_langsam\musicxml_cleaned.musicxml.midi",00981,01055,5.551115123125783e-17,712
217,"217::C:\Users\정세린\Desktop\capstone_classicfy\ATEPP_dataset\ATEPP-1.2\Robert_Schumann\Kreisleriana,_Op._16\IV._Sehr_langsam\musicxml_cleaned.musicxml.midi",00981,01056,4.440892098500626e-16,712
217,"217::C:\Users\정세린\Desktop\capstone_classicfy\ATEPP_dataset\ATEPP-1.2\Robert_Schumann\Kreisleriana,_Op._16\IV._Sehr_langsam\musicxml_cleaned.musicxml.midi",00981,01058,8.881784197001252e-16,712
217,"217::C:\Users\정세린\Desktop\capstone_classicfy\ATEPP_dataset\ATEPP-1.2\Robert_Schumann\Kreisleriana,_Op._16\IV._Sehr_langsam\musicxml_cleaned.musicxml.midi",00981,01059,2.220446049250313e-16,712
339,"339::C:\Users\정세린\Desktop\capstone_classicfy\ATEPP_dataset\ATEPP-1.2\Johann_Sebastian_Bach\English_Suite_No.6_in_D_minor,_BWV_811\1._Pre╠ülude\BWV_811_English_Suite_VI_Prelude.mxl.midi",01765,01766,4.440892098500626e-16,6110
339,"339::C:\Users\정세린\Desktop\capstone_classicfy\ATEPP_dataset\ATEPP-1.2\Johann_Sebastian_Bach\English_Suite_No.6_in_D_minor,_BWV_811\1._Pre╠ülude\BWV_811_English_Suite_VI_Prelude.mxl.midi",01765,01767,2.220446049250313e-16,6110
339,"339::C:\Users\정세린\Desktop\capstone_classicfy\ATEPP_dataset\ATEPP-1.2\Johann_Sebastian_Bach\English_Suite_No.6_in_D_minor,_BWV_811\1._Pre╠ülude\BWV_811_English_Suite_VI_Prelude.mxl.midi",01765,01768,4.440892098500626e-16,6111
339,"339::C:\Users\정세린\Desktop\capstone_classicfy\ATEPP_dataset\ATEPP-1.2\Johann_Sebastian_Bach\English_Suite_No.6_in_D_minor,_BWV_811\1._Pre╠ülude\BWV_811_English_Suite_VI_Prelude.mxl.midi",01765,01769,2.220446049250313e-16,6111
339,"339::C:\Users\정세린\Desktop\capstone_classicfy\ATEPP_dataset\ATEPP-1.2\Johann_Sebastian_Bach\English_Suite_No.6_in_D_minor,_BWV_811\1._Pre╠ülude\BWV_811_English_Suite_VI_Prelude.mxl.midi",01765,01770,8.881784197001252e-16,6111
339,"339::C:\Users\정세린\Desktop\capstone_classicfy\ATEPP_dataset\ATEPP-1.2\Johann_Sebastian_Bach\English_Suite_No.6_in_D_minor,_BWV_811\1._Pre╠ülude\BWV_811_English_Suite_VI_Prelude.mxl.midi",01765,01771,8.881784197001252e-16,6109
450,450::C:\Users\정세린\Desktop\capstone_classicfy\ATEPP_dataset\ATEPP-1.2\Johann_Sebastian_Bach\English_Suite_No.1_in_A_major_BWV_806\1._Pre╠ülude\BWV_806_-_English_Suite_in_A_major_-_Prelude.mxl.midi,02195,02196,2.220446049250313e-16,1533
450,450::C:\Users\정세린\Desktop\capstone_classicfy\ATEPP_dataset\ATEPP-1.2\Johann_Sebastian_Bach\English_Suite_No.1_in_A_major_BWV_806\1._Pre╠ülude\BWV_806_-_English_Suite_in_A_major_-_Prelude.mxl.midi,02195,02197,2.220446049250313e-16,1533
450,450::C:\Users\정세린\Desktop\capstone_classicfy\ATEPP_dataset\ATEPP-1.2\Johann_Sebastian_Bach\English_Suite_No.1_in_A_major_BWV_806\1._Pre╠ülude\BWV_806_-_English_Suite_in_A_major_-_Prelude.mxl.midi,02195,02198,2.220446049250313e-16,1533
450,450::C:\Users\정세린\Desktop\capstone_classicfy\ATEPP_dataset\ATEPP-1.2\Johann_Sebastian_Bach\English_Suite_No.1_in_A_major_BWV_806\1._Pre╠ülude\BWV_806_-_English_Suite_in_A_major_-_Prelude.mxl.midi,02195,02199,2.220446049250313e-16,1533
450,450::C:\Users\정세린\Desktop\capstone_classicfy\ATEPP_dataset\ATEPP-1.2\Johann_Sebastian_Bach\English_Suite_No.1_in_A_major_BWV_806\1._Pre╠ülude\BWV_806_-_English_Suite_in_A_major_-_Prelude.mxl.midi,02195,02200,4.440892098500626e-16,1533
450,450::C:\Users\정세린\Desktop\capstone_classicfy\ATEPP_dataset\ATEPP-1.2\Johann_Sebastian_Bach\English_Suite_No.1_in_A_major_BWV_806\1._Pre╠ülude\BWV_806_-_English_Suite_in_A_major_-_Prelude.mxl.midi,02195,02201,8.881784197001252e-16,1533
494,"494::C:\Users\정세린\Desktop\capstone_classicfy\ATEPP_dataset\ATEPP-1.2\Johann_Sebastian_Bach\English_Suite_No.3_in_G_minor,_BWV_808\1._Pre╠ülude\BWV_808_The_English_suite_III_Prelude_as_inspired_by_Ivo_Pogorelich.mscz.mxl.midi",02402,02403,2.220446049250313e-16,2219
494,"494::C:\Users\정세린\Desktop\capstone_classicfy\ATEPP_dataset\ATEPP-1.2\Johann_Sebastian_Bach\English_Suite_No.3_in_G_minor,_BWV_808\1._Pre╠ülude\BWV_808_The_English_suite_III_Prelude_as_inspired_by_Ivo_Pogorelich.mscz.mxl.midi",02402,02404,4.440892098500626e-16,2219
494,"494::C:\Users\정세린\Desktop\capstone_classicfy\ATEPP_dataset\ATEPP-1.2\Johann_Sebastian_Bach\English_Suite_No.3_in_G_minor,_BWV_808\1._Pre╠ülude\BWV_808_The_English_suite_III_Prelude_as_inspired_by_Ivo_Pogorelich.mscz.mxl.midi",02402,02405,4.440892098500626e-16,2219
494,"494::C:\Users\정세린\Desktop\capstone_classicfy\ATEPP_dataset\ATEPP-1.2\Johann_Sebastian_Bach\English_Suite_No.3_in_G_minor,_BWV_808\1._Pre╠ülude\BWV_808_The_English_suite_III_Prelude_as_inspired_by_Ivo_Pogorelich.mscz.mxl.midi",02402,02406,4.440892098500626e-16,2219
494,"494::C:\Users\정세린\Desktop\capstone_classicfy\ATEPP_dataset\ATEPP-1.2\Johann_Sebastian_Bach\English_Suite_No.3_in_G_minor,_BWV_808\1._Pre╠ülude\BWV_808_The_English_suite_III_Prelude_as_inspired_by_Ivo_Pogorelich.mscz.mxl.midi",02402,02407,4.440892098500626e-16,2219
494,"494::C:\Users\정세린\Desktop\capstone_classicfy\ATEPP_dataset\ATEPP-1.2\Johann_Sebastian_Bach\English_Suite_No.3_in_G_minor,_BWV_808\1._Pre╠ülude\BWV_808_The_English_suite_III_Prelude_as_inspired_by_Ivo_Pogorelich.mscz.mxl.midi",02402,02408,2.220446049250313e-16,2219
494,"494::C:\Users\정세린\Desktop\capstone_classicfy\ATEPP_dataset\ATEPP-1.2\Johann_Sebastian_Bach\English_Suite_No.3_in_G_minor,_BWV_808\1._Pre╠ülude\BWV_808_The_English_suite_III_Prelude_as_inspired_by_Ivo_Pogorelich.mscz.mxl.midi",02402,02409,2.220446049250313e-16,2219
494,"494::C:\Users\정세린\Desktop\capstone_classicfy\ATEPP_dataset\ATEPP-1.2\Johann_Sebastian_Bach\English_Suite_No.3_in_G_minor,_BWV_808\1._Pre╠ülude\BWV_808_The_English_suite_III_Prelude_as_inspired_by_Ivo_Pogorelich.mscz.mxl.midi",02402,02410,4.440892098500626e-16,2219
494,"494::C:\Users\정세린\Desktop\capstone_classicfy\ATEPP_dataset\ATEPP-1.2\Johann_Sebastian_Bach\English_Suite_No.3_in_G_minor,_BWV_808\1._Pre╠ülude\BWV_808_The_English_suite_III_Prelude_as_inspired_by_Ivo_Pogorelich.mscz.mxl.midi",02402,02411,1.5265566588595902e-16,2219
494,"494::C:\Users\정세린\Desktop\capstone_classicfy\ATEPP_dataset\ATEPP-1.2\Johann_Sebastian_Bach\English_Suite_No.3_in_G_minor,_BWV_808\1._Pre╠ülude\BWV_808_The_English_suite_III_Prelude_as_inspired_by_Ivo_Pogorelich.mscz.mxl.midi",02402,02412,2.220446049250313e-16,2219
515,"515::C:\Users\정세린\Desktop\capstone_classicfy\ATEPP_dataset\ATEPP-1.2\Johann_Sebastian_Bach\The_Well-Tempered_Clavier,_Book_I\No._9_in_E_Major,_BWV_854__Prelude\musicxml_cleaned.musicxml.midi",02517,02518,2.220446049250313e-16,964
515,"515::C:\Users\정세린\Desktop\capstone_classicfy\ATEPP_dataset\ATEPP-1.2\Johann_Sebastian_Bach\The_Well-Tempered_Clavier,_Book_I\No._9_in_E_Major,_BWV_854__Prelude\musicxml_cleaned.musicxml.midi",02517,02519,2.220446049250313e-16,966
517,"517::C:\Users\정세린\Desktop\capstone_classicfy\ATEPP_dataset\ATEPP-1.2\Johann_Sebastian_Bach\The_Well-Tempered_Clavier,_Book_I\No._12_in_F_Minor,_BWV_857__Prelude\musicxml_cleaned.musicxml.midi",02525,02526,4.440892098500626e-16,588
517,"517::C:\Users\정세린\Desktop\capstone_classicfy\ATEPP_dataset\ATEPP-1.2\Johann_Sebastian_Bach\The_Well-Tempered_Clavier,_Book_I\No._12_in_F_Minor,_BWV_857__Prelude\musicxml_cleaned.musicxml.midi",02525,02527,2.220446049250313e-16,588
517,"517::C:\Users\정세린\Desktop\capstone_classicfy\ATEPP_dataset\ATEPP-1.2\Johann_Sebastian_Bach\The_Well-Tempered_Clavier,_Book_I\No._12_in_F_Minor,_BWV_857__Prelude\musicxml_cleaned.musicxml.midi",02525,02528,4.440892098500626e-16,588
518,"518::C:\Users\정세린\Desktop\capstone_classicfy\ATEPP_dataset\ATEPP-1.2\Johann_Sebastian_Bach\The_Well-Tempered_Clavier,_Book_I\No._17_in_A-Flat_Major,_BWV_862__Prelude\musicxml_cleaned.musicxml.midi",02530,02531,2.220446049250313e-16,903
518,"518::C:\Users\정세린\Desktop\capstone_classicfy\ATEPP_dataset\ATEPP-1.2\Johann_Sebastian_Bach\The_Well-Tempered_Clavier,_Book_I\No._17_in_A-Flat_Major,_BWV_862__Prelude\musicxml_cleaned.musicxml.midi",02530,02532,1.1102230246251565e-16,903
520,"520::C:\Users\정세린\Desktop\capstone_classicfy\ATEPP_dataset\ATEPP-1.2\Johann_Sebastian_Bach\The_Well-Tempered_Clavier,_Book_I\No._17_in_A-Flat_Major,_BWV_862__Fugue\musicxml_cleaned.musicxml.midi",02537,02538,4.440892098500626e-16,959
521,"521::C:\Users\정세린\Desktop\capstone_classicfy\ATEPP_dataset\ATEPP-1.2\Johann_Sebastian_Bach\The_Well-Tempered_Clavier,_Book_I\No._11_in_F_Major,_BWV_856__Prelude\musicxml_cleaned.musicxml.midi",02540,02541,2.220446049250313e-16,749
521,"521::C:\Users\정세린\Desktop\capstone_classicfy\ATEPP_dataset\ATEPP-1.2\Johann_Sebastian_Bach\The_Well-Tempered_Clavier,_Book_I\No._11_in_F_Major,_BWV_856__Prelude\musicxml_cleaned.musicxml.midi",02540,02542,1.1102230246251565e-16,749
521,"521::C:\Users\정세린\Desktop\capstone_classicfy\ATEPP_dataset\ATEPP-1.2\Johann_Sebastian_Bach\The_Well-Tempered_Clavier,_Book_I\No._11_in_F_Major,_BWV_856__Prelude\musicxml_cleaned.musicxml.midi",02540,02543,1.1102230246251565e-16,749
522,"522::C:\Users\정세린\Desktop\capstone_classicfy\ATEPP_dataset\ATEPP-1.2\Johann_Sebastian_Bach\The_Well-Tempered_Clavier,_Book_I\No._23_in_B_Major,_BWV_868__Fugue\musicxml_cleaned.musicxml.midi",02545,02546,2.220446049250313e-16,917
522,"522::C:\Users\정세린\Desktop\capstone_classicfy\ATEPP_dataset\ATEPP-1.2\Johann_Sebastian_Bach\The_Well-Tempered_Clavier,_Book_I\No._23_in_B_Major,_BWV_868__Fugue\musicxml_cleaned.musicxml.midi",02545,02547,1.1102230246251565e-16,917
525,"525::C:\Users\정세린\Desktop\capstone_classicfy\ATEPP_dataset\ATEPP-1.2\Johann_Sebastian_Bach\The_Well-Tempered_Clavier,_Book_I\No._15_in_G_Major,_BWV_860__Fugue\musicxml_cleaned.musicxml.midi",02556,02557,2.220446049250313e-16,1792
525,"525::C:\Users\정세린\Desktop\capstone_classicfy\ATEPP_dataset\ATEPP-1.2\Johann_Sebastian_Bach\The_Well-Tempered_Clavier,_Book_I\No._15_in_G_Major,_BWV_860__Fugue\musicxml_cleaned.musicxml.midi",02556,02558,4.440892098500626e-16,1792
525,"525::C:\Users\정세린\Desktop\capstone_classicfy\ATEPP_dataset\ATEPP-1.2\Johann_Sebastian_Bach\The_Well-Tempered_Clavier,_Book_I\No._15_in_G_Major,_BWV_860__Fugue\musicxml_cleaned.musicxml.midi",02556,02559,2.220446049250313e-16,1792
526,"526::C:\Users\정세린\Desktop\capstone_classicfy\ATEPP_dataset\ATEPP-1.2\Johann_Sebastian_Bach\The_Well-Tempered_Clavier,_Book_I\No._1_in_C_Major,_BWV_846__Fugue\musicxml_cleaned.musicxml.midi",02560,02561,4.440892098500626e-16,735
526,"526::C:\Users\정세린\Desktop\capstone_classicfy\ATEPP_dataset\ATEPP-1.2\Johann_Sebastian_Bach\The_Well-Tempered_Clavier,_Book_I\No._1_in_C_Major,_BWV_846__Fugue\musicxml_cleaned.musicxml.midi",02560,02562,4.440892098500626e-16,735
526,"526::C:\Users\정세린\Desktop\capstone_classicfy\ATEPP_dataset\ATEPP-1.2\Johann_Sebastian_Bach\The_Well-Tempered_Clavier,_Book_I\No._1_in_C_Major,_BWV_846__Fugue\musicxml_cleaned.musicxml.midi",02560,02563,8.881784197001252e-16,735
527,"527::C:\Users\정세린\Desktop\capstone_classicfy\ATEPP_dataset\ATEPP-1.2\Johann_Sebastian_Bach\The_Well-Tempered_Clavier,_Book_I\No._18_in_G-Sharp_minor,_BWV_863__Prelude\musicxml_cleaned.musicxml.midi",02565,02566,2.220446049250313e-16,588
527,"527::C:\Users\정세린\Desktop\capstone_classicfy\ATEPP_dataset\ATEPP-1.2\Johann_Sebastian_Bach\The_Well-Tempered_Clavier,_Book_I\No._18_in_G-Sharp_minor,_BWV_863__Prelude\musicxml_cleaned.musicxml.midi",02565,02567,1.1102230246251565e-16,588
527,"527::C:\Users\정세린\Desktop\capstone_classicfy\ATEPP_dataset\ATEPP-1.2\Johann_Sebastian_Bach\The_Well-Tempered_Clavier,_Book_I\No._18_in_G-Sharp_minor,_BWV_863__Prelude\musicxml_cleaned.musicxml.midi",02565,02568,2.220446049250313e-16,588
52,"52::C:\Users\정세린\Desktop\capstone_classicfy\ATEPP_dataset\ATEPP-1.2\Sergei_Rachmaninoff\Etudes-Tableaux,_Op.39\No._5_in_E-Flat_Minor\Etude-Tableaux_No._5_Opus_39_No._5.mxl.midi",00120,00121,4.440892098500626e-16,2318
52,"52::C:\Users\정세린\Desktop\capstone_classicfy\ATEPP_dataset\ATEPP-1.2\Sergei_Rachmaninoff\Etudes-Tableaux,_Op.39\No._5_in_E-Flat_Minor\Etude-Tableaux_No._5_Opus_39_No._5.mxl.midi",00120,00122,4.440892098500626e-16,2318
52,"52::C:\Users\정세린\Desktop\capstone_classicfy\ATEPP_dataset\ATEPP-1.2\Sergei_Rachmaninoff\Etudes-Tableaux,_Op.39\No._5_in_E-Flat_Minor\Etude-Tableaux_No._5_Opus_39_No._5.mxl.midi",00120,00123,8.881784197001252e-16,2319
52,"52::C:\Users\정세린\Desktop\capstone_classicfy\ATEPP_dataset\ATEPP-1.2\Sergei_Rachmaninoff\Etudes-Tableaux,_Op.39\No._5_in_E-Flat_Minor\Etude-Tableaux_No._5_Opus_39_No._5.mxl.midi",00120,00124,4.440892098500626e-16,2319
52,"52::C:\Users\정세린\Desktop\capstone_classicfy\ATEPP_dataset\ATEPP-1.2\Sergei_Rachmaninoff\Etudes-Tableaux,_Op.39\No._5_in_E-Flat_Minor\Etude-Tableaux_No._5_Opus_39_No._5.mxl.midi",00120,00125,8.881784197001252e-16,2319
52,"52::C:\Users\정세린\Desktop\capstone_classicfy\ATEPP_dataset\ATEPP-1.2\Sergei_Rachmaninoff\Etudes-Tableaux,_Op.39\No._5_in_E-Flat_Minor\Etude-Tableaux_No._5_Opus_39_No._5.mxl.midi",00120,00126,8.881784197001252e-16,2319
52,"52::C:\Users\정세린\Desktop\capstone_classicfy\ATEPP_dataset\ATEPP-1.2\Sergei_Rachmaninoff\Etudes-Tableaux,_Op.39\No._5_in_E-Flat_Minor\Etude-Tableaux_No._5_Opus_39_No._5.mxl.midi",00120,00127,8.881784197001252e-16,2319
52,"52::C:\Users\정세린\Desktop\capstone_classicfy\ATEPP_dataset\ATEPP-1.2\Sergei_Rachmaninoff\Etudes-Tableaux,_Op.39\No._5_in_E-Flat_Minor\Etude-Tableaux_No._5_Opus_39_No._5.mxl.midi",00120,00128,2.220446049250313e-16,2319
52,"52::C:\Users\정세린\Desktop\capstone_classicfy\ATEPP_dataset\ATEPP-1.2\Sergei_Rachmaninoff\Etudes-Tableaux,_Op.39\No._5_in_E-Flat_Minor\Etude-Tableaux_No._5_Opus_39_No._5.mxl.midi",00120,00129,4.440892098500626e-16,2319
52,"52::C:\Users\정세린\Desktop\capstone_classicfy\ATEPP_dataset\ATEPP-1.2\Sergei_Rachmaninoff\Etudes-Tableaux,_Op.39\No._5_in_E-Flat_Minor\Etude-Tableaux_No._5_Opus_39_No._5.mxl.midi",00120,00130,8.881784197001252e-16,2319
531,"531::C:\Users\정세린\Desktop\capstone_classicfy\ATEPP_dataset\ATEPP-1.2\Johann_Sebastian_Bach\The_Well-Tempered_Clavier,_Book_I\No._22_in_B-Flat_Minor,_BWV_867__Fugue\musicxml_cleaned.musicxml.midi",02583,02584,8.881784197001252e-16,2066
531,"531::C:\Users\정세린\Desktop\capstone_classicfy\ATEPP_dataset\ATEPP-1.2\Johann_Sebastian_Bach\The_Well-Tempered_Clavier,_Book_I\No._22_in_B-Flat_Minor,_BWV_867__Fugue\musicxml_cleaned.musicxml.midi",02583,02585,2.220446049250313e-16,2066
531,"531::C:\Users\정세린\Desktop\capstone_classicfy\ATEPP_dataset\ATEPP-1.2\Johann_Sebastian_Bach\The_Well-Tempered_Clavier,_Book_I\No._22_in_B-Flat_Minor,_BWV_867__Fugue\musicxml_cleaned.musicxml.midi",02583,02586,2.220446049250313e-16,2066
533,"533::C:\Users\정세린\Desktop\capstone_classicfy\ATEPP_dataset\ATEPP-1.2\Johann_Sebastian_Bach\The_Well-Tempered_Clavier,_Book_I\No._22_in_B-Flat_Minor,_BWV_867__Prelude\musicxml_cleaned.musicxml.midi",02594,02595,2.220446049250313e-16,658
534,"534::C:\Users\정세린\Desktop\capstone_classicfy\ATEPP_dataset\ATEPP-1.2\Johann_Sebastian_Bach\The_Well-Tempered_Clavier,_Book_I\No._23_in_B_Major,_BWV_868__Prelude\musicxml_cleaned.musicxml.midi",02597,02598,1.1102230246251565e-16,518
534,"534::C:\Users\정세린\Desktop\capstone_classicfy\ATEPP_dataset\ATEPP-1.2\Johann_Sebastian_Bach\The_Well-Tempered_Clavier,_Book_I\No._23_in_B_Major,_BWV_868__Prelude\musicxml_cleaned.musicxml.midi",02597,02599,2.220446049250313e-16,518
535,"535::C:\Users\정세린\Desktop\capstone_classicfy\ATEPP_dataset\ATEPP-1.2\Johann_Sebastian_Bach\The_Well-Tempered_Clavier,_Book_I\No._19_in_A_Major,_BWV_864__Prelude\musicxml_cleaned.musicxml.midi",02601,02602,2.220446049250313e-16,658
535,"535::C:\Users\정세린\Desktop\capstone_classicfy\ATEPP_dataset\ATEPP-1.2\Johann_Sebastian_Bach\The_Well-Tempered_Clavier,_Book_I\No._19_in_A_Major,_BWV_864__Prelude\musicxml_cleaned.musicxml.midi",02601,02603,2.220446049250313e-16,658
535,"535::C:\Users\정세린\Desktop\capstone_classicfy\ATEPP_dataset\ATEPP-1.2\Johann_Sebastian_Bach\The_Well-Tempered_Clavier,_Book_I\No._19_in_A_Major,_BWV_864__Prelude\musicxml_cleaned.musicxml.midi",02601,02604,1.1102230246251565e-16,658
538,"538::C:\Users\정세린\Desktop\capstone_classicfy\ATEPP_dataset\ATEPP-1.2\Johann_Sebastian_Bach\The_Well-Tempered_Clavier,_Book_I\No._13_in_F-Sharp_Major,_BWV_858__Fugue\musicxml_cleaned.musicxml.midi",02615,02616,2.220446049250313e-16,945
538,"538::C:\Users\정세린\Desktop\capstone_classicfy\ATEPP_dataset\ATEPP-1.2\Johann_Sebastian_Bach\The_Well-Tempered_Clavier,_Book_I\No._13_in_F-Sharp_Major,_BWV_858__Fugue\musicxml_cleaned.musicxml.midi",02615,02617,2.220446049250313e-16,945
538,"538::C:\Users\정세린\Desktop\capstone_classicfy\ATEPP_dataset\ATEPP-1.2\Johann_Sebastian_Bach\The_Well-Tempered_Clavier,_Book_I\No._13_in_F-Sharp_Major,_BWV_858__Fugue\musicxml_cleaned.musicxml.midi",02615,02618,1.1102230246251565e-16,945
540,"540::C:\Users\정세린\Desktop\capstone_classicfy\ATEPP_dataset\ATEPP-1.2\Johann_Sebastian_Bach\The_Well-Tempered_Clavier,_Book_I\No._13_in_F-Sharp_Major,_BWV_858__Prelude\musicxml_cleaned.musicxml.midi",02624,02625,2.220446049250313e-16,623
540,"540::C:\Users\정세린\Desktop\capstone_classicfy\ATEPP_dataset\ATEPP-1.2\Johann_Sebastian_Bach\The_Well-Tempered_Clavier,_Book_I\No._13_in_F-Sharp_Major,_BWV_858__Prelude\musicxml_cleaned.musicxml.midi",02624,02626,2.220446049250313e-16,623
540,"540::C:\Users\정세린\Desktop\capstone_classicfy\ATEPP_dataset\ATEPP-1.2\Johann_Sebastian_Bach\The_Well-Tempered_Clavier,_Book_I\No._13_in_F-Sharp_Major,_BWV_858__Prelude\musicxml_cleaned.musicxml.midi",02624,02627,2.220446049250313e-16,623
540,"540::C:\Users\정세린\Desktop\capstone_classicfy\ATEPP_dataset\ATEPP-1.2\Johann_Sebastian_Bach\The_Well-Tempered_Clavier,_Book_I\No._13_in_F-Sharp_Major,_BWV_858__Prelude\musicxml_cleaned.musicxml.midi",02624,02628,4.440892098500626e-16,623
541,"541::C:\Users\정세린\Desktop\capstone_classicfy\ATEPP_dataset\ATEPP-1.2\Johann_Sebastian_Bach\The_Well-Tempered_Clavier,_Book_I\No._20_in_A_Minor,_BWV_865__Prelude\musicxml_cleaned.musicxml.midi",02630,02631,2.220446049250313e-16,847
541,"541::C:\Users\정세린\Desktop\capstone_classicfy\ATEPP_dataset\ATEPP-1.2\Johann_Sebastian_Bach\The_Well-Tempered_Clavier,_Book_I\No._20_in_A_Minor,_BWV_865__Prelude\musicxml_cleaned.musicxml.midi",02630,02632,2.220446049250313e-16,847
541,"541::C:\Users\정세린\Desktop\capstone_classicfy\ATEPP_dataset\ATEPP-1.2\Johann_Sebastian_Bach\The_Well-Tempered_Clavier,_Book_I\No._20_in_A_Minor,_BWV_865__Prelude\musicxml_cleaned.musicxml.midi",02630,02633,2.220446049250313e-16,847
542,"542::C:\Users\정세린\Desktop\capstone_classicfy\ATEPP_dataset\ATEPP-1.2\Johann_Sebastian_Bach\The_Well-Tempered_Clavier,_Book_I\No._15_in_G_Major,_BWV_860__Prelude\musicxml_cleaned.musicxml.midi",02634,02635,1.1102230246251565e-16,504
542,"542::C:\Users\정세린\Desktop\capstone_classicfy\ATEPP_dataset\ATEPP-1.2\Johann_Sebastian_Bach\The_Well-Tempered_Clavier,_Book_I\No._15_in_G_Major,_BWV_860__Prelude\musicxml_cleaned.musicxml.midi",02634,02636,1.1102230246251565e-16,504
542,"542::C:\Users\정세린\Desktop\capstone_classicfy\ATEPP_dataset\ATEPP-1.2\Johann_Sebastian_Bach\The_Well-Tempered_Clavier,_Book_I\No._15_in_G_Major,_BWV_860__Prelude\musicxml_cleaned.musicxml.midi",02634,02637,1.1102230246251565e-16,504
542,"542::C:\Users\정세린\Desktop\capstone_classicfy\ATEPP_dataset\ATEPP-1.2\Johann_Sebastian_Bach\The_Well-Tempered_Clavier,_Book_I\No._15_in_G_Major,_BWV_860__Prelude\musicxml_cleaned.musicxml.midi",02634,02638,1.1102230246251565e-16,504
544,"544::C:\Users\정세린\Desktop\capstone_classicfy\ATEPP_dataset\ATEPP-1.2\Johann_Sebastian_Bach\The_Well-Tempered_Clavier,_Book_I\No._21_in_B-Flat_Major,_BWV_866__Fugue\musicxml_cleaned.musicxml.midi",02642,02643,4.440892098500626e-16,980
544,"544::C:\Users\정세린\Desktop\capstone_classicfy\ATEPP_dataset\ATEPP-1.2\Johann_Sebastian_Bach\The_Well-Tempered_Clavier,_Book_I\No._21_in_B-Flat_Major,_BWV_866__Fugue\musicxml_cleaned.musicxml.midi",02642,02644,2.220446049250313e-16,980
544,"544::C:\Users\정세린\Desktop\capstone_classicfy\ATEPP_dataset\ATEPP-1.2\Johann_Sebastian_Bach\The_Well-Tempered_Clavier,_Book_I\No._21_in_B-Flat_Major,_BWV_866__Fugue\musicxml_cleaned.musicxml.midi",02642,02645,4.440892098500626e-16,980
546,"546::C:\Users\정세린\Desktop\capstone_classicfy\ATEPP_dataset\ATEPP-1.2\Johann_Sebastian_Bach\The_Well-Tempered_Clavier,_Book_I\No._1_in_C_Major,_BWV_846__Prelude\musicxml_cleaned.musicxml.midi",02648,02649,2.220446049250313e-16,952
546,"546::C:\Users\정세린\Desktop\capstone_classicfy\ATEPP_dataset\ATEPP-1.2\Johann_Sebastian_Bach\The_Well-Tempered_Clavier,_Book_I\No._1_in_C_Major,_BWV_846__Prelude\musicxml_cleaned.musicxml.midi",02648,02650,4.440892098500626e-16,952
547,"547::C:\Users\정세린\Desktop\capstone_classicfy\ATEPP_dataset\ATEPP-1.2\Johann_Sebastian_Bach\The_Well-Tempered_Clavier,_Book_I\No._21_in_B-Flat_Major,_BWV_866__Prelude\musicxml_cleaned.musicxml.midi",02652,02653,1.1102230246251565e-16,553
547,"547::C:\Users\정세린\Desktop\capstone_classicfy\ATEPP_dataset\ATEPP-1.2\Johann_Sebastian_Bach\The_Well-Tempered_Clavier,_Book_I\No._21_in_B-Flat_Major,_BWV_866__Prelude\musicxml_cleaned.musicxml.midi",02652,02654,1.1102230246251565e-16,553
547,"547::C:\Users\정세린\Desktop\capstone_classicfy\ATEPP_dataset\ATEPP-1.2\Johann_Sebastian_Bach\The_Well-Tempered_Clavier,_Book_I\No._21_in_B-Flat_Major,_BWV_866__Prelude\musicxml_cleaned.musicxml.midi",02652,02655,1.1102230246251565e-16,553
547,"547::C:\Users\정세린\Desktop\capstone_classicfy\ATEPP_dataset\ATEPP-1.2\Johann_Sebastian_Bach\The_Well-Tempered_Clavier,_Book_I\No._21_in_B-Flat_Major,_BWV_866__Prelude\musicxml_cleaned.musicxml.midi",02652,02656,5.551115123125783e-17,553
550,"550::C:\Users\정세린\Desktop\capstone_classicfy\ATEPP_dataset\ATEPP-1.2\Johann_Sebastian_Bach\The_Well-Tempered_Clavier,_Book_I\No._12_in_F_Minor,_BWV_857__Fugue\musicxml_cleaned.musicxml.midi",02666,02667,8.881784197001252e-16,1571
550,"550::C:\Users\정세린\Desktop\capstone_classicfy\ATEPP_dataset\ATEPP-1.2\Johann_Sebastian_Bach\The_Well-Tempered_Clavier,_Book_I\No._12_in_F_Minor,_BWV_857__Fugue\musicxml_cleaned.musicxml.midi",02666,02668,8.881784197001252e-16,1571
550,"550::C:\Users\정세린\Desktop\capstone_classicfy\ATEPP_dataset\ATEPP-1.2\Johann_Sebastian_Bach\The_Well-Tempered_Clavier,_Book_I\No._12_in_F_Minor,_BWV_857__Fugue\musicxml_cleaned.musicxml.midi",02666,02669,4.440892098500626e-16,1571
551,"551::C:\Users\정세린\Desktop\capstone_classicfy\ATEPP_dataset\ATEPP-1.2\Johann_Sebastian_Bach\The_Well-Tempered_Clavier,_Book_I\No._18_in_G-Sharp_minor,_BWV_863__Fugue\musicxml_cleaned.musicxml.midi",02670,02671,8.881784197001252e-16,1113
551,"551::C:\Users\정세린\Desktop\capstone_classicfy\ATEPP_dataset\ATEPP-1.2\Johann_Sebastian_Bach\The_Well-Tempered_Clavier,_Book_I\No._18_in_G-Sharp_minor,_BWV_863__Fugue\musicxml_cleaned.musicxml.midi",02670,02672,4.440892098500626e-16,1113
552,"552::C:\Users\정세린\Desktop\capstone_classicfy\ATEPP_dataset\ATEPP-1.2\Johann_Sebastian_Bach\The_Well-Tempered_Clavier,_Book_I\No._3_in_C-Sharp_Major,_BWV_848__Prelude\musicxml_cleaned.musicxml.midi",02673,02675,5.551115123125783e-17,1078
555,"555::C:\Users\정세린\Desktop\capstone_classicfy\ATEPP_dataset\ATEPP-1.2\Johann_Sebastian_Bach\The_Well-Tempered_Clavier,_Book_I\No._19_in_A_Major,_BWV_864__Fugue\musicxml_cleaned.musicxml.midi",02686,02687,4.440892098500626e-16,1664
555,"555::C:\Users\정세린\Desktop\capstone_classicfy\ATEPP_dataset\ATEPP-1.2\Johann_Sebastian_Bach\The_Well-Tempered_Clavier,_Book_I\No._19_in_A_Major,_BWV_864__Fugue\musicxml_cleaned.musicxml.midi",02686,02688,4.440892098500626e-16,1664
555,"555::C:\Users\정세린\Desktop\capstone_classicfy\ATEPP_dataset\ATEPP-1.2\Johann_Sebastian_Bach\The_Well-Tempered_Clavier,_Book_I\No._19_in_A_Major,_BWV_864__Fugue\musicxml_cleaned.musicxml.midi",02686,02689,4.440892098500626e-16,1664
558,"558::C:\Users\정세린\Desktop\capstone_classicfy\ATEPP_dataset\ATEPP-1.2\Johann_Sebastian_Bach\The_Well-Tempered_Clavier,_Book_I\No._3_in_C-Sharp_Major,_BWV_848__Fugue\musicxml_cleaned.musicxml.midi",02697,02698,4.440892098500626e-16,1512
560,"560::C:\Users\정세린\Desktop\capstone_classicfy\ATEPP_dataset\ATEPP-1.2\Johann_Sebastian_Bach\The_Well-Tempered_Clavier,_Book_I\No._20_in_A_Minor,_BWV_865__Fugue\musicxml_cleaned.musicxml.midi",02706,02707,4.440892098500626e-16,2415
560,"560::C:\Users\정세린\Desktop\capstone_classicfy\ATEPP_dataset\ATEPP-1.2\Johann_Sebastian_Bach\The_Well-Tempered_Clavier,_Book_I\No._20_in_A_Minor,_BWV_865__Fugue\musicxml_cleaned.musicxml.midi",02706,02708,4.440892098500626e-16,2415
571,"571::C:\Users\정세린\Desktop\capstone_classicfy\ATEPP_dataset\ATEPP-1.2\Johann_Sebastian_Bach\English_Suite_No.2_in_A_minor,_BWV_807\1._Prelude\J.S._Bach_English_Suite_No.2_In_A_Minor_BWV_807_-_1._Prelude.mxl.midi",02756,02757,1.1102230246251565e-16,3416
571,"571::C:\Users\정세린\Desktop\capstone_classicfy\ATEPP_dataset\ATEPP-1.2\Johann_Sebastian_Bach\English_Suite_No.2_in_A_minor,_BWV_807\1._Prelude\J.S._Bach_English_Suite_No.2_In_A_Minor_BWV_807_-_1._Prelude.mxl.midi",02756,02758,4.440892098500626e-16,3416
571,"571::C:\Users\정세린\Desktop\capstone_classicfy\ATEPP_dataset\ATEPP-1.2\Johann_Sebastian_Bach\English_Suite_No.2_in_A_minor,_BWV_807\1._Prelude\J.S._Bach_English_Suite_No.2_In_A_Minor_BWV_807_-_1._Prelude.mxl.midi",02756,02759,4.440892098500626e-16,3416
571,"571::C:\Users\정세린\Desktop\capstone_classicfy\ATEPP_dataset\ATEPP-1.2\Johann_Sebastian_Bach\English_Suite_No.2_in_A_minor,_BWV_807\1._Prelude\J.S._Bach_English_Suite_No.2_In_A_Minor_BWV_807_-_1._Prelude.mxl.midi",02756,02760,4.440892098500626e-16,3416
571,"571::C:\Users\정세린\Desktop\capstone_classicfy\ATEPP_dataset\ATEPP-1.2\Johann_Sebastian_Bach\English_Suite_No.2_in_A_minor,_BWV_807\1._Prelude\J.S._Bach_English_Suite_No.2_In_A_Minor_BWV_807_-_1._Prelude.mxl.midi",02756,02761,2.220446049250313e-16,3416
571,"571::C:\Users\정세린\Desktop\capstone_classicfy\ATEPP_dataset\ATEPP-1.2\Johann_Sebastian_Bach\English_Suite_No.2_in_A_minor,_BWV_807\1._Prelude\J.S._Bach_English_Suite_No.2_In_A_Minor_BWV_807_-_1._Prelude.mxl.midi",02756,02762,4.440892098500626e-16,3416
571,"571::C:\Users\정세린\Desktop\capstone_classicfy\ATEPP_dataset\ATEPP-1.2\Johann_Sebastian_Bach\English_Suite_No.2_in_A_minor,_BWV_807\1._Prelude\J.S._Bach_English_Suite_No.2_In_A_Minor_BWV_807_-_1._Prelude.mxl.midi",02756,02763,2.220446049250313e-16,3416
571,"571::C:\Users\정세린\Desktop\capstone_classicfy\ATEPP_dataset\ATEPP-1.2\Johann_Sebastian_Bach\English_Suite_No.2_in_A_minor,_BWV_807\1._Prelude\J.S._Bach_English_Suite_No.2_In_A_Minor_BWV_807_-_1._Prelude.mxl.midi",02756,02764,2.220446049250313e-16,3416
571,"571::C:\Users\정세린\Desktop\capstone_classicfy\ATEPP_dataset\ATEPP-1.2\Johann_Sebastian_Bach\English_Suite_No.2_in_A_minor,_BWV_807\1._Prelude\J.S._Bach_English_Suite_No.2_In_A_Minor_BWV_807_-_1._Prelude.mxl.midi",02756,02765,4.440892098500626e-16,3416
571,"571::C:\Users\정세린\Desktop\capstone_classicfy\ATEPP_dataset\ATEPP-1.2\Johann_Sebastian_Bach\English_Suite_No.2_in_A_minor,_BWV_807\1._Prelude\J.S._Bach_English_Suite_No.2_In_A_Minor_BWV_807_-_1._Prelude.mxl.midi",02756,02766,2.220446049250313e-16,3416
57,"57::C:\Users\정세린\Desktop\capstone_classicfy\ATEPP_dataset\ATEPP-1.2\Sergei_Rachmaninoff\Etudes-Tableaux,_Op.39\No.6_in_A_Minor\Rachmaninov_Etude-Tableau_op._39_no._6.mxl.midi",00159,00160,2.220446049250313e-16,2524
57,"57::C:\Users\정세린\Desktop\capstone_classicfy\ATEPP_dataset\ATEPP-1.2\Sergei_Rachmaninoff\Etudes-Tableaux,_Op.39\No.6_in_A_Minor\Rachmaninov_Etude-Tableau_op._39_no._6.mxl.midi",00159,00161,4.440892098500626e-16,2522
57,"57::C:\Users\정세린\Desktop\capstone_classicfy\ATEPP_dataset\ATEPP-1.2\Sergei_Rachmaninoff\Etudes-Tableaux,_Op.39\No.6_in_A_Minor\Rachmaninov_Etude-Tableau_op._39_no._6.mxl.midi",00159,00162,2.220446049250313e-16,2521
57,"57::C:\Users\정세린\Desktop\capstone_classicfy\ATEPP_dataset\ATEPP-1.2\Sergei_Rachmaninoff\Etudes-Tableaux,_Op.39\No.6_in_A_Minor\Rachmaninov_Etude-Tableau_op._39_no._6.mxl.midi",00159,00163,8.881784197001252e-16,2519
57,"57::C:\Users\정세린\Desktop\capstone_classicfy\ATEPP_dataset\ATEPP-1.2\Sergei_Rachmaninoff\Etudes-Tableaux,_Op.39\No.6_in_A_Minor\Rachmaninov_Etude-Tableau_op._39_no._6.mxl.midi",00159,00164,4.440892098500626e-16,2524
597,"597::C:\Users\정세린\Desktop\capstone_classicfy\ATEPP_dataset\ATEPP-1.2\Johann_Sebastian_Bach\Das_Wohltemperierte_Klavier_Book2\Book_2,_BWV_870-893__Fugue_in_C_major_BWV_870\musicxml_cleaned.musicxml.midi",02869,02870,2.220446049250313e-16,1141
599,"599::C:\Users\정세린\Desktop\capstone_classicfy\ATEPP_dataset\ATEPP-1.2\Johann_Sebastian_Bach\Das_Wohltemperierte_Klavier_Book2\Book_2,_BWV_870-893__Fugue_in_C_sharp_minor_BWV_873\musicxml_cleaned.musicxml.midi",02875,02876,2.220446049250313e-16,1470
601,"601::C:\Users\정세린\Desktop\capstone_classicfy\ATEPP_dataset\ATEPP-1.2\Johann_Sebastian_Bach\Das_Wohltemperierte_Klavier_Book2\Book_2,_BWV_870-893__Fugue_in_A_minor_BWV_889\musicxml_cleaned.musicxml.midi",02879,02881,2.220446049250313e-16,761
602,"602::C:\Users\정세린\Desktop\capstone_classicfy\ATEPP_dataset\ATEPP-1.2\Johann_Sebastian_Bach\Das_Wohltemperierte_Klavier_Book2\Book_2,_BWV_870-893__Fugue_in_D_minor_BWV_875\musicxml_cleaned.musicxml.midi",02882,02883,1.1102230246251565e-16,742
602,"602::C:\Users\정세린\Desktop\capstone_classicfy\ATEPP_dataset\ATEPP-1.2\Johann_Sebastian_Bach\Das_Wohltemperierte_Klavier_Book2\Book_2,_BWV_870-893__Fugue_in_D_minor_BWV_875\musicxml_cleaned.musicxml.midi",02882,02884,5.551115123125783e-17,742
603,"603::C:\Users\정세린\Desktop\capstone_classicfy\ATEPP_dataset\ATEPP-1.2\Johann_Sebastian_Bach\Das_Wohltemperierte_Klavier_Book2\Book_2,_BWV_870-893__Fugue_in_A_major_BWV_888\musicxml_cleaned.musicxml.midi",02885,02887,1.1102230246251565e-16,791
606,"606::C:\Users\정세린\Desktop\capstone_classicfy\ATEPP_dataset\ATEPP-1.2\Johann_Sebastian_Bach\Das_Wohltemperierte_Klavier_Book2\Book_2,_BWV_870-893__Fugue_in_G_minor_BWV_885\musicxml_cleaned.musicxml.midi",02893,02894,4.440892098500626e-16,1736
609,"609::C:\Users\정세린\Desktop\capstone_classicfy\ATEPP_dataset\ATEPP-1.2\Johann_Sebastian_Bach\Das_Wohltemperierte_Klavier_Book2\Book_2,_BWV_870-893__Prelude_in_F_major_BWV_880\musicxml_cleaned.musicxml.midi",02900,02901,2.220446049250313e-16,3010
616,"616::C:\Users\정세린\Desktop\capstone_classicfy\ATEPP_dataset\ATEPP-1.2\Johann_Sebastian_Bach\Das_Wohltemperierte_Klavier_Book2\Book_2,_BWV_870-893__Fugue_in_B_flat_minor_BWV_891\musicxml_cleaned.musicxml.midi",02912,02913,8.881784197001252e-16,4187
617,"617::C:\Users\정세린\Desktop\capstone_classicfy\ATEPP_dataset\ATEPP-1.2\Johann_Sebastian_Bach\Das_Wohltemperierte_Klavier_Book2\Book_2,_BWV_870-893__Prelude_in_B_minor_BWV_893\musicxml_cleaned.musicxml.midi",02914,02915,4.440892098500626e-16,1818
618,"618::C:\Users\정세린\Desktop\capstone_classicfy\ATEPP_dataset\ATEPP-1.2\Johann_Sebastian_Bach\Das_Wohltemperierte_Klavier_Book2\Book_2,_BWV_870-893__Fugue_in_D_major_BWV_874\musicxml_cleaned.musicxml.midi",02916,02917,1.1102230246251565e-16,1379
620,"620::C:\Users\정세린\Desktop\capstone_classicfy\ATEPP_dataset\ATEPP-1.2\Johann_Sebastian_Bach\Das_Wohltemperierte_Klavier_Book2\Book_2,_BWV_870-893__Prelude_in_C_sharp_minor_BWV_873\musicxml_cleaned.musicxml.midi",02922,02923,4.440892098500626e-16,1917
621,"621::C:\Users\정세린\Desktop\capstone_classicfy\ATEPP_dataset\ATEPP-1.2\Johann_Sebastian_Bach\Das_Wohltemperierte_Klavier_Book2\Book_2,_BWV_870-893__Fugue_in_F_sharp_minor_BWV_883\musicxml_cleaned.musicxml.midi",02924,02925,2.220446049250313e-16,1931
624,"624::C:\Users\정세린\Desktop\capstone_classicfy\ATEPP_dataset\ATEPP-1.2\Johann_Sebastian_Bach\Das_Wohltemperierte_Klavier_Book2\Book_2,_BWV_870-893__Prelude_in_A_major_BWV_888\musicxml_cleaned.musicxml.midi",02886,02930,4.440892098500626e-16,1372
625,"625::C:\Users\정세린\Desktop\capstone_classicfy\ATEPP_dataset\ATEPP-1.2\Johann_Sebastian_Bach\Das_Wohltemperierte_Klavier_Book2\Book_2,_BWV_870-893__Prelude_in_F_sharp_minor_BWV_883\musicxml_cleaned.musicxml.midi",02931,02932,1.1102230246251565e-16,882
630,"630::C:\Users\정세린\Desktop\capstone_classicfy\ATEPP_dataset\ATEPP-1.2\Johann_Sebastian_Bach\Das_Wohltemperierte_Klavier_Book2\Book_2,_BWV_870-893__Prelude_in_D_minor_BWV_875\musicxml_cleaned.musicxml.midi",02940,02941,2.220446049250313e-16,1260
630,"630::C:\Users\정세린\Desktop\capstone_classicfy\ATEPP_dataset\ATEPP-1.2\Johann_Sebastian_Bach\Das_Wohltemperierte_Klavier_Book2\Book_2,_BWV_870-893__Prelude_in_D_minor_BWV_875\musicxml_cleaned.musicxml.midi",02940,02942,2.220446049250313e-16,1260
630,"630::C:\Users\정세린\Desktop\capstone_classicfy\ATEPP_dataset\ATEPP-1.2\Johann_Sebastian_Bach\Das_Wohltemperierte_Klavier_Book2\Book_2,_BWV_870-893__Prelude_in_D_minor_BWV_875\musicxml_cleaned.musicxml.midi",02940,02943,2.220446049250313e-16,1260
632,"632::C:\Users\정세린\Desktop\capstone_classicfy\ATEPP_dataset\ATEPP-1.2\Johann_Sebastian_Bach\Das_Wohltemperierte_Klavier_Book2\Book_2,_BWV_870-893__Fugue_in_B_minor_BWV_893\musicxml_cleaned.musicxml.midi",02947,02948,2.220446049250313e-16,1043
633,"633::C:\Users\정세린\Desktop\capstone_classicfy\ATEPP_dataset\ATEPP-1.2\Johann_Sebastian_Bach\Das_Wohltemperierte_Klavier_Book2\Book_2,_BWV_870-893__Prelude_in_B_major_BWV_892\musicxml_cleaned.musicxml.midi",02949,02950,2.220446049250313e-16,1260
636,"636::C:\Users\정세린\Desktop\capstone_classicfy\ATEPP_dataset\ATEPP-1.2\Johann_Sebastian_Bach\Das_Wohltemperierte_Klavier_Book2\Book_2,_BWV_870-893__Prelude_in_C_major_BWV_870\musicxml_cleaned.musicxml.midi",02954,02955,5.551115123125783e-17,924
639,"639::C:\Users\정세린\Desktop\capstone_classicfy\ATEPP_dataset\ATEPP-1.2\Johann_Sebastian_Bach\Das_Wohltemperierte_Klavier_Book2\Book_2,_BWV_870-893__Prelude_in_E_flat_major_BWV_876\musicxml_cleaned.musicxml.midi",02959,02960,4.440892098500626e-16,2210
640,"640::C:\Users\정세린\Desktop\capstone_classicfy\ATEPP_dataset\ATEPP-1.2\Johann_Sebastian_Bach\Das_Wohltemperierte_Klavier_Book2\Book_2,_BWV_870-893__Fugue_in_B_major_BWV_892\musicxml_cleaned.musicxml.midi",02951,02961,8.881784197001252e-16,2868
642,"642::C:\Users\정세린\Desktop\capstone_classicfy\ATEPP_dataset\ATEPP-1.2\Johann_Sebastian_Bach\Das_Wohltemperierte_Klavier_Book2\Book_2,_BWV_870-893__Fugue_in_G_major_BWV_884\musicxml_cleaned.musicxml.midi",02962,02963,2.220446049250313e-16,735
643,"643::C:\Users\정세린\Desktop\capstone_classicfy\ATEPP_dataset\ATEPP-1.2\Johann_Sebastian_Bach\Das_Wohltemperierte_Klavier_Book2\Book_2,_BWV_870-893__Fugue_in_F_major_BWV_880\musicxml_cleaned.musicxml.midi",02964,02965,2.220446049250313e-16,1022
646,"646::C:\Users\정세린\Desktop\capstone_classicfy\ATEPP_dataset\ATEPP-1.2\Claude_Debussy\Images,_Book_1,_L._110\No._1,_Reflets_dans_l'eau\musicxml_cleaned.musicxml.midi",02979,02982,4.440892098500626e-16,1272
646,"646::C:\Users\정세린\Desktop\capstone_classicfy\ATEPP_dataset\ATEPP-1.2\Claude_Debussy\Images,_Book_1,_L._110\No._1,_Reflets_dans_l'eau\musicxml_cleaned.musicxml.midi",02979,02983,2.220446049250313e-16,1271
646,"646::C:\Users\정세린\Desktop\capstone_classicfy\ATEPP_dataset\ATEPP-1.2\Claude_Debussy\Images,_Book_1,_L._110\No._1,_Reflets_dans_l'eau\musicxml_cleaned.musicxml.midi",02979,02984,2.220446049250313e-16,1271
646,"646::C:\Users\정세린\Desktop\capstone_classicfy\ATEPP_dataset\ATEPP-1.2\Claude_Debussy\Images,_Book_1,_L._110\No._1,_Reflets_dans_l'eau\musicxml_cleaned.musicxml.midi",02979,02985,2.220446049250313e-16,1271
646,"646::C:\Users\정세린\Desktop\capstone_classicfy\ATEPP_dataset\ATEPP-1.2\Claude_Debussy\Images,_Book_1,_L._110\No._1,_Reflets_dans_l'eau\musicxml_cleaned.musicxml.midi",02979,02986,2.220446049250313e-16,1273
646,"646::C:\Users\정세린\Desktop\capstone_classicfy\ATEPP_dataset\ATEPP-1.2\Claude_Debussy\Images,_Book_1,_L._110\No._1,_Reflets_dans_l'eau\musicxml_cleaned.musicxml.midi",02979,02987,2.220446049250313e-16,1273
646,"646::C:\Users\정세린\Desktop\capstone_classicfy\ATEPP_dataset\ATEPP-1.2\Claude_Debussy\Images,_Book_1,_L._110\No._1,_Reflets_dans_l'eau\musicxml_cleaned.musicxml.midi",02979,02988,2.220446049250313e-16,1273
646,"646::C:\Users\정세린\Desktop\capstone_classicfy\ATEPP_dataset\ATEPP-1.2\Claude_Debussy\Images,_Book_1,_L._110\No._1,_Reflets_dans_l'eau\musicxml_cleaned.musicxml.midi",02979,02989,4.440892098500626e-16,1271
646,"646::C:\Users\정세린\Desktop\capstone_classicfy\ATEPP_dataset\ATEPP-1.2\Claude_Debussy\Images,_Book_1,_L._110\No._1,_Reflets_dans_l'eau\musicxml_cleaned.musicxml.midi",02979,02991,2.220446049250313e-16,1273
646,"646::C:\Users\정세린\Desktop\capstone_classicfy\ATEPP_dataset\ATEPP-1.2\Claude_Debussy\Images,_Book_1,_L._110\No._1,_Reflets_dans_l'eau\musicxml_cleaned.musicxml.midi",02979,02993,1.1102230246251565e-16,1271
646,"646::C:\Users\정세린\Desktop\capstone_classicfy\ATEPP_dataset\ATEPP-1.2\Claude_Debussy\Images,_Book_1,_L._110\No._1,_Reflets_dans_l'eau\musicxml_cleaned.musicxml.midi",02979,02994,4.440892098500626e-16,1273
646,"646::C:\Users\정세린\Desktop\capstone_classicfy\ATEPP_dataset\ATEPP-1.2\Claude_Debussy\Images,_Book_1,_L._110\No._1,_Reflets_dans_l'eau\musicxml_cleaned.musicxml.midi",02979,02995,4.440892098500626e-16,1273
647,"647::C:\Users\정세린\Desktop\capstone_classicfy\ATEPP_dataset\ATEPP-1.2\Claude_Debussy\Images,_Book_1,_L._110\No._2,_Hommage_a╠Ç_Rameau\Hommage__Rameau_de_Images_2_Claude_Debussy.mxl.midi",03005,03006,1.7763568394002505e-15,3021
648,"648::C:\Users\정세린\Desktop\capstone_classicfy\ATEPP_dataset\ATEPP-1.2\Claude_Debussy\Pre╠üludes,_Book_1,_L._117\No._5,_Les_collines_d'Anacapri\Les_collines_dAnacapri.mxl.midi",03010,03015,4.440892098500626e-16,1706
648,"648::C:\Users\정세린\Desktop\capstone_classicfy\ATEPP_dataset\ATEPP-1.2\Claude_Debussy\Pre╠üludes,_Book_1,_L._117\No._5,_Les_collines_d'Anacapri\Les_collines_dAnacapri.mxl.midi",03010,03016,4.440892098500626e-16,1699
648,"648::C:\Users\정세린\Desktop\capstone_classicfy\ATEPP_dataset\ATEPP-1.2\Claude_Debussy\Pre╠üludes,_Book_1,_L._117\No._5,_Les_collines_d'Anacapri\Les_collines_dAnacapri.mxl.midi",03010,03017,4.440892098500626e-16,1706
648,"648::C:\Users\정세린\Desktop\capstone_classicfy\ATEPP_dataset\ATEPP-1.2\Claude_Debussy\Pre╠üludes,_Book_1,_L._117\No._5,_Les_collines_d'Anacapri\Les_collines_dAnacapri.mxl.midi",03010,03018,2.220446049250313e-16,1706
648,"648::C:\Users\정세린\Desktop\capstone_classicfy\ATEPP_dataset\ATEPP-1.2\Claude_Debussy\Pre╠üludes,_Book_1,_L._117\No._5,_Les_collines_d'Anacapri\Les_collines_dAnacapri.mxl.midi",03010,03019,4.440892098500626e-16,1706
648,"648::C:\Users\정세린\Desktop\capstone_classicfy\ATEPP_dataset\ATEPP-1.2\Claude_Debussy\Pre╠üludes,_Book_1,_L._117\No._5,_Les_collines_d'Anacapri\Les_collines_dAnacapri.mxl.midi",03010,03020,8.881784197001252e-16,1700
648,"648::C:\Users\정세린\Desktop\capstone_classicfy\ATEPP_dataset\ATEPP-1.2\Claude_Debussy\Pre╠üludes,_Book_1,_L._117\No._5,_Les_collines_d'Anacapri\Les_collines_dAnacapri.mxl.midi",03010,03021,4.440892098500626e-16,1706
648,"648::C:\Users\정세린\Desktop\capstone_classicfy\ATEPP_dataset\ATEPP-1.2\Claude_Debussy\Pre╠üludes,_Book_1,_L._117\No._5,_Les_collines_d'Anacapri\Les_collines_dAnacapri.mxl.midi",03010,03022,4.440892098500626e-16,1706
648,"648::C:\Users\정세린\Desktop\capstone_classicfy\ATEPP_dataset\ATEPP-1.2\Claude_Debussy\Pre╠üludes,_Book_1,_L._117\No._5,_Les_collines_d'Anacapri\Les_collines_dAnacapri.mxl.midi",03010,03023,2.220446049250313e-16,1700
648,"648::C:\Users\정세린\Desktop\capstone_classicfy\ATEPP_dataset\ATEPP-1.2\Claude_Debussy\Pre╠üludes,_Book_1,_L._117\No._5,_Les_collines_d'Anacapri\Les_collines_dAnacapri.mxl.midi",03010,03024,4.440892098500626e-16,1706
648,"648::C:\Users\정세린\Desktop\capstone_classicfy\ATEPP_dataset\ATEPP-1.2\Claude_Debussy\Pre╠üludes,_Book_1,_L._117\No._5,_Les_collines_d'Anacapri\Les_collines_dAnacapri.mxl.midi",03010,03025,4.440892098500626e-16,1706
648,"648::C:\Users\정세린\Desktop\capstone_classicfy\ATEPP_dataset\ATEPP-1.2\Claude_Debussy\Pre╠üludes,_Book_1,_L._117\No._5,_Les_collines_d'Anacapri\Les_collines_dAnacapri.mxl.midi",03010,03026,4.440892098500626e-16,1706
650,"650::C:\Users\정세린\Desktop\capstone_classicfy\ATEPP_dataset\ATEPP-1.2\Claude_Debussy\Pre╠üludes,_Book_1,_L._117\No._3,_Le_vent_dans_la_plaine\Debussy_Prelude_Bk_1_No_3_Le_Vent_dans_la_plaine.mxl.midi",03040,03044,4.440892098500626e-16,1594
650,"650::C:\Users\정세린\Desktop\capstone_classicfy\ATEPP_dataset\ATEPP-1.2\Claude_Debussy\Pre╠üludes,_Book_1,_L._117\No._3,_Le_vent_dans_la_plaine\Debussy_Prelude_Bk_1_No_3_Le_Vent_dans_la_plaine.mxl.midi",03040,03046,4.440892098500626e-16,1596
650,"650::C:\Users\정세린\Desktop\capstone_classicfy\ATEPP_dataset\ATEPP-1.2\Claude_Debussy\Pre╠üludes,_Book_1,_L._117\No._3,_Le_vent_dans_la_plaine\Debussy_Prelude_Bk_1_No_3_Le_Vent_dans_la_plaine.mxl.midi",03040,03047,2.220446049250313e-16,1596
650,"650::C:\Users\정세린\Desktop\capstone_classicfy\ATEPP_dataset\ATEPP-1.2\Claude_Debussy\Pre╠üludes,_Book_1,_L._117\No._3,_Le_vent_dans_la_plaine\Debussy_Prelude_Bk_1_No_3_Le_Vent_dans_la_plaine.mxl.midi",03040,03048,4.440892098500626e-16,1593
650,"650::C:\Users\정세린\Desktop\capstone_classicfy\ATEPP_dataset\ATEPP-1.2\Claude_Debussy\Pre╠üludes,_Book_1,_L._117\No._3,_Le_vent_dans_la_plaine\Debussy_Prelude_Bk_1_No_3_Le_Vent_dans_la_plaine.mxl.midi",03040,03049,2.220446049250313e-16,1596
650,"650::C:\Users\정세린\Desktop\capstone_classicfy\ATEPP_dataset\ATEPP-1.2\Claude_Debussy\Pre╠üludes,_Book_1,_L._117\No._3,_Le_vent_dans_la_plaine\Debussy_Prelude_Bk_1_No_3_Le_Vent_dans_la_plaine.mxl.midi",03040,03050,2.220446049250313e-16,1596
650,"650::C:\Users\정세린\Desktop\capstone_classicfy\ATEPP_dataset\ATEPP-1.2\Claude_Debussy\Pre╠üludes,_Book_1,_L._117\No._3,_Le_vent_dans_la_plaine\Debussy_Prelude_Bk_1_No_3_Le_Vent_dans_la_plaine.mxl.midi",03040,03051,4.440892098500626e-16,1596
650,"650::C:\Users\정세린\Desktop\capstone_classicfy\ATEPP_dataset\ATEPP-1.2\Claude_Debussy\Pre╠üludes,_Book_1,_L._117\No._3,_Le_vent_dans_la_plaine\Debussy_Prelude_Bk_1_No_3_Le_Vent_dans_la_plaine.mxl.midi",03040,03052,4.440892098500626e-16,1594
650,"650::C:\Users\정세린\Desktop\capstone_classicfy\ATEPP_dataset\ATEPP-1.2\Claude_Debussy\Pre╠üludes,_Book_1,_L._117\No._3,_Le_vent_dans_la_plaine\Debussy_Prelude_Bk_1_No_3_Le_Vent_dans_la_plaine.mxl.midi",03040,03053,4.440892098500626e-16,1594
651,"651::C:\Users\정세린\Desktop\capstone_classicfy\ATEPP_dataset\ATEPP-1.2\Claude_Debussy\Pre╠üludes,_Book_1,_L._117\No._2,_Voiles\Debussy_-_Voiles.mxl.midi",03056,03057,4.440892098500626e-16,868
651,"651::C:\Users\정세린\Desktop\capstone_classicfy\ATEPP_dataset\ATEPP-1.2\Claude_Debussy\Pre╠üludes,_Book_1,_L._117\No._2,_Voiles\Debussy_-_Voiles.mxl.midi",03056,03058,2.220446049250313e-16,868
651,"651::C:\Users\정세린\Desktop\capstone_classicfy\ATEPP_dataset\ATEPP-1.2\Claude_Debussy\Pre╠üludes,_Book_1,_L._117\No._2,_Voiles\Debussy_-_Voiles.mxl.midi",03056,03060,2.220446049250313e-16,868
651,"651::C:\Users\정세린\Desktop\capstone_classicfy\ATEPP_dataset\ATEPP-1.2\Claude_Debussy\Pre╠üludes,_Book_1,_L._117\No._2,_Voiles\Debussy_-_Voiles.mxl.midi",03056,03061,2.220446049250313e-16,868
651,"651::C:\Users\정세린\Desktop\capstone_classicfy\ATEPP_dataset\ATEPP-1.2\Claude_Debussy\Pre╠üludes,_Book_1,_L._117\No._2,_Voiles\Debussy_-_Voiles.mxl.midi",03056,03063,1.1102230246251565e-16,868
651,"651::C:\Users\정세린\Desktop\capstone_classicfy\ATEPP_dataset\ATEPP-1.2\Claude_Debussy\Pre╠üludes,_Book_1,_L._117\No._2,_Voiles\Debussy_-_Voiles.mxl.midi",03056,03064,2.220446049250313e-16,868
652,"652::C:\Users\정세린\Desktop\capstone_classicfy\ATEPP_dataset\ATEPP-1.2\Claude_Debussy\Suite_bergamasque,_L._75\II._Menuet\Debussy_-_Suite_Bergamasque_-_II._Menuet.mxl.midi",03068,03069,8.881784197001252e-16,2157
652,"652::C:\Users\정세린\Desktop\capstone_classicfy\ATEPP_dataset\ATEPP-1.2\Claude_Debussy\Suite_bergamasque,_L._75\II._Menuet\Debussy_-_Suite_Bergamasque_-_II._Menuet.mxl.midi",03068,03070,8.881784197001252e-16,2154
652,"652::C:\Users\정세린\Desktop\capstone_classicfy\ATEPP_dataset\ATEPP-1.2\Claude_Debussy\Suite_bergamasque,_L._75\II._Menuet\Debussy_-_Suite_Bergamasque_-_II._Menuet.mxl.midi",03068,03071,4.440892098500626e-16,2151
652,"652::C:\Users\정세린\Desktop\capstone_classicfy\ATEPP_dataset\ATEPP-1.2\Claude_Debussy\Suite_bergamasque,_L._75\II._Menuet\Debussy_-_Suite_Bergamasque_-_II._Menuet.mxl.midi",03068,03072,4.440892098500626e-16,2154
652,"652::C:\Users\정세린\Desktop\capstone_classicfy\ATEPP_dataset\ATEPP-1.2\Claude_Debussy\Suite_bergamasque,_L._75\II._Menuet\Debussy_-_Suite_Bergamasque_-_II._Menuet.mxl.midi",03068,03073,4.440892098500626e-16,2156
652,"652::C:\Users\정세린\Desktop\capstone_classicfy\ATEPP_dataset\ATEPP-1.2\Claude_Debussy\Suite_bergamasque,_L._75\II._Menuet\Debussy_-_Suite_Bergamasque_-_II._Menuet.mxl.midi",03068,03074,4.440892098500626e-16,2156
652,"652::C:\Users\정세린\Desktop\capstone_classicfy\ATEPP_dataset\ATEPP-1.2\Claude_Debussy\Suite_bergamasque,_L._75\II._Menuet\Debussy_-_Suite_Bergamasque_-_II._Menuet.mxl.midi",03068,03075,4.440892098500626e-16,2155
652,"652::C:\Users\정세린\Desktop\capstone_classicfy\ATEPP_dataset\ATEPP-1.2\Claude_Debussy\Suite_bergamasque,_L._75\II._Menuet\Debussy_-_Suite_Bergamasque_-_II._Menuet.mxl.midi",03068,03076,4.440892098500626e-16,2156
652,"652::C:\Users\정세린\Desktop\capstone_classicfy\ATEPP_dataset\ATEPP-1.2\Claude_Debussy\Suite_bergamasque,_L._75\II._Menuet\Debussy_-_Suite_Bergamasque_-_II._Menuet.mxl.midi",03068,03077,8.881784197001252e-16,2156
653,"653::C:\Users\정세린\Desktop\capstone_classicfy\ATEPP_dataset\ATEPP-1.2\Claude_Debussy\Suite_bergamasque,_L._75\I._Pre╠ülude\Debussy_-_Suite_Bergamasque_-_I._Prelude.mxl.midi",03080,03081,4.440892098500626e-16,2442
653,"653::C:\Users\정세린\Desktop\capstone_classicfy\ATEPP_dataset\ATEPP-1.2\Claude_Debussy\Suite_bergamasque,_L._75\I._Pre╠ülude\Debussy_-_Suite_Bergamasque_-_I._Prelude.mxl.midi",03080,03082,4.440892098500626e-16,2441
653,"653::C:\Users\정세린\Desktop\capstone_classicfy\ATEPP_dataset\ATEPP-1.2\Claude_Debussy\Suite_bergamasque,_L._75\I._Pre╠ülude\Debussy_-_Suite_Bergamasque_-_I._Prelude.mxl.midi",03080,03083,8.881784197001252e-16,2441
653,"653::C:\Users\정세린\Desktop\capstone_classicfy\ATEPP_dataset\ATEPP-1.2\Claude_Debussy\Suite_bergamasque,_L._75\I._Pre╠ülude\Debussy_-_Suite_Bergamasque_-_I._Prelude.mxl.midi",03080,03086,4.440892098500626e-16,2439
653,"653::C:\Users\정세린\Desktop\capstone_classicfy\ATEPP_dataset\ATEPP-1.2\Claude_Debussy\Suite_bergamasque,_L._75\I._Pre╠ülude\Debussy_-_Suite_Bergamasque_-_I._Prelude.mxl.midi",03080,03088,4.440892098500626e-16,2435
653,"653::C:\Users\정세린\Desktop\capstone_classicfy\ATEPP_dataset\ATEPP-1.2\Claude_Debussy\Suite_bergamasque,_L._75\I._Pre╠ülude\Debussy_-_Suite_Bergamasque_-_I._Prelude.mxl.midi",03080,03089,4.440892098500626e-16,2441
654,"654::C:\Users\정세린\Desktop\capstone_classicfy\ATEPP_dataset\ATEPP-1.2\Claude_Debussy\Suite_bergamasque,_L._75\IV._Passepied\IV._Passepied.mxl.midi",03092,03093,1.7763568394002505e-15,4298
654,"654::C:\Users\정세린\Desktop\capstone_classicfy\ATEPP_dataset\ATEPP-1.2\Claude_Debussy\Suite_bergamasque,_L._75\IV._Passepied\IV._Passepied.mxl.midi",03092,03094,1.7763568394002505e-15,4312
654,"654::C:\Users\정세린\Desktop\capstone_classicfy\ATEPP_dataset\ATEPP-1.2\Claude_Debussy\Suite_bergamasque,_L._75\IV._Passepied\IV._Passepied.mxl.midi",03092,03095,8.881784197001252e-16,4315
654,"654::C:\Users\정세린\Desktop\capstone_classicfy\ATEPP_dataset\ATEPP-1.2\Claude_Debussy\Suite_bergamasque,_L._75\IV._Passepied\IV._Passepied.mxl.midi",03092,03096,1.7763568394002505e-15,4317
654,"654::C:\Users\정세린\Desktop\capstone_classicfy\ATEPP_dataset\ATEPP-1.2\Claude_Debussy\Suite_bergamasque,_L._75\IV._Passepied\IV._Passepied.mxl.midi",03092,03097,4.440892098500626e-16,4315
654,"654::C:\Users\정세린\Desktop\capstone_classicfy\ATEPP_dataset\ATEPP-1.2\Claude_Debussy\Suite_bergamasque,_L._75\IV._Passepied\IV._Passepied.mxl.midi",03092,03098,4.440892098500626e-16,4315
654,"654::C:\Users\정세린\Desktop\capstone_classicfy\ATEPP_dataset\ATEPP-1.2\Claude_Debussy\Suite_bergamasque,_L._75\IV._Passepied\IV._Passepied.mxl.midi",03092,03099,8.881784197001252e-16,4317
654,"654::C:\Users\정세린\Desktop\capstone_classicfy\ATEPP_dataset\ATEPP-1.2\Claude_Debussy\Suite_bergamasque,_L._75\IV._Passepied\IV._Passepied.mxl.midi",03092,03100,4.440892098500626e-16,4317
654,"654::C:\Users\정세린\Desktop\capstone_classicfy\ATEPP_dataset\ATEPP-1.2\Claude_Debussy\Suite_bergamasque,_L._75\IV._Passepied\IV._Passepied.mxl.midi",03092,03101,1.7763568394002505e-15,4316
655,"655::C:\Users\정세린\Desktop\capstone_classicfy\ATEPP_dataset\ATEPP-1.2\Claude_Debussy\Suite_bergamasque,_L._75\III._Clair_de_lune\Clair_de_Lune__Debussy.mxl.midi",03104,03106,4.440892098500626e-16,2190
655,"655::C:\Users\정세린\Desktop\capstone_classicfy\ATEPP_dataset\ATEPP-1.2\Claude_Debussy\Suite_bergamasque,_L._75\III._Clair_de_lune\Clair_de_Lune__Debussy.mxl.midi",03104,03107,4.440892098500626e-16,2185
655,"655::C:\Users\정세린\Desktop\capstone_classicfy\ATEPP_dataset\ATEPP-1.2\Claude_Debussy\Suite_bergamasque,_L._75\III._Clair_de_lune\Clair_de_Lune__Debussy.mxl.midi",03104,03108,8.881784197001252e-16,2189
655,"655::C:\Users\정세린\Desktop\capstone_classicfy\ATEPP_dataset\ATEPP-1.2\Claude_Debussy\Suite_bergamasque,_L._75\III._Clair_de_lune\Clair_de_Lune__Debussy.mxl.midi",03104,03109,2.220446049250313e-16,2187
655,"655::C:\Users\정세린\Desktop\capstone_classicfy\ATEPP_dataset\ATEPP-1.2\Claude_Debussy\Suite_bergamasque,_L._75\III._Clair_de_lune\Clair_de_Lune__Debussy.mxl.midi",03104,03110,4.440892098500626e-16,2191
655,"655::C:\Users\정세린\Desktop\capstone_classicfy\ATEPP_dataset\ATEPP-1.2\Claude_Debussy\Suite_bergamasque,_L._75\III._Clair_de_lune\Clair_de_Lune__Debussy.mxl.midi",03104,03111,4.440892098500626e-16,2187
655,"655::C:\Users\정세린\Desktop\capstone_classicfy\ATEPP_dataset\ATEPP-1.2\Claude_Debussy\Suite_bergamasque,_L._75\III._Clair_de_lune\Clair_de_Lune__Debussy.mxl.midi",03104,03112,4.440892098500626e-16,2191
655,"655::C:\Users\정세린\Desktop\capstone_classicfy\ATEPP_dataset\ATEPP-1.2\Claude_Debussy\Suite_bergamasque,_L._75\III._Clair_de_lune\Clair_de_Lune__Debussy.mxl.midi",03104,03113,4.440892098500626e-16,2191
655,"655::C:\Users\정세린\Desktop\capstone_classicfy\ATEPP_dataset\ATEPP-1.2\Claude_Debussy\Suite_bergamasque,_L._75\III._Clair_de_lune\Clair_de_Lune__Debussy.mxl.midi",03104,03114,4.440892098500626e-16,2191
655,"655::C:\Users\정세린\Desktop\capstone_classicfy\ATEPP_dataset\ATEPP-1.2\Claude_Debussy\Suite_bergamasque,_L._75\III._Clair_de_lune\Clair_de_Lune__Debussy.mxl.midi",03104,03115,4.440892098500626e-16,2192
655,"655::C:\Users\정세린\Desktop\capstone_classicfy\ATEPP_dataset\ATEPP-1.2\Claude_Debussy\Suite_bergamasque,_L._75\III._Clair_de_lune\Clair_de_Lune__Debussy.mxl.midi",03104,03116,4.440892098500626e-16,2191
655,"655::C:\Users\정세린\Desktop\capstone_classicfy\ATEPP_dataset\ATEPP-1.2\Claude_Debussy\Suite_bergamasque,_L._75\III._Clair_de_lune\Clair_de_Lune__Debussy.mxl.midi",03104,03117,4.440892098500626e-16,2187
664,"664::C:\Users\정세린\Desktop\capstone_classicfy\ATEPP_dataset\ATEPP-1.2\Claude_Debussy\Pre╠üludes,_Book_2,_L._123\No._6,_Ge╠üne╠üral_Lavine_-_Eccentric\Debussy_Prelude_Book_2_No_6_General_Lavine_-_excentric.mxl.midi",03155,03156,2.220446049250313e-16,1483
664,"664::C:\Users\정세린\Desktop\capstone_classicfy\ATEPP_dataset\ATEPP-1.2\Claude_Debussy\Pre╠üludes,_Book_2,_L._123\No._6,_Ge╠üne╠üral_Lavine_-_Eccentric\Debussy_Prelude_Book_2_No_6_General_Lavine_-_excentric.mxl.midi",03155,03157,4.440892098500626e-16,1475
664,"664::C:\Users\정세린\Desktop\capstone_classicfy\ATEPP_dataset\ATEPP-1.2\Claude_Debussy\Pre╠üludes,_Book_2,_L._123\No._6,_Ge╠üne╠üral_Lavine_-_Eccentric\Debussy_Prelude_Book_2_No_6_General_Lavine_-_excentric.mxl.midi",03155,03158,2.220446049250313e-16,1483
664,"664::C:\Users\정세린\Desktop\capstone_classicfy\ATEPP_dataset\ATEPP-1.2\Claude_Debussy\Pre╠üludes,_Book_2,_L._123\No._6,_Ge╠üne╠üral_Lavine_-_Eccentric\Debussy_Prelude_Book_2_No_6_General_Lavine_-_excentric.mxl.midi",03155,03159,2.220446049250313e-16,1484
664,"664::C:\Users\정세린\Desktop\capstone_classicfy\ATEPP_dataset\ATEPP-1.2\Claude_Debussy\Pre╠üludes,_Book_2,_L._123\No._6,_Ge╠üne╠üral_Lavine_-_Eccentric\Debussy_Prelude_Book_2_No_6_General_Lavine_-_excentric.mxl.midi",03155,03160,4.440892098500626e-16,1485
664,"664::C:\Users\정세린\Desktop\capstone_classicfy\ATEPP_dataset\ATEPP-1.2\Claude_Debussy\Pre╠üludes,_Book_2,_L._123\No._6,_Ge╠üne╠üral_Lavine_-_Eccentric\Debussy_Prelude_Book_2_No_6_General_Lavine_-_excentric.mxl.midi",03155,03161,4.440892098500626e-16,1481
665,"665::C:\Users\정세린\Desktop\capstone_classicfy\ATEPP_dataset\ATEPP-1.2\Claude_Debussy\Pre╠üludes,_Book_2,_L._123\No._12,_Feux_d'artifice\Debussy_Prelude_Book_2_No_12_Feux_dartifice.mxl.midi",03164,03165,2.220446049250313e-16,1401
665,"665::C:\Users\정세린\Desktop\capstone_classicfy\ATEPP_dataset\ATEPP-1.2\Claude_Debussy\Pre╠üludes,_Book_2,_L._123\No._12,_Feux_d'artifice\Debussy_Prelude_Book_2_No_12_Feux_dartifice.mxl.midi",03164,03166,2.220446049250313e-16,1401
665,"665::C:\Users\정세린\Desktop\capstone_classicfy\ATEPP_dataset\ATEPP-1.2\Claude_Debussy\Pre╠üludes,_Book_2,_L._123\No._12,_Feux_d'artifice\Debussy_Prelude_Book_2_No_12_Feux_dartifice.mxl.midi",03164,03167,2.220446049250313e-16,1401
665,"665::C:\Users\정세린\Desktop\capstone_classicfy\ATEPP_dataset\ATEPP-1.2\Claude_Debussy\Pre╠üludes,_Book_2,_L._123\No._12,_Feux_d'artifice\Debussy_Prelude_Book_2_No_12_Feux_dartifice.mxl.midi",03164,03168,2.220446049250313e-16,1400
665,"665::C:\Users\정세린\Desktop\capstone_classicfy\ATEPP_dataset\ATEPP-1.2\Claude_Debussy\Pre╠üludes,_Book_2,_L._123\No._12,_Feux_d'artifice\Debussy_Prelude_Book_2_No_12_Feux_dartifice.mxl.midi",03164,03169,2.220446049250313e-16,1400
665,"665::C:\Users\정세린\Desktop\capstone_classicfy\ATEPP_dataset\ATEPP-1.2\Claude_Debussy\Pre╠üludes,_Book_2,_L._123\No._12,_Feux_d'artifice\Debussy_Prelude_Book_2_No_12_Feux_dartifice.mxl.midi",03164,03170,4.440892098500626e-16,1398
665,"665::C:\Users\정세린\Desktop\capstone_classicfy\ATEPP_dataset\ATEPP-1.2\Claude_Debussy\Pre╠üludes,_Book_2,_L._123\No._12,_Feux_d'artifice\Debussy_Prelude_Book_2_No_12_Feux_dartifice.mxl.midi",03164,03171,2.220446049250313e-16,1401
665,"665::C:\Users\정세린\Desktop\capstone_classicfy\ATEPP_dataset\ATEPP-1.2\Claude_Debussy\Pre╠üludes,_Book_2,_L._123\No._12,_Feux_d'artifice\Debussy_Prelude_Book_2_No_12_Feux_dartifice.mxl.midi",03164,03172,4.440892098500626e-16,1399
665,"665::C:\Users\정세린\Desktop\capstone_classicfy\ATEPP_dataset\ATEPP-1.2\Claude_Debussy\Pre╠üludes,_Book_2,_L._123\No._12,_Feux_d'artifice\Debussy_Prelude_Book_2_No_12_Feux_dartifice.mxl.midi",03164,03173,4.440892098500626e-16,1401
665,"665::C:\Users\정세린\Desktop\capstone_classicfy\ATEPP_dataset\ATEPP-1.2\Claude_Debussy\Pre╠üludes,_Book_2,_L._123\No._12,_Feux_d'artifice\Debussy_Prelude_Book_2_No_12_Feux_dartifice.mxl.midi",03164,03174,2.220446049250313e-16,1401
667,"667::C:\Users\정세린\Desktop\capstone_classicfy\ATEPP_dataset\ATEPP-1.2\Claude_Debussy\Pre╠üludes,_Book_2,_L._123\No._5,_Bruye╠Çres\Debussy_Prelude_Book_2_No_5_Bruyres.mxl.midi",03187,03188,2.220446049250313e-16,1014
667,"667::C:\Users\정세린\Desktop\capstone_classicfy\ATEPP_dataset\ATEPP-1.2\Claude_Debussy\Pre╠üludes,_Book_2,_L._123\No._5,_Bruye╠Çres\Debussy_Prelude_Book_2_No_5_Bruyres.mxl.midi",03187,03190,8.881784197001252e-16,1016
669,"669::C:\Users\정세린\Desktop\capstone_classicfy\ATEPP_dataset\ATEPP-1.2\Claude_Debussy\Pre╠üludes,_Book_2,_L._123\No._3,_La_puerta_del_vino\Debussy_Prelude_Book_2_No_3_La_puerta_del_vino.mxl.midi",03198,03200,8.881784197001252e-16,1230
669,"669::C:\Users\정세린\Desktop\capstone_classicfy\ATEPP_dataset\ATEPP-1.2\Claude_Debussy\Pre╠üludes,_Book_2,_L._123\No._3,_La_puerta_del_vino\Debussy_Prelude_Book_2_No_3_La_puerta_del_vino.mxl.midi",03198,03201,4.440892098500626e-16,1228
669,"669::C:\Users\정세린\Desktop\capstone_classicfy\ATEPP_dataset\ATEPP-1.2\Claude_Debussy\Pre╠üludes,_Book_2,_L._123\No._3,_La_puerta_del_vino\Debussy_Prelude_Book_2_No_3_La_puerta_del_vino.mxl.midi",03198,03202,2.220446049250313e-16,1230
669,"669::C:\Users\정세린\Desktop\capstone_classicfy\ATEPP_dataset\ATEPP-1.2\Claude_Debussy\Pre╠üludes,_Book_2,_L._123\No._3,_La_puerta_del_vino\Debussy_Prelude_Book_2_No_3_La_puerta_del_vino.mxl.midi",03198,03203,4.440892098500626e-16,1230
669,"669::C:\Users\정세린\Desktop\capstone_classicfy\ATEPP_dataset\ATEPP-1.2\Claude_Debussy\Pre╠üludes,_Book_2,_L._123\No._3,_La_puerta_del_vino\Debussy_Prelude_Book_2_No_3_La_puerta_del_vino.mxl.midi",03198,03204,4.440892098500626e-16,1228
669,"669::C:\Users\정세린\Desktop\capstone_classicfy\ATEPP_dataset\ATEPP-1.2\Claude_Debussy\Pre╠üludes,_Book_2,_L._123\No._3,_La_puerta_del_vino\Debussy_Prelude_Book_2_No_3_La_puerta_del_vino.mxl.midi",03198,03205,4.440892098500626e-16,1230
669,"669::C:\Users\정세린\Desktop\capstone_classicfy\ATEPP_dataset\ATEPP-1.2\Claude_Debussy\Pre╠üludes,_Book_2,_L._123\No._3,_La_puerta_del_vino\Debussy_Prelude_Book_2_No_3_La_puerta_del_vino.mxl.midi",03198,03207,4.440892098500626e-16,1226
669,"669::C:\Users\정세린\Desktop\capstone_classicfy\ATEPP_dataset\ATEPP-1.2\Claude_Debussy\Pre╠üludes,_Book_2,_L._123\No._3,_La_puerta_del_vino\Debussy_Prelude_Book_2_No_3_La_puerta_del_vino.mxl.midi",03198,03208,8.881784197001252e-16,1230
669,"669::C:\Users\정세린\Desktop\capstone_classicfy\ATEPP_dataset\ATEPP-1.2\Claude_Debussy\Pre╠üludes,_Book_2,_L._123\No._3,_La_puerta_del_vino\Debussy_Prelude_Book_2_No_3_La_puerta_del_vino.mxl.midi",03198,03209,8.881784197001252e-16,1228
670,"670::C:\Users\정세린\Desktop\capstone_classicfy\ATEPP_dataset\ATEPP-1.2\Claude_Debussy\Pre╠üludes,_Book_2,_L._123\No._4,_Les_fe╠ües_sont_d'exquises_danseuses\Debussy_Prelude_Book_2_No_4_Les_fees_sont_dexquises_danseuses.mxl.midi",03210,03211,2.220446049250313e-16,1296
670,"670::C:\Users\정세린\Desktop\capstone_classicfy\ATEPP_dataset\ATEPP-1.2\Claude_Debussy\Pre╠üludes,_Book_2,_L._123\No._4,_Les_fe╠ües_sont_d'exquises_danseuses\Debussy_Prelude_Book_2_No_4_Les_fees_sont_dexquises_danseuses.mxl.midi",03210,03213,2.220446049250313e-16,1296
670,"670::C:\Users\정세린\Desktop\capstone_classicfy\ATEPP_dataset\ATEPP-1.2\Claude_Debussy\Pre╠üludes,_Book_2,_L._123\No._4,_Les_fe╠ües_sont_d'exquises_danseuses\Debussy_Prelude_Book_2_No_4_Les_fees_sont_dexquises_danseuses.mxl.midi",03210,03214,4.440892098500626e-16,1296
670,"670::C:\Users\정세린\Desktop\capstone_classicfy\ATEPP_dataset\ATEPP-1.2\Claude_Debussy\Pre╠üludes,_Book_2,_L._123\No._4,_Les_fe╠ües_sont_d'exquises_danseuses\Debussy_Prelude_Book_2_No_4_Les_fees_sont_dexquises_danseuses.mxl.midi",03210,03215,2.220446049250313e-16,1296
670,"670::C:\Users\정세린\Desktop\capstone_classicfy\ATEPP_dataset\ATEPP-1.2\Claude_Debussy\Pre╠üludes,_Book_2,_L._123\No._4,_Les_fe╠ües_sont_d'exquises_danseuses\Debussy_Prelude_Book_2_No_4_Les_fees_sont_dexquises_danseuses.mxl.midi",03210,03216,2.220446049250313e-16,1296
670,"670::C:\Users\정세린\Desktop\capstone_classicfy\ATEPP_dataset\ATEPP-1.2\Claude_Debussy\Pre╠üludes,_Book_2,_L._123\No._4,_Les_fe╠ües_sont_d'exquises_danseuses\Debussy_Prelude_Book_2_No_4_Les_fees_sont_dexquises_danseuses.mxl.midi",03210,03217,2.220446049250313e-16,1296
670,"670::C:\Users\정세린\Desktop\capstone_classicfy\ATEPP_dataset\ATEPP-1.2\Claude_Debussy\Pre╠üludes,_Book_2,_L._123\No._4,_Les_fe╠ües_sont_d'exquises_danseuses\Debussy_Prelude_Book_2_No_4_Les_fees_sont_dexquises_danseuses.mxl.midi",03210,03218,2.220446049250313e-16,1296
670,"670::C:\Users\정세린\Desktop\capstone_classicfy\ATEPP_dataset\ATEPP-1.2\Claude_Debussy\Pre╠üludes,_Book_2,_L._123\No._4,_Les_fe╠ües_sont_d'exquises_danseuses\Debussy_Prelude_Book_2_No_4_Les_fees_sont_dexquises_danseuses.mxl.midi",03210,03219,2.220446049250313e-16,1296
670,"670::C:\Users\정세린\Desktop\capstone_classicfy\ATEPP_dataset\ATEPP-1.2\Claude_Debussy\Pre╠üludes,_Book_2,_L._123\No._4,_Les_fe╠ües_sont_d'exquises_danseuses\Debussy_Prelude_Book_2_No_4_Les_fees_sont_dexquises_danseuses.mxl.midi",03210,03220,4.440892098500626e-16,1296
670,"670::C:\Users\정세린\Desktop\capstone_classicfy\ATEPP_dataset\ATEPP-1.2\Claude_Debussy\Pre╠üludes,_Book_2,_L._123\No._4,_Les_fe╠ües_sont_d'exquises_danseuses\Debussy_Prelude_Book_2_No_4_Les_fees_sont_dexquises_danseuses.mxl.midi",03210,03221,4.440892098500626e-16,1296
672,"672::C:\Users\정세린\Desktop\capstone_classicfy\ATEPP_dataset\ATEPP-1.2\Claude_Debussy\Pre╠üludes,_Book_2,_L._123\No._10,_Canope\Debussy_Prelude_Book_2_No_10_Canope.musicxml.midi",03233,03234,8.881784197001252e-16,870
672,"672::C:\Users\정세린\Desktop\capstone_classicfy\ATEPP_dataset\ATEPP-1.2\Claude_Debussy\Pre╠üludes,_Book_2,_L._123\No._10,_Canope\Debussy_Prelude_Book_2_No_10_Canope.musicxml.midi",03233,03235,1.1102230246251565e-16,870
673,"673::C:\Users\정세린\Desktop\capstone_classicfy\ATEPP_dataset\ATEPP-1.2\Claude_Debussy\Estampes,_L._100\1._Pagodes\Estampes_I_Pagodes_--_Debussy.mxl.midi",03237,03238,4.440892098500626e-16,2582
673,"673::C:\Users\정세린\Desktop\capstone_classicfy\ATEPP_dataset\ATEPP-1.2\Claude_Debussy\Estampes,_L._100\1._Pagodes\Estampes_I_Pagodes_--_Debussy.mxl.midi",03237,03239,8.881784197001252e-16,2590
673,"673::C:\Users\정세린\Desktop\capstone_classicfy\ATEPP_dataset\ATEPP-1.2\Claude_Debussy\Estampes,_L._100\1._Pagodes\Estampes_I_Pagodes_--_Debussy.mxl.midi",03237,03240,4.440892098500626e-16,2587
673,"673::C:\Users\정세린\Desktop\capstone_classicfy\ATEPP_dataset\ATEPP-1.2\Claude_Debussy\Estampes,_L._100\1._Pagodes\Estampes_I_Pagodes_--_Debussy.mxl.midi",03237,03241,4.440892098500626e-16,2590
673,"673::C:\Users\정세린\Desktop\capstone_classicfy\ATEPP_dataset\ATEPP-1.2\Claude_Debussy\Estampes,_L._100\1._Pagodes\Estampes_I_Pagodes_--_Debussy.mxl.midi",03237,03242,4.440892098500626e-16,2588
673,"673::C:\Users\정세린\Desktop\capstone_classicfy\ATEPP_dataset\ATEPP-1.2\Claude_Debussy\Estampes,_L._100\1._Pagodes\Estampes_I_Pagodes_--_Debussy.mxl.midi",03237,03243,8.881784197001252e-16,2590
673,"673::C:\Users\정세린\Desktop\capstone_classicfy\ATEPP_dataset\ATEPP-1.2\Claude_Debussy\Estampes,_L._100\1._Pagodes\Estampes_I_Pagodes_--_Debussy.mxl.midi",03237,03244,2.220446049250313e-16,2590
674,"674::C:\Users\정세린\Desktop\capstone_classicfy\ATEPP_dataset\ATEPP-1.2\Claude_Debussy\Estampes,_L._100\3._Jardins_sous_la_pluie\Debussy_Claude__-_Jardins_sous_la_pluie_-_Estampes_III..mxl.midi",03246,03247,4.440892098500626e-16,4348
674,"674::C:\Users\정세린\Desktop\capstone_classicfy\ATEPP_dataset\ATEPP-1.2\Claude_Debussy\Estampes,_L._100\3._Jardins_sous_la_pluie\Debussy_Claude__-_Jardins_sous_la_pluie_-_Estampes_III..mxl.midi",03246,03248,4.440892098500626e-16,4348
674,"674::C:\Users\정세린\Desktop\capstone_classicfy\ATEPP_dataset\ATEPP-1.2\Claude_Debussy\Estampes,_L._100\3._Jardins_sous_la_pluie\Debussy_Claude__-_Jardins_sous_la_pluie_-_Estampes_III..mxl.midi",03246,03249,4.440892098500626e-16,4344
674,"674::C:\Users\정세린\Desktop\capstone_classicfy\ATEPP_dataset\ATEPP-1.2\Claude_Debussy\Estampes,_L._100\3._Jardins_sous_la_pluie\Debussy_Claude__-_Jardins_sous_la_pluie_-_Estampes_III..mxl.midi",03246,03250,8.881784197001252e-16,4346
674,"674::C:\Users\정세린\Desktop\capstone_classicfy\ATEPP_dataset\ATEPP-1.2\Claude_Debussy\Estampes,_L._100\3._Jardins_sous_la_pluie\Debussy_Claude__-_Jardins_sous_la_pluie_-_Estampes_III..mxl.midi",03246,03251,4.440892098500626e-16,4348
674,"674::C:\Users\정세린\Desktop\capstone_classicfy\ATEPP_dataset\ATEPP-1.2\Claude_Debussy\Estampes,_L._100\3._Jardins_sous_la_pluie\Debussy_Claude__-_Jardins_sous_la_pluie_-_Estampes_III..mxl.midi",03246,03252,4.440892098500626e-16,4348
674,"674::C:\Users\정세린\Desktop\capstone_classicfy\ATEPP_dataset\ATEPP-1.2\Claude_Debussy\Estampes,_L._100\3._Jardins_sous_la_pluie\Debussy_Claude__-_Jardins_sous_la_pluie_-_Estampes_III..mxl.midi",03246,03253,8.881784197001252e-16,4347
674,"674::C:\Users\정세린\Desktop\capstone_classicfy\ATEPP_dataset\ATEPP-1.2\Claude_Debussy\Estampes,_L._100\3._Jardins_sous_la_pluie\Debussy_Claude__-_Jardins_sous_la_pluie_-_Estampes_III..mxl.midi",03246,03254,8.881784197001252e-16,4346
674,"674::C:\Users\정세린\Desktop\capstone_classicfy\ATEPP_dataset\ATEPP-1.2\Claude_Debussy\Estampes,_L._100\3._Jardins_sous_la_pluie\Debussy_Claude__-_Jardins_sous_la_pluie_-_Estampes_III..mxl.midi",03246,03255,8.881784197001252e-16,4348
674,"674::C:\Users\정세린\Desktop\capstone_classicfy\ATEPP_dataset\ATEPP-1.2\Claude_Debussy\Estampes,_L._100\3._Jardins_sous_la_pluie\Debussy_Claude__-_Jardins_sous_la_pluie_-_Estampes_III..mxl.midi",03246,03256,4.440892098500626e-16,4344
674,"674::C:\Users\정세린\Desktop\capstone_classicfy\ATEPP_dataset\ATEPP-1.2\Claude_Debussy\Estampes,_L._100\3._Jardins_sous_la_pluie\Debussy_Claude__-_Jardins_sous_la_pluie_-_Estampes_III..mxl.midi",03246,03257,4.440892098500626e-16,4344
675,"675::C:\Users\정세린\Desktop\capstone_classicfy\ATEPP_dataset\ATEPP-1.2\Claude_Debussy\Estampes,_L._100\2._Soire╠üe_dans_Grenade\Debussy_Claude__-_Estampes_II_-_La_soiree_dans_Grenade.mxl.midi",03259,03260,4.440892098500626e-16,1928
675,"675::C:\Users\정세린\Desktop\capstone_classicfy\ATEPP_dataset\ATEPP-1.2\Claude_Debussy\Estampes,_L._100\2._Soire╠üe_dans_Grenade\Debussy_Claude__-_Estampes_II_-_La_soiree_dans_Grenade.mxl.midi",03259,03261,4.440892098500626e-16,1930
675,"675::C:\Users\정세린\Desktop\capstone_classicfy\ATEPP_dataset\ATEPP-1.2\Claude_Debussy\Estampes,_L._100\2._Soire╠üe_dans_Grenade\Debussy_Claude__-_Estampes_II_-_La_soiree_dans_Grenade.mxl.midi",03259,03262,4.440892098500626e-16,1932
675,"675::C:\Users\정세린\Desktop\capstone_classicfy\ATEPP_dataset\ATEPP-1.2\Claude_Debussy\Estampes,_L._100\2._Soire╠üe_dans_Grenade\Debussy_Claude__-_Estampes_II_-_La_soiree_dans_Grenade.mxl.midi",03259,03263,4.440892098500626e-16,1915
675,"675::C:\Users\정세린\Desktop\capstone_classicfy\ATEPP_dataset\ATEPP-1.2\Claude_Debussy\Estampes,_L._100\2._Soire╠üe_dans_Grenade\Debussy_Claude__-_Estampes_II_-_La_soiree_dans_Grenade.mxl.midi",03259,03264,4.440892098500626e-16,1928
675,"675::C:\Users\정세린\Desktop\capstone_classicfy\ATEPP_dataset\ATEPP-1.2\Claude_Debussy\Estampes,_L._100\2._Soire╠üe_dans_Grenade\Debussy_Claude__-_Estampes_II_-_La_soiree_dans_Grenade.mxl.midi",03259,03265,8.881784197001252e-16,1929
69,"69::C:\Users\정세린\Desktop\capstone_classicfy\ATEPP_dataset\ATEPP-1.2\Sergei_Rachmaninoff\6_Moments_musicaux,_Op._16\No._5_in_D_flat,_Adagio_sostenuto\Rachmaninoff_-_Moment_Musical_No_5_in_Db_Major.mxl.midi",00188,00189,1.1102230246251565e-16,1442
713,"713::C:\Users\정세린\Desktop\capstone_classicfy\ATEPP_dataset\ATEPP-1.2\Maurice_Ravel\Miroirs,_M._43\No._3,_Une_barque_sur_l'oce╠üan\musicxml_cleaned.musicxml.midi",03422,03424,8.881784197001252e-16,2643
713,"713::C:\Users\정세린\Desktop\capstone_classicfy\ATEPP_dataset\ATEPP-1.2\Maurice_Ravel\Miroirs,_M._43\No._3,_Une_barque_sur_l'oce╠üan\musicxml_cleaned.musicxml.midi",03422,03425,4.440892098500626e-16,2643
713,"713::C:\Users\정세린\Desktop\capstone_classicfy\ATEPP_dataset\ATEPP-1.2\Maurice_Ravel\Miroirs,_M._43\No._3,_Une_barque_sur_l'oce╠üan\musicxml_cleaned.musicxml.midi",03422,03426,8.881784197001252e-16,2643
713,"713::C:\Users\정세린\Desktop\capstone_classicfy\ATEPP_dataset\ATEPP-1.2\Maurice_Ravel\Miroirs,_M._43\No._3,_Une_barque_sur_l'oce╠üan\musicxml_cleaned.musicxml.midi",03422,03427,4.440892098500626e-16,2643
713,"713::C:\Users\정세린\Desktop\capstone_classicfy\ATEPP_dataset\ATEPP-1.2\Maurice_Ravel\Miroirs,_M._43\No._3,_Une_barque_sur_l'oce╠üan\musicxml_cleaned.musicxml.midi",03422,03428,8.881784197001252e-16,2641
713,"713::C:\Users\정세린\Desktop\capstone_classicfy\ATEPP_dataset\ATEPP-1.2\Maurice_Ravel\Miroirs,_M._43\No._3,_Une_barque_sur_l'oce╠üan\musicxml_cleaned.musicxml.midi",03422,03429,2.220446049250313e-16,2643
713,"713::C:\Users\정세린\Desktop\capstone_classicfy\ATEPP_dataset\ATEPP-1.2\Maurice_Ravel\Miroirs,_M._43\No._3,_Une_barque_sur_l'oce╠üan\musicxml_cleaned.musicxml.midi",03422,03430,1.7763568394002505e-15,2643
716,"716::C:\Users\정세린\Desktop\capstone_classicfy\ATEPP_dataset\ATEPP-1.2\Maurice_Ravel\Miroirs,_M._43\No._4,_Alborada_del_gracioso\musicxml_cleaned.musicxml.midi",03442,03447,1.7763568394002505e-15,5078
716,"716::C:\Users\정세린\Desktop\capstone_classicfy\ATEPP_dataset\ATEPP-1.2\Maurice_Ravel\Miroirs,_M._43\No._4,_Alborada_del_gracioso\musicxml_cleaned.musicxml.midi",03442,03448,1.7763568394002505e-15,5087
716,"716::C:\Users\정세린\Desktop\capstone_classicfy\ATEPP_dataset\ATEPP-1.2\Maurice_Ravel\Miroirs,_M._43\No._4,_Alborada_del_gracioso\musicxml_cleaned.musicxml.midi",03442,03450,4.440892098500626e-16,5088
716,"716::C:\Users\정세린\Desktop\capstone_classicfy\ATEPP_dataset\ATEPP-1.2\Maurice_Ravel\Miroirs,_M._43\No._4,_Alborada_del_gracioso\musicxml_cleaned.musicxml.midi",03442,03451,4.440892098500626e-16,5082
716,"716::C:\Users\정세린\Desktop\capstone_classicfy\ATEPP_dataset\ATEPP-1.2\Maurice_Ravel\Miroirs,_M._43\No._4,_Alborada_del_gracioso\musicxml_cleaned.musicxml.midi",03442,03453,4.440892098500626e-16,5083
716,"716::C:\Users\정세린\Desktop\capstone_classicfy\ATEPP_dataset\ATEPP-1.2\Maurice_Ravel\Miroirs,_M._43\No._4,_Alborada_del_gracioso\musicxml_cleaned.musicxml.midi",03442,03454,4.440892098500626e-16,5078
716,"716::C:\Users\정세린\Desktop\capstone_classicfy\ATEPP_dataset\ATEPP-1.2\Maurice_Ravel\Miroirs,_M._43\No._4,_Alborada_del_gracioso\musicxml_cleaned.musicxml.midi",03442,03455,8.881784197001252e-16,5085
716,"716::C:\Users\정세린\Desktop\capstone_classicfy\ATEPP_dataset\ATEPP-1.2\Maurice_Ravel\Miroirs,_M._43\No._4,_Alborada_del_gracioso\musicxml_cleaned.musicxml.midi",03442,03456,1.7763568394002505e-15,5085
721,"721::C:\Users\정세린\Desktop\capstone_classicfy\ATEPP_dataset\ATEPP-1.2\Maurice_Ravel\Gaspard_de_la_nuit,_M.55\Ondine\musicxml_cleaned.musicxml.midi",03500,03501,4.440892098500626e-16,2255
721,"721::C:\Users\정세린\Desktop\capstone_classicfy\ATEPP_dataset\ATEPP-1.2\Maurice_Ravel\Gaspard_de_la_nuit,_M.55\Ondine\musicxml_cleaned.musicxml.midi",03500,03502,4.440892098500626e-16,2255
721,"721::C:\Users\정세린\Desktop\capstone_classicfy\ATEPP_dataset\ATEPP-1.2\Maurice_Ravel\Gaspard_de_la_nuit,_M.55\Ondine\musicxml_cleaned.musicxml.midi",03500,03503,2.220446049250313e-16,2255
721,"721::C:\Users\정세린\Desktop\capstone_classicfy\ATEPP_dataset\ATEPP-1.2\Maurice_Ravel\Gaspard_de_la_nuit,_M.55\Ondine\musicxml_cleaned.musicxml.midi",03500,03504,2.220446049250313e-16,2255
721,"721::C:\Users\정세린\Desktop\capstone_classicfy\ATEPP_dataset\ATEPP-1.2\Maurice_Ravel\Gaspard_de_la_nuit,_M.55\Ondine\musicxml_cleaned.musicxml.midi",03500,03508,8.881784197001252e-16,2255
721,"721::C:\Users\정세린\Desktop\capstone_classicfy\ATEPP_dataset\ATEPP-1.2\Maurice_Ravel\Gaspard_de_la_nuit,_M.55\Ondine\musicxml_cleaned.musicxml.midi",03500,03511,2.220446049250313e-16,2255
721,"721::C:\Users\정세린\Desktop\capstone_classicfy\ATEPP_dataset\ATEPP-1.2\Maurice_Ravel\Gaspard_de_la_nuit,_M.55\Ondine\musicxml_cleaned.musicxml.midi",03500,03512,2.220446049250313e-16,2255
721,"721::C:\Users\정세린\Desktop\capstone_classicfy\ATEPP_dataset\ATEPP-1.2\Maurice_Ravel\Gaspard_de_la_nuit,_M.55\Ondine\musicxml_cleaned.musicxml.midi",03500,03513,8.881784197001252e-16,2255
721,"721::C:\Users\정세린\Desktop\capstone_classicfy\ATEPP_dataset\ATEPP-1.2\Maurice_Ravel\Gaspard_de_la_nuit,_M.55\Ondine\musicxml_cleaned.musicxml.midi",03500,03514,2.220446049250313e-16,2255
721,"721::C:\Users\정세린\Desktop\capstone_classicfy\ATEPP_dataset\ATEPP-1.2\Maurice_Ravel\Gaspard_de_la_nuit,_M.55\Ondine\musicxml_cleaned.musicxml.midi",03500,03515,2.220446049250313e-16,2255
721,"721::C:\Users\정세린\Desktop\capstone_classicfy\ATEPP_dataset\ATEPP-1.2\Maurice_Ravel\Gaspard_de_la_nuit,_M.55\Ondine\musicxml_cleaned.musicxml.midi",03500,03516,8.881784197001252e-16,2255
721,"721::C:\Users\정세린\Desktop\capstone_classicfy\ATEPP_dataset\ATEPP-1.2\Maurice_Ravel\Gaspard_de_la_nuit,_M.55\Ondine\musicxml_cleaned.musicxml.midi",03500,03517,2.220446049250313e-16,2255
721,"721::C:\Users\정세린\Desktop\capstone_classicfy\ATEPP_dataset\ATEPP-1.2\Maurice_Ravel\Gaspard_de_la_nuit,_M.55\Ondine\musicxml_cleaned.musicxml.midi",03500,03518,4.440892098500626e-16,2255
721,"721::C:\Users\정세린\Desktop\capstone_classicfy\ATEPP_dataset\ATEPP-1.2\Maurice_Ravel\Gaspard_de_la_nuit,_M.55\Ondine\musicxml_cleaned.musicxml.midi",03500,03519,2.220446049250313e-16,2255
721,"721::C:\Users\정세린\Desktop\capstone_classicfy\ATEPP_dataset\ATEPP-1.2\Maurice_Ravel\Gaspard_de_la_nuit,_M.55\Ondine\musicxml_cleaned.musicxml.midi",03500,03520,4.440892098500626e-16,2255
721,"721::C:\Users\정세린\Desktop\capstone_classicfy\ATEPP_dataset\ATEPP-1.2\Maurice_Ravel\Gaspard_de_la_nuit,_M.55\Ondine\musicxml_cleaned.musicxml.midi",03500,03521,4.440892098500626e-16,2255
721,"721::C:\Users\정세린\Desktop\capstone_classicfy\ATEPP_dataset\ATEPP-1.2\Maurice_Ravel\Gaspard_de_la_nuit,_M.55\Ondine\musicxml_cleaned.musicxml.midi",03500,03522,4.440892098500626e-16,2255
721,"721::C:\Users\정세린\Desktop\capstone_classicfy\ATEPP_dataset\ATEPP-1.2\Maurice_Ravel\Gaspard_de_la_nuit,_M.55\Ondine\musicxml_cleaned.musicxml.midi",03500,03523,4.440892098500626e-16,2255
721,"721::C:\Users\정세린\Desktop\capstone_classicfy\ATEPP_dataset\ATEPP-1.2\Maurice_Ravel\Gaspard_de_la_nuit,_M.55\Ondine\musicxml_cleaned.musicxml.midi",03500,03524,2.220446049250313e-16,2255
721,"721::C:\Users\정세린\Desktop\capstone_classicfy\ATEPP_dataset\ATEPP-1.2\Maurice_Ravel\Gaspard_de_la_nuit,_M.55\Ondine\musicxml_cleaned.musicxml.midi",03500,03525,8.881784197001252e-16,2255
722,"722::C:\Users\정세린\Desktop\capstone_classicfy\ATEPP_dataset\ATEPP-1.2\Maurice_Ravel\Gaspard_de_la_nuit,_M.55\Le_gibet\Le_Gibet_-_No.2_from_Gaspard_de_la_Nuit_-_Maurice_Ravel.mxl.midi",03527,03528,2.220446049250313e-16,1405
722,"722::C:\Users\정세린\Desktop\capstone_classicfy\ATEPP_dataset\ATEPP-1.2\Maurice_Ravel\Gaspard_de_la_nuit,_M.55\Le_gibet\Le_Gibet_-_No.2_from_Gaspard_de_la_Nuit_-_Maurice_Ravel.mxl.midi",03527,03529,8.881784197001252e-16,1406
722,"722::C:\Users\정세린\Desktop\capstone_classicfy\ATEPP_dataset\ATEPP-1.2\Maurice_Ravel\Gaspard_de_la_nuit,_M.55\Le_gibet\Le_Gibet_-_No.2_from_Gaspard_de_la_Nuit_-_Maurice_Ravel.mxl.midi",03527,03530,8.881784197001252e-16,1404
722,"722::C:\Users\정세린\Desktop\capstone_classicfy\ATEPP_dataset\ATEPP-1.2\Maurice_Ravel\Gaspard_de_la_nuit,_M.55\Le_gibet\Le_Gibet_-_No.2_from_Gaspard_de_la_Nuit_-_Maurice_Ravel.mxl.midi",03527,03531,4.440892098500626e-16,1406
722,"722::C:\Users\정세린\Desktop\capstone_classicfy\ATEPP_dataset\ATEPP-1.2\Maurice_Ravel\Gaspard_de_la_nuit,_M.55\Le_gibet\Le_Gibet_-_No.2_from_Gaspard_de_la_Nuit_-_Maurice_Ravel.mxl.midi",03527,03532,8.881784197001252e-16,1405
722,"722::C:\Users\정세린\Desktop\capstone_classicfy\ATEPP_dataset\ATEPP-1.2\Maurice_Ravel\Gaspard_de_la_nuit,_M.55\Le_gibet\Le_Gibet_-_No.2_from_Gaspard_de_la_Nuit_-_Maurice_Ravel.mxl.midi",03527,03533,1.7763568394002505e-15,1396
722,"722::C:\Users\정세린\Desktop\capstone_classicfy\ATEPP_dataset\ATEPP-1.2\Maurice_Ravel\Gaspard_de_la_nuit,_M.55\Le_gibet\Le_Gibet_-_No.2_from_Gaspard_de_la_Nuit_-_Maurice_Ravel.mxl.midi",03527,03534,2.220446049250313e-16,1401
722,"722::C:\Users\정세린\Desktop\capstone_classicfy\ATEPP_dataset\ATEPP-1.2\Maurice_Ravel\Gaspard_de_la_nuit,_M.55\Le_gibet\Le_Gibet_-_No.2_from_Gaspard_de_la_Nuit_-_Maurice_Ravel.mxl.midi",03527,03536,8.881784197001252e-16,1406
722,"722::C:\Users\정세린\Desktop\capstone_classicfy\ATEPP_dataset\ATEPP-1.2\Maurice_Ravel\Gaspard_de_la_nuit,_M.55\Le_gibet\Le_Gibet_-_No.2_from_Gaspard_de_la_Nuit_-_Maurice_Ravel.mxl.midi",03527,03539,8.881784197001252e-16,1404
722,"722::C:\Users\정세린\Desktop\capstone_classicfy\ATEPP_dataset\ATEPP-1.2\Maurice_Ravel\Gaspard_de_la_nuit,_M.55\Le_gibet\Le_Gibet_-_No.2_from_Gaspard_de_la_Nuit_-_Maurice_Ravel.mxl.midi",03527,03540,4.440892098500626e-16,1402
722,"722::C:\Users\정세린\Desktop\capstone_classicfy\ATEPP_dataset\ATEPP-1.2\Maurice_Ravel\Gaspard_de_la_nuit,_M.55\Le_gibet\Le_Gibet_-_No.2_from_Gaspard_de_la_Nuit_-_Maurice_Ravel.mxl.midi",03527,03541,8.881784197001252e-16,1405
722,"722::C:\Users\정세린\Desktop\capstone_classicfy\ATEPP_dataset\ATEPP-1.2\Maurice_Ravel\Gaspard_de_la_nuit,_M.55\Le_gibet\Le_Gibet_-_No.2_from_Gaspard_de_la_Nuit_-_Maurice_Ravel.mxl.midi",03527,03542,8.881784197001252e-16,1403
722,"722::C:\Users\정세린\Desktop\capstone_classicfy\ATEPP_dataset\ATEPP-1.2\Maurice_Ravel\Gaspard_de_la_nuit,_M.55\Le_gibet\Le_Gibet_-_No.2_from_Gaspard_de_la_Nuit_-_Maurice_Ravel.mxl.midi",03527,03543,8.881784197001252e-16,1402
722,"722::C:\Users\정세린\Desktop\capstone_classicfy\ATEPP_dataset\ATEPP-1.2\Maurice_Ravel\Gaspard_de_la_nuit,_M.55\Le_gibet\Le_Gibet_-_No.2_from_Gaspard_de_la_Nuit_-_Maurice_Ravel.mxl.midi",03527,03544,2.220446049250313e-16,1406
722,"722::C:\Users\정세린\Desktop\capstone_classicfy\ATEPP_dataset\ATEPP-1.2\Maurice_Ravel\Gaspard_de_la_nuit,_M.55\Le_gibet\Le_Gibet_-_No.2_from_Gaspard_de_la_Nuit_-_Maurice_Ravel.mxl.midi",03527,03545,4.440892098500626e-16,1404
722,"722::C:\Users\정세린\Desktop\capstone_classicfy\ATEPP_dataset\ATEPP-1.2\Maurice_Ravel\Gaspard_de_la_nuit,_M.55\Le_gibet\Le_Gibet_-_No.2_from_Gaspard_de_la_Nuit_-_Maurice_Ravel.mxl.midi",03527,03546,2.220446049250313e-16,1406
722,"722::C:\Users\정세린\Desktop\capstone_classicfy\ATEPP_dataset\ATEPP-1.2\Maurice_Ravel\Gaspard_de_la_nuit,_M.55\Le_gibet\Le_Gibet_-_No.2_from_Gaspard_de_la_Nuit_-_Maurice_Ravel.mxl.midi",03527,03547,4.440892098500626e-16,1402
723,"723::C:\Users\정세린\Desktop\capstone_classicfy\ATEPP_dataset\ATEPP-1.2\Maurice_Ravel\Gaspard_de_la_nuit,_M.55\Scarbo\Scarbo_-_No.3_from_Gaspard_de_la_Nuit_-_Maurice_Ravel.mxl.midi",03548,03550,8.881784197001252e-16,6757
723,"723::C:\Users\정세린\Desktop\capstone_classicfy\ATEPP_dataset\ATEPP-1.2\Maurice_Ravel\Gaspard_de_la_nuit,_M.55\Scarbo\Scarbo_-_No.3_from_Gaspard_de_la_Nuit_-_Maurice_Ravel.mxl.midi",03548,03552,1.7763568394002505e-15,6724
723,"723::C:\Users\정세린\Desktop\capstone_classicfy\ATEPP_dataset\ATEPP-1.2\Maurice_Ravel\Gaspard_de_la_nuit,_M.55\Scarbo\Scarbo_-_No.3_from_Gaspard_de_la_Nuit_-_Maurice_Ravel.mxl.midi",03548,03554,4.440892098500626e-16,6767
723,"723::C:\Users\정세린\Desktop\capstone_classicfy\ATEPP_dataset\ATEPP-1.2\Maurice_Ravel\Gaspard_de_la_nuit,_M.55\Scarbo\Scarbo_-_No.3_from_Gaspard_de_la_Nuit_-_Maurice_Ravel.mxl.midi",03548,03557,8.881784197001252e-16,6748
723,"723::C:\Users\정세린\Desktop\capstone_classicfy\ATEPP_dataset\ATEPP-1.2\Maurice_Ravel\Gaspard_de_la_nuit,_M.55\Scarbo\Scarbo_-_No.3_from_Gaspard_de_la_Nuit_-_Maurice_Ravel.mxl.midi",03548,03560,1.7763568394002505e-15,6762
723,"723::C:\Users\정세린\Desktop\capstone_classicfy\ATEPP_dataset\ATEPP-1.2\Maurice_Ravel\Gaspard_de_la_nuit,_M.55\Scarbo\Scarbo_-_No.3_from_Gaspard_de_la_Nuit_-_Maurice_Ravel.mxl.midi",03548,03561,8.881784197001252e-16,6775
723,"723::C:\Users\정세린\Desktop\capstone_classicfy\ATEPP_dataset\ATEPP-1.2\Maurice_Ravel\Gaspard_de_la_nuit,_M.55\Scarbo\Scarbo_-_No.3_from_Gaspard_de_la_Nuit_-_Maurice_Ravel.mxl.midi",03548,03562,8.881784197001252e-16,6772
723,"723::C:\Users\정세린\Desktop\capstone_classicfy\ATEPP_dataset\ATEPP-1.2\Maurice_Ravel\Gaspard_de_la_nuit,_M.55\Scarbo\Scarbo_-_No.3_from_Gaspard_de_la_Nuit_-_Maurice_Ravel.mxl.midi",03548,03563,8.881784197001252e-16,6768
723,"723::C:\Users\정세린\Desktop\capstone_classicfy\ATEPP_dataset\ATEPP-1.2\Maurice_Ravel\Gaspard_de_la_nuit,_M.55\Scarbo\Scarbo_-_No.3_from_Gaspard_de_la_Nuit_-_Maurice_Ravel.mxl.midi",03548,03564,8.881784197001252e-16,6763
723,"723::C:\Users\정세린\Desktop\capstone_classicfy\ATEPP_dataset\ATEPP-1.2\Maurice_Ravel\Gaspard_de_la_nuit,_M.55\Scarbo\Scarbo_-_No.3_from_Gaspard_de_la_Nuit_-_Maurice_Ravel.mxl.midi",03548,03565,8.881784197001252e-16,6769
723,"723::C:\Users\정세린\Desktop\capstone_classicfy\ATEPP_dataset\ATEPP-1.2\Maurice_Ravel\Gaspard_de_la_nuit,_M.55\Scarbo\Scarbo_-_No.3_from_Gaspard_de_la_Nuit_-_Maurice_Ravel.mxl.midi",03548,03566,8.881784197001252e-16,6769
723,"723::C:\Users\정세린\Desktop\capstone_classicfy\ATEPP_dataset\ATEPP-1.2\Maurice_Ravel\Gaspard_de_la_nuit,_M.55\Scarbo\Scarbo_-_No.3_from_Gaspard_de_la_Nuit_-_Maurice_Ravel.mxl.midi",03548,03567,8.881784197001252e-16,6771
723,"723::C:\Users\정세린\Desktop\capstone_classicfy\ATEPP_dataset\ATEPP-1.2\Maurice_Ravel\Gaspard_de_la_nuit,_M.55\Scarbo\Scarbo_-_No.3_from_Gaspard_de_la_Nuit_-_Maurice_Ravel.mxl.midi",03548,03568,8.881784197001252e-16,6775
723,"723::C:\Users\정세린\Desktop\capstone_classicfy\ATEPP_dataset\ATEPP-1.2\Maurice_Ravel\Gaspard_de_la_nuit,_M.55\Scarbo\Scarbo_-_No.3_from_Gaspard_de_la_Nuit_-_Maurice_Ravel.mxl.midi",03548,03569,8.881784197001252e-16,6779
723,"723::C:\Users\정세린\Desktop\capstone_classicfy\ATEPP_dataset\ATEPP-1.2\Maurice_Ravel\Gaspard_de_la_nuit,_M.55\Scarbo\Scarbo_-_No.3_from_Gaspard_de_la_Nuit_-_Maurice_Ravel.mxl.midi",03548,03570,8.881784197001252e-16,6739
723,"723::C:\Users\정세린\Desktop\capstone_classicfy\ATEPP_dataset\ATEPP-1.2\Maurice_Ravel\Gaspard_de_la_nuit,_M.55\Scarbo\Scarbo_-_No.3_from_Gaspard_de_la_Nuit_-_Maurice_Ravel.mxl.midi",03548,03571,8.881784197001252e-16,6770
723,"723::C:\Users\정세린\Desktop\capstone_classicfy\ATEPP_dataset\ATEPP-1.2\Maurice_Ravel\Gaspard_de_la_nuit,_M.55\Scarbo\Scarbo_-_No.3_from_Gaspard_de_la_Nuit_-_Maurice_Ravel.mxl.midi",03548,03572,8.881784197001252e-16,6775
723,"723::C:\Users\정세린\Desktop\capstone_classicfy\ATEPP_dataset\ATEPP-1.2\Maurice_Ravel\Gaspard_de_la_nuit,_M.55\Scarbo\Scarbo_-_No.3_from_Gaspard_de_la_Nuit_-_Maurice_Ravel.mxl.midi",03548,03573,8.881784197001252e-16,6764
723,"723::C:\Users\정세린\Desktop\capstone_classicfy\ATEPP_dataset\ATEPP-1.2\Maurice_Ravel\Gaspard_de_la_nuit,_M.55\Scarbo\Scarbo_-_No.3_from_Gaspard_de_la_Nuit_-_Maurice_Ravel.mxl.midi",03548,03574,8.881784197001252e-16,6732
723,"723::C:\Users\정세린\Desktop\capstone_classicfy\ATEPP_dataset\ATEPP-1.2\Maurice_Ravel\Gaspard_de_la_nuit,_M.55\Scarbo\Scarbo_-_No.3_from_Gaspard_de_la_Nuit_-_Maurice_Ravel.mxl.midi",03548,03576,1.7763568394002505e-15,6753
728,"728::C:\Users\정세린\Desktop\capstone_classicfy\ATEPP_dataset\ATEPP-1.2\Maurice_Ravel\Le_Tombeau_de_Couperin,_M.68\No._6._Toccata\Toccata_-_Ravel.mxl.midi",03605,03606,2.220446049250313e-16,3500
728,"728::C:\Users\정세린\Desktop\capstone_classicfy\ATEPP_dataset\ATEPP-1.2\Maurice_Ravel\Le_Tombeau_de_Couperin,_M.68\No._6._Toccata\Toccata_-_Ravel.mxl.midi",03605,03607,2.220446049250313e-16,3500
728,"728::C:\Users\정세린\Desktop\capstone_classicfy\ATEPP_dataset\ATEPP-1.2\Maurice_Ravel\Le_Tombeau_de_Couperin,_M.68\No._6._Toccata\Toccata_-_Ravel.mxl.midi",03605,03608,2.220446049250313e-16,3498
728,"728::C:\Users\정세린\Desktop\capstone_classicfy\ATEPP_dataset\ATEPP-1.2\Maurice_Ravel\Le_Tombeau_de_Couperin,_M.68\No._6._Toccata\Toccata_-_Ravel.mxl.midi",03605,03609,2.220446049250313e-16,3500
728,"728::C:\Users\정세린\Desktop\capstone_classicfy\ATEPP_dataset\ATEPP-1.2\Maurice_Ravel\Le_Tombeau_de_Couperin,_M.68\No._6._Toccata\Toccata_-_Ravel.mxl.midi",03605,03610,4.440892098500626e-16,3500
728,"728::C:\Users\정세린\Desktop\capstone_classicfy\ATEPP_dataset\ATEPP-1.2\Maurice_Ravel\Le_Tombeau_de_Couperin,_M.68\No._6._Toccata\Toccata_-_Ravel.mxl.midi",03605,03611,2.220446049250313e-16,3500
728,"728::C:\Users\정세린\Desktop\capstone_classicfy\ATEPP_dataset\ATEPP-1.2\Maurice_Ravel\Le_Tombeau_de_Couperin,_M.68\No._6._Toccata\Toccata_-_Ravel.mxl.midi",03605,03612,4.440892098500626e-16,3500
75,"75::C:\Users\정세린\Desktop\capstone_classicfy\ATEPP_dataset\ATEPP-1.2\Sergei_Rachmaninoff\10_Preludes,_Op._23\No._2_in_B-Flat_Major\musicxml_cleaned.musicxml.midi",00217,00218,4.440892098500626e-16,1693
75,"75::C:\Users\정세린\Desktop\capstone_classicfy\ATEPP_dataset\ATEPP-1.2\Sergei_Rachmaninoff\10_Preludes,_Op._23\No._2_in_B-Flat_Major\musicxml_cleaned.musicxml.midi",00217,00219,2.220446049250313e-16,1691
77,"77::C:\Users\정세린\Desktop\capstone_classicfy\ATEPP_dataset\ATEPP-1.2\Sergei_Rachmaninoff\10_Preludes,_Op._23\No._6_in_E-Flat_Major__Andante\musicxml_cleaned.musicxml.midi",00221,00222,5.551115123125783e-17,1176
7,"7::C:\Users\정세린\Desktop\capstone_classicfy\ATEPP_dataset\ATEPP-1.2\Sergei_Rachmaninoff\13_Preludes,_Op._32\No._12_in_G-Sharp_Minor\Rachmaninoff_-_Preludes_Op._32_No._12_in_G-sharp_minor.mxl.midi",00025,00026,4.440892098500626e-16,1951
7,"7::C:\Users\정세린\Desktop\capstone_classicfy\ATEPP_dataset\ATEPP-1.2\Sergei_Rachmaninoff\13_Preludes,_Op._32\No._12_in_G-Sharp_Minor\Rachmaninoff_-_Preludes_Op._32_No._12_in_G-sharp_minor.mxl.midi",00025,00028,4.440892098500626e-16,1951
7,"7::C:\Users\정세린\Desktop\capstone_classicfy\ATEPP_dataset\ATEPP-1.2\Sergei_Rachmaninoff\13_Preludes,_Op._32\No._12_in_G-Sharp_Minor\Rachmaninoff_-_Preludes_Op._32_No._12_in_G-sharp_minor.mxl.midi",00025,00029,4.440892098500626e-16,1949
7,"7::C:\Users\정세린\Desktop\capstone_classicfy\ATEPP_dataset\ATEPP-1.2\Sergei_Rachmaninoff\13_Preludes,_Op._32\No._12_in_G-Sharp_Minor\Rachmaninoff_-_Preludes_Op._32_No._12_in_G-sharp_minor.mxl.midi",00025,00030,2.220446049250313e-16,1951
7,"7::C:\Users\정세린\Desktop\capstone_classicfy\ATEPP_dataset\ATEPP-1.2\Sergei_Rachmaninoff\13_Preludes,_Op._32\No._12_in_G-Sharp_Minor\Rachmaninoff_-_Preludes_Op._32_No._12_in_G-sharp_minor.mxl.midi",00025,00031,2.220446049250313e-16,1949
7,"7::C:\Users\정세린\Desktop\capstone_classicfy\ATEPP_dataset\ATEPP-1.2\Sergei_Rachmaninoff\13_Preludes,_Op._32\No._12_in_G-Sharp_Minor\Rachmaninoff_-_Preludes_Op._32_No._12_in_G-sharp_minor.mxl.midi",00025,00032,4.440892098500626e-16,1951
7,"7::C:\Users\정세린\Desktop\capstone_classicfy\ATEPP_dataset\ATEPP-1.2\Sergei_Rachmaninoff\13_Preludes,_Op._32\No._12_in_G-Sharp_Minor\Rachmaninoff_-_Preludes_Op._32_No._12_in_G-sharp_minor.mxl.midi",00025,00033,4.440892098500626e-16,1951
7,"7::C:\Users\정세린\Desktop\capstone_classicfy\ATEPP_dataset\ATEPP-1.2\Sergei_Rachmaninoff\13_Preludes,_Op._32\No._12_in_G-Sharp_Minor\Rachmaninoff_-_Preludes_Op._32_No._12_in_G-sharp_minor.mxl.midi",00025,00034,2.220446049250313e-16,1951
7,"7::C:\Users\정세린\Desktop\capstone_classicfy\ATEPP_dataset\ATEPP-1.2\Sergei_Rachmaninoff\13_Preludes,_Op._32\No._12_in_G-Sharp_Minor\Rachmaninoff_-_Preludes_Op._32_No._12_in_G-sharp_minor.mxl.midi",00025,00035,4.440892098500626e-16,1951
7,"7::C:\Users\정세린\Desktop\capstone_classicfy\ATEPP_dataset\ATEPP-1.2\Sergei_Rachmaninoff\13_Preludes,_Op._32\No._12_in_G-Sharp_Minor\Rachmaninoff_-_Preludes_Op._32_No._12_in_G-sharp_minor.mxl.midi",00025,00037,4.440892098500626e-16,1950
7,"7::C:\Users\정세린\Desktop\capstone_classicfy\ATEPP_dataset\ATEPP-1.2\Sergei_Rachmaninoff\13_Preludes,_Op._32\No._12_in_G-Sharp_Minor\Rachmaninoff_-_Preludes_Op._32_No._12_in_G-sharp_minor.mxl.midi",00025,00038,2.220446049250313e-16,1951
80,"80::C:\Users\정세린\Desktop\capstone_classicfy\ATEPP_dataset\ATEPP-1.2\Sergei_Rachmaninoff\10_Preludes,_Op._23\No._4_in_D_Major\musicxml_cleaned.musicxml.midi",00239,00240,1.1102230246251565e-16,1592
80,"80::C:\Users\정세린\Desktop\capstone_classicfy\ATEPP_dataset\ATEPP-1.2\Sergei_Rachmaninoff\10_Preludes,_Op._23\No._4_in_D_Major\musicxml_cleaned.musicxml.midi",00239,00241,2.220446049250313e-16,1592
80,"80::C:\Users\정세린\Desktop\capstone_classicfy\ATEPP_dataset\ATEPP-1.2\Sergei_Rachmaninoff\10_Preludes,_Op._23\No._4_in_D_Major\musicxml_cleaned.musicxml.midi",00239,00242,2.220446049250313e-16,1592
861,"861::C:\Users\정세린\Desktop\capstone_classicfy\ATEPP_dataset\ATEPP-1.2\Franz_Schubert\6_Moments_musicaux,_Op.94_D.780\No.3_in_F_minor_(Allegro_moderato)\musicxml_cleaned.musicxml.midi",03919,03920,2.220446049250313e-16,1076
861,"861::C:\Users\정세린\Desktop\capstone_classicfy\ATEPP_dataset\ATEPP-1.2\Franz_Schubert\6_Moments_musicaux,_Op.94_D.780\No.3_in_F_minor_(Allegro_moderato)\musicxml_cleaned.musicxml.midi",03919,03922,4.440892098500626e-16,1076
861,"861::C:\Users\정세린\Desktop\capstone_classicfy\ATEPP_dataset\ATEPP-1.2\Franz_Schubert\6_Moments_musicaux,_Op.94_D.780\No.3_in_F_minor_(Allegro_moderato)\musicxml_cleaned.musicxml.midi",03919,03923,4.440892098500626e-16,1076
861,"861::C:\Users\정세린\Desktop\capstone_classicfy\ATEPP_dataset\ATEPP-1.2\Franz_Schubert\6_Moments_musicaux,_Op.94_D.780\No.3_in_F_minor_(Allegro_moderato)\musicxml_cleaned.musicxml.midi",03919,03925,2.220446049250313e-16,1076
861,"861::C:\Users\정세린\Desktop\capstone_classicfy\ATEPP_dataset\ATEPP-1.2\Franz_Schubert\6_Moments_musicaux,_Op.94_D.780\No.3_in_F_minor_(Allegro_moderato)\musicxml_cleaned.musicxml.midi",03919,03926,4.440892098500626e-16,1076
861,"861::C:\Users\정세린\Desktop\capstone_classicfy\ATEPP_dataset\ATEPP-1.2\Franz_Schubert\6_Moments_musicaux,_Op.94_D.780\No.3_in_F_minor_(Allegro_moderato)\musicxml_cleaned.musicxml.midi",03919,03928,4.440892098500626e-16,1076
861,"861::C:\Users\정세린\Desktop\capstone_classicfy\ATEPP_dataset\ATEPP-1.2\Franz_Schubert\6_Moments_musicaux,_Op.94_D.780\No.3_in_F_minor_(Allegro_moderato)\musicxml_cleaned.musicxml.midi",03919,03929,2.220446049250313e-16,1076
861,"861::C:\Users\정세린\Desktop\capstone_classicfy\ATEPP_dataset\ATEPP-1.2\Franz_Schubert\6_Moments_musicaux,_Op.94_D.780\No.3_in_F_minor_(Allegro_moderato)\musicxml_cleaned.musicxml.midi",03919,03930,2.220446049250313e-16,1076
861,"861::C:\Users\정세린\Desktop\capstone_classicfy\ATEPP_dataset\ATEPP-1.2\Franz_Schubert\6_Moments_musicaux,_Op.94_D.780\No.3_in_F_minor_(Allegro_moderato)\musicxml_cleaned.musicxml.midi",03919,03931,8.881784197001252e-16,1076
862,"862::C:\Users\정세린\Desktop\capstone_classicfy\ATEPP_dataset\ATEPP-1.2\Franz_Schubert\6_Moments_musicaux,_Op.94_D.780\No.4_in_C_sharp_minor_(Moderato)\Moment_Musical_op._94_d._780_no._4_in_C-sharp_Minor_-_Franz_Schubert.mxl.midi",03934,03935,2.220446049250313e-16,2880
862,"862::C:\Users\정세린\Desktop\capstone_classicfy\ATEPP_dataset\ATEPP-1.2\Franz_Schubert\6_Moments_musicaux,_Op.94_D.780\No.4_in_C_sharp_minor_(Moderato)\Moment_Musical_op._94_d._780_no._4_in_C-sharp_Minor_-_Franz_Schubert.mxl.midi",03934,03937,4.440892098500626e-16,2880
862,"862::C:\Users\정세린\Desktop\capstone_classicfy\ATEPP_dataset\ATEPP-1.2\Franz_Schubert\6_Moments_musicaux,_Op.94_D.780\No.4_in_C_sharp_minor_(Moderato)\Moment_Musical_op._94_d._780_no._4_in_C-sharp_Minor_-_Franz_Schubert.mxl.midi",03934,03938,2.220446049250313e-16,2880
862,"862::C:\Users\정세린\Desktop\capstone_classicfy\ATEPP_dataset\ATEPP-1.2\Franz_Schubert\6_Moments_musicaux,_Op.94_D.780\No.4_in_C_sharp_minor_(Moderato)\Moment_Musical_op._94_d._780_no._4_in_C-sharp_Minor_-_Franz_Schubert.mxl.midi",03934,03939,2.220446049250313e-16,2880
862,"862::C:\Users\정세린\Desktop\capstone_classicfy\ATEPP_dataset\ATEPP-1.2\Franz_Schubert\6_Moments_musicaux,_Op.94_D.780\No.4_in_C_sharp_minor_(Moderato)\Moment_Musical_op._94_d._780_no._4_in_C-sharp_Minor_-_Franz_Schubert.mxl.midi",03934,03940,2.220446049250313e-16,2880
862,"862::C:\Users\정세린\Desktop\capstone_classicfy\ATEPP_dataset\ATEPP-1.2\Franz_Schubert\6_Moments_musicaux,_Op.94_D.780\No.4_in_C_sharp_minor_(Moderato)\Moment_Musical_op._94_d._780_no._4_in_C-sharp_Minor_-_Franz_Schubert.mxl.midi",03934,03941,2.220446049250313e-16,2880
865,"865::C:\Users\정세린\Desktop\capstone_classicfy\ATEPP_dataset\ATEPP-1.2\Franz_Schubert\6_Moments_musicaux,_Op.94_D.780\No.1_in_C_(Moderato)\musicxml_cleaned.musicxml.midi",03951,03954,2.220446049250313e-16,3160
871,"871::C:\Users\정세린\Desktop\capstone_classicfy\ATEPP_dataset\ATEPP-1.2\Franz_Schubert\Piano_Sonata_No.13_in_A,_D.664\3._Allegro\musicxml_cleaned.musicxml.midi",03986,03987,4.440892098500626e-16,4484
871,"871::C:\Users\정세린\Desktop\capstone_classicfy\ATEPP_dataset\ATEPP-1.2\Franz_Schubert\Piano_Sonata_No.13_in_A,_D.664\3._Allegro\musicxml_cleaned.musicxml.midi",03986,03988,4.440892098500626e-16,4484
871,"871::C:\Users\정세린\Desktop\capstone_classicfy\ATEPP_dataset\ATEPP-1.2\Franz_Schubert\Piano_Sonata_No.13_in_A,_D.664\3._Allegro\musicxml_cleaned.musicxml.midi",03986,03989,2.220446049250313e-16,4484
871,"871::C:\Users\정세린\Desktop\capstone_classicfy\ATEPP_dataset\ATEPP-1.2\Franz_Schubert\Piano_Sonata_No.13_in_A,_D.664\3._Allegro\musicxml_cleaned.musicxml.midi",03986,03990,2.220446049250313e-16,4484
871,"871::C:\Users\정세린\Desktop\capstone_classicfy\ATEPP_dataset\ATEPP-1.2\Franz_Schubert\Piano_Sonata_No.13_in_A,_D.664\3._Allegro\musicxml_cleaned.musicxml.midi",03986,03992,2.220446049250313e-16,4484
871,"871::C:\Users\정세린\Desktop\capstone_classicfy\ATEPP_dataset\ATEPP-1.2\Franz_Schubert\Piano_Sonata_No.13_in_A,_D.664\3._Allegro\musicxml_cleaned.musicxml.midi",03986,03994,4.440892098500626e-16,4484
871,"871::C:\Users\정세린\Desktop\capstone_classicfy\ATEPP_dataset\ATEPP-1.2\Franz_Schubert\Piano_Sonata_No.13_in_A,_D.664\3._Allegro\musicxml_cleaned.musicxml.midi",03986,03995,4.440892098500626e-16,4484
871,"871::C:\Users\정세린\Desktop\capstone_classicfy\ATEPP_dataset\ATEPP-1.2\Franz_Schubert\Piano_Sonata_No.13_in_A,_D.664\3._Allegro\musicxml_cleaned.musicxml.midi",03986,03997,4.440892098500626e-16,4484
872,"872::C:\Users\정세린\Desktop\capstone_classicfy\ATEPP_dataset\ATEPP-1.2\Franz_Schubert\Piano_Sonata_No.13_in_A,_D.664\2._Andante\musicxml_cleaned.musicxml.midi",03999,04000,1.7763568394002505e-15,1550
872,"872::C:\Users\정세린\Desktop\capstone_classicfy\ATEPP_dataset\ATEPP-1.2\Franz_Schubert\Piano_Sonata_No.13_in_A,_D.664\2._Andante\musicxml_cleaned.musicxml.midi",03999,04001,8.881784197001252e-16,1550
872,"872::C:\Users\정세린\Desktop\capstone_classicfy\ATEPP_dataset\ATEPP-1.2\Franz_Schubert\Piano_Sonata_No.13_in_A,_D.664\2._Andante\musicxml_cleaned.musicxml.midi",03999,04002,8.881784197001252e-16,1550
872,"872::C:\Users\정세린\Desktop\capstone_classicfy\ATEPP_dataset\ATEPP-1.2\Franz_Schubert\Piano_Sonata_No.13_in_A,_D.664\2._Andante\musicxml_cleaned.musicxml.midi",03999,04003,1.7763568394002505e-15,1544
872,"872::C:\Users\정세린\Desktop\capstone_classicfy\ATEPP_dataset\ATEPP-1.2\Franz_Schubert\Piano_Sonata_No.13_in_A,_D.664\2._Andante\musicxml_cleaned.musicxml.midi",03999,04004,8.881784197001252e-16,1548
872,"872::C:\Users\정세린\Desktop\capstone_classicfy\ATEPP_dataset\ATEPP-1.2\Franz_Schubert\Piano_Sonata_No.13_in_A,_D.664\2._Andante\musicxml_cleaned.musicxml.midi",03999,04005,1.7763568394002505e-15,1548
872,"872::C:\Users\정세린\Desktop\capstone_classicfy\ATEPP_dataset\ATEPP-1.2\Franz_Schubert\Piano_Sonata_No.13_in_A,_D.664\2._Andante\musicxml_cleaned.musicxml.midi",03999,04006,8.881784197001252e-16,1544
872,"872::C:\Users\정세린\Desktop\capstone_classicfy\ATEPP_dataset\ATEPP-1.2\Franz_Schubert\Piano_Sonata_No.13_in_A,_D.664\2._Andante\musicxml_cleaned.musicxml.midi",03999,04007,8.881784197001252e-16,1550
872,"872::C:\Users\정세린\Desktop\capstone_classicfy\ATEPP_dataset\ATEPP-1.2\Franz_Schubert\Piano_Sonata_No.13_in_A,_D.664\2._Andante\musicxml_cleaned.musicxml.midi",03999,04008,4.440892098500626e-16,1550
872,"872::C:\Users\정세린\Desktop\capstone_classicfy\ATEPP_dataset\ATEPP-1.2\Franz_Schubert\Piano_Sonata_No.13_in_A,_D.664\2._Andante\musicxml_cleaned.musicxml.midi",03999,04009,1.7763568394002505e-15,1548
872,"872::C:\Users\정세린\Desktop\capstone_classicfy\ATEPP_dataset\ATEPP-1.2\Franz_Schubert\Piano_Sonata_No.13_in_A,_D.664\2._Andante\musicxml_cleaned.musicxml.midi",03999,04010,1.7763568394002505e-15,1548
872,"872::C:\Users\정세린\Desktop\capstone_classicfy\ATEPP_dataset\ATEPP-1.2\Franz_Schubert\Piano_Sonata_No.13_in_A,_D.664\2._Andante\musicxml_cleaned.musicxml.midi",03999,04011,8.881784197001252e-16,1548
885,"885::C:\Users\정세린\Desktop\capstone_classicfy\ATEPP_dataset\ATEPP-1.2\Franz_Schubert\Piano_Sonata_No.18_in_G,_D.894\2._Andante\musicxml_cleaned.musicxml.midi",04189,04190,8.881784197001252e-16,1875
885,"885::C:\Users\정세린\Desktop\capstone_classicfy\ATEPP_dataset\ATEPP-1.2\Franz_Schubert\Piano_Sonata_No.18_in_G,_D.894\2._Andante\musicxml_cleaned.musicxml.midi",04189,04191,2.220446049250313e-16,1879
885,"885::C:\Users\정세린\Desktop\capstone_classicfy\ATEPP_dataset\ATEPP-1.2\Franz_Schubert\Piano_Sonata_No.18_in_G,_D.894\2._Andante\musicxml_cleaned.musicxml.midi",04189,04192,4.440892098500626e-16,1879
885,"885::C:\Users\정세린\Desktop\capstone_classicfy\ATEPP_dataset\ATEPP-1.2\Franz_Schubert\Piano_Sonata_No.18_in_G,_D.894\2._Andante\musicxml_cleaned.musicxml.midi",04189,04193,1.7763568394002505e-15,1879
885,"885::C:\Users\정세린\Desktop\capstone_classicfy\ATEPP_dataset\ATEPP-1.2\Franz_Schubert\Piano_Sonata_No.18_in_G,_D.894\2._Andante\musicxml_cleaned.musicxml.midi",04189,04195,8.881784197001252e-16,1879
887,"887::C:\Users\정세린\Desktop\capstone_classicfy\ATEPP_dataset\ATEPP-1.2\Franz_Schubert\Piano_Sonata_No.18_in_G,_D.894\1._Molto_moderato_e_cantabile\musicxml_cleaned.musicxml.midi",04208,04209,8.881784197001252e-16,7109
887,"887::C:\Users\정세린\Desktop\capstone_classicfy\ATEPP_dataset\ATEPP-1.2\Franz_Schubert\Piano_Sonata_No.18_in_G,_D.894\1._Molto_moderato_e_cantabile\musicxml_cleaned.musicxml.midi",04208,04210,4.440892098500626e-16,7106
887,"887::C:\Users\정세린\Desktop\capstone_classicfy\ATEPP_dataset\ATEPP-1.2\Franz_Schubert\Piano_Sonata_No.18_in_G,_D.894\1._Molto_moderato_e_cantabile\musicxml_cleaned.musicxml.midi",04208,04211,4.440892098500626e-16,7104
887,"887::C:\Users\정세린\Desktop\capstone_classicfy\ATEPP_dataset\ATEPP-1.2\Franz_Schubert\Piano_Sonata_No.18_in_G,_D.894\1._Molto_moderato_e_cantabile\musicxml_cleaned.musicxml.midi",04208,04212,8.881784197001252e-16,7100
887,"887::C:\Users\정세린\Desktop\capstone_classicfy\ATEPP_dataset\ATEPP-1.2\Franz_Schubert\Piano_Sonata_No.18_in_G,_D.894\1._Molto_moderato_e_cantabile\musicxml_cleaned.musicxml.midi",04208,04213,4.440892098500626e-16,7100
887,"887::C:\Users\정세린\Desktop\capstone_classicfy\ATEPP_dataset\ATEPP-1.2\Franz_Schubert\Piano_Sonata_No.18_in_G,_D.894\1._Molto_moderato_e_cantabile\musicxml_cleaned.musicxml.midi",04208,04214,4.440892098500626e-16,7109
910,"910::C:\Users\정세린\Desktop\capstone_classicfy\ATEPP_dataset\ATEPP-1.2\Franz_Schubert\4_Impromptus,_Op._90,_D._899\1._Allegro_molto_moderato\musicxml_cleaned.musicxml.midi",04322,04323,4.440892098500626e-16,5607
910,"910::C:\Users\정세린\Desktop\capstone_classicfy\ATEPP_dataset\ATEPP-1.2\Franz_Schubert\4_Impromptus,_Op._90,_D._899\1._Allegro_molto_moderato\musicxml_cleaned.musicxml.midi",04322,04324,4.440892098500626e-16,5613
910,"910::C:\Users\정세린\Desktop\capstone_classicfy\ATEPP_dataset\ATEPP-1.2\Franz_Schubert\4_Impromptus,_Op._90,_D._899\1._Allegro_molto_moderato\musicxml_cleaned.musicxml.midi",04322,04325,4.440892098500626e-16,5617
910,"910::C:\Users\정세린\Desktop\capstone_classicfy\ATEPP_dataset\ATEPP-1.2\Franz_Schubert\4_Impromptus,_Op._90,_D._899\1._Allegro_molto_moderato\musicxml_cleaned.musicxml.midi",04322,04326,4.440892098500626e-16,5616
910,"910::C:\Users\정세린\Desktop\capstone_classicfy\ATEPP_dataset\ATEPP-1.2\Franz_Schubert\4_Impromptus,_Op._90,_D._899\1._Allegro_molto_moderato\musicxml_cleaned.musicxml.midi",04322,04327,8.881784197001252e-16,5614
910,"910::C:\Users\정세린\Desktop\capstone_classicfy\ATEPP_dataset\ATEPP-1.2\Franz_Schubert\4_Impromptus,_Op._90,_D._899\1._Allegro_molto_moderato\musicxml_cleaned.musicxml.midi",04322,04328,4.440892098500626e-16,5606
910,"910::C:\Users\정세린\Desktop\capstone_classicfy\ATEPP_dataset\ATEPP-1.2\Franz_Schubert\4_Impromptus,_Op._90,_D._899\1._Allegro_molto_moderato\musicxml_cleaned.musicxml.midi",04322,04329,1.7763568394002505e-15,5601
910,"910::C:\Users\정세린\Desktop\capstone_classicfy\ATEPP_dataset\ATEPP-1.2\Franz_Schubert\4_Impromptus,_Op._90,_D._899\1._Allegro_molto_moderato\musicxml_cleaned.musicxml.midi",04322,04330,4.440892098500626e-16,5588
910,"910::C:\Users\정세린\Desktop\capstone_classicfy\ATEPP_dataset\ATEPP-1.2\Franz_Schubert\4_Impromptus,_Op._90,_D._899\1._Allegro_molto_moderato\musicxml_cleaned.musicxml.midi",04322,04331,4.440892098500626e-16,5611
910,"910::C:\Users\정세린\Desktop\capstone_classicfy\ATEPP_dataset\ATEPP-1.2\Franz_Schubert\4_Impromptus,_Op._90,_D._899\1._Allegro_molto_moderato\musicxml_cleaned.musicxml.midi",04322,04332,4.440892098500626e-16,5596
910,"910::C:\Users\정세린\Desktop\capstone_classicfy\ATEPP_dataset\ATEPP-1.2\Franz_Schubert\4_Impromptus,_Op._90,_D._899\1._Allegro_molto_moderato\musicxml_cleaned.musicxml.midi",04322,04334,4.440892098500626e-16,5607
910,"910::C:\Users\정세린\Desktop\capstone_classicfy\ATEPP_dataset\ATEPP-1.2\Franz_Schubert\4_Impromptus,_Op._90,_D._899\1._Allegro_molto_moderato\musicxml_cleaned.musicxml.midi",04322,04335,4.440892098500626e-16,5605
910,"910::C:\Users\정세린\Desktop\capstone_classicfy\ATEPP_dataset\ATEPP-1.2\Franz_Schubert\4_Impromptus,_Op._90,_D._899\1._Allegro_molto_moderato\musicxml_cleaned.musicxml.midi",04322,04336,8.881784197001252e-16,5610
912,"912::C:\Users\정세린\Desktop\capstone_classicfy\ATEPP_dataset\ATEPP-1.2\Franz_Schubert\4_Impromptus,_Op._90,_D._899\4._Allegretto\musicxml_cleaned.musicxml.midi",04338,04339,4.440892098500626e-16,6851
912,"912::C:\Users\정세린\Desktop\capstone_classicfy\ATEPP_dataset\ATEPP-1.2\Franz_Schubert\4_Impromptus,_Op._90,_D._899\4._Allegretto\musicxml_cleaned.musicxml.midi",04338,04340,8.881784197001252e-16,6851
912,"912::C:\Users\정세린\Desktop\capstone_classicfy\ATEPP_dataset\ATEPP-1.2\Franz_Schubert\4_Impromptus,_Op._90,_D._899\4._Allegretto\musicxml_cleaned.musicxml.midi",04338,04341,8.881784197001252e-16,6853
912,"912::C:\Users\정세린\Desktop\capstone_classicfy\ATEPP_dataset\ATEPP-1.2\Franz_Schubert\4_Impromptus,_Op._90,_D._899\4._Allegretto\musicxml_cleaned.musicxml.midi",04338,04342,4.440892098500626e-16,6855
912,"912::C:\Users\정세린\Desktop\capstone_classicfy\ATEPP_dataset\ATEPP-1.2\Franz_Schubert\4_Impromptus,_Op._90,_D._899\4._Allegretto\musicxml_cleaned.musicxml.midi",04338,04343,8.881784197001252e-16,6853
912,"912::C:\Users\정세린\Desktop\capstone_classicfy\ATEPP_dataset\ATEPP-1.2\Franz_Schubert\4_Impromptus,_Op._90,_D._899\4._Allegretto\musicxml_cleaned.musicxml.midi",04338,04344,4.440892098500626e-16,6855
912,"912::C:\Users\정세린\Desktop\capstone_classicfy\ATEPP_dataset\ATEPP-1.2\Franz_Schubert\4_Impromptus,_Op._90,_D._899\4._Allegretto\musicxml_cleaned.musicxml.midi",04338,04345,8.881784197001252e-16,6851
912,"912::C:\Users\정세린\Desktop\capstone_classicfy\ATEPP_dataset\ATEPP-1.2\Franz_Schubert\4_Impromptus,_Op._90,_D._899\4._Allegretto\musicxml_cleaned.musicxml.midi",04338,04346,4.440892098500626e-16,6855
912,"912::C:\Users\정세린\Desktop\capstone_classicfy\ATEPP_dataset\ATEPP-1.2\Franz_Schubert\4_Impromptus,_Op._90,_D._899\4._Allegretto\musicxml_cleaned.musicxml.midi",04338,04347,4.440892098500626e-16,6845
912,"912::C:\Users\정세린\Desktop\capstone_classicfy\ATEPP_dataset\ATEPP-1.2\Franz_Schubert\4_Impromptus,_Op._90,_D._899\4._Allegretto\musicxml_cleaned.musicxml.midi",04338,04348,8.881784197001252e-16,6851
918,"918::C:\Users\정세린\Desktop\capstone_classicfy\ATEPP_dataset\ATEPP-1.2\Franz_Schubert\4_Impromptus_Op.142,_D.935\No.1_in_F_minor__Allegro_moderato\musicxml_cleaned.musicxml.midi",04393,04394,1.1102230246251565e-16,6935
918,"918::C:\Users\정세린\Desktop\capstone_classicfy\ATEPP_dataset\ATEPP-1.2\Franz_Schubert\4_Impromptus_Op.142,_D.935\No.1_in_F_minor__Allegro_moderato\musicxml_cleaned.musicxml.midi",04393,04395,8.881784197001252e-16,6935
918,"918::C:\Users\정세린\Desktop\capstone_classicfy\ATEPP_dataset\ATEPP-1.2\Franz_Schubert\4_Impromptus_Op.142,_D.935\No.1_in_F_minor__Allegro_moderato\musicxml_cleaned.musicxml.midi",04393,04396,4.440892098500626e-16,6935
918,"918::C:\Users\정세린\Desktop\capstone_classicfy\ATEPP_dataset\ATEPP-1.2\Franz_Schubert\4_Impromptus_Op.142,_D.935\No.1_in_F_minor__Allegro_moderato\musicxml_cleaned.musicxml.midi",04393,04398,8.881784197001252e-16,6935
918,"918::C:\Users\정세린\Desktop\capstone_classicfy\ATEPP_dataset\ATEPP-1.2\Franz_Schubert\4_Impromptus_Op.142,_D.935\No.1_in_F_minor__Allegro_moderato\musicxml_cleaned.musicxml.midi",04393,04400,4.440892098500626e-16,6935
918,"918::C:\Users\정세린\Desktop\capstone_classicfy\ATEPP_dataset\ATEPP-1.2\Franz_Schubert\4_Impromptus_Op.142,_D.935\No.1_in_F_minor__Allegro_moderato\musicxml_cleaned.musicxml.midi",04393,04401,4.440892098500626e-16,6935
918,"918::C:\Users\정세린\Desktop\capstone_classicfy\ATEPP_dataset\ATEPP-1.2\Franz_Schubert\4_Impromptus_Op.142,_D.935\No.1_in_F_minor__Allegro_moderato\musicxml_cleaned.musicxml.midi",04393,04402,8.881784197001252e-16,6931
918,"918::C:\Users\정세린\Desktop\capstone_classicfy\ATEPP_dataset\ATEPP-1.2\Franz_Schubert\4_Impromptus_Op.142,_D.935\No.1_in_F_minor__Allegro_moderato\musicxml_cleaned.musicxml.midi",04393,04403,4.440892098500626e-16,6935
918,"918::C:\Users\정세린\Desktop\capstone_classicfy\ATEPP_dataset\ATEPP-1.2\Franz_Schubert\4_Impromptus_Op.142,_D.935\No.1_in_F_minor__Allegro_moderato\musicxml_cleaned.musicxml.midi",04393,04404,2.220446049250313e-16,6935
918,"918::C:\Users\정세린\Desktop\capstone_classicfy\ATEPP_dataset\ATEPP-1.2\Franz_Schubert\4_Impromptus_Op.142,_D.935\No.1_in_F_minor__Allegro_moderato\musicxml_cleaned.musicxml.midi",04393,04407,8.881784197001252e-16,6931
918,"918::C:\Users\정세린\Desktop\capstone_classicfy\ATEPP_dataset\ATEPP-1.2\Franz_Schubert\4_Impromptus_Op.142,_D.935\No.1_in_F_minor__Allegro_moderato\musicxml_cleaned.musicxml.midi",04393,04408,4.440892098500626e-16,6935
918,"918::C:\Users\정세린\Desktop\capstone_classicfy\ATEPP_dataset\ATEPP-1.2\Franz_Schubert\4_Impromptus_Op.142,_D.935\No.1_in_F_minor__Allegro_moderato\musicxml_cleaned.musicxml.midi",04393,04409,4.440892098500626e-16,6935
94,"94::C:\Users\정세린\Desktop\capstone_classicfy\ATEPP_dataset\ATEPP-1.2\Sergei_Rachmaninoff\9_Etudes-Tableaux,_Op.33\No.3_(Op.posth.)_in_C_Minor\Etudes_Tableaux_-_Opus_33_No._3.mxl.midi",00300,00301,1.1102230246251565e-16,1291
94,"94::C:\Users\정세린\Desktop\capstone_classicfy\ATEPP_dataset\ATEPP-1.2\Sergei_Rachmaninoff\9_Etudes-Tableaux,_Op.33\No.3_(Op.posth.)_in_C_Minor\Etudes_Tableaux_-_Opus_33_No._3.mxl.midi",00300,00302,1.1102230246251565e-16,1291
96,"96::C:\Users\정세린\Desktop\capstone_classicfy\ATEPP_dataset\ATEPP-1.2\Franz_Liszt\10_Harmonies_poe╠ütiques_et_religieuses,_S.173\No._7._Funerailles\Liszt_-_Funerailles.mxl.midi",00307,00308,8.881784197001252e-16,5221
96,"96::C:\Users\정세린\Desktop\capstone_classicfy\ATEPP_dataset\ATEPP-1.2\Franz_Liszt\10_Harmonies_poe╠ütiques_et_religieuses,_S.173\No._7._Funerailles\Liszt_-_Funerailles.mxl.midi",00307,00309,8.881784197001252e-16,5254
96,"96::C:\Users\정세린\Desktop\capstone_classicfy\ATEPP_dataset\ATEPP-1.2\Franz_Liszt\10_Harmonies_poe╠ütiques_et_religieuses,_S.173\No._7._Funerailles\Liszt_-_Funerailles.mxl.midi",00307,00310,8.881784197001252e-16,5252
96,"96::C:\Users\정세린\Desktop\capstone_classicfy\ATEPP_dataset\ATEPP-1.2\Franz_Liszt\10_Harmonies_poe╠ütiques_et_religieuses,_S.173\No._7._Funerailles\Liszt_-_Funerailles.mxl.midi",00307,00312,8.881784197001252e-16,5250
96,"96::C:\Users\정세린\Desktop\capstone_classicfy\ATEPP_dataset\ATEPP-1.2\Franz_Liszt\10_Harmonies_poe╠ütiques_et_religieuses,_S.173\No._7._Funerailles\Liszt_-_Funerailles.mxl.midi",00307,00313,4.440892098500626e-16,5249
96,"96::C:\Users\정세린\Desktop\capstone_classicfy\ATEPP_dataset\ATEPP-1.2\Franz_Liszt\10_Harmonies_poe╠ütiques_et_religieuses,_S.173\No._7._Funerailles\Liszt_-_Funerailles.mxl.midi",00307,00314,8.881784197001252e-16,5251
96,"96::C:\Users\정세린\Desktop\capstone_classicfy\ATEPP_dataset\ATEPP-1.2\Franz_Liszt\10_Harmonies_poe╠ütiques_et_religieuses,_S.173\No._7._Funerailles\Liszt_-_Funerailles.mxl.midi",00307,00315,8.881784197001252e-16,5252
98,"98::C:\Users\정세린\Desktop\capstone_classicfy\ATEPP_dataset\ATEPP-1.2\Franz_Liszt\3_Etudes_de_concert,_S._144\No._3_in_D_Flat__Un_sospiro_\Liszt_-_Trois_Etudes_de_Concert_No._3_Un_Sospiro.mxl.midi",00322,00323,4.440892098500626e-16,2481
99,"99::C:\Users\정세린\Desktop\capstone_classicfy\ATEPP_dataset\ATEPP-1.2\Franz_Liszt\3_Etudes_de_concert,_S._144\No._2_in_F_Minor\Liszt_-_Trois_Etudes_de_Concert_No._2_La_Leggierezza.mxl.midi",00329,00330,4.440892098500626e-16,2702
99,"99::C:\Users\정세린\Desktop\capstone_classicfy\ATEPP_dataset\ATEPP-1.2\Franz_Liszt\3_Etudes_de_concert,_S._144\No._2_in_F_Minor\Liszt_-_Trois_Etudes_de_Concert_No._2_La_Leggierezza.mxl.midi",00329,00331,2.220446049250313e-16,2702
99,"99::C:\Users\정세린\Desktop\capstone_classicfy\ATEPP_dataset\ATEPP-1.2\Franz_Liszt\3_Etudes_de_concert,_S._144\No._2_in_F_Minor\Liszt_-_Trois_Etudes_de_Concert_No._2_La_Leggierezza.mxl.midi",00329,00332,2.220446049250313e-16,2702
9,"9::C:\Users\정세린\Desktop\capstone_classicfy\ATEPP_dataset\ATEPP-1.2\Sergei_Rachmaninoff\13_Preludes,_Op._32\No._10_in_B_Minor__Lento\musicxml_cleaned.musicxml.midi",00048,00049,4.440892098500626e-16,1753
9,"9::C:\Users\정세린\Desktop\capstone_classicfy\ATEPP_dataset\ATEPP-1.2\Sergei_Rachmaninoff\13_Preludes,_Op._32\No._10_in_B_Minor__Lento\musicxml_cleaned.musicxml.midi",00048,00050,4.440892098500626e-16,1747
9,"9::C:\Users\정세린\Desktop\capstone_classicfy\ATEPP_dataset\ATEPP-1.2\Sergei_Rachmaninoff\13_Preludes,_Op._32\No._10_in_B_Minor__Lento\musicxml_cleaned.musicxml.midi",00048,00051,8.881784197001252e-16,1745
9,"9::C:\Users\정세린\Desktop\capstone_classicfy\ATEPP_dataset\ATEPP-1.2\Sergei_Rachmaninoff\13_Preludes,_Op._32\No._10_in_B_Minor__Lento\musicxml_cleaned.musicxml.midi",00048,00052,4.440892098500626e-16,1745
9,"9::C:\Users\정세린\Desktop\capstone_classicfy\ATEPP_dataset\ATEPP-1.2\Sergei_Rachmaninoff\13_Preludes,_Op._32\No._10_in_B_Minor__Lento\musicxml_cleaned.musicxml.midi",00048,00053,4.440892098500626e-16,1741
9,"9::C:\Users\정세린\Desktop\capstone_classicfy\ATEPP_dataset\ATEPP-1.2\Sergei_Rachmaninoff\13_Preludes,_Op._32\No._10_in_B_Minor__Lento\musicxml_cleaned.musicxml.midi",00048,00054,8.881784197001252e-16,1745
